trial_1,trial_2,trial_3,trial_4,trial_5,trial_6,trial_7,trial_8,trial_9,trial_10,trial_11,trial_12,trial_13,trial_14,trial_15,trial_16,trial_17,trial_18,trial_19,trial_20,trial_21,trial_22,trial_23,trial_24,trial_25
108395537892.02452,65656367581.20376,123334404508.5668,53121996055.36092,103496592280.07535,76902711819.72826,73094094612.0066,104492159486.5622,37556024117.30559,112145722474.59174,116176716467.64175,90116170033.19911,101427908763.88464,125896991396.0924,85112745216.41545,94571705384.6023,112802137267.6679,71391927491.64954,128131707424.48395,88999083874.37552,96108833926.89906,77043577101.99956,108456433712.05496,84311015357.01173,114724004726.23831
86948135280.08928,42861091042.05152,109129883406.6871,42961803212.17268,68940901726.18422,49077779354.32145,42059510873.91369,55887000235.60293,29714987901.8234,73656266732.08661,86180546620.24449,81591222949.37466,75052526713.23732,85148061019.9091,81251759178.21465,51941833048.69227,103922914173.58528,56894903714.730125,71371237280.61589,64421037330.15971,72042961949.6115,48596096599.813484,63451125490.948,84311015357.01173,70072589862.8794
69681527311.81728,34475323014.512825,99273740279.98288,24395185519.81462,59291646794.45868,49077779354.32145,39642188662.65998,54894874538.3844,24971993219.345715,55123164783.28141,60913475264.80497,64946622354.07912,54577507846.98939,77999441751.4589,63849005868.23455,45847136709.742226,89654967779.71037,55337533800.87299,61030275300.03928,51173222555.07298,69476803560.56126,41582532334.64559,54445076194.99542,66914818701.74075,48169537240.55694
62242132411.21797,30944569294.6233,87962774925.11316,24395185519.81462,53430380304.04423,37864998457.512474,39642188662.65998,54570814616.037285,16225365984.257673,53509355738.39617,57554722444.48602,61475583939.222534,45510851668.59072,68554622638.17326,54659047580.62939,42280961233.36767,87418482819.45627,45311094743.29505,52728861025.53705,41192713816.26287,69071340449.12982,34908364632.47162,52207895939.86022,53821472537.735596,47397644123.55585
56739396566.507065,29823171651.738342,84491141821.63126,23584892386.112926,52012921689.67675,37617319966.9183,39642188662.65998,53846747867.95466,15934259062.628414,50418884852.691956,56996668418.52507,52598320444.99141,40188177271.496216,66230541191.08916,53981658139.03359,41449602025.939995,82115230335.00967,45311094743.29505,52728861025.53705,35886257894.77274,67275604655.11682,33052193962.097507,50708183108.039185,53533433370.6779,43792046175.03235
55723273330.31405,28716654048.012367,81983399936.92842,23080076513.048603,50427631983.22974,37183356873.7103,37548219369.124535,53549710038.05342,15591731210.941498,50418884852.691956,56416692314.522644,52158688766.48912,40049046673.01302,63532701832.55753,53788045724.002106,40690885256.91128,81259074589.08086,45311094743.29505,51836839071.958984,35886257894.77274,66382683920.54212,32325498244.94103,50473602423.05011,53506923976.28765,43042308637.00183
54062785754.53388,28684257536.487076,79319157910.89404,22928271442.996376,48762300342.645744,36923296337.01259,37409692008.97025,53431216971.833694,15574124341.66239,47103892062.85694,51324205683.61992,51395060892.77987,39964863573.74966,63157698963.421555,53765744759.85611,39706791868.06137,80336125346.18668,42815698047.73292,43407245354.80673,35804043314.16296,64545925950.13624,27593081620.06983,50112716071.92972,52750918239.37576,40683117489.006195
51793521620.35645,28009125967.90628,78126942580.97455,22058439181.849697,45130248179.718704,36060922976.538574,34995106616.81951,52890440751.20864,15450327098.050539,46436232742.47912,49522231017.82707,47506480799.56072,36489072435.43846,63156649379.88603,53737377383.323784,39544603868.99716,78365492440.0766,41850592995.513016,42397217005.83269,33359960530.30874,62942622048.09905,26302197157.03634,50094513253.96726,51177086006.058975,37243629844.14064
51643421395.45848,26957300856.05615,75415333085.694,20820275231.7508,43693959057.98687,35586554335.169266,34350081526.077103,52510017657.34249,15221997373.961718,44041144213.42621,47901482811.16368,47083901089.04972,35992134257.84014,59126876588.94385,53528924182.16872,39458647175.05218,73224045316.35606,41833894070.661766,42313689217.605804,31126697782.507057,62614031757.81424,25609374156.216846,49755018782.984604,49817731280.19734,34762441583.698715
51055597973.98797,26482006466.319492,70810659849.28188,20016367387.355125,42850487804.24779,35392224315.95417,33819163577.2584,52493564429.511826,14995431237.742191,43056495232.08589,47378772768.8632,46242591860.08059,35962605073.79582,56740926508.03556,53167693406.14383,39458647175.05218,72337205105.99638,40476524332.424255,37938755920.41901,29247163138.62902,62543081757.63087,24280852583.53861,49265605133.83185,48242213292.91435,34762441583.698715
48915745968.7838,26482006466.319492,69584109277.48302,19955365735.09241,41786923714.322395,34957014559.04998,33719325918.97181,51987147477.41931,14736181242.75789,42857047037.1027,46704086982.715096,43734166905.52983,35448817535.45555,56740926508.03556,53121545602.03593,39283844070.56103,72327175753.94014,39724764089.851425,36788839179.85534,29159600659.895428,61354003258.69193,19817601881.321026,48865374290.53669,48033521733.51819,31173745643.316273
48589525097.90348,26447651834.638126,67619967161.32523,19874819149.913227,41700918205.32651,34946558978.380615,33719325918.97181,51863081956.41245,14736181242.75789,40539459096.72132,43564878264.33055,43288707398.26422,35312388106.68441,56024288314.079285,53121298284.89658,39190934541.74869,70434457236.85074,39709199991.05919,36586414691.40547,26728893435.377445,61318647754.501144,18988854798.93235,48843426099.592026,48024320356.67794,30657470485.56203
48314789468.22956,26444627440.978905,65695468664.55117,19866386713.83826,41296450596.6392,34942636926.68091,33577257809.170036,51863081956.41245,14722931127.19583,40111295872.20381,42416626746.59792,42250558932.65184,34939629928.4544,55327532622.09189,53115547595.03266,39120054722.610344,67702260648.48194,38980438820.271454,36578456577.77076,26488314951.104816,60642979116.45635,18988854798.93235,48761818814.86114,47940808387.081505,29789720940.81727
48210641980.41228,26417065010.688225,64655543598.98327,19866386713.83826,40466509922.543945,34941901551.14804,33560966562.652946,51832048236.16766,14722931127.19583,40106454100.637764,42416626746.59792,42042548778.18958,34916523462.30244,54141580873.38047,53114596893.855156,39119714200.94013,65781122803.09893,38829891278.747635,34786316484.49166,26392712653.034203,60592479106.79663,17493731094.07951,48761818814.86114,47851008056.02751,28994284237.896168
48198020571.83028,26412019780.655922,63225795192.63807,19860325988.527634,39396339412.401634,34881290590.30482,33557906481.54139,51829400848.569916,14722291725.455502,39413220882.04807,42203788176.5369,41834238379.790146,34910566536.43921,53809888620.423134,53111765970.18455,39114771849.54791,63023794208.66224,38740645203.70997,34555128564.900154,25897134568.746914,60569792490.34345,16323208610.44168,48749461465.845726,47836981064.471985,28318628326.229923
48157093249.09829,26397636952.748215,61904786194.979935,19854363785.1833,39396339412.401634,34842016146.377464,33530640251.31085,51825765927.92292,14722001181.69785,39301748527.739494,41604827803.34259,41212604553.22498,34910566536.43921,53547397339.3502,53110915829.81386,39113081767.56164,62383493107.28184,38740645203.70997,34449108399.101234,25883530307.331024,60552981940.169685,16114507287.076962,48677984618.25117,47699456621.72567,26733184212.227283
48149052210.752014,26396360438.398598,61849270407.416626,19851437689.63077,39291320739.54382,34836436067.71749,33529590184.92208,51799756825.778984,14721702896.276037,39141445568.85531,41570153422.68624,41102051386.14812,34908271383.78828,53441186081.31644,53110422945.855095,39113081767.56164,62084077338.93516,38725550437.7223,34383435106.56542,25883530307.331024,60381974828.73064,15936202212.657104,48677180478.24477,47611634038.90878,26582337191.81641
48149052210.752014,26395284191.81235,61112417330.48891,19849530293.863293,39291320739.54382,34835483515.00262,33528343060.099247,51783842048.0013,14721290479.979801,39141445568.85531,41406660029.17493,41005517646.08784,34906719912.256226,53121378763.594284,53110312586.964714,39112862962.890396,61974579049.578674,38707239758.95091,34361234060.82725,25849833028.491978,60314382097.81458,15859329517.687828,48672205818.28926,47586014523.87315,26364015356.559654
48148587080.524925,26395284191.81235,61011935970.33619,19848065267.774227,39274284593.27135,34835267269.745316,33523535384.560127,51772265250.74333,14721185965.811684,39141445568.85531,41377572735.4308,41005517646.08784,34886998372.79378,53110520494.51235,53110309019.784096,39093657195.624985,60820081669.24686,38701712008.231834,34355109041.47802,25847828665.772903,60282335912.61862,15830810392.632706,48671898001.58149,47586014523.87315,26350688662.719276
48142875891.593094,26395121376.208908,60979134391.44408,19847427150.3857,39274284593.27135,34834910028.7152,33523275522.196396,51766381573.34003,14721156660.724794,39073057160.83544,41334283912.23891,40969780788.11825,34879347883.98675,53060181029.4184,53110258193.37918,39092567926.28097,60564808929.36009,38697873792.006165,34353021256.14357,25839647057.26356,60262918850.79927,15830810392.632706,48671440540.32906,47584347480.80879,26168986137.08089
48139612210.54854,26395014000.326935,60710102565.29934,19847124157.62925,39265521573.04388,34834113591.44506,33523231382.541653,51765035727.95046,14721156660.724794,39060699658.611275,41322934839.58912,40963441598.767426,34879076076.56729,53024082999.056335,53110251828.06784,39092465229.35969,60313101546.30114,38695942319.26344,34346826971.453182,25826204747.290646,60258514685.28737,15813785894.058876,48670942138.48518,47582167594.87669,26161471362.934902
48139122524.804405,26394986971.12809,60662753558.367195,19846727247.460945,39262532390.60854,34834088135.27234,33517599903.374317,51764282195.14629,14721143223.071732,39060635338.98759,41176800260.31643,40955362009.252426,34878650316.583405,53008635604.26952,53110251065.96448,39092278520.261345,60286225843.63552,38695942319.26344,34343629310.13411,25821370212.77293,60252028855.18366,15800988388.022518,48670698551.0117,47581589313.39777,26160634868.880413
48138851591.03801,26394948126.63149,60652102849.41131,19846584958.607365,39261746532.76299,34833160809.896065,33516648305.154156,51763884512.37859,14721143223.071732,39059299287.380806,41166202840.63906,40950929522.61878,34878566350.57768,53008630485.943756,53110124962.92708,39092261715.4244,60279630863.0904,38691336750.86041,34343391272.496998,25819338190.404793,60250691762.38317,15793242234.750978,48670689953.39157,47580578734.22214,26149318240.32951
48138848728.962296,26394921856.278656,60652102849.41131,19846539301.1748,39231162874.58384,34832952185.55489,33516485487.67543,51763855579.89221,14721138305.55079,39057283100.95116,41165028917.51547,40948543046.59602,34878551763.91391,53001841803.247635,53109870709.88991,39092240593.395256,60275167239.88795,38690627551.54017,34342708367.9587,25817910778.327984,60248948862.49571,15783879285.20985,48670685113.08162,47579269242.9234,25915039704.087616
48138786118.97758,26394907074.75892,60650580951.74798,19846494147.675446,39226993041.79015,34832871970.64317,33516395225.07994,51763790714.21952,14721136502.358974,39056505738.64941,41164465437.12536,40947909532.76498,34878495526.70952,52998824282.48271,53109870300.340775,39092240593.395256,60275167239.88795,38690302608.8536,34342033298.57849,25816700183.325096,60244705622.21471,15773355934.125015,48670668950.67122,47575310550.368835,25896832603.65862
48138729198.96132,26394895938.608913,60647573577.47559,19846477702.90673,39226437391.04914,34832807663.85722,33516395225.07994,51763578945.67785,14721134670.016537,39056505738.64941,41164235619.36683,40944792319.17448,34878479684.11405,52996596607.51177,53109868130.060165,39092240593.395256,60273809166.94336,38689877785.7656,34338076550.091724,25815981579.776413,60242385150.17868,15743334641.413046,48670660193.7857,47575310550.368835,25894313229.936554
48138718178.02782,26394889111.233154,60645955258.82804,19846461436.476944,39226176947.681595,34832785294.56056,33515272501.83418,51763578945.67785,14721134670.016537,39056491110.29236,41163839946.21257,40940183896.46296,34878224359.725555,52994738170.63535,53109867546.23767,39092240593.395256,60267897660.472115,38689872918.59075,34337595520.80909,25815603530.89784,60237568434.69622,15743118184.34341,48670659084.89883,47574598344.993614,25888327364.84833
48138699975.949425,26394884959.034725,60636423988.21861,19846454237.37721,39225939518.97651,34832785294.56056,33515270723.667114,51763566030.45054,14721134528.188728,39056238758.12002,41160927228.37279,40939354879.48857,34878161412.74687,52991725354.23457,53109866834.47253,39092240083.21684,60267455765.3167,38689842678.35312,34337418068.916622,25815206891.852962,60236659347.29603,15740022268.846964,48670656840.846985,47574473831.90226,25884657433.86782
48138683046.188324,26394883335.216946,60625347962.18101,19846449124.1703,39225191760.45846,34832785294.56056,33515268698.521175,51763557721.61663,14721134393.110828,39056143530.97618,41160248977.283104,40938533491.178535,34878107853.840164,52975413485.89231,53109865729.968704,39092239642.1142,60266803984.53876,38689821599.00929,34337365418.01209,25815072446.953007,60236507808.92667,15738490064.491627,48670654635.40682,47574292169.485245,25882632819.70536
48138676079.27722,26394882333.8839,60622852160.69124,19846445867.684776,39225098134.00812,34832780672.79915,33515265900.03992,51763555812.76007,14721134300.514002,39056109503.0149,41160241825.439804,40938533491.178535,34878107853.840164,52971192113.065315,53109865553.91202,39092239639.07418,60266549006.23913,38689816532.06112,34337313830.13902,25810564454.995308,60236373918.257774,15737778613.875517,48670653466.96181,47574172201.807434,25882061962.218678
48138670269.36088,26394882333.8839,60622677657.92728,19846444610.52463,39224971624.45869,34832777003.9171,33515264487.43416,51763552581.489716,14721134267.016169,39056108565.59185,41160166022.897705,40938308227.450745,34878096728.05918,52967194524.0362,53109865553.91202,39092239536.34104,60266487630.52685,38689811950.54385,34337298224.448036,25810025911.653713,60236310064.036766,15737522515.340216,48670653444.52648,47574146000.03683,25881511994.099346
48138169083.25971,26394881970.359905,60622608826.48483,19846444610.52463,39224927621.867966,34832776099.64367,33515264484.89896,51763551713.85812,14721134210.553757,39056105618.37606,41160128477.39663,40938094430.09471,34878095212.57125,52965368893.26247,53109865499.78247,39092239515.92701,60266412007.01095,38689811243.14745,34337298224.448036,25810025911.653713,60235719215.20642,15737386818.95471,48670653444.52648,47574095832.2628,25881370850.704987
48138149539.00467,26394881575.945694,60621153572.018486,19846239970.487427,39224927621.867966,34832776099.64367,33515264222.294685,51763551457.92465,14721129296.327763,39056100638.64027,41160128477.39663,40937973140.099915,34878094436.82045,52964274470.29202,53109865484.71533,39092239503.74909,60266399797.43913,38689808862.94508,34337296446.473923,25809913910.632008,60235719215.20642,15737386818.95471,48670520728.52083,47573997232.977066,25881271130.361977
48138149539.00467,26394881514.5698,60621090156.21655,19846204853.609703,39224913614.757706,34832775744.080124,33515264074.62837,51763550917.84665,14721126884.099483,39056097754.964455,41160122388.82649,40937938555.97538,34878068635.239235,52964274470.29202,53109865464.73294,39092239494.94448,60266389096.04847,38689807766.76016,34337294628.543568,25809826802.826702,60235694247.29464,15737330489.543808,48670509975.5875,47573995631.0557,25872760649.734856
48138149539.00467,26394881502.008915,60621084885.845726,19846203879.381714,39224780105.11142,34832775566.13746,33515264071.459904,51763550698.90983,14721126858.90992,39056096632.8033,41160118904.60896,40937904364.26695,34878064332.3579,52963998542.47442,53109865459.37634,39092239489.764694,60265958256.64771,38689725667.048355,34337294628.543568,25809826802.826702,60235672084.40925,15737311981.17122,48670509970.96669,47573978847.62872,25866190187.345924
48138149539.00467,26394881459.43945,60621063278.12862,19846203879.381714,39224765520.47669,34832775432.614265,33515264046.271713,51763550698.90983,14721126834.744083,39056095486.522644,41160115134.13209,40937883801.52844,34878030005.06635,52962637281.01597,53109865445.19538,39092239486.53861,60264722482.43558,38689717514.254776,34337293885.327686,25808781606.80411,60235669431.517235,15737311981.17122,48670509950.51201,47573976549.48781,25863703720.632027
48138149435.73533,26394881459.43945,60621046017.509415,19846203794.74786,39224762322.593796,34832775374.54813,33515264036.598663,51763550674.68297,14721126832.447964,39056095486.522644,41160115134.13209,40937619622.562614,34878021569.38855,52962444183.31079,53109865445.19538,39092239485.974884,60264521107.268456,38689716226.39684,34337293885.327686,25808497289.07032,60235666668.712074,15737311981.17122,48670509949.031845,47573974594.178955,25861485726.659466
48138149408.835625,26394881450.671696,60621043541.61065,19846203794.74786,39224760327.550224,34832775369.41291,33515264020.86132,51763550665.08579,14721126827.360332,39056095296.68605,41160115133.267914,40937551327.53802,34878017607.27596,52962386911.83085,53109865445.19538,39092239485.974884,60264486064.431984,38689716079.53159,34337173281.87442,25808486532.316372,60235663952.721794,15737308341.675282,48670509945.45684,47573973312.19715,25861412804.401043
48138149392.44025,26394881446.73732,60620913297.54749,19846203768.840908,39224759436.75588,34832775361.828316,33515264017.533875,51763550647.55664,14721126826.845005,39056094971.39865,41160114822.51481,40937545482.82905,34878017607.27596,52962270760.114105,53109865445.19538,39092239485.73747,60264440421.09991,38689715738.46914,34337064244.210564,25808486532.316372,60235662066.37647,15737307989.858082,48670509943.030045,47573972196.52961,25861389209.496742
48138149392.44025,26394881446.71078,60620909069.995995,19846203767.451042,39224759161.19802,34832775356.97243,33515264013.63435,51763544680.76957,14721126826.32783,39056094879.237144,41160114514.511894,40937545482.34312,34878016124.97504,52962247460.30228,53109865445.19538,39092239485.71008,60264429378.57412,38689715323.42293,34337064244.210564,25808486396.948353,60235661027.07713,15737307516.469364,48670509942.15445,47573972196.52961,25861383762.833546
48138149392.44025,26394881446.081562,60620907855.02689,19846203763.26986,39224759115.71214,34832775355.53637,33515264013.3566,51763535454.756294,14721126826.132307,39056094811.693245,41160114339.2681,40937544485.62196,34878016124.97504,52962238455.49693,53109865445.19362,39092042690.8431,60264416496.045876,38689715163.50533,34337064104.29825,25808486299.953533,60235594387.193665,15737307516.469364,48670509942.15445,47573972184.69667,25861379157.097168
48138149391.520096,26394491986.362675,60620906782.62099,19846203762.11667,39224759005.81438,34832775355.53637,33515264013.3566,51763535454.756294,14721126826.09695,39056094733.91569,41160114244.43814,40937544158.87881,34878015732.187874,52962230010.25057,53109865445.14926,39091939810.88165,60264409963.57589,38689715049.09273,34337064104.29825,25808485945.839832,60235591147.96199,15737307438.739822,48670509942.053024,47573972035.524666,25861378001.283188
48138149389.80491,26394343574.502335,60620906767.37899,19846203760.516228,39224758978.14488,34832775355.14686,33515264012.916946,51763535454.756294,14721126826.069834,39056094733.91569,41160114174.963066,40937543921.61412,34877982813.90026,52962227288.66083,53109865445.13198,39091939810.88165,60264358825.692764,38689715024.33669,34337064102.53373,25808485945.839832,60235591147.96199,15737307406.369457,48670509941.936584,47573971924.7383,25861376606.357853
48138149388.94488,26394343522.85504,60620905866.07057,19846203760.334457,39224758946.323906,34832775355.08111,33515264012.74601,51763535451.64723,14721126826.051716,39055965559.91742,41160114116.786194,40937543855.59069,34877982057.890335,52962225219.77838,53109865445.13015,39091939809.29808,60264353154.61512,38689714998.10901,34337064102.514896,25808485917.42068,60235591132.01164,15737307377.928185,48670509941.910995,47573971829.81728,25861375846.414165
48138149388.151505,26394343421.868885,60620905679.40575,19846203760.122555,39224758930.754234,34832775354.99869,33515264012.677227,51763535448.37829,14721126826.00197,39055964734.5051,41160114089.65612,40937543778.4967,34877982056.24997,52962223753.58332,53109865445.125786,39091939808.88164,60264347730.84142,38689714972.54244,34337064102.514183,25808485917.42068,60235591096.87061,15737218168.150076,48670509941.910995,47573971776.83029,25861375376.47973
48138149388.021095,26394343401.49878,60620905608.243774,19846203759.917606,39224758924.14722,34832775354.91793,33515264012.62655,51763535446.996796,14721126825.999031,39055964714.25806,41160108069.33292,40937543688.668205,34877982042.00202,52962222988.960945,53109865445.12331,39091939808.77061,60264346901.63067,38689714956.207,34337064102.51416,25808485912.03817,60235591090.16547,15737125968.876564,48670509941.89384,47573971739.64829,25861375000.029297
48138149387.84736,26394343401.49878,60620893693.79816,19846203759.888557,39224758918.69443,34832775354.907555,33515264012.573437,51763535446.51457,14721126825.996243,39055964713.95463,41160107284.52662,40937543662.00669,34877982041.81855,52962222768.73362,53109865445.12188,39091939808.77061,60264345793.07359,38689714956.207,34337064102.51414,25808485911.72594,60235591081.034485,15737125765.936363,48670509941.88256,47573971739.64829,25861374832.21662
48138149387.70812,26394343401.494644,60620893236.679726,19846203759.884167,39224758913.16788,34832775354.89037,33515264012.551994,51763535446.32119,14721126825.995922,39055964712.40507,41160107249.75597,40937543655.72221,34877982041.25537,52962222305.65071,53109865445.121445,39091939808.76645,60264345349.92908,38689714954.74196,34337064102.514137,25808485909.629536,60235591079.07411,15737125760.989063,48670509941.87658,47573971739.64829,25861374811.403484
48138149387.61745,26394343401.49433,60620893232.064026,19846203759.86589,39224758911.24086,34832775354.88899,33515264012.53356,51763535446.24769,14721126825.995462,39055964711.03068,41160107249.75597,40937543639.48781,34877982040.76622,52962221967.36481,53109865445.121124,39091939808.76645,60264345019.1889,38689714952.25486,34337064102.514133,25808485909.56663,60235591076.168846,15737125758.863647,48670509941.874084,47573954612.0907,25861374805.08005
48138149387.60025,26394343401.49433,60620893215.91359,19846203759.85843,39224758908.52783,34832775354.88402,33515264012.525116,51763535446.08898,14721126825.995237,39055964711.03068,41160107225.59207,40937543629.39801,34877982040.506294,52962221789.19716,53109865445.120964,39091939808.76645,60264344798.523506,38689714951.82305,34337064102.51413,25808485909.185955,60235591075.12228,15737125758.863647,48670509941.87369,47573944839.56192,25861374758.121574
48138149387.59145,26394343401.494328,60620893203.481926,19846203759.849724,39224758907.92035,34832775354.87964,33515264012.518677,51763535446.08429,14721126825.995178,39055964710.71923,41160107209.82983,40937543623.82797,34877982040.322624,52962221727.72559,53109865445.12082,39091939808.76645,60264344711.07318,38689714951.315575,34337064102.51413,25808485909.185955,60235591074.23298,15737125758.645014,48670509941.87369,47573944839.56192,25861374758.121574
48138149387.59145,26394343401.494328,60620893197.63449,19846203759.849724,39224754436.7002,34832775354.8772,33515264012.51288,51763535446.04079,14721126825.995165,39055964710.619896,41160107209.82983,40937543619.33508,34877982040.19935,52962221697.204094,53109865445.120766,39091939808.76644,60264344619.19059,38689714884.04688,34337064102.514126,25808485909.072647,60235591073.78635,15737125757.935926,48670509941.87357,47573944838.25865,25861374749.37444
48138149387.59145,26394343401.494324,60620893191.53595,19846203759.847153,39224753404.4938,34832775354.875885,33515264012.511898,51763535446.01248,14721126825.995155,39055964710.619896,41160107206.88114,40937543616.578896,34877982040.139175,52962221651.9953,53109865445.12073,39091939808.76643,60264344589.53825,38689714871.05644,34337064102.514126,25808485909.072647,60235591073.43564,15737125757.853031,48670509941.87337,47573944838.145454,25861374745.01703
48138149387.591324,26394343401.49432,60620893186.90294,19846203759.846275,39224753155.16887,34832775354.8749,33515264012.510025,51763535446.0032,14721126825.995155,39055964710.61051,41160107204.42294,40937543614.087845,34877982040.120834,52962221626.94795,53109865445.120705,39091939808.76643,60264344580.978325,38689714864.390495,34337064102.514126,25808485909.052483,60235591073.20877,15737125757.792173,48670509941.873344,47573944838.036995,25861374745.01703
48138149387.59058,26394343401.494316,60620893184.31952,19846203759.845398,39224752973.81646,34832775354.87417,33515264012.50868,51763535445.99508,14721126825.995146,39055964710.59899,41160107203.069595,40937543613.21614,34877982040.113,52962221610.17299,53109865445.12069,39091939808.76643,60264344572.39372,38689714864.04304,34337064102.514122,25808485909.02895,60235591073.1291,15737125757.703163,48670509941.873276,47573944837.80838,25861374742.48416
48138149387.5903,26394343401.494312,60620893183.41208,19846203759.84526,39224752869.87663,34832775354.873764,33515264012.50868,51763535445.9939,14721126825.995146,39055964710.58982,41160107202.93293,40937543612.78295,34877982040.10956,52962221610.17299,53109865445.12067,39091939808.766426,60264344564.01474,38689714862.08119,34337064102.514122,25808485909.015984,60235591073.126595,15737125757.6709,48670509941.87327,47573944837.80838,25861374742.48416
48138149387.59021,26394343401.494312,60620893182.032745,19846203759.84526,39224752818.30959,34832775354.87343,33515264012.50868,51763535445.991135,14721126825.995146,39055964710.58589,41160107202.510735,40937543612.20334,34877982040.10625,52962221610.046135,53109865445.12064,39091939808.766426,60264344557.91379,38689714861.40373,34337064102.51412,25808485909.009018,60235590954.4004,15737125757.665558,48670509941.87324,47573944837.80422,25861374741.057556
48138149387.59015,26394343401.494312,60620893181.2795,19846203759.845245,39224752764.53825,34832775354.87343,33515264012.50851,51763535445.989655,14721126825.995142,39055964710.585236,41160107202.49012,40937543611.95356,34877982040.103226,52962147751.39107,53109865445.12064,39091939808.766426,60264344554.18485,38689714861.40373,34337064102.514114,25808485909.004414,60235590950.23094,15737125757.664032,48670509941.87324,47573944837.79681,25861374740.540913
48138149387.59012,26394343401.494312,60620893180.88456,19846203759.845226,39224752735.09877,34832775354.873344,33515264012.50835,51763535445.98854,14721126825.995142,39055964710.58513,41160107202.38934,40937543611.71901,34877982040.10143,52962142784.2001,53109865445.12064,39091939808.766426,60264344553.03305,38689714861.26821,34337064102.514114,25808485909.003452,60235590950.22785,15737125757.663244,48670509941.87324,47573944837.79276,25861374740.540913
48138149387.5901,26394343401.494305,60620893180.723724,19846203759.8452,39224752720.156624,34832775354.873344,33515264012.508266,51763535445.98764,14721126825.995142,39055964710.584526,41160107202.33703,40937543611.568695,34877982040.10125,52962142384.7295,53109865445.12064,39091939808.766426,60264344551.35541,38689714861.14119,34337064102.514114,25808485909.003452,60235590950.22776,15737125757.662151,48670509941.87323,47573944837.79222,25861374740.39069
48138149387.5901,26394343401.494305,60620893180.723724,19846203759.8452,39224752707.61192,34832775354.873344,33515264012.508217,51763535445.98717,14721126825.99514,39055964710.58407,41160107202.300896,40937543611.51748,34877982040.100586,52962142328.29368,53109865445.120636,39091939808.766426,60264344551.35541,38689714861.12046,34337064102.514114,25808485909.00247,60235590950.227684,15737125757.661924,48670509941.87323,47573944837.78953,25861374740.318428
48138149387.59009,26394343401.494305,60620893180.66004,19846203759.8452,39224752704.07337,34832775354.87332,33515264012.508217,51763535445.98689,14721126825.99514,39055964710.5839,41160107202.28424,40937527031.90007,34877982040.100395,52962142233.27401,53109865445.120636,39091939808.766426,60264344551.18359,38689714861.07725,34337064102.514114,25808485909.00171,60235590950.227646,15737125757.661543,48670509941.873215,47573944837.78953,25861374740.27703
48138149387.59009,26394343401.494305,60620893180.637245,19846203759.845196,39224752702.27873,34832775354.87331,33515264012.508213,51763535445.98689,14721126825.99514,39055964710.58381,41160107202.28424,40937525195.542336,34877982040.10023,52962142199.576355,53109865445.12062,39091939808.766426,60264344550.78486,38689714861.05842,34337064102.514114,25808485909.001244,60235590950.227646,15737125757.661345,48670509941.873215,47573944837.78923,25861374740.224094
48138149387.59009,26394343401.494305,60620893180.61874,19846203759.845196,39224752700.306694,34832775354.87331,33515264012.50819,51763535445.9868,14721126825.99514,39055964710.58369,41160107202.283554,40937525048.39586,34877982040.10013,52962142178.601845,53109865445.12062,39091939808.766426,60264342398.267784,38689714861.05842,34337064102.514114,25808485909.00118,60235590950.227646,15737125757.661211,48670509941.873215,47573944837.78891,25861374740.20938
48138149387.59008,26394343401.494305,60620893180.61874,19846203759.845192,39224752699.411194,34832775354.87331,33515264012.508183,51763535445.9867,14721126825.99514,39055964710.58367,41160107202.28212,40937525048.39586,34877982040.10013,52962142173.01014,53109865445.12061,39091939808.766426,60264341948.79672,38689714861.05842,34337064102.514114,25808485909.00116,60235590950.227646,15737125757.661211,48670509941.873215,47573944837.78881,25861374740.198616
48138149387.590065,26394343401.494305,60620893180.61517,19846203759.84519,39224752698.47474,34832775354.87331,33515264012.508183,51763535445.98669,14721126825.99514,39055964710.58366,41160107202.28043,40937524937.36035,34877982040.10008,52962142173.01014,53109865445.120605,39091939808.766426,60264341901.91488,38689714861.05424,34337064102.514114,25808485909.001095,60235590950.22762,15737125757.66114,48670509941.873215,47573944837.78873,25861374740.18704
48138149387.590065,26394343401.494305,60620893180.61371,19846203759.84519,39224752698.00288,34832775354.8733,33515264012.50818,51763535445.98668,14721126825.99514,39055964710.58366,41160107202.27908,40937524874.41177,34877982040.100075,52962142173.01014,53109865445.120605,39091939808.766426,60264341842.822914,38689714861.05323,34337064102.514114,25808485909.00105,60235590950.22762,15737125757.66112,48670509941.873215,47573944837.78871,25861374740.1827
48138149387.590065,26394343401.494305,60620893180.61289,19846203759.84518,39224752697.718376,34832775354.8733,33515264012.50817,51763535445.98662,14721126825.995138,39055964710.58364,41160107202.27835,40937524838.07285,34877982040.10006,52962142173.01014,53109865445.1206,39091939808.766426,60264341813.5832,38689714861.05184,34337064102.51411,25808485909.001026,60235590950.22762,15737125757.66112,48670509941.873215,47573944837.788666,25861374740.182114
48138149170.748795,26394343401.494305,60620893180.61289,19846203759.84518,39224752697.718376,34832775354.87329,33515264012.50817,51763535445.98662,14721126825.995138,39055964710.58364,41160107202.27835,40937524828.88821,34877982040.10005,52962142172.227005,53109865445.1206,39091939808.766426,60264341809.618744,38689714861.05106,34337064102.51411,25808485909.001,60235590950.22762,15737125757.661112,48670509941.873215,47573944837.788666,25861374740.18043
48138149163.672516,26394343401.494305,60620893180.61272,19846203759.84518,39224752697.64419,34832775354.87329,33515264012.50816,51763535445.98661,14721126825.995138,39055964710.58362,41160107202.27815,40937524817.29521,34877982040.10005,52962142171.60791,53109865445.1206,39091939808.766426,60264341797.84804,38689714861.050705,34337064102.514107,25808485909.00099,60235590950.22762,15737125757.66111,48670509941.873215,47573944837.788666,25861374740.179707
48138149163.65566,26394343401.4943,60620893180.61263,19846203759.84518,39224752697.64419,34832775354.87328,33515264012.50816,51763535445.986595,14721126825.995138,39055964710.58362,41160107202.27807,40937524817.29521,34877982040.10005,52962142171.33075,53109865445.12058,39091939808.766426,60264341791.59215,38689714861.05047,34337064102.514107,25808485909.00099,60235590950.22762,15737125757.661106,48670509941.873215,47573944837.788666,25861374740.179707
48138149163.654144,26394343401.494297,60620893180.61259,19846203759.84518,39224752697.63495,34832775354.87328,33515264012.50816,51763535445.986595,14721126825.995138,39055964710.58362,41160107202.27807,40937524813.981316,34877982040.10005,52962142171.241325,53109865445.12058,39091939808.766426,60264341789.700264,38689714861.05025,34337064102.5141,25808485909.000984,60235590950.22762,15737125757.6611,48670509941.873215,47573944837.788666,25861374740.179535
48138149163.65376,26394343401.494297,60620893180.61256,19846203759.84518,39224752697.627045,34832775354.873276,33515264012.50816,51763535445.98659,14721126825.995138,39055964710.58362,41160107202.278015,40937524813.276764,34877982040.100044,52962142171.058784,53109865445.12058,39091939808.766426,60264341785.88801,38689714861.050095,34337064102.5141,25808485909.000984,60235590950.22762,15737125757.6611,48670509941.87321,47573944837.788666,25861374740.179375
48138149163.65374,26394343401.494297,60620893180.61253,19846203759.84518,39224752697.626015,34832775354.873276,33515264012.50816,51763535445.98659,14721126825.995138,39055964710.58362,41160107202.278,40937524812.17685,34877982040.100044,52962142170.98778,53109865445.12058,39091939808.766426,60264341784.911575,38689714861.049995,34337064102.5141,25808485909.000984,60235590950.22762,15737125757.6611,48670509941.87321,47573944837.78865,25861374740.179268
48138149163.65371,26394343401.494297,60620893180.61252,19846203759.84518,39224752697.62261,34832775354.87327,33515264012.50816,51763535445.98659,14721126825.995138,39055964710.58362,41160107202.27798,40937524811.43456,34877982040.100044,52962142170.94805,53109865445.12058,39091939808.766426,60264341783.972404,38689714861.04996,34337064102.514095,25808485909.00097,60235590950.22762,15737125757.661098,48670509941.87321,47573944837.78865,25861374740.179222
48138149163.65371,26394343401.494293,60620893180.61252,19846203759.84518,39224752697.62149,34832775354.87327,33515264012.50816,51763535445.98659,14721126825.995138,39055964710.58362,41160107202.277954,40937524811.15134,34877982040.100044,52962142170.91361,53109865445.12058,39091939808.766426,60264341783.65072,38689714861.04992,34337064102.514095,25808485909.00097,60235590950.22762,15737125757.661098,48670509941.87321,47573944837.78865,25861374740.179222
48138149163.6537,26394343401.494293,60620893180.61251,19846203759.84518,39224752697.62138,34832775354.87327,33515264012.508152,51763535445.98659,14721126825.995138,39055964710.58361,41160107202.277954,40937524811.035774,34877982040.100044,52962142170.88149,53109865445.12058,39091939808.766426,60264341783.65072,38689714861.049904,34337064102.514095,25808485909.00097,60235590950.227615,15737125757.661097,48670509941.87321,47573944837.78864,25861374740.179203
48138149163.65369,26394343401.494293,60620893180.61251,19846203759.84518,39224752697.62079,34832775354.87327,33515264012.508152,51763535445.98658,14721126825.995138,39055964710.58361,41160107202.27795,40937524810.893196,34877982040.100044,52962142170.85838,53109865445.12058,39091939808.766426,60264341783.5838,38689714861.0499,34337064102.514095,25808485909.00097,60235590950.227615,15737125757.661097,48670509941.87321,47573944837.78864,25861374740.179184
48138149163.65369,26394343401.494293,60620893180.61251,19846203759.84518,39224747644.334206,34832775354.87327,33515264012.508152,51763535445.98658,14721126825.995138,39055964710.58361,41160107202.27795,40937524810.866714,34877982040.100044,52962142170.84842,53109865445.12058,39091939808.766426,60264341783.55739,38689714861.04988,34337064102.514095,25808485909.00097,60235590950.227615,15737125757.661093,48670509941.8732,47573944837.78864,25861374740.179184
48138149163.65369,26394343401.494293,60620893180.61251,19846203759.84518,39224746590.32073,34832775354.87327,33515264012.508152,51763535445.98657,14721126825.995138,39055964710.58361,41160107202.27794,40937524810.84466,34877982040.100044,52962142170.84842,53109865445.12058,39091939808.76642,60264341783.55428,38689714861.04988,34337064102.514095,25808485909.00097,60235590950.227615,15737125757.661089,48670509941.8732,47573944837.78864,25861374740.179184
48138149163.65369,26394343401.494293,60620893180.61251,19846203759.84518,39224740959.99185,34832775354.87327,33515264012.508152,51763535445.98657,14721126825.995138,39055964710.58361,41160107202.27794,40937524810.82956,34877982040.100044,52962142170.84589,53109865445.12058,39091939808.76642,60264341783.52926,38689714861.04988,34337064102.514095,25808485909.00097,60235590950.227615,15737125757.661089,48670509941.8732,47573944837.78864,25861374740.17918
48138149163.65368,26394343401.494293,60620893180.6125,19846203759.84518,39224739978.24328,34832775354.87327,33515264012.508152,51763535445.98657,14721126825.995138,39055964710.58361,41160107202.27794,40937524810.81666,34877982040.10004,52962142170.84317,53109865445.12058,39091939808.76642,60264341783.519066,38689714861.04988,34337064102.514095,25808485909.00097,60235590950.227615,15737125757.661087,48670509941.8732,47573944837.788635,25861374740.179173
48138149163.65367,26394343401.49429,60620893180.6125,19846203759.84518,39224738901.46032,34832775354.87327,33515264012.508152,51763535445.98657,14721126825.995138,39055964710.58361,41160107202.27794,40937524810.80788,34877982040.10004,52962142170.841644,53109865445.12058,39091939808.76642,60264341783.51644,38689714861.04988,34337064102.514095,25808485909.00097,60235590950.227615,15737125757.661087,48670509941.8732,47573944837.788635,25861374740.17917
48138149163.65366,26394343401.494286,60620893180.6125,19846203759.84518,39224738693.50433,34832775354.87327,33515264012.50815,51763535445.98657,14721126825.995138,39055964710.58361,41160107202.27794,40937524810.80788,34877982040.10004,52962142170.840706,53109859328.87312,39091939808.76641,60264341783.51334,38689714861.04987,34337064102.514095,25808485909.00097,60235590950.227615,15737125757.661087,48670509941.8732,47573944837.78863,25861374740.179165
48138149163.65366,26394343401.494286,60620893180.6125,19846203759.84518,39224738409.93674,34832775354.87327,33515264012.50815,51763535445.98657,14721126825.995138,39055964710.58361,41160107202.27794,40937524810.804695,34877982040.10004,52962142170.840706,53109859328.87312,39091939808.76641,60264341783.51232,38689714861.04987,34337064102.514095,25808485909.00096,60235590950.227615,15737125757.661083,48670509941.8732,47573944837.78863,25861374740.17915
48138149163.65366,26394343401.494286,60620893180.6125,19846203759.84518,39224738409.93674,34832775354.87327,33515264012.50815,51763535445.98657,14721126825.995138,39055964710.5836,41160107202.27794,40937524810.80302,34877982040.10004,52962142170.84024,53109859326.7031,39091939808.76641,60264341783.51232,38689714861.04987,34337064102.514095,25808485909.00096,60235590950.227615,15737125757.661083,48670509941.8732,47573944837.78863,25861374740.17915
48138149163.65366,26394343401.494286,60620893180.6125,19846203759.84518,39224738337.46349,34832775354.87327,33515264012.508144,51763535445.98657,14721126825.995136,39055964710.5836,41160107202.27794,40937524810.80195,34877982040.10004,52962142170.84022,53109859326.4933,39091939808.76641,60264341783.51219,38689714861.04987,34337064102.514095,25808485909.00096,60235590950.227615,15737125757.661081,48670509941.8732,47573944837.78863,25861374740.17915
48138149163.65366,26394343401.494286,60620893180.612495,19846203759.84518,39224738258.488686,34832775354.87326,33515264012.50814,51763535445.98657,14721126825.995136,39055964710.5836,41160107202.27794,40937524810.801414,34877982040.10004,52962142170.8401,53109859326.48445,39091939808.76641,60264341783.51181,38689714861.04987,34337064102.51409,25808485909.00096,60235590950.227615,15737125757.66108,48670509941.8732,47573944837.78862,25861374740.17915
48138149163.65366,26394343401.494286,60620893180.61249,19846203759.845177,39224738213.04544,34832775354.87326,33515264012.50814,51763535445.986565,14721126825.995136,39055964710.5836,41160107202.27793,40937524810.80117,34877982040.10004,52962142170.84001,53109859326.483826,39091939808.76641,60264341783.51159,38689714861.049866,34337064102.51409,25808485909.000957,60235590950.227615,15737125757.66108,48670509941.8732,47573944837.78862,25861374740.17915
48138149163.65366,26394343401.494286,60620893180.61249,19846203759.845177,39224738205.79973,34832775354.87326,33515264012.50814,51763535445.98656,14721126825.995136,39055964710.5836,41160107202.27793,40937524810.80111,34877982040.10003,52962142138.01634,53109859326.483284,39091939808.76641,60264341783.51138,38689714861.049866,34337064102.51409,25808485909.000957,60235590950.227615,15737125757.661074,48670509941.8732,47573944837.78862,25861374740.179142
48138149163.65366,26394343401.494286,60620893180.61249,19846203759.845177,39224738185.76961,34832775354.87326,33515264012.50814,51763535445.98656,14721126825.995136,39055964710.5836,41160107202.27793,40937524810.80111,34877982040.10003,52962142134.200584,53109859326.48326,39091939808.76641,60264341783.51133,38689714861.049866,34337064102.51409,25808485909.000954,60235590950.227615,15737125757.661074,48670509941.8732,47573944837.78862,25861374740.179142
48138149163.65366,26394343401.494286,60620893180.61249,19846203759.845177,39224738177.18867,34832775354.87326,33515264012.50814,51763535445.98656,14721126825.995136,39055964710.5836,41160107202.27793,40937524810.80106,34877982040.10003,52962142133.902695,53109859326.48326,39091939808.76641,60264341783.51133,38689714861.049866,34337064102.51409,25808485909.000954,60235590950.227615,15737125757.661074,48670509941.8732,47573944837.78862,25861374740.179142
48138149163.65366,26394343401.494286,60620893180.61249,19846203759.845177,39224738170.9224,34832775354.87326,33515264012.50814,51763535445.98656,14721126825.995136,39055964710.5836,41160107202.27793,40937524810.80105,34877982040.10003,52962142133.51264,53109859326.48326,39091939808.76641,60264341783.511314,38689714861.049866,34337064102.51409,25808485909.00095,60235590950.227615,15737125757.661074,48670509941.8732,47573944837.78862,25861374740.179142
48138149163.65366,26394343401.494286,60620893180.61249,19846203759.845177,39224738167.69613,34832775354.87326,33515264012.50814,51763535445.98656,14721126825.995136,39055964710.5836,41160107202.27793,40937524810.80105,34877982040.10003,52962142133.31654,53109859326.48326,39091939808.76641,60264341783.511314,38689714861.04986,34337064102.51409,25808485909.00095,60235590950.22761,15737125757.661072,48670509941.8732,47573944837.78862,25861374740.17914
48138149163.65366,26394343401.494286,60620893180.61249,19846203759.845177,39224738166.85675,34832775354.87326,33515264012.50814,51763535445.98656,14721126825.995136,39055964710.5836,41160107202.27793,40937524810.80103,34877982040.10003,52962142133.23856,53109859326.48325,39091939808.76641,60264341783.51131,38689714861.04986,34337064102.514088,25808485909.00095,60235590950.22761,15737125757.66107,48670509941.8732,47573944837.78862,25861374740.179134
48138149163.65366,26394343401.494286,60620893180.61249,19846203759.845177,39224738166.28195,34832775354.87326,33515264012.508137,51763535445.98656,14721126825.995136,39055964710.5836,41160107202.27792,40937524810.80103,34877982040.10003,52962142133.23082,53109859326.483246,39091939808.76641,60264341783.51129,38689714861.04986,34337064102.514088,25808485909.00095,60235590950.22761,15737125757.66107,48670509941.8732,47573944837.78862,25861374740.179134
48138149163.65366,26394343401.494286,60620893180.61248,19846203759.845177,39224738166.28195,34832775354.87326,33515264012.508137,51763535445.98656,14721126825.995136,39055964710.5836,41160107202.27792,40937524810.801025,34877982040.10003,52962142133.22475,53109859326.483246,39091939808.76641,60264341783.51129,38689714861.04985,34337064102.514088,25808485909.00095,60235590950.22761,15737125757.661068,48670509941.8732,47573944837.78862,25861374740.17913
48138149163.65366,26394343401.494286,60620893180.61248,19846203759.845173,39224738166.05203,34832775354.87326,33515264012.508137,51763535445.98656,14721126825.995136,39055964710.5836,41160107202.27792,40937524810.801025,34877982040.10002,52962142133.217476,53109859326.48324,39091939808.76641,60264341783.51129,38689714861.04985,34337064102.514084,25808485909.00095,60235590950.22761,15737125757.661068,48670509941.8732,47573944837.78862,25861374740.17913
48138149163.65366,26394343401.494286,60620893180.61248,19846203759.845173,39224738165.907585,34832775354.87326,33515264012.508137,51763535445.98656,14721126825.995136,39055964710.5836,41160107202.27792,40937524650.68263,34877982040.10002,52962142133.217476,53109859326.48324,39091939808.76641,60264341783.511284,38689714861.04985,34337064102.514084,25808485909.00095,60235590950.22761,15737125757.661066,48670509941.8732,47573944837.78862,25861374740.179127
48138149163.65366,26394343401.494286,60620893180.61248,19846203759.845173,39224738165.84796,34832775354.87326,33515264012.508137,51763535445.98656,14721126825.995136,39055964710.5836,41160107202.27792,40937523801.794914,34877982040.10002,52962142133.21619,53109859326.48324,39091939808.76641,60264341783.511284,38689714861.04985,34337064102.51408,25808485909.00095,60235590950.22761,15737125757.661062,48670509941.8732,47573944837.78861,25861374740.179127
48138149163.65366,26394343401.494286,60620893180.61248,19846203759.845173,39224738165.82507,34832775354.87326,33515264012.508137,51763535445.98656,14721126825.995136,39055964710.5836,41160107202.27792,40937523800.99813,34877982040.10002,52962142133.21546,53109859326.48324,39091939808.76641,60264341783.51128,38689714861.04985,34337064102.51408,25808485909.00095,60235590950.22761,15737125757.661062,48670509941.8732,47573944837.788605,25861374740.179123
48138149163.65366,26394343401.494286,60620893180.61248,19846203759.845173,39224738165.79458,34832775354.87326,33515264012.508137,51763535445.98656,14721126825.995136,39055964710.5836,41160107202.27792,40937523800.96495,34877982040.10002,52962142133.214836,53109859326.48324,39091939808.76641,60264341783.51128,38689714861.04985,34337064102.51408,25808485909.000946,60235590950.22761,15737125757.661062,48670509941.8732,47573944837.788605,25861374740.17912
48138149163.653656,26394343401.494286,60620893180.61248,19846203759.845173,39224738165.77207,34832775354.87326,33515264012.508133,51763535445.98656,14721126825.995136,39055964710.5836,41160107202.27792,40937523800.95941,34877982040.10002,52962142133.214455,53109859326.48324,39091939808.76641,60264341783.51127,38689714861.04985,34337064102.51408,25808485909.000946,60235590950.22761,15737125757.66106,48670509941.8732,47573944837.788605,25861374740.17912
48138149163.653656,26394343401.49428,60620893180.61248,19846203759.845173,39224738165.76956,34832775354.87326,33515264012.508133,51763535445.98656,14721126825.995136,39055964710.5836,41160107202.27792,40937523800.95939,34877982040.10001,52962142133.214096,53109859326.48324,39091939808.76641,60264341783.51127,38689714861.04985,34337064102.51408,25808485909.000946,60235590950.22761,15737125757.66106,48670509941.8732,47573944837.788605,25861374740.17912
48138149163.653656,26394343401.494278,60620893180.61248,19846203759.845173,39224738165.76481,34832775354.87326,33515264012.508133,51763535445.98656,14721126825.995136,39055964710.5836,41160107202.27792,40937523800.95939,34877982040.10001,52962142133.2138,53109859326.48324,39091939808.76641,60264341783.51126,38689714861.04985,34337064102.51408,25808485909.000946,60235590950.22761,15737125757.66106,48670509941.8732,47573944837.788605,25861374740.17912
48138149163.65365,26394343401.494278,60620893180.61248,19846203759.845173,39224738165.761665,34832775354.87326,33515264012.508133,51763535445.98656,14721126825.995136,39055964710.5836,41160107202.27792,40937523800.95939,34877982040.10001,52962142133.213646,53109859326.48324,39091939808.76641,60264341783.51126,38689714861.04985,34337064102.51408,25808485909.000946,60235590950.22761,15737125757.66106,48670509941.8732,47573944837.7886,25861374740.17912
48138149163.65365,26394343401.494278,60620893180.61247,19846203759.845173,39224738165.758804,34832775354.87326,33515264012.508133,51763535445.98656,14721126825.995136,39055964710.5836,41160107202.27792,40937523800.95937,34877982040.10001,52962142133.213524,53109859326.48324,39091939808.76641,60264341783.51126,38689714861.04985,34337064102.514076,25808485909.000946,60235590950.22761,15737125757.66106,48670509941.8732,47573944837.7886,25861374740.17912
48138149163.65365,26394343401.494278,60620893180.612465,19846203759.845173,39224738165.7572,34832775354.87326,33515264012.508133,51763535445.98656,14721126825.995136,39055964710.5836,41160107202.27792,40937523800.95937,34877982040.10001,52962142133.21344,53109859326.48324,39091939808.76641,60264341783.51126,38689714861.04985,34337064102.514076,25808485909.000946,60235590950.22761,15737125757.66106,48670509941.8732,47573944837.7886,25861374740.17911
48138149163.65365,26394343401.494278,60620893180.612465,19846203759.845173,39224738165.75662,34832775354.87326,33515264012.508133,51763535445.98656,14721126825.995136,39055964710.5836,41160107202.27792,40937523800.959366,34877982040.10001,52962142133.21335,53109859326.48324,39091939808.76641,60264341783.51126,38689714861.04985,34337064102.514076,25808485909.000946,60235590950.22761,15737125757.66106,48670509941.8732,47573944837.7886,25861374740.17911
48138149163.65365,26394343401.494278,60620893180.612465,19846203759.845173,39224738165.7565,34832775354.87326,33515264012.508133,51763535445.98656,14721126825.995136,39055964710.5836,41160107202.27792,40937523800.959366,34877982040.10001,52962142133.2133,53109859326.48324,39091939808.76641,60264341783.51126,38689714861.04985,34337064102.514072,25808485909.000946,60235590950.22761,15737125757.66106,48670509941.8732,47573944837.7886,25861374740.17911
48138149163.65365,26394343401.494278,60620893180.612465,19846203759.845173,39224738165.75632,34832775354.87326,33515264012.508133,51763535445.98656,14721126825.995136,39055964710.5836,41160107202.27792,40937523800.959366,34877982040.10001,52962142133.2133,53109859326.48323,39091939808.76641,60264341783.51126,38689714861.04985,34337064102.514072,25808485909.000946,60235590950.22761,15737125757.66106,48670509941.8732,47573944837.78859,25861374740.17911
48138149163.65365,26394343401.494278,60620893180.612465,19846203759.845173,39224738165.75616,34832775354.87326,33515264012.508133,51763535445.98656,14721126825.995136,39055964710.5836,41160107202.27792,40937523800.959366,34877982040.10001,52962142133.21328,53109859326.48323,39091939808.76641,60264341783.51126,38689714861.04985,34337064102.514072,25808485909.000946,60235590950.22761,15737125757.66106,48670509941.8732,47573944837.78859,25861374740.179108
48138149163.65365,26394343401.494278,60620893180.612465,19846203759.845173,39224738165.75606,34832775354.87326,33515264012.508133,51763535445.98656,14721126825.995136,39055964710.5836,41160107202.27792,40937523800.959366,34877982040.10001,52962142133.21327,53109859326.48323,39091939808.76641,60264341783.51126,38689714861.04985,34337064102.51407,25808485909.000946,60235590950.22761,15737125757.66106,48670509941.8732,47573944837.78858,25861374740.179104
48138149163.65365,26394343401.494278,60620893180.612465,19846203759.845173,39224738165.75606,34832775354.87326,33515264012.50813,51763535445.98656,14721126825.995136,39055964710.5836,41160107202.27792,40937523800.959366,34877982040.10001,52962142133.21327,53109859326.48323,39091939808.76641,60264341783.51126,38689714861.04985,34337064102.51407,25808485909.000946,60235590950.22761,15737125757.66106,48670509941.8732,47573944837.788574,25861374740.179104
48138149163.65365,26394343401.494278,60620893180.612465,19846203759.845173,39224738165.75604,34832775354.87326,33515264012.50813,51763535445.98656,14721126825.995136,39055964710.5836,41160107202.27792,40937523800.959366,34877982040.10001,52962142133.213264,53109859326.48323,39091939808.76641,60264341783.51126,38689714861.04985,34337064102.51407,25808485909.000946,60235590950.22761,15737125757.66106,48670509941.8732,47573944837.788574,25861374740.1791
48138149163.65365,26394343401.494278,60620893180.612465,19846203759.845173,39224738165.75604,34832775354.87326,33515264012.50813,51763535445.98656,14721126825.995136,39055964710.5836,41160107202.27792,40937523800.959366,34877982040.10001,52962142133.21326,53109859326.48323,39091939808.76641,60264341783.51126,38689714861.04985,34337064102.51407,25808485909.000946,60235590950.22761,15737125757.66106,48670509941.8732,47573944837.78857,25861374740.1791
48138149163.65365,26394343401.494278,60620893180.612465,19846203759.845173,39224738165.75603,34832775354.87326,33515264012.508125,51763535445.98656,14721126825.995136,39055964710.5836,41160107202.27792,40937523800.95936,34877982040.10001,52962142133.213234,53109859326.48322,39091939808.76641,60264341783.51126,38689714861.04985,34337064102.514065,25808485909.000946,60235590950.22761,15737125757.66106,48670509941.8732,47573944837.78857,25861374740.1791
48138149163.65363,26394343401.494278,60620893180.612465,19846203759.845173,39224738165.75603,34832775354.87326,33515264012.50812,51763535445.98656,14721126825.995136,39055964710.5836,41160107202.27792,40937523800.95936,34877982040.10001,52962142133.213234,53109859326.48322,39091939808.76641,60264341783.51126,38689714861.04985,34337064102.514065,25808485909.000946,60235590950.22761,15737125757.66106,48670509941.8732,47573944837.78857,25861374740.1791
48138149163.65363,26394343401.494278,60620893180.612465,19846203759.845173,39224738165.75601,34832775354.87326,33515261887.198997,51763535445.98656,14721126825.995132,39055964710.5836,41160107202.27792,40937523800.95936,34877982040.10001,52962142133.213234,53109859326.48322,39091939808.76641,60264341783.51126,38689714861.04985,34337064102.514065,25808485909.000946,60235590950.22761,15737125757.66106,48670509941.8732,47573944837.78856,25861374740.179092
48138149163.65363,26394343401.494278,60620893180.612465,19846203759.845173,39224738165.756004,34832775354.87326,33515261850.9344,51763535445.98656,14721126825.995132,39055964710.5836,41160107202.27792,40937523800.95936,34877982040.10001,52962142133.213234,53109859326.48322,39091939808.76641,60264341783.51126,38689714861.04985,34337064102.514065,25808485909.000946,60235590950.22761,15737125757.66106,48670509941.8732,47573944837.78856,25861374740.179092
48138149163.65363,26394343401.494278,60620893180.612465,19846203759.845173,39224738165.756004,34832775354.87326,33515261850.890835,51763535445.98656,14721126825.995132,39055964710.5836,41160107202.27792,40937523800.95936,34877982040.10001,52962142133.213234,53109859326.48322,39091939808.76641,60264341783.51126,38689714861.04985,34337064102.51406,25808485909.000946,60235590950.22761,15737125757.66106,48670509941.8732,47573944837.78856,25861374740.179092
48138149163.65363,26394343401.494278,60620893180.612465,19846203759.845173,39224738165.756004,34832775354.87326,33515261850.832478,51763535445.98656,14721126825.995132,39055964710.5836,41160107202.27792,40937523800.95936,34877982040.10001,52962142133.213234,53109859326.48322,39091939808.76641,60264341783.51126,38689714861.04985,34337064102.514053,25808485909.000946,60235590950.22761,15737125757.66106,48670509941.8732,47573944837.78856,25861374740.179092
48138149163.653625,26394343401.494274,60620893180.612465,19846203759.845173,39224738165.75599,34832775354.87326,33515261850.832478,51763535445.98656,14721126825.995132,39055964710.5836,41160107202.27792,40937523800.95936,34877982040.10001,52962142133.21323,53109859326.48322,39091939808.76641,60264341783.51126,38689714861.04985,34337064102.514053,25808485909.000946,60235590950.22761,15737125757.66106,48670509941.8732,47573944837.78855,25861374740.179092
48138149163.653625,26394343401.494274,60620893180.612465,19846203759.845173,39224738165.75599,34832775354.87326,33515261850.832462,51763535445.98656,14721126825.995132,39055964710.5836,41160107202.27792,40937523800.95936,34877982040.10001,52962142133.21323,53109859326.48322,39091939808.76641,60264341783.51126,38689714861.04985,34337064102.514053,25808485909.000946,60235590950.22761,15737125757.66106,48670509941.8732,47573944837.78855,25861374740.179092
48138149163.65362,26394343401.494274,60620893180.612465,19846203759.845173,39224738165.75599,34832775354.87326,33515261850.832462,51763535445.98656,14721126825.995132,39055964710.5836,41160107202.27792,40937523800.95936,34877982040.10001,52962142133.21322,53109859326.48322,39091939808.76641,60264341783.51126,38689714861.04985,34337064102.514053,25808485909.000946,60235590950.22761,15737125757.66106,48670509941.8732,47573944837.78854,25861374740.17909
48138149163.65362,26394343401.494274,60620893180.612465,19846203759.845173,39224738165.75599,34832775354.87326,33515261850.832447,51763535445.98656,14721126825.995132,39055964710.5836,41160107202.27792,40937523800.95936,34877982040.10001,52962142133.21322,53109859326.48322,39091939808.76641,60264341783.51126,38689714861.04985,34337064102.51405,25808485909.000946,60235590950.22761,15737125757.66106,48670509941.8732,47573944837.78854,25861374740.179085
48138149163.65361,26394343401.494274,60620893180.612465,19846203759.845173,39224738165.75599,34832775354.87326,33515261850.83244,51763535445.98656,14721126825.995132,39055964710.5836,41160107202.27792,40937523800.95936,34877982040.10001,52962142133.21322,53109859326.48322,39091939808.76641,60264341783.51126,38689714861.04985,34337064102.51405,25808485909.000946,60235590950.22761,15737125757.66106,48670509941.8732,47573944837.78854,25861374740.179085
48138149163.6536,26394343401.494274,60620893180.61246,19846203759.845173,39224738165.75599,34832775354.87326,33515261850.83244,51763535445.98656,14721126825.995132,39055964710.5836,41160107202.27792,40937523800.95936,34877982040.10001,52962142133.21322,53109859326.48322,39091939808.76641,60264341783.51126,38689714861.04984,34337064102.514046,25808485909.000946,60235590950.22761,15737125757.66106,48670509941.8732,47573944837.78854,25861374740.179085
48138149163.6536,26394343401.494274,60620893180.61246,19846203759.845173,39224738165.75599,34832775354.87326,33515261850.832436,51763535445.98656,14721126825.99513,39055964710.5836,41160107202.27792,40937523800.95936,34877982040.10001,52962142133.21322,53109859326.48322,39091939808.76641,60264341783.51126,38689714861.04984,34337064102.514046,25808485909.000946,60235590950.22761,15737125757.66106,48670509941.8732,47573944837.78854,25861374740.179085
48138149163.6536,26394343401.494274,60620893180.61245,19846203759.845173,39224738165.75599,34832775354.87326,33515261850.832436,51763535445.98656,14721126825.99513,39055964710.5836,41160107202.27792,40937523800.95936,34877982040.10001,52962142133.21322,53109859326.483215,39091939808.76641,60264341783.51126,38689714861.04984,34337064102.514046,25808485909.000946,60235590950.22761,15737125757.66106,48670509941.8732,47573944837.78854,25861374740.179077
48138149163.6536,26394343401.494274,60620893180.61245,19846203759.845173,39224738165.75599,34832775354.87326,33515261850.832428,51763535445.98656,14721126825.995129,39055964710.5836,41160107202.27792,40937523800.95936,34877982040.10001,52962142133.21322,53109859326.483215,39091939808.76641,60264341783.51126,38689714861.04984,34337064102.514046,25808485909.000946,60235590950.22761,15737125757.66106,48670509941.8732,47573944837.78854,25861374740.179077
48138149163.6536,26394343401.494274,60620893180.61245,19846203759.845173,39224738165.75599,34832775354.87326,33515261850.832428,51763535445.98656,14721126825.995129,39055964710.5836,41160107202.27792,40937523800.95936,34877982040.10001,52962142133.21322,53109859326.483215,39091939808.76641,60264341783.51126,38689714861.04984,34337064102.514046,25808485909.000946,60235590950.22761,15737125757.66106,48670509941.8732,47573944837.78854,25861374740.179077
48138149163.6536,26394343401.494274,60620893180.61245,19846203759.845173,39224738165.75599,34832775354.87326,33515261850.832424,51763535445.98656,14721126825.995129,39055964710.5836,41160107202.27792,40937523800.95936,34877982040.10001,52962142133.21322,53109859326.483215,39091939808.76641,60264341783.51126,38689714861.04984,34337064102.514046,25808485909.000946,60235590950.22761,15737125757.66106,48670509941.8732,47573944837.78854,25861374740.179077
48138149163.6536,26394343401.494274,60620893180.61245,19846203759.845173,39224738165.75598,34832775354.87326,33515261850.832424,51763535445.98656,14721126825.995129,39055964710.5836,41160107202.27792,40937523800.95936,34877982040.10001,52962142133.21322,53109859326.483215,39091939808.76641,60264341783.51126,38689714861.04984,34337064102.514046,25808485909.000946,60235590950.22761,15737125757.66106,48670509941.8732,47573944837.78854,25861374740.179077
48138149163.6536,26394343401.494274,60620893180.61244,19846203759.845173,39224738165.75598,34832775354.87326,33515261850.832424,51763535445.98656,14721126825.995129,39055964710.583595,41160107202.27792,40937523800.95936,34877982040.10001,52962142133.21322,53109859326.48321,39091939808.76641,60264341783.51126,38689714861.04984,34337064102.514046,25808485909.000946,60235590950.2276,15737125757.66106,48670509941.8732,47573944837.788536,25861374740.179077
48138149163.6536,26394343401.494274,60620893180.61244,19846203759.845173,39224738165.75598,34832775354.87326,33515261850.832424,51763535445.98656,14721126825.995129,39055964710.583595,41160107202.27792,40937523800.95936,34877982040.10001,52962142133.21322,53109859326.48321,39091939808.76641,60264341783.51126,38689714861.04984,34337064102.514046,25808485909.000946,60235590950.2276,15737125757.661058,48670509941.8732,47573944837.788536,25861374740.179077
48138149163.65359,26394343401.494274,60620893180.61244,19846203759.845173,39224738165.75598,34832775354.87326,33515261850.832424,51763535445.98656,14721126825.995129,39055964710.583595,41160107202.27792,40937523800.95936,34877982040.10001,52962142133.21322,53109859326.4832,39091939808.76641,60264341783.51126,38689714861.04984,34337064102.514046,25808485909.000946,60235590950.2276,15737125757.661058,48670509941.8732,47573944837.788536,25861374740.179077
48138149163.65359,26394343401.494274,60620893180.61244,19846203759.845173,39224738165.75598,34832775354.87326,33515261850.832424,51763535445.98656,14721126825.995129,39055964710.583595,41160107202.27792,40937523800.95936,34877982040.10001,52962142133.21322,53109859326.4832,39091939808.76641,60264341783.51126,38689714861.04984,34337064102.514046,25808485909.000946,60235590950.2276,15737125757.661057,48670509941.8732,47573944837.788536,25861374740.179077
48138149163.65359,26394343401.494274,60620893180.61244,19846203759.845173,39224738165.75598,34832775354.87326,33515261850.83242,51763535445.98656,14721126825.995129,39055964710.583595,41160107202.27792,40937523800.95936,34877982040.10001,52962142133.21322,53109859326.483185,39091939808.76641,60264341783.51126,38689714861.04984,34337064102.514046,25808485909.000946,60235590950.2276,15737125757.661057,48670509941.8732,47573944837.788536,25861374740.179077
48138149163.65359,26394343401.494274,60620893180.61244,19846203759.845173,39224738165.75598,34832775354.87326,33515261850.83242,51763535445.98656,14721126825.995129,39055964710.58359,41160107202.27792,40937523800.95936,34877982040.10001,52962142133.21322,53109859326.483185,39091939808.76641,60264341783.51126,38689714861.04984,34337064102.514046,25808485909.000946,60235590950.2276,15737125757.661057,48670509941.8732,47573944837.788536,25861374740.179073
48138149163.65359,26394343401.494274,60620893180.61244,19846203759.845173,39224738165.75598,34832775354.87326,33515261850.832405,51763535445.98656,14721126825.995129,39055964710.58359,41160107202.27792,40937523800.95936,34877982040.10001,52962142133.21322,53109859326.483185,39091939808.76641,60264341783.51126,38689714861.04984,34337064102.514038,25808485909.000946,60235590950.2276,15737125757.661057,48670509941.8732,47573944837.788536,25861374740.17907
48138149163.65359,26394343401.494274,60620893180.61244,19846203759.845173,39224738165.75598,34832775354.87326,33515261850.832405,51763535445.98656,14721126825.995129,39055964710.58359,41160107202.27792,40937523800.95936,34877982040.10001,52962142133.21322,53109859326.483185,39091939808.76641,60264341783.51126,38689714861.049835,34337064102.514034,25808485909.000946,60235590950.2276,15737125757.661057,48670509941.8732,47573944837.788536,25861374740.17907
48138149163.65359,26394343401.494274,60620893180.61244,19846203759.845173,39224738165.75598,34832775354.87326,33515261850.832405,51763535445.98656,14721126825.995129,39055964710.58359,41160107202.27792,40937523800.95935,34877982040.10001,52962142133.21322,53109859326.483185,39091939808.76641,60264341783.51126,38689714861.049835,34337064102.514034,25808485909.000946,60235590950.2276,15737125757.661057,48670509941.8732,47573944837.788536,25861374740.179066
48138149163.65359,26394343401.494274,60620893180.612434,19846203759.845173,39224738165.75598,34832775354.87326,33515261850.832405,51763535445.98656,14721126825.995129,39055964710.58359,41160107202.27792,40937523800.95935,34877982040.10001,52962142133.21322,53109859326.483185,39091939808.76641,60264341783.51126,38689714861.049835,34337064102.51403,25808485909.000946,60235590950.2276,15737125757.661057,48670509941.8732,47573944837.788536,25861374740.179066
48138149163.65359,26394343401.494274,60620893180.612434,19846203759.845173,39224738165.75598,34832775354.87326,33515261850.832405,51763535445.98656,14721126825.995129,39055964710.58359,41160107202.27792,40937523800.95935,34877982040.10001,52962142133.21322,53109859326.483185,39091939808.76641,60264341783.51126,38689714861.049835,34337064102.51403,25808485909.000946,60235590950.2276,15737125757.661057,48670509941.8732,47573944837.788536,25861374740.179066
48138149163.65359,26394343401.494274,60620893180.612434,19846203759.845173,39224738165.75598,34832775354.87326,33515261850.832405,51763535445.98656,14721126825.995129,39055964710.58359,41160107202.27792,40937523800.95935,34877982040.10001,52962142133.21322,53109859326.483185,39091939808.76641,60264341783.51126,38689714861.049835,34337064102.514027,25808485909.000946,60235590950.2276,15737125757.661057,48670509941.8732,47573944837.788536,25861374740.179066
48138149163.65359,26394343401.494274,60620893180.612434,19846203759.845173,39224738165.75598,34832775354.87326,33515261850.832405,51763535445.98655,14721126825.995129,39055964710.58359,41160107202.27792,40937523800.95935,34877982040.10001,52962142133.21321,53109859326.483185,39091939808.76641,60264341783.51126,38689714861.049835,34337064102.514023,25808485909.000946,60235590950.2276,15737125757.661055,48670509941.8732,47573944837.788536,25861374740.17906
48138149163.65359,26394343401.494274,60620893180.612434,19846203759.845173,39224738165.75598,34832775354.87325,33515261850.832397,51763535445.98655,14721126825.995129,39055964710.58359,41160107202.27792,40937523800.95935,34877982040.10001,52962142133.21321,53109859326.483185,39091939808.76641,60264341783.51126,38689714861.049835,34337064102.514023,25808485909.000946,60235590950.2276,15737125757.661053,48670509941.8732,47573944837.788536,25861374740.17906
48138149163.65359,26394343401.494274,60620893180.612434,19846203759.845173,39224738165.755974,34832775354.87325,33515261850.832397,51763535445.98655,14721126825.995129,39055964710.58359,41160107202.27792,40937523800.95935,34877982040.10001,52962142133.21321,53109859326.483185,39091939808.76641,60264341783.51126,38689714861.049835,34337064102.514023,25808485909.000946,60235590950.2276,15737125757.66105,48670509941.8732,47573944837.788536,25861374740.17906
48138149163.65359,26394343401.494274,60620893180.612434,19846203759.845173,39224738165.755974,34832775354.87325,33515261850.832394,51763535445.98655,14721126825.995129,39055964710.58359,41160107202.27792,40937523800.95935,34877982040.10001,52962142133.21321,53109859326.48318,39091939808.76641,60264341783.51126,38689714861.049835,34337064102.514023,25808485909.000946,60235590950.22759,15737125757.661049,48670509941.8732,47573944837.788536,25861374740.17906
48138149163.65359,26394343401.494274,60620893180.612434,19846203759.845173,39224738165.755974,34832775354.87325,33515261850.83239,51763535445.98654,14721126825.995129,39055964710.58359,41160107202.27792,40937523800.95934,34877982040.10001,52962142133.21321,53109859326.48318,39091939808.76641,60264341783.51126,38689714861.049835,34337064102.514023,25808485909.000946,60235590950.22759,15737125757.661049,48670509941.8732,47573944837.788536,25861374740.17906
48138149163.65359,26394343401.494274,60620893180.612434,19846203759.845173,39224738165.755974,34832775354.87325,33515261850.832386,51763535445.98654,14721126825.995129,39055964710.58359,41160107202.27792,40937523800.95934,34877982040.100006,52962142133.21321,53109859326.48318,39091939808.76641,60264341783.51126,38689714861.049835,34337064102.514023,25808485909.000946,60235590950.22759,15737125757.661049,48670509941.8732,47573944837.788536,25861374740.17906
48138149163.65359,26394343401.494274,60620893180.612434,19846203759.845173,39224738165.755974,34832775354.87325,33515261850.832386,51763535445.98653,14721126825.995129,39055964710.58359,41160107202.27792,40937523800.95934,34877982040.100006,52962142133.21321,53109859326.48318,39091939808.76641,60264341783.51126,38689714861.04983,34337064102.51402,25808485909.000946,60235590950.22759,15737125757.661047,48670509941.8732,47573944837.788536,25861374740.17906
48138149163.65359,26394343401.494274,60620893180.612434,19846203759.845173,39224738165.755974,34832775354.87325,33515261850.832386,51763535445.98653,14721126825.995129,39055964710.58359,41160107202.27792,40937523800.95934,34877982040.100006,52962142133.213196,53109859326.48318,39091939808.76641,60264341783.51126,38689714861.04983,34337064102.51402,25808485909.000946,60235590950.227585,15737125757.661047,48670509941.8732,47573944837.788536,25861374740.17906
48138149163.65359,26394343401.494274,60620893180.612434,19846203759.845173,39224738165.755974,34832775354.87325,33515261850.832386,51763535445.98653,14721126825.995129,39055964710.58359,41160107202.27792,40937523800.95934,34877982040.100006,52962142133.213196,53109859326.48318,39091939808.76641,60264341783.51126,38689714861.04983,34337064102.51402,25808485909.000946,60235590950.227585,15737125757.661045,48670509941.8732,47573944837.788536,25861374740.17906
48138149163.65359,26394343401.494274,60620893180.612434,19846203759.845173,39224738165.755974,34832775354.87325,33515261850.83238,51763535445.98653,14721126825.995129,39055964710.58359,41160107202.27792,40937523800.95934,34877982040.100006,52962142133.213196,53109859326.48317,39091939808.76641,60264341783.51126,38689714861.04983,34337064102.51402,25808485909.000946,60235590950.227585,15737125757.661045,48670509941.8732,47573944837.788536,25861374740.179054
48138149163.65359,26394343401.494274,60620893180.612434,19846203759.84517,39224738165.755974,34832775354.87325,33515261850.83238,51763535445.98653,14721126825.995129,39055964710.58359,41160107202.27792,40937523800.95934,34877982040.100006,52962142133.213196,53109859326.48317,39091939808.76641,60264341783.51126,38689714861.04983,34337064102.51402,25808485909.000946,60235590950.227585,15737125757.661045,48670509941.8732,47573944837.788536,25861374740.179054
48138149163.65359,26394343401.494274,60620893180.612434,19846203759.845165,39224738165.755974,34832775354.87325,33515261850.83238,51763535445.98653,14721126825.995129,39055964710.58359,41160107202.27792,40937523800.95934,34877982040.100006,52962142133.213196,53109859326.48317,39091939808.76641,60264341783.51126,38689714861.04983,34337064102.51402,25808485909.000946,60235590950.227585,15737125757.661045,48670509941.8732,47573944837.788536,25861374740.179054
48138149163.65359,26394343401.494274,60620893180.612434,19846203759.845165,39224738165.755974,34832775354.87325,33515261850.83238,51763535445.98653,14721126825.995129,39055964710.58359,41160107202.27792,40937523800.95934,34877982040.100006,52962142133.21319,53109859326.48317,39091939808.76641,60264341783.51126,38689714861.04983,34337064102.51402,25808485909.000946,60235590950.227585,15737125757.661045,48670509941.8732,47573944837.788536,25861374740.179054
48138149163.65359,26394343401.494274,60620893180.612434,19846203759.845165,39224738165.75597,34832775354.87325,33515261850.83238,51763535445.98653,14721126825.995129,39055964710.58359,41160107202.27792,40937523800.95934,34877982040.100006,52962142133.21319,53109859326.48316,39091939808.76641,60264341783.51126,38689714815.68441,34337064102.51402,25808485909.000946,60235590950.227585,15737125757.661045,48670509941.8732,47573944837.788536,25861374740.179054
48138149163.65359,26394343401.494274,60620893180.612434,19846203759.845165,39224738165.75597,34832775354.87325,33515261850.83238,51763535445.98653,14721126825.995129,39055964710.58359,41160107202.27792,40937523800.95934,34877982040.100006,52962142133.21319,53109859326.48316,39091939808.76641,60264341783.51126,38689714809.58508,34337064102.51402,25808485909.000946,60235590950.227585,15737125757.661045,48670509941.8732,47573944837.788536,25861374740.179054
48138149163.65359,26394343401.494274,60620893180.612434,19846203759.845165,39224738165.75597,34832775354.87325,33515261850.83238,51763535445.98653,14721126825.995129,39055964710.58359,41160107202.27792,40937523800.95934,34877982040.100006,52962142133.21319,53109859326.48316,39091939808.76641,60264341783.51126,38689714809.49886,34337064102.51402,25808485909.000946,60235590950.227585,15737125757.661045,48670509941.8732,47573944837.788536,25861374740.179054
48138149163.65359,26394343401.494274,60620893180.612434,19846203759.845165,39224738165.75597,34832775354.87325,33515261850.83237,51763535445.98653,14721126825.995129,39055964710.58359,41160107202.27792,40937523800.95934,34877982040.100006,52962142133.21319,53109859326.48316,39091939808.76641,60264341783.51126,38689714809.026215,34337064102.51402,25808485909.000946,60235590950.227585,15737125757.661045,48670509941.8732,47573944837.788536,25861374740.179054
48138149163.65359,26394343401.494274,60620893180.612434,19846203759.845165,39224738165.75597,34832775354.87325,33515261850.83237,51763535445.98653,14721126825.995129,39055964710.58359,41160107202.27792,40937523800.95934,34877982040.100006,52962142133.21319,53109859326.48316,39091939808.76641,60264341783.51126,38689714808.58159,34337064102.514015,25808485909.000946,60235590950.227585,15737125757.661043,48670509941.8732,47573944837.788536,25861374740.179054
48138149163.65359,26394343401.494274,60620893180.612434,19846203759.845165,39224738165.75597,34832775354.87325,33515261850.83237,51763535445.98653,14721126825.995129,39055964710.58359,41160107202.27792,40937523800.95934,34877982040.100006,52962142133.21319,53109859326.48316,39091939808.76641,60264341783.51126,38689714808.47613,34337064102.51401,25808485909.000946,60235590950.227585,15737125757.661041,48670509941.87319,47573944837.788536,25861374740.179054
48138149163.65359,26394343401.494274,60620893180.612434,19846203759.845165,39224738165.75597,34832775354.87325,33515261850.83237,51763535445.98653,14721126825.995129,39055964710.58359,41160107202.27792,40937523800.95934,34877982040.100006,52962142133.21319,53109859326.48316,39091939808.76641,60264341783.51126,38689714808.27797,34337064102.51401,25808485909.000946,60235590950.227585,15737125757.661041,48670509941.87319,47573944837.788536,25861374740.179054
48138149163.65359,26394343401.494274,60620893180.612434,19846203759.845165,39224738165.75596,34832775354.87325,33515261850.83237,51763535445.98653,14721126825.995129,39055964710.58359,41160107202.27792,40937523800.95934,34877982040.100006,52962142133.21319,53109859326.48314,39091939808.76641,60264341783.51126,38689714808.13621,34337064102.51401,25808485909.000946,60235590950.227585,15737125757.661041,48670509941.87319,47573944837.788536,25861374740.179054
48138149163.65359,26394343401.494274,60620893180.612434,19846203759.845165,39224738165.75596,34832775354.87325,33515261850.83237,51763535445.98653,14721126825.995129,39055964710.58359,41160107202.27792,40937523800.95934,34877982040.100006,52962142133.21319,53109859326.48314,39091939808.76641,60264341783.51126,38689714808.08635,34337064102.51401,25808485909.000946,60235590950.227585,15737125757.661041,48670509941.87319,47573944837.788536,25861374740.179054
48138149163.65359,26394343401.494274,60620893180.612434,19846203759.845165,39224738165.75596,34832775354.87325,33515261850.83237,51763535445.98653,14721126825.995129,39055964710.58359,41160107202.27792,40937523800.95934,34877982040.100006,52962142133.21319,53109859326.48314,39091939808.76641,60264341783.51126,38689714808.08635,34337064102.51401,25808485909.000946,60235590950.227585,15737125757.66104,48670509941.87319,47573944837.788536,25861374740.179054
48138149163.65359,26394343401.494274,60620893180.612434,19846203759.845165,39224738165.75596,34832775354.87325,33515261850.832367,51763535445.98653,14721126825.995129,39055964710.58359,41160107202.27792,40937523800.95934,34877982040.100006,52962142133.21319,53109859326.48314,39091939808.76641,60264341783.51126,38689714808.05545,34337064102.51401,25808485909.000946,60235590950.227585,15737125757.66104,48670509941.87319,47573944837.788536,25861374740.179054
48138149163.65359,26394343401.494274,60620893180.612434,19846203759.845165,39224738165.75596,34832775354.87325,33515261850.832367,51763535445.98653,14721126825.995129,39055964710.58359,41160107202.27792,40937523800.95934,34877982040.100006,52962142133.21319,53109859326.48314,39091939808.76641,60264341783.51126,38689714808.03945,34337064102.51401,25808485909.000946,60235590950.227585,15737125757.661037,48670509941.873184,47573944837.788536,25861374740.179054
48138149163.65359,26394343401.494274,60620893180.612434,19846203759.845165,39224738165.75596,34832775354.87325,33515261850.832367,51763535445.98653,14721126825.995129,39055964710.58359,41160107202.27792,40937523800.95934,34877982040.100006,52962142133.21319,53109859326.48314,39091939808.76641,60264341783.51126,38689714808.02744,34337064102.51401,25808485909.000946,60235590950.227585,15737125757.661037,48670509941.873184,47573944837.788536,25861374740.179047
48138149163.65359,26394343401.494274,60620893180.612434,19846203759.845165,39224738165.75596,34832775354.87325,33515261850.832367,51763535445.98653,14721126825.995129,39055964710.58359,41160107202.27792,40937523800.95934,34877982040.100006,52962142133.21319,53109859326.48314,39091939808.76641,60264341783.51126,38689714808.02543,34337064102.51401,25808485909.000946,60235590950.227585,15737125757.661037,48670509941.873184,47573944837.788536,25861374740.179047
48138149163.65359,26394343401.494274,60620893180.612434,19846203759.845165,39224738165.75596,34832775354.87325,33515261850.832367,51763535445.98653,14721126825.995129,39055964710.58359,41160107202.27792,40937523800.95934,34877982040.100006,52962142133.21319,53109859326.48314,39091939808.76641,60264341783.51126,38689714808.02406,34337064102.51401,25808485909.000946,60235590950.227585,15737125757.661037,48670509941.873184,47573944837.788536,25861374740.179047
48138149163.65359,26394343401.494274,60620893180.612434,19846203759.845165,39224738165.75596,34832775354.87325,33515261850.832367,51763535445.98653,14721126825.995129,39055964710.58359,41160107202.27792,40937523800.95934,34877982040.100006,52962142133.21319,53109859326.48314,39091939808.76641,60264341783.51126,38689714808.02344,34337064102.51401,25808485909.000946,60235590950.227585,15737125757.661037,48670509941.873184,47573944837.788536,25861374740.179047
48138149163.65359,26394343401.494274,60620893180.612434,19846203759.845165,39224738165.75596,34832775354.87325,33515261850.832367,51763535445.98653,14721126825.995129,39055964710.58359,41160107202.27792,40937523800.95934,34877982040.100006,52962142133.21319,53109859326.48314,39091939808.76641,60264341783.51126,38689714808.02333,34337064102.51401,25808485909.000946,60235590950.227585,15737125757.661037,48670509941.873184,47573944837.788536,25861374740.179047
48138149163.65359,26394343401.494274,60620893180.612434,19846203759.845165,39224738165.75596,34832775354.87325,33515261850.832367,51763535445.98653,14721126825.995129,39055964710.58359,41160107202.27792,40937523800.95934,34877982040.100006,52962142133.21319,53109859326.48314,39091939808.76641,60264341783.51126,38689714808.02311,34337064102.51401,25808485909.000946,60235590950.227585,15737125757.661037,48670509941.873184,47573944837.788536,25861374740.179043
48138149163.65359,26394343401.494274,60620893180.612434,19846203759.845165,39224738165.75596,34832775354.87325,33515261850.832367,51763535445.98653,14721126825.995129,39055964710.58359,41160107202.27792,40937523800.95934,34877982040.100006,52962142133.21319,53109859326.48314,39091939808.76641,60264341783.51126,38689714808.02301,34337064102.51401,25808485909.000946,60235590950.227585,15737125757.661037,48670509941.873184,47573944837.788536,25861374740.17904
48138149163.65359,26394343401.494274,60620893180.612434,19846203759.845165,39224738165.75596,34832775354.87325,33515261850.832367,51763535445.98653,14721126825.995129,39055964710.58359,41160107202.27792,40937523800.959335,34877982040.100006,52962142133.21319,53109859326.48314,39091939808.76641,60264341783.51126,38689714808.02301,34337064102.51401,25808485909.000946,60235590950.227585,15737125757.661037,48670509941.873184,47573944837.788536,25861374740.17904
48138149163.65359,26394343401.494274,60620893180.612434,19846203759.845165,39224738165.75596,34832775354.87325,33515261850.832367,51763535445.98653,14721126825.995127,39055964710.58359,41160107202.27792,40937523800.959335,34877982040.100006,52962142133.21319,53109859326.48314,39091939808.76641,60264341783.51126,38689714808.022964,34337064102.51401,25808485909.000946,60235590950.227585,15737125757.661037,48670509941.873184,47573944837.788536,25861374740.17904
48138149163.65359,26394343401.494274,60620893180.612434,19846203759.845165,39224738165.75596,34832775354.87325,33515261850.832367,51763535445.98653,14721126825.995127,39055964710.58359,41160107202.27792,40937523800.959335,34877982040.100006,52962142133.21319,53109859326.48314,39091939808.76641,60264341783.51126,38689714808.022964,34337064102.51401,25808485909.000946,60235590950.22758,15737125757.661037,48670509941.873184,47573944837.788536,25861374740.17904
48138149163.65359,26394343401.494274,60620893180.612434,19846203759.845165,39224738165.75596,34832775354.87325,33515261850.832367,51763535445.98653,14721126825.995125,39055964710.58359,41160107202.27792,40937523800.95933,34877982040.100006,52962142133.21319,53109859326.48314,39091939808.76641,60264341783.51126,38689714808.022964,34337064102.51401,25808485909.000946,60235590950.22758,15737125757.661037,48670509941.873184,47573944837.788536,25861374740.17904
48138149163.65359,26394343401.494274,60620893180.612434,19846203759.845165,39224738165.75596,34832775354.87325,33515261850.832367,51763535445.98653,14721126825.995125,39055964710.58359,41160107202.27792,40937523800.95933,34877982040.100006,52962142133.21319,53109859326.48314,39091939808.76641,60264341783.51126,38689714808.02296,34337064102.51401,25808485909.000946,60235590950.22758,15737125757.661037,48670509941.873184,47573944837.788536,25861374740.17904
48138149163.65359,26394343401.494274,60620893180.612434,19846203759.845165,39224738165.75596,34832775354.87325,33515261850.832363,51763535445.98653,14721126825.995125,39055964710.58359,41160107202.27792,40937523800.95933,34877982040.100006,52962142133.21319,53109859326.48314,39091939808.76641,60264341783.51126,38689714808.02296,34337064102.51401,25808485909.000946,60235590950.22758,15737125757.661037,48670509941.873184,47573944837.788536,25861374740.17904
48138149163.65359,26394343401.494274,60620893180.612434,19846203759.845165,39224738165.75596,34832775354.87325,33515261850.83236,51763535445.98653,14721126825.995125,39055964710.58359,41160107202.27792,40937523800.95933,34877982040.100006,52962142133.21319,53109859326.48314,39091939808.76641,60264341783.51126,38689714808.02296,34337064102.51401,25808485909.000946,60235590950.22758,15737125757.661036,48670509941.873184,47573944837.788536,25861374740.17904
48138149163.65359,26394343401.494274,60620893180.612434,19846203759.845165,39224738165.75596,34832775354.87325,33515261850.83236,51763535445.98653,14721126825.995123,39055964710.58359,41160107202.27792,40937523800.95933,34877982040.100006,52962142133.21319,53109859326.48314,39091939808.76641,60264341783.51126,38689714808.02295,34337064102.51401,25808485909.000946,60235590950.22758,15737125757.661034,48670509941.873184,47573944837.788536,25861374740.17904
48138149163.65359,26394343401.494274,60620893180.612434,19846203759.845165,39224738165.75596,34832775354.87325,33515261850.83236,51763535445.98653,14721126825.995123,39055964710.58359,41160107202.27792,40937523800.95933,34877982040.100006,52962142133.21319,53109859326.48313,39091939808.76641,60264341783.51126,38689714808.02295,34337064102.51401,25808485909.000946,60235590950.22758,15737125757.661034,48670509941.873184,47573944837.788536,25861374740.17904
48138149163.65357,26394343401.494274,60620893180.612434,19846203759.845165,39224738165.75596,34832775354.87325,33515261850.83236,51763535445.98653,14721126825.995123,39055964710.58359,41160107202.27792,40937523800.95933,34877982040.100006,52962142133.21319,53109859326.48313,39091939808.76641,60264341783.51126,38689714808.02295,34337064102.51401,25808485909.000946,60235590950.22758,15737125757.661034,48670509941.873184,47573944837.788536,25861374740.17904
48138149163.65357,26394343401.494274,60620893180.612434,19846203759.84516,39224738165.75596,34832775354.87325,33515261850.83236,51763535445.98653,14721126825.995123,39055964710.58359,41160107202.27792,40937523800.95933,34877982040.100006,52962142133.21319,53109859326.48312,39091939808.76641,60264341783.51126,38689714808.02294,34337064102.51401,25808485909.000946,60235590950.22758,15737125757.661034,48670509941.873184,47573944837.788536,25861374740.17904
48138149163.653564,26394343401.494274,60620893180.612434,19846203759.84516,39224738165.75596,34832775354.87325,33515261850.83236,51763535445.98653,14721126825.995123,39055964710.58359,41160107202.27792,40937523800.95933,34877982040.100006,52962142133.21319,53109859326.48312,39091939808.76641,60264341783.51126,38689714808.02294,34337064102.51401,25808485909.000946,60235590950.22758,15737125757.661032,48670509941.873184,47573944837.788536,25861374740.17904
48138149163.653564,26394343401.494274,60620893180.612434,19846203759.84516,39224738165.75596,34832775354.87325,33515261850.83236,51763535445.98653,14721126825.995123,39055964710.58359,41160107202.27792,40937523800.95933,34877982040.100006,52962142133.21319,53109859326.48311,39091939808.76641,60264341783.51126,38689714808.02294,34337064102.51401,25808485909.000946,60235590950.22758,15737125757.66103,48670509941.873184,47573944837.788536,25861374740.17904
48138149163.653564,26394343401.494274,60620893180.612434,19846203759.84516,39224738165.75596,34832775354.87325,33515261850.83236,51763535445.98653,14721126825.995121,39055964710.58359,41160107202.27792,40937523800.95933,34877982040.100006,52962142133.21319,53109859326.48311,39091939808.76641,60264341783.51126,38689714808.02294,34337064102.51401,25808485909.000946,60235590950.22757,15737125757.66103,48670509941.873184,47573944837.788536,25861374740.179035
48138149163.653564,26394343401.494274,60620893180.612434,19846203759.84516,39224735596.85817,34832775354.87325,33515261850.83236,51763535445.98653,14721126825.995121,39055964710.58359,41160107202.27792,40937523800.95933,34877982040.100006,52962142133.21319,53109859326.48311,39091939808.76641,60264341783.51126,38689714808.02294,34337064102.51401,25808485909.000946,60235590950.22757,15737125757.66103,48670509941.873184,47573944837.788536,25861374740.179035
48138149163.653564,26394343401.494274,60620893180.612434,19846203759.84516,39224735176.04697,34832775354.87325,33515261850.83236,51763535445.98653,14721126825.995121,39055964710.58359,41160107202.27792,40937523800.95933,34877982040.100006,52962142133.21319,53109859326.48311,39091939808.76641,60264341783.51126,38689714808.02294,34337064102.51401,25808485909.000946,60235590950.22757,15737125757.66103,48670509941.873184,47573944837.788536,25861374740.17903
48138149163.653564,26394343401.494274,60620893180.612434,19846203759.845158,39224735034.57705,34832775354.87325,33515261850.832355,51763535445.98653,14721126825.995121,39055964710.58359,41160107202.27792,40937523800.95933,34877982040.100006,52962142133.21319,53109859326.48311,39091939808.76641,60264341783.51126,38689714808.02294,34337064102.51401,25808485909.000946,60235590950.22757,15737125757.66103,48670509941.873184,47573944837.788536,25861374740.179028
48138149163.653564,26394343401.494274,60620893180.612434,19846203759.845158,39224735034.57705,34832775354.87325,33515261850.832355,51763535445.98653,14721126825.995121,39055964710.58359,41160107202.27792,40937523800.95933,34877982040.1,52962142133.21319,53109859326.48311,39091939808.76641,60264341783.51126,38689714808.02294,34337064102.51401,25808485909.000946,60235590950.22757,15737125757.66103,48670509941.873184,47573944837.788536,25861374740.179028
48138149163.653564,26394343401.494274,60620893180.612434,19846203759.845158,39224734984.68528,34832775354.87325,33515261850.832355,51763535445.98653,14721126825.995121,39055964710.58359,41160107202.27792,40937523800.95933,34877982040.1,52962142133.21319,53109859326.48311,39091939808.76641,60264341783.51126,38689714808.02294,34337064102.51401,25808485909.000946,60235590950.22757,15737125757.66103,48670509941.873184,47573944837.788536,25861374740.179028
48138149163.653564,26394343401.494274,60620893180.612434,19846203759.845154,39224734971.45973,34832775354.87325,33515261850.832355,51763535445.98653,14721126825.995121,39055964710.58359,41160107202.27792,40937523800.95933,34877982040.1,52962142133.21319,53109859326.48311,39091939808.76641,60264341783.51126,38689714808.02294,34337064102.51401,25808485909.000946,60235590950.22757,15737125757.66103,48670509941.873184,47573944837.788536,25861374740.179028
48138149163.653564,26394343401.494274,60620893180.612434,19846203759.84515,39224734954.01135,34832775354.87325,33515261850.83235,51763535445.98653,14721126825.995121,39055964710.58359,41160107202.27792,40937523800.95933,34877982040.1,52962142133.21319,53109859326.48311,39091939808.76641,60264341783.51126,38689714808.022934,34337064102.51401,25808485909.000946,60235590950.22757,15737125757.66103,48670509941.873184,47573944837.788536,25861374740.179028
48138149163.653564,26394343401.494274,60620893180.612434,19846203759.84515,39224734946.900085,34832775354.87325,33515261850.83235,51763535445.98653,14721126825.99512,39055964710.58359,41160107202.277916,40937523800.95933,34877982040.1,52962142133.21319,53109859326.48311,39091939808.76641,60264341783.51126,38689714808.022934,34337064102.51401,25808485909.000946,60235590950.22757,15737125757.66103,48670509941.873184,47573944837.788536,25861374740.179028
48138149163.653564,26394343401.494274,60620893180.612434,19846203759.84515,39224734939.11463,34832775354.87325,33515261850.83235,51763535445.98653,14721126825.99512,39055964710.58359,41160107202.277916,40937523800.95933,34877982040.1,52962142133.21319,53109859326.48311,39091939808.76641,60264341783.51126,38689714808.022934,34337064102.51401,25808485909.000946,60235590950.22757,15737125757.66103,48670509941.873184,47573944837.788536,25861374740.179028
48138149163.653564,26394343401.494274,60620893180.612434,19846203759.84515,39224734935.61116,34832775354.87325,33515261850.83235,51763535445.98653,14721126825.99512,39055964710.58359,41160107202.27791,40937523800.95933,34877982040.1,52962142133.21319,53109859326.48311,39091939808.76641,60264341783.51126,38689714808.022934,34337064102.51401,25808485909.000946,60235590950.22757,15737125757.66103,48670509941.873184,47573944837.788536,25861374740.179028
48138149163.653564,26394343401.494274,60620893180.612434,19846203759.84515,39224734932.807846,34832775354.87325,33515261850.83235,51763535445.98653,14721126825.99512,39055964710.58359,41160107202.27791,40937523800.95932,34877982040.1,52962142133.21319,53109859326.48311,39091939808.76641,60264341783.51126,38689714808.022934,34337064102.51401,25808485909.000946,60235590950.22757,15737125757.66103,48670509941.873184,47573944837.788536,25861374740.179028
48138149163.653564,26394343401.494274,60620893180.612434,19846203759.84515,39224734931.42694,34832775354.87325,33515261850.83235,51763535445.98653,14721126825.99512,39055964710.58359,41160107202.27791,40937523800.95932,34877982040.1,52962142133.21319,53109859326.48311,39091939808.76641,60264341783.51126,38689714808.02293,34337064102.51401,25808485909.000946,60235590950.227554,15737125757.66103,48670509941.873184,47573944837.788536,25861374740.179028
48138149163.65355,26394343401.494274,60620893180.612434,19846203759.84515,39224734930.0963,34832775354.87325,33515261850.83235,51763535445.98653,14721126825.99512,39055964710.58359,41160107202.27791,40937523800.95932,34877982040.1,52962142133.21319,53109859326.48311,39091939808.76641,60264341783.51126,38689714808.02293,34337064102.51401,25808485909.000946,60235590950.22754,15737125757.66103,48670509941.873184,47573944837.788536,25861374740.179028
48138149163.65355,26394343401.494274,60620893180.612434,19846203759.84515,39224734929.01048,34832775354.87325,33515261850.83235,51763535445.98653,14721126825.99512,39055964710.58359,41160107202.27791,40937523800.95932,34877982040.1,52962142133.21319,53109859326.48311,39091939808.76641,60264341783.51126,38689714808.02293,34337064102.51401,25808485909.000946,60235590950.22754,15737125757.66103,48670509941.873184,47573944837.788536,25861374740.179028
48138149163.65355,26394343401.494274,60620893180.612434,19846203759.84515,39224734929.01048,34832775354.87325,33515261850.83235,51763535445.98653,14721126825.99512,39055964710.58359,41160107202.27791,40937523800.95932,34877982040.1,52962142133.21319,53109859326.48311,39091939808.76641,60264341783.51126,38689714808.02293,34337064102.51401,25808485909.000946,60235590950.22754,15737125757.66103,48670509941.873184,47573944837.788536,25861374740.179028
48138149163.65355,26394343401.494274,60620893180.612434,19846203759.84515,39224734929.01048,34832775354.87325,33515261850.83235,51763535445.98653,14721126825.99512,39055964710.58359,41160107202.27791,40937523800.95932,34877982040.1,52962142133.21319,53109859326.48311,39091939808.76641,60264341783.51126,38689714808.02293,34337064102.51401,25808485909.000946,60235590950.22754,15737125757.66103,48670509941.873184,47573944837.788536,25861374740.179028
48138149163.65355,26394343401.494274,60620893180.612434,19846203759.84515,39224734928.85387,34832775354.87325,33515261850.83235,51763535445.98653,14721126825.99512,39055964710.58359,41160107202.27791,40937523800.95932,34877982040.1,52962142133.21319,53109859326.4831,39091939808.76641,60264341783.51126,38689714808.02293,34337064102.51401,25808485909.000946,60235590950.22754,15737125757.66103,48670509941.873184,47573944837.788536,25861374740.179028
48138149163.65355,26394343401.494274,60620893180.612434,19846203759.84515,39224734928.81371,34832775354.87325,33515261850.83235,51763535445.98653,14721126825.99512,39055964710.58359,41160107202.27791,40937523800.95932,34877982040.1,52962142133.21319,53109859326.4831,39091939808.76641,60264341783.51126,38689714808.02293,34337064102.51401,25808485909.000946,60235590950.22754,15737125757.66103,48670509941.873184,47573944837.788536,25861374740.179028
48138149163.65355,26394343401.494274,60620893180.612434,19846203759.84515,39224734928.7627,34832775354.87325,33515261850.83235,51763535445.98653,14721126825.99512,39055964710.58359,41160107202.27791,40937523800.95932,34877982040.1,52962142133.21319,53109859326.4831,39091939808.76641,60264341783.51126,38689714808.02293,34337064102.51401,25808485909.000946,60235590950.22754,15737125757.66103,48670509941.873184,47573944837.788536,25861374740.179028
48138149163.65355,26394343401.494274,60620893180.612434,19846203759.84515,39224734928.75538,34832775354.87325,33515261850.83235,51763535445.98653,14721126825.99512,39055964710.58359,41160107202.27791,40937523800.95932,34877982040.1,52962142133.21319,53109859326.4831,39091939808.76641,60264341783.51126,38689714808.02293,34337064102.51401,25808485909.000946,60235590950.22754,15737125757.66103,48670509941.873184,47573944837.788536,25861374740.179028
48138149163.65355,26394343401.494274,60620893180.612434,19846203759.84515,39224734928.74426,34832775354.87325,33515261850.83235,51763535445.98653,14721126825.99512,39055964710.58359,41160107202.27791,40937523800.95932,34877982040.1,52962142133.21319,53109859326.4831,39091939808.76641,60264341783.51126,38689714808.02293,34337064102.51401,25808485909.000946,60235590950.22754,15737125757.66103,48670509941.873184,47573944837.788536,25861374740.179028
48138149163.65354,26394343401.494274,60620893180.612434,19846203759.84515,39224734928.74208,34832775354.87325,33515261850.83235,51763535445.98653,14721126825.99512,39055964710.58359,41160107202.27791,40937523800.95932,34877982040.1,52962142133.21319,53109859326.4831,39091939808.76641,60264341783.51126,38689714808.02293,34337064102.51401,25808485909.000946,60235590950.22754,15737125757.66103,48670509941.873184,47573944837.788536,25861374740.179028
48138149163.65354,26394343401.494274,60620893180.612434,19846203759.84515,39224734928.738625,34832775354.87325,33515261850.83235,51763535445.98653,14721126825.99512,39055964710.58359,41160107202.27791,40937523800.95932,34877982040.1,52962142133.21319,53109859326.48309,39091939808.76641,60264341783.51126,38689714808.02293,34337064102.51401,25808485909.000946,60235590950.22754,15737125757.66103,48670509941.873184,47573944837.788536,25861374740.179028
48138149163.653534,26394343401.494274,60620893180.612434,19846203759.84515,39224734928.73643,34832775354.87325,33515261850.83235,51763535445.98653,14721126825.99512,39055964710.58359,41160107202.27791,40937523800.95932,34877982040.1,52962142133.21319,53109859326.48309,39091939808.76641,60264341783.51126,38689714808.02293,34337064102.51401,25808485909.000946,60235590950.22754,15737125757.66103,48670509941.873184,47573944837.788536,25861374740.179028
48138149163.65353,26394343401.494274,60620893180.612434,19846203759.84515,39224734928.73506,34832775354.87325,33515261850.83235,51763535445.98653,14721126825.99512,39055964710.58359,41160107202.27791,40937523800.95932,34877982040.1,52962142133.21319,53109859326.48309,39091939808.76641,60264341783.51126,38689714808.02293,34337064102.51401,25808485909.000946,60235590950.22754,15737125757.66103,48670509941.873184,47573944837.788536,25861374740.179028
48138149163.65353,26394343401.494274,60620893180.612434,19846203759.84515,39224734928.734116,34832775354.87325,33515261850.83235,51763535445.98653,14721126825.99512,39055964710.58359,41160107202.27791,40937523800.95932,34877982040.1,52962142133.21319,53109859326.48309,39091939808.76641,60264341783.51126,38689714808.02293,34337064102.51401,25808485909.000946,60235590950.22754,15737125757.66103,48670509941.873184,47573944837.788536,25861374740.179028
48138149163.65353,26394343401.494274,60620893180.612434,19846203759.84515,39224734928.73335,34832775354.87325,33515261850.83235,51763535445.98653,14721126825.99512,39055964710.58359,41160107202.27791,40937523800.95932,34877982040.1,52962142133.21319,53109859326.48309,39091939808.76641,60264341783.51126,38689714808.02293,34337064102.51401,25808485909.000946,60235590950.22754,15737125757.66103,48670509941.873184,47573944837.788536,25861374740.179028
48138149163.65353,26394343401.494274,60620893180.612434,19846203759.84515,39224734928.73303,34832775354.87325,33515261850.83235,51763535445.98653,14721126825.99512,39055964710.58359,41160107202.27791,40937523800.95932,34877982040.1,52962142133.21319,53109859326.48309,39091939808.76641,60264341783.51126,38689714808.02293,34337064102.51401,25808485909.000946,60235590950.22754,15737125757.66103,48670509941.873184,47573944837.788536,25861374740.179028
48138149163.65353,26394343401.494274,60620893180.612434,19846203759.84515,39224734928.73303,34832775354.87325,33515261850.83235,51763535445.98653,14721126825.99512,39055964710.58359,41160107202.27791,40937523800.95932,34877982040.1,52962142133.21319,53109859326.48309,39091939808.76641,60264341783.51126,38689714808.02293,34337064102.51401,25808485909.000946,60235590950.22754,15737125757.66103,48670509941.873184,47573944837.788536,25861374740.179028
48138149163.65352,26394343401.494274,60620893180.612434,19846203759.84515,39224734928.73295,34832775354.87325,33515261850.83235,51763535445.98653,14721126825.99512,39055964710.58359,41160107202.27791,40937523800.95932,34877982040.1,52962142133.21319,53109859326.48309,39091939808.76641,60264341783.51126,38689714808.02293,34337064102.51401,25808485909.000946,60235590950.22754,15737125757.66103,48670509941.873184,47573944837.788536,25861374740.179028
48138149163.65352,26394343401.494274,60620893180.612434,19846203759.84515,39224734928.73292,34832775354.87325,33515261850.83235,51763535445.98653,14721126825.99512,39055964710.58359,41160107202.27791,40937523800.95932,34877982040.1,52962142133.21319,53109859326.48309,39091939808.76641,60264341783.51126,38689714808.02293,34337064102.51401,25808485909.000946,60235590950.22754,15737125757.66103,48670509941.873184,47573944837.788536,25861374740.179028
48138149163.65352,26394343401.494274,60620893180.612434,19846203759.84515,39224734928.73289,34832775354.87325,33515261850.83235,51763535445.98653,14721126825.99512,39055964710.58359,41160107202.27791,40937523800.95932,34877982040.1,52962142133.21319,53109859326.48309,39091939808.76641,60264341783.51126,38689714808.02293,34337064102.51401,25808485909.000946,60235590950.22754,15737125757.66103,48670509941.873184,47573944837.788536,25861374740.179028
48138149163.65351,26394343401.494274,60620893180.612434,19846203759.84515,39224734928.73286,34832775354.87325,33515261850.83235,51763535445.98653,14721126825.99512,39055964710.58359,41160107202.27791,40937523800.95932,34877982040.1,52962142133.21319,53109859326.48309,39091939808.76641,60264341783.51126,38689714808.02293,34337064102.51401,25808485909.000946,60235590950.22754,15737125757.66103,48670509941.873184,47573944837.788536,25861374740.179028
48138149163.65351,26394343401.494274,60620893180.612434,19846203759.84515,39224734928.73286,34832775354.87325,33515261850.83235,51763535445.98653,14721126825.99512,39055964710.58359,41160107202.27791,40937523800.95932,34877982040.1,52962142133.21319,53109859326.48309,39091939808.76641,60264341783.51126,38689714808.02293,34337064102.51401,25808485909.000946,60235590950.22754,15737125757.66103,48670509941.873184,47573944837.788536,25861374740.179028
48138149163.65351,26394343401.494274,60620893180.612434,19846203759.84515,39224734928.73285,34832775354.87325,33515261850.83235,51763535445.98653,14721126825.99512,39055964710.58359,41160107202.27791,40937523800.95932,34877982040.1,52962142133.21319,53109859326.48309,39091939808.76641,60264341783.51126,38689714808.02293,34337064102.514008,25808485909.000946,60235590950.22754,15737125757.66103,48670509941.873184,47573944837.788536,25861374740.179028
48138149163.65351,26394343401.494274,60620893180.612434,19846203759.84515,39224734928.73285,34832775354.87325,33515261850.83235,51763535445.98653,14721126825.99512,39055964710.58359,41160107202.27791,40937523800.95932,34877982040.1,52962142133.21319,53109859326.48309,39091939808.76641,60264341783.51126,38689714808.02293,34337064102.514008,25808485909.000946,60235590950.22754,15737125757.66103,48670509941.873184,47573944837.788536,25861374740.179028
48138149163.65351,26394343401.494274,60620893180.612434,19846203759.845146,39224734928.73285,34832775354.87325,33515261850.83235,51763535445.98653,14721126825.99512,39055964710.58359,41160107202.27791,40937523800.95932,34877982040.1,52962142133.21319,53109859326.48309,39091939808.76641,60264341783.51126,38689714808.02292,34337064102.514008,25808485909.000946,60235590950.22754,15737125757.66103,48670509941.873184,47573944837.788536,25861374740.179028
48138149163.65351,26394343401.494274,60620893180.612434,19846203759.845142,39224734928.73285,34832775354.87325,33515261850.832348,51763535445.98653,14721126825.99512,39055964710.58359,41160106297.11847,40937523800.95932,34877982040.1,52962142133.21319,53109859326.48309,39091939808.76641,60264341783.51126,38689714808.02292,34337064102.514004,25808485909.000946,60235590950.22754,15737125757.66103,48670509941.873184,47573944837.788536,25861374740.179028
48138149163.65351,26394343401.494274,60620893180.612434,19846203759.845142,39224734928.73285,34832775354.87325,33515261850.832348,51763535445.98653,14721126825.99512,39055964710.58359,41160106132.95393,40937523800.95932,34877982040.1,52962142133.21319,53109859326.48309,39091939808.7664,60264341783.51126,38689714808.02292,34337064102.514004,25808485909.000946,60235590950.22754,15737125757.66103,48670509941.873184,47573944837.788536,25861374740.179028
48138149163.65351,26394343401.494274,60620893180.612434,19846203759.845142,39224734928.73285,34832775354.87325,33515261850.832348,51763535445.98653,14721126825.99512,39055964710.58359,41160106132.95393,40937523800.95932,34877982040.1,52962142133.21319,53109859326.48309,39091939808.7664,60264341783.51126,38689714808.02292,34337064102.514004,25808485909.000946,60235590950.22754,15737125757.66103,48670509941.873184,47573944837.788536,25861374740.179028
48138149163.65351,26394343401.494274,60620893180.612434,19846203759.845142,39224734928.73284,34832775354.87325,33515261850.832348,51763535445.98653,14721126825.99512,39055964710.58359,41160106132.95393,40937523800.95932,34877982040.1,52962142133.21319,53109859326.48309,39091939808.7664,60264341783.51126,38689714808.02292,34337064102.514004,25808485909.000946,60235590950.22754,15737125757.66103,48670509941.873184,47573944837.788536,25861374740.179028
48138149163.65351,26394343401.494274,60620893180.612434,19846203759.845142,39224734928.73284,34832775354.87325,33515261850.832348,51763535445.98653,14721126825.99512,39055964710.58359,41160106132.95391,40937523800.95932,34877982040.1,52962142133.21319,53109859326.48309,39091939808.7664,60264341783.51126,38689714808.02292,34337064102.514004,25808485909.000946,60235590950.22754,15737125757.66103,48670509941.873184,47573944837.788536,25861374740.179028
48138149163.65351,26394343401.494274,60620893180.612434,19846203759.845142,39224734928.73284,34832775354.87325,33515261850.832348,51763535445.98653,14721126825.99512,39055964710.58359,41160106132.95391,40937523800.95932,34877982040.1,52962142133.21319,53109859326.48309,39091939808.7664,60264341783.51126,38689714808.02292,34337064102.514004,25808485909.000946,60235590950.22754,15737125757.66103,48670509941.873184,47573944837.788536,25861374740.179028
48138149163.65351,26394343401.494274,60620893180.612434,19846203759.845142,39224734928.73284,34832775354.87325,33515261850.832348,51763535445.98653,14721126825.99512,39055964710.58359,41160106132.9539,40937523800.95932,34877982040.1,52962142133.21319,53109859326.483086,39091939808.7664,60264341783.51126,38689714808.02292,34337064102.514004,25808485909.000946,60235590950.22754,15737125757.66103,48670509941.873184,47573944837.788536,25861374740.179028
48138149163.65351,26394343401.494274,60620893180.612434,19846203759.845142,39224734928.73284,34832775354.87325,33515261850.832344,51763535445.98653,14721126825.99512,39055964710.58359,41160106132.95389,40937523800.95932,34877982040.1,52962142133.21318,53109859326.483086,39091939808.7664,60264341783.51126,38689714808.02292,34337064102.514004,25808485909.000946,60235590950.22754,15737125757.66103,48670509941.873184,47573944837.788536,25861374740.179028
48138149163.65351,26394343401.494274,60620893180.612434,19846203759.845142,39224734928.73284,34832775354.87325,33515261850.832344,51763535445.98653,14721126825.99512,39055964710.58359,41160106132.95389,40937523800.95932,34877982040.1,52962142133.21317,53109859326.483086,39091939808.7664,60264341783.51126,38689714808.02292,34337064102.514004,25808485909.000946,60235590950.22754,15737125757.66103,48670509941.873184,47573944837.788536,25861374740.179028
48138149163.65351,26394343401.494274,60620893180.612434,19846203759.845142,39224734928.732834,34832775354.87325,33515261850.832344,51763535445.98653,14721126825.99512,39055964710.58359,41160106132.95389,40937523800.95932,34877982040.1,52962142133.21317,53109859326.483086,39091939808.7664,60264341783.51126,38689714808.02292,34337064102.514004,25808485909.000946,60235590950.22754,15737125757.66103,48670509941.873184,47573944837.788536,25861374740.179028
48138149163.65351,26394343401.494274,60620893180.612434,19846203759.845142,39224734928.732834,34832775354.87325,33515261850.832344,51763535445.98653,14721126825.99512,39055964710.58359,41160106132.95388,40937523800.95932,34877982040.1,52962142133.21317,53109859326.483086,39091939808.7664,60264341783.51126,38689714808.02292,34337064102.514004,25808485909.000946,60235590950.22754,15737125757.66103,48670509941.873184,47573944837.788536,25861374740.179028
48138149163.65351,26394343401.494274,60620893180.612434,19846203759.84514,39224734928.732834,34832775354.87325,33515261850.832344,51763535445.98653,14721126825.99512,39055964710.58359,41160106132.95388,40937523800.95932,34877982040.1,52962142133.21317,53109859326.483086,39091939808.7664,60264341783.51126,38689714808.02292,34337064102.514004,25808485909.000946,60235590950.22754,15737125757.66103,48670509941.873184,47573944837.788536,25861374740.179028
48138149163.65351,26394343401.494274,60620893180.612434,19846203759.84514,39224734928.73283,34832775354.87325,33515261850.832344,51763535445.98653,14721126825.99512,39055964710.58359,41160106132.95387,40937523800.95932,34877982040.1,52962142133.21317,53109859326.483086,39091939808.7664,60264341783.51126,38689714808.02292,34337064102.514004,25808485909.000946,60235590950.22754,15737125757.66103,48670509941.873184,47573944837.788536,25861374740.179028
48138149163.65351,26394343401.494274,60620893180.612434,19846203759.84514,39224734928.73283,34832775354.87325,33515261850.832344,51763535445.98653,14721126825.99512,39055964710.58359,41160106132.95387,40937523800.95932,34877982040.1,52962142133.21317,53109859326.483086,39091939808.7664,60264341783.51126,38689714808.02292,34337064102.514004,25808485909.000946,60235590950.22754,15737125757.66103,48670509941.873184,47573944837.788536,25861374740.179028
48138149163.65351,26394343401.494274,60620893180.612434,19846203759.84514,39224734928.73283,34832775354.87325,33515261850.83234,51763535445.98653,14721126825.99512,39055964710.58359,41160106132.95387,40937523800.95932,34877982040.1,52962142133.21317,53109859326.483086,39091939808.7664,60264341783.51126,38689714808.02292,34337064102.514004,25808485909.000946,60235590950.22754,15737125757.66103,48670509941.873184,47573944837.788536,25861374740.179028
48138149163.65351,26394343401.494274,60620893180.612434,19846203759.84514,39224734928.73283,34832775354.87325,33515261850.832336,51763535445.98653,14721126825.99512,39055964710.58359,41160106132.95387,40937523800.95932,34877982040.1,52962142133.21317,53109859326.483086,39091939808.7664,60264341783.51126,38689714808.02292,34337064102.514004,25808485909.000946,60235590950.22754,15737125757.66103,48670509941.873184,47573944837.788536,25861374740.179028
48138149163.65351,26394343401.494274,60620893180.612434,19846203759.84514,39224734928.73283,34832775354.87325,33515261850.832336,51763535445.98653,14721126825.99512,39055964710.58359,41160106132.95387,40937523800.95932,34877982040.1,52962142133.21317,53109859326.483086,39091939808.7664,60264341783.51126,38689714808.02292,34337064102.514004,25808485909.000946,60235590950.22754,15737125757.66103,48670509941.873184,47573944837.788536,25861374740.179028
48138149163.65351,26394343401.494274,60620893180.612434,19846203759.84514,39224734928.73283,34832775354.87325,33515261850.832336,51763535445.98653,14721126825.99512,39055964710.58359,41160106132.953865,40937523800.95932,34877982040.1,52962142133.21317,53109859326.483086,39091939808.7664,60264341783.51126,38689714808.02292,34337064102.514004,25808485909.000946,60235590950.22754,15737125757.66103,48670509941.873184,47573944837.788536,25861374740.179028
48138149163.65351,26394343401.494274,60620893180.612434,19846203759.845135,39224734928.73283,34832775354.87325,33515261850.832336,51763535445.98653,14721126825.99512,39055964710.58359,41160106132.953865,40937523800.95932,34877982040.1,52962142133.21317,53109859326.483086,39091939808.7664,60264341783.51126,38689714808.02292,34337064102.514004,25808485909.000946,60235590950.22754,15737125757.66103,48670509941.873184,47573944837.788536,25861374740.179028
48138149163.65351,26394343401.494274,60620893180.612434,19846203759.845135,39224734928.73283,34832775354.87325,33515261850.832336,51763535445.98653,14721126825.99512,39055964710.58359,41160106132.953865,40937523800.95932,34877982040.1,52962142133.21317,53109859326.483086,39091939808.7664,60264341783.51126,38689714808.02291,34337064102.514004,25808485909.000946,60235590950.22754,15737125757.66103,48670509941.873184,47573944837.788536,25861374740.179028
48138149163.65351,26394343401.494274,60620893180.612434,19846203759.845135,39224734928.73283,34832775354.87325,33515261850.832336,51763535445.98653,14721126825.99512,39055964710.58359,41160106132.953865,40937523800.95932,34877982040.1,52962142133.213165,53109859326.483086,39091939808.7664,60264341783.51126,38689714808.02291,34337064102.514004,25808485909.000946,60235590950.22754,15737125757.66103,48670509941.873184,47573944837.788536,25861374740.179028
48138149163.65351,26394343401.494274,60620893180.612434,19846203759.845135,39224734928.73282,34832775354.87325,33515261850.832336,51763535445.98653,14721126825.99512,39055964710.58359,41160106132.953865,40937523800.95932,34877982040.1,52962142133.21316,53109859326.483086,39091939808.7664,60264341783.51126,38689714808.02291,34337064102.514004,25808485909.000946,60235590950.22754,15737125757.66103,48670509941.873184,47573944837.788536,25861374740.179028
48138149163.65351,26394343401.494274,60620893180.612434,19846203759.845135,39224734928.73282,34832775354.87325,33515261850.832336,51763535445.98653,14721126825.99512,39055964710.58359,41160106132.953865,40937523800.95932,34877982040.1,52962142133.21316,53109859326.483086,39091939808.7664,60264341783.51126,38689714808.02291,34337064102.514004,25808485909.000946,60235590950.22754,15737125757.66103,48670509941.873184,47573944837.788536,25861374740.179028
48138149163.65351,26394343401.494274,60620893180.612434,19846203759.845135,39224734928.73281,34832775354.87325,33515261850.832336,51763535445.98653,14721126825.99512,39055964710.58359,41160106132.953865,40937523800.95932,34877982040.1,52962142133.21316,53109859326.483086,39091939808.7664,60264341783.51126,38689714808.02291,34337064102.514004,25808485909.000946,60235590950.22754,15737125757.661028,48670509941.873184,47573944837.788536,25861374740.179028
48138149163.65351,26394343401.494274,60620893180.612434,19846203759.845135,39224734928.73281,34832775354.87325,33515261850.832336,51763535445.98653,14721126825.99512,39055964710.58359,41160106132.953865,40937523800.95932,34877982040.1,52962142133.21316,53109859326.483086,39091939808.7664,60264341783.51126,38689714808.02291,34337064102.514004,25808485909.000946,60235590950.22754,15737125757.661026,48670509941.873184,47573944837.788536,25861374740.179028
48138149163.65351,26394343401.494274,60620893180.612434,19846203759.845135,39224734928.73281,34832775354.87325,33515261850.832336,51763535445.98653,14721126825.99512,39055964710.58359,41160106132.953865,40937523800.95932,34877982040.1,52962142133.21316,53109859326.483086,39091939808.7664,60264341783.51126,38689714808.02291,34337064102.514004,25808485909.000946,60235590950.22754,15737125757.661026,48670509941.873184,47573944837.788536,25861374740.179028
48138149163.65351,26394343401.494274,60620893180.612434,19846203759.845135,39224734928.73281,34832775354.87325,33515261850.832336,51763535445.98653,14721126825.99512,39055964710.58359,41160106132.95386,40937523800.95932,34877982040.1,52962142133.21316,53109859326.483086,39091939808.7664,60264341783.51126,38689714808.02291,34337064102.514004,25808485909.000946,60235590950.22754,15737125757.661026,48670509941.873184,47573944837.788536,25861374740.179028
48138149163.65351,26394343401.494274,60620893180.612434,19846203759.845135,39224734928.73281,34832775354.87325,33515261850.832336,51763535445.98653,14721126825.99512,39055964710.58359,41160106132.95386,40937523800.95932,34877982040.1,52962142133.21316,53109859326.483086,39091939808.7664,60264341783.51126,38689714808.02291,34337064102.514004,25808485909.000946,60235590950.22754,15737125757.661026,48670509941.873184,47573944837.788536,25861374740.179028
48138149163.65351,26394343401.494274,60620893180.612434,19846203759.845135,39224734928.73281,34832775354.87325,33515261850.832336,51763535445.98653,14721126825.99512,39055964710.58359,41160106132.95386,40937523800.95932,34877982040.1,52962142133.21316,53109859326.483086,39091939808.7664,60264341783.51126,38689714808.02291,34337064102.514004,25808485909.000946,60235590950.22754,15737125757.661026,48670509941.873184,47573944837.788536,25861374740.179028
48138149163.65351,26394343401.494274,60620893180.612434,19846203759.845135,39224734928.73281,34832775354.87325,33515261850.832336,51763535445.98653,14721126825.99512,39055964710.58359,41160106132.95386,40937523800.95932,34877982040.1,52962142133.21316,53109859326.483086,39091939808.7664,60264341783.51126,38689714808.02291,34337064102.514004,25808485909.000946,60235590950.22754,15737125757.661026,48670509941.873184,47573944837.788536,25861374740.179028
48138149163.65351,26394343401.494274,60620893180.612434,19846203759.845135,39224734928.73281,34832775354.87325,33515261850.832336,51763535445.98653,14721126825.99512,39055964710.58359,41160106132.95386,40937523800.95932,34877982040.1,52962142133.21316,53109859326.483086,39091939808.7664,60264341783.51126,38689714808.02291,34337064102.514004,25808485909.000946,60235590950.22754,15737125757.661026,48670509941.873184,47573944837.788536,25861374740.179028
48138149163.65351,26394343401.494274,60620893180.612434,19846203759.845135,39224734928.73281,34832775354.87325,33515261850.832336,51763535445.98653,14721126825.99512,39055964710.58359,41160106132.95386,40937523800.95932,34877982040.1,52962142133.21316,53109859326.483086,39091939808.7664,60264341783.51126,38689714808.02291,34337064102.514004,25808485909.000946,60235590950.22754,15737125757.661026,48670509941.873184,47573944837.788536,25861374740.179028
48138149163.65351,26394343401.494274,60620893180.612434,19846203759.845135,39224734928.73281,34832775354.87325,33515261850.832336,51763535445.98653,14721126825.99512,39055964710.58359,41160106132.95385,40937523800.95932,34877982040.1,52962142133.21316,53109859326.483086,39091939808.7664,60264341783.51126,38689714808.02291,34337064102.514004,25808485909.000946,60235590950.22754,15737125757.661024,48670509941.873184,47573944837.788536,25861374740.179028
48138149163.65351,26394343401.494274,60620893180.612434,19846203759.845135,39224734928.73281,34832775354.87325,33515261850.832336,51763535445.98653,14721126825.99512,39055964710.58359,41160106132.95384,40937523800.95932,34877982040.1,52962142133.21316,53109859326.483086,39091939808.7664,60264341783.51126,38689714808.02291,34337064102.514004,25808485909.000946,60235590950.22754,15737125757.661024,48670509941.873184,47573944837.788536,25861374740.179028
48138149163.65351,26394343401.494274,60620893180.612434,19846203759.845135,39224734928.73281,34832775354.87325,33515261850.832336,51763535445.98653,14721126825.99512,39055964710.58359,41160106132.95384,40937523800.95932,34877982040.1,52962142133.21316,53109859326.483086,39091939808.7664,60264341783.51126,38689714808.02291,34337064102.514004,25808485909.000946,60235590950.22754,15737125757.661024,48670509941.873184,47573944837.788536,25861374740.179028
48138149163.65351,26394343401.494274,60620893180.612434,19846203759.845135,39224734928.7328,34832775354.87325,33515261850.832336,51763535445.98653,14721126825.99512,39055964710.58359,41160106132.95384,40937523800.95932,34877982040.1,52962142133.21316,53109859326.483086,39091939808.7664,60264341783.51126,38689714808.02291,34337064102.514004,25808485909.000946,60235590950.22754,15737125757.661024,48670509941.873184,47573944837.788536,25861374740.179028
48138149163.65351,26394343401.494274,60620893180.612434,19846203759.845135,39224734928.7328,34832775354.87325,33515261850.832333,51763535445.98653,14721126825.99512,39055964710.58359,41160106132.95384,40937523800.95932,34877982040.1,52962142133.21316,53109859326.483086,39091939808.7664,60264341783.51126,38689714808.02291,34337064102.514004,25808485909.000946,60235590950.22754,15737125757.661022,48670509941.873184,47573944837.788536,25861374740.179028
48138149163.65351,26394343401.494274,60620893180.612434,19846203759.845135,39224734928.7328,34832775354.87325,33515261850.832333,51763535445.98653,14721126825.99512,39055964710.58359,41160106132.95384,40937523800.95932,34877982040.1,52962142133.21316,53109859326.483086,39091939808.7664,60264341783.51126,38689714808.02291,34337064102.514004,25808485909.000946,60235590950.22754,15737125757.661022,48670509941.873184,47573944837.788536,25861374740.179028
48138149163.65351,26394343401.494274,60620893180.612434,19846203759.845135,39224734928.7328,34832775354.87325,33515261850.832333,51763535445.98653,14721126825.99512,39055964710.58359,41160106132.953835,40937523800.95932,34877982040.1,52962142133.21316,53109859326.483086,39091939808.7664,60264341783.51126,38689714808.02291,34337064102.514004,25808485909.000946,60235590950.22754,15737125757.661022,48670509941.873184,47573944837.788536,25861374740.179028
48138149163.65351,26394343401.494274,60620893180.612434,19846203759.845135,39224734928.7328,34832775354.87325,33515261850.832333,51763535445.98653,14721126825.99512,39055964710.58359,41160106132.953835,40937523800.95932,34877982040.1,52962142133.21316,53109859326.483086,39091939808.7664,60264341783.51126,38689714808.02291,34337064102.514004,25808485909.000946,60235590950.22754,15737125757.661022,48670509941.873184,47573944837.788536,25861374740.179028
48138149163.65351,26394343401.494274,60620893180.612434,19846203759.845135,39224734928.7328,34832775354.87325,33515261850.832333,51763535445.98653,14721126825.99512,39055964710.58359,41160106132.953835,40937523800.95932,34877982040.1,52962142133.21316,53109859326.483086,39091939808.7664,60264341783.51126,38689714808.02291,34337064102.514,25808485909.000942,60235590950.22754,15737125757.661022,48670509941.873184,47573944837.788536,25861374740.179028
48138149163.65351,26394343401.494274,60620893180.612434,19846203759.845135,39224734928.7328,34832775354.87325,33515261850.832333,51763535445.98653,14721126825.99512,39055964710.58359,41160106132.953835,40937523800.95932,34877982040.1,52962142133.21316,53109859326.483086,39091939808.7664,60264341783.51126,38689714808.02291,34337064102.514,25808485909.00094,60235590950.22754,15737125757.661022,48670509941.873184,47573944837.788536,25861374740.179028
48138149163.65351,26394343401.494274,60620893180.612434,19846203759.845135,39224734928.7328,34832775354.87325,33515261850.832333,51763535445.98653,14721126825.99512,39055964710.58359,41160106132.95383,40937523800.95932,34877982040.1,52962142133.21316,53109859326.483086,39091939808.7664,60264341783.51126,38689714808.02291,34337064102.514,25808485909.00094,60235590950.22754,15737125757.661022,48670509941.873184,47573944837.788536,25861374740.179028
48138149163.65351,26394343401.494274,60620893180.612434,19846203759.845135,39224734928.7328,34832775354.87325,33515261850.832333,51763535445.98653,14721126825.99512,39055964710.58359,41160106132.95383,40937523800.95932,34877982040.1,52962142133.21316,53109859326.483086,39091939808.7664,60264341783.51126,38689714808.02291,34337064102.514,25808485909.00094,60235590950.22754,15737125757.661022,48670509941.873184,47573944837.788536,25861374740.179028
48138149163.65351,26394343401.494274,60620893180.612434,19846203759.845135,39224734928.7328,34832775354.87325,33515261850.832333,51763535445.98653,14721126825.99512,39055964710.58359,41160106132.95383,40937523800.95932,34877982040.1,52962142133.21316,53109859326.483086,39091939808.7664,60264341783.51126,38689714808.02291,34337064102.514,25808485909.00094,60235590950.22754,15737125757.661022,48670509941.873184,47573944837.788536,25861374740.179028
48138149163.65351,26394343401.494274,60620893180.612434,19846203759.845135,39224734928.7328,34832775354.87325,33515261850.832333,51763535445.98653,14721126825.99512,39055964710.58359,41160106132.95383,40937523800.95932,34877982040.1,52962142133.21316,53109859326.483086,39091939808.7664,60264341783.51126,38689714808.02291,34337064102.514,25808485909.00094,60235590950.22754,15737125757.661022,48670509941.873184,47573944837.788536,25861374740.179028
48138149163.65351,26394343401.494274,60620893180.612434,19846203759.845135,39224734928.7328,34832775354.87325,33515261850.832333,51763535445.98653,14721126825.99512,39055964710.58359,41160106132.95382,40937523800.95932,34877982040.1,52962142133.21316,53109859326.483086,39091939808.7664,60264341783.51126,38689714808.02291,34337064102.514,25808485909.00094,60235590950.22754,15737125757.661022,48670509941.873184,47573944837.788536,25861374740.179028
48138149163.65351,26394343401.494274,60620893180.612434,19846203759.845135,39224734928.7328,34832775354.87325,33515261850.832333,51763535445.98653,14721126825.99512,39055964710.58359,41160106132.95382,40937523800.95932,34877982040.1,52962142133.21316,53109859326.483086,39091939808.7664,60264341783.51126,38689714808.02291,34337064102.514,25808485909.00094,60235590950.22754,15737125757.661022,48670509941.873184,47573944837.788536,25861374740.179028
48138149163.65351,26394343401.494274,60620893180.612434,19846203759.845135,39224734928.7328,34832775354.87325,33515261850.832333,51763535445.98653,14721126825.99512,39055964710.58359,41160106132.95382,40937523800.95932,34877982040.1,52962142133.21316,53109859326.483086,39091939808.7664,60264341783.51126,38689714808.02291,34337064102.514,25808485909.00094,60235590950.22754,15737125757.661022,48670509941.873184,47573944837.788536,25861374740.179028
48138149163.65351,26394343401.494274,60620893180.612434,19846203759.845135,39224734928.7328,34832775354.87325,33515261850.832333,51763535445.98653,14721126825.99512,39055964710.58359,41160106132.95382,40937523800.95932,34877982040.1,52962142133.21316,53109859326.483086,39091939808.7664,60264341783.51126,38689714808.02291,34337064102.514,25808485909.00094,60235590950.22754,15737125757.661022,48670509941.873184,47573944837.788536,25861374740.179028
48138149163.65351,26394343401.494274,60620893180.612434,19846203759.845135,39224734928.7328,34832775354.87325,33515261850.832333,51763535445.98653,14721126825.99512,39055964710.58359,41160106132.95382,40937523800.95932,34877982040.1,52962142133.21316,53109859326.483086,39091939808.7664,60264341783.51126,38689714808.02291,34337064102.514,25808485909.00094,60235590950.22754,15737125757.661022,48670509941.873184,47573944837.788536,25861374740.179028
48138149163.65351,26394343401.494274,60620893180.612434,19846203759.845135,39224734928.7328,34832775354.87325,33515261850.832333,51763535445.98653,14721126825.99512,39055964710.58359,41160106132.95382,40937523800.95932,34877982040.1,52962142133.21316,53109859326.483086,39091939808.7664,60264341783.51126,38689714808.02291,34337064102.514,25808485909.00094,60235590950.22754,15737125757.661022,48670509941.873184,47573944837.788536,25861374740.179028
48138149163.65351,26394343401.494274,60620893180.612434,19846203759.845135,39224734928.7328,34832775354.87325,33515261850.832333,51763535445.98653,14721126825.99512,39055964710.58359,41160106132.95382,40937523800.95932,34877982040.1,52962142133.21316,53109859326.483086,39091939808.7664,60264341783.51126,38689714808.02291,34337064102.514,25808485909.00094,60235590950.22754,15737125757.661022,48670509941.873184,47573944837.788536,25861374740.179028
48138149163.65351,26394343401.494274,60620893180.612434,19846203759.845135,39224734928.7328,34832775354.87325,33515261850.832333,51763535445.98653,14721126825.99512,39055964710.58359,41160106132.95382,40937523800.95932,34877982040.1,52962142133.21316,53109859326.483086,39091939808.7664,60264341783.51126,38689714808.02291,34337064102.514,25808485909.00094,60235590950.22754,15737125757.661022,48670509941.873184,47573944837.788536,25861374740.179028
48138149163.65351,26394343401.494274,60620893180.612434,19846203759.845135,39224734928.7328,34832775354.87325,33515261850.832333,51763535445.98653,14721126825.99512,39055964710.58359,41160106132.95382,40937523800.95932,34877982040.1,52962142133.21316,53109859326.483086,39091939808.7664,60264341783.51126,38689714808.02291,34337064102.514,25808485909.000935,60235590950.22754,15737125757.661022,48670509941.87318,47573944837.788536,25861374740.179028
48138149163.65351,26394343401.494274,60620893180.612434,19846203759.845135,39224734928.7328,34832775354.87325,33515261850.832333,51763535445.98653,14721126825.99512,39055964710.58359,41160106132.95382,40937523800.95932,34877982040.1,52962142133.21316,53109859326.483086,39091939808.7664,60264341783.51126,38689714808.02291,34337064102.514,25808485909.000935,60235590950.22754,15737125757.661022,48670509941.87318,47573944837.788536,25861374740.179028
48138149163.65351,26394343401.494274,60620893180.612434,19846203759.845135,39224734928.7328,34832775354.87325,33515261850.832333,51763535445.98653,14721126825.99512,39055964710.58359,41160106132.95382,40937523800.95932,34877982040.1,52962142133.21316,53109859326.483086,39091939808.7664,60264341783.51126,38689714808.02291,34337064102.514,25808485909.000935,60235590950.22754,15737125757.66102,48670509941.87318,47573944837.788536,25861374740.179028
48138149163.65351,26394343401.494274,60620893180.612434,19846203759.845135,39224734928.7328,34832775354.87325,33515261850.832333,51763535445.98653,14721126825.99512,39055964710.58359,41160106132.95382,40937523800.95932,34877982040.1,52962142133.21316,53109859326.483086,39091939808.7664,60264341783.51126,38689714808.02291,34337064102.514,25808485909.000935,60235590950.22754,15737125757.66102,48670509941.87318,47573944837.788536,25861374740.179028
48138149163.65351,26394343401.494274,60620893180.612434,19846203759.845135,39224734928.7328,34832775354.87325,33515261850.832333,51763535445.98653,14721126825.99512,39055964710.58359,41160106132.95382,40937523800.95932,34877982040.1,52962142133.21316,53109859326.483086,39091939808.7664,60264341783.51126,38689714808.02291,34337064102.514,25808485909.000935,60235590950.22754,15737125757.66102,48670509941.87317,47573944837.788536,25861374740.179028
48138149163.65351,26394343401.494274,60620893180.612434,19846203759.845135,39224734928.7328,34832775354.87325,33515261850.832333,51763535445.98653,14721126825.99512,39055964710.58359,41160106132.95382,40937523800.95932,34877982040.1,52962142133.21316,53109859326.483086,39091939808.7664,60264341783.51126,38689714808.02291,34337064102.514,25808485909.000935,60235590950.22754,15737125757.66102,48670509941.87317,47573944837.788536,25861374740.179028
48138149163.65351,26394343401.494274,60620893180.612434,19846203759.845135,39224734928.7328,34832775354.87325,33515261850.832333,51763535445.98653,14721126825.99512,39055964710.58359,41160106132.95382,40937523800.95932,34877982040.1,52962142133.21316,53109859326.483086,39091939808.7664,60264341783.51126,38689714808.02291,34337064102.514,25808485909.000935,60235590950.22754,15737125757.66102,48670509941.87317,47573944837.788536,25861374740.179028
48138149163.65351,26394343401.494274,60620893180.612434,19846203759.845135,39224734928.7328,34832775354.87325,33515261850.832333,51763535445.98653,14721126825.99512,39055964710.58359,41160106132.95382,40937523800.95932,34877982040.1,52962142133.21315,53109859326.483086,39091939808.7664,60264341783.51126,38689714808.02291,34337064102.514,25808485909.000935,60235590950.22754,15737125757.661018,48670509941.87317,47573944837.788536,25861374740.179028
48138149163.65351,26394343401.494274,60620893180.612434,19846203759.845135,39224734928.7328,34832775354.87325,33515261850.832333,51763535445.98653,14721126825.99512,39055964710.58359,41160106132.95382,40937523800.95932,34877982040.1,52962142133.21315,53109859326.483086,39091939808.7664,60264341783.51126,38689714808.02291,34337064102.514,25808485909.000935,60235590950.22754,15737125757.661018,48670509941.87317,47573944837.788536,25861374740.179028
48138149163.65351,26394343401.494274,60620893180.612434,19846203759.845135,39224734928.7328,34832775354.87325,33515261850.832333,51763535445.98653,14721126825.99512,39055964710.58359,41160106132.95382,40937523800.95932,34877982040.1,52962142133.21315,53109859326.483086,39091939808.7664,60264341783.51126,38689714808.02291,34337064102.514,25808485909.000935,60235590950.22754,15737125757.661018,48670509941.87317,47573944837.788536,25861374740.179028
48138149163.65351,26394343401.494274,60620893180.612434,19846203759.845135,39224734928.7328,34832775354.87325,33515261850.832333,51763535445.98653,14721126825.99512,39055964710.58359,41160106132.95382,40937523800.95932,34877982040.1,52962142133.21315,53109859326.483086,39091939808.7664,60264341783.51126,38689714808.02291,34337064102.514,25808485909.000935,60235590950.22754,15737125757.661018,48670509941.87317,47573944837.788536,25861374740.179028
48138149163.65351,26394343401.494274,60620893180.612434,19846203759.845135,39224734928.7328,34832775354.873245,33515261850.832333,51763535445.98653,14721126825.99512,39055964710.58359,41160106132.95382,40937523800.95932,34877982040.1,52962142133.21315,53109859326.483086,39091939808.7664,60264341783.51126,38689714808.02291,34337064102.514,25808485909.000935,60235590950.22754,15737125757.661018,48670509941.87317,47573944837.788536,25861374740.179028
48138149163.65351,26394343401.494274,60620893180.612434,19846203759.845135,39224734928.7328,34832775354.873245,33515261850.832333,51763535445.98653,14721126825.99512,39055964710.58359,41160106132.95382,40937523800.95932,34877982040.1,52962142133.21315,53109859326.48307,39091939808.7664,60264341783.51126,38689714808.02291,34337064102.514,25808485909.000935,60235590950.22754,15737125757.661018,48670509941.87317,47573944837.788536,25861374740.179028
48138149163.65351,26394343401.494274,60620893180.612434,19846203759.845135,39224734928.7328,34832775354.873245,33515261850.832333,51763535445.98653,14721126825.99512,39055964710.58359,41160106132.95382,40937523800.95932,34877982040.1,52962142133.21315,53109859326.48307,39091939808.7664,60264341783.51126,38689714808.02291,34337064102.514,25808485909.000935,60235590950.22754,15737125757.661018,48670509941.87317,47573944837.788536,25861374740.179028
48138149163.65351,26394343401.494274,60620893180.612434,19846203759.845135,39224734928.7328,34832775354.873245,33515261850.832333,51763535445.98653,14721126825.99512,39055964710.58359,41160106132.95382,40937523800.95932,34877982040.1,52962142133.21315,53109859326.48307,39091939808.7664,60264341783.51126,38689714808.02291,34337064102.514,25808485909.000935,60235590950.22754,15737125757.661018,48670509941.87317,47573944837.788536,25861374740.179028
48138149163.65351,26394343401.494274,60620893180.612434,19846203759.845135,39224734928.7328,34832775354.873245,33515261850.832333,51763535445.98653,14721126825.99512,39055964710.58359,41160106132.95382,40937523800.95932,34877982040.1,52962142133.21315,53109859326.48307,39091939808.7664,60264341783.51126,38689714808.02291,34337064102.514,25808485909.000935,60235590950.22754,15737125757.661018,48670509941.87317,47573944837.788536,25861374740.179028
48138149163.65351,26394343401.494274,60620893180.612434,19846203759.845135,39224734928.7328,34832775354.873245,33515261850.832333,51763535445.98653,14721126825.99512,39055964710.58359,41160106132.95382,40937523800.95932,34877982040.1,52962142133.21315,53109859326.48307,39091939808.7664,60264341783.51126,38689714808.02291,34337064102.514,25808485909.000935,60235590950.22754,15737125757.661018,48670509941.87317,47573944837.788536,25861374740.179028
48138149163.65351,26394343401.494274,60620893180.612434,19846203759.845135,39224734928.7328,34832775354.873245,33515261850.832333,51763535445.98653,14721126825.99512,39055964710.58359,41160106132.95381,40937523800.95932,34877982040.1,52962142133.21315,53109859326.48307,39091939808.7664,60264341783.51126,38689714808.02291,34337064102.514,25808485909.000935,60235590950.22754,15737125757.661018,48670509941.87317,47573944837.788536,25861374740.179028
48138149163.65351,26394343401.494274,60620893180.612434,19846203759.845135,39224734928.7328,34832775354.873245,33515261850.832333,51763535445.98653,14721126825.99512,39055964710.58359,41160106132.95381,40937523800.95932,34877982040.1,52962142133.21314,53109859326.48307,39091939808.7664,60264341783.51126,38689714808.02291,34337064102.514,25808485909.000935,60235590950.22754,15737125757.661018,48670509941.87317,47573944837.788536,25861374740.179028
48138149163.65351,26394343401.494274,60620893180.612434,19846203759.845135,39224734928.7328,34832775354.873245,33515261850.832333,51763535445.98653,14721126825.99512,39055964710.58359,41160106132.95381,40937523800.95932,34877982040.1,52962142133.21314,53109859326.48306,39091939808.7664,60264341783.51126,38689714808.02291,34337064102.514,25808485909.000935,60235590950.22754,15737125757.661018,48670509941.87317,47573944837.788536,25861374740.179028
48138149163.65351,26394343401.494274,60620893180.612434,19846203759.845135,39224734928.7328,34832775354.873245,33515261850.832333,51763535445.98653,14721126825.99512,39055964710.58359,41160106132.953804,40937523800.95932,34877982040.1,52962142133.21314,53109859326.48306,39091939808.7664,60264341783.51126,38689714808.02291,34337064102.514,25808485909.000935,60235590950.22754,15737125757.661018,48670509941.87317,47573944837.788536,25861374740.179028
48138149163.65351,26394343401.494274,60620893180.612434,19846203759.845135,39224734928.7328,34832775354.873245,33515261850.832333,51763535445.98653,14721126825.99512,39055964710.58359,41160106132.953804,40937523800.95932,34877982040.1,52962142133.21314,53109859326.48306,39091939808.7664,60264341783.51125,38689714808.02291,34337064102.514,25808485909.000935,60235590950.22754,15737125757.661018,48670509941.87317,47573944837.788536,25861374740.179028
48138149163.65351,26394343401.494274,60620893180.612434,19846203759.845135,39224734928.7328,34832775354.873245,33515261850.832333,51763535445.98653,14721126825.99512,39055964710.58359,41160106132.953804,40937523800.95932,34877982040.1,52962142133.21314,53109859326.48306,39091939808.7664,60264341783.511246,38689714808.02291,34337064102.514,25808485909.000935,60235590950.22754,15737125757.661018,48670509941.87317,47573944837.788536,25861374740.179028
48138149163.65351,26394343401.494274,60620893180.612434,19846203759.845135,39224734928.7328,34832775354.873245,33515261850.832333,51763535445.98653,14721126825.99512,39055964710.58359,41160106132.953804,40937523800.95932,34877982040.1,52962142133.21314,53109859326.48306,39091939808.7664,60264341783.511246,38689714808.02291,34337064102.514,25808485909.000935,60235590950.22754,15737125757.661018,48670509941.87317,47573944837.788536,25861374740.179028
48138149163.65351,26394343401.494274,60620893180.612434,19846203759.845135,39224734928.7328,34832775354.873245,33515261850.832333,51763535445.98653,14721126825.99512,39055964710.58359,41160106132.953804,40937523800.95932,34877982040.1,52962142133.21314,53109859326.48306,39091939808.7664,60264341783.511246,38689714808.02291,34337064102.514,25808485909.000935,60235590950.22754,15737125757.661018,48670509941.87317,47573944837.788536,25861374740.179028
48138149163.65351,26394343401.494274,60620893180.612434,19846203759.845135,39224734928.7328,34832775354.873245,33515261850.832333,51763535445.98653,14721126825.99512,39055964710.58359,41160106132.953804,40937523800.95932,34877982040.1,52962142133.213135,53109859326.48306,39091939808.7664,60264341783.511246,38689714808.02291,34337064102.514,25808485909.000935,60235590950.22754,15737125757.661018,48670509941.87317,47573944837.788536,25861374740.179028
48138149163.65351,26394343401.494274,60620893180.612434,19846203759.845135,39224734928.7328,34832775354.873245,33515261850.832333,51763535445.98653,14721126825.99512,39055964710.58359,41160106132.953804,40937523800.95932,34877982040.1,52962142133.213135,53109859326.48306,39091939808.7664,60264341783.511246,38689714808.02291,34337064102.514,25808485909.000935,60235590950.22754,15737125757.661018,48670509941.87317,47573944837.788536,25861374740.179028
48138149163.65351,26394343401.494274,60620893180.612434,19846203759.845135,39224734928.7328,34832775354.873245,33515261850.832333,51763535445.98653,14721126825.99512,39055964710.58359,41160106132.953804,40937523800.95932,34877982040.1,52962142133.213135,53109859326.48306,39091939808.7664,60264341783.511246,38689714808.02291,34337064102.514,25808485909.000935,60235590950.22754,15737125757.661018,48670509941.87317,47573944837.788536,25861374740.179028
48138149163.65351,26394343401.494274,60620893180.612434,19846203759.845135,39224734928.7328,34832775354.873245,33515261850.832333,51763535445.98653,14721126825.99512,39055964710.58359,41160106132.953804,40937523800.95932,34877982040.1,52962142133.213135,53109859326.48306,39091939808.7664,60264341783.511246,38689714808.02291,34337064102.514,25808485909.000935,60235590950.22754,15737125757.661018,48670509941.87317,47573944837.788536,25861374740.179028
48138149163.65351,26394343401.494274,60620893180.612434,19846203759.845135,39224734928.7328,34832775354.873245,33515261850.832333,51763535445.98653,14721126825.99512,39055964710.58359,41160106132.953804,40937523800.95932,34877982040.1,52962142133.213135,53109859326.48306,39091939808.7664,60264341783.511246,38689714808.02291,34337064102.514,25808485909.000935,60235590950.22754,15737125757.661018,48670509941.87317,47573944837.788536,25861374740.179028
48138149163.65351,26394343401.494274,60620893180.612434,19846203759.845135,39224734928.7328,34832775354.873245,33515261850.832333,51763535445.98653,14721126825.99512,39055964710.58359,41160106132.953804,40937523800.95932,34877982040.1,52962142133.213135,53109859326.48306,39091939808.7664,60264341783.511246,38689714808.02291,34337064102.514,25808485909.000935,60235590950.22754,15737125757.661018,48670509941.87317,47573944837.788536,25861374740.179028
48138149163.65351,26394343401.494274,60620893180.612434,19846203759.845135,39224734928.7328,34832775354.873245,33515261850.832333,51763535445.98653,14721126825.99512,39055964710.58359,41160106132.953804,40937523800.95932,34877982040.1,52962142133.213135,53109859326.48306,39091939808.7664,60264341783.511246,38689714808.02291,34337064102.514,25808485909.000935,60235590950.22754,15737125757.661018,48670509941.87317,47573944837.788536,25861374740.179028
48138149163.65351,26394343401.494274,60620893180.612434,19846203759.845135,39224734928.7328,34832775354.873245,33515261850.832333,51763535445.98653,14721126825.99512,39055964710.58359,41160106132.953804,40937523800.95932,34877982040.1,52962142133.213135,53109859326.48306,39091939808.7664,60264341783.511246,38689714808.02291,34337064102.514,25808485909.000935,60235590950.22754,15737125757.661018,48670509941.87317,47573944837.788536,25861374740.179028
48138149163.65351,26394343401.494274,60620893180.612434,19846203759.845135,39224734928.7328,34832775354.873245,33515261850.832333,51763535445.98653,14721126825.99512,39055964710.58359,41160106132.953804,40937523800.95932,34877982040.1,52962142133.213135,53109859326.48306,39091939808.7664,60264341783.511246,38689714808.02291,34337064102.514,25808485909.000935,60235590950.22754,15737125757.661018,48670509941.87317,47573944837.788536,25861374740.179028
48138149163.65351,26394343401.494274,60620893180.612434,19846203759.845135,39224734928.7328,34832775354.873245,33515261850.832333,51763535445.98653,14721126825.99512,39055964710.58359,41160106132.953804,40937523800.95932,34877982040.1,52962142133.213135,53109859326.48306,39091939808.7664,60264341783.511246,38689714808.02291,34337064102.514,25808485909.000935,60235590950.22754,15737125757.661018,48670509941.87317,47573944837.788536,25861374740.179028
48138149163.65351,26394343401.494274,60620893180.612434,19846203759.845135,39224734928.7328,34832775354.873245,33515261850.832333,51763535445.98653,14721126825.99512,39055964710.58359,41160106132.953804,40937523800.95932,34877982040.1,52962142133.213135,53109859326.48306,39091939808.7664,60264341783.511246,38689714808.02291,34337064102.514,25808485909.000935,60235590950.22754,15737125757.661018,48670509941.87317,47573944837.788536,25861374740.179028
48138149163.65351,26394343401.494274,60620893180.612434,19846203759.845135,39224734928.7328,34832775354.873245,33515261850.832333,51763535445.98653,14721126825.99512,39055964710.58359,41160106132.953804,40937523800.95932,34877982040.1,52962142133.213135,53109859326.483055,39091939808.7664,60264341783.511246,38689714808.02291,34337064102.514,25808485909.000935,60235590950.22754,15737125757.661018,48670509941.87317,47573944837.788536,25861374740.179028
48138149163.65351,26394343401.494274,60620893180.612434,19846203759.845135,39224734928.7328,34832775354.873245,33515261850.832333,51763535445.98653,14721126825.99512,39055964710.58359,41160106132.953804,40937523800.95932,34877982040.1,52962142133.213135,53109859326.483055,39091939808.7664,60264341783.511246,38689714808.02291,34337064102.514,25808485909.000935,60235590950.22754,15737125757.661018,48670509941.87317,47573944837.788536,25861374740.179028
48138149163.65351,26394343401.494274,60620893180.612434,19846203759.845135,39224734928.7328,34832775354.873245,33515261850.832333,51763535445.98653,14721126825.99512,39055964710.58359,41160106132.953804,40937523800.95932,34877982040.1,52962142133.213135,53109859326.483055,39091939808.7664,60264341783.511246,38689714808.02291,34337064102.514,25808485909.000935,60235590950.22754,15737125757.661018,48670509941.87317,47573944837.788536,25861374740.179028
48138149163.65351,26394343401.494274,60620893180.612434,19846203759.845135,39224734928.7328,34832775354.873245,33515261850.832333,51763535445.98653,14721126825.99512,39055964710.58359,41160106132.953804,40937523800.95932,34877982040.1,52962142133.213135,53109859326.483055,39091939808.7664,60264341783.511246,38689714808.02291,34337064102.514,25808485909.000935,60235590950.22754,15737125757.661018,48670509941.87317,47573944837.788536,25861374740.179028
48138149163.65351,26394343401.494274,60620893180.612434,19846203759.845135,39224734928.7328,34832775354.873245,33515261850.832333,51763535445.98653,14721126825.99512,39055964710.58359,41160106132.953804,40937523800.95932,34877982040.1,52962142133.213135,53109859326.483055,39091939808.7664,60264341783.511246,38689714808.02291,34337064102.514,25808485909.00093,60235590950.22754,15737125757.661018,48670509941.87317,47573944837.788536,25861374740.179028
48138149163.65351,26394343401.494274,60620893180.612434,19846203759.845135,39224734928.7328,34832775354.873245,33515261850.832333,51763535445.98653,14721126825.99512,39055964710.58359,41160106132.9538,40937523800.95932,34877982040.1,52962142133.213135,53109859326.483055,39091939808.7664,60264341783.511246,38689714808.02291,34337064102.514,25808485909.00093,60235590950.22754,15737125757.661018,48670509941.87317,47573944837.788536,25861374740.179028
48138149163.65351,26394343401.494274,60620893180.612434,19846203759.845135,39224734928.7328,34832775354.873245,33515261850.832333,51763535445.98653,14721126825.99512,39055964710.58359,41160106132.9538,40937523800.95932,34877982040.1,52962142133.213135,53109859326.483055,39091939808.7664,60264341783.511246,38689714808.02291,34337064102.514,25808485909.00093,60235590950.22754,15737125757.661018,48670509941.87317,47573944837.788536,25861374740.179028
48138149163.65351,26394343401.494274,60620893180.612434,19846203759.845135,39224734928.7328,34832775354.873245,33515261850.832333,51763535445.98653,14721126825.99512,39055964710.58359,41160106132.9538,40937523800.95932,34877982040.1,52962142133.213135,53109859326.483055,39091939808.7664,60264341783.511246,38689714808.02291,34337064102.514,25808485909.00093,60235590950.22754,15737125757.661018,48670509941.87317,47573944837.788536,25861374740.179028
48138149163.65351,26394343401.494274,60620893180.612434,19846203759.845135,39224734928.7328,34832775354.873245,33515261850.832333,51763535445.98653,14721126825.99512,39055964710.58359,41160106132.95379,40937523800.95932,34877982040.1,52962142133.213135,53109859326.483055,39091939808.7664,60264341783.511246,38689714808.02291,34337064102.514,25808485909.00093,60235590950.22754,15737125757.661018,48670509941.87317,47573944837.788536,25861374740.179028
48138149163.65351,26394343401.494274,60620893180.612434,19846203759.845135,39224734928.7328,34832775354.873245,33515261850.832333,51763535445.98653,14721126825.99512,39055964710.58359,41160106132.95379,40937523800.95932,34877982040.1,52962142133.213135,53109859326.483055,39091939808.7664,60264341783.511246,38689714808.02291,34337064102.514,25808485909.00093,60235590950.22754,15737125757.661018,48670509941.87317,47573944837.788536,25861374740.179028
48138149163.65351,26394343401.494274,60620893180.612434,19846203759.845135,39224734928.7328,34832775354.873245,33515261850.832333,51763535445.98653,14721126825.99512,39055964710.58359,41160106132.95379,40937523800.95932,34877982040.1,52962142133.213135,53109859326.483055,39091939808.7664,60264341783.511246,38689714808.02291,34337064102.514,25808485909.00093,60235590950.22754,15737125757.661018,48670509941.87317,47573944837.788536,25861374740.179028
48138149163.65351,26394343401.49427,60620893180.612434,19846203759.845135,39224734928.7328,34832775354.873245,33515261850.832333,51763535445.98653,14721126825.99512,39055964710.58359,41160106132.95379,40937523800.95932,34877982040.1,52962142133.213135,53109859326.483055,39091939808.7664,60264341783.511246,38689714808.02291,34337064102.514,25808485909.00093,60235590950.22754,15737125757.661018,48670509941.87317,47573944837.788536,25861374740.179028
48138149163.65351,26394343401.49427,60620893180.612434,19846203759.845135,39224734928.7328,34832775354.873245,33515261850.832333,51763535445.98653,14721126825.99512,39055964710.58359,41160106132.95379,40937523800.95932,34877982040.1,52962142133.213135,53109859326.483055,39091939808.7664,60264341783.511246,38689714808.02291,34337064102.514,25808485909.00093,60235590950.22754,15737125757.661018,48670509941.87317,47573944837.788536,25861374740.179028
48138149163.65351,26394343401.49427,60620893180.612434,19846203759.845135,39224734928.7328,34832775354.873245,33515261850.832333,51763535445.98653,14721126825.99512,39055964710.58359,41160106132.95379,40937523800.95932,34877982040.1,52962142133.213135,53109859326.483055,39091939808.7664,60264341783.511246,38689714808.02291,34337064102.514,25808485909.00093,60235590950.22754,15737125757.661018,48670509941.87317,47573944837.788536,25861374740.179028
48138149163.65351,26394343401.49427,60620893180.612434,19846203759.845135,39224734928.7328,34832775354.873245,33515261850.832333,51763535445.98653,14721126825.99512,39055964710.58359,41160106132.95379,40937523800.95932,34877982040.1,52962142133.213135,53109859326.483055,39091939808.7664,60264341783.511246,38689714808.02291,34337064102.514,25808485909.00093,60235590950.22754,15737125757.661018,48670509941.87317,47573944837.788536,25861374740.179028
48138149163.65351,26394343401.49427,60620893180.612434,19846203759.845135,39224734928.7328,34832775354.873245,33515261850.832333,51763535445.98653,14721126825.99512,39055964710.58359,41160106132.95379,40937523800.95932,34877982040.1,52962142133.213135,53109859326.483055,39091939808.7664,60264341783.511246,38689714808.02291,34337064102.514,25808485909.00093,60235590950.22754,15737125757.661018,48670509941.87317,47573944837.788536,25861374740.179028
48138149163.65351,26394343401.49427,60620893180.612434,19846203759.845135,39224734928.7328,34832775354.873245,33515261850.832333,51763535445.98653,14721126825.99512,39055964710.58359,41160106132.95379,40937523800.95932,34877982040.1,52962142133.213135,53109859326.483055,39091939808.7664,60264341783.511246,38689714808.02291,34337064102.514,25808485909.00093,60235590950.22754,15737125757.661018,48670509941.87317,47573944837.788536,25861374740.179028
48138149163.65351,26394343401.494267,60620893180.612434,19846203759.845135,39224734928.7328,34832775354.873245,33515261850.832333,51763535445.98653,14721126825.99512,39055964710.58359,41160106132.95379,40937523800.95932,34877982040.1,52962142133.213135,53109859326.483055,39091939808.7664,60264341783.511246,38689714808.02291,34337064102.514,25808485909.00093,60235590950.22754,15737125757.661018,48670509941.87317,47573944837.788536,25861374740.179028
48138149163.65351,26394343401.494267,60620893180.612434,19846203759.845135,39224734928.7328,34832775354.873245,33515261850.832333,51763535445.98653,14721126825.99512,39055964710.58359,41160106132.95379,40937523800.95932,34877982040.1,52962142133.213135,53109859326.483055,39091939808.7664,60264341783.511246,38689714808.02291,34337064102.514,25808485909.00093,60235590950.22754,15737125757.661018,48670509941.87317,47573944837.788536,25861374740.179028
48138149163.65351,26394343401.494267,60620893180.612434,19846203759.845135,39224734928.7328,34832775354.873245,33515261850.832333,51763535445.98653,14721126825.99512,39055964710.58359,41160106132.95379,40937523800.95932,34877982040.1,52962142133.213135,53109859326.483055,39091939808.7664,60264341783.511246,38689714808.02291,34337064102.513996,25808485909.00093,60235590950.22754,15737125757.661018,48670509941.87317,47573944837.788536,25861374740.179028
48138149163.65351,26394343401.494267,60620893180.612434,19846203759.845135,39224734928.7328,34832775354.873245,33515261850.832333,51763535445.98653,14721126825.99512,39055964710.58359,41160106132.95379,40937523800.95932,34877982040.1,52962142133.213135,53109859326.483055,39091939808.7664,60264341783.511246,38689714808.02291,34337064102.513996,25808485909.00093,60235590950.22754,15737125757.661018,48670509941.87317,47573944837.788536,25861374740.179028
48138149163.65351,26394343401.494267,60620893180.612434,19846203759.845135,39224734928.7328,34832775354.873245,33515261850.832333,51763535445.98653,14721126825.99512,39055964710.58359,41160106132.95379,40937523800.95932,34877982040.1,52962142133.213135,53109859326.483055,39091939808.7664,60264341783.511246,38689714808.02291,34337064102.513996,25808485909.00093,60235590950.22754,15737125757.661018,48670509941.87317,47573944837.788536,25861374740.179028
48138149163.65351,26394343401.494267,60620893180.612434,19846203759.845135,39224734928.7328,34832775354.873245,33515261850.832333,51763535445.98653,14721126825.99512,39055964710.58359,41160106132.95379,40937523800.95932,34877982040.1,52962142133.213135,53109859326.483055,39091939808.7664,60264341783.511246,38689714808.02291,34337064102.513996,25808485909.00093,60235590950.22754,15737125757.661018,48670509941.87317,47573944837.788536,25861374740.179028
48138149163.65351,26394343401.494267,60620893180.612434,19846203759.845135,39224734928.7328,34832775354.873245,33515261850.832333,51763535445.98653,14721126825.99512,39055964710.58359,41160106132.95379,40937523800.95932,34877982040.1,52962142133.213135,53109859326.483055,39091939808.7664,60264341783.511246,38689714808.02291,34337064102.513992,25808485909.00093,60235590950.22754,15737125757.661018,48670509941.87317,47573944837.788536,25861374740.179028
48138149163.65351,26394343401.494267,60620893180.612434,19846203759.845135,39224734928.7328,34832775354.873245,33515261850.832333,51763535445.98653,14721126825.99512,39055964710.58359,41160106132.95379,40937523800.95932,34877982040.1,52962142133.213135,53109859326.483055,39091939808.7664,60264341783.511246,38689714808.02291,34337064102.513992,25808485909.00093,60235590950.22754,15737125757.661018,48670509941.87317,47573944837.788536,25861374740.179028
48138149163.65351,26394343401.494267,60620893180.612434,19846203759.845135,39224734928.7328,34832775354.873245,33515261850.832333,51763535445.98653,14721126825.99512,39055964710.58359,41160106132.95379,40937523800.95932,34877982040.1,52962142133.213135,53109859326.483055,39091939808.7664,60264341783.511246,38689714808.02291,34337064102.513992,25808485909.00093,60235590950.22754,15737125757.661018,48670509941.87317,47573944837.788536,25861374740.179028
48138149163.65351,26394343401.494267,60620893180.612434,19846203759.845135,39224734928.7328,34832775354.873245,33515261850.832333,51763535445.98653,14721126825.99512,39055964710.58359,41160106132.95379,40937523800.95932,34877982040.1,52962142133.213135,53109859326.483055,39091939808.7664,60264341783.511246,38689714808.02291,34337064102.513992,25808485909.00093,60235590950.22754,15737125757.661018,48670509941.87317,47573944837.788536,25861374740.179028
48138149163.65351,26394343401.494267,60620893180.612434,19846203759.845135,39224734928.7328,34832775354.873245,33515261850.832333,51763535445.98653,14721126825.99512,39055964710.58359,41160106132.95379,40937523800.95932,34877982040.1,52962142133.213135,53109859326.483055,39091939808.7664,60264341783.511246,38689714808.02291,34337064102.513992,25808485909.00093,60235590950.22754,15737125757.661018,48670509941.87317,47573944837.788536,25861374740.179028
48138149163.65351,26394343401.494267,60620893180.612434,19846203759.845135,39224734928.7328,34832775354.873245,33515261850.832333,51763535445.98653,14721126825.99512,39055964710.58359,41160106132.95379,40937523800.95932,34877982040.1,52962142133.213135,53109859326.483055,39091939808.7664,60264341783.511246,38689714808.02291,34337064102.513992,25808485909.00093,60235590950.22754,15737125757.661018,48670509941.87317,47573944837.788536,25861374740.179028
48138149163.65351,26394343401.494267,60620893180.612434,19846203759.845135,39224734928.7328,34832775354.873245,33515261850.832333,51763535445.98653,14721126825.99512,39055964710.58359,41160106132.95379,40937523800.95932,34877982040.1,52962142133.213135,53109859326.483055,39091939808.7664,60264341783.511246,38689714808.02291,34337064102.513992,25808485909.00093,60235590950.22754,15737125757.661018,48670509941.87317,47573944837.788536,25861374740.179028
48138149163.65351,26394343401.494267,60620893180.612434,19846203759.845135,39224734928.7328,34832775354.873245,33515261850.832333,51763535445.98653,14721126825.99512,39055964710.58359,41160106132.95379,40937523800.95932,34877982040.1,52962142133.213135,53109859326.483055,39091939808.7664,60264341783.511246,38689714808.02291,34337064102.513992,25808485909.00093,60235590950.22754,15737125757.661018,48670509941.87317,47573944837.788536,25861374740.179028
48138149163.65351,26394343401.494267,60620893180.612434,19846203759.845135,39224734928.7328,34832775354.873245,33515261850.832333,51763535445.98653,14721126825.99512,39055964710.58359,41160106132.95379,40937523800.95932,34877982040.1,52962142133.213135,53109859326.483055,39091939808.7664,60264341783.511246,38689714808.02291,34337064102.513992,25808485909.00093,60235590950.22754,15737125757.661018,48670509941.87317,47573944837.788536,25861374740.179028
48138149163.65351,26394343401.494263,60620893180.612434,19846203759.845135,39224734928.7328,34832775354.873245,33515261850.832333,51763535445.98653,14721126825.99512,39055964710.58359,41160106132.95379,40937523800.95932,34877982040.1,52962142133.213135,53109859326.483055,39091939808.7664,60264341783.511246,38689714808.02291,34337064102.513992,25808485909.00093,60235590950.22754,15737125757.661018,48670509941.87317,47573944837.788536,25861374740.179028
48138149163.65351,26394343401.494263,60620893180.612434,19846203759.845135,39224734928.7328,34832775354.873245,33515261850.832333,51763535445.98653,14721126825.99512,39055964710.58359,41160106132.95379,40937523800.95932,34877982040.1,52962142133.213135,53109859326.483055,39091939808.7664,60264341783.511246,38689714808.02291,34337064102.513992,25808485909.00093,60235590950.22754,15737125757.661018,48670509941.87317,47573944837.788536,25861374740.179028
48138149163.65351,26394343401.494263,60620893180.612434,19846203759.845135,39224734928.7328,34832775354.873245,33515261850.832333,51763535445.98653,14721126825.99512,39055964710.58359,41160106132.95379,40937523800.95932,34877982040.1,52962142133.213135,53109859326.483055,39091939808.7664,60264341783.511246,38689714808.02291,34337064102.513992,25808485909.00093,60235590950.22754,15737125757.661018,48670509941.87317,47573944837.788536,25861374740.179028
48138149163.65351,26394343401.494263,60620893180.612434,19846203759.845135,39224734928.7328,34832775354.873245,33515261850.832333,51763535445.98653,14721126825.99512,39055964710.58359,41160106132.95379,40937523800.95932,34877982040.1,52962142133.213135,53109859326.483055,39091939808.7664,60264341783.511246,38689714808.02291,34337064102.513992,25808485909.00093,60235590950.22754,15737125757.661018,48670509941.87317,47573944837.788536,25861374740.179028
48138149163.65351,26394343401.494263,60620893180.612434,19846203759.845135,39224734928.7328,34832775354.873245,33515261850.832333,51763535445.98653,14721126825.99512,39055964710.58359,41160106132.95379,40937523800.95932,34877982040.1,52962142133.213135,53109859326.483055,39091939808.7664,60264341783.511246,38689714808.02291,34337064102.513992,25808485909.00093,60235590950.22754,15737125757.661018,48670509941.87317,47573944837.788536,25861374740.179028
48138149163.65351,26394343401.494263,60620893180.61243,19846203759.845135,39224734928.7328,34832775354.873245,33515261850.832333,51763535445.98653,14721126825.99512,39055964710.58359,41160106132.95379,40937523800.95932,34877982040.1,52962142133.213135,53109859326.483055,39091939808.7664,60264341783.511246,38689714808.02291,34337064102.513992,25808485909.00093,60235590950.22754,15737125757.661018,48670509941.87317,47573944837.788536,25861374740.179028
48138149163.65351,26394343401.494263,60620893180.61242,19846203759.845135,39224734928.7328,34832775354.873245,33515261850.832333,51763535445.98653,14721126825.99512,39055964710.58359,41160106132.95379,40937523800.95932,34877982040.1,52962142133.213135,53109859326.483055,39091939808.7664,60264341783.511246,38689714808.02291,34337064102.513992,25808485909.00093,60235590950.22754,15737125757.661018,48670509941.87317,47573944837.788536,25861374740.179028
48138149163.65351,26394343401.494263,60620893180.61242,19846203759.845135,39224734928.7328,34832775354.873245,33515261850.832333,51763535445.98653,14721126825.99512,39055964710.58359,41160106132.95379,40937523800.95932,34877982040.1,52962142133.213135,53109859326.483055,39091939808.7664,60264341783.511246,38689714808.02291,34337064102.513992,25808485909.00093,60235590950.22754,15737125757.661018,48670509941.87317,47573944837.788536,25861374740.179028
48138149163.65351,26394343401.494263,60620893180.61242,19846203759.845135,39224734928.7328,34832775354.873245,33515261850.832333,51763535445.98653,14721126825.99512,39055964710.58359,41160106132.95379,40937523800.95932,34877982040.1,52962142133.213135,53109859326.483055,39091939808.7664,60264341783.511246,38689714808.02291,34337064102.513992,25808485909.00093,60235590950.22754,15737125757.661018,48670509941.87317,47573944837.788536,25861374740.179028
48138149163.65351,26394343401.494263,60620893180.61242,19846203759.845135,39224734928.7328,34832775354.873245,33515261850.832333,51763535445.98653,14721126825.99512,39055964710.58359,41160106132.95379,40937523800.95932,34877982040.1,52962142133.213135,53109859326.483055,39091939808.7664,60264341783.511246,38689714808.02291,34337064102.513992,25808485909.00093,60235590950.22754,15737125757.661018,48670509941.87317,47573944837.788536,25861374740.179028
48138149163.65351,26394343401.494263,60620893180.61242,19846203759.845135,39224734928.7328,34832775354.873245,33515261850.832333,51763535445.98653,14721126825.99512,39055964710.58359,41160106132.95379,40937523800.95932,34877982040.1,52962142133.213135,53109859326.483055,39091939808.7664,60264341783.511246,38689714808.02291,34337064102.513992,25808485909.00093,60235590950.22754,15737125757.661018,48670509941.87317,47573944837.788536,25861374740.179028
48138149163.65351,26394343401.494263,60620893180.61242,19846203759.845135,39224734928.7328,34832775354.873245,33515261850.832333,51763535445.98653,14721126825.99512,39055964710.58359,41160106132.95379,40937523800.95932,34877982040.1,52962142133.213135,53109859326.483055,39091939808.7664,60264341783.511246,38689714808.02291,34337064102.513992,25808485909.00093,60235590950.22754,15737125757.661018,48670509941.87317,47573944837.788536,25861374740.179028
48138149163.65351,26394343401.494263,60620893180.61242,19846203759.845135,39224734928.7328,34832775354.873245,33515261850.832333,51763535445.98653,14721126825.99512,39055964710.58359,41160106132.95379,40937523800.95932,34877982040.1,52962142133.213135,53109859326.483055,39091939808.7664,60264341783.511246,38689714808.02291,34337064102.513992,25808485909.00093,60235590950.22754,15737125757.661018,48670509941.87317,47573944837.788536,25861374740.179028
48138149163.65351,26394343401.494263,60620893180.61242,19846203759.845135,39224734928.7328,34832775354.873245,33515261850.832333,51763535445.98653,14721126825.99512,39055964710.58359,41160106132.95379,40937523800.95932,34877982040.1,52962142133.213135,53109859326.483055,39091939808.7664,60264341783.511246,38689714808.02291,34337064102.513992,25808485909.00093,60235590950.22754,15737125757.661018,48670509941.87317,47573944837.788536,25861374740.179028
48138149163.65351,26394343401.494263,60620893180.61242,19846203759.845135,39224734928.7328,34832775354.873245,33515261850.832333,51763535445.98653,14721126825.99512,39055964710.58359,41160106132.95379,40937523800.95932,34877982040.1,52962142133.213135,53109859326.483055,39091939808.7664,60264341783.511246,38689714808.02291,34337064102.513992,25808485909.00093,60235590950.22754,15737125757.661018,48670509941.87317,47573944837.788536,25861374740.179028
48138149163.65351,26394343401.494263,60620893180.61242,19846203759.845135,39224734928.7328,34832775354.873245,33515261850.832333,51763535445.98653,14721126825.99512,39055964710.58359,41160106132.95379,40937523800.95932,34877982040.1,52962142133.213135,53109859326.483055,39091939808.7664,60264341783.511246,38689714808.02291,34337064102.513992,25808485909.00093,60235590950.22754,15737125757.661018,48670509941.87317,47573944837.788536,25861374740.179028
48138149163.65351,26394343401.494263,60620893180.61242,19846203759.845135,39224734928.7328,34832775354.873245,33515261850.832333,51763535445.98652,14721126825.99512,39055964710.58359,41160106132.95379,40937523800.95932,34877982040.1,52962142133.213135,53109859326.483055,39091939808.7664,60264341783.511246,38689714808.02291,34337064102.513992,25808485909.00093,60235590950.22754,15737125757.661018,48670509941.87317,47573944837.788536,25861374740.179028
48138149163.65351,26394343401.494263,60620893180.61242,19846203759.845135,39224734928.7328,34832775354.873245,33515261850.832333,51763535445.98652,14721126825.99512,39055964710.58359,41160106132.95379,40937523800.95932,34877982040.1,52962142133.213135,53109859326.483055,39091939808.7664,60264341783.511246,38689714808.02291,34337064102.513985,25808485909.00093,60235590950.22754,15737125757.661018,48670509941.87317,47573944837.788536,25861374740.179028
48138149163.65351,26394343401.494263,60620893180.61242,19846203759.845135,39224734928.7328,34832775354.873245,33515261850.832333,51763535445.98651,14721126825.99512,39055964710.58359,41160106132.95379,40937523800.95932,34877982040.1,52962142133.213135,53109859326.483055,39091939808.7664,60264341783.511246,38689714808.02291,34337064102.513985,25808485909.000927,60235590950.22754,15737125757.661018,48670509941.87317,47573944837.788536,25861374740.179028
48138149163.65351,26394343401.494263,60620893180.61242,19846203759.845135,39224734928.7328,34832775354.873245,33515261850.832333,51763535445.98651,14721126825.99512,39055964710.58359,41160106132.95379,40937523800.95932,34877982040.1,52962142133.213135,53109859326.483055,39091939808.7664,60264341783.511246,38689714808.02291,34337064102.513985,25808485909.000927,60235590950.22754,15737125757.661018,48670509941.87317,47573944837.788536,25861374740.179028
48138149163.65351,26394343401.494263,60620893180.61242,19846203759.845135,39224734928.7328,34832775354.873245,33515261850.832333,51763535445.98651,14721126825.99512,39055964710.58359,41160106132.95379,40937523800.95932,34877982040.1,52962142133.213135,53109859326.483055,39091939808.7664,60264341783.511246,38689714808.02291,34337064102.513985,25808485909.000927,60235590950.22754,15737125757.661018,48670509941.87317,47573944837.788536,25861374740.179028
48138149163.65351,26394343401.494263,60620893180.61242,19846203759.845135,39224734928.7328,34832775354.873245,33515261850.832333,51763535445.98651,14721126825.99512,39055964710.58359,41160106132.95379,40937523800.95932,34877982040.1,52962142133.213135,53109859326.483055,39091939808.7664,60264341783.511246,38689714808.02291,34337064102.513985,25808485909.000927,60235590950.22754,15737125757.661018,48670509941.87317,47573944837.788536,25861374740.179028
48138149163.65351,26394343401.494263,60620893180.61241,19846203759.845135,39224734928.732796,34832775354.873245,33515261850.832333,51763535445.98651,14721126825.99512,39055964710.58359,41160106132.95379,40937523800.95932,34877982040.1,52962142133.213135,53109859326.483055,39091939808.7664,60264341783.511246,38689714808.02291,34337064102.51398,25808485909.000927,60235590950.22754,15737125757.661018,48670509941.87317,47573944837.788536,25861374740.179028
48138149163.65351,26394343401.494263,60620893180.61241,19846203759.845135,39224734928.732796,34832775354.873245,33515261850.832333,51763535445.98651,14721126825.99512,39055964710.58359,41160106132.95379,40937523800.95932,34877982040.1,52962142133.213135,53109859326.483055,39091939808.7664,60264341783.511246,38689714808.02291,34337064102.513977,25808485909.000927,60235590950.22754,15737125757.661018,48670509941.87317,47573944837.788536,25861374740.179028
48138149163.65351,26394343401.494263,60620893180.61241,19846203759.845135,39224734928.732796,34832775354.873245,33515261850.832333,51763535445.98651,14721126825.99512,39055964710.58359,41160106132.95378,40937523800.95932,34877982040.1,52962142133.213135,53109859326.483055,39091939808.7664,60264341783.511246,38689714808.02291,34337064102.513977,25808485909.000927,60235590950.22754,15737125757.661018,48670509941.87317,47573944837.788536,25861374740.179028
48138149163.65351,26394343401.494263,60620893180.612404,19846203759.845135,39224734928.732796,34832775354.873245,33515261850.832333,51763535445.98651,14721126825.99512,39055964710.58359,41160106132.95378,40937523800.95932,34877982040.1,52962142133.213135,53109859326.483055,39091939808.7664,60264341783.511246,38689714808.02291,34337064102.513977,25808485909.000927,60235590950.22754,15737125757.661018,48670509941.87317,47573944837.788536,25861374740.179028
48138149163.65351,26394343401.494263,60620893180.612404,19846203759.845135,39224734928.732796,34832775354.873245,33515261850.832333,51763535445.98651,14721126825.99512,39055964710.58359,41160106132.95378,40937523800.95932,34877982040.1,52962142133.213135,53109859326.483055,39091939808.7664,60264341783.511246,38689714808.02291,34337064102.513977,25808485909.000927,60235590950.22754,15737125757.661018,48670509941.87317,47573944837.788536,25861374740.179028
48138149163.65351,26394343401.494263,60620893180.612404,19846203759.845135,39224734928.732796,34832775354.873245,33515261850.832333,51763535445.98651,14721126825.99512,39055964710.58359,41160106132.95378,40937523800.95932,34877982040.1,52962142133.213135,53109859326.483055,39091939808.7664,60264341783.511246,38689714808.02291,34337064102.513977,25808485909.000927,60235590950.22754,15737125757.661018,48670509941.87317,47573944837.788536,25861374740.179028
48138149163.65351,26394343401.494263,60620893180.612404,19846203759.845135,39224734928.732796,34832775354.873245,33515261850.832333,51763535445.98651,14721126825.99512,39055964710.58359,41160106132.95378,40937523800.95932,34877982040.1,52962142133.213135,53109859326.483055,39091939808.7664,60264341783.511246,38689714808.02291,34337064102.513977,25808485909.000927,60235590950.22754,15737125757.661018,48670509941.87317,47573944837.788536,25861374740.179028
48138149163.65351,26394343401.49426,60620893180.612404,19846203759.845135,39224734928.732796,34832775354.873245,33515261850.832333,51763535445.98651,14721126825.99512,39055964710.58359,41160106132.95377,40937523800.95932,34877982040.1,52962142133.213135,53109859326.483055,39091939808.7664,60264341783.511246,38689714808.02291,34337064102.513977,25808485909.000927,60235590950.22754,15737125757.661018,48670509941.87317,47573944837.788536,25861374740.179028
48138149163.65351,26394343401.49425,60620893180.612404,19846203759.845135,39224734928.732796,34832775354.873245,33515261850.832333,51763535445.98651,14721126825.99512,39055964710.58359,41160106132.95377,40937523800.95932,34877982040.1,52962142133.213135,53109859326.483055,39091939808.7664,60264341783.511246,38689714808.02291,34337064102.513977,25808485909.000927,60235590950.22754,15737125757.661018,48670509941.87317,47573944837.788536,25861374740.179028
48138149163.65351,26394343401.49425,60620893180.612404,19846203759.845135,39224734928.732796,34832775354.873245,33515261850.832333,51763535445.98651,14721126825.99512,39055964710.58359,41160106132.95377,40937523800.95932,34877982040.1,52962142133.213135,53109859326.483055,39091939808.7664,60264341783.511246,38689714808.02291,34337064102.513977,25808485909.000927,60235590950.22754,15737125757.661018,48670509941.87317,47573944837.788536,25861374740.179028
48138149163.65351,26394343401.494247,60620893180.612404,19846203759.845135,39224734928.732796,34832775354.873245,33515261850.832333,51763535445.98651,14721126825.99512,39055964710.58359,41160106132.95377,40937523800.95932,34877982040.1,52962142133.213135,53109859326.483055,39091939808.7664,60264339882.13955,38689714808.02291,34337064102.513977,25808485909.000927,60235590950.22754,15737125757.661018,48670509941.87317,47573944837.788536,25861374740.179028
48138149163.65351,26394343401.494247,60620893180.612404,19846203759.845135,39224734928.732796,34832775354.873245,33515261850.832333,51763535445.98651,14721126825.99512,39055964710.58359,41160106132.95377,40937523800.95932,34877982040.1,52962142133.213135,53109859326.483055,39091939808.7664,60264339599.31982,38689714808.02291,34337064102.513977,25808485909.000927,60235590950.22754,15737125757.661018,48670509941.87317,47573944837.788536,25861374740.179028
48138149163.65351,26394343401.494244,60620893180.612404,19846203759.845135,39224734928.732796,34832775354.873245,33515261850.832333,51763535445.98651,14721126825.99512,39055964710.58359,41160106132.95377,40937523800.95932,34877982040.1,52962142133.213135,53109859326.483055,39091939808.7664,60264339524.59389,38689714808.02291,34337064102.513977,25808485909.000927,60235590950.22754,15737125757.661018,48670509941.87317,47573944837.788536,25861374740.179028
48138149163.65351,26394343401.49424,60620893180.612404,19846203759.845135,39224734928.732796,34832775354.873245,33515261850.832333,51763535445.98651,14721126825.99512,39055964710.58359,41160106132.95377,40937523800.95932,34877982040.1,52962142133.213135,53109859326.483055,39091939808.7664,60264339524.59389,38689714808.02291,34337064102.513977,25808485909.000927,60235590950.22754,15737125757.661018,48670509941.87317,47573944837.788536,25861374740.179028
48138149163.65351,26394343401.49424,60620893180.612404,19846203759.845135,39224734928.732796,34832775354.873245,33515261850.832333,51763535445.98651,14721126825.99512,39055964710.58359,41160106132.95377,40937523800.95932,34877982040.1,52962142133.213135,53109859326.483055,39091939808.7664,60264339518.91089,38689714808.02291,34337064102.513977,25808485909.000927,60235590950.22754,15737125757.661018,48670509941.87317,47573944837.788536,25861374740.179028
48138149163.65351,26394343401.49424,60620893180.612404,19846203759.845135,39224734928.732796,34832775354.873245,33515261850.832333,51763535445.98651,14721126825.99512,39055964710.58359,41160106132.95377,40937523800.95932,34877982040.1,52962142133.213135,53109859326.483055,39091939808.7664,60264339508.2342,38689714808.02291,34337064102.513977,25808485909.000927,60235590950.22754,15737125757.661018,48670509941.87317,47573944837.788536,25861374740.179028
48138149163.65351,26394343401.494236,60620893180.612404,19846203759.845135,39224734928.732796,34832775354.873245,33515261850.832333,51763535445.98651,14721126825.99512,39055964710.58359,41160106132.95377,40937523800.95932,34877982040.1,52962142133.213135,53109859326.483055,39091939808.7664,60264339501.34991,38689714808.02291,34337064102.513977,25808485909.000927,60235590950.22754,15737125757.661018,48670509941.87317,47573944837.788536,25861374740.179028
48138149163.65351,26394343401.494236,60620893180.612404,19846203759.845135,39224734928.732796,34832775354.873245,33515261850.832333,51763535445.98651,14721126825.99512,39055964710.58359,41160106132.95377,40937523800.95932,34877982040.1,52962142133.213135,53109859326.483055,39091939808.7664,60264339496.406624,38689714808.02291,34337064102.513977,25808485909.000927,60235590950.22754,15737125757.661018,48670509941.87317,47573944837.788536,25861374740.179028
48138149163.65351,26394343401.494236,60620893180.612404,19846203759.845135,39224734928.732796,34832775354.873245,33515261850.832333,51763535445.98651,14721126825.99512,39055964710.58359,41160106132.95377,40937523800.95932,34877982040.1,52962142133.213135,53109859326.483055,39091939808.7664,60264339492.85669,38689714808.02291,34337064102.513977,25808485909.000927,60235590950.22754,15737125757.661018,48670509941.87317,47573944837.788536,25861374740.179028
48138149163.65351,26394343401.494236,60620893180.612404,19846203759.845135,39224734928.732796,34832775354.873245,33515261850.832333,51763535445.98651,14721126825.99512,39055964710.58359,41160106132.95377,40937523800.95932,34877982040.1,52962142133.213135,53109859326.483055,39091939808.7664,60264339492.85669,38689714808.02291,34337064102.513977,25808485909.000927,60235590950.22754,15737125757.661018,48670509941.87317,47573944837.788536,25861374740.179028
48138149163.65351,26394343401.494236,60620893180.612404,19846203759.845135,39224734928.732796,34832775354.873245,33515261850.832333,51763535445.98651,14721126825.99512,39055964710.58359,41160106132.95377,40937523800.95932,34877982040.1,52962142133.213135,53109859326.483055,39091939808.7664,60264339492.094765,38689714808.02291,34337064102.513977,25808485909.000927,60235590950.22754,15737125757.661018,48670509941.87317,47573944837.788536,25861374740.179028
48138149163.65351,26394343401.494236,60620893180.612404,19846203759.845135,39224734928.732796,34832775354.873245,33515261850.832333,51763535445.9865,14721126825.99512,39055964710.58359,41160106132.95377,40937523800.95932,34877982040.1,52962142133.213135,53109859326.483055,39091939808.7664,60264339492.05291,38689714808.02291,34337064102.513977,25808485909.000927,60235590950.22754,15737125757.661018,48670509941.87317,47573944837.788536,25861374740.179028
48138149163.65351,26394343401.494236,60620893180.612404,19846203759.845135,39224734928.732796,34832775354.873245,33515261850.832333,51763535445.9865,14721126825.99512,39055964710.58359,41160106132.95377,40937523800.95932,34877982040.1,52962142133.213135,53109859326.483055,39091939808.7664,60264339491.68984,38689714808.02291,34337064102.51397,25808485909.000927,60235590950.22754,15737125757.661018,48670509941.87317,47573944837.788536,25861374740.179028
48138149163.65351,26394343401.494236,60620893180.612404,19846203759.845135,39224734928.732796,34832775354.873245,33515261850.832333,51763535445.9865,14721126825.99512,39055964710.58359,41160106132.95377,40937523800.95932,34877982040.1,52962142133.213135,53109859326.483055,39091939808.7664,60264339491.68984,38689714808.02291,34337064102.51397,25808485909.000927,60235590950.22754,15737125757.661018,48670509941.87317,47573944837.788536,25861374740.179028
48138149163.65351,26394343401.494236,60620893180.612404,19846203759.845135,39224734928.732796,34832775354.873245,33515261850.832333,51763535445.9865,14721126825.99512,39055964710.58359,41160106132.95377,40937523800.95932,34877982040.1,52962142133.213135,53109859326.483055,39091939808.7664,60264339491.5972,38689714808.02291,34337064102.51396,25808485909.000927,60235590950.22754,15737125757.661018,48670509941.87317,47573944837.788536,25861374740.179028
48138149163.65351,26394343401.494236,60620893180.612404,19846203759.845135,39224734928.732796,34832775354.873245,33515261850.832333,51763535445.9865,14721126825.99512,39055964710.58359,41160106132.95377,40937523800.95932,34877982040.1,52962142133.213135,53109859326.483055,39091939808.7664,60264339491.54209,38689714808.02291,34337064102.51396,25808485909.000927,60235590950.22754,15737125757.661018,48670509941.87317,47573944837.788536,25861374740.179028
48138149163.65351,26394343401.494236,60620893180.612404,19846203759.845135,39224734928.732796,34832775354.873245,33515261850.832333,51763535445.9865,14721126825.99512,39055964710.58359,41160106132.95377,40937523800.95932,34877982040.1,52962142133.213135,53109859326.483055,39091939808.7664,60264339491.51282,38689714808.02291,34337064102.51396,25808485909.000927,60235590950.22754,15737125757.661018,48670509941.87317,47573944837.788536,25861374740.179028
48138149163.65351,26394343401.494236,60620893180.612404,19846203759.845135,39224734928.732796,34832775354.873245,33515261850.832333,51763535445.9865,14721126825.99512,39055964710.58359,41160106132.95377,40937523800.95932,34877982040.1,52962142133.213135,53109859326.483055,39091939808.7664,60264339491.50211,38689714808.02291,34337064102.51396,25808485909.000927,60235590950.22754,15737125757.661018,48670509941.87317,47573944837.788536,25861374740.179028
48138149163.65351,26394343401.494236,60620893180.612404,19846203759.845135,39224734928.732796,34832775354.873245,33515261850.832333,51763535445.9865,14721126825.99512,39055964710.58359,41160106132.95377,40937523800.95932,34877982040.1,52962142133.213135,53109859326.483055,39091939808.7664,60264339491.50211,38689714808.02291,34337064102.51396,25808485909.000927,60235590950.22754,15737125757.661018,48670509941.87317,47573944837.788536,25861374740.179028
48138149163.65351,26394343401.494236,60620893180.612404,19846203759.845135,39224734928.732796,34832775354.873245,33515261850.832333,51763535445.986496,14721126825.99512,39055964710.58359,41160106132.95377,40937523800.95932,34877982040.1,52962142133.213135,53109859326.483055,39091939808.7664,60264339491.49626,38689714808.02291,34337064102.51396,25808485909.000927,60235590950.22754,15737125757.661018,48670509941.87317,47573944837.788536,25861374740.179028
48138149163.65351,26394343401.494236,60620893180.612404,19846203759.845135,39224734928.732796,34832775354.873245,33515261850.832333,51763535445.986496,14721126825.99512,39055964710.58359,41160106132.95377,40937523800.95932,34877982040.1,52962142133.213135,53109859326.483055,39091939808.7664,60264339491.491875,38689714808.02291,34337064102.51396,25808485909.000927,60235590950.22754,15737125757.661018,48670509941.87317,47573944837.788536,25861374740.179028
48138149163.65351,26394343401.494236,60620893180.612404,19846203759.845135,39224734928.732796,34832775354.873245,33515261850.832333,51763535445.986496,14721126825.99512,39055964710.58359,41160106132.95377,40937523800.95932,34877982040.1,52962142133.213135,53109859326.483055,39091939808.7664,60264339491.48871,38689714808.02291,34337064102.51396,25808485909.000927,60235590950.22754,15737125757.661018,48670509941.87317,47573944837.788536,25861374740.179028
48138149163.65351,26394343401.494236,60620893180.612404,19846203759.845135,39224734928.732796,34832775354.873245,33515261850.832333,51763535445.986496,14721126825.99512,39055964710.58359,41160106132.95377,40937523800.95932,34877982040.1,52962142133.213135,53109859326.483055,39091939808.7664,60264339491.48662,38689714808.02291,34337064102.51396,25808485909.000927,60235590950.22754,15737125757.661018,48670509941.87317,47573944837.788536,25861374740.179028
48138149163.65351,26394343401.494236,60620893180.612404,19846203759.845135,39224734928.732796,34832775354.873245,33515261850.832333,51763535445.986496,14721126825.99512,39055964710.58359,41160106132.95377,40937523800.95932,34877982040.1,52962142133.213135,53109859326.483055,39091939808.7664,60264339491.48556,38689714808.02291,34337064102.51396,25808485909.000927,60235590950.22754,15737125757.661018,48670509941.87317,47573944837.788536,25861374740.179028
48138149163.65351,26394343401.494236,60620893180.612404,19846203759.845135,39224734928.732796,34832775354.873245,33515261850.832333,51763535445.986496,14721126825.99512,39055964710.58359,41160106132.95377,40937523800.95932,34877982040.1,52962142133.213135,53109859326.483055,39091939808.7664,60264339491.484505,38689714808.02291,34337064102.51396,25808485909.000927,60235590950.22754,15737125757.661018,48670509941.87317,47573944837.788536,25861374740.179028
48138149163.65351,26394343401.494236,60620893180.612404,19846203759.845135,39224734928.732796,34832775354.873245,33515261850.832333,51763535445.986496,14721126825.99512,39055964710.58359,41160106132.95377,40937523800.95932,34877982040.1,52962142133.213135,53109859326.48305,39091939808.7664,60264339491.4839,38689714808.02291,34337064102.51396,25808485909.000927,60235590950.22754,15737125757.661018,48670509941.87317,47573944837.788536,25861374740.179028
48138149163.65351,26394343401.494236,60620893180.612404,19846203759.845135,39224732132.366455,34832775354.873245,33515261850.832333,51763535445.986496,14721126825.99512,39055964710.58359,41160106132.95377,40937523800.95932,34877982040.1,52962142133.213135,53109859326.48305,39091939808.7664,60264339491.483734,38689714808.02291,34337064102.51396,25808485909.000927,60235590950.22754,15737125757.661018,48670509941.87317,47573944837.788536,25861374740.179028
48138149163.65351,26394343401.494236,60620893180.612404,19846203759.845135,39224732132.066696,34832775354.873245,33515261850.832333,51763535445.986496,14721126825.99512,39055964710.58359,41160106132.95377,40937523800.95932,34877982040.1,52962142133.213135,53109859326.48305,39091939808.7664,60264339491.48373,38689714808.02291,34337064102.51396,25808485909.000927,60235590950.22754,15737125757.661018,48670509941.87317,47573944837.788536,25861374740.179028
48138149163.65351,26394343401.494236,60620893180.612404,19846203759.845135,39224732132.066696,34832775354.873245,33515261850.832333,51763535445.986496,14721126825.99512,39055964710.58359,41160106132.95377,40937523800.95932,34877982040.1,52962142133.213135,53109859326.48305,39091939808.7664,60264339491.483696,38689714808.02291,34337064102.51396,25808485909.000927,60235590950.22754,15737125757.661018,48670509941.87317,47573944837.788536,25861374740.179028
48138149163.65351,26394343401.494236,60620893180.612404,19846203759.845135,39224732132.066696,34832775354.873245,33515261850.832333,51763535445.986496,14721126825.99512,39055964710.58359,41160106132.95377,40937523800.95932,34877982040.1,52962142133.213135,53109859326.48305,39091939808.7664,60264339491.483665,38689714808.02291,34337064102.51396,25808485909.000927,60235590950.22754,15737125757.661018,48670509941.87317,47573944837.788536,25861374740.179028
48138149163.65351,26394343401.494236,60620893180.612404,19846203759.84513,39224732132.066444,34832775354.873245,33515261850.832333,51763535445.986496,14721126825.99512,39055964710.58359,41160106132.95377,40937523800.95932,34877982040.1,52962142133.213135,53109859326.48305,39091939808.7664,60264339491.483665,38689714808.02291,34337064102.51396,25808485909.000927,60235590950.22754,15737125757.661018,48670509941.87317,47573944837.788536,25861374740.179028
48138149163.65351,26394343401.494236,60620893180.612404,19846203759.84513,39224732132.066185,34832775354.873245,33515261850.832333,51763535445.986496,14721126825.99512,39055964710.58359,41160106132.95377,40937523800.95932,34877982040.1,52962142133.213135,53109859326.48305,39091939808.7664,60264339491.48366,38689714808.02291,34337064102.51396,25808485909.000927,60235590950.22754,15737125757.661018,48670509941.87317,47573944837.788536,25861374740.179028
48138149163.65351,26394343401.494236,60620893180.612404,19846203759.84513,39224732132.066185,34832775354.873245,33515261850.832333,51763535445.986496,14721126825.99512,39055964710.58359,41160106132.95377,40937523800.95932,34877982040.1,52962142133.213135,53109859326.48305,39091939808.7664,60264339491.48365,38689714808.02291,34337064102.51396,25808485909.000927,60235590950.22754,15737125757.661018,48670509941.87317,47573944837.788536,25861374740.179028
48138149163.65351,26394343401.494236,60620893180.612404,19846203759.84513,39224732132.06618,34832775354.873245,33515261850.832333,51763535445.986496,14721126825.99512,39055964710.58359,41160106132.95377,40937523800.95932,34877982040.1,52962142133.213135,53109859326.48305,39091939808.7664,60264339491.483635,38689714808.02291,34337064102.51396,25808485909.000927,60235590950.22754,15737125757.661018,48670509941.87317,47573944837.788536,25861374740.179028
48138149163.65351,26394343401.494236,60620893180.612404,19846203759.84513,39224732132.06617,34832775354.873245,33515261850.832333,51763535445.986496,14721126825.99512,39055964710.58359,41160106132.95377,40937523800.95932,34877982040.1,52962142133.213135,53109859326.48305,39091939808.7664,60264339491.483635,38689714808.02291,34337064102.51396,25808485909.000927,60235590950.22754,15737125757.661018,48670509941.87317,47573944837.788536,25861374740.179028
48138149163.65351,26394343401.494236,60620893180.612404,19846203759.84513,39224732132.06616,34832775354.873245,33515261850.832333,51763535445.986496,14721126825.99512,39055964710.58359,41160106132.95377,40937523800.95932,34877982040.1,52962142133.213135,53109859326.48305,39091939808.7664,60264339491.483635,38689714808.02291,34337064102.51396,25808485909.000927,60235590950.22754,15737125757.661018,48670509941.87317,47573944837.788536,25861374740.179028
48138149163.65351,26394343401.494236,60620893180.612404,19846203759.84513,39224732132.06616,34832775354.873245,33515261850.832333,51763535445.986496,14721126825.99512,39055964710.58359,41160106132.95377,40937523800.95932,34877982040.1,52962142133.213135,53109859326.48305,39091939808.7664,60264339491.483635,38689714808.02291,34337064102.51396,25808485909.000927,60235590950.22754,15737125757.661018,48670509941.87317,47573944837.788536,25861374740.179028
48138149163.65351,26394343401.494236,60620893180.612404,19846203759.84513,39224732132.06616,34832775354.873245,33515261850.832333,51763535445.986496,14721126825.99512,39055964710.58359,41160106132.95377,40937523800.95932,34877982040.1,52962142133.213135,53109859326.48305,39091939808.7664,60264339491.483635,38689714808.02291,34337064102.51396,25808485909.000927,60235590950.22754,15737125757.661018,48670509941.87317,47573944837.788536,25861374740.179028
48138149163.65351,26394343401.494236,60620893180.612404,19846203759.84513,39224732132.06616,34832775354.873245,33515261850.832333,51763535445.986496,14721126825.99512,39055964710.58359,41160106132.95377,40937523800.95932,34877982040.1,52962142133.213135,53109859326.48305,39091939808.7664,60264339491.483635,38689714808.02291,34337064102.51396,25808485909.000927,60235590950.22754,15737125757.661018,48670509941.87317,47573944837.788536,25861374740.179028
48138149163.65351,26394343401.494236,60620893180.612404,19846203759.84513,39224732132.06616,34832775354.873245,33515261850.832333,51763535445.986496,14721126825.99512,39055964710.58359,41160106132.95377,40937523800.95932,34877982040.1,52962142133.213135,53109859326.48305,39091939808.7664,60264339491.483635,38689714808.02291,34337064102.51396,25808485909.000927,60235590950.22754,15737125757.661018,48670509941.87317,47573944837.788536,25861374740.179028
48138149163.65351,26394343401.494236,60620893180.612404,19846203759.84513,39224732132.06616,34832775354.873245,33515261850.832333,51763535445.986496,14721126825.99512,39055964710.58359,41160106132.95377,40937523800.95932,34877982040.1,52962142133.213135,53109859326.48305,39091939808.7664,60264339491.48363,38689714808.02291,34337064102.51396,25808485909.000927,60235590950.22754,15737125757.661018,48670509941.87317,47573944837.788536,25861374740.179028
48138149163.65351,26394343401.494236,60620893180.612404,19846203759.84513,39224732132.06616,34832775354.873245,33515261850.832333,51763535445.986496,14721126825.99512,39055964710.58359,41160106132.95377,40937523800.95932,34877982040.1,52962142133.213135,53109859326.48305,39091939808.7664,60264339491.48363,38689714808.02291,34337064102.51396,25808485909.000927,60235590950.22754,15737125757.661018,48670509941.87317,47573944837.788536,25861374740.179028
48138149163.65351,26394343401.494236,60620893180.612404,19846203759.84513,39224732132.06616,34832775354.873245,33515261850.832333,51763535445.986496,14721126825.99512,39055964710.58359,41160106132.95377,40937523800.95932,34877982040.1,52962142133.213135,53109859326.48305,39091939808.7664,60264339491.48363,38689714808.02291,34337064102.51396,25808485909.000927,60235590950.22754,15737125757.661018,48670509941.87317,47573944837.788536,25861374740.179028
48138149163.65351,26394343401.494236,60620893180.612404,19846203759.84513,39224732132.066154,34832775354.873245,33515261850.832333,51763535445.986496,14721126825.99512,39055964710.58359,41160106132.95377,40937523800.95932,34877982040.1,52962142133.213135,53109859326.48305,39091939808.7664,60264339491.48363,38689714808.02291,34337064102.51396,25808485909.000927,60235590950.22754,15737125757.661018,48670509941.87317,47573944837.788536,25861374740.179028
48138149163.65351,26394343401.494236,60620893180.612404,19846203759.84513,39224732132.066154,34832775354.873245,33515261850.832333,51763535445.986496,14721126825.99512,39055964710.58359,41160106132.95377,40937523800.95932,34877982040.1,52962142133.213135,53109859326.48305,39091939808.7664,60264339491.48363,38689714808.02291,34337064102.513958,25808485909.000927,60235590950.22754,15737125757.661018,48670509941.87317,47573944837.788536,25861374740.179028
48138149163.65351,26394343401.494236,60620893180.612404,19846203759.84513,39224732132.066154,34832775354.873245,33515261850.832333,51763535445.986496,14721126825.99512,39055964710.58359,41160106132.95377,40937523800.95932,34877982040.1,52962142133.213135,53109859326.48305,39091939808.7664,60264339491.48363,38689714808.02291,34337064102.513958,25808485909.000927,60235590950.22754,15737125757.661018,48670509941.87317,47573944837.788536,25861374740.179028
48138149163.65351,26394343401.494236,60620893180.612404,19846203759.84513,39224732132.066154,34832775354.873245,33515261850.832333,51763535445.986496,14721126825.99512,39055964710.58359,41160106132.95377,40937523800.95932,34877982040.1,52962142133.213135,53109859326.48305,39091939808.7664,60264339491.48362,38689714808.02291,34337064102.513958,25808485909.000927,60235590950.22754,15737125757.661018,48670509941.87317,47573944837.788536,25861374740.179028
48138149163.65351,26394343401.494236,60620893180.612404,19846203759.84513,39224732132.066154,34832775354.873245,33515261850.832333,51763535445.986496,14721126825.99512,39055964710.58359,41160106132.95377,40937523800.95932,34877982040.1,52962142133.213135,53109859326.48305,39091939808.7664,60264339491.48362,38689714808.02291,34337064102.513958,25808485909.000927,60235590950.22754,15737125757.661018,48670509941.87317,47573944837.788536,25861374740.179028
48138149163.65351,26394343401.494236,60620893180.612404,19846203759.84513,39224732132.066154,34832775354.873245,33515261850.832333,51763535445.986496,14721126825.99512,39055964710.58359,41160106132.95377,40937523800.95932,34877982040.1,52962142133.213135,53109859326.48305,39091939808.7664,60264339491.48362,38689714808.02291,34337064102.513958,25808485909.000927,60235590950.22754,15737125757.661018,48670509941.87317,47573944837.788536,25861374740.179028
48138149163.65351,26394343401.494236,60620893180.612404,19846203759.84513,39224732132.06615,34832775354.873245,33515261850.832333,51763535445.986496,14721126825.99512,39055964710.58359,41160106132.95377,40937523800.95932,34877982040.1,52962142133.213135,53109859326.48305,39091939808.7664,60264339491.48362,38689714808.02291,34337064102.513958,25808485909.000927,60235590950.22754,15737125757.661018,48670509941.87317,47573944837.788536,25861374740.179028
48138149163.65351,26394343401.494236,60620893180.612404,19846203759.84513,39224732132.06615,34832775354.873245,33515261850.832333,51763535445.986496,14721126825.99512,39055964710.58359,41160106132.95377,40937523800.95932,34877982040.1,52962142133.213135,53109859326.48305,39091939808.7664,60264339491.48362,38689714808.02291,34337064102.513958,25808485909.000927,60235590950.22754,15737125757.661018,48670509941.87317,47573944837.788536,25861374740.179028
48138149163.65351,26394343401.494236,60620893180.612404,19846203759.84513,39224732132.06615,34832775354.873245,33515261850.832333,51763535445.986496,14721126825.99512,39055964710.58359,41160106132.95377,40937523800.95932,34877982040.1,52962142133.213135,53109859326.48305,39091939808.7664,60264339491.48362,38689714808.02291,34337064102.513958,25808485909.000927,60235590950.22754,15737125757.661018,48670509941.87317,47573944837.788536,25861374740.179028
48138149163.65351,26394343401.494236,60620893180.612404,19846203759.84513,39224732132.06615,34832775354.873245,33515261850.832333,51763535445.986496,14721126825.99512,39055964710.58359,41160106132.95377,40937523800.95932,34877982040.1,52962142133.213135,53109859326.48305,39091939808.7664,60264339491.48362,38689714808.02291,34337064102.513958,25808485909.000927,60235590950.22754,15737125757.661018,48670509941.87317,47573944837.788536,25861374740.179028
48138149163.65351,26394343401.494236,60620893180.612404,19846203759.84513,39224732132.06615,34832775354.873245,33515261850.832333,51763535445.986496,14721126825.99512,39055964710.58359,41160106132.95377,40937523800.95932,34877982040.1,52962142133.213135,53109859326.48305,39091939808.7664,60264339491.48362,38689714808.02291,34337064102.513958,25808485909.000927,60235590950.22754,15737125757.661018,48670509941.87317,47573944837.788536,25861374740.179028
48138149163.65351,26394343401.494236,60620893180.612404,19846203759.84513,39224732132.06615,34832775354.873245,33515261850.832333,51763535445.986496,14721126825.99512,39055964710.58359,41160106132.95377,40937523800.95932,34877982040.1,52962142133.213135,53109859326.48305,39091939808.7664,60264339491.48362,38689714808.02291,34337064102.513958,25808485909.000927,60235590950.22754,15737125757.661018,48670509941.87317,47573944837.788536,25861374740.179028
48138149163.65351,26394343401.494236,60620893180.612404,19846203759.845127,39224732132.06615,34832775354.873245,33515261850.832333,51763535445.986496,14721126825.99512,39055964710.58359,41160106132.95377,40937523800.95932,34877982040.1,52962142133.213135,53109859326.48305,39091939808.7664,60264339491.48362,38689714808.02291,34337064102.513958,25808485909.000927,60235590950.22754,15737125757.661018,48670509941.87317,47573944837.788536,25861374740.179028
48138149163.65351,26394343401.494236,60620893180.612404,19846203759.845127,39224732132.06615,34832775354.873245,33515261850.832333,51763535445.986496,14721126825.99512,39055964710.58359,41160106132.95377,40937523800.95932,34877982040.1,52962142133.213135,53109859326.48305,39091939808.7664,60264339491.48362,38689714808.02291,34337064102.513958,25808485909.000927,60235590950.22754,15737125757.661018,48670509941.87317,47573944837.788536,25861374740.179028
48138149163.65351,26394343401.494236,60620893180.612404,19846203759.845127,39224732132.06615,34832775354.873245,33515261850.832333,51763535445.986496,14721126825.99512,39055964710.58359,41160106132.95377,40937523800.95932,34877982040.1,52962142133.213135,53109859326.48305,39091939808.7664,60264339491.48362,38689714808.02291,34337064102.513958,25808485909.000927,60235590950.22754,15737125757.661018,48670509941.87317,47573944837.788536,25861374740.179028
48138149163.65351,26394343401.494236,60620893180.612404,19846203759.845127,39224732132.06615,34832775354.873245,33515261850.832333,51763535445.986496,14721126825.99512,39055964710.58359,41160106132.95377,40937523800.95932,34877982040.1,52962142133.213135,53109859326.48305,39091939808.7664,60264339491.48362,38689714808.02291,34337064102.513958,25808485909.000927,60235590950.22754,15737125757.661018,48670509941.87317,47573944837.788536,25861374740.179028
48138149163.65351,26394343401.494236,60620893180.612404,19846203759.845127,39224732132.06615,34832775354.873245,33515261850.832333,51763535445.986496,14721126825.99512,39055964710.58359,41160106132.95377,40937523800.95932,34877982040.1,52962142133.213135,53109859326.48305,39091939808.7664,60264339196.48723,38689714808.02291,34337064102.513958,25808485909.000927,60235590950.22754,15737125757.661018,48670509941.87317,47573944837.788536,25861374740.179028
48138149163.65351,26394343401.494236,60620893180.612404,19846203759.845127,39224732132.06615,34832775354.873245,33515261850.832333,51763535445.986496,14721126825.99512,39055964710.58359,41160106132.95377,40937523800.95932,34877982040.1,52962142133.213135,53109859326.48305,39091939808.7664,60264339159.36825,38689714808.02291,34337064102.513958,25808485909.000927,60235590950.22754,15737125757.661018,48670509941.87317,47573944837.788536,25861374740.179028
48138149163.65351,26394343401.494236,60620893180.612404,19846203759.845127,39224732132.06615,34832775354.873245,33515261850.832333,51763535445.986496,14721126825.99512,39055964710.58359,41160106132.95377,40937523800.95932,34877982040.1,52962142133.213135,53109859326.48305,39091939808.7664,60264339148.45808,38689714808.02291,34337064102.513958,25808485909.000927,60235590950.22754,15737125757.661018,48670509941.87317,47573944837.788536,25861374740.179028
48138149163.65351,26394343401.494236,60620893180.612404,19846203759.845127,39224732132.06615,34832775354.873245,33515261850.832333,51763535445.986496,14721126825.99512,39055964710.58359,41160106132.95377,40937523800.95932,34877982040.1,52962142133.213135,53109859326.48305,39091939808.7664,60264339145.24049,38689714808.02291,34337064102.513954,25808485909.000927,60235590950.22754,15737125757.661018,48670509941.87317,47573944837.788536,25861374740.179028
48138149163.65351,26394343401.494236,60620893180.612404,19846203759.845127,39224732132.06615,34832775354.873245,33515261850.832333,51763535445.986496,14721126825.99512,39055964710.58359,41160106132.95377,40937523800.95932,34877982040.1,52962142133.213135,53109859326.48305,39091939808.7664,60264339143.761696,38689714808.02291,34337064102.513954,25808485909.000927,60235590950.22754,15737125757.661018,48670509941.87317,47573944837.788536,25861374740.179028
48138149163.65351,26394343401.494236,60620893180.612404,19846203759.845127,39224732132.06615,34832775354.873245,33515261850.832333,51763535445.986496,14721126825.99512,39055964710.58359,41160106132.95377,40937523800.95932,34877982040.1,52962142133.213135,53109859326.48305,39091939808.7664,60264339142.71422,38689714808.02291,34337064102.513954,25808485909.000927,60235590950.22754,15737125757.661018,48670509941.87317,47573944837.788536,25861374740.179028
48138149163.65351,26394343401.494236,60620893180.612404,19846203759.845127,39224732132.06614,34832775354.873245,33515261850.832333,51763535445.986496,14721126825.99512,39055964710.58359,41160106132.95377,40937523800.95932,34877982040.1,52962142133.213135,53109859326.48305,39091939808.7664,60264339141.64879,38689714808.02291,34337064102.513954,25808485909.000927,60235590950.22754,15737125757.661018,48670509941.87317,47573944837.788536,25861374740.179028
48138149163.65351,26394343401.494236,60620893180.612404,19846203759.845127,39224732132.06614,34832775354.873245,33515261850.832333,51763535445.986496,14721126825.99512,39055964710.58359,41160106132.95377,40937523800.95932,34877982040.1,52962142133.213135,53109859326.48305,39091939808.7664,60264339141.64879,38689714808.02291,34337064102.513954,25808485909.000927,60235590950.22754,15737125757.661018,48670509941.87317,47573944837.788536,25861374740.179028
48138149163.65351,26394343401.494236,60620893180.612404,19846203759.845127,39224732132.06614,34832775354.873245,33515261850.832333,51763535445.986496,14721126825.99512,39055964710.58359,41160106132.95377,40937523800.95932,34877982040.1,52962142133.213135,53109859326.48305,39091939808.7664,60264339141.369,38689714808.02291,34337064102.513954,25808485909.000927,60235590950.22754,15737125757.661018,48670509941.87317,47573944837.788536,25861374740.179028
48138149163.65351,26394343401.494236,60620893180.612404,19846203759.845127,39224732132.06614,34832775354.873245,33515261850.832333,51763535445.986496,14721126825.99512,39055964710.58359,41160106132.95377,40937523800.95932,34877982040.1,52962142133.213135,53109859326.48305,39091939808.7664,60264339141.365265,38689714808.02291,34337064102.513954,25808485909.000927,60235590950.22754,15737125757.661018,48670509941.87317,47573944837.788536,25861374740.179028
48138149163.65351,26394343401.494236,60620893180.612404,19846203759.845127,39224732132.06614,34832775354.873245,33515261850.832333,51763535445.986496,14721126825.99512,39055964710.58359,41160106132.95377,40937523800.95932,34877982040.1,52962142133.213135,53109859326.48305,39091939808.7664,60264339141.33771,38689714808.02291,34337064102.513954,25808485909.000927,60235590950.22754,15737125757.661018,48670509941.87317,47573944837.788536,25861374740.179028
48138149163.65351,26394343401.494236,60620893180.612404,19846203759.845127,39224732132.06614,34832775354.873245,33515261850.832333,51763535445.986496,14721126825.99512,39055964710.58359,41160106132.95377,40937523800.95932,34877982040.1,52962142133.213135,53109859326.48305,39091939808.7664,60264339141.31504,38689714808.02291,34337064102.513954,25808485909.000927,60235590950.22754,15737125757.661018,48670509941.87317,47573944837.788536,25861374740.179028
48138149163.65351,26394343401.494236,60620893180.612404,19846203759.845127,39224732132.06614,34832775354.873245,33515261850.832333,51763535445.986496,14721126825.99512,39055964710.58359,41160106132.95377,40937523800.95932,34877982040.1,52962142133.213135,53109859326.48305,39091939808.7664,60264339141.31504,38689714808.02291,34337064102.513954,25808485909.000927,60235590950.22754,15737125757.661018,48670509941.87317,47573944837.788536,25861374740.179028
48138149163.65351,26394343401.494236,60620893180.612404,19846203759.845127,39224732132.06614,34832775354.873245,33515261850.832333,51763535445.986496,14721126825.99512,39055964710.58359,41160106132.95377,40937523800.95932,34877982040.1,52962142133.213135,53109859326.48305,39091939808.7664,60264339141.31504,38689714808.02291,34337064102.513954,25808485909.000927,60235590950.22754,15737125757.661018,48670509941.87317,47573944837.788536,25861374740.179028
48138149163.65351,26394343401.494232,60620893180.612404,19846203759.845127,39224732132.06614,34832775354.873245,33515261850.832333,51763535445.986496,14721126825.99512,39055964710.58359,41160106132.95377,40937523800.95932,34877982040.1,52962142133.213135,53109859326.48305,39091939808.7664,60264339141.31166,38689714808.02291,34337064102.513954,25808485909.000927,60235590950.22754,15737125757.661018,48670509941.87317,47573944837.788536,25861374740.179028
48138149163.65351,26394343401.494232,60620893180.612404,19846203759.845127,39224732132.06614,34832775354.873245,33515261850.832333,51763535445.986496,14721126825.99512,39055964710.58359,41160106132.95377,40937523800.95932,34877982040.1,52962142133.213135,53109859326.48305,39091939808.7664,60264339141.31163,38689714808.02291,34337064102.513954,25808485909.000927,60235590950.22754,15737125757.661018,48670509941.87317,47573944837.788536,25861374740.179028
48138149163.65351,26394343401.494232,60620893180.612404,19846203759.845127,39224732132.06614,34832775354.873245,33515261850.832333,51763535445.986496,14721126825.99512,39055964710.58359,41160106132.95377,40937523800.95932,34877982040.1,52962142133.213135,53109859326.48305,39091939808.7664,60264339141.31144,38689714808.02291,34337064102.513954,25808485909.000927,60235590950.22754,15737125757.661018,48670509941.87317,47573944837.788536,25861374740.179028
48138149163.65351,26394343401.494232,60620893180.612404,19846203759.845127,39224732132.06614,34832775354.873245,33515261850.832333,51763535445.986496,14721126825.99512,39055964710.58359,41160106132.95377,40937523800.95932,34877982040.1,52962142133.213135,53109859326.48305,39091939808.7664,60264339141.311035,38689714808.02291,34337064102.513954,25808485909.000927,60235590950.22754,15737125757.661018,48670509941.87317,47573944837.788536,25861374740.179028
48138149163.65351,26394343401.494232,60620893180.612404,19846203759.845127,39224732132.06614,34832775354.873245,33515261850.832333,51763535445.986496,14721126825.99512,39055964710.58359,41160106132.95377,40937523800.95932,34877982040.1,52962142133.213135,53109859326.48305,39091939808.7664,60264339141.31087,38689714808.02291,34337064102.513954,25808485909.000927,60235590950.22754,15737125757.661018,48670509941.87317,47573944837.788536,25861374740.179028
48138149163.65351,26394343401.494232,60620893180.612404,19846203759.845127,39224732132.06614,34832775354.873245,33515261850.832333,51763535445.986496,14721126825.99512,39055964710.58359,41160106132.95377,40937523800.95932,34877982040.1,52962142133.213135,53109859326.48305,39091939808.7664,60264339141.31075,38689714808.02291,34337064102.513954,25808485909.000927,60235590950.22754,15737125757.661018,48670509941.87317,47573944837.788536,25861374740.179028
48138149163.65351,26394343401.494232,60620893180.612404,19846203759.845127,39224732132.06614,34832775354.873245,33515261850.832333,51763535445.986496,14721126825.99512,39055964710.58359,41160106132.95377,40937523800.95932,34877982040.1,52962142133.213135,53109859326.48305,39091939808.7664,60264339141.31064,38689714808.02291,34337064102.513954,25808485909.000927,60235590950.22754,15737125757.661018,48670509941.87317,47573944837.788536,25861374740.179028
48138149163.65351,26394343401.494232,60620893180.612404,19846203759.845127,39224732132.06614,34832775354.873245,33515261850.832333,51763535445.986496,14721126825.99512,39055964710.58359,41160106132.95377,40937523800.95932,34877982040.1,52962142133.213135,53109859326.48305,39091939808.7664,60264339141.31052,38689714808.02291,34337064102.513954,25808485909.000927,60235590950.22754,15737125757.661018,48670509941.87317,47573944837.788536,25861374740.179028
48138149163.65351,26394343401.494232,60620893180.612404,19846203759.845127,39224732132.06614,34832775354.873245,33515261850.832333,51763535445.986496,14721126825.99512,39055964710.58359,41160106132.95377,40937523800.95932,34877982040.1,52962142133.213135,53109859326.48305,39091939808.7664,60264339141.31045,38689714808.02291,34337064102.513954,25808485909.000927,60235590950.22754,15737125757.661018,48670509941.87317,47573944837.788536,25861374740.179028
48138149163.65351,26394343401.494232,60620893180.612404,19846203759.845127,39224732132.066124,34832775354.873245,33515261850.832333,51763535445.986496,14721126825.99512,39055964710.58359,41160106132.95377,40937523800.95932,34877982040.1,52962142133.213135,53109859326.48305,39091939808.7664,60264339141.310394,38689714808.02291,34337064102.513954,25808485909.000927,60235590950.22754,15737125757.661018,48670509941.87317,47573944837.788536,25861374740.179028
48138149163.65351,26394343401.494232,60620893180.612404,19846203759.845127,39224732132.066124,34832775354.873245,33515261850.832333,51763535445.986496,14721126825.99512,39055964710.58359,41160106132.95377,40937523800.95932,34877982040.1,52962142133.213135,53109859326.48305,39091939808.7664,60264339141.31038,38689714808.02291,34337064102.513954,25808485909.000927,60235590950.22754,15737125757.661018,48670509941.87317,47573944837.788536,25861374740.179028
48138149163.65351,26394343401.494232,60620893180.612404,19846203759.845127,39224732132.066124,34832775354.873245,33515261850.832333,51763535445.986496,14721126825.99512,39055964710.58359,41160106132.95377,40937523800.95932,34877982040.1,52962142133.213135,53109859326.48305,39091939808.7664,60264339141.31038,38689714808.02291,34337064102.513954,25808485909.000927,60235590950.22754,15737125757.661018,48670509941.87317,47573944837.788536,25861374740.179028
48138149163.65351,26394343401.494232,60620893180.612404,19846203759.845127,39224732132.066124,34832775354.873245,33515261850.832333,51763535445.986496,14721126825.99512,39055964710.58359,41160106132.95377,40937523800.95932,34877982040.1,52962142133.213135,53109859326.48305,39091939808.7664,60264339141.31037,38689714808.02291,34337064102.513954,25808485909.000927,60235590950.22753,15737125757.661018,48670509941.87317,47573944837.788536,25861374740.179028
48138149163.65351,26394343401.494232,60620893180.612404,19846203759.845127,39224732132.066124,34832775354.873245,33515261850.832333,51763535445.986496,14721126825.99512,39055964710.58359,41160106132.95377,40937523800.95932,34877982040.1,52962142133.213135,53109859326.48305,39091939808.7664,60264339141.31036,38689714808.02291,34337064102.513954,25808485909.000927,60235590950.22753,15737125757.661018,48670509941.87317,47573944837.788536,25861374740.179028
48138149163.65351,26394343401.494232,60620893180.612404,19846203759.845127,39224732132.066124,34832775354.873245,33515261850.832333,51763535445.986496,14721126825.99512,39055964710.58359,41160106132.95377,40937523800.95932,34877982040.1,52962142133.213135,53109859326.48305,39091939808.7664,60264339141.310356,38689714808.02291,34337064102.513954,25808485909.000927,60235590950.22753,15737125757.661018,48670509941.87317,47573944837.788536,25861374740.179028
48138149163.65351,26394343401.494232,60620893180.612404,19846203759.845127,39224732132.066124,34832775354.873245,33515261850.832333,51763535445.986496,14721126825.99512,39055964710.58359,41160106132.95377,40937523800.95932,34877982040.1,52962142133.213135,53109859326.48305,39091939808.7664,60264339141.310356,38689714808.02291,34337064102.513954,25808485909.000927,60235590950.22753,15737125757.661018,48670509941.87317,47573944837.788536,25861374740.179028
48138149163.65351,26394343401.494232,60620893180.612404,19846203759.845127,39224732132.066124,34832775354.873245,33515261850.832333,51763535445.986496,14721126825.99512,39055964710.58359,41160106132.95377,40937523800.95932,34877982040.1,52962142133.213135,53109859326.48305,39091939808.7664,60264339141.31035,38689714808.02291,34337064102.513954,25808485909.000927,60235590950.22753,15737125757.661018,48670509941.87317,47573944837.788536,25861374740.179028
48138149163.65351,26394343401.494232,60620893180.612404,19846203759.845127,39224732132.066124,34832775354.873245,33515261850.832333,51763535445.986496,14721126825.99512,39055964710.58358,41160106132.95377,40937523800.95932,34877982040.1,52962142133.213135,53109859326.48305,39091939808.7664,60264339141.31034,38689714808.02291,34337064102.513954,25808485909.000927,60235590950.22753,15737125757.661018,48670509941.87317,47573944837.788536,25861374740.179028
48138149163.65351,26394343401.494232,60620893180.612404,19846203759.845127,39224732132.066124,34832775354.873245,33515261850.832333,51763535445.986496,14721126825.99512,39055964710.58358,41160106132.95377,40937523800.95932,34877982040.1,52962142133.213135,53109859326.48305,39091939808.7664,60264339141.310326,38689714808.02291,34337064102.513954,25808485909.000927,60235590950.22753,15737125757.661018,48670509941.87317,47573944837.788536,25861374740.179028
48138149163.65351,26394343401.494232,60620893180.612404,19846203759.845127,39224732132.066124,34832775354.873245,33515261850.832333,51763535445.986496,14721126825.99512,39055964710.58358,41160106132.95377,40937523800.95932,34877982040.1,52962142133.213135,53109859326.48305,39091939808.7664,60264339141.310326,38689714808.02291,34337064102.513954,25808485909.000927,60235590950.22753,15737125757.661018,48670509941.87317,47573944837.788536,25861374740.179028
48138149163.65351,26394343401.494232,60620893180.612404,19846203759.845127,39224732132.066124,34832775354.873245,33515261850.832333,51763535445.986496,14721126825.99512,39055964710.58358,41160106132.95377,40937523800.95932,34877982040.1,52962142133.213135,53109859326.48305,39091939808.7664,60264339141.310326,38689714808.02291,34337064102.513954,25808485909.000927,60235590950.22753,15737125757.661018,48670509941.87317,47573944837.788536,25861374740.179028
48138149163.65351,26394343401.494232,60620893180.612404,19846203759.845127,39224732132.066124,34832775354.873245,33515261850.832333,51763535445.986496,14721126825.99512,39055964710.58358,41160106132.95377,40937523800.95932,34877982040.1,52962142133.213135,53109859326.48305,39091939808.7664,60264339141.31031,38689714808.02291,34337064102.513954,25808485909.000927,60235590950.22753,15737125757.661018,48670509941.87317,47573944837.788536,25861374740.179028
48138149163.65351,26394343401.494232,60620893180.612404,19846203759.845127,39224732132.066124,34832775354.873245,33515261850.832333,51763535445.986496,14721126825.99512,39055964710.58358,41160106132.953766,40937523800.95932,34877982040.1,52962142133.213135,53109859326.48305,39091939808.7664,60264339141.31031,38689714808.02291,34337064102.513954,25808485909.000927,60235590950.22753,15737125757.661018,48670509941.87317,47573944837.788536,25861374740.179028
48138149163.65351,26394343401.494232,60620893180.612404,19846203759.845127,39224732132.066124,34832775354.873245,33515261850.832333,51763535445.986496,14721126825.99512,39055964710.58358,41160106132.953766,40937523800.95932,34877982040.1,52962142133.213135,53109859326.48305,39091939808.7664,60264339141.31031,38689714808.02291,34337064102.513954,25808485909.000927,60235590950.22753,15737125757.661018,48670509941.87317,47573944837.788536,25861374740.179028
48138149163.65351,26394343401.494232,60620893180.612404,19846203759.845127,39224732132.066124,34832775354.873245,33515261850.832333,51763535445.986496,14721126825.99512,39055964710.58358,41160106132.95376,40937523800.95932,34877982040.1,52962142133.213135,53109859326.48305,39091939808.7664,60264339141.31031,38689714808.02291,34337064102.513954,25808485909.000927,60235590950.22752,15737125757.661018,48670509941.87317,47573944837.788536,25861374740.179028
48138149163.65351,26394343401.494232,60620893180.612404,19846203759.845127,39224732132.066124,34832775354.873245,33515261850.832333,51763535445.986496,14721126825.99512,39055964710.58358,41160106132.95376,40937523800.95932,34877982040.1,52962142133.213135,53109859326.48305,39091939808.7664,60264339141.31031,38689714808.02291,34337064102.513954,25808485909.000927,60235590950.22752,15737125757.661018,48670509941.87317,47573944837.788536,25861374740.179028
48138149163.65351,26394343401.494232,60620893180.612404,19846203759.845127,39224732132.066124,34832775354.873245,33515261850.832333,51763535445.986496,14721126825.99512,39055964710.58358,41160106132.95376,40937523800.95932,34877982040.1,52962142133.213135,53109859326.48305,39091939808.7664,60264339141.31031,38689714808.02291,34337064102.513954,25808485909.000927,60235590950.22752,15737125757.661018,48670509941.87317,47573944837.788536,25861374740.179028
48138149163.65351,26394343401.494232,60620893180.612404,19846203759.845127,39224732132.066124,34832775354.873245,33515261850.832333,51763535445.986496,14721126825.99512,39055964710.58358,41160106132.95376,40937523800.95932,34877982040.1,52962142133.213135,53109859326.48305,39091939808.7664,60264339141.31031,38689714808.02291,34337064102.513954,25808485909.000927,60235590950.22752,15737125757.661018,48670509941.87317,47573944837.788536,25861374740.179028
48138149163.65351,26394343401.49423,60620893180.612404,19846203759.845127,39224732132.066124,34832775354.873245,33515261850.832333,51763535445.986496,14721126825.99512,39055964710.58358,41160106132.95376,40937523800.95932,34877982040.1,52962142133.213135,53109859326.48305,39091939808.7664,60264339141.31031,38689714808.02291,34337064102.513954,25808485909.000927,60235590950.22752,15737125757.661018,48670509941.87317,47573944837.788536,25861374740.179028
48138149163.65351,26394343401.49423,60620893130.516464,19846203759.845127,39224732132.066124,34832775354.873245,33515261850.832333,51763535445.986496,14721126825.99512,39055964710.58358,41160106132.95376,40937523800.95932,34877982040.1,52962142133.213135,53109859326.48305,39091939808.7664,60264339141.3103,38689714808.02291,34337064102.513954,25808485909.000927,60235590950.22752,15737125757.661018,48670509941.87317,47573944837.788536,25861374740.179028
48138149163.65351,26394343401.49423,60620893129.17245,19846203759.845127,39224732132.066124,34832775354.873245,33515261850.832333,51763535445.986496,14721126825.99512,39055964710.58358,41160106132.95376,40937523800.95932,34877982040.1,52962142133.213135,53109859326.48305,39091939808.7664,60264339141.3103,38689714808.02291,34337064102.513954,25808485909.000927,60235590950.22752,15737125757.661018,48670509941.87317,47573944837.788536,25861374740.179028
48138149163.65351,26394343401.49423,60620893129.140594,19846203759.845127,39224732132.066124,34832775354.873245,33515261850.832333,51763535445.986496,14721126825.99512,39055964710.58358,41160106132.95376,40937523800.95932,34877982040.1,52962142133.213135,53109859326.48305,39091939808.7664,60264339141.310295,38689714808.02291,34337064102.513954,25808485909.000927,60235590950.22752,15737125757.661018,48670509941.87317,47573944837.788536,25861374740.179028
48138149163.65351,26394343401.49423,60620893129.140434,19846203759.845127,39224732132.06612,34832775354.873245,33515261850.832333,51763535445.986496,14721126825.99512,39055964710.58358,41160106132.95376,40937523800.95932,34877982040.1,52962142133.213135,53109859326.48305,39091939808.7664,60264339141.310295,38689714808.02291,34337064102.513954,25808485909.000927,60235590950.22752,15737125757.661018,48670509941.87317,47573944837.788536,25861374740.179028
48138149163.65351,26394343401.49423,60620893129.14028,19846203759.845127,39224732132.06612,34832775354.873245,33515261850.832333,51763535445.986496,14721126825.99512,39055964710.58358,41160106132.95375,40937523800.95932,34877982040.1,52962142133.213135,53109859326.48305,39091939808.7664,60264339141.310295,38689714808.02291,34337064102.513954,25808485909.000927,60235590950.22752,15737125757.661018,48670509941.87317,47573944837.788536,25861374740.179028
48138149163.65351,26394343401.49423,60620893129.140274,19846203759.845127,39224732132.06612,34832775354.873245,33515261850.832333,51763535445.986496,14721126825.99512,39055964710.58358,41160106132.95374,40937523800.95932,34877982040.1,52962142133.213135,53109859326.48305,39091939808.7664,60264339141.310295,38689714808.02291,34337064102.513954,25808485909.000927,60235590950.22752,15737125757.661018,48670509941.87317,47573944837.788536,25861374740.179028
48138149163.65351,26394343401.49423,60620893129.14026,19846203759.845127,39224732132.06612,34832775354.873245,33515261850.832333,51763535445.986496,14721126825.99512,39055964710.58358,41160106132.95374,40937523800.95932,34877982040.1,52962142133.213135,53109859326.48305,39091939808.7664,60264339141.310295,38689714808.02291,34337064102.513954,25808485909.000927,60235590950.22752,15737125757.661018,48670509941.87317,47573944837.788536,25861374740.179028
48138149163.65351,26394343401.49423,60620893129.14026,19846203759.845127,39224732132.06612,34832775354.873245,33515261850.832333,51763535445.986496,14721126825.99512,39055964710.58358,41160106132.95374,40937523800.95932,34877982040.1,52962142133.213135,53109859326.48305,39091939808.7664,60264339141.310295,38689714808.02291,34337064102.513954,25808485909.000927,60235590950.22752,15737125757.661018,48670509941.87317,47573944837.788536,25861374740.179028
48138149163.65351,26394343401.49423,60620893129.14026,19846203759.845127,39224732132.06612,34832775354.873245,33515261850.832333,51763535445.986496,14721126825.99512,39055964710.58358,41160106132.95374,40937523800.95932,34877982040.1,52962142133.213135,53109859326.48305,39091939808.7664,60264339141.310295,38689714808.02291,34337064102.513954,25808485909.000927,60235590950.22752,15737125757.661018,48670509941.87317,47573944837.788536,25861374740.179028
48138149163.65351,26394343401.49423,60620893129.14026,19846203759.845127,39224732132.06612,34832775354.873245,33515261850.832333,51763535445.986496,14721126825.99512,39055964710.58358,41160106132.95374,40937523800.95932,34877982040.1,52962142133.213135,53109859326.48305,39091939808.7664,60264339141.310295,38689714808.02291,34337064102.513954,25808485909.000927,60235590950.22752,15737125757.661018,48670509941.87317,47573944837.788536,25861374740.179028
48138149163.65351,26394343401.49423,60620893129.14025,19846203759.845127,39224732132.06612,34832775354.873245,33515261850.832333,51763535445.986496,14721126825.99512,39055964710.58358,41160106132.95374,40937523800.95932,34877982040.1,52962142133.213135,53109859326.48305,39091939808.7664,60264339141.310295,38689714808.02291,34337064102.513954,25808485909.000927,60235590950.22752,15737125757.661018,48670509941.87317,47573944837.788536,25861374740.179028
48138149163.65351,26394343401.49423,60620893129.140236,19846203759.845127,39224732132.06612,34832775354.873245,33515261850.832333,51763535445.986496,14721126825.99512,39055964710.58358,41160106132.95374,40937523800.95932,34877982040.1,52962142133.213135,53109859326.48305,39091939808.7664,60264339141.310295,38689714808.02291,34337064102.513954,25808485909.000927,60235590950.22752,15737125757.661018,48670509941.87317,47573944837.788536,25861374740.179028
48138149163.65351,26394343401.49423,60620893129.140236,19846203759.845127,39224732132.06612,34832775354.873245,33515261850.832333,51763535445.986496,14721126825.99512,39055964710.58358,41160106132.95374,40937523800.95932,34877982040.1,52962142133.213135,53109859326.48305,39091939808.7664,60264339141.310295,38689714808.02291,34337064102.513954,25808485909.000927,60235590950.22752,15737125757.661018,48670509941.87317,47573944837.788536,25861374740.179028
48138149163.65351,26394343401.49423,60620893129.140236,19846203759.845127,39224732132.06612,34832775354.873245,33515261850.832333,51763535445.986496,14721126825.99512,39055964710.58358,41160106132.95374,40937523800.95932,34877982040.1,52962142133.213135,53109859326.48305,39091939808.7664,60264339141.310295,38689714808.02291,34337064102.513954,25808485909.000927,60235590950.22752,15737125757.661018,48670509941.87317,47573944837.788536,25861374740.179028
48138149163.65351,26394343401.49423,60620893129.140236,19846203759.845127,39224732132.06612,34832775354.873245,33515261850.832333,51763535445.986496,14721126825.99512,39055964710.58358,41160106132.95374,40937523800.95932,34877982040.1,52962142133.213135,53109859326.48305,39091939808.7664,60264339141.31029,38689714808.02291,34337064102.513954,25808485909.000927,60235590950.22752,15737125757.661018,48670509941.87317,47573944837.788536,25861374740.179028
