trial_1,trial_2,trial_3,trial_4,trial_5,trial_6,trial_7,trial_8,trial_9,trial_10,trial_11,trial_12,trial_13,trial_14,trial_15,trial_16,trial_17,trial_18,trial_19,trial_20,trial_21,trial_22,trial_23,trial_24,trial_25
13656160.431401825,13941846.41817814,9850548.65773563,10972952.208929148,13465869.418267045,11577265.035744958,12728740.214428838,14732150.138941666,12473936.398500398,12781874.232824488,13800675.062199991,10813872.078564553,12144132.299240576,15074708.147378815,10502843.515058843,13837096.851835724,9948173.328976821,11767944.062510144,11456457.356680613,12534441.511818742,12949854.697027039,9333500.28882113,16204911.055719024,13397351.293535862,11867768.839974081
7293221.446955216,5088288.398485023,4896266.453038165,7885815.973549947,9312952.1032769,8118386.978390273,9507180.123088565,6740995.748204069,7610110.874175434,9051071.35086638,9347059.31789442,6493027.057321616,6701048.457517808,7229249.303180244,6034499.021565361,8634427.677665591,6116982.67440046,8056029.834518163,10661615.179197147,7012038.298534825,10494442.52769883,5163893.362219906,12359699.343651906,7771402.3422182,9326549.94908635
6975207.756198543,4382407.07502312,4556264.105003401,7040633.601383017,7867649.016625823,6920987.488955254,8205120.794232019,5534299.706638339,7071748.683446034,7600862.174981671,6833404.991141567,5598753.51310352,5897253.890310257,5481856.098006613,5007605.268945509,7640470.172674727,4980090.858992313,7094272.293871755,7487400.224256991,6613234.446299998,9639306.294901803,4004944.1708337907,10615115.183518404,6974007.480408355,8591299.496592088
6483334.591618585,4030144.5273733013,4305036.809554615,5636693.603070851,7340058.521146486,6313870.028192296,7626725.785320961,5263386.501191003,6085953.602071404,6693850.106339049,5319054.207010996,4696393.046638454,4766274.369634585,4076131.30590437,4789822.461403323,6684300.101325773,4249084.378749481,6806287.32070284,4652250.844292036,5261103.130754254,8308322.864901661,3554871.9211362405,8893646.394471383,5799412.135124104,5975750.820630393
5170883.628073614,3565009.288168028,3404723.8322221353,5416513.29565646,6485387.453697441,5651432.565893588,6201959.271697439,4849108.2807434425,4956034.937214108,5863524.313115757,4868650.75288875,4027060.996591174,4375014.814216321,3758341.643319276,3927418.6759589473,5188366.917190966,3747634.641604603,6186831.892377214,4206082.435826435,4650562.280426812,7458158.124218481,3037009.579820318,7469911.908234926,5523468.019164494,5429351.149552191
4873431.797649043,3283231.2788723307,2949135.1378128454,4520702.34202806,6033427.491088887,5328398.078636495,5738808.2457782375,4532244.039470828,4563478.53860939,5430332.999826498,4403201.013826962,3830950.353202861,4276371.441265016,3168749.1230648286,3488841.4704467147,4266850.604127769,3543302.1343073123,5610329.108465776,3328952.7977759037,4022759.7746917866,6691387.904078305,2852908.3696915503,6577142.086127644,5137005.96739098,4722625.214020212
4872625.714672083,3129554.526273983,2795268.0447324566,3801553.214343082,5272291.523985828,4823263.51696996,5046798.293582871,4081007.9977059583,4155954.483958055,5082858.924690931,4157787.0938381045,3470435.265277427,3858741.0456393333,2842177.729890518,2852192.8231189153,3969822.153842445,3431078.546912554,5210796.451021244,2793834.5728758546,3346912.880846518,5809100.39925332,2670217.05408418,5694893.376596419,4923479.397829539,4123642.8866239847
4601527.910068771,3074894.264305601,2553801.010925408,3346045.285063353,4615678.464974734,4192305.638067095,4779490.4349893825,3804253.69890607,3803471.350207105,4305407.733603176,3555137.837855133,3269766.7296061674,3565384.3359355032,2833729.1489868574,2649474.493353888,3525459.9512233273,3195566.8896093667,4403017.371469097,2549946.0617619604,2661919.5081260763,5165275.074916617,2390310.86600638,5224998.137717452,4619337.355745044,3753470.128235721
4314067.084869666,2807126.763910178,2515423.272346452,3089593.5867160354,4230530.803591364,3906647.257234408,4449997.962656103,3513109.7860782905,3702748.0581756975,3878363.699777485,3408949.340407865,3163968.9844881133,3456912.19191554,2563473.6385457567,2567342.1069157864,3337004.1902982695,2748056.2591574974,3987110.733125862,2482728.0387254013,2354696.3917200603,4744588.379249924,2300827.2824847302,4873584.016760205,4269051.277158791,3591550.7206318937
3774352.842726664,2784427.8226915933,2498016.4390199473,2572596.995021854,3682397.841656003,3621599.1777380453,4190149.579927247,3192937.1829560995,3137426.287007669,3687299.2641171203,3224999.3932459974,2994440.5648571583,3311226.1616975805,2437725.731805088,2400198.5623259903,2988701.342778535,2451767.875233693,3834610.894368644,2210121.4374375795,2176351.160342306,4615484.020601113,2235334.9746215655,4409180.075977148,3755557.577564372,3413062.5458245473
3289919.930067385,2372068.385618107,2440090.625192674,2555965.6403988833,3606593.047516676,3480782.9612852293,3832799.6676274566,3192937.1829560995,3038900.4395014597,3482897.5398832713,2779223.8300640527,2826467.3361563184,3155253.6647534296,2102596.013991048,2332116.788438804,2718387.870205656,2311955.9532706393,3442839.3111002073,1979141.8619297368,2127259.9584994996,4058632.8090785425,2235334.9746215655,4095657.9604238127,3303971.1497013215,3333000.063833366
3125104.9848053833,2168933.7343639163,2440090.625192674,2240898.645689627,3520743.068896964,3082220.8182374383,3737302.8544327356,3082044.159773919,2898692.5897128596,3221360.8025341467,2632062.3689802303,2698608.9014847646,3085719.640857769,2035978.4940643825,2239399.506762927,2605054.1856315853,2229011.631859854,3424468.61073748,1696083.6696863268,2081502.1720697116,3819021.509400565,2101616.6458817627,3987863.041399005,3193002.1970153665,3118576.7762057274
2836796.4065246014,2048086.0754809869,2382958.079991499,2208650.514229334,3364429.223116868,3003674.274405795,3664884.2704031197,3065906.507607822,2898692.5897128596,3166271.818428267,2535101.374811268,2471942.6047447766,3017453.609378149,1900074.2731841158,2232237.57208558,2530473.422504653,2024179.8245457753,3188962.260907782,1660899.3036299567,1990945.2729189366,3516947.735853296,2074987.3140608573,3713338.884560725,2892199.496625057,2441269.973646889
2740367.984296975,2044350.1552409588,2382958.079991499,2185379.8779124576,3209047.0650579804,2667553.187652681,3551348.974321289,2994449.2837950746,2799928.2612659447,2998698.1395225697,2534062.041037561,2437646.3723306153,2924550.8655850147,1757200.3747462903,2232237.57208558,2346145.554201144,2020534.3028901685,3188962.260907782,1618017.7825079581,1903362.1328023567,3266450.4663396594,2074987.3140608573,3527696.378693456,2607394.5695688804,2417994.6609697808
2585633.6509777363,2044350.1552409588,2353994.604326959,2119092.491490619,3165254.5029156767,2632442.2801298434,2967736.1543372218,2891346.2250568587,2707063.08235734,2964041.971668561,2495523.7114153723,2360513.550984793,2872080.637885324,1757200.3747462903,2232237.57208558,2222300.180581649,1989247.6521887453,2973893.6671045814,1618017.7825079581,1903362.1328023567,3003493.9502370097,2064550.1101246066,3484976.8809945807,2557921.7057491066,2330755.9878603625
2531137.9726451617,2044350.1552409588,2353994.604326959,2104382.8394556055,3050570.004638055,2587103.5704139792,2779210.560862821,2855087.0151910326,2707063.08235734,2830563.764188267,2473868.577804366,2360513.550984793,2817444.67784387,1757200.3747462903,2232237.57208558,2117854.973545209,1989247.6521887453,2893519.9193346333,1613334.8225534766,1870640.4974883082,2777992.7063564104,2051755.4580429448,3442718.7571569327,2504082.7419146006,2330755.9878603625
2531137.9726451617,2044350.1552409588,2353994.604326959,2103034.6966450694,2939176.8208698826,2587103.5704139792,2737816.011232242,2855087.0151910326,2648700.2135657337,2744663.3713153074,2418379.82951715,2360513.550984793,2581325.3555886177,1684731.3888599607,2147653.220452904,2116377.863069156,1924646.6957890405,2893519.9193346333,1613334.8225534766,1870640.4974883082,2625767.1869948115,2051755.4580429448,3386204.9201543704,2433180.1309365258,2271772.715810011
2445635.6325430004,2044350.1552409588,2353994.604326959,2069979.6585317915,2926970.105327512,2541175.0325988615,2606702.392216716,2829750.62338297,2584549.579231707,2744663.3713153074,2248222.967792554,2321669.6760511845,2515836.1827837666,1660049.967598391,2130907.25151681,2099869.2741594804,1924646.6957890405,2893519.9193346333,1539720.7369895587,1870640.4974883082,2558986.423537156,2051755.4580429448,3300638.7077781768,2433180.1309365258,2271772.715810011
2445635.6325430004,2044350.1552409588,2353994.604326959,2013567.6321818428,2926970.105327512,2533841.402641129,2555262.3092074525,2829750.62338297,2584549.579231707,2744663.3713153074,2248222.967792554,2321669.6760511845,2513526.3661508407,1629251.8510034569,2130907.25151681,2099869.2741594804,1922301.6014635342,2713830.3358542053,1539720.7369895587,1870640.4974883082,2548541.536496294,2051755.4580429448,3300638.7077781768,2368554.5474727973,2227320.829111659
2445635.6325430004,2044350.1552409588,2353994.604326959,2013567.6321818428,2926970.105327512,2196720.5434920453,2533453.865768905,2829750.62338297,2584549.579231707,2744663.3713153074,2248222.967792554,2321669.6760511845,2457667.328075846,1464367.6209081335,2130907.25151681,1947955.0950600717,1922301.6014635342,2446577.3826979827,1539720.7369895587,1867290.8847144535,2548541.536496294,2051755.4580429448,3300638.7077781768,2353469.69814519,1931835.103782978
2445635.6325430004,2044350.1552409588,2338472.5236548395,2013567.6321818428,2926970.105327512,2196720.5434920453,2533453.865768905,2829750.62338297,2584549.579231707,2744663.3713153074,2234152.534567282,2308663.266114066,2455109.921339274,1464367.6209081335,2130695.3815596104,1661371.883510423,1910221.6102001623,2368629.921068174,1539720.7369895587,1851820.35242022,2548541.536496294,2051755.4580429448,3269264.0261979965,2353469.69814519,1931835.103782978
2441775.425364003,2044350.1552409588,2338472.5236548395,2000946.9014731713,2926970.105327512,2196720.5434920453,2533453.865768905,2829750.62338297,2584549.579231707,2744663.3713153074,2234152.534567282,2291996.7117461776,2455109.921339274,1464367.6209081335,2130695.3815596104,1650484.664262989,1910221.6102001623,2295537.4605880943,1539720.7369895587,1851820.35242022,2524115.073956019,2051755.4580429448,3236516.6175174643,2268454.7023578784,1904746.400249867
2342614.8070520004,2044350.1552409588,2338472.5236548395,1906272.767755804,2926970.105327512,2196720.5434920453,2494543.735492434,2829750.62338297,2584549.579231707,2744663.3713153074,2234152.534567282,2291996.7117461776,2455109.921339274,1463713.8751379931,2130695.3815596104,1644830.7927587684,1910221.6102001623,2131261.320633282,1539720.7369895587,1851820.35242022,2524115.073956019,2051755.4580429448,3212118.7389218593,2268454.7023578784,1904746.400249867
2342614.8070520004,2044350.1552409588,2338472.5236548395,1906272.767755804,2926970.105327512,2196720.5434920453,2462436.705312796,2829750.62338297,2548964.185713048,2744663.3713153074,2234152.534567282,2278488.048997791,2455109.921339274,1463713.8751379931,2130695.3815596104,1644296.6568947316,1910221.6102001623,2131261.320633282,1539720.7369895587,1707311.5844327747,2524115.073956019,2051755.4580429448,3000835.1203556694,2268454.7023578784,1904746.400249867
2342614.8070520004,2044350.1552409588,2338472.5236548395,1902146.9295540964,2926970.105327512,2172572.266007749,2446460.249363186,2829750.62338297,2548964.185713048,2744663.3713153074,2234152.534567282,2278488.048997791,2455109.921339274,1463713.8751379931,2114584.972463264,1644296.6568947316,1910221.6102001623,2131261.320633282,1539720.7369895587,1707311.5844327747,2524115.073956019,2051755.4580429448,3000835.1203556694,2256708.41589543,1904746.400249867
2342614.8070520004,2044350.1552409588,2338472.5236548395,1902146.9295540964,2926970.105327512,2172572.266007749,2446460.249363186,2751563.2960429597,2548964.185713048,2744663.3713153074,2224915.9385484313,2278488.048997791,2455109.921339274,1463713.8751379931,2038409.4358512387,1621588.1585552627,1892761.1118469497,2128000.440994035,1539720.7369895587,1707311.5844327747,2309618.832029186,2051755.4580429448,2990614.6574392137,2256708.41589543,1904746.400249867
2342614.8070520004,2044350.1552409588,2338472.5236548395,1902146.9295540964,2926970.105327512,2172572.266007749,2441788.3943413086,2751563.2960429597,2548964.185713048,2744663.3713153074,2224915.9385484313,2278488.048997791,2455109.921339274,1463713.8751379931,2038409.4358512387,1621588.1585552627,1892761.1118469497,2122920.6083637946,1539720.7369895587,1707311.5844327747,2309618.832029186,2051755.4580429448,2990614.6574392137,2256708.41589543,1904746.400249867
2342614.8070520004,2044350.1552409588,2338472.5236548395,1902146.9295540964,2926970.105327512,2172572.266007749,2441788.3943413086,2751563.2960429597,2548964.185713048,2744663.3713153074,2224915.9385484313,2278488.048997791,2455109.921339274,1463713.8751379931,1981283.23250193,1621588.1585552627,1892761.1118469497,2122920.6083637946,1539720.7369895587,1707311.5844327747,2156981.4484910057,2038371.3469687602,2990614.6574392137,2256708.41589543,1904746.400249867
2342614.8070520004,2044350.1552409588,2338472.5236548395,1902146.9295540964,2926970.105327512,2172572.266007749,2382474.6375517775,2751563.2960429597,2548964.185713048,2744663.3713153074,2224915.9385484313,2278488.048997791,2395802.081285483,1463713.8751379931,1981283.23250193,1621588.1585552627,1892761.1118469497,2122920.6083637946,1539720.7369895587,1707311.5844327747,2156981.4484910057,2038371.3469687602,2906630.0328661194,2256708.41589543,1904746.400249867
2342614.8070520004,2044350.1552409588,2338472.5236548395,1902146.9295540964,2926970.105327512,2172572.266007749,2382474.6375517775,2751563.2960429597,2548964.185713048,2744663.3713153074,2224915.9385484313,2278488.048997791,2326818.545851135,1463713.8751379931,1981283.23250193,1621588.1585552627,1860273.5430078416,2105948.814894363,1539720.7369895587,1707311.5844327747,2147935.3668101006,2038371.3469687602,2906630.0328661194,2256708.41589543,1904746.400249867
2342614.8070520004,2044350.1552409588,2338472.5236548395,1902146.9295540964,2926970.105327512,2172572.266007749,2382474.6375517775,2751563.2960429597,2548964.185713048,2744663.3713153074,2224915.9385484313,2278488.048997791,2326818.545851135,1463713.8751379931,1981283.23250193,1621588.1585552627,1860273.5430078416,2085225.6016299117,1539720.7369895587,1707311.5844327747,2147935.3668101006,2038371.3469687602,2906630.0328661194,2256708.41589543,1904746.400249867
2342614.8070520004,2044350.1552409588,2338472.5236548395,1902146.9295540964,2926970.105327512,2172572.266007749,2382474.6375517775,2751563.2960429597,2548964.185713048,2744663.3713153074,2224915.9385484313,2278488.048997791,2171308.680735545,1463713.8751379931,1955096.9919309353,1621588.1585552627,1860273.5430078416,2085225.6016299117,1539720.7369895587,1707311.5844327747,2147935.3668101006,2038371.3469687602,2906630.0328661194,2256708.41589543,1904746.400249867
2342614.8070520004,2044350.1552409588,2338472.5236548395,1902146.9295540964,2926970.105327512,2172572.266007749,2382474.6375517775,2751563.2960429597,2548964.185713048,2744663.3713153074,2224915.9385484313,2278488.048997791,2126697.388127399,1463713.8751379931,1955096.9919309353,1621588.1585552627,1860273.5430078416,2085225.6016299117,1539720.7369895587,1707311.5844327747,2147935.3668101006,2038371.3469687602,2906630.0328661194,2256708.41589543,1904746.400249867
2342614.8070520004,2044350.1552409588,2338472.5236548395,1874013.5646241235,2926970.105327512,2172572.266007749,2382474.6375517775,2751563.2960429597,2548964.185713048,2744663.3713153074,2224915.9385484313,2278488.048997791,2126697.388127399,1463713.8751379931,1955096.9919309353,1621588.1585552627,1860273.5430078416,2085225.6016299117,1539720.7369895587,1707311.5844327747,2147935.3668101006,2038371.3469687602,2906630.0328661194,2256708.41589543,1904746.400249867
2342614.8070520004,2044350.1552409588,2338472.5236548395,1874013.5646241235,2926970.105327512,2172572.266007749,2382474.6375517775,2751563.2960429597,2548964.185713048,2744663.3713153074,2224915.9385484313,2278488.048997791,2105778.390420353,1463713.8751379931,1955096.9919309353,1621588.1585552627,1853208.1568940429,2085225.6016299117,1539720.7369895587,1688386.3719663708,2147935.3668101006,2038371.3469687602,2906630.0328661194,2256708.41589543,1904746.400249867
2272923.0537512456,2044350.1552409588,2338472.5236548395,1874013.5646241235,2926970.105327512,2172572.266007749,2382474.6375517775,2751563.2960429597,2548964.185713048,2744663.3713153074,2224915.9385484313,2278488.048997791,2105778.390420353,1463713.8751379931,1955096.9919309353,1621588.1585552627,1714775.4596438392,2085225.6016299117,1539720.7369895587,1688386.3719663708,2147935.3668101006,2038371.3469687602,2906630.0328661194,2256708.41589543,1904746.400249867
2272923.0537512456,2044350.1552409588,2338472.5236548395,1874013.5646241235,2926970.105327512,2172572.266007749,2382474.6375517775,2751563.2960429597,2548964.185713048,2744663.3713153074,2224915.9385484313,2278488.048997791,2105778.390420353,1463713.8751379931,1955096.9919309353,1621588.1585552627,1702957.4160807533,2085225.6016299117,1539720.7369895587,1688386.3719663708,2147935.3668101006,2038371.3469687602,2906630.0328661194,2256708.41589543,1904746.400249867
2127662.5106626744,2044350.1552409588,2338472.5236548395,1874013.5646241235,2926970.105327512,2172572.266007749,2382474.6375517775,2751563.2960429597,2548964.185713048,2744663.3713153074,2224915.9385484313,2278488.048997791,2105778.390420353,1463713.8751379931,1955096.9919309353,1621588.1585552627,1702957.4160807533,2085225.6016299117,1539720.7369895587,1688386.3719663708,2147935.3668101006,2038371.3469687602,2906630.0328661194,2256708.41589543,1904746.400249867
2127662.5106626744,2044350.1552409588,2338472.5236548395,1874013.5646241235,2926970.105327512,2172572.266007749,2382474.6375517775,2751563.2960429597,2548964.185713048,2744663.3713153074,2224915.9385484313,2278488.048997791,2105778.390420353,1463713.8751379931,1955096.9919309353,1621588.1585552627,1702957.4160807533,2085225.6016299117,1539720.7369895587,1688386.3719663708,2147935.3668101006,2038371.3469687602,2906630.0328661194,2256708.41589543,1904746.400249867
2127662.5106626744,2044350.1552409588,2338472.5236548395,1874013.5646241235,2926970.105327512,2172572.266007749,2382474.6375517775,2751563.2960429597,2548964.185713048,2744663.3713153074,2224915.9385484313,2278488.048997791,2105778.390420353,1463713.8751379931,1955096.9919309353,1621588.1585552627,1702957.4160807533,2085225.6016299117,1539720.7369895587,1688386.3719663708,2147935.3668101006,2038371.3469687602,2906630.0328661194,2256708.41589543,1904746.400249867
2120800.7047353624,2044350.1552409588,2338472.5236548395,1874013.5646241235,2926970.105327512,2172572.266007749,2382474.6375517775,2751563.2960429597,2548964.185713048,2744663.3713153074,2224915.9385484313,2278488.048997791,2105778.390420353,1463713.8751379931,1955096.9919309353,1621588.1585552627,1702957.4160807533,2085225.6016299117,1539720.7369895587,1688386.3719663708,2147935.3668101006,2038371.3469687602,2906630.0328661194,2256708.41589543,1904746.400249867
2120800.7047353624,2044350.1552409588,2338472.5236548395,1874013.5646241235,2926970.105327512,2172572.266007749,2382474.6375517775,2751563.2960429597,2548964.185713048,2744663.3713153074,2224915.9385484313,2278488.048997791,2105778.390420353,1463713.8751379931,1955096.9919309353,1621588.1585552627,1702957.4160807533,2085225.6016299117,1539720.7369895587,1688386.3719663708,2147935.3668101006,2038371.3469687602,2906630.0328661194,2256708.41589543,1904746.400249867
2120800.7047353624,2044350.1552409588,2338472.5236548395,1874013.5646241235,2926970.105327512,2172572.266007749,2382474.6375517775,2751563.2960429597,2548964.185713048,2744663.3713153074,2224915.9385484313,2278488.048997791,2105778.390420353,1463713.8751379931,1955096.9919309353,1621588.1585552627,1702957.4160807533,2085225.6016299117,1539720.7369895587,1688386.3719663708,2147935.3668101006,2038371.3469687602,2906630.0328661194,2256708.41589543,1904746.400249867
2120800.7047353624,2044350.1552409588,2338472.5236548395,1874013.5646241235,2926970.105327512,2172572.266007749,2382474.6375517775,2751563.2960429597,2548964.185713048,2744663.3713153074,2224915.9385484313,2278488.048997791,2105778.390420353,1463713.8751379931,1946569.3595647225,1621588.1585552627,1678886.9210130288,2085225.6016299117,1539720.7369895587,1688386.3719663708,2147935.3668101006,2038371.3469687602,2906630.0328661194,2256708.41589543,1904746.400249867
2120800.7047353624,2044350.1552409588,2338472.5236548395,1874013.5646241235,2926970.105327512,2172572.266007749,2382474.6375517775,2751563.2960429597,2548964.185713048,2744663.3713153074,2224915.9385484313,2278488.048997791,2105778.390420353,1463713.8751379931,1946569.3595647225,1621588.1585552627,1678886.9210130288,2085225.6016299117,1539720.7369895587,1688386.3719663708,2147935.3668101006,2038371.3469687602,2906630.0328661194,2256708.41589543,1904746.400249867
2120800.7047353624,2044350.1552409588,2338472.5236548395,1874013.5646241235,2926970.105327512,2172572.266007749,2382474.6375517775,2751563.2960429597,2548964.185713048,2744663.3713153074,2224915.9385484313,2278488.048997791,2105778.390420353,1463713.8751379931,1946569.3595647225,1621588.1585552627,1678886.9210130288,2085225.6016299117,1539720.7369895587,1688386.3719663708,2138702.6804388845,2038371.3469687602,2906630.0328661194,2256708.41589543,1904746.400249867
2120800.7047353624,2044350.1552409588,2338472.5236548395,1874013.5646241235,2926970.105327512,2172572.266007749,2382474.6375517775,2751563.2960429597,2548964.185713048,2744663.3713153074,2224915.9385484313,2278488.048997791,2105778.390420353,1463713.8751379931,1946569.3595647225,1621588.1585552627,1678886.9210130288,2085225.6016299117,1539720.7369895587,1688386.3719663708,2138702.6804388845,2038371.3469687602,2906630.0328661194,2256708.41589543,1904746.400249867
2120800.7047353624,2044350.1552409588,2338472.5236548395,1874013.5646241235,2926970.105327512,2172572.266007749,2382474.6375517775,2751563.2960429597,2548964.185713048,2744663.3713153074,2224915.9385484313,2278488.048997791,2105778.390420353,1463713.8751379931,1946569.3595647225,1621588.1585552627,1678886.9210130288,2085225.6016299117,1539720.7369895587,1688386.3719663708,2138702.6804388845,2038371.3469687602,2906630.0328661194,2256708.41589543,1904746.400249867
2120800.7047353624,2044350.1552409588,2338472.5236548395,1874013.5646241235,2926970.105327512,2172572.266007749,2382474.6375517775,2751563.2960429597,2548964.185713048,2744663.3713153074,2224915.9385484313,2278488.048997791,2105778.390420353,1463713.8751379931,1946569.3595647225,1621588.1585552627,1678886.9210130288,2085225.6016299117,1539720.7369895587,1660247.2950893266,2138702.6804388845,2038371.3469687602,2906630.0328661194,2256708.41589543,1904746.400249867
2120800.7047353624,2044350.1552409588,2338472.5236548395,1874013.5646241235,2926970.105327512,2172572.266007749,2382474.6375517775,2751563.2960429597,2548964.185713048,2744663.3713153074,2224915.9385484313,2278488.048997791,2105778.390420353,1463713.8751379931,1946569.3595647225,1621588.1585552627,1678886.9210130288,2085225.6016299117,1539720.7369895587,1660247.2950893266,2138702.6804388845,2038371.3469687602,2906630.0328661194,2256708.41589543,1904746.400249867
2120800.7047353624,2044350.1552409588,2338472.5236548395,1874013.5646241235,2926970.105327512,2172572.266007749,2382474.6375517775,2751563.2960429597,2548964.185713048,2744663.3713153074,2224915.9385484313,2278488.048997791,2105778.390420353,1463713.8751379931,1946569.3595647225,1621588.1585552627,1678886.9210130288,2085225.6016299117,1539720.7369895587,1660247.2950893266,2138702.6804388845,2038371.3469687602,2906630.0328661194,2256708.41589543,1904746.400249867
2120800.7047353624,2044350.1552409588,2338472.5236548395,1874013.5646241235,2926970.105327512,2172572.266007749,2382474.6375517775,2751563.2960429597,2548964.185713048,2744663.3713153074,2224915.9385484313,2278488.048997791,2105778.390420353,1463713.8751379931,1946569.3595647225,1621588.1585552627,1678886.9210130288,2085225.6016299117,1539720.7369895587,1660247.2950893266,2138702.6804388845,2038371.3469687602,2906630.0328661194,2256708.41589543,1904746.400249867
2120800.7047353624,2044350.1552409588,2338472.5236548395,1874013.5646241235,2926970.105327512,2172572.266007749,2382474.6375517775,2751563.2960429597,2548964.185713048,2744663.3713153074,2224915.9385484313,2278488.048997791,2105778.390420353,1463713.8751379931,1946569.3595647225,1621588.1585552627,1678886.9210130288,2085225.6016299117,1539720.7369895587,1660247.2950893266,2138702.6804388845,2038371.3469687602,2906630.0328661194,2256708.41589543,1904746.400249867
2120800.7047353624,2044350.1552409588,2338472.5236548395,1874013.5646241235,2926970.105327512,2172572.266007749,2382474.6375517775,2751563.2960429597,2548964.185713048,2744663.3713153074,2224915.9385484313,2278488.048997791,2105778.390420353,1463713.8751379931,1946569.3595647225,1621588.1585552627,1678886.9210130288,2085225.6016299117,1539720.7369895587,1660247.2950893266,2138702.6804388845,2038371.3469687602,2906630.0328661194,2256708.41589543,1904746.400249867
2120800.7047353624,2044350.1552409588,2338472.5236548395,1874013.5646241235,2926970.105327512,2172572.266007749,2382474.6375517775,2751563.2960429597,2548964.185713048,2744663.3713153074,2224915.9385484313,2278488.048997791,2105778.390420353,1463713.8751379931,1946569.3595647225,1621588.1585552627,1678886.9210130288,2085225.6016299117,1539720.7369895587,1660247.2950893266,2138702.6804388845,2038371.3469687602,2906630.0328661194,2256708.41589543,1904746.400249867
2120800.7047353624,2044350.1552409588,2338472.5236548395,1874013.5646241235,2926970.105327512,2172572.266007749,2382474.6375517775,2751563.2960429597,2548964.185713048,2744663.3713153074,2224915.9385484313,2278488.048997791,2105778.390420353,1463713.8751379931,1946569.3595647225,1621588.1585552627,1678886.9210130288,2085225.6016299117,1539720.7369895587,1660247.2950893266,2138702.6804388845,2038371.3469687602,2906630.0328661194,2256708.41589543,1904746.400249867
2120800.7047353624,2044350.1552409588,2338472.5236548395,1874013.5646241235,2926970.105327512,2172572.266007749,2382474.6375517775,2751563.2960429597,2548964.185713048,2744663.3713153074,2224915.9385484313,2278488.048997791,2105778.390420353,1463713.8751379931,1946569.3595647225,1621588.1585552627,1678886.9210130288,2085225.6016299117,1539720.7369895587,1660247.2950893266,2138702.6804388845,2038371.3469687602,2906630.0328661194,2256708.41589543,1904746.400249867
2120800.7047353624,2044350.1552409588,2338472.5236548395,1874013.5646241235,2924767.8692054474,2172572.266007749,2382474.6375517775,2751563.2960429597,2548964.185713048,2744663.3713153074,2224915.9385484313,2278488.048997791,2105778.390420353,1463713.8751379931,1946569.3595647225,1621588.1585552627,1678886.9210130288,2085225.6016299117,1539720.7369895587,1660247.2950893266,2138702.6804388845,2038371.3469687602,2906630.0328661194,2256708.41589543,1904746.400249867
2120800.7047353624,2044350.1552409588,2338472.5236548395,1874013.5646241235,2924767.8692054474,2172572.266007749,2382474.6375517775,2751563.2960429597,2548964.185713048,2744663.3713153074,2224915.9385484313,2278488.048997791,2105778.390420353,1463713.8751379931,1946569.3595647225,1621588.1585552627,1678886.9210130288,2085225.6016299117,1539720.7369895587,1660247.2950893266,2138702.6804388845,2038371.3469687602,2906630.0328661194,2256708.41589543,1904746.400249867
2120800.7047353624,2044350.1552409588,2338472.5236548395,1874013.5646241235,2924767.8692054474,2172572.266007749,2382474.6375517775,2751563.2960429597,2548964.185713048,2744663.3713153074,2224915.9385484313,2278488.048997791,2105778.390420353,1463713.8751379931,1946569.3595647225,1621588.1585552627,1678886.9210130288,2085225.6016299117,1539720.7369895587,1660247.2950893266,2138702.6804388845,2038371.3469687602,2906630.0328661194,2256708.41589543,1904746.400249867
2120800.7047353624,2044350.1552409588,2338472.5236548395,1874013.5646241235,2924767.8692054474,2172572.266007749,2382474.6375517775,2751563.2960429597,2548964.185713048,2744663.3713153074,2224915.9385484313,2278488.048997791,2105778.390420353,1463713.8751379931,1946569.3595647225,1621588.1585552627,1678886.9210130288,2085225.6016299117,1539720.7369895587,1660247.2950893266,2138702.6804388845,2038371.3469687602,2906630.0328661194,2256708.41589543,1904746.400249867
2120800.7047353624,2044350.1552409588,2338472.5236548395,1874013.5646241235,2924767.8692054474,2172572.266007749,2382474.6375517775,2751563.2960429597,2541557.7280367278,2744663.3713153074,2224915.9385484313,2278488.048997791,2105778.390420353,1463713.8751379931,1946569.3595647225,1621588.1585552627,1678886.9210130288,2085225.6016299117,1539720.7369895587,1660247.2950893266,2138702.6804388845,2038371.3469687602,2906630.0328661194,2256708.41589543,1904746.400249867
2120800.7047353624,2044350.1552409588,2338472.5236548395,1874013.5646241235,2924767.8692054474,2172572.266007749,2382474.6375517775,2751563.2960429597,2541557.7280367278,2744663.3713153074,2224915.9385484313,2278488.048997791,2105778.390420353,1463713.8751379931,1946569.3595647225,1621588.1585552627,1678886.9210130288,2085225.6016299117,1539720.7369895587,1660247.2950893266,2138702.6804388845,2038371.3469687602,2906630.0328661194,2256708.41589543,1904746.400249867
2120800.7047353624,2044350.1552409588,2338472.5236548395,1874013.5646241235,2924767.8692054474,2172572.266007749,2382474.6375517775,2751563.2960429597,2541557.7280367278,2744663.3713153074,2224915.9385484313,2278488.048997791,2105778.390420353,1463713.8751379931,1946569.3595647225,1621588.1585552627,1678886.9210130288,2085225.6016299117,1539720.7369895587,1660247.2950893266,2138702.6804388845,2038371.3469687602,2906630.0328661194,2256708.41589543,1904746.400249867
2120800.7047353624,2044350.1552409588,2338472.5236548395,1874013.5646241235,2924767.8692054474,2172572.266007749,2382474.6375517775,2751563.2960429597,2541557.7280367278,2744663.3713153074,2224915.9385484313,2278488.048997791,2105778.390420353,1463713.8751379931,1946569.3595647225,1621588.1585552627,1678886.9210130288,2085225.6016299117,1539720.7369895587,1660247.2950893266,2138702.6804388845,2038371.3469687602,2906630.0328661194,2256708.41589543,1904746.400249867
2120800.7047353624,2044350.1552409588,2338472.5236548395,1874013.5646241235,2924767.8692054474,2172572.266007749,2382474.6375517775,2751563.2960429597,2541557.7280367278,2744663.3713153074,2224915.9385484313,2278488.048997791,2105778.390420353,1463713.8751379931,1946569.3595647225,1621588.1585552627,1678886.9210130288,2085225.6016299117,1539720.7369895587,1660247.2950893266,2138702.6804388845,2038371.3469687602,2906630.0328661194,2256708.41589543,1904746.400249867
2120800.7047353624,2044350.1552409588,2338472.5236548395,1874013.5646241235,2924767.8692054474,2172572.266007749,2382474.6375517775,2751563.2960429597,2541557.7280367278,2744663.3713153074,2224915.9385484313,2278488.048997791,2105778.390420353,1463713.8751379931,1946569.3595647225,1621588.1585552627,1678886.9210130288,2085225.6016299117,1539720.7369895587,1660247.2950893266,2138702.6804388845,2038371.3469687602,2906630.0328661194,2256708.41589543,1904746.400249867
2120800.7047353624,2044350.1552409588,2338472.5236548395,1874013.5646241235,2924767.8692054474,2172572.266007749,2382474.6375517775,2751563.2960429597,2541557.7280367278,2744663.3713153074,2224915.9385484313,2278488.048997791,2105778.390420353,1463713.8751379931,1946569.3595647225,1621588.1585552627,1678886.9210130288,2085225.6016299117,1539720.7369895587,1660247.2950893266,2138702.6804388845,2038371.3469687602,2906630.0328661194,2256708.41589543,1904746.400249867
2120800.7047353624,2044350.1552409588,2338472.5236548395,1874013.5646241235,2924767.8692054474,2172572.266007749,2382474.6375517775,2751563.2960429597,2541557.7280367278,2744663.3713153074,2224915.9385484313,2278488.048997791,2105778.390420353,1463713.8751379931,1946569.3595647225,1621588.1585552627,1678886.9210130288,2085225.6016299117,1539720.7369895587,1660247.2950893266,2138702.6804388845,2038371.3469687602,2906630.0328661194,2256708.41589543,1904746.400249867
2120800.7047353624,2044350.1552409588,2338472.5236548395,1874013.5646241235,2924767.8692054474,2172572.266007749,2382474.6375517775,2751563.2960429597,2541557.7280367278,2744663.3713153074,2224915.9385484313,2278488.048997791,2105778.390420353,1463713.8751379931,1946569.3595647225,1621588.1585552627,1678886.9210130288,2085225.6016299117,1539720.7369895587,1660247.2950893266,2138702.6804388845,2038371.3469687602,2906630.0328661194,2256708.41589543,1904746.400249867
2120800.7047353624,2044350.1552409588,2338472.5236548395,1874013.5646241235,2924767.8692054474,2172572.266007749,2382474.6375517775,2751563.2960429597,2541557.7280367278,2744663.3713153074,2224915.9385484313,2278488.048997791,2105778.390420353,1463713.8751379931,1946569.3595647225,1621588.1585552627,1678886.9210130288,2085225.6016299117,1539720.7369895587,1660247.2950893266,2138702.6804388845,2038371.3469687602,2906630.0328661194,2256708.41589543,1904746.400249867
2120800.7047353624,2044350.1552409588,2338472.5236548395,1874013.5646241235,2924767.8692054474,2172572.266007749,2382474.6375517775,2751563.2960429597,2541557.7280367278,2744663.3713153074,2224915.9385484313,2278488.048997791,2105778.390420353,1463713.8751379931,1946569.3595647225,1621588.1585552627,1678886.9210130288,2085225.6016299117,1539720.7369895587,1660247.2950893266,2138702.6804388845,2038371.3469687602,2906630.0328661194,2256708.41589543,1904746.400249867
2120800.7047353624,2044350.1552409588,2338472.5236548395,1874013.5646241235,2924767.8692054474,2172572.266007749,2382474.6375517775,2751563.2960429597,2541557.7280367278,2744663.3713153074,2224915.9385484313,2278488.048997791,2105778.390420353,1463713.8751379931,1946569.3595647225,1621588.1585552627,1678886.9210130288,2085225.6016299117,1539720.7369895587,1660247.2950893266,2138702.6804388845,2038371.3469687602,2906630.0328661194,2256708.41589543,1904746.400249867
2120800.7047353624,2044350.1552409588,2338472.5236548395,1874013.5646241235,2924767.8692054474,2172572.266007749,2382474.6375517775,2751563.2960429597,2541557.7280367278,2744663.3713153074,2224915.9385484313,2278488.048997791,2105778.390420353,1463713.8751379931,1946569.3595647225,1621588.1585552627,1678886.9210130288,2085225.6016299117,1539720.7369895587,1660247.2950893266,2138702.6804388845,2038371.3469687602,2906630.0328661194,2256708.41589543,1904746.400249867
2120800.7047353624,2044350.1552409588,2338472.5236548395,1874013.5646241235,2924767.8692054474,2172572.266007749,2382474.6375517775,2751563.2960429597,2541557.7280367278,2744663.3713153074,2224915.9385484313,2278488.048997791,2105778.390420353,1463713.8751379931,1946569.3595647225,1621588.1585552627,1678886.9210130288,2085225.6016299117,1539720.7369895587,1660247.2950893266,2138702.6804388845,2038371.3469687602,2906630.0328661194,2256708.41589543,1904746.400249867
2120800.7047353624,2044350.1552409588,2338472.5236548395,1874013.5646241235,2924767.8692054474,2172572.266007749,2382474.6375517775,2751563.2960429597,2541557.7280367278,2744663.3713153074,2224915.9385484313,2278488.048997791,2105778.390420353,1463713.8751379931,1946569.3595647225,1621588.1585552627,1678886.9210130288,2085225.6016299117,1539720.7369895587,1660247.2950893266,2138702.6804388845,2038371.3469687602,2906630.0328661194,2256708.41589543,1904746.400249867
2120800.7047353624,2044350.1552409588,2338472.5236548395,1874013.5646241235,2924767.8692054474,2172572.266007749,2382474.6375517775,2751563.2960429597,2541557.7280367278,2744663.3713153074,2224915.9385484313,2278488.048997791,2105778.390420353,1463713.8751379931,1946569.3595647225,1621588.1585552627,1678886.9210130288,2085225.6016299117,1539720.7369895587,1660247.2950893266,2138702.6804388845,2038371.3469687602,2906630.0328661194,2256708.41589543,1904746.400249867
2120800.7047353624,2044350.1552409588,2338472.5236548395,1874013.5646241235,2924767.8692054474,2172572.266007749,2382474.6375517775,2751563.2960429597,2541557.7280367278,2744663.3713153074,2224915.9385484313,2278488.048997791,2105778.390420353,1463713.8751379931,1946569.3595647225,1621588.1585552627,1678886.9210130288,2085225.6016299117,1539720.7369895587,1660247.2950893266,2138702.6804388845,2038371.3469687602,2906630.0328661194,2237013.5166515512,1904746.400249867
2120800.7047353624,2044350.1552409588,2338472.5236548395,1874013.5646241235,2924767.8692054474,2172572.266007749,2382474.6375517775,2751563.2960429597,2541557.7280367278,2744663.3713153074,2224915.9385484313,2278488.048997791,2105778.390420353,1463713.8751379931,1946569.3595647225,1621588.1585552627,1678886.9210130288,2085225.6016299117,1539720.7369895587,1660247.2950893266,2138702.6804388845,2038371.3469687602,2906630.0328661194,2237013.5166515512,1904746.400249867
2120800.7047353624,2044350.1552409588,2338472.5236548395,1874013.5646241235,2924767.8692054474,2172572.266007749,2382474.6375517775,2751563.2960429597,2541557.7280367278,2744663.3713153074,2224915.9385484313,2278488.048997791,2105778.390420353,1463713.8751379931,1946569.3595647225,1621588.1585552627,1678886.9210130288,2085225.6016299117,1539720.7369895587,1660247.2950893266,2138702.6804388845,2038371.3469687602,2906630.0328661194,2064377.849817287,1904746.400249867
2120800.7047353624,2044350.1552409588,2338472.5236548395,1874013.5646241235,2924767.8692054474,2172572.266007749,2382474.6375517775,2751563.2960429597,2541557.7280367278,2744663.3713153074,2224915.9385484313,2278488.048997791,2105778.390420353,1463713.8751379931,1946569.3595647225,1621588.1585552627,1678886.9210130288,2085225.6016299117,1539720.7369895587,1660247.2950893266,2138702.6804388845,2038371.3469687602,2906630.0328661194,2064377.849817287,1904746.400249867
2120800.7047353624,2044350.1552409588,2338472.5236548395,1874013.5646241235,2924767.8692054474,2172572.266007749,2382474.6375517775,2751563.2960429597,2541557.7280367278,2744663.3713153074,2224915.9385484313,2278488.048997791,2105778.390420353,1463713.8751379931,1946569.3595647225,1621588.1585552627,1678886.9210130288,2085225.6016299117,1539720.7369895587,1660247.2950893266,2138702.6804388845,2038371.3469687602,2906630.0328661194,2059674.8123284942,1904746.400249867
2120800.7047353624,2044350.1552409588,2338472.5236548395,1874013.5646241235,2924767.8692054474,2172572.266007749,2382474.6375517775,2751563.2960429597,2541557.7280367278,2744663.3713153074,2224915.9385484313,2278488.048997791,2105778.390420353,1463713.8751379931,1946569.3595647225,1621588.1585552627,1678886.9210130288,2085225.6016299117,1539720.7369895587,1660247.2950893266,2138702.6804388845,2038371.3469687602,2906630.0328661194,2059674.8123284942,1904746.400249867
2120800.7047353624,2044350.1552409588,2338472.5236548395,1874013.5646241235,2924767.8692054474,2172572.266007749,2382474.6375517775,2751563.2960429597,2541557.7280367278,2744663.3713153074,2224915.9385484313,2278488.048997791,2105778.390420353,1463713.8751379931,1946569.3595647225,1621588.1585552627,1678886.9210130288,2085225.6016299117,1539720.7369895587,1660247.2950893266,2138702.6804388845,2038371.3469687602,2906630.0328661194,2059674.8123284942,1904746.400249867
2120800.7047353624,2044350.1552409588,2338472.5236548395,1874013.5646241235,2924767.8692054474,2172572.266007749,2382474.6375517775,2751563.2960429597,2541557.7280367278,2744663.3713153074,2224915.9385484313,2278488.048997791,2105778.390420353,1463713.8751379931,1946569.3595647225,1621588.1585552627,1678886.9210130288,2085225.6016299117,1539720.7369895587,1660247.2950893266,2138702.6804388845,2038371.3469687602,2906630.0328661194,2059674.8123284942,1904746.400249867
2120800.7047353624,2044350.1552409588,2338472.5236548395,1874013.5646241235,2924767.8692054474,2172572.266007749,2382474.6375517775,2751563.2960429597,2541557.7280367278,2744663.3713153074,2224915.9385484313,2278488.048997791,2105778.390420353,1463713.8751379931,1946569.3595647225,1621588.1585552627,1678886.9210130288,2085225.6016299117,1539720.7369895587,1660247.2950893266,2138702.6804388845,2038371.3469687602,2906630.0328661194,2059674.8123284942,1878696.8521806537
2120800.7047353624,2044350.1552409588,2338472.5236548395,1874013.5646241235,2924767.8692054474,2172572.266007749,2382474.6375517775,2751563.2960429597,2541557.7280367278,2744663.3713153074,2224915.9385484313,2278488.048997791,2105778.390420353,1463713.8751379931,1946569.3595647225,1621588.1585552627,1678886.9210130288,2085225.6016299117,1539720.7369895587,1660247.2950893266,2138702.6804388845,2038371.3469687602,2906630.0328661194,2059674.8123284942,1878696.8521806537
2120800.7047353624,2044350.1552409588,2338472.5236548395,1874013.5646241235,2924767.8692054474,2172572.266007749,2382474.6375517775,2751563.2960429597,2541557.7280367278,2744663.3713153074,2224915.9385484313,2278488.048997791,2105778.390420353,1463713.8751379931,1946569.3595647225,1621588.1585552627,1678886.9210130288,2085225.6016299117,1539720.7369895587,1660247.2950893266,2138702.6804388845,2038371.3469687602,2906630.0328661194,2056208.4883862396,1855134.171225872
2120800.7047353624,2044350.1552409588,2338472.5236548395,1874013.5646241235,2924767.8692054474,2172572.266007749,2382474.6375517775,2751563.2960429597,2541557.7280367278,2744663.3713153074,2224915.9385484313,2278488.048997791,2105778.390420353,1463713.8751379931,1946569.3595647225,1621588.1585552627,1678886.9210130288,2085225.6016299117,1539720.7369895587,1660247.2950893266,2138702.6804388845,2038371.3469687602,2906630.0328661194,2056208.4883862396,1855134.171225872
2120800.7047353624,2044350.1552409588,2338472.5236548395,1874013.5646241235,2924767.8692054474,2172572.266007749,2382474.6375517775,2751563.2960429597,2541557.7280367278,2744663.3713153074,2224915.9385484313,2278488.048997791,2105778.390420353,1463713.8751379931,1946569.3595647225,1621588.1585552627,1678886.9210130288,2085225.6016299117,1539720.7369895587,1660247.2950893266,2138702.6804388845,2038371.3469687602,2906630.0328661194,2056208.4883862396,1855134.171225872
2120800.7047353624,2044350.1552409588,2338472.5236548395,1874013.5646241235,2924767.8692054474,2172572.266007749,2382474.6375517775,2751563.2960429597,2541557.7280367278,2744663.3713153074,2224915.9385484313,2278488.048997791,2105778.390420353,1463713.8751379931,1946569.3595647225,1621588.1585552627,1678886.9210130288,2085225.6016299117,1539720.7369895587,1660247.2950893266,2138702.6804388845,2038371.3469687602,2906630.0328661194,2056208.4883862396,1855134.171225872
2120800.7047353624,2044350.1552409588,2338472.5236548395,1874013.5646241235,2924767.8692054474,2172572.266007749,2382474.6375517775,2751563.2960429597,2541557.7280367278,2744663.3713153074,2224915.9385484313,2278488.048997791,2105778.390420353,1463713.8751379931,1946569.3595647225,1621588.1585552627,1678886.9210130288,2085225.6016299117,1539720.7369895587,1660247.2950893266,2138702.6804388845,2038371.3469687602,2906630.0328661194,2056208.4883862396,1855134.171225872
2120800.7047353624,2044350.1552409588,2338472.5236548395,1874013.5646241235,2924767.8692054474,2172572.266007749,2382474.6375517775,2751563.2960429597,2541557.7280367278,2744663.3713153074,2224915.9385484313,2220691.879547272,2105778.390420353,1463713.8751379931,1946569.3595647225,1621588.1585552627,1678886.9210130288,2085225.6016299117,1539720.7369895587,1660247.2950893266,2138702.6804388845,2038371.3469687602,2906630.0328661194,2056208.4883862396,1855134.171225872
2120800.7047353624,2042464.8217553094,2338472.5236548395,1874013.5646241235,2924767.8692054474,2172572.266007749,2382474.6375517775,2751563.2960429597,2541557.7280367278,2744663.3713153074,2224915.9385484313,2220691.879547272,2105778.390420353,1463713.8751379931,1946569.3595647225,1621588.1585552627,1678886.9210130288,2085225.6016299117,1539720.7369895587,1660247.2950893266,2138702.6804388845,2038371.3469687602,2906630.0328661194,2056208.4883862396,1855134.171225872
2120800.7047353624,2042464.8217553094,2338472.5236548395,1874013.5646241235,2924767.8692054474,2172572.266007749,2382474.6375517775,2751563.2960429597,2541557.7280367278,2744663.3713153074,2224915.9385484313,2181286.1993132858,2105778.390420353,1463713.8751379931,1946569.3595647225,1621588.1585552627,1678886.9210130288,2085225.6016299117,1539720.7369895587,1660247.2950893266,2138702.6804388845,2038371.3469687602,2906630.0328661194,2056208.4883862396,1855134.171225872
2120800.7047353624,2020727.3931570977,2338472.5236548395,1874013.5646241235,2924767.8692054474,2172572.266007749,2382474.6375517775,2751563.2960429597,2541557.7280367278,2744663.3713153074,2224915.9385484313,2134286.8307125787,2105778.390420353,1463713.8751379931,1946569.3595647225,1621588.1585552627,1678886.9210130288,2085225.6016299117,1539720.7369895587,1660247.2950893266,2138702.6804388845,2038371.3469687602,2906630.0328661194,2056208.4883862396,1855134.171225872
2120800.7047353624,2020727.3931570977,2338472.5236548395,1874013.5646241235,2924767.8692054474,2172572.266007749,2382474.6375517775,2751563.2960429597,2541557.7280367278,2744663.3713153074,2224915.9385484313,2134286.8307125787,2105778.390420353,1463713.8751379931,1946569.3595647225,1621588.1585552627,1678886.9210130288,2085225.6016299117,1539720.7369895587,1660247.2950893266,2138702.6804388845,2038371.3469687602,2906630.0328661194,2056208.4883862396,1855134.171225872
2120800.7047353624,1997745.134398914,2338472.5236548395,1874013.5646241235,2924767.8692054474,2172572.266007749,2382474.6375517775,2751563.2960429597,2541557.7280367278,2744663.3713153074,2224915.9385484313,2134286.8307125787,2105778.390420353,1463713.8751379931,1946569.3595647225,1621588.1585552627,1678886.9210130288,2085225.6016299117,1539720.7369895587,1660247.2950893266,2138702.6804388845,2038371.3469687602,2906630.0328661194,2056208.4883862396,1855134.171225872
2120800.7047353624,1997745.134398914,2338472.5236548395,1874013.5646241235,2924767.8692054474,2172572.266007749,2382474.6375517775,2751563.2960429597,2541557.7280367278,2744663.3713153074,2224915.9385484313,2134286.8307125787,2105778.390420353,1463713.8751379931,1946569.3595647225,1621588.1585552627,1678886.9210130288,2085225.6016299117,1539720.7369895587,1660247.2950893266,2138702.6804388845,2038371.3469687602,2906630.0328661194,2056208.4883862396,1855134.171225872
2120800.7047353624,1997745.134398914,2338472.5236548395,1874013.5646241235,2924767.8692054474,2172572.266007749,2382474.6375517775,2751563.2960429597,2541557.7280367278,2744663.3713153074,2224915.9385484313,2134286.8307125787,2105778.390420353,1463713.8751379931,1946569.3595647225,1621588.1585552627,1678886.9210130288,2085225.6016299117,1539720.7369895587,1660247.2950893266,2138702.6804388845,2038371.3469687602,2906630.0328661194,2056208.4883862396,1855134.171225872
2120800.7047353624,1997745.134398914,2338472.5236548395,1874013.5646241235,2924767.8692054474,2172572.266007749,2382474.6375517775,2751563.2960429597,2541557.7280367278,2744663.3713153074,2224915.9385484313,2134286.8307125787,2105778.390420353,1463713.8751379931,1946569.3595647225,1621588.1585552627,1678886.9210130288,2085225.6016299117,1539720.7369895587,1660247.2950893266,2138702.6804388845,2038371.3469687602,2906630.0328661194,2056208.4883862396,1855134.171225872
2120800.7047353624,1997745.134398914,2338472.5236548395,1874013.5646241235,2924767.8692054474,2172572.266007749,2382474.6375517775,2751563.2960429597,2541557.7280367278,2744663.3713153074,2224915.9385484313,2134286.8307125787,2105778.390420353,1463713.8751379931,1946569.3595647225,1621588.1585552627,1678886.9210130288,2085225.6016299117,1539720.7369895587,1660247.2950893266,2138702.6804388845,2038371.3469687602,2906630.0328661194,2056208.4883862396,1855134.171225872
2120800.7047353624,1997745.134398914,2338472.5236548395,1874013.5646241235,2924767.8692054474,2172572.266007749,2382474.6375517775,2751563.2960429597,2541557.7280367278,2744663.3713153074,2224915.9385484313,2134286.8307125787,2105778.390420353,1463713.8751379931,1946569.3595647225,1569206.821641106,1678886.9210130288,2085225.6016299117,1539720.7369895587,1660247.2950893266,2138702.6804388845,2038371.3469687602,2906630.0328661194,2056208.4883862396,1855134.171225872
2120800.7047353624,1997745.134398914,2338472.5236548395,1874013.5646241235,2924767.8692054474,2172572.266007749,2382474.6375517775,2751563.2960429597,2541557.7280367278,2744663.3713153074,2224915.9385484313,2134286.8307125787,2105778.390420353,1463713.8751379931,1946569.3595647225,1569206.821641106,1678886.9210130288,2085225.6016299117,1539720.7369895587,1660247.2950893266,2138702.6804388845,2038371.3469687602,2906630.0328661194,2056208.4883862396,1855134.171225872
2120800.7047353624,1997745.134398914,2338472.5236548395,1874013.5646241235,2924767.8692054474,2172572.266007749,2382474.6375517775,2751563.2960429597,2541557.7280367278,2744663.3713153074,2224915.9385484313,2134286.8307125787,2105778.390420353,1463713.8751379931,1946569.3595647225,1440218.5860765472,1678886.9210130288,2085225.6016299117,1539720.7369895587,1660247.2950893266,2138702.6804388845,2038371.3469687602,2906630.0328661194,2056208.4883862396,1855134.171225872
2120800.7047353624,1997745.134398914,2338472.5236548395,1874013.5646241235,2924767.8692054474,2172572.266007749,2382474.6375517775,2751563.2960429597,2541557.7280367278,2744663.3713153074,2224915.9385484313,2134286.8307125787,2105778.390420353,1463713.8751379931,1946569.3595647225,1430049.1630585648,1678886.9210130288,2085225.6016299117,1539720.7369895587,1660247.2950893266,2138702.6804388845,2038371.3469687602,2906630.0328661194,2056208.4883862396,1855134.171225872
2120800.7047353624,1997745.134398914,2338472.5236548395,1874013.5646241235,2924767.8692054474,2172572.266007749,2382474.6375517775,2751563.2960429597,2541557.7280367278,2744663.3713153074,2224915.9385484313,2134286.8307125787,2105778.390420353,1463713.8751379931,1946569.3595647225,1430049.1630585648,1678886.9210130288,2085225.6016299117,1539720.7369895587,1660247.2950893266,2138702.6804388845,2038371.3469687602,2906630.0328661194,2056208.4883862396,1855134.171225872
2120800.7047353624,1997745.134398914,2338472.5236548395,1874013.5646241235,2924767.8692054474,2172572.266007749,2382474.6375517775,2751563.2960429597,2541557.7280367278,2744663.3713153074,2224915.9385484313,2134286.8307125787,2105778.390420353,1463713.8751379931,1946569.3595647225,1430049.1630585648,1678886.9210130288,2085225.6016299117,1539720.7369895587,1660247.2950893266,2138702.6804388845,2038371.3469687602,2906630.0328661194,2056208.4883862396,1836549.9000356672
2120800.7047353624,1997745.134398914,2338472.5236548395,1874013.5646241235,2924767.8692054474,2172572.266007749,2382474.6375517775,2751563.2960429597,2541557.7280367278,2744663.3713153074,2224915.9385484313,2134286.8307125787,2105778.390420353,1463713.8751379931,1946569.3595647225,1430049.1630585648,1678886.9210130288,2085225.6016299117,1539720.7369895587,1660247.2950893266,2138702.6804388845,2038371.3469687602,2906630.0328661194,2056208.4883862396,1836549.9000356672
2120800.7047353624,1997745.134398914,2338472.5236548395,1874013.5646241235,2924767.8692054474,2172572.266007749,2382474.6375517775,2751563.2960429597,2541557.7280367278,2744663.3713153074,2224915.9385484313,2134286.8307125787,2105778.390420353,1463713.8751379931,1946569.3595647225,1430049.1630585648,1678886.9210130288,2085225.6016299117,1539720.7369895587,1660247.2950893266,2138702.6804388845,2038371.3469687602,2906630.0328661194,2056208.4883862396,1836549.9000356672
2120800.7047353624,1995068.606981699,2338472.5236548395,1874013.5646241235,2924767.8692054474,2172572.266007749,2382474.6375517775,2751563.2960429597,2541557.7280367278,2744663.3713153074,2224915.9385484313,2134286.8307125787,2105778.390420353,1463713.8751379931,1946569.3595647225,1425399.9299674756,1678886.9210130288,2085225.6016299117,1539720.7369895587,1660247.2950893266,2138702.6804388845,2038371.3469687602,2906630.0328661194,2056208.4883862396,1836549.9000356672
2120800.7047353624,1995068.606981699,2338472.5236548395,1874013.5646241235,2924767.8692054474,2172572.266007749,2382474.6375517775,2751563.2960429597,2541557.7280367278,2744663.3713153074,2224915.9385484313,2134286.8307125787,2105778.390420353,1463713.8751379931,1946569.3595647225,1425399.9299674756,1678886.9210130288,2085225.6016299117,1539720.7369895587,1660247.2950893266,2138702.6804388845,2038371.3469687602,2906630.0328661194,2056208.4883862396,1836549.9000356672
2120800.7047353624,1995068.606981699,2338472.5236548395,1874013.5646241235,2924767.8692054474,2172572.266007749,2382474.6375517775,2751563.2960429597,2541557.7280367278,2744663.3713153074,2224915.9385484313,2134286.8307125787,2105778.390420353,1463713.8751379931,1946569.3595647225,1425399.9299674756,1678886.9210130288,2085225.6016299117,1539720.7369895587,1660247.2950893266,2138702.6804388845,2038371.3469687602,2906630.0328661194,2056208.4883862396,1836549.9000356672
2120800.7047353624,1995068.606981699,2338472.5236548395,1874013.5646241235,2924767.8692054474,2172572.266007749,2382474.6375517775,2751563.2960429597,2541557.7280367278,2744663.3713153074,2224915.9385484313,2134286.8307125787,2105778.390420353,1463713.8751379931,1946569.3595647225,1425399.9299674756,1678886.9210130288,2085225.6016299117,1539720.7369895587,1660247.2950893266,2138702.6804388845,2038371.3469687602,2906630.0328661194,2056208.4883862396,1836549.9000356672
2120800.7047353624,1995068.606981699,2338472.5236548395,1874013.5646241235,2924767.8692054474,2172572.266007749,2382474.6375517775,2751563.2960429597,2541557.7280367278,2744663.3713153074,2224915.9385484313,2134286.8307125787,2105778.390420353,1463713.8751379931,1946569.3595647225,1425399.9299674756,1678886.9210130288,2085225.6016299117,1539720.7369895587,1660247.2950893266,2138702.6804388845,2038371.3469687602,2906630.0328661194,2056208.4883862396,1836549.9000356672
2120800.7047353624,1995068.606981699,2338472.5236548395,1874013.5646241235,2924767.8692054474,2172572.266007749,2382474.6375517775,2751563.2960429597,2541557.7280367278,2744663.3713153074,2224915.9385484313,2134286.8307125787,2105778.390420353,1463713.8751379931,1946569.3595647225,1425399.9299674756,1678886.9210130288,2085225.6016299117,1539720.7369895587,1660247.2950893266,2138702.6804388845,2038371.3469687602,2906630.0328661194,2056208.4883862396,1836549.9000356672
2120800.7047353624,1995068.606981699,2338472.5236548395,1874013.5646241235,2924767.8692054474,2172572.266007749,2382474.6375517775,2751563.2960429597,2541557.7280367278,2744663.3713153074,2224915.9385484313,2134286.8307125787,2105778.390420353,1463713.8751379931,1946569.3595647225,1425399.9299674756,1678886.9210130288,2085225.6016299117,1539720.7369895587,1660247.2950893266,2138702.6804388845,2038371.3469687602,2906630.0328661194,2056208.4883862396,1836549.9000356672
2120800.7047353624,1995068.606981699,2338472.5236548395,1874013.5646241235,2924767.8692054474,2172572.266007749,2382474.6375517775,2751563.2960429597,2541557.7280367278,2744663.3713153074,2224915.9385484313,2134286.8307125787,2105778.390420353,1463713.8751379931,1946569.3595647225,1425399.9299674756,1678886.9210130288,2085225.6016299117,1539720.7369895587,1660247.2950893266,2138702.6804388845,2038371.3469687602,2906630.0328661194,2056208.4883862396,1836549.9000356672
2120800.7047353624,1995068.606981699,2338472.5236548395,1874013.5646241235,2924767.8692054474,2172572.266007749,2382474.6375517775,2751563.2960429597,2541557.7280367278,2744663.3713153074,2224915.9385484313,2134286.8307125787,2105778.390420353,1463713.8751379931,1946569.3595647225,1425399.9299674756,1678886.9210130288,2085225.6016299117,1539720.7369895587,1660247.2950893266,2138702.6804388845,2038371.3469687602,2906630.0328661194,2056208.4883862396,1836549.9000356672
2120800.7047353624,1986449.0970874035,2338472.5236548395,1874013.5646241235,2924767.8692054474,2172572.266007749,2382474.6375517775,2751563.2960429597,2541557.7280367278,2744663.3713153074,2224915.9385484313,2134286.8307125787,2105778.390420353,1463713.8751379931,1946569.3595647225,1425399.9299674756,1678886.9210130288,2085225.6016299117,1539720.7369895587,1660247.2950893266,2138702.6804388845,2038371.3469687602,2906630.0328661194,2056208.4883862396,1836549.9000356672
2120800.7047353624,1873559.2282502558,2338472.5236548395,1874013.5646241235,2924767.8692054474,2172572.266007749,2382474.6375517775,2751563.2960429597,2541557.7280367278,2744663.3713153074,2224915.9385484313,2134286.8307125787,2105778.390420353,1463713.8751379931,1946569.3595647225,1425399.9299674756,1678886.9210130288,2085225.6016299117,1539720.7369895587,1660247.2950893266,2138702.6804388845,2038371.3469687602,2906630.0328661194,2056208.4883862396,1836549.9000356672
2120800.7047353624,1831529.9683972434,2338472.5236548395,1874013.5646241235,2924767.8692054474,2172572.266007749,2382474.6375517775,2751563.2960429597,2541557.7280367278,2744663.3713153074,2224915.9385484313,2134286.8307125787,2105778.390420353,1463713.8751379931,1946569.3595647225,1425399.9299674756,1678886.9210130288,2085225.6016299117,1539720.7369895587,1660247.2950893266,2138702.6804388845,2038371.3469687602,2906630.0328661194,2056208.4883862396,1836549.9000356672
2120800.7047353624,1831529.9683972434,2338472.5236548395,1874013.5646241235,2924767.8692054474,2172572.266007749,2382474.6375517775,2751563.2960429597,2541557.7280367278,2744663.3713153074,2224915.9385484313,2134286.8307125787,2105778.390420353,1463713.8751379931,1946569.3595647225,1425399.9299674756,1678886.9210130288,2085225.6016299117,1539720.7369895587,1660247.2950893266,2138702.6804388845,2038371.3469687602,2906630.0328661194,2056208.4883862396,1836549.9000356672
2120800.7047353624,1831529.9683972434,2338472.5236548395,1874013.5646241235,2924767.8692054474,2172572.266007749,2382474.6375517775,2751563.2960429597,2541557.7280367278,2744663.3713153074,2224915.9385484313,2134286.8307125787,2105778.390420353,1463713.8751379931,1946569.3595647225,1425399.9299674756,1678886.9210130288,2085225.6016299117,1539720.7369895587,1660247.2950893266,2138702.6804388845,2038371.3469687602,2906630.0328661194,2056208.4883862396,1836549.9000356672
2120800.7047353624,1831529.9683972434,2338472.5236548395,1874013.5646241235,2924767.8692054474,2172572.266007749,2382474.6375517775,2751563.2960429597,2541557.7280367278,2744663.3713153074,2224915.9385484313,2134286.8307125787,2105778.390420353,1463713.8751379931,1946569.3595647225,1425399.9299674756,1678886.9210130288,2085225.6016299117,1539720.7369895587,1660247.2950893266,2138702.6804388845,2038371.3469687602,2906630.0328661194,2056208.4883862396,1778412.8997702762
2120800.7047353624,1831529.9683972434,2338472.5236548395,1874013.5646241235,2924767.8692054474,2172572.266007749,2382474.6375517775,2751563.2960429597,2541557.7280367278,2744663.3713153074,2224915.9385484313,2134286.8307125787,2105778.390420353,1463713.8751379931,1946569.3595647225,1425399.9299674756,1678886.9210130288,2085225.6016299117,1539720.7369895587,1660247.2950893266,2138702.6804388845,2038371.3469687602,2906630.0328661194,2056208.4883862396,1752998.2807267236
2120800.7047353624,1831529.9683972434,2338472.5236548395,1874013.5646241235,2924767.8692054474,2172572.266007749,2382474.6375517775,2751563.2960429597,2541557.7280367278,2744663.3713153074,2224915.9385484313,2134286.8307125787,2105778.390420353,1463713.8751379931,1946569.3595647225,1425399.9299674756,1678886.9210130288,2085225.6016299117,1539720.7369895587,1660247.2950893266,2138702.6804388845,2038371.3469687602,2906630.0328661194,2056208.4883862396,1752998.2807267236
2120800.7047353624,1831529.9683972434,2338472.5236548395,1874013.5646241235,2924767.8692054474,2172572.266007749,2382474.6375517775,2751563.2960429597,2541557.7280367278,2744663.3713153074,2224915.9385484313,2134286.8307125787,2105778.390420353,1463713.8751379931,1946569.3595647225,1425399.9299674756,1678886.9210130288,2085225.6016299117,1539720.7369895587,1660247.2950893266,2138702.6804388845,2038371.3469687602,2906630.0328661194,2056208.4883862396,1752998.2807267236
2120800.7047353624,1831529.9683972434,2338472.5236548395,1874013.5646241235,2924767.8692054474,2172572.266007749,2382474.6375517775,2751563.2960429597,2541557.7280367278,2744663.3713153074,2224915.9385484313,2134286.8307125787,2105778.390420353,1463713.8751379931,1946569.3595647225,1425399.9299674756,1678886.9210130288,2085225.6016299117,1539720.7369895587,1660247.2950893266,2138702.6804388845,2038371.3469687602,2906630.0328661194,2056208.4883862396,1752998.2807267236
2120800.7047353624,1831529.9683972434,2338472.5236548395,1874013.5646241235,2924767.8692054474,2172572.266007749,2382474.6375517775,2751563.2960429597,2541557.7280367278,2744663.3713153074,2224915.9385484313,2134286.8307125787,2105778.390420353,1463713.8751379931,1946569.3595647225,1425399.9299674756,1678886.9210130288,2085225.6016299117,1539720.7369895587,1660247.2950893266,2138702.6804388845,2038371.3469687602,2906630.0328661194,2056208.4883862396,1752998.2807267236
2120800.7047353624,1831529.9683972434,2338472.5236548395,1874013.5646241235,2924767.8692054474,2172572.266007749,2382474.6375517775,2751563.2960429597,2541557.7280367278,2744663.3713153074,2224915.9385484313,2134286.8307125787,2105778.390420353,1463713.8751379931,1946569.3595647225,1425399.9299674756,1678886.9210130288,2085225.6016299117,1539720.7369895587,1660247.2950893266,2138702.6804388845,2038371.3469687602,2906630.0328661194,2056208.4883862396,1752998.2807267236
2120800.7047353624,1831529.9683972434,2338472.5236548395,1874013.5646241235,2924767.8692054474,2172572.266007749,2382474.6375517775,2751563.2960429597,2541557.7280367278,2744663.3713153074,2224915.9385484313,2134286.8307125787,2105778.390420353,1463713.8751379931,1946569.3595647225,1425399.9299674756,1678886.9210130288,2085225.6016299117,1539720.7369895587,1660247.2950893266,2138702.6804388845,2038371.3469687602,2906630.0328661194,2056208.4883862396,1752998.2807267236
2120800.7047353624,1831529.9683972434,2338472.5236548395,1874013.5646241235,2924767.8692054474,2172572.266007749,2382474.6375517775,2751563.2960429597,2541557.7280367278,2744663.3713153074,2224915.9385484313,2134286.8307125787,2105778.390420353,1463713.8751379931,1946569.3595647225,1425399.9299674756,1678886.9210130288,2085225.6016299117,1539720.7369895587,1660247.2950893266,2138702.6804388845,2038371.3469687602,2906630.0328661194,2056208.4883862396,1752998.2807267236
2120800.7047353624,1831529.9683972434,2338472.5236548395,1874013.5646241235,2924767.8692054474,2172572.266007749,2382474.6375517775,2751563.2960429597,2541557.7280367278,2744663.3713153074,2224915.9385484313,2134286.8307125787,2105778.390420353,1463713.8751379931,1946569.3595647225,1425399.9299674756,1678886.9210130288,2085225.6016299117,1539720.7369895587,1660247.2950893266,2138702.6804388845,2038371.3469687602,2906630.0328661194,2056208.4883862396,1752998.2807267236
2120800.7047353624,1831529.9683972434,2338472.5236548395,1874013.5646241235,2924767.8692054474,2172572.266007749,2382474.6375517775,2751563.2960429597,2541557.7280367278,2744663.3713153074,2224915.9385484313,2134286.8307125787,2105778.390420353,1463713.8751379931,1946569.3595647225,1425399.9299674756,1678886.9210130288,2085225.6016299117,1539720.7369895587,1660247.2950893266,2138702.6804388845,2038371.3469687602,2906630.0328661194,2056208.4883862396,1752998.2807267236
2112903.689619607,1831529.9683972434,2338472.5236548395,1874013.5646241235,2924767.8692054474,2172572.266007749,2382474.6375517775,2751563.2960429597,2541557.7280367278,2744663.3713153074,2224915.9385484313,2134286.8307125787,2105778.390420353,1463713.8751379931,1946569.3595647225,1425399.9299674756,1678886.9210130288,2085225.6016299117,1539720.7369895587,1660247.2950893266,2138702.6804388845,2038371.3469687602,2906630.0328661194,2056208.4883862396,1752998.2807267236
2112903.689619607,1831529.9683972434,2338472.5236548395,1874013.5646241235,2924767.8692054474,2172572.266007749,2382474.6375517775,2751563.2960429597,2541557.7280367278,2744663.3713153074,2224915.9385484313,2134286.8307125787,2105778.390420353,1463713.8751379931,1946569.3595647225,1425399.9299674756,1678886.9210130288,2085225.6016299117,1539720.7369895587,1660247.2950893266,2138702.6804388845,2038371.3469687602,2906630.0328661194,2056208.4883862396,1752998.2807267236
2112903.689619607,1831529.9683972434,2338472.5236548395,1874013.5646241235,2924767.8692054474,2172572.266007749,2382474.6375517775,2751563.2960429597,2541557.7280367278,2744663.3713153074,2224915.9385484313,2134286.8307125787,2105778.390420353,1463713.8751379931,1946569.3595647225,1425399.9299674756,1678886.9210130288,2085225.6016299117,1539720.7369895587,1660247.2950893266,2138702.6804388845,2038371.3469687602,2906630.0328661194,2056208.4883862396,1752998.2807267236
2112903.689619607,1831529.9683972434,2338472.5236548395,1874013.5646241235,2924767.8692054474,2172572.266007749,2382474.6375517775,2751563.2960429597,2541557.7280367278,2744663.3713153074,2202407.276377383,2134286.8307125787,2105778.390420353,1463713.8751379931,1946569.3595647225,1425399.9299674756,1678886.9210130288,2085225.6016299117,1539720.7369895587,1660247.2950893266,2138702.6804388845,2038371.3469687602,2906630.0328661194,2056208.4883862396,1752998.2807267236
2112903.689619607,1831529.9683972434,2338472.5236548395,1874013.5646241235,2924767.8692054474,2172572.266007749,2382474.6375517775,2751563.2960429597,2541557.7280367278,2744663.3713153074,2202407.276377383,2134286.8307125787,2105778.390420353,1463713.8751379931,1946569.3595647225,1425399.9299674756,1678886.9210130288,2085225.6016299117,1539720.7369895587,1660247.2950893266,2138702.6804388845,2038371.3469687602,2906630.0328661194,2056208.4883862396,1752998.2807267236
2112903.689619607,1831529.9683972434,2338472.5236548395,1874013.5646241235,2924767.8692054474,2172572.266007749,2382474.6375517775,2751563.2960429597,2541557.7280367278,2744663.3713153074,2202407.276377383,2134286.8307125787,2105778.390420353,1463713.8751379931,1946569.3595647225,1425399.9299674756,1678886.9210130288,2085225.6016299117,1539720.7369895587,1660247.2950893266,2138702.6804388845,2038371.3469687602,2906630.0328661194,2056208.4883862396,1730300.7967743208
2112903.689619607,1831529.9683972434,2338472.5236548395,1874013.5646241235,2924767.8692054474,2172572.266007749,2382474.6375517775,2751563.2960429597,2541557.7280367278,2744663.3713153074,2202407.276377383,2134286.8307125787,2105778.390420353,1463713.8751379931,1946569.3595647225,1425399.9299674756,1678886.9210130288,2085225.6016299117,1539720.7369895587,1660247.2950893266,2138702.6804388845,2038371.3469687602,2906630.0328661194,2056208.4883862396,1730300.7967743208
2112903.689619607,1831529.9683972434,2338472.5236548395,1874013.5646241235,2924767.8692054474,2172572.266007749,2382474.6375517775,2751563.2960429597,2541557.7280367278,2744663.3713153074,2202407.276377383,2134286.8307125787,2105778.390420353,1463713.8751379931,1946569.3595647225,1425399.9299674756,1678886.9210130288,2085225.6016299117,1539720.7369895587,1660247.2950893266,2138702.6804388845,2038371.3469687602,2906630.0328661194,2056208.4883862396,1730300.7967743208
2112903.689619607,1831529.9683972434,2338472.5236548395,1874013.5646241235,2924767.8692054474,2172572.266007749,2382474.6375517775,2751563.2960429597,2541557.7280367278,2744663.3713153074,2202407.276377383,2134286.8307125787,2105778.390420353,1463713.8751379931,1946569.3595647225,1425399.9299674756,1678886.9210130288,2085225.6016299117,1539720.7369895587,1660247.2950893266,2138702.6804388845,2038371.3469687602,2906630.0328661194,2056208.4883862396,1730300.7967743208
2112903.689619607,1831529.9683972434,2338472.5236548395,1874013.5646241235,2690053.7414757134,2172572.266007749,2382474.6375517775,2751563.2960429597,2541557.7280367278,2744663.3713153074,2202407.276377383,2134286.8307125787,2105778.390420353,1463713.8751379931,1946569.3595647225,1425399.9299674756,1678886.9210130288,2085225.6016299117,1539720.7369895587,1660247.2950893266,2138702.6804388845,2038371.3469687602,2906630.0328661194,2056208.4883862396,1730300.7967743208
2112903.689619607,1831529.9683972434,2338472.5236548395,1874013.5646241235,2690053.7414757134,2172572.266007749,2382474.6375517775,2751563.2960429597,2541557.7280367278,2744663.3713153074,2202407.276377383,2134286.8307125787,2105778.390420353,1463713.8751379931,1946569.3595647225,1425399.9299674756,1678886.9210130288,2085225.6016299117,1539720.7369895587,1660247.2950893266,2138702.6804388845,2038371.3469687602,2906630.0328661194,2056208.4883862396,1730300.7967743208
2112903.689619607,1831529.9683972434,2338472.5236548395,1874013.5646241235,2438065.6172009525,2172572.266007749,2382474.6375517775,2751563.2960429597,2541557.7280367278,2744663.3713153074,2202407.276377383,2134286.8307125787,2105778.390420353,1463713.8751379931,1946569.3595647225,1425399.9299674756,1678886.9210130288,2085225.6016299117,1539720.7369895587,1660247.2950893266,2138702.6804388845,2038371.3469687602,2906630.0328661194,2056208.4883862396,1730300.7967743208
2112903.689619607,1831529.9683972434,2338472.5236548395,1874013.5646241235,2438065.6172009525,2172572.266007749,2382474.6375517775,2751563.2960429597,2541557.7280367278,2744663.3713153074,2202407.276377383,2134286.8307125787,2105778.390420353,1463713.8751379931,1946569.3595647225,1425399.9299674756,1678886.9210130288,2085225.6016299117,1539720.7369895587,1660247.2950893266,2138702.6804388845,2038371.3469687602,2906630.0328661194,2056208.4883862396,1730300.7967743208
2112903.689619607,1831529.9683972434,2338472.5236548395,1874013.5646241235,2438065.6172009525,2172572.266007749,2382474.6375517775,2751563.2960429597,2541557.7280367278,2744663.3713153074,2202407.276377383,2134286.8307125787,2105778.390420353,1463713.8751379931,1946569.3595647225,1425399.9299674756,1678886.9210130288,2085225.6016299117,1539720.7369895587,1660247.2950893266,2138702.6804388845,2038371.3469687602,2906630.0328661194,2056208.4883862396,1730300.7967743208
2112903.689619607,1831529.9683972434,2338472.5236548395,1874013.5646241235,2391535.3946637465,2172572.266007749,2382474.6375517775,2751563.2960429597,2541557.7280367278,2744663.3713153074,2202407.276377383,2134286.8307125787,2105778.390420353,1463713.8751379931,1946569.3595647225,1425399.9299674756,1678886.9210130288,2085225.6016299117,1539720.7369895587,1660247.2950893266,2138702.6804388845,2038371.3469687602,2906630.0328661194,2056208.4883862396,1730300.7967743208
2112903.689619607,1831529.9683972434,2338472.5236548395,1874013.5646241235,2391535.3946637465,2172572.266007749,2382474.6375517775,2751563.2960429597,2541557.7280367278,2744663.3713153074,2202407.276377383,2134286.8307125787,2105778.390420353,1463713.8751379931,1946569.3595647225,1425399.9299674756,1678886.9210130288,2085225.6016299117,1539720.7369895587,1660247.2950893266,2138702.6804388845,2038371.3469687602,2906630.0328661194,2056208.4883862396,1730300.7967743208
2112903.689619607,1831529.9683972434,2338472.5236548395,1874013.5646241235,2391535.3946637465,2172572.266007749,2382474.6375517775,2751563.2960429597,2541557.7280367278,2744663.3713153074,2202407.276377383,2134286.8307125787,2105778.390420353,1463713.8751379931,1946569.3595647225,1425399.9299674756,1678886.9210130288,2085225.6016299117,1539720.7369895587,1660247.2950893266,2138702.6804388845,2038371.3469687602,2906630.0328661194,2056208.4883862396,1730300.7967743208
2112903.689619607,1831529.9683972434,2338472.5236548395,1874013.5646241235,2391535.3946637465,2172572.266007749,2382474.6375517775,2751563.2960429597,2541557.7280367278,2744663.3713153074,2202407.276377383,2134286.8307125787,2105778.390420353,1463713.8751379931,1946569.3595647225,1425399.9299674756,1678886.9210130288,2085225.6016299117,1539720.7369895587,1660247.2950893266,2138702.6804388845,2038371.3469687602,2906630.0328661194,2056208.4883862396,1730300.7967743208
2112903.689619607,1831529.9683972434,2338472.5236548395,1874013.5646241235,2391535.3946637465,2172572.266007749,2382474.6375517775,2751563.2960429597,2541557.7280367278,2744663.3713153074,2202407.276377383,2134286.8307125787,2105778.390420353,1463713.8751379931,1946569.3595647225,1425399.9299674756,1678886.9210130288,2085225.6016299117,1539720.7369895587,1660247.2950893266,2138702.6804388845,2038371.3469687602,2906630.0328661194,2056208.4883862396,1730300.7967743208
2112903.689619607,1831529.9683972434,2338472.5236548395,1874013.5646241235,2391535.3946637465,2172572.266007749,2382474.6375517775,2751563.2960429597,2541557.7280367278,2744663.3713153074,2202407.276377383,2134286.8307125787,2105778.390420353,1463713.8751379931,1946569.3595647225,1425399.9299674756,1678886.9210130288,2085225.6016299117,1539720.7369895587,1660247.2950893266,2138702.6804388845,2024551.183843376,2906630.0328661194,2056208.4883862396,1730300.7967743208
2112903.689619607,1831529.9683972434,2338472.5236548395,1874013.5646241235,2391535.3946637465,2172572.266007749,2382474.6375517775,2751563.2960429597,2541557.7280367278,2744663.3713153074,2202407.276377383,2134286.8307125787,2105778.390420353,1463713.8751379931,1946569.3595647225,1425399.9299674756,1678886.9210130288,2085225.6016299117,1539720.7369895587,1660247.2950893266,2138702.6804388845,2024551.183843376,2906630.0328661194,2056208.4883862396,1730300.7967743208
2112903.689619607,1831529.9683972434,2338472.5236548395,1874013.5646241235,2391535.3946637465,2172572.266007749,2382474.6375517775,2751563.2960429597,2541557.7280367278,2744663.3713153074,2202407.276377383,2134286.8307125787,2105778.390420353,1463713.8751379931,1946569.3595647225,1425399.9299674756,1678886.9210130288,2085225.6016299117,1539720.7369895587,1660247.2950893266,2138702.6804388845,2024551.183843376,2906630.0328661194,2056208.4883862396,1730300.7967743208
2112903.689619607,1831529.9683972434,2338472.5236548395,1874013.5646241235,2391535.3946637465,2172572.266007749,2382474.6375517775,2751563.2960429597,2541557.7280367278,2744663.3713153074,2202407.276377383,2134286.8307125787,2105778.390420353,1463713.8751379931,1946569.3595647225,1425399.9299674756,1678886.9210130288,2085225.6016299117,1539720.7369895587,1660247.2950893266,2138702.6804388845,2024551.183843376,2906630.0328661194,2056208.4883862396,1730300.7967743208
2112903.689619607,1831529.9683972434,2338472.5236548395,1874013.5646241235,2391535.3946637465,2172572.266007749,2382474.6375517775,2751563.2960429597,2541557.7280367278,2744663.3713153074,2202407.276377383,2134286.8307125787,2105778.390420353,1463713.8751379931,1946569.3595647225,1425399.9299674756,1678886.9210130288,2085225.6016299117,1539720.7369895587,1660247.2950893266,2138702.6804388845,2024551.183843376,2906630.0328661194,2056208.4883862396,1730300.7967743208
2112903.689619607,1831529.9683972434,2338472.5236548395,1874013.5646241235,2391535.3946637465,2172572.266007749,2382474.6375517775,2751563.2960429597,2541557.7280367278,2744663.3713153074,2202407.276377383,2134286.8307125787,2105778.390420353,1463713.8751379931,1946569.3595647225,1425399.9299674756,1678886.9210130288,2085225.6016299117,1539720.7369895587,1660247.2950893266,2138702.6804388845,2024551.183843376,2906630.0328661194,2056208.4883862396,1730300.7967743208
2112903.689619607,1831529.9683972434,2338472.5236548395,1874013.5646241235,2391535.3946637465,2172572.266007749,2382474.6375517775,2751563.2960429597,2541557.7280367278,2744663.3713153074,2202407.276377383,2134286.8307125787,2105778.390420353,1463713.8751379931,1946569.3595647225,1425399.9299674756,1678886.9210130288,2085225.6016299117,1539720.7369895587,1660247.2950893266,2138702.6804388845,2024551.183843376,2906630.0328661194,2056208.4883862396,1730300.7967743208
2112903.689619607,1831529.9683972434,2338472.5236548395,1874013.5646241235,2391535.3946637465,2172572.266007749,2382474.6375517775,2751563.2960429597,2541557.7280367278,2744663.3713153074,2202407.276377383,2134286.8307125787,2105778.390420353,1463713.8751379931,1946569.3595647225,1425399.9299674756,1678886.9210130288,2085225.6016299117,1539720.7369895587,1660247.2950893266,2138702.6804388845,2024551.183843376,2906630.0328661194,2056208.4883862396,1730300.7967743208
2112903.689619607,1831529.9683972434,2338472.5236548395,1874013.5646241235,2391535.3946637465,2172572.266007749,2382474.6375517775,2751563.2960429597,2541557.7280367278,2744663.3713153074,2202407.276377383,2134286.8307125787,2105778.390420353,1463713.8751379931,1946569.3595647225,1425399.9299674756,1678886.9210130288,2085225.6016299117,1539720.7369895587,1660247.2950893266,2138702.6804388845,2024551.183843376,2906630.0328661194,2056208.4883862396,1730300.7967743208
2112903.689619607,1831529.9683972434,2338472.5236548395,1874013.5646241235,2391535.3946637465,2172572.266007749,2382474.6375517775,2751563.2960429597,2541557.7280367278,2744663.3713153074,2202407.276377383,2134286.8307125787,2105778.390420353,1463713.8751379931,1946569.3595647225,1425399.9299674756,1678886.9210130288,2085225.6016299117,1539720.7369895587,1660247.2950893266,2138702.6804388845,2024551.183843376,2906630.0328661194,2056208.4883862396,1730300.7967743208
2112903.689619607,1831529.9683972434,2338472.5236548395,1874013.5646241235,2391535.3946637465,2172572.266007749,2382474.6375517775,2751563.2960429597,2541557.7280367278,2744663.3713153074,2202407.276377383,2134286.8307125787,2105778.390420353,1463713.8751379931,1946569.3595647225,1425399.9299674756,1678886.9210130288,2085225.6016299117,1539720.7369895587,1660247.2950893266,2138702.6804388845,2024551.183843376,2906630.0328661194,2056208.4883862396,1730300.7967743208
2112903.689619607,1831529.9683972434,2338472.5236548395,1874013.5646241235,2391535.3946637465,2172572.266007749,2382474.6375517775,2751563.2960429597,2541557.7280367278,2744663.3713153074,2202407.276377383,2134286.8307125787,2105778.390420353,1463713.8751379931,1946569.3595647225,1425399.9299674756,1678886.9210130288,2085225.6016299117,1539720.7369895587,1660247.2950893266,2138702.6804388845,2024551.183843376,2906630.0328661194,2056208.4883862396,1730300.7967743208
2112903.689619607,1831529.9683972434,2338472.5236548395,1874013.5646241235,2391535.3946637465,2172572.266007749,2382474.6375517775,2751563.2960429597,2541557.7280367278,2744663.3713153074,2202407.276377383,2134286.8307125787,2105778.390420353,1463713.8751379931,1946569.3595647225,1425399.9299674756,1678886.9210130288,2085225.6016299117,1539720.7369895587,1660247.2950893266,2138702.6804388845,2024551.183843376,2906630.0328661194,2056208.4883862396,1730300.7967743208
2112903.689619607,1831529.9683972434,2338472.5236548395,1874013.5646241235,2391535.3946637465,2172572.266007749,2382474.6375517775,2751563.2960429597,2541557.7280367278,2744663.3713153074,2202407.276377383,2134286.8307125787,2105778.390420353,1463713.8751379931,1946569.3595647225,1425399.9299674756,1678886.9210130288,2085225.6016299117,1539720.7369895587,1660247.2950893266,2138702.6804388845,2024551.183843376,2906630.0328661194,2056208.4883862396,1730300.7967743208
2112903.689619607,1831529.9683972434,2338472.5236548395,1874013.5646241235,2391535.3946637465,2172572.266007749,2382474.6375517775,2751563.2960429597,2541557.7280367278,2744663.3713153074,2202407.276377383,2134286.8307125787,2105778.390420353,1463713.8751379931,1946569.3595647225,1425399.9299674756,1678886.9210130288,2085225.6016299117,1539720.7369895587,1660247.2950893266,2138702.6804388845,2024551.183843376,2906630.0328661194,2056208.4883862396,1730300.7967743208
2112903.689619607,1831529.9683972434,2338472.5236548395,1874013.5646241235,2391535.3946637465,2172572.266007749,2382474.6375517775,2751563.2960429597,2541557.7280367278,2744663.3713153074,2147836.4024314606,2134286.8307125787,2105778.390420353,1463713.8751379931,1946569.3595647225,1425399.9299674756,1678886.9210130288,2085225.6016299117,1539720.7369895587,1660247.2950893266,2138702.6804388845,2024551.183843376,2906630.0328661194,2056208.4883862396,1730300.7967743208
2112903.689619607,1831529.9683972434,2338472.5236548395,1874013.5646241235,2391535.3946637465,2172572.266007749,2382474.6375517775,2751563.2960429597,2541557.7280367278,2744663.3713153074,1896455.855115371,2134286.8307125787,2105778.390420353,1463713.8751379931,1946569.3595647225,1425399.9299674756,1678886.9210130288,2085225.6016299117,1539720.7369895587,1660247.2950893266,2138702.6804388845,2024551.183843376,2906630.0328661194,2056208.4883862396,1730300.7967743208
2112903.689619607,1831529.9683972434,2338472.5236548395,1874013.5646241235,2391535.3946637465,2172572.266007749,2382474.6375517775,2751563.2960429597,2541557.7280367278,2744663.3713153074,1896455.855115371,2134286.8307125787,2105778.390420353,1463713.8751379931,1946569.3595647225,1425399.9299674756,1678886.9210130288,2085225.6016299117,1539720.7369895587,1660247.2950893266,2138702.6804388845,2024551.183843376,2906630.0328661194,2056208.4883862396,1730300.7967743208
2112903.689619607,1831529.9683972434,2338472.5236548395,1874013.5646241235,2391535.3946637465,2172572.266007749,2382474.6375517775,2751563.2960429597,2541557.7280367278,2744663.3713153074,1896455.855115371,2134286.8307125787,2105778.390420353,1463713.8751379931,1946569.3595647225,1425399.9299674756,1678886.9210130288,2085225.6016299117,1539720.7369895587,1660247.2950893266,2138702.6804388845,2024551.183843376,2906630.0328661194,2056208.4883862396,1730300.7967743208
2112903.689619607,1831529.9683972434,2338472.5236548395,1874013.5646241235,2391535.3946637465,2172572.266007749,2382474.6375517775,2751563.2960429597,2541557.7280367278,2744663.3713153074,1896455.855115371,2134286.8307125787,2105778.390420353,1463713.8751379931,1946569.3595647225,1425399.9299674756,1678886.9210130288,2085225.6016299117,1539720.7369895587,1660247.2950893266,2138702.6804388845,2024551.183843376,2906630.0328661194,2056208.4883862396,1730300.7967743208
2112903.689619607,1831529.9683972434,2338472.5236548395,1874013.5646241235,2391535.3946637465,2172572.266007749,2382474.6375517775,2751563.2960429597,2541557.7280367278,2744663.3713153074,1896455.855115371,2134286.8307125787,2105778.390420353,1463713.8751379931,1946569.3595647225,1425399.9299674756,1678886.9210130288,2085225.6016299117,1539720.7369895587,1660247.2950893266,2138702.6804388845,2024551.183843376,2906630.0328661194,2056208.4883862396,1730300.7967743208
2112903.689619607,1831529.9683972434,2338472.5236548395,1874013.5646241235,2391535.3946637465,2172572.266007749,2382474.6375517775,2751563.2960429597,2541557.7280367278,2744663.3713153074,1858477.1510227858,2134286.8307125787,2105778.390420353,1463713.8751379931,1946569.3595647225,1425399.9299674756,1678886.9210130288,2085225.6016299117,1539720.7369895587,1660247.2950893266,2138702.6804388845,2024551.183843376,2906630.0328661194,2056208.4883862396,1730300.7967743208
2112903.689619607,1831529.9683972434,2338472.5236548395,1874013.5646241235,2391535.3946637465,2172572.266007749,2382474.6375517775,2751563.2960429597,2541557.7280367278,2744663.3713153074,1858477.1510227858,2134286.8307125787,2105778.390420353,1463713.8751379931,1946569.3595647225,1425399.9299674756,1678886.9210130288,2085225.6016299117,1539720.7369895587,1660247.2950893266,2138702.6804388845,2024551.183843376,2906630.0328661194,2056208.4883862396,1730300.7967743208
2112903.689619607,1831529.9683972434,2338472.5236548395,1874013.5646241235,2391535.3946637465,2172572.266007749,2382474.6375517775,2751563.2960429597,2541557.7280367278,2744663.3713153074,1858477.1510227858,2134286.8307125787,2105778.390420353,1463713.8751379931,1946569.3595647225,1425399.9299674756,1678886.9210130288,2085225.6016299117,1539720.7369895587,1660247.2950893266,2138702.6804388845,2024551.183843376,2906630.0328661194,2056208.4883862396,1730300.7967743208
2112903.689619607,1831529.9683972434,2338472.5236548395,1874013.5646241235,2391535.3946637465,2172572.266007749,2382474.6375517775,2751563.2960429597,2541557.7280367278,2744663.3713153074,1858477.1510227858,2134286.8307125787,2105778.390420353,1463713.8751379931,1946569.3595647225,1425399.9299674756,1678886.9210130288,2085225.6016299117,1539720.7369895587,1660247.2950893266,2138702.6804388845,2024551.183843376,2906630.0328661194,2056208.4883862396,1730300.7967743208
2112903.689619607,1831529.9683972434,2338472.5236548395,1874013.5646241235,2391535.3946637465,2172572.266007749,2382474.6375517775,2751563.2960429597,2541557.7280367278,2744663.3713153074,1858477.1510227858,2134286.8307125787,2105778.390420353,1463713.8751379931,1946569.3595647225,1425399.9299674756,1678886.9210130288,2085225.6016299117,1539720.7369895587,1660247.2950893266,2138702.6804388845,2024551.183843376,2906630.0328661194,2056208.4883862396,1730300.7967743208
2112903.689619607,1831529.9683972434,2338472.5236548395,1874013.5646241235,2391535.3946637465,2172572.266007749,2382474.6375517775,2751563.2960429597,2541557.7280367278,2744663.3713153074,1858477.1510227858,2134286.8307125787,2105778.390420353,1463713.8751379931,1946569.3595647225,1425399.9299674756,1678886.9210130288,2085225.6016299117,1539720.7369895587,1660247.2950893266,2138702.6804388845,2024551.183843376,2906630.0328661194,2056208.4883862396,1730300.7967743208
2112903.689619607,1831529.9683972434,2338472.5236548395,1874013.5646241235,2391535.3946637465,2172572.266007749,2382474.6375517775,2751563.2960429597,2541557.7280367278,2744663.3713153074,1858477.1510227858,2134286.8307125787,2105778.390420353,1463713.8751379931,1946569.3595647225,1425399.9299674756,1678886.9210130288,2085225.6016299117,1539720.7369895587,1660247.2950893266,2138702.6804388845,2024551.183843376,2906630.0328661194,2056208.4883862396,1730300.7967743208
2112903.689619607,1831529.9683972434,2338472.5236548395,1874013.5646241235,2391535.3946637465,2172572.266007749,2382474.6375517775,2751563.2960429597,2541557.7280367278,2744663.3713153074,1858477.1510227858,2134286.8307125787,2105778.390420353,1463713.8751379931,1946569.3595647225,1425399.9299674756,1678886.9210130288,2085225.6016299117,1539720.7369895587,1660247.2950893266,2138702.6804388845,2024551.183843376,2906630.0328661194,2056208.4883862396,1730300.7967743208
2112903.689619607,1831529.9683972434,2338472.5236548395,1874013.5646241235,2391535.3946637465,2172572.266007749,2382474.6375517775,2751563.2960429597,2541557.7280367278,2744663.3713153074,1858477.1510227858,2134286.8307125787,2105778.390420353,1463713.8751379931,1946569.3595647225,1425399.9299674756,1678886.9210130288,2085225.6016299117,1539720.7369895587,1660247.2950893266,2138702.6804388845,2024551.183843376,2906630.0328661194,2056208.4883862396,1730300.7967743208
2112903.689619607,1831529.9683972434,2338472.5236548395,1874013.5646241235,2391535.3946637465,2172572.266007749,2382474.6375517775,2751563.2960429597,2541557.7280367278,2744663.3713153074,1858477.1510227858,2134286.8307125787,2105778.390420353,1463713.8751379931,1946569.3595647225,1425399.9299674756,1678886.9210130288,2085225.6016299117,1539720.7369895587,1660247.2950893266,2138702.6804388845,2024551.183843376,2906630.0328661194,2056208.4883862396,1730300.7967743208
2112903.689619607,1831529.9683972434,2338472.5236548395,1874013.5646241235,2391535.3946637465,2172572.266007749,2382474.6375517775,2751563.2960429597,2541557.7280367278,2744663.3713153074,1858477.1510227858,2134286.8307125787,2105778.390420353,1463713.8751379931,1946569.3595647225,1425399.9299674756,1678886.9210130288,2085225.6016299117,1539720.7369895587,1660247.2950893266,2138702.6804388845,2024551.183843376,2906630.0328661194,2056208.4883862396,1730300.7967743208
2112903.689619607,1831529.9683972434,2338472.5236548395,1874013.5646241235,2391535.3946637465,2172572.266007749,2382474.6375517775,2751563.2960429597,2541557.7280367278,2744663.3713153074,1858477.1510227858,2134286.8307125787,2105778.390420353,1463713.8751379931,1946569.3595647225,1425399.9299674756,1678886.9210130288,2085225.6016299117,1539720.7369895587,1660247.2950893266,2138702.6804388845,2024551.183843376,2906630.0328661194,2056208.4883862396,1730300.7967743208
2112903.689619607,1831529.9683972434,2338472.5236548395,1874013.5646241235,2391535.3946637465,2172572.266007749,2382474.6375517775,2751563.2960429597,2541557.7280367278,2744663.3713153074,1858477.1510227858,2134286.8307125787,2105778.390420353,1463713.8751379931,1946569.3595647225,1425399.9299674756,1678886.9210130288,2085225.6016299117,1539720.7369895587,1660247.2950893266,2138702.6804388845,2024551.183843376,2906630.0328661194,2056208.4883862396,1730300.7967743208
2112903.689619607,1831529.9683972434,2338472.5236548395,1874013.5646241235,2391535.3946637465,2172572.266007749,2382474.6375517775,2751563.2960429597,2541557.7280367278,2744663.3713153074,1858477.1510227858,2134286.8307125787,2105778.390420353,1463713.8751379931,1946569.3595647225,1425399.9299674756,1678886.9210130288,2085225.6016299117,1539720.7369895587,1660247.2950893266,2138702.6804388845,2024551.183843376,2906630.0328661194,2056208.4883862396,1730300.7967743208
2112903.689619607,1831529.9683972434,2338472.5236548395,1874013.5646241235,2391535.3946637465,2172572.266007749,2382474.6375517775,2751563.2960429597,2541557.7280367278,2744663.3713153074,1858477.1510227858,2134286.8307125787,2105778.390420353,1463713.8751379931,1946569.3595647225,1425399.9299674756,1678886.9210130288,2085225.6016299117,1539720.7369895587,1660247.2950893266,2138702.6804388845,2024551.183843376,2906630.0328661194,2056208.4883862396,1730300.7967743208
2112903.689619607,1831529.9683972434,2338472.5236548395,1874013.5646241235,2391535.3946637465,2172572.266007749,2382474.6375517775,2751563.2960429597,2541557.7280367278,2744663.3713153074,1858477.1510227858,2134286.8307125787,2105778.390420353,1463713.8751379931,1946569.3595647225,1425399.9299674756,1569776.198031292,2085225.6016299117,1539720.7369895587,1660247.2950893266,2138702.6804388845,2024551.183843376,2906630.0328661194,2056208.4883862396,1730300.7967743208
2112903.689619607,1831529.9683972434,2338472.5236548395,1874013.5646241235,2391535.3946637465,2172572.266007749,2382474.6375517775,2751563.2960429597,2541557.7280367278,2744663.3713153074,1858477.1510227858,2134286.8307125787,2105778.390420353,1463713.8751379931,1946569.3595647225,1425399.9299674756,1569776.198031292,2085225.6016299117,1539720.7369895587,1660247.2950893266,2138702.6804388845,2024551.183843376,2906630.0328661194,2056208.4883862396,1730300.7967743208
2112903.689619607,1831529.9683972434,2338472.5236548395,1874013.5646241235,2391535.3946637465,2172572.266007749,2382474.6375517775,2751563.2960429597,2541557.7280367278,2744663.3713153074,1858477.1510227858,2134286.8307125787,2105778.390420353,1463713.8751379931,1946569.3595647225,1425399.9299674756,1543945.3186146412,2085225.6016299117,1539720.7369895587,1660247.2950893266,2138702.6804388845,2024551.183843376,2906630.0328661194,2056208.4883862396,1730300.7967743208
2112903.689619607,1831529.9683972434,2338472.5236548395,1874013.5646241235,2391535.3946637465,2172572.266007749,2382474.6375517775,2751563.2960429597,2541557.7280367278,2744663.3713153074,1858477.1510227858,2134286.8307125787,2105778.390420353,1463713.8751379931,1946569.3595647225,1425399.9299674756,1543945.3186146412,2085225.6016299117,1539720.7369895587,1660247.2950893266,2138702.6804388845,2024551.183843376,2906630.0328661194,2056208.4883862396,1730300.7967743208
2112903.689619607,1831529.9683972434,2338472.5236548395,1874013.5646241235,2391535.3946637465,2172572.266007749,2382474.6375517775,2751563.2960429597,2541557.7280367278,2744663.3713153074,1858477.1510227858,2134286.8307125787,2105778.390420353,1463713.8751379931,1946569.3595647225,1425399.9299674756,1543945.3186146412,2085225.6016299117,1539720.7369895587,1660247.2950893266,2138702.6804388845,2024551.183843376,2906630.0328661194,2056208.4883862396,1730300.7967743208
2112903.689619607,1831529.9683972434,2338472.5236548395,1874013.5646241235,2391535.3946637465,2172572.266007749,2382474.6375517775,2751563.2960429597,2541557.7280367278,2744663.3713153074,1858477.1510227858,2134286.8307125787,2105778.390420353,1463713.8751379931,1946569.3595647225,1425399.9299674756,1543945.3186146412,2085225.6016299117,1539720.7369895587,1660247.2950893266,2138702.6804388845,2024551.183843376,2906630.0328661194,2056208.4883862396,1730300.7967743208
2112903.689619607,1831529.9683972434,2338472.5236548395,1874013.5646241235,2391535.3946637465,2172572.266007749,2382474.6375517775,2751563.2960429597,2541557.7280367278,2744663.3713153074,1858477.1510227858,2134286.8307125787,2105778.390420353,1463713.8751379931,1946569.3595647225,1425399.9299674756,1543945.3186146412,2085225.6016299117,1539720.7369895587,1660247.2950893266,2138702.6804388845,2024551.183843376,2906630.0328661194,2056208.4883862396,1730300.7967743208
2112903.689619607,1831529.9683972434,2338472.5236548395,1874013.5646241235,2391535.3946637465,2172572.266007749,2382474.6375517775,2751563.2960429597,2541557.7280367278,2744663.3713153074,1858477.1510227858,2134286.8307125787,2105778.390420353,1463713.8751379931,1946569.3595647225,1425399.9299674756,1543945.3186146412,2085225.6016299117,1539720.7369895587,1660247.2950893266,2138702.6804388845,2024551.183843376,2906630.0328661194,2056208.4883862396,1730300.7967743208
2112903.689619607,1831529.9683972434,2338472.5236548395,1874013.5646241235,2391535.3946637465,2172572.266007749,2382474.6375517775,2751563.2960429597,2541557.7280367278,2744663.3713153074,1858477.1510227858,2134286.8307125787,2105778.390420353,1463713.8751379931,1946569.3595647225,1425399.9299674756,1543945.3186146412,2085225.6016299117,1539720.7369895587,1660247.2950893266,2138702.6804388845,2024551.183843376,2906630.0328661194,2056208.4883862396,1730300.7967743208
2112903.689619607,1831529.9683972434,2338472.5236548395,1874013.5646241235,2391535.3946637465,2172572.266007749,2382474.6375517775,2751563.2960429597,2541557.7280367278,2744663.3713153074,1858477.1510227858,2134286.8307125787,2105778.390420353,1463713.8751379931,1946569.3595647225,1425399.9299674756,1543945.3186146412,2085225.6016299117,1539720.7369895587,1660247.2950893266,2138702.6804388845,2024551.183843376,2906630.0328661194,2056208.4883862396,1730300.7967743208
2112903.689619607,1831529.9683972434,2338472.5236548395,1874013.5646241235,2391535.3946637465,2172572.266007749,2382474.6375517775,2751563.2960429597,2541557.7280367278,2744663.3713153074,1858477.1510227858,2134286.8307125787,2105778.390420353,1463713.8751379931,1946569.3595647225,1425399.9299674756,1543945.3186146412,2085225.6016299117,1539720.7369895587,1660247.2950893266,2138702.6804388845,2024551.183843376,2906630.0328661194,2056208.4883862396,1730300.7967743208
2112903.689619607,1831529.9683972434,2338472.5236548395,1874013.5646241235,2391535.3946637465,2172572.266007749,2382474.6375517775,2751563.2960429597,2541557.7280367278,2744663.3713153074,1858477.1510227858,2134286.8307125787,2105778.390420353,1463713.8751379931,1946569.3595647225,1425399.9299674756,1543945.3186146412,2085225.6016299117,1539720.7369895587,1660247.2950893266,2138702.6804388845,2024551.183843376,2906630.0328661194,2056208.4883862396,1730300.7967743208
2112903.689619607,1831529.9683972434,2338472.5236548395,1874013.5646241235,2391535.3946637465,2172572.266007749,2382474.6375517775,2751563.2960429597,2541557.7280367278,2744663.3713153074,1858477.1510227858,2134286.8307125787,2105778.390420353,1463713.8751379931,1946569.3595647225,1425399.9299674756,1543945.3186146412,2085225.6016299117,1539720.7369895587,1660247.2950893266,2138702.6804388845,2024551.183843376,2906630.0328661194,2056208.4883862396,1730300.7967743208
2112903.689619607,1831529.9683972434,2338472.5236548395,1874013.5646241235,2391535.3946637465,2172572.266007749,2382474.6375517775,2751563.2960429597,2541557.7280367278,2744663.3713153074,1858477.1510227858,2134286.8307125787,2105778.390420353,1463713.8751379931,1946569.3595647225,1425399.9299674756,1543945.3186146412,2085225.6016299117,1539720.7369895587,1660247.2950893266,2138702.6804388845,2024551.183843376,2906630.0328661194,2056208.4883862396,1730300.7967743208
2112903.689619607,1831529.9683972434,2338472.5236548395,1874013.5646241235,2391535.3946637465,2172572.266007749,2382474.6375517775,2751563.2960429597,2541557.7280367278,2744663.3713153074,1858477.1510227858,2134286.8307125787,2105778.390420353,1463713.8751379931,1946569.3595647225,1425399.9299674756,1543945.3186146412,2085225.6016299117,1539720.7369895587,1660247.2950893266,2138702.6804388845,2024551.183843376,2906630.0328661194,2056208.4883862396,1730300.7967743208
2112903.689619607,1831529.9683972434,2338472.5236548395,1874013.5646241235,2391535.3946637465,2172572.266007749,2382474.6375517775,2751563.2960429597,2541557.7280367278,2744663.3713153074,1858477.1510227858,2134286.8307125787,2105778.390420353,1463713.8751379931,1946569.3595647225,1425399.9299674756,1543945.3186146412,2085225.6016299117,1539720.7369895587,1660247.2950893266,2138702.6804388845,2024551.183843376,2906630.0328661194,2056208.4883862396,1730300.7967743208
2112903.689619607,1831529.9683972434,2338472.5236548395,1874013.5646241235,2391535.3946637465,2172572.266007749,2382474.6375517775,2751563.2960429597,2541557.7280367278,2744663.3713153074,1858477.1510227858,2134286.8307125787,2105778.390420353,1463713.8751379931,1946569.3595647225,1425399.9299674756,1543945.3186146412,2085225.6016299117,1539720.7369895587,1660247.2950893266,2138702.6804388845,2024551.183843376,2906630.0328661194,2056208.4883862396,1730300.7967743208
2112903.689619607,1831529.9683972434,2338472.5236548395,1874013.5646241235,2391535.3946637465,2172572.266007749,2382474.6375517775,2751563.2960429597,2541557.7280367278,2744663.3713153074,1858477.1510227858,2134286.8307125787,2105778.390420353,1463713.8751379931,1946569.3595647225,1425399.9299674756,1543945.3186146412,2085225.6016299117,1539720.7369895587,1660247.2950893266,2138702.6804388845,2024551.183843376,2906630.0328661194,2056208.4883862396,1730300.7967743208
2112903.689619607,1831529.9683972434,2338472.5236548395,1874013.5646241235,2391535.3946637465,2172572.266007749,2382474.6375517775,2751563.2960429597,2541557.7280367278,2744663.3713153074,1858477.1510227858,2134286.8307125787,2105778.390420353,1463713.8751379931,1946569.3595647225,1425399.9299674756,1543945.3186146412,2085225.6016299117,1539720.7369895587,1660247.2950893266,2138702.6804388845,2024551.183843376,2906630.0328661194,2056208.4883862396,1730300.7967743208
2112903.689619607,1831529.9683972434,2338472.5236548395,1874013.5646241235,2391535.3946637465,2172572.266007749,2382474.6375517775,2751563.2960429597,2541557.7280367278,2744663.3713153074,1858477.1510227858,2134286.8307125787,2105778.390420353,1463713.8751379931,1946569.3595647225,1425399.9299674756,1543945.3186146412,2085225.6016299117,1539720.7369895587,1660247.2950893266,2138702.6804388845,2024551.183843376,2906630.0328661194,2056208.4883862396,1730300.7967743208
2112903.689619607,1831529.9683972434,2338472.5236548395,1874013.5646241235,2391535.3946637465,2172572.266007749,2382474.6375517775,2751563.2960429597,2541557.7280367278,2744663.3713153074,1858477.1510227858,2134286.8307125787,2105778.390420353,1463713.8751379931,1946569.3595647225,1425399.9299674756,1543945.3186146412,2085225.6016299117,1539720.7369895587,1660247.2950893266,2138702.6804388845,2024551.183843376,2906630.0328661194,2056208.4883862396,1730300.7967743208
2112903.689619607,1831529.9683972434,2338472.5236548395,1874013.5646241235,2391535.3946637465,2172572.266007749,2382474.6375517775,2751563.2960429597,2541557.7280367278,2744663.3713153074,1858477.1510227858,2134286.8307125787,2105778.390420353,1463713.8751379931,1946569.3595647225,1425399.9299674756,1543945.3186146412,2085225.6016299117,1539720.7369895587,1660247.2950893266,2138702.6804388845,2024551.183843376,2906630.0328661194,2056208.4883862396,1730300.7967743208
2112903.689619607,1831529.9683972434,2338472.5236548395,1874013.5646241235,2391535.3946637465,2172572.266007749,2382474.6375517775,2751563.2960429597,2541557.7280367278,2744663.3713153074,1858477.1510227858,2134286.8307125787,2105778.390420353,1463713.8751379931,1946569.3595647225,1425399.9299674756,1543945.3186146412,2085225.6016299117,1539720.7369895587,1660247.2950893266,2138702.6804388845,2024551.183843376,2906630.0328661194,2056208.4883862396,1730300.7967743208
2112903.689619607,1831529.9683972434,2338472.5236548395,1874013.5646241235,2391535.3946637465,2172572.266007749,2382474.6375517775,2751563.2960429597,2541557.7280367278,2744663.3713153074,1858477.1510227858,2134286.8307125787,2105778.390420353,1463713.8751379931,1946569.3595647225,1425399.9299674756,1543945.3186146412,2085225.6016299117,1539720.7369895587,1660247.2950893266,2138702.6804388845,2024551.183843376,2906630.0328661194,2056208.4883862396,1730300.7967743208
2112903.689619607,1831529.9683972434,2338472.5236548395,1874013.5646241235,2391535.3946637465,2172572.266007749,2382474.6375517775,2751563.2960429597,2541557.7280367278,2744663.3713153074,1858477.1510227858,2134286.8307125787,2105778.390420353,1463713.8751379931,1946569.3595647225,1425399.9299674756,1543945.3186146412,2085225.6016299117,1539720.7369895587,1660247.2950893266,2138702.6804388845,2024551.183843376,2906630.0328661194,2056208.4883862396,1730300.7967743208
2112903.689619607,1831529.9683972434,2338472.5236548395,1874013.5646241235,2391535.3946637465,2172572.266007749,2382474.6375517775,2751563.2960429597,2541557.7280367278,2744663.3713153074,1858477.1510227858,2134286.8307125787,2105778.390420353,1463713.8751379931,1946569.3595647225,1425399.9299674756,1543945.3186146412,2085225.6016299117,1539720.7369895587,1660247.2950893266,2138702.6804388845,2024551.183843376,2906630.0328661194,2056208.4883862396,1730300.7967743208
2112903.689619607,1831529.9683972434,2338472.5236548395,1874013.5646241235,2391535.3946637465,2172572.266007749,2382474.6375517775,2751563.2960429597,2541557.7280367278,2744663.3713153074,1858477.1510227858,2134286.8307125787,2105778.390420353,1463713.8751379931,1946569.3595647225,1425399.9299674756,1543945.3186146412,2085225.6016299117,1539720.7369895587,1660247.2950893266,2138702.6804388845,2024551.183843376,2906630.0328661194,2056208.4883862396,1730300.7967743208
2112903.689619607,1831529.9683972434,2338472.5236548395,1874013.5646241235,2391535.3946637465,2172572.266007749,2382474.6375517775,2751563.2960429597,2541557.7280367278,2744663.3713153074,1858477.1510227858,2134286.8307125787,2105778.390420353,1463713.8751379931,1946569.3595647225,1425399.9299674756,1543945.3186146412,2085225.6016299117,1539720.7369895587,1660247.2950893266,2138702.6804388845,2024551.183843376,2906630.0328661194,2056208.4883862396,1730300.7967743208
2112903.689619607,1831529.9683972434,2338472.5236548395,1874013.5646241235,2391535.3946637465,2172572.266007749,2382474.6375517775,2751563.2960429597,2541557.7280367278,2744663.3713153074,1858477.1510227858,2134286.8307125787,2105778.390420353,1463713.8751379931,1946569.3595647225,1425399.9299674756,1543945.3186146412,2085225.6016299117,1539720.7369895587,1660247.2950893266,2138702.6804388845,2024551.183843376,2906630.0328661194,2056208.4883862396,1730300.7967743208
2112903.689619607,1831529.9683972434,2338472.5236548395,1874013.5646241235,2391535.3946637465,2172572.266007749,2382474.6375517775,2751563.2960429597,2541557.7280367278,2744663.3713153074,1858477.1510227858,2134286.8307125787,2105778.390420353,1463713.8751379931,1946569.3595647225,1425399.9299674756,1543945.3186146412,2085225.6016299117,1539720.7369895587,1660247.2950893266,2138702.6804388845,2024551.183843376,2906630.0328661194,2056208.4883862396,1730300.7967743208
2112903.689619607,1831529.9683972434,2338472.5236548395,1874013.5646241235,2391535.3946637465,2172572.266007749,2382474.6375517775,2751563.2960429597,2541557.7280367278,2744663.3713153074,1858477.1510227858,2134286.8307125787,2105778.390420353,1463713.8751379931,1946569.3595647225,1425399.9299674756,1543945.3186146412,2085225.6016299117,1539720.7369895587,1660247.2950893266,2138702.6804388845,2024551.183843376,2906630.0328661194,2056208.4883862396,1730300.7967743208
2112903.689619607,1831529.9683972434,2338472.5236548395,1874013.5646241235,2391535.3946637465,2172572.266007749,2382474.6375517775,2751563.2960429597,2541557.7280367278,2744663.3713153074,1858477.1510227858,2134286.8307125787,2105778.390420353,1463713.8751379931,1946569.3595647225,1425399.9299674756,1543945.3186146412,2085225.6016299117,1539720.7369895587,1660247.2950893266,2138702.6804388845,2024551.183843376,2906630.0328661194,2056208.4883862396,1730300.7967743208
2112903.689619607,1831529.9683972434,2338472.5236548395,1874013.5646241235,2391535.3946637465,2172572.266007749,2382474.6375517775,2751563.2960429597,2541557.7280367278,2744663.3713153074,1858477.1510227858,2134286.8307125787,2105778.390420353,1463713.8751379931,1946569.3595647225,1425399.9299674756,1543945.3186146412,2085225.6016299117,1539720.7369895587,1660247.2950893266,2138702.6804388845,2024551.183843376,2906630.0328661194,2056208.4883862396,1730300.7967743208
2112903.689619607,1831529.9683972434,2338472.5236548395,1874013.5646241235,2391535.3946637465,2172572.266007749,2382474.6375517775,2751563.2960429597,2541557.7280367278,2744663.3713153074,1858477.1510227858,2134286.8307125787,2105778.390420353,1463713.8751379931,1946569.3595647225,1425399.9299674756,1543945.3186146412,2085225.6016299117,1539720.7369895587,1660247.2950893266,2138702.6804388845,2024551.183843376,2906630.0328661194,2056208.4883862396,1730300.7967743208
2112903.689619607,1831529.9683972434,2338472.5236548395,1874013.5646241235,2391535.3946637465,2172572.266007749,2382474.6375517775,2751563.2960429597,2541557.7280367278,2744663.3713153074,1858477.1510227858,2134286.8307125787,2105778.390420353,1463713.8751379931,1946569.3595647225,1425399.9299674756,1543945.3186146412,2085225.6016299117,1539720.7369895587,1660247.2950893266,2138702.6804388845,2024551.183843376,2906630.0328661194,2056208.4883862396,1730300.7967743208
2112903.689619607,1831529.9683972434,2338472.5236548395,1874013.5646241235,2391535.3946637465,2172572.266007749,2382474.6375517775,2751563.2960429597,2541557.7280367278,2744663.3713153074,1858477.1510227858,2134286.8307125787,2105778.390420353,1463713.8751379931,1946569.3595647225,1425399.9299674756,1543945.3186146412,2085225.6016299117,1539720.7369895587,1660247.2950893266,2138702.6804388845,2024551.183843376,2906630.0328661194,2056208.4883862396,1730300.7967743208
2112903.689619607,1831529.9683972434,2338472.5236548395,1874013.5646241235,2391535.3946637465,2172572.266007749,2382474.6375517775,2751563.2960429597,2541557.7280367278,2744663.3713153074,1858477.1510227858,2134286.8307125787,2105778.390420353,1463713.8751379931,1946569.3595647225,1425399.9299674756,1543945.3186146412,2085225.6016299117,1539720.7369895587,1660247.2950893266,2138702.6804388845,2024551.183843376,2906630.0328661194,2056208.4883862396,1730300.7967743208
2112903.689619607,1831529.9683972434,2338472.5236548395,1874013.5646241235,2391535.3946637465,2172572.266007749,2382474.6375517775,2751563.2960429597,2541557.7280367278,2744663.3713153074,1858477.1510227858,2134286.8307125787,2105778.390420353,1463713.8751379931,1946569.3595647225,1425399.9299674756,1543945.3186146412,2085225.6016299117,1539720.7369895587,1660247.2950893266,2138702.6804388845,2024551.183843376,2906630.0328661194,2056208.4883862396,1730300.7967743208
2112903.689619607,1831529.9683972434,2338472.5236548395,1874013.5646241235,2391535.3946637465,2172572.266007749,2382474.6375517775,2751563.2960429597,2541557.7280367278,2744663.3713153074,1858477.1510227858,2134286.8307125787,2105778.390420353,1463713.8751379931,1946569.3595647225,1425399.9299674756,1543945.3186146412,2085225.6016299117,1539720.7369895587,1660247.2950893266,2138702.6804388845,2024551.183843376,2906630.0328661194,2056208.4883862396,1730300.7967743208
2112903.689619607,1831529.9683972434,2338472.5236548395,1874013.5646241235,2391535.3946637465,2172572.266007749,2382474.6375517775,2751563.2960429597,2541557.7280367278,2744663.3713153074,1858477.1510227858,2134286.8307125787,2105778.390420353,1463713.8751379931,1946569.3595647225,1425399.9299674756,1543945.3186146412,2085225.6016299117,1539720.7369895587,1660247.2950893266,2138702.6804388845,2024551.183843376,2906630.0328661194,2056208.4883862396,1730300.7967743208
2112903.689619607,1831529.9683972434,2338472.5236548395,1874013.5646241235,2391535.3946637465,2172572.266007749,2382474.6375517775,2751563.2960429597,2541557.7280367278,2744663.3713153074,1858477.1510227858,2134286.8307125787,2105778.390420353,1463713.8751379931,1946569.3595647225,1425399.9299674756,1543945.3186146412,2085225.6016299117,1539720.7369895587,1660247.2950893266,2138702.6804388845,2024551.183843376,2906630.0328661194,2056208.4883862396,1730300.7967743208
2112903.689619607,1831529.9683972434,2338472.5236548395,1874013.5646241235,2391535.3946637465,2172572.266007749,2382474.6375517775,2751563.2960429597,2541557.7280367278,2744663.3713153074,1858477.1510227858,2134286.8307125787,2105778.390420353,1463713.8751379931,1946569.3595647225,1425399.9299674756,1543945.3186146412,2085225.6016299117,1539720.7369895587,1660247.2950893266,2138702.6804388845,2024551.183843376,2906630.0328661194,2056208.4883862396,1730300.7967743208
2112903.689619607,1831529.9683972434,2338472.5236548395,1874013.5646241235,2391535.3946637465,2172572.266007749,2382474.6375517775,2751563.2960429597,2541557.7280367278,2744663.3713153074,1858477.1510227858,2134286.8307125787,2105778.390420353,1463713.8751379931,1946569.3595647225,1425399.9299674756,1543945.3186146412,2085225.6016299117,1539720.7369895587,1660247.2950893266,2138702.6804388845,2024551.183843376,2906630.0328661194,2056208.4883862396,1730300.7967743208
2112903.689619607,1831529.9683972434,2338472.5236548395,1874013.5646241235,2391535.3946637465,2172572.266007749,2382474.6375517775,2751563.2960429597,2541557.7280367278,2744663.3713153074,1858477.1510227858,2134286.8307125787,2105778.390420353,1463713.8751379931,1946569.3595647225,1425399.9299674756,1543945.3186146412,2085225.6016299117,1539720.7369895587,1660247.2950893266,2138702.6804388845,2024551.183843376,2906630.0328661194,2056208.4883862396,1730300.7967743208
2112903.689619607,1831529.9683972434,2338472.5236548395,1874013.5646241235,2391535.3946637465,2172572.266007749,2382474.6375517775,2751563.2960429597,2541557.7280367278,2744663.3713153074,1858477.1510227858,2134286.8307125787,2105778.390420353,1463713.8751379931,1946569.3595647225,1425399.9299674756,1543945.3186146412,2085225.6016299117,1539720.7369895587,1660247.2950893266,2138702.6804388845,2024551.183843376,2906630.0328661194,2056208.4883862396,1730300.7967743208
2112903.689619607,1831529.9683972434,2338472.5236548395,1874013.5646241235,2391535.3946637465,2172572.266007749,2382474.6375517775,2751563.2960429597,2541557.7280367278,2744663.3713153074,1858477.1510227858,2134286.8307125787,2105778.390420353,1463713.8751379931,1946569.3595647225,1425399.9299674756,1543945.3186146412,2085225.6016299117,1539720.7369895587,1660247.2950893266,2138702.6804388845,2024551.183843376,2906630.0328661194,2056208.4883862396,1730300.7967743208
2112903.689619607,1831529.9683972434,2338472.5236548395,1874013.5646241235,2391535.3946637465,2172572.266007749,2382474.6375517775,2751563.2960429597,2541557.7280367278,2744663.3713153074,1858477.1510227858,2134286.8307125787,2105778.390420353,1463713.8751379931,1946569.3595647225,1425399.9299674756,1543945.3186146412,2085225.6016299117,1539720.7369895587,1660247.2950893266,2138702.6804388845,2024551.183843376,2906630.0328661194,2056208.4883862396,1730300.7967743208
2112903.689619607,1831529.9683972434,2338472.5236548395,1874013.5646241235,2391535.3946637465,2172572.266007749,2382474.6375517775,2751563.2960429597,2541557.7280367278,2744663.3713153074,1858477.1510227858,2134286.8307125787,2105778.390420353,1463713.8751379931,1946569.3595647225,1425399.9299674756,1543945.3186146412,2085225.6016299117,1539720.7369895587,1660247.2950893266,2138702.6804388845,2024551.183843376,2906630.0328661194,2056208.4883862396,1730300.7967743208
2112903.689619607,1831529.9683972434,2338472.5236548395,1874013.5646241235,2391535.3946637465,2172572.266007749,2382474.6375517775,2751563.2960429597,2541557.7280367278,2744663.3713153074,1858477.1510227858,2134286.8307125787,2105778.390420353,1463713.8751379931,1946569.3595647225,1425399.9299674756,1543945.3186146412,2085225.6016299117,1539720.7369895587,1660247.2950893266,2138702.6804388845,2024551.183843376,2906630.0328661194,2056208.4883862396,1730300.7967743208
2112903.689619607,1831529.9683972434,2338472.5236548395,1874013.5646241235,2391535.3946637465,2172572.266007749,2382474.6375517775,2751563.2960429597,2541557.7280367278,2744663.3713153074,1858477.1510227858,2134286.8307125787,2105778.390420353,1463713.8751379931,1946569.3595647225,1425399.9299674756,1543945.3186146412,2085225.6016299117,1539720.7369895587,1660247.2950893266,2138702.6804388845,2024551.183843376,2906630.0328661194,2056208.4883862396,1730300.7967743208
2112903.689619607,1831529.9683972434,2338472.5236548395,1874013.5646241235,2391535.3946637465,2172572.266007749,2382474.6375517775,2751563.2960429597,2541557.7280367278,2744663.3713153074,1858477.1510227858,2134286.8307125787,2105778.390420353,1463713.8751379931,1946569.3595647225,1425399.9299674756,1543945.3186146412,2085225.6016299117,1539720.7369895587,1660247.2950893266,2138702.6804388845,2024551.183843376,2906630.0328661194,2056208.4883862396,1730300.7967743208
2112903.689619607,1831529.9683972434,2338472.5236548395,1874013.5646241235,2391535.3946637465,2172572.266007749,2382474.6375517775,2751563.2960429597,2541557.7280367278,2744663.3713153074,1858477.1510227858,2134286.8307125787,2105778.390420353,1463713.8751379931,1946569.3595647225,1425399.9299674756,1543945.3186146412,2085225.6016299117,1539720.7369895587,1660247.2950893266,2138702.6804388845,2024551.183843376,2906630.0328661194,2056208.4883862396,1730300.7967743208
2112903.689619607,1831529.9683972434,2338472.5236548395,1874013.5646241235,2391535.3946637465,2172572.266007749,2382474.6375517775,2751563.2960429597,2541557.7280367278,2744663.3713153074,1858477.1510227858,2134286.8307125787,2105778.390420353,1463713.8751379931,1946569.3595647225,1425399.9299674756,1543945.3186146412,2085225.6016299117,1539720.7369895587,1660247.2950893266,2138702.6804388845,2024551.183843376,2906630.0328661194,2056208.4883862396,1730300.7967743208
2112903.689619607,1831529.9683972434,2338472.5236548395,1874013.5646241235,2391535.3946637465,2172572.266007749,2382474.6375517775,2751563.2960429597,2541557.7280367278,2744663.3713153074,1858477.1510227858,2134286.8307125787,2105778.390420353,1463713.8751379931,1946569.3595647225,1425399.9299674756,1543945.3186146412,2085225.6016299117,1539720.7369895587,1660247.2950893266,2138702.6804388845,2024551.183843376,2906630.0328661194,2056208.4883862396,1730300.7967743208
2112903.689619607,1831529.9683972434,2338472.5236548395,1874013.5646241235,2391535.3946637465,2172572.266007749,2382474.6375517775,2751563.2960429597,2541557.7280367278,2744663.3713153074,1858477.1510227858,2134286.8307125787,2105778.390420353,1463713.8751379931,1946569.3595647225,1425399.9299674756,1543945.3186146412,2085225.6016299117,1539720.7369895587,1660247.2950893266,2138702.6804388845,2024551.183843376,2906630.0328661194,2056208.4883862396,1730300.7967743208
2112903.689619607,1831529.9683972434,2338472.5236548395,1874013.5646241235,2391535.3946637465,2172572.266007749,2382474.6375517775,2751563.2960429597,2541557.7280367278,2744663.3713153074,1858477.1510227858,2134286.8307125787,2105778.390420353,1463713.8751379931,1946569.3595647225,1425399.9299674756,1543945.3186146412,2085225.6016299117,1539720.7369895587,1660247.2950893266,2138702.6804388845,2024551.183843376,2906630.0328661194,2056208.4883862396,1730300.7967743208
2112903.689619607,1831529.9683972434,2338472.5236548395,1874013.5646241235,2391535.3946637465,2172572.266007749,2382474.6375517775,2751563.2960429597,2541557.7280367278,2744663.3713153074,1858477.1510227858,2134286.8307125787,2105778.390420353,1463713.8751379931,1946569.3595647225,1425399.9299674756,1543945.3186146412,2085225.6016299117,1539720.7369895587,1660247.2950893266,2138702.6804388845,2024551.183843376,2906630.0328661194,2056208.4883862396,1730300.7967743208
2112903.689619607,1831529.9683972434,2338472.5236548395,1874013.5646241235,2391535.3946637465,2172572.266007749,2382474.6375517775,2751563.2960429597,2541557.7280367278,2744663.3713153074,1858477.1510227858,2134286.8307125787,2105778.390420353,1463713.8751379931,1946569.3595647225,1425399.9299674756,1543945.3186146412,2085225.6016299117,1539720.7369895587,1660247.2950893266,2138702.6804388845,2024551.183843376,2906630.0328661194,2056208.4883862396,1730300.7967743208
2112903.689619607,1831529.9683972434,2338472.5236548395,1874013.5646241235,2391535.3946637465,2172572.266007749,2382474.6375517775,2751563.2960429597,2541557.7280367278,2744663.3713153074,1858477.1510227858,2134286.8307125787,2105778.390420353,1463713.8751379931,1946569.3595647225,1425399.9299674756,1543945.3186146412,2085225.6016299117,1539720.7369895587,1660247.2950893266,2138702.6804388845,2024551.183843376,2906630.0328661194,2056208.4883862396,1730300.7967743208
2112903.689619607,1831529.9683972434,2338472.5236548395,1874013.5646241235,2391535.3946637465,2172572.266007749,2382474.6375517775,2751563.2960429597,2541557.7280367278,2744663.3713153074,1858477.1510227858,2134286.8307125787,2105778.390420353,1463713.8751379931,1946569.3595647225,1425399.9299674756,1543945.3186146412,2085225.6016299117,1539720.7369895587,1660247.2950893266,2138702.6804388845,2024551.183843376,2906630.0328661194,2056208.4883862396,1730300.7967743208
2112903.689619607,1831529.9683972434,2338472.5236548395,1874013.5646241235,2391535.3946637465,2172572.266007749,2382474.6375517775,2751563.2960429597,2541557.7280367278,2744663.3713153074,1858477.1510227858,2134286.8307125787,2105778.390420353,1463713.8751379931,1946569.3595647225,1425399.9299674756,1543945.3186146412,2085225.6016299117,1539720.7369895587,1660247.2950893266,2138702.6804388845,2024551.183843376,2906630.0328661194,2056208.4883862396,1730300.7967743208
2112903.689619607,1831529.9683972434,2338472.5236548395,1874013.5646241235,2391535.3946637465,2172572.266007749,2382474.6375517775,2751563.2960429597,2541557.7280367278,2744663.3713153074,1858477.1510227858,2134286.8307125787,2105778.390420353,1463713.8751379931,1946569.3595647225,1425399.9299674756,1543945.3186146412,2085225.6016299117,1539720.7369895587,1660247.2950893266,2138702.6804388845,2024551.183843376,2906630.0328661194,2056208.4883862396,1730300.7967743208
2112903.689619607,1831529.9683972434,2338472.5236548395,1874013.5646241235,2391535.3946637465,2172572.266007749,2382474.6375517775,2751563.2960429597,2541557.7280367278,2744663.3713153074,1858477.1510227858,2134286.8307125787,2105778.390420353,1463713.8751379931,1946569.3595647225,1425399.9299674756,1543945.3186146412,2085225.6016299117,1539720.7369895587,1660247.2950893266,2138702.6804388845,2024551.183843376,2906630.0328661194,2056208.4883862396,1730300.7967743208
2112903.689619607,1831529.9683972434,2338472.5236548395,1874013.5646241235,2391535.3946637465,2172572.266007749,2382474.6375517775,2687519.736615703,2541557.7280367278,2744663.3713153074,1858477.1510227858,2134286.8307125787,2105778.390420353,1463713.8751379931,1946569.3595647225,1425399.9299674756,1543945.3186146412,2085225.6016299117,1539720.7369895587,1660247.2950893266,2138702.6804388845,2024551.183843376,2906630.0328661194,2056208.4883862396,1730300.7967743208
2112903.689619607,1831529.9683972434,2338472.5236548395,1874013.5646241235,2391535.3946637465,2172572.266007749,2382474.6375517775,2687519.736615703,2541557.7280367278,2744663.3713153074,1858477.1510227858,2134286.8307125787,2105778.390420353,1463713.8751379931,1946569.3595647225,1425399.9299674756,1543945.3186146412,2085225.6016299117,1539720.7369895587,1660247.2950893266,2138702.6804388845,2024551.183843376,2906630.0328661194,2056208.4883862396,1730300.7967743208
2112903.689619607,1831529.9683972434,2338472.5236548395,1874013.5646241235,2391535.3946637465,2172572.266007749,2382474.6375517775,2528904.9202546575,2541557.7280367278,2744663.3713153074,1858477.1510227858,2134286.8307125787,2105778.390420353,1463713.8751379931,1946569.3595647225,1425399.9299674756,1543945.3186146412,2085225.6016299117,1539720.7369895587,1660247.2950893266,2138702.6804388845,2024551.183843376,2906630.0328661194,2056208.4883862396,1730300.7967743208
2112903.689619607,1831529.9683972434,2338472.5236548395,1874013.5646241235,2391535.3946637465,2172572.266007749,2382474.6375517775,2528904.9202546575,2541557.7280367278,2744663.3713153074,1858477.1510227858,2134286.8307125787,2105778.390420353,1463713.8751379931,1946569.3595647225,1425399.9299674756,1543945.3186146412,2085225.6016299117,1539720.7369895587,1660247.2950893266,2138702.6804388845,2024551.183843376,2906630.0328661194,2056208.4883862396,1730300.7967743208
2112903.689619607,1831529.9683972434,2338472.5236548395,1874013.5646241235,2391535.3946637465,2172572.266007749,2382474.6375517775,2528904.9202546575,2541557.7280367278,2744663.3713153074,1858477.1510227858,2134286.8307125787,2105778.390420353,1463713.8751379931,1946569.3595647225,1425399.9299674756,1543945.3186146412,2085225.6016299117,1539720.7369895587,1660247.2950893266,2138702.6804388845,2024551.183843376,2906630.0328661194,2056208.4883862396,1730300.7967743208
2112903.689619607,1831529.9683972434,2338472.5236548395,1874013.5646241235,2391535.3946637465,2172572.266007749,2382474.6375517775,2520407.2928800755,2541557.7280367278,2744663.3713153074,1858477.1510227858,2134286.8307125787,2105778.390420353,1463713.8751379931,1946569.3595647225,1425399.9299674756,1543945.3186146412,2085225.6016299117,1539720.7369895587,1660247.2950893266,2138702.6804388845,2024551.183843376,2906630.0328661194,2056208.4883862396,1730300.7967743208
2112903.689619607,1831529.9683972434,2338472.5236548395,1874013.5646241235,2391535.3946637465,2172572.266007749,2382474.6375517775,2520407.2928800755,2541557.7280367278,2744663.3713153074,1858477.1510227858,2134286.8307125787,2105778.390420353,1463713.8751379931,1946569.3595647225,1425399.9299674756,1543945.3186146412,2085225.6016299117,1539720.7369895587,1660247.2950893266,2138702.6804388845,2024551.183843376,2906630.0328661194,2056208.4883862396,1730300.7967743208
2112903.689619607,1831529.9683972434,2338472.5236548395,1874013.5646241235,2391535.3946637465,2172572.266007749,2382474.6375517775,2500281.7166440627,2541557.7280367278,2744663.3713153074,1858477.1510227858,2134286.8307125787,2105778.390420353,1463713.8751379931,1946569.3595647225,1425399.9299674756,1543945.3186146412,2085225.6016299117,1539720.7369895587,1660247.2950893266,2138702.6804388845,2024551.183843376,2906630.0328661194,2056208.4883862396,1730300.7967743208
2112903.689619607,1831529.9683972434,2338472.5236548395,1874013.5646241235,2391535.3946637465,2172572.266007749,2382474.6375517775,2500281.7166440627,2541557.7280367278,2744663.3713153074,1858477.1510227858,2134286.8307125787,2105778.390420353,1463713.8751379931,1946569.3595647225,1425399.9299674756,1543945.3186146412,2085225.6016299117,1539720.7369895587,1660247.2950893266,2138702.6804388845,2024551.183843376,2906630.0328661194,2056208.4883862396,1730300.7967743208
2112903.689619607,1831529.9683972434,2338472.5236548395,1874013.5646241235,2391535.3946637465,2172572.266007749,2382474.6375517775,2500281.7166440627,2541557.7280367278,2744663.3713153074,1858477.1510227858,2134286.8307125787,2105778.390420353,1463713.8751379931,1946569.3595647225,1425399.9299674756,1543945.3186146412,2085225.6016299117,1539720.7369895587,1660247.2950893266,2138702.6804388845,2024551.183843376,2906630.0328661194,2056208.4883862396,1730300.7967743208
2112903.689619607,1831529.9683972434,2338472.5236548395,1874013.5646241235,2391535.3946637465,2172572.266007749,2382474.6375517775,2500281.7166440627,2541557.7280367278,2744663.3713153074,1858477.1510227858,2134286.8307125787,2105778.390420353,1463713.8751379931,1946569.3595647225,1425399.9299674756,1543945.3186146412,2085225.6016299117,1539720.7369895587,1660247.2950893266,2138702.6804388845,2024551.183843376,2906630.0328661194,2056208.4883862396,1730300.7967743208
2112903.689619607,1831529.9683972434,2338472.5236548395,1874013.5646241235,2391535.3946637465,2172572.266007749,2382474.6375517775,2500281.7166440627,2541557.7280367278,2744663.3713153074,1858477.1510227858,2134286.8307125787,2105778.390420353,1463713.8751379931,1946569.3595647225,1425399.9299674756,1543945.3186146412,2085225.6016299117,1539720.7369895587,1660247.2950893266,2138702.6804388845,2024551.183843376,2906630.0328661194,2056208.4883862396,1730300.7967743208
2112903.689619607,1831529.9683972434,2338472.5236548395,1874013.5646241235,2391535.3946637465,2172572.266007749,2382474.6375517775,2500281.7166440627,2541557.7280367278,2744663.3713153074,1858477.1510227858,2134286.8307125787,2105778.390420353,1463713.8751379931,1946569.3595647225,1425399.9299674756,1543945.3186146412,2085225.6016299117,1539720.7369895587,1660247.2950893266,2138702.6804388845,2024551.183843376,2906630.0328661194,2056208.4883862396,1730300.7967743208
2112903.689619607,1831529.9683972434,2338472.5236548395,1874013.5646241235,2391535.3946637465,2172572.266007749,2382474.6375517775,2500281.7166440627,2541557.7280367278,2744663.3713153074,1858477.1510227858,2134286.8307125787,2105778.390420353,1463713.8751379931,1946569.3595647225,1425399.9299674756,1543945.3186146412,2085225.6016299117,1539720.7369895587,1660247.2950893266,2138702.6804388845,2024551.183843376,2906630.0328661194,2056208.4883862396,1730300.7967743208
2112903.689619607,1831529.9683972434,2338472.5236548395,1874013.5646241235,2391535.3946637465,2172572.266007749,2382474.6375517775,2500281.7166440627,2541557.7280367278,2744663.3713153074,1858477.1510227858,2134286.8307125787,2105778.390420353,1463713.8751379931,1946569.3595647225,1425399.9299674756,1543945.3186146412,2085225.6016299117,1539720.7369895587,1660247.2950893266,2138702.6804388845,2024551.183843376,2906630.0328661194,2056208.4883862396,1730300.7967743208
2112903.689619607,1831529.9683972434,2338472.5236548395,1874013.5646241235,2391535.3946637465,2172572.266007749,2382474.6375517775,2500281.7166440627,2541557.7280367278,2744663.3713153074,1858477.1510227858,2134286.8307125787,2105778.390420353,1463713.8751379931,1946569.3595647225,1425399.9299674756,1543945.3186146412,2085225.6016299117,1539720.7369895587,1660247.2950893266,2138702.6804388845,2024551.183843376,2906630.0328661194,2056208.4883862396,1730300.7967743208
2112903.689619607,1831529.9683972434,2338472.5236548395,1874013.5646241235,2391535.3946637465,2172572.266007749,2382474.6375517775,2500281.7166440627,2541557.7280367278,2744663.3713153074,1858477.1510227858,2134286.8307125787,2105778.390420353,1463713.8751379931,1946569.3595647225,1425399.9299674756,1543945.3186146412,2085225.6016299117,1539720.7369895587,1660247.2950893266,2138702.6804388845,2024551.183843376,2906630.0328661194,2056208.4883862396,1730300.7967743208
2112903.689619607,1831529.9683972434,2338472.5236548395,1874013.5646241235,2391535.3946637465,2172572.266007749,2382474.6375517775,2500281.7166440627,2541557.7280367278,2744663.3713153074,1858477.1510227858,2134286.8307125787,2105778.390420353,1463713.8751379931,1946569.3595647225,1425399.9299674756,1543945.3186146412,2085225.6016299117,1539720.7369895587,1660247.2950893266,2138702.6804388845,2024551.183843376,2906630.0328661194,2056208.4883862396,1730300.7967743208
2112903.689619607,1831529.9683972434,2338472.5236548395,1874013.5646241235,2391535.3946637465,2172572.266007749,2382474.6375517775,2500281.7166440627,2541557.7280367278,2744663.3713153074,1858477.1510227858,2134286.8307125787,2105778.390420353,1463713.8751379931,1946569.3595647225,1425399.9299674756,1543945.3186146412,2085225.6016299117,1539720.7369895587,1660247.2950893266,2138702.6804388845,2024551.183843376,2906630.0328661194,2056208.4883862396,1730300.7967743208
2112903.689619607,1831529.9683972434,2338472.5236548395,1874013.5646241235,2391535.3946637465,2172572.266007749,2382474.6375517775,2500281.7166440627,2541557.7280367278,2744663.3713153074,1858477.1510227858,2134286.8307125787,2105778.390420353,1463713.8751379931,1946569.3595647225,1425399.9299674756,1543945.3186146412,2085225.6016299117,1539720.7369895587,1660247.2950893266,2138702.6804388845,2024551.183843376,2906630.0328661194,2056208.4883862396,1730300.7967743208
2112903.689619607,1831529.9683972434,2338472.5236548395,1874013.5646241235,2391535.3946637465,2172572.266007749,2382474.6375517775,2428436.861082737,2541557.7280367278,2744663.3713153074,1858477.1510227858,2134286.8307125787,2105778.390420353,1463713.8751379931,1946569.3595647225,1425399.9299674756,1543945.3186146412,2085225.6016299117,1539720.7369895587,1660247.2950893266,2138702.6804388845,2024551.183843376,2906630.0328661194,2056208.4883862396,1730300.7967743208
2112903.689619607,1831529.9683972434,2338472.5236548395,1874013.5646241235,2391535.3946637465,2172572.266007749,2382474.6375517775,2428436.861082737,2541557.7280367278,2744663.3713153074,1858477.1510227858,2134286.8307125787,2105778.390420353,1463713.8751379931,1946569.3595647225,1425399.9299674756,1543945.3186146412,2085225.6016299117,1539720.7369895587,1660247.2950893266,2138702.6804388845,2024551.183843376,2906630.0328661194,2056208.4883862396,1730300.7967743208
2112903.689619607,1831529.9683972434,2338472.5236548395,1874013.5646241235,2391535.3946637465,2172572.266007749,2382474.6375517775,2428436.861082737,2541557.7280367278,2744663.3713153074,1858477.1510227858,2134286.8307125787,2105778.390420353,1463713.8751379931,1946569.3595647225,1425399.9299674756,1543945.3186146412,2085225.6016299117,1539720.7369895587,1660247.2950893266,2138702.6804388845,2024551.183843376,2906630.0328661194,2056208.4883862396,1730300.7967743208
2112903.689619607,1831529.9683972434,2338472.5236548395,1874013.5646241235,2391535.3946637465,2172572.266007749,2382474.6375517775,2428436.861082737,2541557.7280367278,2744663.3713153074,1858477.1510227858,2134286.8307125787,2105778.390420353,1463713.8751379931,1946569.3595647225,1425399.9299674756,1543945.3186146412,2085225.6016299117,1539720.7369895587,1660247.2950893266,2138702.6804388845,2024551.183843376,2906630.0328661194,2056208.4883862396,1730300.7967743208
2112903.689619607,1831529.9683972434,2338472.5236548395,1874013.5646241235,2391535.3946637465,2172572.266007749,2382474.6375517775,2428436.861082737,2541557.7280367278,2744663.3713153074,1858477.1510227858,2134286.8307125787,2105778.390420353,1463713.8751379931,1946569.3595647225,1425399.9299674756,1543945.3186146412,2085225.6016299117,1539720.7369895587,1660247.2950893266,2138702.6804388845,2024551.183843376,2906630.0328661194,2056208.4883862396,1730300.7967743208
2112903.689619607,1831529.9683972434,2338472.5236548395,1874013.5646241235,2391535.3946637465,2172572.266007749,2382474.6375517775,2428436.861082737,2541557.7280367278,2744663.3713153074,1858477.1510227858,2134286.8307125787,2105778.390420353,1463713.8751379931,1946569.3595647225,1425399.9299674756,1543945.3186146412,2085225.6016299117,1539720.7369895587,1660247.2950893266,2138702.6804388845,2024551.183843376,2906630.0328661194,2056208.4883862396,1730300.7967743208
2112903.689619607,1831529.9683972434,2338472.5236548395,1874013.5646241235,2391535.3946637465,2172572.266007749,2382474.6375517775,2428436.861082737,2541557.7280367278,2744663.3713153074,1858477.1510227858,2134286.8307125787,2105778.390420353,1463713.8751379931,1946569.3595647225,1425399.9299674756,1543945.3186146412,2085225.6016299117,1539720.7369895587,1660247.2950893266,2138702.6804388845,2024551.183843376,2906630.0328661194,2056208.4883862396,1730300.7967743208
2112903.689619607,1831529.9683972434,2338472.5236548395,1874013.5646241235,2391535.3946637465,2172572.266007749,2382474.6375517775,2428436.861082737,2541557.7280367278,2744663.3713153074,1858477.1510227858,2134286.8307125787,2105778.390420353,1463713.8751379931,1946569.3595647225,1425399.9299674756,1543945.3186146412,2085225.6016299117,1539720.7369895587,1660247.2950893266,2138702.6804388845,2024551.183843376,2906630.0328661194,2056208.4883862396,1730300.7967743208
2112903.689619607,1831529.9683972434,2338472.5236548395,1874013.5646241235,2391535.3946637465,2172572.266007749,2382474.6375517775,2428436.861082737,2541557.7280367278,2744663.3713153074,1858477.1510227858,2134286.8307125787,2105778.390420353,1463713.8751379931,1946569.3595647225,1425399.9299674756,1543945.3186146412,2085225.6016299117,1539720.7369895587,1660247.2950893266,2138702.6804388845,2024551.183843376,2906630.0328661194,2056208.4883862396,1730300.7967743208
2112903.689619607,1831529.9683972434,2338472.5236548395,1874013.5646241235,2391535.3946637465,2172572.266007749,2382474.6375517775,2428436.861082737,2541557.7280367278,2744663.3713153074,1858477.1510227858,2134286.8307125787,2105778.390420353,1463713.8751379931,1946569.3595647225,1425399.9299674756,1543945.3186146412,2085225.6016299117,1539720.7369895587,1660247.2950893266,2138702.6804388845,2024551.183843376,2906630.0328661194,2056208.4883862396,1730300.7967743208
2112903.689619607,1831529.9683972434,2338472.5236548395,1874013.5646241235,2391535.3946637465,2172572.266007749,2382474.6375517775,2428436.861082737,2541557.7280367278,2744663.3713153074,1858477.1510227858,2134286.8307125787,2105778.390420353,1463713.8751379931,1946569.3595647225,1425399.9299674756,1543945.3186146412,2085225.6016299117,1539720.7369895587,1660247.2950893266,2138702.6804388845,2024551.183843376,2906630.0328661194,2056208.4883862396,1730300.7967743208
2112903.689619607,1831529.9683972434,2338472.5236548395,1874013.5646241235,2391535.3946637465,2172572.266007749,2382474.6375517775,2428436.861082737,2541557.7280367278,2744663.3713153074,1858477.1510227858,2134286.8307125787,2105778.390420353,1463713.8751379931,1946569.3595647225,1425399.9299674756,1543945.3186146412,2085225.6016299117,1539720.7369895587,1660247.2950893266,2138702.6804388845,2024551.183843376,2906630.0328661194,2056208.4883862396,1730300.7967743208
2112903.689619607,1831529.9683972434,2338472.5236548395,1874013.5646241235,2391535.3946637465,2172572.266007749,2382474.6375517775,2428436.861082737,2541557.7280367278,2744663.3713153074,1858477.1510227858,2134286.8307125787,2105778.390420353,1463713.8751379931,1946569.3595647225,1425399.9299674756,1543945.3186146412,2085225.6016299117,1539720.7369895587,1660247.2950893266,2138702.6804388845,2024551.183843376,2906630.0328661194,2056208.4883862396,1730300.7967743208
2112903.689619607,1831529.9683972434,2338472.5236548395,1874013.5646241235,2391535.3946637465,2172572.266007749,2382474.6375517775,2428436.861082737,2541557.7280367278,2744663.3713153074,1858477.1510227858,2134286.8307125787,2105778.390420353,1463713.8751379931,1946569.3595647225,1425399.9299674756,1543945.3186146412,2085225.6016299117,1539720.7369895587,1660247.2950893266,2138702.6804388845,2024551.183843376,2906630.0328661194,2056208.4883862396,1730300.7967743208
2112903.689619607,1831529.9683972434,2338472.5236548395,1874013.5646241235,2391535.3946637465,2172572.266007749,2382474.6375517775,2428436.861082737,2541557.7280367278,2744663.3713153074,1858477.1510227858,2134286.8307125787,2105778.390420353,1463713.8751379931,1946569.3595647225,1425399.9299674756,1543945.3186146412,2085225.6016299117,1539720.7369895587,1660247.2950893266,2138702.6804388845,2024551.183843376,2906630.0328661194,2056208.4883862396,1730300.7967743208
2112903.689619607,1831529.9683972434,2338472.5236548395,1874013.5646241235,2391535.3946637465,2172572.266007749,2382474.6375517775,2428436.861082737,2541557.7280367278,2744663.3713153074,1858477.1510227858,2134286.8307125787,2105778.390420353,1463713.8751379931,1946569.3595647225,1425399.9299674756,1543945.3186146412,2085225.6016299117,1539720.7369895587,1660247.2950893266,2138702.6804388845,2024551.183843376,2906630.0328661194,2056208.4883862396,1730300.7967743208
2112903.689619607,1831529.9683972434,2338472.5236548395,1874013.5646241235,2391535.3946637465,2172572.266007749,2382474.6375517775,2428436.861082737,2541557.7280367278,2744663.3713153074,1858477.1510227858,2134286.8307125787,2105778.390420353,1463713.8751379931,1946569.3595647225,1425399.9299674756,1543945.3186146412,2085225.6016299117,1539720.7369895587,1660247.2950893266,2138702.6804388845,2024551.183843376,2906630.0328661194,2056208.4883862396,1730300.7967743208
2112903.689619607,1831529.9683972434,2338472.5236548395,1874013.5646241235,2391535.3946637465,2172572.266007749,2382474.6375517775,2428436.861082737,2541557.7280367278,2744663.3713153074,1858477.1510227858,2134286.8307125787,2105778.390420353,1463713.8751379931,1946569.3595647225,1425399.9299674756,1543945.3186146412,2085225.6016299117,1539720.7369895587,1660247.2950893266,2138702.6804388845,2024551.183843376,2906630.0328661194,2056208.4883862396,1730300.7967743208
2112903.689619607,1831529.9683972434,2338472.5236548395,1874013.5646241235,2391535.3946637465,2172572.266007749,2382474.6375517775,2428436.861082737,2541557.7280367278,2744663.3713153074,1858477.1510227858,2134286.8307125787,2105778.390420353,1463713.8751379931,1946569.3595647225,1425399.9299674756,1543945.3186146412,2085225.6016299117,1539720.7369895587,1660247.2950893266,2138702.6804388845,2024551.183843376,2906630.0328661194,2056208.4883862396,1730300.7967743208
2112903.689619607,1831529.9683972434,2338472.5236548395,1874013.5646241235,2391535.3946637465,2172572.266007749,2382474.6375517775,2428436.861082737,2541557.7280367278,2744663.3713153074,1858477.1510227858,2134286.8307125787,2105778.390420353,1463713.8751379931,1946569.3595647225,1425399.9299674756,1543945.3186146412,2085225.6016299117,1539720.7369895587,1660247.2950893266,2138702.6804388845,2024551.183843376,2906630.0328661194,2056208.4883862396,1730300.7967743208
2112903.689619607,1831529.9683972434,2338472.5236548395,1874013.5646241235,2391535.3946637465,2172572.266007749,2382474.6375517775,2428436.861082737,2541557.7280367278,2744663.3713153074,1858477.1510227858,2134286.8307125787,2105778.390420353,1463713.8751379931,1946569.3595647225,1425399.9299674756,1543945.3186146412,2085225.6016299117,1539720.7369895587,1660247.2950893266,2138702.6804388845,2024551.183843376,2906630.0328661194,2056208.4883862396,1730300.7967743208
2112903.689619607,1831529.9683972434,2338472.5236548395,1874013.5646241235,2391535.3946637465,2172572.266007749,2382474.6375517775,2428436.861082737,2541557.7280367278,2744663.3713153074,1858477.1510227858,2134286.8307125787,2105778.390420353,1463713.8751379931,1946569.3595647225,1425399.9299674756,1543945.3186146412,2085225.6016299117,1539720.7369895587,1660247.2950893266,2138702.6804388845,2024551.183843376,2906630.0328661194,2056208.4883862396,1730300.7967743208
2112903.689619607,1831529.9683972434,2338472.5236548395,1874013.5646241235,2391535.3946637465,2172572.266007749,2382474.6375517775,2428436.861082737,2541557.7280367278,2744663.3713153074,1858477.1510227858,2134286.8307125787,2105778.390420353,1463713.8751379931,1946569.3595647225,1425399.9299674756,1543945.3186146412,2085225.6016299117,1539720.7369895587,1660247.2950893266,2138702.6804388845,2024551.183843376,2906630.0328661194,2056208.4883862396,1730300.7967743208
2112903.689619607,1831529.9683972434,2338472.5236548395,1874013.5646241235,2391535.3946637465,2172572.266007749,2382474.6375517775,2428436.861082737,2541557.7280367278,2744663.3713153074,1858477.1510227858,2134286.8307125787,2105778.390420353,1463713.8751379931,1946569.3595647225,1425399.9299674756,1543945.3186146412,2085225.6016299117,1539720.7369895587,1660247.2950893266,2138702.6804388845,2024551.183843376,2906630.0328661194,2056208.4883862396,1730300.7967743208
2112903.689619607,1831529.9683972434,2338472.5236548395,1874013.5646241235,2391535.3946637465,2172572.266007749,2382474.6375517775,2428436.861082737,2541557.7280367278,2744663.3713153074,1858477.1510227858,2134286.8307125787,2105778.390420353,1463713.8751379931,1946569.3595647225,1425399.9299674756,1543945.3186146412,2085225.6016299117,1539720.7369895587,1660247.2950893266,2138702.6804388845,2024551.183843376,2906630.0328661194,2056208.4883862396,1730300.7967743208
2112903.689619607,1831529.9683972434,2338472.5236548395,1874013.5646241235,2391535.3946637465,2172572.266007749,2382474.6375517775,2428436.861082737,2541557.7280367278,2744663.3713153074,1858477.1510227858,2134286.8307125787,2105778.390420353,1463713.8751379931,1946569.3595647225,1425399.9299674756,1543945.3186146412,2085225.6016299117,1539720.7369895587,1660247.2950893266,2138702.6804388845,2024551.183843376,2906630.0328661194,2056208.4883862396,1730300.7967743208
2112903.689619607,1831529.9683972434,2338472.5236548395,1874013.5646241235,2391535.3946637465,2172572.266007749,2382474.6375517775,2428436.861082737,2541557.7280367278,2744663.3713153074,1858477.1510227858,2134286.8307125787,2105778.390420353,1463713.8751379931,1946569.3595647225,1425399.9299674756,1543945.3186146412,2085225.6016299117,1539720.7369895587,1660247.2950893266,2138702.6804388845,2024551.183843376,2906630.0328661194,2056208.4883862396,1730300.7967743208
2112903.689619607,1831529.9683972434,2338472.5236548395,1874013.5646241235,2391535.3946637465,2172572.266007749,2382474.6375517775,2428436.861082737,2541557.7280367278,2744663.3713153074,1858477.1510227858,2134286.8307125787,2105778.390420353,1463713.8751379931,1946569.3595647225,1425399.9299674756,1543945.3186146412,2085225.6016299117,1539720.7369895587,1660247.2950893266,2138702.6804388845,2024551.183843376,2906630.0328661194,2056208.4883862396,1730300.7967743208
2112903.689619607,1831529.9683972434,2338472.5236548395,1874013.5646241235,2391535.3946637465,2172572.266007749,2382474.6375517775,2428436.861082737,2541557.7280367278,2744663.3713153074,1858477.1510227858,2134286.8307125787,2105778.390420353,1463713.8751379931,1946569.3595647225,1425399.9299674756,1543945.3186146412,2085225.6016299117,1539720.7369895587,1660247.2950893266,2138702.6804388845,2023038.4401596624,2906630.0328661194,2056208.4883862396,1730300.7967743208
2112903.689619607,1831529.9683972434,2338472.5236548395,1874013.5646241235,2391535.3946637465,2172572.266007749,2382474.6375517775,2428436.861082737,2541557.7280367278,2744663.3713153074,1858477.1510227858,2134286.8307125787,2105778.390420353,1463713.8751379931,1946569.3595647225,1425399.9299674756,1543945.3186146412,2085225.6016299117,1539720.7369895587,1644927.0259747661,2138702.6804388845,2023038.4401596624,2906630.0328661194,2056208.4883862396,1730300.7967743208
2112903.689619607,1831529.9683972434,2338472.5236548395,1874013.5646241235,2391535.3946637465,2172572.266007749,2382474.6375517775,2428436.861082737,2541557.7280367278,2744663.3713153074,1858477.1510227858,2134286.8307125787,2105778.390420353,1463713.8751379931,1946569.3595647225,1425399.9299674756,1543945.3186146412,2085225.6016299117,1539720.7369895587,1644927.0259747661,2138702.6804388845,2023038.4401596624,2906630.0328661194,2056208.4883862396,1730300.7967743208
2112903.689619607,1831529.9683972434,2338472.5236548395,1874013.5646241235,2391535.3946637465,2172572.266007749,2382474.6375517775,2428436.861082737,2541557.7280367278,2744663.3713153074,1858477.1510227858,2134286.8307125787,2105778.390420353,1463713.8751379931,1946569.3595647225,1425399.9299674756,1543945.3186146412,2085225.6016299117,1539720.7369895587,1644927.0259747661,2138702.6804388845,2023038.4401596624,2906630.0328661194,2056208.4883862396,1730300.7967743208
2112903.689619607,1831529.9683972434,2338472.5236548395,1874013.5646241235,2391535.3946637465,2172572.266007749,2382474.6375517775,2428436.861082737,2541557.7280367278,2744663.3713153074,1858477.1510227858,2134286.8307125787,2105778.390420353,1463713.8751379931,1946569.3595647225,1425399.9299674756,1543945.3186146412,2085225.6016299117,1539720.7369895587,1644927.0259747661,2138702.6804388845,2023038.4401596624,2906630.0328661194,2056208.4883862396,1730300.7967743208
2112903.689619607,1831529.9683972434,2338472.5236548395,1874013.5646241235,2391535.3946637465,2172572.266007749,2382474.6375517775,2428436.861082737,2541557.7280367278,2744663.3713153074,1858477.1510227858,2134286.8307125787,2105778.390420353,1463713.8751379931,1946569.3595647225,1425399.9299674756,1543945.3186146412,2085225.6016299117,1539720.7369895587,1644927.0259747661,2138702.6804388845,2023038.4401596624,2906630.0328661194,2056208.4883862396,1730300.7967743208
2112903.689619607,1831529.9683972434,2338472.5236548395,1874013.5646241235,2391535.3946637465,2172572.266007749,2382474.6375517775,2428436.861082737,2541557.7280367278,2744663.3713153074,1858477.1510227858,2134286.8307125787,2105778.390420353,1463713.8751379931,1946569.3595647225,1425399.9299674756,1543945.3186146412,2085225.6016299117,1539720.7369895587,1644927.0259747661,2138702.6804388845,2023038.4401596624,2906630.0328661194,2056208.4883862396,1730300.7967743208
2112903.689619607,1831529.9683972434,2338472.5236548395,1874013.5646241235,2391535.3946637465,2172572.266007749,2382474.6375517775,2428436.861082737,2541557.7280367278,2744663.3713153074,1858477.1510227858,2134286.8307125787,2105778.390420353,1463713.8751379931,1946569.3595647225,1425399.9299674756,1543945.3186146412,2085225.6016299117,1539720.7369895587,1644927.0259747661,2138702.6804388845,2023038.4401596624,2906630.0328661194,2056208.4883862396,1730300.7967743208
2112903.689619607,1831529.9683972434,2338472.5236548395,1874013.5646241235,2391535.3946637465,2172572.266007749,2382474.6375517775,2428436.861082737,2541557.7280367278,2744663.3713153074,1858477.1510227858,2134286.8307125787,2105778.390420353,1463713.8751379931,1946569.3595647225,1425399.9299674756,1543945.3186146412,2085225.6016299117,1539720.7369895587,1644927.0259747661,2138702.6804388845,2023038.4401596624,2906630.0328661194,2056208.4883862396,1730300.7967743208
2112903.689619607,1831529.9683972434,2338472.5236548395,1874013.5646241235,2391535.3946637465,2172572.266007749,2382474.6375517775,2428436.861082737,2541557.7280367278,2744663.3713153074,1858477.1510227858,2134286.8307125787,2105778.390420353,1463713.8751379931,1946569.3595647225,1425399.9299674756,1543945.3186146412,2085225.6016299117,1539720.7369895587,1644927.0259747661,2138702.6804388845,2023038.4401596624,2906630.0328661194,2056208.4883862396,1730300.7967743208
2112903.689619607,1831529.9683972434,2338472.5236548395,1874013.5646241235,2391535.3946637465,2172572.266007749,2382474.6375517775,2428436.861082737,2541557.7280367278,2744663.3713153074,1858477.1510227858,2134286.8307125787,2105778.390420353,1463713.8751379931,1946569.3595647225,1425399.9299674756,1543945.3186146412,2085225.6016299117,1539720.7369895587,1644927.0259747661,2138702.6804388845,2023038.4401596624,2906630.0328661194,2056208.4883862396,1730300.7967743208
2112903.689619607,1831529.9683972434,2338472.5236548395,1874013.5646241235,2391535.3946637465,2172572.266007749,2382474.6375517775,2428436.861082737,2541557.7280367278,2744663.3713153074,1858477.1510227858,2134286.8307125787,2105778.390420353,1463713.8751379931,1946569.3595647225,1425399.9299674756,1543945.3186146412,2085225.6016299117,1539720.7369895587,1644927.0259747661,2138702.6804388845,2023038.4401596624,2906630.0328661194,2056208.4883862396,1730300.7967743208
2112903.689619607,1831529.9683972434,2338472.5236548395,1874013.5646241235,2391535.3946637465,2172572.266007749,2382474.6375517775,2428436.861082737,2541557.7280367278,2744663.3713153074,1858477.1510227858,2134286.8307125787,2105778.390420353,1463713.8751379931,1946569.3595647225,1425399.9299674756,1543945.3186146412,2085225.6016299117,1539720.7369895587,1644927.0259747661,2138702.6804388845,2023038.4401596624,2906630.0328661194,2056208.4883862396,1730300.7967743208
2112903.689619607,1831529.9683972434,2338472.5236548395,1874013.5646241235,2391535.3946637465,2172572.266007749,2382474.6375517775,2428436.861082737,2541557.7280367278,2744663.3713153074,1858477.1510227858,2134286.8307125787,2105778.390420353,1463713.8751379931,1946569.3595647225,1425399.9299674756,1543945.3186146412,2085225.6016299117,1539720.7369895587,1644927.0259747661,2138702.6804388845,2023038.4401596624,2906630.0328661194,2056208.4883862396,1730300.7967743208
2112903.689619607,1831529.9683972434,2338472.5236548395,1874013.5646241235,2391535.3946637465,2172572.266007749,2382474.6375517775,2428436.861082737,2541557.7280367278,2744663.3713153074,1858477.1510227858,2134286.8307125787,2105778.390420353,1463713.8751379931,1946569.3595647225,1425399.9299674756,1543945.3186146412,2085225.6016299117,1539720.7369895587,1644927.0259747661,2138702.6804388845,2023038.4401596624,2906630.0328661194,2056208.4883862396,1730300.7967743208
2112903.689619607,1831529.9683972434,2338472.5236548395,1874013.5646241235,2391535.3946637465,2172572.266007749,2382474.6375517775,2428436.861082737,2541557.7280367278,2744663.3713153074,1858477.1510227858,2134286.8307125787,2105778.390420353,1463713.8751379931,1946569.3595647225,1425399.9299674756,1543945.3186146412,2085225.6016299117,1539720.7369895587,1644927.0259747661,2138702.6804388845,2023038.4401596624,2906630.0328661194,2056208.4883862396,1730300.7967743208
2112903.689619607,1831529.9683972434,2338472.5236548395,1874013.5646241235,2391535.3946637465,2172572.266007749,2382474.6375517775,2428436.861082737,2541557.7280367278,2744663.3713153074,1858477.1510227858,2134286.8307125787,2105778.390420353,1463713.8751379931,1946569.3595647225,1425399.9299674756,1543945.3186146412,2085225.6016299117,1539720.7369895587,1644927.0259747661,2138702.6804388845,2023038.4401596624,2906630.0328661194,2056208.4883862396,1730300.7967743208
2112903.689619607,1831529.9683972434,2338472.5236548395,1874013.5646241235,2391535.3946637465,2172572.266007749,2382474.6375517775,2428436.861082737,2541557.7280367278,2744663.3713153074,1858477.1510227858,2134286.8307125787,2105778.390420353,1463713.8751379931,1946569.3595647225,1425399.9299674756,1543945.3186146412,2085225.6016299117,1539720.7369895587,1644927.0259747661,2138702.6804388845,2023038.4401596624,2906630.0328661194,2056208.4883862396,1730300.7967743208
2112903.689619607,1831529.9683972434,2338472.5236548395,1874013.5646241235,2391535.3946637465,2172572.266007749,2382474.6375517775,2428436.861082737,2541557.7280367278,2744663.3713153074,1858477.1510227858,2134286.8307125787,2105778.390420353,1463713.8751379931,1946569.3595647225,1425399.9299674756,1543945.3186146412,2085225.6016299117,1539720.7369895587,1644927.0259747661,2138702.6804388845,2023038.4401596624,2906630.0328661194,2056208.4883862396,1730300.7967743208
2112903.689619607,1831529.9683972434,2338472.5236548395,1874013.5646241235,2391535.3946637465,2172572.266007749,2382474.6375517775,2428436.861082737,2541557.7280367278,2744663.3713153074,1858477.1510227858,2134286.8307125787,2105778.390420353,1463713.8751379931,1946569.3595647225,1425399.9299674756,1543945.3186146412,2085225.6016299117,1539720.7369895587,1644927.0259747661,2138702.6804388845,2023038.4401596624,2906630.0328661194,2056208.4883862396,1730300.7967743208
2112903.689619607,1831529.9683972434,2338472.5236548395,1874013.5646241235,2391535.3946637465,2172572.266007749,2382474.6375517775,2428436.861082737,2535329.269258621,2744663.3713153074,1858477.1510227858,2134286.8307125787,2105778.390420353,1463713.8751379931,1946569.3595647225,1425399.9299674756,1543945.3186146412,2085225.6016299117,1539720.7369895587,1644927.0259747661,2138702.6804388845,2023038.4401596624,2906630.0328661194,2056208.4883862396,1730300.7967743208
2112903.689619607,1831529.9683972434,2338472.5236548395,1874013.5646241235,2391535.3946637465,2172572.266007749,2382474.6375517775,2428436.861082737,2535329.269258621,2744663.3713153074,1858477.1510227858,2134286.8307125787,2105778.390420353,1463713.8751379931,1946569.3595647225,1425399.9299674756,1543945.3186146412,2085225.6016299117,1539720.7369895587,1644927.0259747661,2138702.6804388845,2023038.4401596624,2906630.0328661194,2056208.4883862396,1730300.7967743208
2112903.689619607,1831529.9683972434,2338472.5236548395,1874013.5646241235,2391535.3946637465,2172572.266007749,2382474.6375517775,2428436.861082737,2535329.269258621,2744663.3713153074,1858477.1510227858,2134286.8307125787,2105778.390420353,1463713.8751379931,1946569.3595647225,1425399.9299674756,1543945.3186146412,2085225.6016299117,1539720.7369895587,1644927.0259747661,2138702.6804388845,2023038.4401596624,2906630.0328661194,2056208.4883862396,1730300.7967743208
2112903.689619607,1831529.9683972434,2338472.5236548395,1874013.5646241235,2391535.3946637465,2172572.266007749,2382474.6375517775,2428436.861082737,2535329.269258621,2744663.3713153074,1858477.1510227858,2134286.8307125787,2105778.390420353,1463713.8751379931,1946569.3595647225,1425399.9299674756,1543945.3186146412,2085225.6016299117,1539720.7369895587,1644927.0259747661,2138702.6804388845,2023038.4401596624,2906630.0328661194,2056208.4883862396,1730300.7967743208
2112903.689619607,1831529.9683972434,2338472.5236548395,1874013.5646241235,2391535.3946637465,2172572.266007749,2382474.6375517775,2428436.861082737,2535329.269258621,2744663.3713153074,1858477.1510227858,2134286.8307125787,2105778.390420353,1463713.8751379931,1946569.3595647225,1425399.9299674756,1543945.3186146412,2085225.6016299117,1539720.7369895587,1644927.0259747661,2138702.6804388845,2023038.4401596624,2906630.0328661194,2056208.4883862396,1730300.7967743208
2112903.689619607,1831529.9683972434,2338472.5236548395,1874013.5646241235,2391535.3946637465,2172572.266007749,2382474.6375517775,2428436.861082737,2535329.269258621,2744663.3713153074,1858477.1510227858,2134286.8307125787,2105778.390420353,1463713.8751379931,1946569.3595647225,1425399.9299674756,1543945.3186146412,2085225.6016299117,1539720.7369895587,1644927.0259747661,2138702.6804388845,2023038.4401596624,2906630.0328661194,2056208.4883862396,1730300.7967743208
2112903.689619607,1831529.9683972434,2338472.5236548395,1874013.5646241235,2391535.3946637465,2172572.266007749,2382474.6375517775,2428436.861082737,2535329.269258621,2744663.3713153074,1858477.1510227858,2134286.8307125787,2105778.390420353,1463713.8751379931,1946569.3595647225,1425399.9299674756,1543945.3186146412,2085225.6016299117,1539720.7369895587,1644927.0259747661,2138702.6804388845,2023038.4401596624,2906630.0328661194,2056208.4883862396,1730300.7967743208
2112903.689619607,1831529.9683972434,2338472.5236548395,1874013.5646241235,2391535.3946637465,2172572.266007749,2382474.6375517775,2428436.861082737,2535329.269258621,2744663.3713153074,1858477.1510227858,2134286.8307125787,2105778.390420353,1463713.8751379931,1946569.3595647225,1425399.9299674756,1543945.3186146412,2085225.6016299117,1539720.7369895587,1644927.0259747661,2138702.6804388845,2023038.4401596624,2906630.0328661194,2056208.4883862396,1730300.7967743208
2112903.689619607,1831529.9683972434,2338472.5236548395,1874013.5646241235,2391535.3946637465,2172572.266007749,2382474.6375517775,2428436.861082737,2508608.864680258,2744663.3713153074,1858477.1510227858,2134286.8307125787,2105778.390420353,1463713.8751379931,1946569.3595647225,1425399.9299674756,1543945.3186146412,2085225.6016299117,1539720.7369895587,1644927.0259747661,2138702.6804388845,2023038.4401596624,2906630.0328661194,2056208.4883862396,1730300.7967743208
2112903.689619607,1831529.9683972434,2338472.5236548395,1874013.5646241235,2391535.3946637465,2172572.266007749,2382474.6375517775,2428436.861082737,2508608.864680258,2744663.3713153074,1858477.1510227858,2134286.8307125787,2105778.390420353,1463713.8751379931,1946569.3595647225,1425399.9299674756,1543945.3186146412,2085225.6016299117,1539720.7369895587,1644927.0259747661,2138702.6804388845,2023038.4401596624,2906630.0328661194,2056208.4883862396,1730300.7967743208
2112903.689619607,1831529.9683972434,2338472.5236548395,1874013.5646241235,2391535.3946637465,2172572.266007749,2382474.6375517775,2428436.861082737,2508608.864680258,2744663.3713153074,1858477.1510227858,2134286.8307125787,2105778.390420353,1463713.8751379931,1946569.3595647225,1425399.9299674756,1543945.3186146412,2085225.6016299117,1539720.7369895587,1644927.0259747661,2138702.6804388845,2023038.4401596624,2906630.0328661194,2056208.4883862396,1730300.7967743208
2112903.689619607,1831529.9683972434,2338472.5236548395,1874013.5646241235,2391535.3946637465,2172572.266007749,2382474.6375517775,2428436.861082737,2508608.864680258,2744663.3713153074,1858477.1510227858,2134286.8307125787,2105778.390420353,1463713.8751379931,1946569.3595647225,1425399.9299674756,1543945.3186146412,2085225.6016299117,1539720.7369895587,1644927.0259747661,2138702.6804388845,2023038.4401596624,2906630.0328661194,2056208.4883862396,1730300.7967743208
2112903.689619607,1831529.9683972434,2338472.5236548395,1874013.5646241235,2391535.3946637465,2172572.266007749,2382474.6375517775,2428436.861082737,2508608.864680258,2744663.3713153074,1858477.1510227858,2134286.8307125787,2105778.390420353,1463713.8751379931,1946569.3595647225,1425399.9299674756,1543945.3186146412,2085225.6016299117,1539720.7369895587,1644927.0259747661,2138702.6804388845,2023038.4401596624,2906630.0328661194,2056208.4883862396,1730300.7967743208
2112903.689619607,1831529.9683972434,2338472.5236548395,1874013.5646241235,2391535.3946637465,2172572.266007749,2382474.6375517775,2428436.861082737,2508608.864680258,2744663.3713153074,1858477.1510227858,2134286.8307125787,2105778.390420353,1463713.8751379931,1946569.3595647225,1425399.9299674756,1543945.3186146412,2085225.6016299117,1539720.7369895587,1644927.0259747661,2138702.6804388845,2023038.4401596624,2906630.0328661194,2056208.4883862396,1730300.7967743208
2112903.689619607,1831529.9683972434,2338472.5236548395,1874013.5646241235,2391535.3946637465,2172572.266007749,2382474.6375517775,2428436.861082737,2508608.864680258,2744663.3713153074,1858477.1510227858,2134286.8307125787,2105778.390420353,1463713.8751379931,1946569.3595647225,1425399.9299674756,1543945.3186146412,2085225.6016299117,1539720.7369895587,1644927.0259747661,2138702.6804388845,2023038.4401596624,2906630.0328661194,2056208.4883862396,1730300.7967743208
2112903.689619607,1831529.9683972434,2338472.5236548395,1874013.5646241235,2391535.3946637465,2172572.266007749,2382474.6375517775,2428436.861082737,2508608.864680258,2744663.3713153074,1858477.1510227858,2134286.8307125787,2105778.390420353,1463713.8751379931,1946569.3595647225,1425399.9299674756,1543945.3186146412,2085225.6016299117,1539720.7369895587,1644927.0259747661,2138702.6804388845,2023038.4401596624,2906630.0328661194,2056208.4883862396,1730300.7967743208
2112903.689619607,1831529.9683972434,2338472.5236548395,1874013.5646241235,2391535.3946637465,2172572.266007749,2382474.6375517775,2428436.861082737,2508608.864680258,2744663.3713153074,1858477.1510227858,2134286.8307125787,2105778.390420353,1463713.8751379931,1946569.3595647225,1425399.9299674756,1543945.3186146412,2085225.6016299117,1539720.7369895587,1644927.0259747661,2138702.6804388845,2023038.4401596624,2906630.0328661194,2056208.4883862396,1730300.7967743208
2112903.689619607,1831529.9683972434,2338472.5236548395,1874013.5646241235,2391535.3946637465,2172572.266007749,2382474.6375517775,2428436.861082737,2508608.864680258,2744663.3713153074,1858477.1510227858,2134286.8307125787,2105778.390420353,1463713.8751379931,1946569.3595647225,1425399.9299674756,1543945.3186146412,2085225.6016299117,1539720.7369895587,1644927.0259747661,2138702.6804388845,2023038.4401596624,2906630.0328661194,2056208.4883862396,1730300.7967743208
2112903.689619607,1831529.9683972434,2338472.5236548395,1874013.5646241235,2391535.3946637465,2172572.266007749,2382474.6375517775,2428436.861082737,2508608.864680258,2744663.3713153074,1858477.1510227858,2134286.8307125787,2105778.390420353,1463713.8751379931,1946569.3595647225,1425399.9299674756,1543945.3186146412,2085225.6016299117,1539720.7369895587,1644927.0259747661,2138702.6804388845,2023038.4401596624,2906630.0328661194,2056208.4883862396,1730300.7967743208
2112903.689619607,1831529.9683972434,2338472.5236548395,1874013.5646241235,2391535.3946637465,2172572.266007749,2382474.6375517775,2428436.861082737,2508608.864680258,2744663.3713153074,1858477.1510227858,2134286.8307125787,2105778.390420353,1463713.8751379931,1946569.3595647225,1425399.9299674756,1543945.3186146412,2085225.6016299117,1539720.7369895587,1644927.0259747661,2138702.6804388845,2023038.4401596624,2906630.0328661194,2056208.4883862396,1730300.7967743208
2112903.689619607,1831529.9683972434,2338472.5236548395,1874013.5646241235,2391535.3946637465,2172572.266007749,2382474.6375517775,2428436.861082737,2508608.864680258,2744663.3713153074,1858477.1510227858,2134286.8307125787,2105778.390420353,1463713.8751379931,1946569.3595647225,1425399.9299674756,1543945.3186146412,2085225.6016299117,1539720.7369895587,1644927.0259747661,2138702.6804388845,2023038.4401596624,2906630.0328661194,2056208.4883862396,1730300.7967743208
2112903.689619607,1831529.9683972434,2338472.5236548395,1874013.5646241235,2391535.3946637465,2172572.266007749,2382474.6375517775,2428436.861082737,2508608.864680258,2744663.3713153074,1858477.1510227858,2134286.8307125787,2105778.390420353,1463713.8751379931,1946569.3595647225,1425399.9299674756,1543945.3186146412,2085225.6016299117,1539720.7369895587,1644927.0259747661,2138702.6804388845,2023038.4401596624,2906630.0328661194,2056208.4883862396,1730300.7967743208
2112903.689619607,1831529.9683972434,2338472.5236548395,1874013.5646241235,2391535.3946637465,2172572.266007749,2382474.6375517775,2428436.861082737,2508608.864680258,2744663.3713153074,1858477.1510227858,2134286.8307125787,2105778.390420353,1463713.8751379931,1946569.3595647225,1425399.9299674756,1543945.3186146412,2085225.6016299117,1539720.7369895587,1644927.0259747661,2138702.6804388845,2023038.4401596624,2906630.0328661194,2056208.4883862396,1730300.7967743208
2112903.689619607,1831529.9683972434,2338472.5236548395,1874013.5646241235,2391535.3946637465,2172572.266007749,2382474.6375517775,2428436.861082737,2508608.864680258,2744663.3713153074,1858477.1510227858,2134286.8307125787,2105778.390420353,1463713.8751379931,1946569.3595647225,1425399.9299674756,1543945.3186146412,2085225.6016299117,1539720.7369895587,1644927.0259747661,2138702.6804388845,2023038.4401596624,2906630.0328661194,2056208.4883862396,1730300.7967743208
2112903.689619607,1831529.9683972434,2338472.5236548395,1874013.5646241235,2391535.3946637465,2172572.266007749,2382474.6375517775,2428436.861082737,2508608.864680258,2744663.3713153074,1858477.1510227858,2134286.8307125787,2105778.390420353,1463713.8751379931,1946569.3595647225,1425399.9299674756,1543945.3186146412,2085225.6016299117,1539720.7369895587,1644927.0259747661,2138702.6804388845,2023038.4401596624,2906630.0328661194,2056208.4883862396,1730300.7967743208
2112903.689619607,1831529.9683972434,2338472.5236548395,1874013.5646241235,2391535.3946637465,2172572.266007749,2382474.6375517775,2428436.861082737,2508608.864680258,2744663.3713153074,1858477.1510227858,2134286.8307125787,2105778.390420353,1463713.8751379931,1946569.3595647225,1425399.9299674756,1543945.3186146412,2085225.6016299117,1539720.7369895587,1644927.0259747661,2138702.6804388845,2023038.4401596624,2906630.0328661194,2056208.4883862396,1730300.7967743208
2112903.689619607,1831529.9683972434,2338472.5236548395,1874013.5646241235,2391535.3946637465,2172572.266007749,2382474.6375517775,2428436.861082737,2508608.864680258,2744663.3713153074,1858477.1510227858,2134286.8307125787,2105778.390420353,1463713.8751379931,1946569.3595647225,1425399.9299674756,1543945.3186146412,2085225.6016299117,1539720.7369895587,1644927.0259747661,2138702.6804388845,2023038.4401596624,2906630.0328661194,2056208.4883862396,1730300.7967743208
2112903.689619607,1831529.9683972434,2338472.5236548395,1874013.5646241235,2391535.3946637465,2172572.266007749,2382474.6375517775,2428436.861082737,2508608.864680258,2744663.3713153074,1858477.1510227858,2134286.8307125787,2105778.390420353,1463713.8751379931,1946569.3595647225,1425399.9299674756,1543945.3186146412,2085225.6016299117,1539720.7369895587,1644927.0259747661,2138702.6804388845,2023038.4401596624,2906630.0328661194,2056208.4883862396,1730300.7967743208
2112903.689619607,1831529.9683972434,2338472.5236548395,1874013.5646241235,2391535.3946637465,2172572.266007749,2382474.6375517775,2428436.861082737,2508608.864680258,2744663.3713153074,1858477.1510227858,2134286.8307125787,2105778.390420353,1463713.8751379931,1946569.3595647225,1425399.9299674756,1543945.3186146412,2085225.6016299117,1539720.7369895587,1644927.0259747661,2138702.6804388845,2023038.4401596624,2906630.0328661194,2056208.4883862396,1730300.7967743208
2112903.689619607,1831529.9683972434,2338472.5236548395,1874013.5646241235,2391535.3946637465,2172572.266007749,2382474.6375517775,2428436.861082737,2508608.864680258,2744663.3713153074,1858477.1510227858,2134286.8307125787,2105778.390420353,1463713.8751379931,1946569.3595647225,1425399.9299674756,1543945.3186146412,2085225.6016299117,1539720.7369895587,1644927.0259747661,2138702.6804388845,2023038.4401596624,2906630.0328661194,2056208.4883862396,1730300.7967743208
2112903.689619607,1831529.9683972434,2338472.5236548395,1874013.5646241235,2391535.3946637465,2172572.266007749,2382474.6375517775,2428436.861082737,2508608.864680258,2744663.3713153074,1858477.1510227858,2134286.8307125787,2105778.390420353,1463713.8751379931,1946569.3595647225,1425399.9299674756,1543945.3186146412,2085225.6016299117,1539720.7369895587,1644927.0259747661,2138702.6804388845,2023038.4401596624,2906630.0328661194,2056208.4883862396,1730300.7967743208
2112903.689619607,1831529.9683972434,2338472.5236548395,1874013.5646241235,2391535.3946637465,2172572.266007749,2382474.6375517775,2428436.861082737,2508608.864680258,2744663.3713153074,1858477.1510227858,2134286.8307125787,2105778.390420353,1463713.8751379931,1946569.3595647225,1425399.9299674756,1543945.3186146412,2085225.6016299117,1539720.7369895587,1644927.0259747661,2138702.6804388845,2023038.4401596624,2906630.0328661194,2056208.4883862396,1730300.7967743208
2112903.689619607,1831529.9683972434,2338472.5236548395,1874013.5646241235,2391535.3946637465,2172572.266007749,2382474.6375517775,2428436.861082737,2508608.864680258,2744663.3713153074,1858477.1510227858,2134286.8307125787,2105778.390420353,1463713.8751379931,1946569.3595647225,1425399.9299674756,1543945.3186146412,2085225.6016299117,1539720.7369895587,1644927.0259747661,2138702.6804388845,2023038.4401596624,2906630.0328661194,2056208.4883862396,1730300.7967743208
2112903.689619607,1831529.9683972434,2338472.5236548395,1874013.5646241235,2391535.3946637465,2172572.266007749,2382474.6375517775,2428436.861082737,2508608.864680258,2744663.3713153074,1858477.1510227858,2134286.8307125787,2105778.390420353,1463713.8751379931,1946569.3595647225,1425399.9299674756,1543945.3186146412,2085225.6016299117,1539720.7369895587,1644927.0259747661,2138702.6804388845,2023038.4401596624,2906630.0328661194,2056208.4883862396,1730300.7967743208
2112903.689619607,1831529.9683972434,2338472.5236548395,1874013.5646241235,2391535.3946637465,2172572.266007749,2382474.6375517775,2428436.861082737,2508608.864680258,2744663.3713153074,1858477.1510227858,2134286.8307125787,2105778.390420353,1463713.8751379931,1946569.3595647225,1425399.9299674756,1543945.3186146412,2085225.6016299117,1539720.7369895587,1644927.0259747661,2138702.6804388845,2023038.4401596624,2906630.0328661194,2056208.4883862396,1730300.7967743208
2112903.689619607,1831529.9683972434,2338472.5236548395,1874013.5646241235,2391535.3946637465,2172572.266007749,2382474.6375517775,2428436.861082737,2508608.864680258,2744663.3713153074,1858477.1510227858,2134286.8307125787,2105778.390420353,1463713.8751379931,1946569.3595647225,1425399.9299674756,1543945.3186146412,2085225.6016299117,1539720.7369895587,1644927.0259747661,2138702.6804388845,2023038.4401596624,2906630.0328661194,2056208.4883862396,1730300.7967743208
2112903.689619607,1831529.9683972434,2338472.5236548395,1874013.5646241235,2391535.3946637465,2172572.266007749,2382474.6375517775,2428436.861082737,2508608.864680258,2744663.3713153074,1858477.1510227858,2134286.8307125787,2105778.390420353,1463713.8751379931,1946569.3595647225,1425399.9299674756,1543945.3186146412,2085225.6016299117,1539720.7369895587,1644927.0259747661,2138702.6804388845,2023038.4401596624,2906630.0328661194,2056208.4883862396,1730300.7967743208
2112903.689619607,1831529.9683972434,2338472.5236548395,1874013.5646241235,2391535.3946637465,2172572.266007749,2382474.6375517775,2428436.861082737,2508608.864680258,2744663.3713153074,1858477.1510227858,2134286.8307125787,2105778.390420353,1463713.8751379931,1946569.3595647225,1425399.9299674756,1543945.3186146412,2085225.6016299117,1539720.7369895587,1644927.0259747661,2138702.6804388845,2023038.4401596624,2906630.0328661194,2056208.4883862396,1730300.7967743208
2112903.689619607,1831529.9683972434,2338472.5236548395,1874013.5646241235,2391535.3946637465,2172572.266007749,2382474.6375517775,2428436.861082737,2508608.864680258,2744663.3713153074,1858477.1510227858,2134286.8307125787,2105778.390420353,1463713.8751379931,1946569.3595647225,1425399.9299674756,1543945.3186146412,2085225.6016299117,1539720.7369895587,1644927.0259747661,2138702.6804388845,2023038.4401596624,2906630.0328661194,2056208.4883862396,1730300.7967743208
2112903.689619607,1831529.9683972434,2338472.5236548395,1874013.5646241235,2391535.3946637465,2172572.266007749,2382474.6375517775,2428436.861082737,2508608.864680258,2744663.3713153074,1858477.1510227858,2134286.8307125787,2105778.390420353,1463713.8751379931,1946569.3595647225,1425399.9299674756,1543945.3186146412,2085225.6016299117,1539720.7369895587,1644927.0259747661,2138702.6804388845,2023038.4401596624,2906630.0328661194,2056208.4883862396,1730300.7967743208
2112903.689619607,1831529.9683972434,2338472.5236548395,1874013.5646241235,2391535.3946637465,2172572.266007749,2382474.6375517775,2428436.861082737,2508608.864680258,2744663.3713153074,1858477.1510227858,2134286.8307125787,2105778.390420353,1463713.8751379931,1946569.3595647225,1425399.9299674756,1543945.3186146412,2085225.6016299117,1539720.7369895587,1644927.0259747661,2138702.6804388845,2023038.4401596624,2906630.0328661194,2056208.4883862396,1730300.7967743208
2112903.689619607,1831529.9683972434,2338472.5236548395,1874013.5646241235,2391535.3946637465,2172572.266007749,2382474.6375517775,2428436.861082737,2508608.864680258,2744663.3713153074,1858477.1510227858,2134286.8307125787,2105778.390420353,1463713.8751379931,1946569.3595647225,1425399.9299674756,1543945.3186146412,2085225.6016299117,1539720.7369895587,1644927.0259747661,2138702.6804388845,2023038.4401596624,2906630.0328661194,2056208.4883862396,1730300.7967743208
2112903.689619607,1831529.9683972434,2338472.5236548395,1874013.5646241235,2391535.3946637465,2172572.266007749,2382474.6375517775,2428436.861082737,2508608.864680258,2744663.3713153074,1858477.1510227858,2134286.8307125787,2105778.390420353,1463713.8751379931,1946569.3595647225,1425399.9299674756,1543945.3186146412,2085225.6016299117,1539720.7369895587,1644927.0259747661,2138702.6804388845,2023038.4401596624,2906630.0328661194,2056208.4883862396,1730300.7967743208
2112903.689619607,1831529.9683972434,2338472.5236548395,1874013.5646241235,2391535.3946637465,2172572.266007749,2382474.6375517775,2428436.861082737,2508608.864680258,2744663.3713153074,1858477.1510227858,2134286.8307125787,2105778.390420353,1463713.8751379931,1946569.3595647225,1425399.9299674756,1543945.3186146412,2085225.6016299117,1539720.7369895587,1644927.0259747661,2138702.6804388845,2023038.4401596624,2906630.0328661194,2056208.4883862396,1730300.7967743208
2112903.689619607,1831529.9683972434,2338472.5236548395,1874013.5646241235,2391535.3946637465,2172572.266007749,2382474.6375517775,2428436.861082737,2508608.864680258,2744663.3713153074,1858477.1510227858,2134286.8307125787,2105778.390420353,1463713.8751379931,1946569.3595647225,1425399.9299674756,1543945.3186146412,2085225.6016299117,1539720.7369895587,1644927.0259747661,2138702.6804388845,2023038.4401596624,2906630.0328661194,2056208.4883862396,1730300.7967743208
2112903.689619607,1831529.9683972434,2338472.5236548395,1874013.5646241235,2391535.3946637465,2172572.266007749,2382474.6375517775,2428436.861082737,2508608.864680258,2744663.3713153074,1858477.1510227858,2134286.8307125787,2105778.390420353,1463713.8751379931,1946569.3595647225,1425399.9299674756,1543945.3186146412,2085225.6016299117,1539720.7369895587,1644927.0259747661,2138702.6804388845,2023038.4401596624,2906630.0328661194,2056208.4883862396,1730300.7967743208
2112903.689619607,1831529.9683972434,2338472.5236548395,1874013.5646241235,2391535.3946637465,2172572.266007749,2382474.6375517775,2428436.861082737,2508608.864680258,2744663.3713153074,1858477.1510227858,2134286.8307125787,2105778.390420353,1463713.8751379931,1946569.3595647225,1425399.9299674756,1543945.3186146412,2085225.6016299117,1539720.7369895587,1644927.0259747661,2138702.6804388845,2023038.4401596624,2906630.0328661194,2056208.4883862396,1730300.7967743208
2112903.689619607,1831529.9683972434,2338472.5236548395,1874013.5646241235,2391535.3946637465,2172572.266007749,2382474.6375517775,2428436.861082737,2508608.864680258,2744663.3713153074,1858477.1510227858,2134286.8307125787,2105778.390420353,1463713.8751379931,1946569.3595647225,1425399.9299674756,1543945.3186146412,2085225.6016299117,1539720.7369895587,1644927.0259747661,2138702.6804388845,2023038.4401596624,2906630.0328661194,2056208.4883862396,1730300.7967743208
2112903.689619607,1831529.9683972434,2338472.5236548395,1874013.5646241235,2391535.3946637465,2172572.266007749,2382474.6375517775,2428436.861082737,2508608.864680258,2744663.3713153074,1858477.1510227858,2134286.8307125787,2105778.390420353,1463713.8751379931,1946569.3595647225,1425399.9299674756,1543945.3186146412,2085225.6016299117,1539720.7369895587,1644927.0259747661,2138702.6804388845,2023038.4401596624,2906630.0328661194,2056208.4883862396,1730300.7967743208
2112903.689619607,1831529.9683972434,2338472.5236548395,1874013.5646241235,2391535.3946637465,2172572.266007749,2382474.6375517775,2428436.861082737,2508608.864680258,2744663.3713153074,1858477.1510227858,2134286.8307125787,2105778.390420353,1463713.8751379931,1946569.3595647225,1425399.9299674756,1543945.3186146412,2085225.6016299117,1539720.7369895587,1644927.0259747661,2138702.6804388845,2023038.4401596624,2906630.0328661194,2056208.4883862396,1730300.7967743208
2112903.689619607,1831529.9683972434,2338472.5236548395,1874013.5646241235,2391535.3946637465,2172572.266007749,2382474.6375517775,2428436.861082737,2508608.864680258,2744663.3713153074,1858477.1510227858,2134286.8307125787,2105778.390420353,1463713.8751379931,1946569.3595647225,1425399.9299674756,1543945.3186146412,2085225.6016299117,1539720.7369895587,1644927.0259747661,2138702.6804388845,2023038.4401596624,2906630.0328661194,2056208.4883862396,1730300.7967743208
2112903.689619607,1831529.9683972434,2338472.5236548395,1874013.5646241235,2391535.3946637465,2172572.266007749,2382474.6375517775,2428436.861082737,2508608.864680258,2744663.3713153074,1858477.1510227858,2134286.8307125787,2105778.390420353,1463713.8751379931,1946569.3595647225,1425399.9299674756,1543945.3186146412,2085225.6016299117,1539720.7369895587,1644927.0259747661,2138702.6804388845,2023038.4401596624,2906630.0328661194,2056208.4883862396,1730300.7967743208
2112903.689619607,1831529.9683972434,2338472.5236548395,1874013.5646241235,2391535.3946637465,2172572.266007749,2382474.6375517775,2428436.861082737,2508608.864680258,2744663.3713153074,1858477.1510227858,2134286.8307125787,2105778.390420353,1463713.8751379931,1946569.3595647225,1425399.9299674756,1543945.3186146412,2085225.6016299117,1539720.7369895587,1644927.0259747661,2138702.6804388845,2023038.4401596624,2906630.0328661194,2056208.4883862396,1730300.7967743208
2112903.689619607,1831529.9683972434,2338472.5236548395,1874013.5646241235,2391535.3946637465,2172572.266007749,2382474.6375517775,2428436.861082737,2508608.864680258,2744663.3713153074,1858477.1510227858,2134286.8307125787,2105778.390420353,1463713.8751379931,1946569.3595647225,1425399.9299674756,1543945.3186146412,2085225.6016299117,1539720.7369895587,1644927.0259747661,2138702.6804388845,2023038.4401596624,2906630.0328661194,2056208.4883862396,1730300.7967743208
2112903.689619607,1831529.9683972434,2338472.5236548395,1874013.5646241235,2391535.3946637465,2172572.266007749,2382474.6375517775,2428436.861082737,2508608.864680258,2744663.3713153074,1858477.1510227858,2134286.8307125787,2105778.390420353,1463713.8751379931,1946569.3595647225,1425399.9299674756,1543945.3186146412,2085225.6016299117,1539720.7369895587,1644927.0259747661,2138702.6804388845,2023038.4401596624,2906630.0328661194,2056208.4883862396,1730300.7967743208
2112903.689619607,1831529.9683972434,2338472.5236548395,1874013.5646241235,2391535.3946637465,2172572.266007749,2382474.6375517775,2428436.861082737,2508608.864680258,2744663.3713153074,1858477.1510227858,2134286.8307125787,2105778.390420353,1463713.8751379931,1946569.3595647225,1425399.9299674756,1543945.3186146412,2085225.6016299117,1539720.7369895587,1644927.0259747661,2138702.6804388845,2023038.4401596624,2906630.0328661194,2056208.4883862396,1730300.7967743208
2112903.689619607,1831529.9683972434,2338472.5236548395,1874013.5646241235,2391535.3946637465,2172572.266007749,2382474.6375517775,2428436.861082737,2504334.754323564,2744663.3713153074,1858477.1510227858,2134286.8307125787,2105778.390420353,1463713.8751379931,1946569.3595647225,1425399.9299674756,1543945.3186146412,2085225.6016299117,1539720.7369895587,1644927.0259747661,2138702.6804388845,2023038.4401596624,2906630.0328661194,2056208.4883862396,1730300.7967743208
2112903.689619607,1831529.9683972434,2338472.5236548395,1874013.5646241235,2391535.3946637465,2172572.266007749,2382474.6375517775,2428436.861082737,2504334.754323564,2744663.3713153074,1858477.1510227858,2134286.8307125787,2105778.390420353,1463713.8751379931,1946569.3595647225,1425399.9299674756,1543945.3186146412,2085225.6016299117,1539720.7369895587,1644927.0259747661,2138702.6804388845,2023038.4401596624,2906630.0328661194,2056208.4883862396,1730300.7967743208
2112903.689619607,1831529.9683972434,2338472.5236548395,1874013.5646241235,2391535.3946637465,2172572.266007749,2382474.6375517775,2428436.861082737,2295493.590919395,2744663.3713153074,1858477.1510227858,2134286.8307125787,2105778.390420353,1463713.8751379931,1946569.3595647225,1425399.9299674756,1543945.3186146412,2085225.6016299117,1539720.7369895587,1644927.0259747661,2138702.6804388845,2023038.4401596624,2906630.0328661194,2056208.4883862396,1730300.7967743208
2112903.689619607,1831529.9683972434,2338472.5236548395,1874013.5646241235,2391535.3946637465,2172572.266007749,2382474.6375517775,2428436.861082737,2295493.590919395,2744663.3713153074,1858477.1510227858,2134286.8307125787,2105778.390420353,1463713.8751379931,1946569.3595647225,1425399.9299674756,1543945.3186146412,2085225.6016299117,1539720.7369895587,1644927.0259747661,2138702.6804388845,2023038.4401596624,2906630.0328661194,2056208.4883862396,1730300.7967743208
2112903.689619607,1831529.9683972434,2338472.5236548395,1874013.5646241235,2391535.3946637465,2172572.266007749,2382474.6375517775,2428436.861082737,2254401.8660517936,2744663.3713153074,1858477.1510227858,2134286.8307125787,2105778.390420353,1463713.8751379931,1946569.3595647225,1425399.9299674756,1543945.3186146412,2085225.6016299117,1539720.7369895587,1644927.0259747661,2138702.6804388845,2023038.4401596624,2906630.0328661194,2056208.4883862396,1730300.7967743208
2112903.689619607,1831529.9683972434,2338472.5236548395,1874013.5646241235,2391535.3946637465,2172572.266007749,2382474.6375517775,2428436.861082737,2254401.8660517936,2744663.3713153074,1858477.1510227858,2134286.8307125787,2105778.390420353,1463713.8751379931,1946569.3595647225,1425399.9299674756,1543945.3186146412,2085225.6016299117,1539720.7369895587,1644927.0259747661,2138702.6804388845,2023038.4401596624,2906630.0328661194,2056208.4883862396,1730300.7967743208
2112903.689619607,1831529.9683972434,2338472.5236548395,1874013.5646241235,2391535.3946637465,2172572.266007749,2382474.6375517775,2428436.861082737,2254401.8660517936,2744663.3713153074,1858477.1510227858,2134286.8307125787,2105778.390420353,1463713.8751379931,1946569.3595647225,1425399.9299674756,1543945.3186146412,2085225.6016299117,1539720.7369895587,1644927.0259747661,2138702.6804388845,2023038.4401596624,2906630.0328661194,2056208.4883862396,1730300.7967743208
2112903.689619607,1831529.9683972434,2338472.5236548395,1874013.5646241235,2391535.3946637465,2172572.266007749,2382474.6375517775,2428436.861082737,2254401.8660517936,2744663.3713153074,1858477.1510227858,2134286.8307125787,2105778.390420353,1463713.8751379931,1946569.3595647225,1425399.9299674756,1543945.3186146412,2085225.6016299117,1539720.7369895587,1644927.0259747661,2138702.6804388845,2023038.4401596624,2906630.0328661194,2056208.4883862396,1730300.7967743208
2112903.689619607,1831529.9683972434,2338472.5236548395,1874013.5646241235,2391535.3946637465,2172572.266007749,2382474.6375517775,2428436.861082737,2254401.8660517936,2744663.3713153074,1858477.1510227858,2134286.8307125787,2105778.390420353,1463713.8751379931,1946569.3595647225,1425399.9299674756,1543945.3186146412,2085225.6016299117,1539720.7369895587,1644927.0259747661,2138702.6804388845,2023038.4401596624,2906630.0328661194,2056208.4883862396,1730300.7967743208
2112903.689619607,1831529.9683972434,2338472.5236548395,1874013.5646241235,2391535.3946637465,2172572.266007749,2382474.6375517775,2428436.861082737,2254401.8660517936,2744663.3713153074,1858477.1510227858,2134286.8307125787,2105778.390420353,1463713.8751379931,1946569.3595647225,1425399.9299674756,1543945.3186146412,2085225.6016299117,1539720.7369895587,1644927.0259747661,2138702.6804388845,2023038.4401596624,2906630.0328661194,2056208.4883862396,1730300.7967743208
2112903.689619607,1831529.9683972434,2338472.5236548395,1874013.5646241235,2391535.3946637465,2172572.266007749,2382474.6375517775,2428436.861082737,2254401.8660517936,2744663.3713153074,1858477.1510227858,2134286.8307125787,2105778.390420353,1463713.8751379931,1946569.3595647225,1425399.9299674756,1543945.3186146412,2085225.6016299117,1539720.7369895587,1644927.0259747661,2138702.6804388845,2023038.4401596624,2906630.0328661194,2056208.4883862396,1730300.7967743208
2112903.689619607,1831529.9683972434,2338472.5236548395,1874013.5646241235,2391535.3946637465,2172572.266007749,2382474.6375517775,2428436.861082737,2254401.8660517936,2744663.3713153074,1858477.1510227858,2134286.8307125787,2105778.390420353,1463713.8751379931,1946569.3595647225,1425399.9299674756,1543945.3186146412,2085225.6016299117,1539720.7369895587,1644927.0259747661,2138702.6804388845,2023038.4401596624,2906630.0328661194,2056208.4883862396,1730300.7967743208
2112903.689619607,1831529.9683972434,2338472.5236548395,1874013.5646241235,2391535.3946637465,2172572.266007749,2382474.6375517775,2428436.861082737,2254401.8660517936,2744663.3713153074,1858477.1510227858,2134286.8307125787,2105778.390420353,1463713.8751379931,1946569.3595647225,1425399.9299674756,1543945.3186146412,2085225.6016299117,1539720.7369895587,1644927.0259747661,2138702.6804388845,2023038.4401596624,2906630.0328661194,2056208.4883862396,1730300.7967743208
2112903.689619607,1831529.9683972434,2338472.5236548395,1874013.5646241235,2391535.3946637465,2172572.266007749,2382474.6375517775,2428436.861082737,2254401.8660517936,2744663.3713153074,1858477.1510227858,2134286.8307125787,2105778.390420353,1463713.8751379931,1946569.3595647225,1425399.9299674756,1543945.3186146412,2085225.6016299117,1539720.7369895587,1644927.0259747661,2138702.6804388845,2023038.4401596624,2906630.0328661194,2056208.4883862396,1730300.7967743208
2112903.689619607,1831529.9683972434,2338472.5236548395,1874013.5646241235,2391535.3946637465,2172572.266007749,2382474.6375517775,2428436.861082737,2254401.8660517936,2744663.3713153074,1858477.1510227858,2134286.8307125787,2105778.390420353,1463713.8751379931,1946569.3595647225,1425399.9299674756,1543945.3186146412,2085225.6016299117,1539720.7369895587,1644927.0259747661,2138702.6804388845,2023038.4401596624,2906630.0328661194,2056208.4883862396,1730300.7967743208
2112903.689619607,1831529.9683972434,2338472.5236548395,1874013.5646241235,2391535.3946637465,2172572.266007749,2382474.6375517775,2428436.861082737,2254401.8660517936,2744663.3713153074,1858477.1510227858,2134286.8307125787,2105778.390420353,1463713.8751379931,1946569.3595647225,1425399.9299674756,1543945.3186146412,2085225.6016299117,1539720.7369895587,1644927.0259747661,2138702.6804388845,2023038.4401596624,2906630.0328661194,2056208.4883862396,1730300.7967743208
2112903.689619607,1831529.9683972434,2338472.5236548395,1874013.5646241235,2391535.3946637465,2172572.266007749,2382474.6375517775,2428436.861082737,2254401.8660517936,2744663.3713153074,1858477.1510227858,2134286.8307125787,2105778.390420353,1463713.8751379931,1946569.3595647225,1425399.9299674756,1543945.3186146412,2085225.6016299117,1539720.7369895587,1644927.0259747661,2138702.6804388845,2023038.4401596624,2906630.0328661194,2056208.4883862396,1730300.7967743208
2112903.689619607,1831529.9683972434,2338472.5236548395,1874013.5646241235,2391535.3946637465,2172572.266007749,2382474.6375517775,2428436.861082737,2254401.8660517936,2744663.3713153074,1858477.1510227858,2134286.8307125787,2105778.390420353,1463713.8751379931,1946569.3595647225,1425399.9299674756,1543945.3186146412,2085225.6016299117,1539720.7369895587,1644927.0259747661,2138702.6804388845,2023038.4401596624,2906630.0328661194,2056208.4883862396,1730300.7967743208
2112903.689619607,1831529.9683972434,2338472.5236548395,1874013.5646241235,2391535.3946637465,2172572.266007749,2382474.6375517775,2428436.861082737,2254401.8660517936,2744663.3713153074,1858477.1510227858,2134286.8307125787,2105778.390420353,1463713.8751379931,1946569.3595647225,1425399.9299674756,1543945.3186146412,2085225.6016299117,1539720.7369895587,1644927.0259747661,2138702.6804388845,2023038.4401596624,2906630.0328661194,2056208.4883862396,1730300.7967743208
2112903.689619607,1831529.9683972434,2338472.5236548395,1874013.5646241235,2391535.3946637465,2172572.266007749,2382474.6375517775,2428436.861082737,2254401.8660517936,2744663.3713153074,1858477.1510227858,2134286.8307125787,2105778.390420353,1463713.8751379931,1946569.3595647225,1425399.9299674756,1543945.3186146412,2085225.6016299117,1539720.7369895587,1644927.0259747661,2138702.6804388845,2023038.4401596624,2906630.0328661194,2056208.4883862396,1730300.7967743208
2112903.689619607,1831529.9683972434,2338472.5236548395,1874013.5646241235,2391535.3946637465,2172572.266007749,2382474.6375517775,2428436.861082737,2254401.8660517936,2744663.3713153074,1858477.1510227858,2134286.8307125787,2105778.390420353,1463713.8751379931,1946569.3595647225,1425399.9299674756,1543945.3186146412,2085225.6016299117,1539720.7369895587,1644927.0259747661,2138702.6804388845,2023038.4401596624,2906630.0328661194,2056208.4883862396,1730300.7967743208
2112903.689619607,1831529.9683972434,2338472.5236548395,1874013.5646241235,2391535.3946637465,2172572.266007749,2382474.6375517775,2428436.861082737,2254401.8660517936,2744663.3713153074,1858477.1510227858,2134286.8307125787,2105778.390420353,1463713.8751379931,1946569.3595647225,1425399.9299674756,1543945.3186146412,2085225.6016299117,1539720.7369895587,1644927.0259747661,2138702.6804388845,2023038.4401596624,2906630.0328661194,2056208.4883862396,1730300.7967743208
2112903.689619607,1831529.9683972434,2338472.5236548395,1874013.5646241235,2391535.3946637465,2172572.266007749,2382474.6375517775,2428436.861082737,2254401.8660517936,2744663.3713153074,1858477.1510227858,2134286.8307125787,2105778.390420353,1463713.8751379931,1946569.3595647225,1425399.9299674756,1543945.3186146412,2085225.6016299117,1539720.7369895587,1644927.0259747661,2138702.6804388845,2023038.4401596624,2906630.0328661194,2056208.4883862396,1730300.7967743208
2112903.689619607,1831529.9683972434,2338472.5236548395,1874013.5646241235,2391535.3946637465,2172572.266007749,2382474.6375517775,2428436.861082737,2254401.8660517936,2744663.3713153074,1858477.1510227858,2134286.8307125787,2105778.390420353,1463713.8751379931,1946569.3595647225,1425399.9299674756,1543945.3186146412,2085225.6016299117,1539720.7369895587,1644927.0259747661,2138702.6804388845,2023038.4401596624,2906630.0328661194,2056208.4883862396,1730300.7967743208
2112903.689619607,1831529.9683972434,2338472.5236548395,1874013.5646241235,2391535.3946637465,2172572.266007749,2382474.6375517775,2428436.861082737,2254401.8660517936,2744663.3713153074,1858477.1510227858,2134286.8307125787,2105778.390420353,1463713.8751379931,1946569.3595647225,1425399.9299674756,1543945.3186146412,2085225.6016299117,1539720.7369895587,1644927.0259747661,2138702.6804388845,2023038.4401596624,2906630.0328661194,2056208.4883862396,1730300.7967743208
2112903.689619607,1831529.9683972434,2338472.5236548395,1874013.5646241235,2391535.3946637465,2172572.266007749,2382474.6375517775,2428436.861082737,2254401.8660517936,2744663.3713153074,1858477.1510227858,2134286.8307125787,2105778.390420353,1463713.8751379931,1946569.3595647225,1425399.9299674756,1543945.3186146412,2085225.6016299117,1539720.7369895587,1644927.0259747661,2138702.6804388845,2023038.4401596624,2906630.0328661194,2056208.4883862396,1730300.7967743208
2112903.689619607,1831529.9683972434,2338472.5236548395,1874013.5646241235,2391535.3946637465,2172572.266007749,2382474.6375517775,2428436.861082737,2254401.8660517936,2744663.3713153074,1858477.1510227858,2134286.8307125787,2105778.390420353,1463713.8751379931,1946569.3595647225,1425399.9299674756,1543945.3186146412,2085225.6016299117,1539720.7369895587,1644927.0259747661,2138702.6804388845,2023038.4401596624,2906630.0328661194,2056208.4883862396,1730300.7967743208
2112903.689619607,1831529.9683972434,2338472.5236548395,1874013.5646241235,2391535.3946637465,2172572.266007749,2382474.6375517775,2428436.861082737,2254401.8660517936,2744663.3713153074,1858477.1510227858,2134286.8307125787,2105778.390420353,1463713.8751379931,1946569.3595647225,1425399.9299674756,1543945.3186146412,2085225.6016299117,1539720.7369895587,1644927.0259747661,2138702.6804388845,2023038.4401596624,2906630.0328661194,2056208.4883862396,1730300.7967743208
2112903.689619607,1831529.9683972434,2338472.5236548395,1874013.5646241235,2391535.3946637465,2172572.266007749,2382474.6375517775,2428436.861082737,2254401.8660517936,2744663.3713153074,1858477.1510227858,2134286.8307125787,2105778.390420353,1463713.8751379931,1946569.3595647225,1425399.9299674756,1543945.3186146412,2085225.6016299117,1539720.7369895587,1644927.0259747661,2138702.6804388845,2023038.4401596624,2906630.0328661194,2056208.4883862396,1730300.7967743208
2112903.689619607,1831529.9683972434,2338472.5236548395,1874013.5646241235,2391535.3946637465,2172572.266007749,2382474.6375517775,2428436.861082737,2254401.8660517936,2744663.3713153074,1858477.1510227858,2134286.8307125787,2105778.390420353,1463713.8751379931,1946569.3595647225,1425399.9299674756,1543945.3186146412,2085225.6016299117,1539720.7369895587,1644927.0259747661,2138702.6804388845,2023038.4401596624,2906630.0328661194,2056208.4883862396,1730300.7967743208
2112903.689619607,1831529.9683972434,2338472.5236548395,1874013.5646241235,2391535.3946637465,2172572.266007749,2382474.6375517775,2428436.861082737,2254401.8660517936,2744663.3713153074,1858477.1510227858,2134286.8307125787,2105778.390420353,1463713.8751379931,1946569.3595647225,1425399.9299674756,1543945.3186146412,2085225.6016299117,1539720.7369895587,1644927.0259747661,2138702.6804388845,2023038.4401596624,2906630.0328661194,2056208.4883862396,1730300.7967743208
2112903.689619607,1831529.9683972434,2338472.5236548395,1874013.5646241235,2391535.3946637465,2172572.266007749,2382474.6375517775,2428436.861082737,2254401.8660517936,2744663.3713153074,1858477.1510227858,2134286.8307125787,2105778.390420353,1463713.8751379931,1946569.3595647225,1425399.9299674756,1543945.3186146412,2085225.6016299117,1539720.7369895587,1644927.0259747661,2138702.6804388845,2023038.4401596624,2906630.0328661194,2056208.4883862396,1730300.7967743208
2112903.689619607,1831529.9683972434,2338472.5236548395,1874013.5646241235,2391535.3946637465,2172572.266007749,2382474.6375517775,2428436.861082737,2254401.8660517936,2744663.3713153074,1858477.1510227858,2134286.8307125787,2105778.390420353,1463713.8751379931,1946569.3595647225,1425399.9299674756,1543945.3186146412,2085225.6016299117,1539720.7369895587,1644927.0259747661,2138702.6804388845,2023038.4401596624,2906630.0328661194,2056208.4883862396,1730300.7967743208
2112903.689619607,1831529.9683972434,2338472.5236548395,1874013.5646241235,2391535.3946637465,2172572.266007749,2382474.6375517775,2428436.861082737,2254401.8660517936,2744663.3713153074,1858477.1510227858,2134286.8307125787,2105778.390420353,1463713.8751379931,1946569.3595647225,1425399.9299674756,1543945.3186146412,2085225.6016299117,1539720.7369895587,1644927.0259747661,2138702.6804388845,2023038.4401596624,2906630.0328661194,2056208.4883862396,1730300.7967743208
2112903.689619607,1831529.9683972434,2338472.5236548395,1874013.5646241235,2391535.3946637465,2172572.266007749,2382474.6375517775,2428436.861082737,2254401.8660517936,2744663.3713153074,1858477.1510227858,2134286.8307125787,2105778.390420353,1463713.8751379931,1946569.3595647225,1425399.9299674756,1543945.3186146412,2085225.6016299117,1539720.7369895587,1644927.0259747661,2138702.6804388845,2023038.4401596624,2906630.0328661194,2056208.4883862396,1730300.7967743208
2112903.689619607,1831529.9683972434,2338472.5236548395,1874013.5646241235,2391535.3946637465,2172572.266007749,2382474.6375517775,2428436.861082737,2254401.8660517936,2744663.3713153074,1858477.1510227858,2134286.8307125787,2105778.390420353,1463713.8751379931,1946569.3595647225,1425399.9299674756,1543945.3186146412,2085225.6016299117,1539720.7369895587,1644927.0259747661,2138702.6804388845,2023038.4401596624,2906630.0328661194,2056208.4883862396,1730300.7967743208
2112903.689619607,1831529.9683972434,2338472.5236548395,1874013.5646241235,2391535.3946637465,2172572.266007749,2382474.6375517775,2428436.861082737,2254401.8660517936,2744663.3713153074,1858477.1510227858,2134286.8307125787,2105778.390420353,1463713.8751379931,1946569.3595647225,1425399.9299674756,1543945.3186146412,2085225.6016299117,1539720.7369895587,1644927.0259747661,2138702.6804388845,2023038.4401596624,2906630.0328661194,2056208.4883862396,1730300.7967743208
2112903.689619607,1831529.9683972434,2338472.5236548395,1874013.5646241235,2391535.3946637465,2172572.266007749,2382474.6375517775,2428436.861082737,2254401.8660517936,2744663.3713153074,1858477.1510227858,2134286.8307125787,2105778.390420353,1463713.8751379931,1946569.3595647225,1425399.9299674756,1543945.3186146412,2085225.6016299117,1539720.7369895587,1644927.0259747661,2138702.6804388845,2023038.4401596624,2906630.0328661194,2056208.4883862396,1730300.7967743208
2112903.689619607,1831529.9683972434,2338472.5236548395,1874013.5646241235,2391535.3946637465,2172572.266007749,2382474.6375517775,2428436.861082737,2254401.8660517936,2744663.3713153074,1858477.1510227858,2134286.8307125787,2105778.390420353,1463713.8751379931,1946569.3595647225,1425399.9299674756,1543945.3186146412,2085225.6016299117,1539720.7369895587,1644927.0259747661,2138702.6804388845,2023038.4401596624,2906630.0328661194,2056208.4883862396,1730300.7967743208
2112903.689619607,1831529.9683972434,2338472.5236548395,1874013.5646241235,2391535.3946637465,2172572.266007749,2382474.6375517775,2428436.861082737,2254401.8660517936,2744663.3713153074,1858477.1510227858,2134286.8307125787,2105778.390420353,1463713.8751379931,1946569.3595647225,1425399.9299674756,1543945.3186146412,2085225.6016299117,1539720.7369895587,1644927.0259747661,2138702.6804388845,2023038.4401596624,2906630.0328661194,2056208.4883862396,1730300.7967743208
2112903.689619607,1831529.9683972434,2338472.5236548395,1874013.5646241235,2391535.3946637465,2172572.266007749,2382474.6375517775,2428436.861082737,2254401.8660517936,2744663.3713153074,1858477.1510227858,2134286.8307125787,2105778.390420353,1463713.8751379931,1946569.3595647225,1425399.9299674756,1543945.3186146412,2085225.6016299117,1539720.7369895587,1644927.0259747661,2138702.6804388845,2023038.4401596624,2906630.0328661194,2056208.4883862396,1730300.7967743208
2112903.689619607,1831529.9683972434,2338472.5236548395,1874013.5646241235,2391535.3946637465,2172572.266007749,2382474.6375517775,2428436.861082737,2254401.8660517936,2744663.3713153074,1858477.1510227858,2134286.8307125787,2105778.390420353,1463713.8751379931,1946569.3595647225,1425399.9299674756,1543945.3186146412,2085225.6016299117,1539720.7369895587,1644927.0259747661,2138702.6804388845,2023038.4401596624,2906630.0328661194,2056208.4883862396,1730300.7967743208
2112903.689619607,1831529.9683972434,2338472.5236548395,1874013.5646241235,2391535.3946637465,2172572.266007749,2382474.6375517775,2428436.861082737,2254401.8660517936,2744663.3713153074,1858477.1510227858,2134286.8307125787,2105778.390420353,1463713.8751379931,1946569.3595647225,1425399.9299674756,1543945.3186146412,2085225.6016299117,1539720.7369895587,1644927.0259747661,2138702.6804388845,1951770.6996947816,2906630.0328661194,2056208.4883862396,1730300.7967743208
2112903.689619607,1831529.9683972434,2338472.5236548395,1874013.5646241235,2391535.3946637465,2172572.266007749,2382474.6375517775,2428436.861082737,2254401.8660517936,2744663.3713153074,1858477.1510227858,2134286.8307125787,2105778.390420353,1463713.8751379931,1946569.3595647225,1425399.9299674756,1543945.3186146412,2085225.6016299117,1539720.7369895587,1644927.0259747661,2138702.6804388845,1951770.6996947816,2906630.0328661194,2056208.4883862396,1730300.7967743208
2112903.689619607,1831529.9683972434,2338472.5236548395,1874013.5646241235,2391535.3946637465,2172572.266007749,2382474.6375517775,2428436.861082737,2254401.8660517936,2744663.3713153074,1858477.1510227858,2134286.8307125787,2105778.390420353,1463713.8751379931,1946569.3595647225,1425399.9299674756,1543945.3186146412,2085225.6016299117,1539720.7369895587,1644927.0259747661,2138702.6804388845,1791035.454954285,2906630.0328661194,2056208.4883862396,1730300.7967743208
2112903.689619607,1831529.9683972434,2338472.5236548395,1874013.5646241235,2391535.3946637465,2172572.266007749,2382474.6375517775,2428436.861082737,2254401.8660517936,2744663.3713153074,1858477.1510227858,2134286.8307125787,2105778.390420353,1463713.8751379931,1946569.3595647225,1425399.9299674756,1543945.3186146412,2085225.6016299117,1539720.7369895587,1644927.0259747661,2138702.6804388845,1791035.454954285,2906630.0328661194,2056208.4883862396,1730300.7967743208
2112903.689619607,1831529.9683972434,2338472.5236548395,1874013.5646241235,2391535.3946637465,2172572.266007749,2382474.6375517775,2428436.861082737,2254401.8660517936,2744663.3713153074,1858477.1510227858,2134286.8307125787,2105778.390420353,1463713.8751379931,1946569.3595647225,1425399.9299674756,1543945.3186146412,2085225.6016299117,1539720.7369895587,1644927.0259747661,2138702.6804388845,1791035.454954285,2906630.0328661194,2056208.4883862396,1730300.7967743208
2112903.689619607,1831529.9683972434,2338472.5236548395,1874013.5646241235,2391535.3946637465,2172572.266007749,2382474.6375517775,2428436.861082737,2254401.8660517936,2744663.3713153074,1858477.1510227858,2134286.8307125787,2105778.390420353,1463713.8751379931,1946569.3595647225,1425399.9299674756,1543945.3186146412,2085225.6016299117,1539720.7369895587,1644927.0259747661,2138702.6804388845,1791035.454954285,2906630.0328661194,2056208.4883862396,1730300.7967743208
2112903.689619607,1831529.9683972434,2338472.5236548395,1874013.5646241235,2391535.3946637465,2172572.266007749,2382474.6375517775,2428436.861082737,2254401.8660517936,2744663.3713153074,1858477.1510227858,2134286.8307125787,2105778.390420353,1463713.8751379931,1946569.3595647225,1425399.9299674756,1543945.3186146412,2085225.6016299117,1539720.7369895587,1644927.0259747661,2138702.6804388845,1791035.454954285,2906630.0328661194,2056208.4883862396,1730300.7967743208
2112903.689619607,1831529.9683972434,2338472.5236548395,1874013.5646241235,2391535.3946637465,2172572.266007749,2382474.6375517775,2428436.861082737,2254401.8660517936,2744663.3713153074,1858477.1510227858,2134286.8307125787,2105778.390420353,1463713.8751379931,1946569.3595647225,1425399.9299674756,1543945.3186146412,2085225.6016299117,1539720.7369895587,1644927.0259747661,2138702.6804388845,1791035.454954285,2906630.0328661194,2056208.4883862396,1730300.7967743208
2112903.689619607,1831529.9683972434,2338472.5236548395,1874013.5646241235,2391535.3946637465,2172572.266007749,2382474.6375517775,2428436.861082737,2254401.8660517936,2744663.3713153074,1858477.1510227858,2134286.8307125787,2105778.390420353,1463713.8751379931,1946569.3595647225,1425399.9299674756,1543945.3186146412,2085225.6016299117,1539720.7369895587,1644927.0259747661,2138702.6804388845,1791035.454954285,2906630.0328661194,2056208.4883862396,1730300.7967743208
2112903.689619607,1831529.9683972434,2338472.5236548395,1874013.5646241235,2391535.3946637465,2172572.266007749,2382474.6375517775,2428436.861082737,2254401.8660517936,2744663.3713153074,1858477.1510227858,2134286.8307125787,2105778.390420353,1463713.8751379931,1946569.3595647225,1425399.9299674756,1543945.3186146412,2085225.6016299117,1539720.7369895587,1644927.0259747661,2138702.6804388845,1791035.454954285,2906630.0328661194,2056208.4883862396,1730300.7967743208
2112903.689619607,1831529.9683972434,2338472.5236548395,1874013.5646241235,2391535.3946637465,2172572.266007749,2382474.6375517775,2428436.861082737,2254401.8660517936,2744663.3713153074,1858477.1510227858,2134286.8307125787,2105778.390420353,1414446.4920533767,1946569.3595647225,1425399.9299674756,1543945.3186146412,2085225.6016299117,1539720.7369895587,1644927.0259747661,2138702.6804388845,1791035.454954285,2906630.0328661194,2056208.4883862396,1730300.7967743208
2112903.689619607,1831529.9683972434,2338472.5236548395,1874013.5646241235,2391535.3946637465,2172572.266007749,2382474.6375517775,2428436.861082737,2254401.8660517936,2744663.3713153074,1858477.1510227858,2134286.8307125787,2105778.390420353,1414446.4920533767,1946569.3595647225,1425399.9299674756,1543945.3186146412,2085225.6016299117,1539720.7369895587,1644927.0259747661,2138702.6804388845,1791035.454954285,2906630.0328661194,2056208.4883862396,1730300.7967743208
2112903.689619607,1831529.9683972434,2338472.5236548395,1874013.5646241235,2391535.3946637465,2172572.266007749,2382474.6375517775,2428436.861082737,2254401.8660517936,2744663.3713153074,1858477.1510227858,2134286.8307125787,2105778.390420353,1356883.1875830193,1946569.3595647225,1425399.9299674756,1543945.3186146412,2085225.6016299117,1539720.7369895587,1644927.0259747661,2138702.6804388845,1791035.454954285,2906630.0328661194,2056208.4883862396,1730300.7967743208
2112903.689619607,1831529.9683972434,2338472.5236548395,1874013.5646241235,2391535.3946637465,2172572.266007749,2382474.6375517775,2428436.861082737,2254401.8660517936,2744663.3713153074,1858477.1510227858,2134286.8307125787,2105778.390420353,1356883.1875830193,1946569.3595647225,1425399.9299674756,1543945.3186146412,2085225.6016299117,1539720.7369895587,1644927.0259747661,2138702.6804388845,1791035.454954285,2906630.0328661194,2056208.4883862396,1730300.7967743208
2112903.689619607,1831529.9683972434,2338472.5236548395,1874013.5646241235,2391535.3946637465,2172572.266007749,2382474.6375517775,2428436.861082737,2254401.8660517936,2744663.3713153074,1858477.1510227858,2134286.8307125787,2105778.390420353,1356883.1875830193,1946569.3595647225,1425399.9299674756,1543945.3186146412,2085225.6016299117,1539720.7369895587,1644927.0259747661,2138702.6804388845,1791035.454954285,2906630.0328661194,2056208.4883862396,1730300.7967743208
2112903.689619607,1831529.9683972434,2338472.5236548395,1874013.5646241235,2391535.3946637465,2172572.266007749,2382474.6375517775,2428436.861082737,2254401.8660517936,2744663.3713153074,1858477.1510227858,2134286.8307125787,2105778.390420353,1356883.1875830193,1946569.3595647225,1425399.9299674756,1543945.3186146412,2085225.6016299117,1539720.7369895587,1644927.0259747661,2138702.6804388845,1791035.454954285,2906630.0328661194,2056208.4883862396,1730300.7967743208
2112903.689619607,1831529.9683972434,2338472.5236548395,1874013.5646241235,2391535.3946637465,2172572.266007749,2382474.6375517775,2428436.861082737,2254401.8660517936,2744663.3713153074,1858477.1510227858,2134286.8307125787,2105778.390420353,1356883.1875830193,1946569.3595647225,1425399.9299674756,1543945.3186146412,2085225.6016299117,1539720.7369895587,1644927.0259747661,2138702.6804388845,1791035.454954285,2906630.0328661194,2056208.4883862396,1730300.7967743208
2112903.689619607,1831529.9683972434,2338472.5236548395,1874013.5646241235,2391535.3946637465,2172572.266007749,2382474.6375517775,2428436.861082737,2254401.8660517936,2744663.3713153074,1858477.1510227858,2134286.8307125787,2105778.390420353,1356883.1875830193,1946569.3595647225,1425399.9299674756,1543945.3186146412,2085225.6016299117,1539720.7369895587,1644927.0259747661,2138702.6804388845,1791035.454954285,2906630.0328661194,2056208.4883862396,1730300.7967743208
2112903.689619607,1831529.9683972434,2338472.5236548395,1874013.5646241235,2391535.3946637465,2172572.266007749,2382474.6375517775,2428436.861082737,2254401.8660517936,2744663.3713153074,1858477.1510227858,2134286.8307125787,2105778.390420353,1356883.1875830193,1946569.3595647225,1425399.9299674756,1543945.3186146412,2085225.6016299117,1539720.7369895587,1644927.0259747661,2138702.6804388845,1791035.454954285,2906630.0328661194,2056208.4883862396,1730300.7967743208
2112903.689619607,1831529.9683972434,2338472.5236548395,1874013.5646241235,2391535.3946637465,2172572.266007749,2382474.6375517775,2428436.861082737,2254401.8660517936,2744663.3713153074,1858477.1510227858,2134286.8307125787,2105778.390420353,1356883.1875830193,1946569.3595647225,1425399.9299674756,1543945.3186146412,2085225.6016299117,1539720.7369895587,1644927.0259747661,2138702.6804388845,1791035.454954285,2906630.0328661194,2056208.4883862396,1730300.7967743208
2112903.689619607,1831529.9683972434,2338472.5236548395,1874013.5646241235,2391535.3946637465,2172572.266007749,2382474.6375517775,2428436.861082737,2254401.8660517936,2744663.3713153074,1858477.1510227858,2134286.8307125787,2105778.390420353,1356883.1875830193,1946569.3595647225,1425399.9299674756,1543945.3186146412,2085225.6016299117,1539720.7369895587,1644927.0259747661,2138702.6804388845,1791035.454954285,2906630.0328661194,2056208.4883862396,1730300.7967743208
2112903.689619607,1831529.9683972434,2338472.5236548395,1874013.5646241235,2391535.3946637465,2172572.266007749,2382474.6375517775,2428436.861082737,2254401.8660517936,2744663.3713153074,1858477.1510227858,2134286.8307125787,2105778.390420353,1356883.1875830193,1946569.3595647225,1425399.9299674756,1543945.3186146412,2085225.6016299117,1539720.7369895587,1644927.0259747661,2138702.6804388845,1791035.454954285,2906630.0328661194,2056208.4883862396,1730300.7967743208
2112903.689619607,1831529.9683972434,2338472.5236548395,1874013.5646241235,2391535.3946637465,2172572.266007749,2382474.6375517775,2428436.861082737,2254401.8660517936,2744663.3713153074,1858477.1510227858,2134286.8307125787,2105778.390420353,1356883.1875830193,1946569.3595647225,1425399.9299674756,1543945.3186146412,2085225.6016299117,1539720.7369895587,1644927.0259747661,2138702.6804388845,1791035.454954285,2906630.0328661194,2056208.4883862396,1730300.7967743208
2112903.689619607,1831529.9683972434,2338472.5236548395,1874013.5646241235,2391535.3946637465,2172572.266007749,2382474.6375517775,2428436.861082737,2254401.8660517936,2744663.3713153074,1858477.1510227858,2134286.8307125787,2105778.390420353,1356883.1875830193,1946569.3595647225,1425399.9299674756,1543945.3186146412,2085225.6016299117,1539720.7369895587,1644927.0259747661,2138702.6804388845,1791035.454954285,2906630.0328661194,2056208.4883862396,1730300.7967743208
2112903.689619607,1831529.9683972434,2338472.5236548395,1874013.5646241235,2391535.3946637465,2172572.266007749,2382474.6375517775,2428436.861082737,2254401.8660517936,2744663.3713153074,1858477.1510227858,2134286.8307125787,2105778.390420353,1356883.1875830193,1946569.3595647225,1425399.9299674756,1543945.3186146412,2085225.6016299117,1539720.7369895587,1644927.0259747661,2138702.6804388845,1791035.454954285,2906630.0328661194,2056208.4883862396,1730300.7967743208
2112903.689619607,1831529.9683972434,2338472.5236548395,1874013.5646241235,2391535.3946637465,2172572.266007749,2382474.6375517775,2428436.861082737,2254401.8660517936,2744663.3713153074,1858477.1510227858,2134286.8307125787,2105778.390420353,1356883.1875830193,1946569.3595647225,1425399.9299674756,1543945.3186146412,2085225.6016299117,1539720.7369895587,1644927.0259747661,2138702.6804388845,1791035.454954285,2906630.0328661194,2056208.4883862396,1730300.7967743208
2112903.689619607,1831529.9683972434,2338472.5236548395,1874013.5646241235,2391535.3946637465,2172572.266007749,2382474.6375517775,2428436.861082737,2254401.8660517936,2744663.3713153074,1858477.1510227858,2134286.8307125787,2105778.390420353,1356883.1875830193,1946569.3595647225,1425399.9299674756,1543945.3186146412,2085225.6016299117,1539720.7369895587,1644927.0259747661,2138702.6804388845,1791035.454954285,2906630.0328661194,2056208.4883862396,1730300.7967743208
2112903.689619607,1831529.9683972434,2338472.5236548395,1874013.5646241235,2391535.3946637465,2172572.266007749,2382474.6375517775,2428436.861082737,2254401.8660517936,2744663.3713153074,1858477.1510227858,2134286.8307125787,2105778.390420353,1356883.1875830193,1946569.3595647225,1425399.9299674756,1543945.3186146412,2085225.6016299117,1539720.7369895587,1644927.0259747661,2138702.6804388845,1791035.454954285,2906630.0328661194,2056208.4883862396,1730300.7967743208
2112903.689619607,1831529.9683972434,2338472.5236548395,1874013.5646241235,2391535.3946637465,2172572.266007749,2382474.6375517775,2428436.861082737,2254401.8660517936,2744663.3713153074,1858477.1510227858,2134286.8307125787,2105778.390420353,1356883.1875830193,1946569.3595647225,1425399.9299674756,1543945.3186146412,2085225.6016299117,1539720.7369895587,1644927.0259747661,2138702.6804388845,1791035.454954285,2906630.0328661194,2056208.4883862396,1730300.7967743208
2112903.689619607,1831529.9683972434,2338472.5236548395,1874013.5646241235,2391535.3946637465,2172572.266007749,2382474.6375517775,2428436.861082737,2254401.8660517936,2744663.3713153074,1858477.1510227858,2134286.8307125787,2105778.390420353,1356883.1875830193,1946569.3595647225,1425399.9299674756,1543945.3186146412,2085225.6016299117,1539720.7369895587,1644927.0259747661,2138702.6804388845,1791035.454954285,2906630.0328661194,2056208.4883862396,1730300.7967743208
2112903.689619607,1831529.9683972434,2338472.5236548395,1874013.5646241235,2391535.3946637465,2172572.266007749,2382474.6375517775,2428436.861082737,2254401.8660517936,2744663.3713153074,1858477.1510227858,2134286.8307125787,2105778.390420353,1356883.1875830193,1946569.3595647225,1425399.9299674756,1543945.3186146412,2085225.6016299117,1539720.7369895587,1644927.0259747661,2138702.6804388845,1791035.454954285,2906630.0328661194,2056208.4883862396,1730300.7967743208
2112903.689619607,1831529.9683972434,2338472.5236548395,1874013.5646241235,2391535.3946637465,2172572.266007749,2382474.6375517775,2428436.861082737,2254401.8660517936,2744663.3713153074,1858477.1510227858,2134286.8307125787,2105778.390420353,1356883.1875830193,1946569.3595647225,1425399.9299674756,1543945.3186146412,2085225.6016299117,1539720.7369895587,1644927.0259747661,2138702.6804388845,1791035.454954285,2906630.0328661194,2056208.4883862396,1730300.7967743208
2112903.689619607,1831529.9683972434,2338472.5236548395,1874013.5646241235,2391535.3946637465,2172572.266007749,2382474.6375517775,2428436.861082737,2254401.8660517936,2744663.3713153074,1858477.1510227858,2134286.8307125787,2105778.390420353,1356883.1875830193,1946569.3595647225,1425399.9299674756,1543945.3186146412,2085225.6016299117,1539720.7369895587,1644927.0259747661,2138702.6804388845,1791035.454954285,2906630.0328661194,2056208.4883862396,1730300.7967743208
2112903.689619607,1831529.9683972434,2338472.5236548395,1874013.5646241235,2391535.3946637465,2172572.266007749,2382474.6375517775,2428436.861082737,2254401.8660517936,2744663.3713153074,1858477.1510227858,2134286.8307125787,2105778.390420353,1356883.1875830193,1946569.3595647225,1425399.9299674756,1543945.3186146412,2085225.6016299117,1539720.7369895587,1644927.0259747661,2138702.6804388845,1791035.454954285,2906630.0328661194,2056208.4883862396,1730300.7967743208
2112903.689619607,1831529.9683972434,2338472.5236548395,1874013.5646241235,2391535.3946637465,2172572.266007749,2382474.6375517775,2428436.861082737,2254401.8660517936,2744663.3713153074,1858477.1510227858,2134286.8307125787,2105778.390420353,1356883.1875830193,1946569.3595647225,1425399.9299674756,1543945.3186146412,2085225.6016299117,1539720.7369895587,1644927.0259747661,2138702.6804388845,1791035.454954285,2906630.0328661194,2056208.4883862396,1730300.7967743208
2112903.689619607,1831529.9683972434,2338472.5236548395,1874013.5646241235,2391535.3946637465,2172572.266007749,2382474.6375517775,2428436.861082737,2254401.8660517936,2744663.3713153074,1858477.1510227858,2134286.8307125787,2105778.390420353,1356883.1875830193,1946569.3595647225,1425399.9299674756,1543945.3186146412,2085225.6016299117,1539720.7369895587,1644927.0259747661,2138702.6804388845,1791035.454954285,2906630.0328661194,2056208.4883862396,1730300.7967743208
2112903.689619607,1831529.9683972434,2338472.5236548395,1874013.5646241235,2391535.3946637465,2172572.266007749,2382474.6375517775,2428436.861082737,2254401.8660517936,2744663.3713153074,1858477.1510227858,2134286.8307125787,2105778.390420353,1356883.1875830193,1946569.3595647225,1425399.9299674756,1543945.3186146412,2085225.6016299117,1539720.7369895587,1644927.0259747661,2138702.6804388845,1791035.454954285,2906630.0328661194,2056208.4883862396,1730300.7967743208
2112903.689619607,1831529.9683972434,2338472.5236548395,1874013.5646241235,2391535.3946637465,2172572.266007749,2382474.6375517775,2428436.861082737,2254401.8660517936,2744663.3713153074,1858477.1510227858,2134286.8307125787,2105778.390420353,1356883.1875830193,1946569.3595647225,1425399.9299674756,1543945.3186146412,2085225.6016299117,1539720.7369895587,1644927.0259747661,2138702.6804388845,1791035.454954285,2906630.0328661194,2056208.4883862396,1730300.7967743208
2112903.689619607,1831529.9683972434,2338472.5236548395,1874013.5646241235,2391535.3946637465,2172572.266007749,2382474.6375517775,2428436.861082737,2254401.8660517936,2744663.3713153074,1858477.1510227858,2134286.8307125787,2105778.390420353,1356883.1875830193,1946569.3595647225,1425399.9299674756,1543945.3186146412,2085225.6016299117,1539720.7369895587,1644927.0259747661,2138702.6804388845,1791035.454954285,2906630.0328661194,2056208.4883862396,1730300.7967743208
2112903.689619607,1831529.9683972434,2338472.5236548395,1874013.5646241235,2391535.3946637465,2172572.266007749,2382474.6375517775,2428436.861082737,2254401.8660517936,2744663.3713153074,1858477.1510227858,2134286.8307125787,2105778.390420353,1356883.1875830193,1946569.3595647225,1425399.9299674756,1543945.3186146412,2085225.6016299117,1539720.7369895587,1644927.0259747661,2138702.6804388845,1791035.454954285,2906630.0328661194,2056208.4883862396,1730300.7967743208
2112903.689619607,1831529.9683972434,2338472.5236548395,1874013.5646241235,2391535.3946637465,2172572.266007749,2382474.6375517775,2428436.861082737,2254401.8660517936,2744663.3713153074,1858477.1510227858,2134286.8307125787,2105778.390420353,1356883.1875830193,1946569.3595647225,1425399.9299674756,1543945.3186146412,2085225.6016299117,1539720.7369895587,1644927.0259747661,2138702.6804388845,1791035.454954285,2906630.0328661194,2056208.4883862396,1730300.7967743208
2112903.689619607,1831529.9683972434,2338472.5236548395,1874013.5646241235,2391535.3946637465,2172572.266007749,2382474.6375517775,2428436.861082737,2254401.8660517936,2744663.3713153074,1858477.1510227858,2134286.8307125787,2105778.390420353,1356883.1875830193,1946569.3595647225,1425399.9299674756,1543945.3186146412,2085225.6016299117,1539720.7369895587,1644927.0259747661,2138702.6804388845,1791035.454954285,2906630.0328661194,2056208.4883862396,1730300.7967743208
2112903.689619607,1831529.9683972434,2338472.5236548395,1874013.5646241235,2391535.3946637465,2172572.266007749,2382474.6375517775,2428436.861082737,2254401.8660517936,2744663.3713153074,1858477.1510227858,2134286.8307125787,2105778.390420353,1356883.1875830193,1946569.3595647225,1425399.9299674756,1543945.3186146412,2085225.6016299117,1539720.7369895587,1644927.0259747661,2138702.6804388845,1791035.454954285,2906630.0328661194,2056208.4883862396,1730300.7967743208
2112903.689619607,1831529.9683972434,2338472.5236548395,1874013.5646241235,2391535.3946637465,2172572.266007749,2382474.6375517775,2428436.861082737,2254401.8660517936,2744663.3713153074,1858477.1510227858,2134286.8307125787,2105778.390420353,1356883.1875830193,1946569.3595647225,1425399.9299674756,1543945.3186146412,2085225.6016299117,1539720.7369895587,1644927.0259747661,2138702.6804388845,1791035.454954285,2906630.0328661194,2056208.4883862396,1730300.7967743208
2112903.689619607,1831529.9683972434,2338472.5236548395,1874013.5646241235,2391535.3946637465,2172572.266007749,2382474.6375517775,2428436.861082737,2254401.8660517936,2744663.3713153074,1858477.1510227858,2134286.8307125787,2105778.390420353,1356883.1875830193,1946569.3595647225,1425399.9299674756,1543945.3186146412,2085225.6016299117,1539720.7369895587,1644927.0259747661,2138702.6804388845,1791035.454954285,2906630.0328661194,2056208.4883862396,1730300.7967743208
2112903.689619607,1831529.9683972434,2338472.5236548395,1874013.5646241235,2391535.3946637465,2172572.266007749,2382474.6375517775,2428436.861082737,2254401.8660517936,2744663.3713153074,1858477.1510227858,2134286.8307125787,2105778.390420353,1356883.1875830193,1946569.3595647225,1425399.9299674756,1543945.3186146412,2085225.6016299117,1539720.7369895587,1644927.0259747661,2138702.6804388845,1791035.454954285,2906630.0328661194,2056208.4883862396,1730300.7967743208
2112903.689619607,1831529.9683972434,2338472.5236548395,1874013.5646241235,2391535.3946637465,2172572.266007749,2382474.6375517775,2428436.861082737,2254401.8660517936,2744663.3713153074,1858477.1510227858,2134286.8307125787,2105778.390420353,1356883.1875830193,1946569.3595647225,1425399.9299674756,1543945.3186146412,2085225.6016299117,1539720.7369895587,1644927.0259747661,2138702.6804388845,1791035.454954285,2906630.0328661194,2056208.4883862396,1730300.7967743208
2112903.689619607,1831529.9683972434,2338472.5236548395,1874013.5646241235,2391535.3946637465,2172572.266007749,2382474.6375517775,2428436.861082737,2254401.8660517936,2744663.3713153074,1858477.1510227858,2134286.8307125787,2105778.390420353,1356883.1875830193,1946569.3595647225,1425399.9299674756,1543945.3186146412,2085225.6016299117,1539720.7369895587,1644927.0259747661,2138702.6804388845,1791035.454954285,2906630.0328661194,2056208.4883862396,1730300.7967743208
2112903.689619607,1831529.9683972434,2338472.5236548395,1874013.5646241235,2391535.3946637465,2172572.266007749,2382474.6375517775,2428436.861082737,2254401.8660517936,2744663.3713153074,1858477.1510227858,2134286.8307125787,2105778.390420353,1356883.1875830193,1946569.3595647225,1425399.9299674756,1543945.3186146412,2085225.6016299117,1539720.7369895587,1644927.0259747661,2138702.6804388845,1791035.454954285,2906630.0328661194,2056208.4883862396,1730300.7967743208
2112903.689619607,1831529.9683972434,2338472.5236548395,1874013.5646241235,2391535.3946637465,2172572.266007749,2382474.6375517775,2428436.861082737,2254401.8660517936,2744663.3713153074,1858477.1510227858,2134286.8307125787,2105778.390420353,1356883.1875830193,1946569.3595647225,1425399.9299674756,1543945.3186146412,2085225.6016299117,1539720.7369895587,1644927.0259747661,2138702.6804388845,1791035.454954285,2906630.0328661194,2056208.4883862396,1730300.7967743208
2112903.689619607,1831529.9683972434,2338472.5236548395,1874013.5646241235,2391535.3946637465,2172572.266007749,2382474.6375517775,2428436.861082737,2254401.8660517936,2744663.3713153074,1858477.1510227858,2134286.8307125787,2105778.390420353,1356883.1875830193,1946569.3595647225,1425399.9299674756,1543945.3186146412,2085225.6016299117,1539720.7369895587,1644927.0259747661,2138702.6804388845,1791035.454954285,2906630.0328661194,2056208.4883862396,1730300.7967743208
2112903.689619607,1831529.9683972434,2338472.5236548395,1874013.5646241235,2391535.3946637465,2172572.266007749,2382474.6375517775,2428436.861082737,2254401.8660517936,2744663.3713153074,1858477.1510227858,2134286.8307125787,2105778.390420353,1356883.1875830193,1946569.3595647225,1425399.9299674756,1543945.3186146412,2085225.6016299117,1539720.7369895587,1644927.0259747661,2138702.6804388845,1791035.454954285,2906630.0328661194,2056208.4883862396,1730300.7967743208
2112903.689619607,1831529.9683972434,2338472.5236548395,1874013.5646241235,2391535.3946637465,2172572.266007749,2382474.6375517775,2428436.861082737,2254401.8660517936,2744663.3713153074,1858477.1510227858,2134286.8307125787,2105778.390420353,1356883.1875830193,1946569.3595647225,1425399.9299674756,1543945.3186146412,2085225.6016299117,1539720.7369895587,1644927.0259747661,2138702.6804388845,1791035.454954285,2906630.0328661194,2056208.4883862396,1730300.7967743208
2112903.689619607,1831529.9683972434,2338472.5236548395,1874013.5646241235,2391535.3946637465,2172572.266007749,2382474.6375517775,2428436.861082737,2254401.8660517936,2744663.3713153074,1858477.1510227858,2134286.8307125787,2105778.390420353,1356883.1875830193,1946569.3595647225,1425399.9299674756,1543945.3186146412,2085225.6016299117,1539720.7369895587,1644927.0259747661,2138702.6804388845,1791035.454954285,2906630.0328661194,2056208.4883862396,1730300.7967743208
2112903.689619607,1831529.9683972434,2338472.5236548395,1874013.5646241235,2391535.3946637465,2172572.266007749,2382474.6375517775,2428436.861082737,2254401.8660517936,2744663.3713153074,1858477.1510227858,2134286.8307125787,2105778.390420353,1356883.1875830193,1946569.3595647225,1425399.9299674756,1543945.3186146412,2085225.6016299117,1539720.7369895587,1644927.0259747661,2138702.6804388845,1791035.454954285,2906630.0328661194,2056208.4883862396,1730300.7967743208
2112903.689619607,1831529.9683972434,2338472.5236548395,1874013.5646241235,2391535.3946637465,2172572.266007749,2382474.6375517775,2428436.861082737,2254401.8660517936,2744663.3713153074,1858477.1510227858,2134286.8307125787,2105778.390420353,1356883.1875830193,1946569.3595647225,1425399.9299674756,1543945.3186146412,2085225.6016299117,1539720.7369895587,1644927.0259747661,2138702.6804388845,1791035.454954285,2906630.0328661194,2056208.4883862396,1730300.7967743208
2112903.689619607,1831529.9683972434,2338472.5236548395,1874013.5646241235,2391535.3946637465,2172572.266007749,2382474.6375517775,2428436.861082737,2254401.8660517936,2744663.3713153074,1858477.1510227858,2134286.8307125787,2105778.390420353,1356883.1875830193,1946569.3595647225,1425399.9299674756,1543945.3186146412,2085225.6016299117,1539720.7369895587,1644927.0259747661,2138702.6804388845,1791035.454954285,2906630.0328661194,2056208.4883862396,1730300.7967743208
2112903.689619607,1831529.9683972434,2338472.5236548395,1874013.5646241235,2391535.3946637465,2172572.266007749,2382474.6375517775,2428436.861082737,2254401.8660517936,2744663.3713153074,1858477.1510227858,2134286.8307125787,2105778.390420353,1356883.1875830193,1946569.3595647225,1425399.9299674756,1543945.3186146412,2085225.6016299117,1539720.7369895587,1644927.0259747661,2138702.6804388845,1791035.454954285,2906630.0328661194,2056208.4883862396,1730300.7967743208
2112903.689619607,1831529.9683972434,2338472.5236548395,1874013.5646241235,2391535.3946637465,2172572.266007749,2382474.6375517775,2428436.861082737,2254401.8660517936,2744663.3713153074,1858477.1510227858,2134286.8307125787,2105778.390420353,1356883.1875830193,1946569.3595647225,1425399.9299674756,1543945.3186146412,2085225.6016299117,1539720.7369895587,1644927.0259747661,2138702.6804388845,1791035.454954285,2906630.0328661194,2056208.4883862396,1730300.7967743208
2112903.689619607,1831529.9683972434,2338472.5236548395,1874013.5646241235,2391535.3946637465,2172572.266007749,2382474.6375517775,2428436.861082737,2254401.8660517936,2744663.3713153074,1858477.1510227858,2134286.8307125787,2105778.390420353,1356883.1875830193,1946569.3595647225,1425399.9299674756,1543945.3186146412,2085225.6016299117,1539720.7369895587,1644927.0259747661,2138702.6804388845,1791035.454954285,2906630.0328661194,2056208.4883862396,1730300.7967743208
2112903.689619607,1831529.9683972434,2338472.5236548395,1874013.5646241235,2391535.3946637465,2172572.266007749,2382474.6375517775,2428436.861082737,2254401.8660517936,2744663.3713153074,1858477.1510227858,2134286.8307125787,2105778.390420353,1356883.1875830193,1946569.3595647225,1425399.9299674756,1543945.3186146412,2085225.6016299117,1539720.7369895587,1644927.0259747661,2138702.6804388845,1791035.454954285,2906630.0328661194,2056208.4883862396,1730300.7967743208
2112903.689619607,1831529.9683972434,2338472.5236548395,1874013.5646241235,2391535.3946637465,2172572.266007749,2382474.6375517775,2428436.861082737,2254401.8660517936,2744663.3713153074,1858477.1510227858,2134286.8307125787,2105778.390420353,1356883.1875830193,1946569.3595647225,1425399.9299674756,1543945.3186146412,2085225.6016299117,1539720.7369895587,1644927.0259747661,2138702.6804388845,1791035.454954285,2906630.0328661194,2056208.4883862396,1730300.7967743208
2112903.689619607,1831529.9683972434,2338472.5236548395,1874013.5646241235,2391535.3946637465,2172572.266007749,2382474.6375517775,2428436.861082737,2254401.8660517936,2744663.3713153074,1858477.1510227858,2134286.8307125787,2105778.390420353,1356883.1875830193,1946569.3595647225,1425399.9299674756,1543945.3186146412,2085225.6016299117,1539720.7369895587,1644927.0259747661,2138702.6804388845,1791035.454954285,2906630.0328661194,2056208.4883862396,1730300.7967743208
2112903.689619607,1831529.9683972434,2338472.5236548395,1874013.5646241235,2391535.3946637465,2172572.266007749,2382474.6375517775,2428436.861082737,2254401.8660517936,2744663.3713153074,1858477.1510227858,2134286.8307125787,2105778.390420353,1356883.1875830193,1946569.3595647225,1425399.9299674756,1543945.3186146412,2085225.6016299117,1539720.7369895587,1644927.0259747661,2138702.6804388845,1791035.454954285,2906630.0328661194,2056208.4883862396,1730300.7967743208
2112903.689619607,1831529.9683972434,2338472.5236548395,1874013.5646241235,2391535.3946637465,2172572.266007749,2382474.6375517775,2428436.861082737,2254401.8660517936,2744663.3713153074,1858477.1510227858,2134286.8307125787,2105778.390420353,1356883.1875830193,1946569.3595647225,1425399.9299674756,1543945.3186146412,2085225.6016299117,1539720.7369895587,1644927.0259747661,2138702.6804388845,1791035.454954285,2906630.0328661194,2056208.4883862396,1730300.7967743208
2112903.689619607,1831529.9683972434,2338472.5236548395,1874013.5646241235,2391535.3946637465,2172572.266007749,2382474.6375517775,2428436.861082737,2254401.8660517936,2744663.3713153074,1858477.1510227858,2134286.8307125787,2105778.390420353,1356883.1875830193,1946569.3595647225,1425399.9299674756,1543945.3186146412,2085225.6016299117,1539720.7369895587,1644927.0259747661,2138702.6804388845,1791035.454954285,2906630.0328661194,2056208.4883862396,1730300.7967743208
2112903.689619607,1831529.9683972434,2338472.5236548395,1874013.5646241235,2391535.3946637465,2172572.266007749,2382474.6375517775,2428436.861082737,2254401.8660517936,2744663.3713153074,1858477.1510227858,2134286.8307125787,2105778.390420353,1356883.1875830193,1946569.3595647225,1425399.9299674756,1543945.3186146412,2085225.6016299117,1539720.7369895587,1644927.0259747661,2138702.6804388845,1791035.454954285,2906630.0328661194,2056208.4883862396,1730300.7967743208
2112903.689619607,1831529.9683972434,2338472.5236548395,1874013.5646241235,2391535.3946637465,2172572.266007749,2382474.6375517775,2428436.861082737,2254401.8660517936,2744663.3713153074,1858477.1510227858,2134286.8307125787,2105778.390420353,1356883.1875830193,1946569.3595647225,1425399.9299674756,1543945.3186146412,2085225.6016299117,1539720.7369895587,1644927.0259747661,2138702.6804388845,1791035.454954285,2906630.0328661194,2056208.4883862396,1730300.7967743208
2112903.689619607,1831529.9683972434,2338472.5236548395,1874013.5646241235,2391535.3946637465,2172572.266007749,2382474.6375517775,2428436.861082737,2254401.8660517936,2744663.3713153074,1858477.1510227858,2134286.8307125787,2105778.390420353,1356883.1875830193,1946569.3595647225,1425399.9299674756,1543945.3186146412,2085225.6016299117,1539720.7369895587,1644927.0259747661,2138702.6804388845,1791035.454954285,2906630.0328661194,2056208.4883862396,1730300.7967743208
2112903.689619607,1831529.9683972434,2338472.5236548395,1874013.5646241235,2391535.3946637465,2172572.266007749,2382474.6375517775,2428436.861082737,2254401.8660517936,2744663.3713153074,1858477.1510227858,2134286.8307125787,2105778.390420353,1356883.1875830193,1946569.3595647225,1425399.9299674756,1543945.3186146412,2085225.6016299117,1539720.7369895587,1644927.0259747661,2138702.6804388845,1791035.454954285,2906630.0328661194,2056208.4883862396,1730300.7967743208
2112903.689619607,1831529.9683972434,2338472.5236548395,1874013.5646241235,2391535.3946637465,2172572.266007749,2382474.6375517775,2428436.861082737,2254401.8660517936,2744663.3713153074,1858477.1510227858,2134286.8307125787,2105778.390420353,1356883.1875830193,1946569.3595647225,1425399.9299674756,1543945.3186146412,2085225.6016299117,1539720.7369895587,1644927.0259747661,2138702.6804388845,1791035.454954285,2906630.0328661194,2056208.4883862396,1730300.7967743208
2112903.689619607,1831529.9683972434,2338472.5236548395,1874013.5646241235,2391535.3946637465,2172572.266007749,2382474.6375517775,2428436.861082737,2254401.8660517936,2744663.3713153074,1858477.1510227858,2134286.8307125787,2105778.390420353,1356883.1875830193,1946569.3595647225,1425399.9299674756,1543945.3186146412,2085225.6016299117,1539720.7369895587,1644927.0259747661,2138702.6804388845,1791035.454954285,2906630.0328661194,2056208.4883862396,1730300.7967743208
2112903.689619607,1831529.9683972434,2338472.5236548395,1874013.5646241235,2391535.3946637465,2172572.266007749,2382474.6375517775,2428436.861082737,2254401.8660517936,2744663.3713153074,1858477.1510227858,2134286.8307125787,2105778.390420353,1356883.1875830193,1946569.3595647225,1425399.9299674756,1543945.3186146412,2085225.6016299117,1539720.7369895587,1644927.0259747661,2138702.6804388845,1791035.454954285,2906630.0328661194,2056208.4883862396,1730300.7967743208
2112903.689619607,1831529.9683972434,2338472.5236548395,1874013.5646241235,2391535.3946637465,2172572.266007749,2382474.6375517775,2428436.861082737,2254401.8660517936,2744663.3713153074,1858477.1510227858,2134286.8307125787,2105778.390420353,1356883.1875830193,1946569.3595647225,1425399.9299674756,1543945.3186146412,2085225.6016299117,1539720.7369895587,1644927.0259747661,2138702.6804388845,1791035.454954285,2906630.0328661194,2056208.4883862396,1730300.7967743208
2112903.689619607,1831529.9683972434,2338472.5236548395,1874013.5646241235,2391535.3946637465,2172572.266007749,2382474.6375517775,2428436.861082737,2254401.8660517936,2744663.3713153074,1858477.1510227858,2134286.8307125787,2105778.390420353,1356883.1875830193,1946569.3595647225,1425399.9299674756,1543945.3186146412,2085225.6016299117,1539720.7369895587,1644927.0259747661,2138702.6804388845,1791035.454954285,2906630.0328661194,2056208.4883862396,1730300.7967743208
2112903.689619607,1831529.9683972434,2338472.5236548395,1874013.5646241235,2391535.3946637465,2172572.266007749,2382474.6375517775,2428436.861082737,2254401.8660517936,2744663.3713153074,1858477.1510227858,2134286.8307125787,2105778.390420353,1356883.1875830193,1946569.3595647225,1425399.9299674756,1543945.3186146412,2085225.6016299117,1539720.7369895587,1644927.0259747661,2138702.6804388845,1791035.454954285,2906630.0328661194,2056208.4883862396,1730300.7967743208
2112903.689619607,1831529.9683972434,2338472.5236548395,1874013.5646241235,2391535.3946637465,2172572.266007749,2382474.6375517775,2428436.861082737,2254401.8660517936,2744663.3713153074,1858477.1510227858,2134286.8307125787,2105778.390420353,1356883.1875830193,1946569.3595647225,1425399.9299674756,1543945.3186146412,2085225.6016299117,1539720.7369895587,1644927.0259747661,2138702.6804388845,1791035.454954285,2906630.0328661194,2056208.4883862396,1730300.7967743208
2112903.689619607,1831529.9683972434,2338472.5236548395,1874013.5646241235,2391535.3946637465,2172572.266007749,2382474.6375517775,2428436.861082737,2254401.8660517936,2744663.3713153074,1858477.1510227858,2134286.8307125787,2105778.390420353,1356883.1875830193,1946569.3595647225,1425399.9299674756,1543945.3186146412,2085225.6016299117,1539720.7369895587,1644927.0259747661,2138702.6804388845,1791035.454954285,2906630.0328661194,2056208.4883862396,1730300.7967743208
2112903.689619607,1831529.9683972434,2338472.5236548395,1874013.5646241235,2391535.3946637465,2172572.266007749,2382474.6375517775,2428436.861082737,2254401.8660517936,2744663.3713153074,1858477.1510227858,2134286.8307125787,2105778.390420353,1356883.1875830193,1946569.3595647225,1425399.9299674756,1543945.3186146412,2085225.6016299117,1539720.7369895587,1644927.0259747661,2138702.6804388845,1791035.454954285,2906630.0328661194,2056208.4883862396,1730300.7967743208
2112903.689619607,1831529.9683972434,2338472.5236548395,1874013.5646241235,2391535.3946637465,2172572.266007749,2382474.6375517775,2428436.861082737,2254401.8660517936,2744663.3713153074,1858477.1510227858,2134286.8307125787,2105778.390420353,1356883.1875830193,1946569.3595647225,1425399.9299674756,1543945.3186146412,2085225.6016299117,1539720.7369895587,1644927.0259747661,2138702.6804388845,1791035.454954285,2906630.0328661194,2056208.4883862396,1730300.7967743208
2112903.689619607,1831529.9683972434,2338472.5236548395,1874013.5646241235,2391535.3946637465,2172572.266007749,2382474.6375517775,2428436.861082737,2254401.8660517936,2744663.3713153074,1858477.1510227858,2134286.8307125787,2105778.390420353,1356883.1875830193,1946569.3595647225,1425399.9299674756,1543945.3186146412,2085225.6016299117,1539720.7369895587,1644927.0259747661,2138702.6804388845,1791035.454954285,2906630.0328661194,2056208.4883862396,1730300.7967743208
