trial_1,trial_2,trial_3,trial_4,trial_5,trial_6,trial_7,trial_8,trial_9,trial_10,trial_11,trial_12,trial_13,trial_14,trial_15,trial_16,trial_17,trial_18,trial_19,trial_20,trial_21,trial_22,trial_23,trial_24,trial_25
458143582.1974688,1776507449.0488582,1050877212.120611,976542833.1065948,1039166697.1001091,778397678.9537728,960890441.6032645,1036471087.498568,2398194193.842816,1221318502.784267,1464209756.153557,942310411.6486758,737400055.0802401,461978961.461867,1834632243.9368951,1309701469.3187523,1055800220.1994802,1921501252.0023215,1362166541.6296053,1006173979.1106097,925155802.9829514,998235777.5572693,684635964.665146,884959435.6855164,1195974658.8437676
455137920.482647,1469705835.6477187,983192805.8952473,959352090.4224826,888262235.984922,559513403.8873049,811842617.6100994,523432764.0706212,2378875295.4998865,1190138850.8671587,1391133481.6997857,928711382.3772668,737400055.0802401,444775411.9014399,1230744231.5421052,994780251.6486073,919372579.0446796,1522613543.4598577,1317938858.7498512,982737790.9437652,875043046.3634703,921284294.5566087,651727843.4484609,882936669.4559743,1195974658.8437676
446469268.22669786,866988553.3100716,943360450.973964,824761277.5999236,782027495.5307603,534271889.0413361,802037035.2790717,519510753.1748851,2320395312.873231,1172972941.534601,1170295304.361819,925829809.5812125,730800927.7338289,439545555.85314924,740886026.019375,968183195.2664053,906179367.3753153,1363351396.6441605,1317425289.580341,521180302.16276497,834494707.390691,496845216.81091994,651727843.4484609,870108048.3329409,1185755303.2603393
431384355.78496885,715113347.9405421,922456651.1014894,735504396.3966401,739622580.7588705,520841437.0342539,780217395.514404,428885737.4063886,2215398455.848729,1098213734.0648031,1131915501.3573105,923078225.7519693,681112526.024618,358758782.3520138,693741527.3303326,903078818.0271147,563913191.8426534,1334394536.0982676,1310778414.9549952,510071745.61894935,738689149.4149126,431281473.38545215,647692991.7854629,852597018.2555732,903879326.3124661
411776792.3168322,674439392.8721869,896371771.6275642,647015651.5328112,738789828.8461567,480611131.1423496,774584980.6658252,404990371.6547314,2165673107.8958883,1088553167.4930546,1035314124.298703,916983521.514475,680986249.3599765,358300531.0555728,632491838.8231475,832908331.2275977,542276942.2103771,1290083722.605201,1295136968.0401232,360594374.70034623,709615340.9595096,372808244.0990578,642647274.8072666,810668558.2075614,903476937.540073
410592443.80467963,559597301.3366739,870456669.0794264,567744803.7599154,736566036.372678,472376562.7205992,763780089.7918285,398433515.18635726,1876527200.4349544,1081904115.1514595,945370347.4895173,910489247.3033153,674586812.3503658,350040366.4617686,604417963.6973475,783618547.5259316,417419573.59518915,1258765275.2529175,1291344374.445042,253592891.25742757,654674090.0733675,365497172.86832094,628243545.2373595,779017260.3829883,901528877.274229
395586126.5317629,546866771.5104144,853882747.1158257,508269936.99591815,734368644.8941275,470447929.6631461,755065033.1733263,397007306.9362729,1829315254.0524712,1065715095.3168176,937036417.2505844,907649126.3346915,658459269.4995253,348983567.18662363,597112181.563109,763754319.9505146,367094591.20266557,1215391397.4261317,1291344374.445042,91757590.1174461,637780873.2058557,363845044.20164526,588953103.5718108,718098995.3798517,889855080.3095049
384387673.680714,546866771.5104144,690521494.8134594,459496245.7181464,729862423.3069506,470447929.6631461,751047712.5084931,366040137.7334093,1679597969.320978,1060483265.39935,898817713.4776306,907357476.0958964,625168529.664242,345182229.03467095,591910242.291332,739571612.0420709,364212976.3181051,1201613368.0667374,1289789762.7249362,90604538.53193709,618789044.4819505,352668388.85895115,576822663.9355949,699414928.6143461,867481778.5876677
374553201.288891,529276935.3469379,616248968.1779529,433309150.51234645,716419983.1500144,467199146.71210337,742107688.4936273,327938713.6398541,1540014619.4551585,1049912701.2869383,891377835.7894751,878651449.0020835,596391316.7219063,314230938.5455436,590590530.7100376,726850087.7390085,357089681.51243544,1185928746.8114517,1239158306.9850364,90201900.43525405,591357558.858015,319430470.10386056,571757138.0554036,679182470.0619175,855621631.4404202
366341979.06202173,518813959.84960896,554573060.7950826,403702905.5785002,695790871.4962715,460554275.8855749,734384105.1937447,326957835.13095534,1516452559.7534854,1041329489.351401,891377835.7894751,839926536.083324,589587249.6715592,304093192.03135365,587948870.1804982,710282416.6467074,338149624.40247744,1185619862.9148378,1189912942.7216344,90053536.70762734,580002631.1672311,306038502.0388612,564409973.298396,645892640.2758116,844908540.4108783
348109045.4301279,485128531.889133,507644894.2150593,349234964.6458053,690759683.0638402,459678352.294365,712113030.3729887,324274949.70821047,1483984131.2977345,1025030625.6490093,890332139.2492231,818948215.125743,585285033.12632,287628075.1556222,584107281.5041795,672311470.8261834,327497982.3940264,1107681113.0778708,1189535507.49785,88080177.52008747,555203861.7067903,293604570.8747165,557738345.5625612,609187287.9061213,840439957.9549239
335012916.66066134,448140948.1573268,478495231.28099155,347873242.37658745,686429806.0790148,455898496.96762574,674720046.3294529,324268488.1972677,1450648160.1011288,1008465517.257951,890332139.2492231,790392206.8275778,579538133.755762,284261903.81743807,573383671.6365862,657065847.6054219,316960664.6555645,1090109201.5163255,1171490341.4762824,85748986.65118307,512484202.81454873,282662099.0984094,535503854.3376749,604453780.34264,827995635.7366792
329735598.46461517,446045242.5001366,467744031.03146785,347873242.37658745,675243129.0574665,442081026.72313994,670656878.5302724,323877064.83387065,1420407382.4674768,979854860.6648545,886659580.4574192,769032863.0320557,567256874.0046346,277214877.32223076,569132781.6149566,637479237.4987369,300830534.57886493,1089367796.5493534,1149484421.3621836,77520354.84809811,502102741.03390896,279755678.67995435,527192191.84619457,580582392.8010571,810893362.8836517
313174274.9844487,439984949.1390414,463271271.17507225,347544609.94228095,675243129.0574665,437920012.9746644,653052681.4370741,323702485.3300737,1400337229.724891,970507897.020191,885712848.24533,769032863.0320557,563618723.4429327,258779071.6275118,559660644.506306,637479237.4987369,290945100.73003536,1089010601.410044,1058393526.6273655,77314447.99365254,497329756.38139963,272590698.3059942,526138139.5081698,579825469.2169629,789129753.2273895
310962557.88719165,430564096.33936363,462911611.60754013,345213753.448015,672340430.3480691,436069536.17096126,639230307.20701,321233691.44183344,1388432806.6852808,953012760.252682,872044898.03347,769032863.0320557,559195586.4723798,252949952.8435741,552685753.1963233,633860919.1507367,286771609.22547144,1085091930.5040777,1036324839.3941528,76811222.66638061,491899717.8226192,266494828.77666694,523767508.65902835,555487415.0224091,774437318.6308666
308203754.5420741,415993431.09351397,461722608.9747198,343706578.13195413,671398778.8292202,433773973.2923124,629709120.0838304,319864449.35274917,1368945595.1973147,953012760.252682,859505358.7827905,722854692.1329869,555585875.5484831,243398234.72866085,550973040.7712961,626030833.2204373,278625543.49217254,1072216592.3710827,922413125.490963,76783884.34396458,488383073.3225692,261360933.95724007,522254727.84144205,551778620.3225887,766129107.9777106
306587489.70069665,415908433.18885547,460989360.9903197,341414957.1199586,671396307.7875724,428294766.0520127,629709120.0838304,319491055.9849626,1343452474.5535717,940706605.7801627,855042205.2232063,662936324.4798276,554955790.9527234,241740453.76592696,546775784.5157751,619540529.0230334,273778987.27262914,1047775608.5906658,865686569.7801399,76056367.53120679,479076742.8369432,254207405.56569302,515321435.1807753,540833673.6392536,748374176.8522894
293983333.478662,415330130.1906151,404988646.4712545,341234997.0227907,671396307.7875724,424769855.30753756,622946840.6841779,316879009.8294405,1330225390.2383177,938181481.8822839,850441359.9445124,635176366.9565725,552912013.0570229,240420877.54068953,543280397.002891,617230557.1239831,270004843.2468701,1033963287.3535067,843218032.8368063,75762392.01777646,469493646.197754,241941958.03312016,513379309.42498916,536979613.4036119,745357577.1168442
288624150.2961121,412318536.29895014,372245533.8461743,339725590.0222273,669512422.2794157,415197449.1300707,610639771.223803,316212464.28473115,1315279030.7017424,934978211.7052821,844013120.737511,614123054.1062568,552322663.0658672,236438501.2898812,538392559.5280892,612844942.0958102,267657291.09117907,1033299464.7756013,819742437.1480917,75049816.63800149,463145000.1444513,238033009.61689213,511722388.4189616,534050181.02003086,740353378.8470894
282016706.5156147,410890258.30329686,367460027.9625322,333270109.34677637,667301919.4956597,412778572.3081464,606218209.5067604,314763111.4556159,1302067702.0908318,928919199.7758098,841962503.5293994,551321527.1110432,546136190.3873144,235721534.77976996,537174342.3989656,610873284.7164398,263278297.9899676,1033241284.6108141,809307574.2851225,73555049.88307185,461765625.4552961,236587870.04599136,511601071.5734266,530149040.6732699,736599654.6188378
277628784.40601194,408589797.5205727,360945826.68698746,331263498.9184404,666538347.7437402,403779322.5903796,597269103.1097419,314661183.523075,1282302886.3520486,928745305.2003224,839327787.0604047,534308499.570926,546101089.8235534,231574645.0634417,501091141.57528776,601903118.5941238,248978895.25422633,1011185008.6902547,777596717.6054047,72574749.20090215,453657703.3465936,233555926.2550273,510190777.0622137,528281459.3000017,733704700.9226973
272912296.7565214,406511631.0365743,360831974.3514678,330294202.86135817,666525497.5118823,396524843.0703193,586810657.2984078,314441334.96222764,1265616148.0150113,921004535.1218568,836197404.435168,524186124.7825548,545442429.0633193,231205011.36256522,475578682.2471155,590306491.0610296,248743525.74758428,993303213.8123105,749555242.3381861,71935835.78787571,453057097.1023911,224739683.84788132,509874645.9906458,526791014.6310092,730869856.0611029
270084881.99327946,404775760.8884185,360061248.62731886,327537146.0450174,664830953.7370515,394165370.8332973,583370776.3730487,313870894.29561794,1244549846.2640693,917550279.7156415,824605259.1499811,509233049.83630866,541061182.0799829,231049456.7691333,448777410.29620105,581316616.0142634,239090524.2365255,983305564.5037775,708635090.7924857,71835170.54474322,452223382.97000927,222275488.85323218,508521944.7134461,526322525.61394215,729427645.6495665
265728929.55465376,401024897.62858784,359756190.32117677,327521471.4162026,660037520.8607116,389937905.1658155,582785554.3481067,313358509.8710907,1212476406.8424814,914879213.9435546,816914071.5108162,470124341.66131306,537016017.7240704,230240648.7277025,420526275.6832678,567895092.7258272,235179186.98091146,971848888.6785415,685563383.6513829,71688507.67534257,449598984.5361682,220343994.62881505,508183028.86991805,521247805.2412663,726938509.4650264
261674021.40012923,399365810.80200595,353304602.9133728,326858213.61492324,659176918.0824564,379050561.93190914,582785554.3481067,313266035.27915376,1163066376.9708996,914266347.8350027,803974185.4459819,446508085.856494,535693922.9104439,230240648.7277025,403901491.3016956,559497648.0841805,234789909.63030598,968795920.6741694,646168092.2444777,71656963.41255109,446793637.9772425,218191635.14948282,507574279.21740997,519612855.28223014,719130384.0474523
256745077.6717246,399097384.38365227,351152104.9666608,326209066.7632759,657902166.1247537,370179162.7596002,579710130.3327154,312465593.5651036,1142009203.5945807,909908178.5318136,790066708.8508964,422234991.56571466,534010749.4822451,229159232.31196523,375757011.36870384,558422257.8931783,234789909.63030598,958679506.9765524,631086698.5287626,70852046.66087367,443384067.21222264,217761596.42906755,505730364.72044784,517262338.37745446,714931965.5477545
253546452.11788666,395588962.2862398,350436131.6065892,324607206.57587755,656839970.2274914,363431517.5242059,577612403.1206934,312203674.44775635,1126061923.4862812,909852376.2640978,788370673.3712696,411421735.554054,533129712.36396205,229159232.31196523,358212096.7353132,550325606.8265811,233209041.38047227,952154121.7916358,609827790.59015,69909733.13991377,439827280.1353816,212688137.06761605,501944885.7980584,516252056.54341114,712382787.4399285
250786684.19215,389752051.406835,347583866.4511969,324207467.1083998,655803214.7435263,356735698.16979796,575268521.0139788,311270158.97112864,1117483585.9585788,895571196.1973156,781001952.5997316,401761251.36125696,530964494.9630574,228644568.70339373,343725135.0556717,537289773.7993532,229871895.89439258,946630275.922762,579106522.8587161,69474684.98933052,439545466.75453544,204859060.10490072,499870649.40444475,516252056.54341114,709737236.4537716
249096555.9053578,385412507.96616733,345938774.531456,323194649.5393177,652448786.4027681,350175024.329809,573872608.8100249,310591577.0907694,1107040347.1080222,893377632.290601,773103093.1480612,396046223.46593195,524358306.3672294,228061260.80500308,329791048.0926592,533481966.39344466,227906955.88417733,942862945.9774904,576488737.5659705,68842299.21790941,432026164.38940775,199892620.47517827,497693111.5702451,515314401.56144917,703601993.209987
245389253.93626022,380477783.2265149,344627459.53060806,321096291.43735063,651671956.9812577,339919135.4674527,570281404.0640807,309970597.36050856,1097597560.0196164,892486752.6443609,761921021.9382693,385035284.2430943,522199327.9577153,227437061.14440686,323134858.7624596,509250900.54207635,227805688.9393754,940621605.0508536,576345070.941054,68818071.68619418,423465044.5930332,199307834.82650274,495960754.0496522,513711708.8215824,700781148.9900999
242178053.56995785,376848374.23709464,341664466.3092009,320518748.6034747,648968630.8724995,330937304.29968894,569228145.2432055,309248259.432149,1090261864.633606,886838620.4861963,754988181.5962507,376450836.24287045,520890207.14856064,226985378.37950608,319615770.00564915,499095777.6683148,223433762.78794512,939289037.5756501,566947457.347075,67076107.86275277,415504581.7384134,193476052.93461677,494174095.3595171,513241574.69209,694792690.6966245
241205315.15435866,375687709.0383452,339630224.85824037,319390092.6576543,646257212.8058697,330330151.3162602,568507748.5436605,309248259.432149,1041876490.1390231,884792438.3368114,747713551.779303,374816402.8935593,515024772.97363293,226907524.4493722,313470830.7431012,495842995.42597985,222861875.33540455,936302362.1067039,521775121.5930399,66118657.82829319,399262425.05982023,191747879.12924764,490435435.4180057,512485056.09678954,684223205.1480347
240184254.78054264,370405884.9858366,338525754.9273462,311186560.68555915,642223873.2982022,329587701.70581573,568347470.7725062,308851891.09096134,1035181939.236701,875468203.8391399,700932076.7845399,374501775.1021468,511924986.7204991,226293193.34027115,308995436.18759084,493409737.63737947,221903850.50187096,933381625.5086633,512974134.75471705,65104961.95478275,388709087.5556517,190903871.91557223,489252225.8515616,512171967.8524346,676114334.6970906
237464797.98516417,370211441.0081175,337647243.6433445,310042923.23596203,639152096.3205322,329261668.9237847,560490067.1623745,308646796.3086106,1019926236.8489774,873314977.0093223,682049964.6886423,374501775.1021468,509315923.0862858,226125635.91015333,293579503.51143116,490762123.0341646,218834373.86801606,930378067.3633424,509188907.34649897,64594433.671683945,381718973.0372117,189604113.63337556,487979005.4241956,509875530.26108104,668243736.6660084
236089633.9800257,367791873.9591778,329304834.86619127,309982777.60041493,634093312.9173188,328549992.240424,556815939.6269628,307450423.3677111,992739678.1584791,872059832.1625354,659545234.2186385,374356912.77900445,503906679.6629242,226024381.96982944,278656061.278755,473898665.8952525,218834373.86801606,918875514.6728411,500276348.0354273,63686243.29452821,380828606.1038579,187214769.3162687,487250372.6559606,508784123.8500069,665627992.8283334
235478665.8108738,367614905.8538725,327374327.4120392,308771194.491198,632801911.9888453,328313022.4512999,556538000.0799832,307025489.80842894,980784761.8348016,869831118.5826979,648646279.2315567,369582279.3535531,499381351.08699656,225167941.52731955,277279578.9026473,472416384.7450483,218298255.095491,913290206.4267569,494503705.1310375,63357754.83816343,376718293.12351984,186423556.00115123,486528820.84079367,507759381.3424141,661706329.5155989
234166805.59230855,366835863.8514716,324983352.7141913,307325368.90745986,626670811.955345,328281805.7642154,556274933.288627,305279930.15247554,975345935.4467003,868317965.224225,599933170.8558729,367702127.461171,492120662.6684998,221064152.3206354,272576508.6535035,471798646.95725894,218183202.9659409,912846365.986126,488803523.22123694,63303902.20416391,371030423.83412015,180692986.81064805,480230421.64708906,506786636.1994394,659032929.2043598
233966319.86272803,365226799.6455646,323647254.6883745,306542198.9061106,613813561.6845435,328256194.2237148,554561880.66314,303803375.7722208,974615884.8244865,862282949.617032,560443066.7403786,366478718.6955735,484326353.38521343,220657137.03324783,272389790.1463378,468307058.74306434,216963079.95342755,907758915.0580026,488803523.22123694,63262934.74167297,365684883.71433115,179674842.14293164,477017986.53455263,504259932.8441154,653626260.9305617
222453006.5340775,364325880.55624086,318603731.46946,306474126.070845,599362370.3756626,328192547.07877403,554432478.3178186,302617542.58547896,963123105.8220484,862268859.2991375,521789873.68244183,363105694.4757193,477347104.05594134,220588307.48527327,270003929.48146164,467207000.32432824,216893059.73072097,891963539.1155988,483124300.65665364,63118739.04533712,363198485.3026145,177469072.6427622,474402053.5983899,502995083.1224559,649549891.1645149
218220006.56090698,364219688.70755094,312357582.9094804,304536101.1125633,590765689.3773601,328138564.56403404,553711697.9104925,300473547.4995218,957047150.4708546,860059474.5103927,464073612.75285834,356186894.71094877,471038362.7109275,220190803.85397026,269680727.6139795,465489092.4407763,215003344.66146982,889864765.7708045,478094961.7705597,62997382.870205656,362360314.1160818,172842399.74827278,471904084.46535915,502937961.2625521,639564016.448066
214891847.6203383,364131007.3037976,310857433.9710997,289649500.32564586,577301890.77129,327711579.1931224,552660072.829984,299183768.9665714,956373042.0286891,853408212.4556413,389610743.8969854,353664230.88272685,470735121.7934597,219412470.89049938,266056062.5256981,460580464.57031965,213354811.09409124,886996975.6420074,477740660.0293885,62995140.67850154,358736686.0823632,169731538.72208998,467694024.9742005,498642161.4183532,634568289.9024432
211752143.0945885,363598324.1741894,308290202.0906912,289649039.67782086,566850071.1608902,327697859.39691573,550321939.6149162,295480941.0796242,953388638.3384407,845418986.3049302,341041666.4373245,350425283.8420529,465835461.96008736,218792671.65899622,266035774.9257459,448037444.36137,211650387.71255478,876753814.7607256,476340901.72758824,62970729.184769735,355798471.9820026,166537042.64882353,462803116.0445623,498013029.7018151,627797142.6673167
210493538.7577486,362435756.2765645,301622910.6455319,289087808.1013384,559495656.2237631,327332099.1797365,547981410.4353498,295349705.1789558,948336354.6117975,837394984.3496381,323983947.5086816,349275986.8187781,464371941.5229574,217205004.23801014,264409106.95807025,442826349.38062537,211622824.05379054,871749156.4901454,473284968.2894856,62513756.64123618,353223516.4296026,166120947.47590804,458162766.2557554,494687924.12950706,625989638.157696
210442940.36036792,361588046.94704366,298422509.3882827,288289814.1361696,487063278.5563933,327127160.2671961,547101506.2305082,294205557.50642145,945369902.8704294,829412058.6856005,312578103.8413878,347199176.04015195,462039906.03329825,215089561.1661439,263517477.14145386,441733500.1497169,211312036.398065,865209967.5234637,471218351.1369312,62159605.64381492,352113654.19827634,165553011.48093462,457959305.4766061,494040621.33288276,623146933.2002194
204199906.23882708,361301102.2224649,296876222.5326174,287399774.179042,452062515.55981374,326605855.7029839,546830019.4741598,294038827.03006643,941495870.2989253,824730614.858913,287653443.0186874,346468156.7612738,461292981.68176913,214163918.92133716,258650164.2236738,429267812.274292,209816552.0906743,862289311.8667114,469600749.25618607,61842787.54497487,349499448.37014973,163121049.60202923,453258536.6879251,493209860.18440366,611135823.5728593
199299023.97169963,360875092.1223418,295391397.1263645,286474367.7546826,421635354.53004855,326511401.36557716,544569940.8763257,292302943.37183064,939398814.1776177,817283332.0377306,273287929.62492573,346102942.33833534,450869628.6391571,211669649.65382984,255343834.57037294,422540056.1270296,209717395.7679717,849402063.3795893,467834916.5538117,61275263.992447175,347333747.7800832,159515931.4754074,449858756.54499114,489651879.6705167,588016295.3584796
197926756.57368422,360489367.73518366,293258853.38162285,257084228.6989348,415572944.0671706,325318841.1221555,544122305.8052596,290868229.6481499,935621743.2901355,815893530.512956,222338138.19795263,345239146.3646598,431172950.5460032,209132490.04411554,251068960.8260582,420332600.17801905,207661833.09166732,843598666.3439502,465907049.93197566,61140139.25148622,345925443.0521244,158954275.05412653,449055183.5540762,488526928.26480544,585627138.9829644
196309152.72221306,359419650.61412734,288501115.5742458,248835762.91739616,402831804.04807675,322617765.34853595,543260239.3620962,288752556.48066396,932325606.3582046,808090061.5447522,206286753.42322868,341787846.88410926,422937829.4295267,208941240.71723515,251068960.8260582,420301905.5320094,205580509.87390292,840512329.1465895,464824169.5538352,61079466.99816033,337118249.3220108,156750979.07635394,447401404.19204366,486830586.63607496,584247403.9066465
194017143.254029,358566840.80255836,276573060.1843187,246758109.72151002,401333494.47362465,320643355.80356807,543260239.3620962,287377536.14140606,930459242.9734821,798217531.2561089,194858431.7692086,341244888.90044516,412055619.52391666,206720844.17491493,250163913.5279504,412937765.9353217,203412865.1205493,840507957.0971786,464695343.5033798,60725008.58429015,329958230.99237126,156570195.4113187,441956456.11413306,483554429.6256881,583517087.3335574
193339335.7227239,358181964.1877417,272677464.95941544,244036685.40847713,398562583.86764866,319734217.7322067,540122754.7458009,286831650.14620954,929439002.9947042,790288293.0588063,169927177.51198995,341244888.90044516,398650081.4791966,205517936.45723832,244907488.71305138,412521994.4869375,202203848.68187347,839110283.6828281,464695343.5033798,60695969.53212614,325382269.05570245,155847083.94641107,440526696.9743508,480769013.4235354,578546888.3205436
182049824.90761483,357122486.7958116,272359409.6700308,239662098.848799,377119656.30455315,318392598.2357723,532057928.6619594,286831650.14620954,923798694.4286716,776135860.8834696,160103685.97218558,339538472.53052306,390946746.29135096,204830131.56062806,242485961.90562263,401920972.7257333,200369102.07607812,830349475.2387415,459254914.6748319,60440626.27019876,323045482.8034853,154553939.6325314,439080672.42636865,477639503.94597363,574854655.7684276
179073978.84422523,356190267.65419656,271302264.25709915,238874684.1015938,367317312.34522134,318012125.2815404,529389199.0490929,283294949.51216733,919402086.1200587,766028573.9034582,153781142.05734932,339139285.19666576,379240654.61970806,198521622.6934661,240253348.85483667,398654424.96817034,199334010.82777175,826288743.900297,451675343.46169394,60354530.037779175,318672485.98850423,150697133.93083775,438546345.2928828,474939769.8179157,572253555.5300227
171469099.402335,355946038.97221154,267206682.22257438,235059107.51826596,357276074.0121532,317508645.61165065,529389199.0490929,282872166.5449528,912512956.6113878,755607753.6455606,146993945.11662036,339022325.2066562,374942350.50811905,195636423.47548905,239006344.16507715,389476594.1179739,197832218.37995014,802225347.5781546,451002348.5611065,60088526.21994811,315960596.3148779,149519226.04159847,437348063.02146244,473153118.36540735,569687621.4362496
166263603.0760601,354516656.70211506,264397255.67619547,226357599.64244974,356947893.13966936,316379726.4060829,519306877.6199485,282543211.9112238,910556034.1319146,749784445.2008328,144960805.3137614,338790220.52577657,363966570.1509174,192497125.29371297,234609271.2991608,379570913.36439186,197374142.67627487,793098980.8865947,450304510.8969373,59702992.99832828,310391332.46876466,146186072.2744381,436937514.4441385,471081975.458811,568049542.0267512
158852747.84466806,352957314.3986516,264251035.44513407,224029348.0943116,355776591.72737616,315629273.8682201,519090953.2525736,279528994.85917884,909764170.935589,741382070.2381723,141840006.42691228,338699481.58542293,343679458.3534072,189293643.6342376,231559086.0927166,371953606.99036145,197269457.67077392,782015596.0906984,449052709.01690865,59298838.350937374,306106273.6424398,143990739.10969386,435590331.21247196,469857712.6928863,566000024.6016468
141768046.69900432,351981724.9204101,263667324.72582644,192617168.85101578,354140402.4634783,315407220.10721785,516589499.2745957,277716057.85040575,907524875.4889755,732809811.1296328,139355658.39447165,338296814.6646545,339468517.0922422,185375280.69730973,229029292.49908265,363118005.07098156,196741192.06513014,774877741.4948218,444119630.8934581,59262219.452925466,301030655.98514366,142661575.516482,434195035.4967156,467264871.31435716,561420542.009743
127461652.8606794,351244949.03648573,260609863.74347034,181136205.5935616,351000037.98469234,315055156.6272975,515624607.2633423,277680582.439194,902593180.6150495,728243354.0445987,134540378.61610427,338182751.51169676,332040934.4882888,183194605.2823417,227740024.96081913,350013327.8698073,195602337.58985263,765091742.3065693,443278283.2724073,54982141.27421317,292278995.8151475,140363190.01172382,434169146.5990753,465907380.79485196,551763283.821356
125762103.79509243,350646025.2736927,259939493.47933102,174790369.5111566,350636635.8267004,314466606.7625897,515624607.2633423,276986497.48712784,898290013.6923783,682924028.9239247,115749885.98144677,337332142.3152182,331973194.712701,178552591.47471952,225543275.4056935,336771010.3563813,194657707.26469046,750790070.7360219,442261471.6303266,54982141.27421317,285006189.40528935,138054092.51647067,431441454.44453245,464322398.64198244,544718952.4499166
124463587.17555565,350537527.7769805,259736666.56684232,170259996.73362806,347449353.5652569,314274621.0107732,515209015.50821835,276719401.94225186,881332879.5624732,640182949.5691549,115365026.85848941,337274765.2392568,330813486.50526285,175354593.2744283,222175613.55092013,315263053.9299438,193841108.04748088,750535872.7288548,438080542.4364391,54793024.265272275,275431227.44605786,136744086.17935437,426956633.5241888,463892977.65763885,523444036.20343685
123414093.04734263,349127908.05217654,259172895.38681856,162831888.56761166,347281883.9769626,313788776.90134835,514519236.86614656,276254375.2742385,878406698.9107133,612900055.4176981,103384452.51681253,335680083.7838413,327031805.9475878,174380970.89350906,221293633.35767114,274859721.58581847,191821815.67019138,743252053.6642084,437211476.8525855,54113636.282598354,261404926.91920093,134946828.58776462,419773568.0873876,463066589.3814235,516132472.2924367
110783701.96354125,347253053.04752207,258987923.39040145,162381296.25309488,342277784.59973687,313042722.14131993,513448320.534434,275618476.59551656,875697440.8644086,554374164.3114392,89156537.41208915,335057396.0443759,323016812.1120234,173335296.20560852,212963194.4870226,267423920.42265123,190830012.87784222,727533329.9781705,433510186.79129136,53508667.70677998,231318028.6233758,132995196.32212041,414887552.27319723,462924826.32630265,512306722.8092786
110626961.33325547,333183008.4550395,258987923.39040145,160601821.77774385,339968292.88248914,311826415.366878,511585449.6157763,271193354.7960394,861994561.7773736,518649347.7824563,84540967.92771962,333096214.59599763,321852129.90370506,172880981.23873276,200519390.05908027,263942489.00624472,189053856.18321845,711034064.5501387,430619249.34223366,53327183.74777773,215848304.32972434,132399930.91950694,410724100.25399864,462887810.35007346,504568042.1109682
110599748.37359045,333076746.2760358,257525390.71828493,160449373.7201552,338868952.20412767,311444816.0784903,511057198.00577587,254872993.17267686,854680200.7818832,483560395.882001,82179928.64044729,332010378.9495925,319472239.6651504,171641275.37124282,200402474.81824034,257863325.2647005,187783298.61415187,702284595.3224277,429958001.914509,53257136.92058842,203328770.7283719,131297695.9833499,408608583.5942105,459536257.21579623,500337934.75818455
110414406.0838255,333076746.2760358,256443196.7308218,159541010.78827813,337097063.5749662,310251032.8455404,510625128.3840504,250109222.70308012,848666826.8605422,478222417.51110584,80166173.96448155,331310280.4517955,319044691.3640996,171336449.06662232,198418225.0839277,255415819.60826403,187182715.01542997,610109835.0257151,427887844.99382514,52045989.88891843,188104893.51968566,130266646.04346195,408608583.5942105,451775501.7479448,500115022.8716993
110353028.68612765,332815454.58222437,254168229.85297373,159493794.06489122,336239209.11054534,309619460.92017215,510479000.75846183,250022366.67179787,839262041.9722298,473399345.4128429,78141368.30913228,331263926.5545697,318221854.3565856,170796250.83595502,194583029.106168,252142459.71864372,185862465.499139,600715983.5326561,427510579.82181454,51466318.6476962,147101998.52062708,127139999.28204823,404294744.02144635,450642364.08557606,494634354.54673606
110217640.69788817,332703674.3015506,253483368.1655497,155441780.42609698,332958360.77984196,308752287.88286656,508328501.2915603,249776888.27298602,833090473.5843431,471728883.14669675,73902683.42786002,330324920.28512836,318032554.0237045,170096845.2299201,190646990.9838866,246777058.32833147,185681028.20548454,586621439.9383208,425786312.12322634,50983248.85677043,137662435.18913606,126560199.33667916,402061706.421833,444596502.4569475,491045278.6563016
110217640.69788817,332298124.8872029,251639941.99936974,155096330.12676245,331835120.2679222,306311183.15285635,508144830.4193018,249640758.9418053,827299083.896474,453542931.6435333,72468172.05915828,329395754.8443398,317295450.2665937,169808925.71986812,185808552.1842851,242720908.83974084,185058551.61605808,567924832.578099,423922225.426271,50942841.69720263,135839300.50566632,124205259.80311528,401682952.9835675,435434368.3552564,487298587.36642146
109969347.80573481,331270409.3019086,248127821.16534257,155013463.7060927,331136039.8935013,303797423.8549695,507754814.3813383,249418731.22652775,814924315.0445062,435882029.82731044,72459209.43816054,328974907.3546208,315673028.343472,168066707.50457093,183029566.9009439,242155400.9296949,184723784.73210275,554782674.6977627,423421672.71713716,50660358.79588371,129969509.83002277,121691765.16416077,401003919.8612307,431813980.69866604,481638662.46698135
109775910.58316417,329594950.0508415,245937698.02196318,154646594.92373478,330919304.89076906,303797423.8549695,506355066.80970955,248986090.20548156,809888449.7760316,426717864.4657433,71453224.92692353,328863070.48655665,315502462.47488403,165577641.43327644,179239201.695843,241228379.31296754,184312890.60710356,540035377.5757211,423421672.71713716,50207055.276097715,120432585.95020515,117872110.35973164,398984548.4932076,430476098.93699265,481638662.46698135
109545250.49451774,329290494.799984,244437468.26727793,151100603.13360283,330478619.90888876,300009536.5641002,505566098.11219543,248900235.13976923,807469061.2597414,418852957.533431,71397415.75567278,327993988.13755786,315341559.80805695,164370101.82718873,176825254.0631064,239981560.2781365,183769318.0055017,498599967.4297747,422546887.617309,50064161.89730847,114136227.95048304,116392038.30395378,397302933.4913069,427096627.34039795,471902381.23464745
109279326.343849,328491374.9300192,243734222.0809595,150789544.19729194,329501819.1486173,298334882.36276454,504420970.9431648,248355089.20819494,800636527.4440807,411678326.25133675,61144062.62885161,327055115.92955345,315140353.60003555,163114828.96070975,169094155.66619703,233412346.40440708,183573871.46883088,470517687.005101,422344893.306547,49698353.55572085,113553431.596758,115928274.20896795,395768677.6732716,425308928.668472,464908090.1461909
108960014.04533699,327964355.6090256,243734222.0809595,150358094.25672796,328849514.77827215,295324926.16788787,503718446.9275593,248355089.20819494,783705685.648229,407662569.04357755,53993630.689577416,326995948.5152275,314994299.23279804,162141975.32504037,161886984.4622324,228319933.19871074,182742945.44881287,456206106.7406579,420031657.98784906,48950678.899028964,108951361.32167642,115385520.92898585,391977017.871277,423731304.7404541,461588566.1607981
108834226.12913227,326724047.8630606,229881553.44943315,148653369.65838793,328840445.3319494,292709289.40629965,503033751.0642258,247215432.01879036,762792389.935205,404834319.42574483,53172297.10356143,326517473.2517799,314066324.3567543,159473286.76126596,161725459.6118845,223931453.62930885,181688173.60250717,439871023.2856864,419660436.2815921,48724283.29253152,106684941.34184203,115048207.048657,388897232.11932003,418997139.42488164,456187063.190359
108115892.92442651,326724047.8630606,215761140.80473182,148359535.64198554,328840445.3319494,290035283.54149115,502325738.2590169,247085125.54796287,746895444.4446567,403613774.59397626,49214828.014325686,326259880.57912546,310992871.89075917,157203973.80426887,161044434.55923575,222396666.04345265,180852494.80057746,435686169.78616136,414444853.38219106,48621647.96818452,106684941.34184203,113680721.26078747,386289132.47166187,418267266.5811053,453367010.481539
108033943.13619347,326724047.8630606,211543959.0914368,147998821.81481668,326703301.1978007,289749450.7691496,501997678.35172796,246858560.30340856,714346152.1975625,394535019.2519506,46964726.82259105,325982641.83819443,309015560.9038315,154986251.12163466,159362021.5170106,220821268.63076118,180049322.12027365,412763535.679616,412223067.9089801,48384061.11160579,106119669.15474613,112869584.61190923,384759340.6442909,411526595.3964776,447233676.1923665
107567462.52989846,325303363.8070473,198547416.845604,147989601.84180257,326139940.2203079,285157553.793623,499391964.0048161,246826156.60078642,708722333.3506714,391452200.6081864,46000069.837772265,325553103.67650837,307197833.679469,153443677.51167724,158217708.96376514,217427575.21533737,179558860.16809258,402906596.34495366,403218379.9091256,47895846.24685351,104658046.96708979,111939029.40736596,384421065.38761944,407143972.44095284,442898712.9215366
107008266.33500293,323173001.8204076,193925029.97828305,147508605.92956612,323826056.0942923,282695727.89537627,498979186.3210714,246708090.61975083,695592648.213859,376765608.0890445,43709670.625466526,324900573.22041506,303080910.26275975,150706284.147008,158217708.96376514,217230794.8734654,178518879.93573228,375635743.8779038,402219233.51574564,47893950.54961598,103920228.27321921,111369455.16882768,380424639.4120628,405506507.38949734,439854622.01453334
106793441.87995207,322617052.87409,186933991.357439,147335373.6646669,323725089.6934876,279326788.3265119,494544999.0422809,246331494.69600275,685180928.4806243,351775165.8502666,42979880.072844766,324563617.9903031,301360811.9256087,148748204.97239617,156192112.82563663,216640506.70478964,178502527.84210488,360792283.6898839,400378612.7801308,47839189.56631031,103588545.03674127,110674125.3933752,380330108.8728833,404535069.63399553,438120610.37392247
106575809.18401857,321003367.7250663,181201770.5128205,147176434.8363861,321919232.5784226,274194023.486124,493128522.459146,246052657.37813923,675448495.0850369,330332094.70026326,41702455.83261251,324257421.0757795,295471799.32330626,147220301.62232,155145067.83317417,214030705.33328974,178343862.08520877,345302583.00424165,398898647.48621416,47836162.50755292,103300808.10704438,109875665.54583779,376408071.2916857,402687077.1920788,436956924.63758767
106086782.97506215,320637640.004768,180286613.09417,145829336.34278455,319447929.8173167,273932991.1204997,492723866.5737893,245872317.50978473,670941513.8250338,318527316.8636469,39541111.56859343,324257421.0757795,293143328.6091337,145609019.7010808,154195839.36948556,212418230.45513687,178254248.90272227,335958525.6169113,394382459.7183845,47734170.74997809,102084699.70485689,109803914.20836693,375279521.2604961,400115434.66423815,434772043.53022707
105469431.27210073,320637640.004768,177663966.89554477,144068401.10993052,316528779.67596036,268026428.7580448,491627228.8369736,245710801.45433012,664432304.8231995,316112672.847308,38880262.34370705,324141711.18356395,288571094.1153223,145257835.75842637,152214335.3149402,210998700.55501336,178254248.90272227,306853263.23685604,393538748.39899266,47710132.492358565,100138943.92795995,108953798.3699368,374365242.12980956,399358479.72581846,434107974.08832306
104998954.48295976,320116229.73330593,176165791.4166105,143088613.10756516,314716520.21688974,265090177.97822905,489670975.729711,245393112.85093173,658629249.7575489,304812026.90308124,36509555.26260705,323822901.90642345,284724290.35167104,145257835.75842637,151845815.83396745,210415245.81314176,178173176.65788013,295874168.23572713,392236928.7838448,47667331.08308196,99863046.23452166,108762730.34673728,373678694.761974,398222078.80625784,432787316.61990464
104544153.89846723,317969522.1837779,172075691.30050594,142745662.7377787,312391182.98302907,264614484.85587123,489246537.7560505,245200081.84906733,656494602.5770481,298204594.2859399,36118313.93505187,322948071.0902576,275341777.48825467,144466239.02230635,150719952.66945115,206971461.7127712,178044738.85680965,292471778.4959864,391463282.39339095,47648809.71498829,98771031.83848362,108719186.66093001,373501182.1955396,397270136.00000054,431234204.9576744
103836240.3465815,317320161.6604731,165536415.0969932,141694490.2612062,308975972.0511966,264191876.20067936,488151455.73879135,245200081.84906733,634705950.5932695,289688302.81237143,35048850.46775359,322689152.9063347,269591964.0699867,143009590.19597244,149659370.97279084,202262912.96523315,178010035.26030228,286303832.6618799,388453307.5344123,47601932.642247304,98382983.86359963,108517537.03623086,372854803.59520733,396949074.4924414,430223750.61768264
103661142.83752066,316337853.30413413,164435102.1501439,141136606.0786218,307072198.42050964,263874933.1781142,486796081.6932893,245048118.8022733,627890638.8504636,289215240.36670405,34819285.642352805,321668317.1452834,263184699.88853562,142257075.1658263,148557787.48357186,199703906.3472444,176561927.87301078,283399918.20825267,387633715.1366001,47535092.622686155,98379764.26316676,107947138.34797594,372467110.9508926,395708013.8574425,428437008.13148564
103353504.2245965,315557969.78263694,164059015.768415,140325498.68959326,300629742.30673176,250213949.17153892,484681903.5908285,244713176.5094498,626320171.3496332,286420532.41427284,32910460.332307965,320076649.4365639,246789067.8600345,141120585.5170547,147731498.9259876,193259723.4713261,174955622.94544315,281159197.8300168,378766240.6668596,47254379.79540131,97873274.32462275,107782564.73908865,370364066.03007126,394900499.43200785,428280143.4512398
103095748.40119044,315382113.3098872,164006956.36181042,138822985.6126895,297152035.4464657,248694328.29285696,481098613.3949544,244241070.64874455,623979094.4820615,284354767.11432517,31849496.525104545,318862374.44227916,232759239.62973252,140866927.97121638,146100208.11744136,191400291.840899,174773590.7686643,271868070.3665959,376767701.1992624,47213971.89827822,97842494.00388709,107363707.97404753,369984655.69555473,392313906.30093575,428163061.34237707
102103937.46434516,313368167.04611355,163903398.39130157,135525723.08517525,295936970.1759754,247762049.27405703,479522971.59796697,243439747.93465364,614234149.7747293,278690456.9181943,31406278.85256247,318160399.90719575,216925869.29710993,139772138.18119723,144191087.6374667,186684071.42825118,173073125.5361341,270991772.3502075,375050731.17693156,47170592.13569501,97526230.68875034,107171523.84169495,369179800.08305335,392078146.9458011,427387216.2156754
101656475.31212988,310045690.4415463,162290930.56867576,133790295.33673969,294096092.7126598,247762049.27405703,478437893.7507293,242410328.97352478,612153509.284931,278613202.7721936,28843351.842462722,317512826.710395,205955131.9526581,139531880.72722185,143450648.1025642,181418442.17037806,172730893.1995374,267533143.79643098,370898871.5659481,45745038.94373935,96775879.31386407,105629414.18489265,368626485.635093,390165949.1049773,427288496.38463426
101180760.04884878,309656409.4002214,153674972.32063368,133773494.85816471,292033738.07108814,247762049.27405703,478303731.23987544,242147887.31799123,610609559.7436641,278505754.4204459,27661983.107839197,317032613.9414979,199256836.5497511,138379937.8328151,141395206.9896244,172229216.15789226,172412467.19042987,262855271.05296612,368559103.99348295,45670530.32390848,96437974.14196491,104768506.09941122,367322085.0571265,388704332.9609974,426852705.5739087
100803895.33805048,308812270.1583083,152085694.4164318,133272092.1646429,289755567.5679677,247323386.38415593,474596258.1242836,242118341.26950654,605799193.6247231,278378860.38136274,27391243.367932756,316766897.1196263,199024047.85425535,138221944.84714276,139927796.51890558,168789263.3436136,171894152.47328976,259603775.1674279,366325101.1904347,45508909.87560378,95933734.54867058,104768506.09941122,367107407.7415555,386942933.75703937,425197371.0504414
100526715.99816918,307027989.94923365,151003409.50289425,132237084.9147807,284359620.4482944,247018475.92823842,464553127.7908017,241634542.863441,601814161.2865654,275956567.47685647,27320475.922110282,315317642.08482033,194298288.35555458,137835823.15183824,138209704.9748442,160159144.91967297,171165122.63274443,257844181.7081063,364945405.3147342,44837119.290451504,94224574.96137634,104768506.09941122,366896755.3542259,385080140.05117327,424400630.37555957
99579622.26602848,305542448.5668278,150390891.37512943,132178301.3155513,282717630.4366654,247015286.84244034,461118128.1539455,241208659.4022461,600135117.1974155,275250945.98844117,25963030.139946654,314173569.9955165,184454584.74162194,137518354.80889502,133992483.65925358,154464485.41143125,170379545.49987277,252806021.95596492,363777034.3462778,44837119.290451504,94101275.61625002,104316618.67549935,365571664.6179198,380888105.08268636,423753442.10691965
99109856.18902735,304013194.63752055,150273611.70050466,130871471.68686989,282251348.282664,246686598.62681112,459990431.437565,238109603.7541637,597552071.2719195,274847943.66292316,25903833.800703004,313490625.29026514,182765716.43185353,137300374.495951,133402986.46129392,151846257.24520102,169826777.61987063,248977952.61490524,363105255.9654874,44699407.05120201,93821679.71337122,104226307.24266876,365153414.0772984,378249181.97827256,423142559.33497185
98542402.30764952,303661813.188496,149331800.07487744,129950280.84904109,281153300.45529544,246209455.43497285,459982623.76390874,235222129.12914288,592668706.4758953,273237502.62336195,25253377.882302992,313164774.2705265,180304296.71514675,136887759.98393437,128769405.06299406,146468588.71083027,169284600.28216398,248741788.38155237,354631352.8568503,44361802.58368017,93536037.40691215,104020750.85791685,363733868.66904604,377366205.7360053,422632508.52889943
98446661.41877821,303472981.4089594,147497271.4330218,128905962.22093348,280454519.66393936,245982976.94424015,455503566.6088262,231571825.15811697,584286833.2771958,273052710.14701635,24920501.97230231,312423546.44854045,173836103.4751381,135502125.0962341,125293538.58489463,139576854.20764884,168579296.56763777,246446465.12848762,351902394.8561484,44192171.21424765,93279809.00385942,103476401.09752735,363409707.8830014,373297979.02510804,422081411.86340976
98269468.06891842,302459004.00497,146722399.84533462,128282763.64933762,273608598.2822233,245952615.4460727,452407545.7442538,231361956.80175182,573705314.9912516,272651095.19313246,24733158.78632167,311716736.8429116,172497402.63292554,134661288.10958925,120953579.9584886,137388042.56195977,166738526.2822077,238243175.23939377,350333717.3222187,44059134.49966817,93221793.7755986,103410667.38831967,363343918.80209625,370779102.84221655,421888280.57774186
98198852.97267032,302086845.1124417,146657252.19369036,127974447.18510683,263544080.05394006,245633931.49441028,451357239.85872376,230885584.02723822,569768457.8476297,272143686.2498511,24246820.066785455,311310826.13854766,170335921.8702797,134008112.90694308,113130115.83275416,135463954.04559612,165691779.9323789,234405472.79501194,348012575.3046819,43836916.694063075,92146220.94325337,103086255.64536223,359028066.2676799,365386862.59398645,420774745.4730778
98032092.97676003,298675336.16528845,146574447.66598222,127890560.38948578,261872509.72144282,244974781.3178749,448309976.4376912,230576823.45855662,565111840.2344205,271641965.3325052,23101815.262960415,311260693.5726235,167862843.2248103,132768665.2793444,110910346.37768072,132422940.3817347,164540177.49519134,233233496.01574066,339638037.5833654,43715858.37855222,92086610.56158017,102957236.88767534,357648090.5730218,360005933.2461933,420326488.24812675
97712316.80807479,295466236.5776841,146125038.58302313,126533173.26560171,260916835.34271753,244622096.5615925,445897294.57376647,229523725.3911821,563006373.7652434,267952915.7504163,22213283.265716076,308380016.32027173,165715241.85440207,132035078.04912591,105836214.85021098,131391447.84962887,161486548.09948218,231350738.06954652,339292604.3595717,43445686.660545856,91333708.42709725,102753037.67193049,355742866.79235643,355187225.91234785,410315880.6021876
97651394.72336723,292222593.4977021,145859591.84039292,126310534.73736422,260500793.91266137,244054347.34648222,443808054.3099541,229411605.30277076,557026637.015585,266659698.89012712,22012056.70399725,305636385.98091465,162495350.93688396,130716477.8855384,97103148.97807893,129177454.25891961,156247019.73682034,229461754.18010703,338253148.52727956,43159517.651104495,91042702.00793576,102660269.86376458,353268797.09977007,353547401.58355784,405218395.80666614
97583331.3069282,290059263.5741836,145751768.01568946,125198460.31387569,257516043.2067331,243924218.56899822,439416462.1228217,229089655.97623962,541503970.1032938,264728340.32403037,21228944.766198535,304903318.2183758,161973131.9255213,128488239.71931493,93313575.71569861,125653919.97240323,154739351.00951374,226671728.01698834,335727901.62413245,42860153.89478281,88025676.99264039,102482494.25306214,351810445.66615015,350646300.44909763,403979163.0312884
97476368.52743484,288075997.39444834,144529449.6499705,124945341.67394128,253907649.53254688,243499997.46389714,433454165.41498446,228667449.33276135,537041374.8751601,262247139.36304063,20362421.491522048,302896428.088364,161329864.7889371,127387817.13398267,81093458.85672449,124394336.73770288,151720043.69430506,225644840.7016293,334986920.49839187,42581063.41199699,87826608.14604248,102324092.72523803,350207215.0797979,341163070.6797676,402093630.5839147
97463878.85026908,286366409.3355,143602669.58159333,124165199.5539361,249680834.3648131,243222034.31894457,430936776.29828763,227375112.685545,533844267.6295841,259330558.87178183,20259530.48097528,302639954.58496284,160313324.92806265,124665611.06306753,79664270.15314284,123718788.43300942,148870053.10510522,224519512.90083423,333838289.2904559,42574587.89241394,85958762.29178314,101780696.67069237,345616608.3040091,324061912.653702,401000490.01116943
97411359.03163597,283862286.65265185,142223229.3719617,123835502.1090858,249107138.3875399,241721243.39789984,428254716.4639122,226774927.25063267,528288883.64153844,258121657.5040325,20197563.07651771,301479555.405467,158981547.6208113,123572727.32569227,74216827.57411908,121900747.53116119,148542232.40023136,224061406.8326504,330180844.36604637,42497735.78597007,82406469.92036979,101318026.20966174,337259888.07359815,315696771.2152384,399706128.6732779
97356209.1956964,281751716.39385706,140471344.57708585,123394319.69936548,247581942.64571962,241213752.04162732,427232920.4846201,226431405.53230262,527412002.5866283,255192537.7339277,19829753.30021884,297768061.3484331,158622401.95217016,122601000.3538254,69496655.98939836,121339140.37015791,147203517.9077436,223976313.10262546,327636792.77749527,42162871.35191719,80721634.99938546,100366767.02453893,332797361.2819841,310037208.0728576,399645776.56115985
97316111.58819692,276691296.69645506,139800074.9389645,122729132.7993712,245622296.44266805,240719635.122313,426722805.36727065,225943496.42447802,525020626.3912366,253493590.87880233,19765706.755736854,296691210.5818302,157618483.12209037,122117039.36406876,68854506.83219115,120967777.30441257,146394170.89561346,223059131.46184617,326362233.98126954,42075414.6296612,79287563.07764015,100270796.97261335,328883140.7006247,302227354.12731534,399434277.97884125
96903707.91443941,273640446.8558176,138807909.003783,122257047.17226319,243677765.12522802,240367020.120755,425717946.9086533,224724469.92844284,492703588.07941693,251591401.6092672,19610915.4648367,294144591.6404727,156808599.90135974,120134210.14595653,67541189.4927467,118924462.53854176,145483834.60572332,218248302.41968292,324628906.8255867,41970469.826649606,78560318.50537376,100103422.60798219,327241114.6155721,296547420.22703165,399046179.7927262
96283896.03091446,270705451.8890964,138412254.2218396,122031782.5622216,242905915.27550712,238637918.24385047,425275098.6181319,223528083.42741692,487084076.0501116,247548764.4776021,19370302.13013115,293276723.51576316,156021771.3216105,119165173.9272762,67410909.2094827,118363184.63263325,144288748.95570767,217662283.05105576,323498831.1552435,41891279.330184296,75604351.95342039,99881683.81884769,325241779.4389185,289336567.84476584,398258143.58615994
96012331.8332213,264943004.01985416,137745964.24347088,121988016.43701799,240688466.4078683,237232076.61371544,424872338.3031888,222005855.69881883,483899829.30474323,242766408.07961005,19018802.46703333,292851724.41332364,155118521.31946626,118573203.9610882,66351568.8770275,116745475.3561017,143012510.05823603,217241658.68158743,322297971.66081756,41880386.47635757,74859631.17110942,99555265.52111551,324727969.4339389,284659617.56923544,397695060.66360545
95857777.01737788,254073683.3855368,134980343.46190494,121566139.0775162,237619169.95105326,234986995.597199,424084510.38111323,221485078.69117883,481911266.1425263,241698012.46705022,18801936.262809172,292661815.4278673,154258920.4611447,118338424.32604586,65849712.00862301,113162070.54550189,142120994.565417,217241658.68158743,321880926.4187346,41802223.418143176,74335639.84913182,99351042.90784502,324273032.96566164,279320376.87859046,395051394.9110479
95809088.56945187,239541441.54650778,133503617.68146183,121337460.0693946,237619169.95105326,232542516.92143428,422424590.95723444,220838736.00801095,479034349.9056556,238779023.0848135,17947648.53564114,292313238.0039439,153360783.58867157,117948371.24508472,65269739.67660758,111661483.86266387,140827257.76802936,217097146.03575128,321318541.03039837,41649563.88676334,73819921.46538173,99017269.82109077,323350070.0152993,273314208.8624907,394036488.11858374
95609908.37383005,226216322.70752877,132212721.4835637,120026388.67755638,236543376.09492192,231054142.84757698,419616747.04530835,220291258.89689705,476673724.4122726,238100138.72988346,17328971.44309782,289272519.5795511,152295987.92090353,117913026.45219834,64450345.97484729,110049136.5147199,138495842.13621724,216407429.98819855,321119501.5886143,41578963.64761885,73537205.78063287,98880091.29820019,322671798.9368802,271896282.8248761,392655313.1476429
95448571.02128325,220174614.82309794,129539263.7449069,119672923.13487375,235556378.28350246,228206619.29122746,419353502.2402322,219560083.80084127,469057117.6826537,234395745.23906642,17261707.68057905,288862737.23509216,151622189.2989522,117756357.80896924,62437281.226557635,108541552.80864477,135271583.81197384,215471599.88490337,320238747.09472936,41545568.557433814,72978601.07949822,98027426.34718186,321033386.1994295,269313942.2841866,389690105.22824156
95182259.95403856,212347905.80720714,127222599.32211497,119323276.38770817,234543737.00813028,223040894.9704583,417949234.0477798,219452953.65107256,467817770.36296046,232873661.80291417,17258466.076976407,288005572.91268426,150131164.26475167,117464125.631077,61681914.17520543,106705756.45259464,134531016.31278524,212617988.2340179,319607187.05418724,41459545.20899413,72301190.4058023,97881015.3188896,320866403.6218466,268877843.2213789,387928697.3690283
94932746.09924874,193017873.12288067,125448380.01751788,119279555.30310199,234051002.11760235,220670826.8368983,416971101.6348279,216324348.9426791,464884827.90954417,229695298.00129378,17206697.115522154,287166447.7238836,148204788.12398428,117450798.04032268,61539866.370008625,106188362.63377266,132046186.84070463,212192109.05630824,306033083.9369229,41430618.53125522,71252459.43839788,97784794.32509801,320514053.56318593,267927235.11322358,386841721.9262903
94701896.69895314,185270658.21494237,120915768.41668032,119077238.27071244,233400743.72928724,218406534.29004192,416147530.7188922,213444844.48700237,461412321.354534,228565080.8148682,17174947.765071593,285889669.3217364,147082397.6971648,117099586.3743963,59542058.005679704,105916936.74534775,130777886.89737327,210710997.06733438,302353195.42320627,41428146.719687335,68164018.23710535,97725332.10844867,320319711.0936359,266261662.58455977,385543704.33219725
94690202.9964736,177497256.09230465,113258125.9046856,118806249.2464172,231347873.56922224,216446854.22663146,415736512.19618523,212247566.570383,461179790.90603596,227095319.49660054,17158097.51849635,284630198.8328194,146424270.80593073,116644603.26418123,58276566.09674422,105844577.07482283,125276245.9625212,210460237.67702362,301644862.9310658,41288032.330031194,61118234.91208696,97697617.43424909,320142812.5120933,262928991.0445827,381123255.50647354
94627476.47504438,177339098.25742617,104767982.1005304,118570086.38539702,226290093.7704229,214564950.36787936,414159987.771794,211916167.21967283,456086904.3774892,226104828.6525412,17098003.288084522,283652701.18067193,145267774.64006567,116382298.9364123,57725183.880344585,105613036.86469838,118814572.57150416,210269835.2096615,299367371.7777007,41214260.182560556,59776126.63597087,97608849.32555129,319813622.25306,261896226.29280102,379115488.7780802
94567603.12602271,176586657.76756772,99464328.38770914,118389029.56052577,221346437.06820652,211033058.34461656,413541463.0391641,210298499.8857892,455383532.7818699,223473122.18795684,17082401.96159827,283354588.86221075,144660124.70902592,116197319.14308351,57436202.84802647,105044181.3993369,113664042.68772173,208894838.44062313,297303053.6035158,41182285.96525234,54722085.18814959,97589004.7431771,319688558.3727791,261615935.0043152,375496797.917693
94551053.99522693,176016131.99521402,96964011.19277239,118079694.29133739,218792408.11761662,208331282.77040717,409723564.9125301,209693362.52310166,453336509.5343889,223473122.18795684,17025066.853411354,281162917.0509062,143265626.05715293,116197289.82694961,57263800.148869574,104356297.44000408,105540121.41031091,208502825.4520089,294550002.95075774,41087179.243943244,53978020.43663972,97528102.13589108,318652449.6551889,259100574.38468626,373775737.63966185
94352605.00130148,174532836.24705794,89098521.7854561,117851020.72237803,215614789.826135,205574519.24871278,396549383.90393686,208217612.98513445,452243601.6430579,223249537.00068396,16945883.30787781,280108093.6962426,141768297.73899287,116167432.30324177,57037336.10472339,102493281.38652886,101280381.33647478,207590778.84680977,293399141.5839574,41005232.45597491,52026130.700956725,97499309.18764532,318298462.7488752,256869657.23239496,369688147.7478536
94165889.65867084,174167791.1823842,85796182.30719928,117707674.0067566,213199718.92566934,202794790.54827118,396465465.6963009,207551360.7481405,449064517.2653886,222222671.23301315,16885791.382031757,278885991.3598846,141044386.7618299,116167432.30324177,56949787.13959747,99890815.35390282,99962212.62996615,207185746.10897282,288581683.986821,40928117.37382104,50642723.65552143,97481321.34612069,318051415.97022426,256746086.3955149,368067699.05675375
94086778.13309492,169535268.59148967,79082339.5305476,117629465.96685196,208722446.52840152,180064313.23090017,391988128.69832546,207439773.824565,447850762.0078287,220937087.81403372,16858071.846075848,278228038.8079176,139800379.36198077,116043261.48984253,56865981.912129775,99473224.45453124,99905487.51680093,206053296.23828393,285828432.2590694,40915868.29075084,48409191.949928276,97390248.37642024,316788159.64530253,256155115.7712394,365062374.88956404
93976269.9347089,167939145.48163146,75910355.18828395,117422067.68899739,206604399.05127585,176823815.55274397,390957317.0412841,204886674.8947019,447495787.3057362,219471676.403411,16846324.03155536,276674703.8678081,139392858.57185346,115914678.78417876,55645304.41941794,99021077.57785937,99873221.49398458,204703694.97026855,283713557.9590254,40861411.705326244,46008361.93336685,97351778.52705728,316421720.2875123,255487468.78158584,363891983.61559755
93849540.97146858,165858639.0733656,72547334.59222084,117098480.23810664,201445540.73520336,176233887.955002,389387274.22312915,204081327.91543478,446485211.3242848,216096698.11110446,16802953.66819984,275031066.41626465,138402827.4847516,115873782.59937884,55161626.74793216,98714059.49359655,99161953.95808825,204370585.58380434,282059995.2011216,40333365.34565216,44558038.181292824,96837972.16998337,315988768.73371583,255300650.3153899,363305260.42537445
93796010.6909989,163683386.63448572,72093772.04839672,116696123.29719788,200991355.20576116,176180361.52077582,385536096.187991,203829285.0887192,444555350.6522997,212222563.09220517,16791425.616440244,274164171.5819498,136846809.7024505,115549122.54355448,54665994.039162286,98596067.52893905,95765378.62851156,203527199.41018063,279322964.48117286,40254596.201018184,42720790.346654065,96713619.14283797,314780995.16359854,254611969.91811737,360101585.62806016
93691279.92846535,160891380.56301782,69454298.74321891,116100009.97910613,198589252.346269,175722899.7319485,376168019.2193728,203521006.2812836,443779269.4246343,208532836.07369426,16767047.534887522,270544952.98584133,136132663.4618077,115304226.3455306,54607590.772774875,98229298.0512416,93241587.65235645,202001283.61335877,273763404.21897095,40124178.27437996,41898703.95380163,96644344.02000344,314214975.4232725,254414726.2541165,358770617.65704286
93621051.39418536,160553657.0217196,62653820.05246082,115772744.75135873,194480950.66679806,175003769.697171,375410637.49282783,202423729.45061284,443002862.77885944,207867404.38065833,16716435.64091157,269869370.98499465,134419748.1399526,115153040.05911471,53649494.56951776,98156151.26991837,90071371.28814854,199612652.50677508,270798848.94032294,40062734.15525105,41123207.54903169,96375885.82174714,313554857.6326899,252685261.90422142,357653357.0610015
93621051.39418536,157633255.81558415,61089482.126774915,115311311.8582962,189321923.54195622,174893648.96783188,374900700.48519903,202073262.55399284,442820195.10963964,204678053.5959373,16691897.684756426,267749461.6604363,133701015.74216886,114960381.61138132,52824963.02299498,97740119.82904984,90001690.54783152,198692347.74883863,269391265.88222194,39930787.33829386,39431596.73970456,96323602.95656577,311610652.35334796,252495272.4320358,349929824.86306167
93585777.62976836,156515814.1233751,58540597.79987723,115091250.1499889,186462923.1764259,172893487.9422055,374012734.6818827,200939569.01751873,440314173.51944524,203856676.08657196,16683887.588517135,265702272.6986752,133294212.38085355,114830336.50675319,52438720.83739884,97484990.17248268,88504193.45996264,198268019.21503508,265704803.94721967,39834906.951627105,37237748.13105143,96231137.29199801,310879796.2165295,252095025.01521504,348658681.5551032
93556851.55510107,155876875.6451706,58253976.02905008,115064408.22827707,183877881.9924635,171902582.765646,371394380.56215745,200615051.934117,440071633.60606354,203230093.48491594,16660443.993986623,265030636.38904685,131654452.41102898,114446298.36061698,51628166.338909805,96990662.27183191,86377833.15394187,197989906.38930574,263570976.248358,39722535.65337022,35244090.181527756,95804170.52992313,308158638.1747396,251871640.67287776,348512765.755292
93407491.65262114,154741817.70602468,56678208.59857716,114381418.7659737,181604515.81660745,169393484.07783252,368378663.2981138,200548195.9061041,439968477.7073622,202358335.82788482,16619842.99833296,263177990.01369768,130549616.16914402,114270053.96952254,51216968.55462539,96873154.44543469,85769399.12901936,197751466.89655373,262771213.63935578,38599130.4999136,33239524.606370963,95497668.24042039,304414898.7991293,249746112.74178687,348512765.755292
93338625.39719777,153577703.03488624,56198558.16480265,113895610.95377912,180976459.51183686,167043656.69784534,366504262.34338,200069304.60111365,435743625.64795184,201590271.19176948,16583972.804267364,262559498.4346619,130229009.12846734,114209270.80159687,50157811.40073236,94950935.66540423,84814394.5072111,197574113.915964,262226831.23265985,37530483.146280274,28500129.459246453,95122200.6739606,301810014.7423055,248814048.84287044,348113612.67158467
93089104.82983348,150496819.83632085,55922211.58432961,111875498.21115814,180027698.9450228,166924409.0407871,365333193.52730864,199203933.77148,434928433.2051547,200811948.77590278,16583972.804267364,260915244.42869163,129678625.36537792,113998835.26076701,49616722.731419966,94458828.5980087,84538780.39548221,197376232.83721465,258217207.9871484,36942321.54096549,24881600.40725622,93814615.85452092,298089985.6618192,246733007.61954367,347438310.54790294
92480239.92190513,149779063.89313975,55152702.46443409,111339342.53934863,179879787.53241202,166505217.6910548,363396993.1756651,198361584.7723104,434928433.2051547,200349263.1321295,16568231.532733582,260064617.9065533,128002655.21585307,113783446.54704838,49221341.489013724,94278392.63290468,80440442.48731515,196679234.36261964,254637286.84520778,36528173.112885155,24859503.772998046,93814615.85452092,296359724.01282597,246132756.15628207,347118235.3297263
92186682.76005843,149704453.7316262,54343255.95372979,110609558.19363391,175224563.08775282,166299748.93985766,362434844.8290521,197246979.4090247,434081261.9493299,199587128.43707517,16547072.577659182,258810629.52126232,127583548.273285,113628924.56869555,49135098.3420383,93274148.9334021,78743487.5830131,196156303.40921387,253564261.25626105,35720992.268296346,24731743.723193817,93659372.86436461,293416127.837032,245889825.01183084,346706119.2192158
91946028.54898158,149704453.7316262,54192268.50260962,108752384.26199225,173416983.3433474,166298917.78536293,358583823.63361436,196015219.9269125,434012115.60510486,198892793.49761924,16546683.568253135,258244310.34008232,126941602.09418356,113391031.66705477,48970176.29768982,92319547.68745641,78173325.05475712,195973273.84334108,252291484.9897652,35336163.46235243,24698124.968094006,93656761.89671443,286118183.80032694,243875069.248173,346150513.0458852
91805994.83528675,149455257.27605152,53515789.10547339,106834916.99239151,171703842.4679496,165795744.27299246,355616934.03549075,195345094.53647783,433970375.86892545,198458609.8755987,16517619.338675058,257308563.64071694,126574643.7323821,113214667.05381776,48752037.71157598,90789280.34631342,77745377.00734882,195943330.53855267,250488801.12238714,34985993.01456053,24228061.085464023,91281081.34526168,278058099.60027,242734866.22755885,345470801.7136715
91520873.28882688,149088464.98662227,52682167.19775704,106213693.48081999,169985339.0115966,165735386.98811743,351565714.41659564,194403333.7832382,433401288.82263863,197786627.0435452,16496658.209237806,256848297.67601267,126306968.55165452,112849543.32534724,48498225.26977549,90271589.80144615,77250651.41752903,195677426.23153874,247569005.76705247,34729109.68928016,23810234.7558296,90913999.15684618,275866937.9670516,239937725.14327994,343680428.7849639
91254695.0526935,147830018.16705516,51963022.25084305,105934457.03254011,167188333.65905163,165504481.8914567,351033961.1682162,193282583.15991735,433327225.65743387,197266310.51132014,16468552.045352308,255989232.74263868,126097799.6001759,112523831.79547259,47873961.84142118,90084424.25403652,77166686.67058615,195505307.50509036,245565277.68678805,34474982.54842079,23775195.6381807,90764385.05246103,272156483.1311878,237901172.2031653,342825297.6146859
91098093.66198726,146487450.49526182,51317672.878328145,105680945.73070084,166511229.17201266,165087114.71593302,349814521.85489506,192572346.9070751,432991261.2440655,196160395.3435536,16457441.282225303,255653488.09427658,125883612.50437118,111897969.6396629,47577625.303944595,88625113.91600566,77051052.27100015,195298501.8911758,244370773.31950402,34439387.6546104,23550969.661799613,90344916.99241792,269041981.0385863,237770569.722119,342293702.5719909
90873785.02315821,144938395.73917118,50742685.82637177,102998399.72124104,166289176.3713256,164898939.81655294,341707166.59932965,191928607.0964871,431269502.0842769,195210562.19242823,16450421.778136343,255450361.24202588,125431293.02248985,111887258.63701975,47318173.30803969,88149934.12860458,76697713.5911694,194959965.94676542,241984187.88587186,34375700.453436896,23061704.85949343,89917489.24116446,267636388.32336515,237182370.33087543,341586502.6121366
90727135.13764428,143843739.239531,50480384.652750015,101478201.69359739,163903377.66693604,164690171.50134668,340962543.79468966,190817045.29146454,430979787.14884216,192482579.769347,16427470.425801927,254481096.9744832,125198329.6933134,111503779.90470903,47132308.78389735,86060793.06708871,76163419.30371386,194152363.39578113,241351547.24128187,34348183.84152096,22867383.819918662,89250187.99482386,265865865.02865368,236424681.37702203,341581636.8457193
90608176.28089869,141406394.62780073,49799541.82989629,100768998.98710436,163068090.17362195,164330382.27113792,339962278.63835615,189726760.05421123,430466032.07787985,191805854.22506496,16421458.409735238,231507953.69033346,125092280.28788552,110914131.25138624,47092649.48550677,85108250.53475238,74776657.48877762,193612575.36020818,239858459.6726177,33465440.029038552,22670945.421522878,88852910.53805813,265340907.09094122,235435247.11148846,339831518.83725476
90003630.05988652,140375509.95422867,49654626.987465896,100260288.3616584,160554403.44371885,162958976.86711496,339281972.92186236,187854034.16006082,429835970.05258316,190884225.05824095,16416571.659652913,225946269.6418057,123276543.20679669,110771124.06628835,43148132.58564234,80232133.31153305,73730685.33309163,193208311.4100433,239611128.80693758,33084443.93788148,22500009.15468057,88694324.51674283,263394599.9446092,235404538.69068018,335591769.6509579
89471026.95333545,138961996.98385423,48699067.747252546,98673327.31399451,159838411.7850442,162404084.7151919,338719373.25733095,187350794.28187832,427610142.30627686,190217928.79561523,16415144.159716131,222261448.8062337,122970010.81779858,110419954.42931703,41438148.368849926,78517123.84329943,73032597.62357849,192616975.2080833,238196136.34750617,32867233.96946608,22492323.56353479,88176839.51525858,262853958.63097575,235213060.2933774,333495280.0475787
88451551.92043673,137863224.70531684,48357743.54743446,97068514.5652388,158559283.70028046,161852378.07870477,337720771.9927768,185108225.05454487,416370635.2890905,189744680.8962533,16406460.71095733,206213812.77114034,122409288.12525904,110143618.82215519,41099324.76563238,76080369.47896573,71762830.73531704,192129073.58559,237446746.22764683,32710111.25574117,22488643.99543188,87819791.8496885,262079642.5871244,234849360.8426403,331589998.7328592
87401655.87161805,137211100.20551488,47821558.70598061,95813533.75620857,156849729.4773077,161531363.7495591,337126522.6088775,184269123.9758734,415049890.13529557,188743579.55628648,16398441.613418134,200736313.50990847,122312536.3703812,109339711.75720668,40280608.69931978,74719341.36567596,71562414.60577287,191478688.29448876,236132979.75889143,32648739.84714087,22224453.516429465,87459010.95678098,261410655.78763548,234599703.76424146,330389712.00504035
85794410.23674144,135782060.65470257,47072503.34462777,93346146.78090276,156069808.33082902,161189284.41864365,336206545.83482695,183819185.1157691,410433060.09020054,188062510.98378372,16395968.461174984,196676063.2111931,121762729.06279589,108877520.00350975,40055824.890817195,72884883.00359552,71294540.95658892,190410922.52267206,235450098.37084192,32542322.380523685,21852889.027270995,87196609.52766716,261196377.08484268,234365273.27439582,327401354.2958159
83972823.83553346,134057742.53167225,46797590.43765517,92036072.2329435,155142539.7960181,161116764.37737268,336010997.87093306,179520885.3567756,406374239.1769514,186236775.0523046,16393636.65334135,185708277.12098932,121040170.97086559,108660817.5422087,39734311.920844816,71994058.65736102,70174624.8719498,189145929.47815812,234914358.91432026,32411824.574050765,21574760.33826811,86972678.78617652,260972671.4404019,234233557.23657003,321604797.3451627
82197863.14790808,133216934.16264586,46132245.08837862,90695160.23923828,154467782.45864862,161116764.37737268,335826705.31770426,177573946.35634464,398257979.38862616,185214763.43731368,16392047.72406057,172281317.74730113,120731638.89339882,107767846.04055436,39182275.84271056,68655953.3754461,69559229.4217927,188449126.64189857,233378078.0910453,32122461.49040925,21254757.902807195,86761950.98548484,259784403.7423255,234127556.59436765,316355971.7997412
80694965.60736574,132444658.79440786,46031927.359087676,88908424.26412965,153411902.65434527,161112699.28938013,334878972.88885695,175421099.4149695,393843586.1401656,183118876.736067,16386967.100594325,160714826.53035024,120490102.37095453,107524363.47021939,38894083.38455422,67519470.54246442,69482032.99089053,183419285.99207947,232941985.8535271,31840428.69804396,21002981.87984639,86531436.98266281,257452722.57943928,233716092.36679164,311043715.28286886
80318648.41277865,132073800.73169312,45618189.69133784,85214517.55285357,152538510.78770024,161054721.74104738,332320438.2505416,173966923.43779194,388712737.8022862,181710106.54405951,16376996.474305851,158221124.8602346,119635024.19803627,107227322.91786298,38698501.152965605,67205826.42582585,69458923.94832759,181608442.80195507,232475246.94387245,31800204.085993815,20875274.526396535,86280014.28227864,254286598.54025114,233231481.99655107,292096222.4933867
79380454.34912121,128575978.14775844,45338003.905932166,84412249.06721951,151590906.6701471,161041388.03803146,331303489.8765259,173838512.23323864,383206866.15105695,180597159.87388328,16359965.235198397,156219083.1325365,119185886.09305088,106297608.25206062,38502606.05101376,67036389.18767374,69311926.07517865,180594525.38372046,232071947.3813807,31782502.288419843,20835810.077845775,85943193.38473599,252925120.71732906,232642950.8144398,287848611.8405798
78918630.88754399,127292697.82984236,45213974.35628494,82582357.1261026,150325814.83156446,161036372.84900454,330657158.3231987,173030451.50999993,378670447.7181797,180182149.5294788,16335367.347226953,151130041.54692563,117552295.02693704,106067426.93945858,38351536.330271944,66979300.836931676,68645342.60528542,180135136.32600942,231904179.2415111,31678221.88110083,20601851.697701216,85323298.68970017,251796935.8572068,232329657.05732056,287399824.29083145
78635931.1806634,127128789.75173293,45014402.39228798,81911164.09456892,150062456.87428153,161014997.27928874,330052192.8672831,171230546.60810193,369539550.7971708,177604153.3038995,16322333.099587066,150330286.46731016,117011771.22909586,105971841.56334929,38090240.26986846,66777705.67775568,68632840.34403388,179139210.3167562,231308835.15864217,31390624.054988533,20541095.592381738,84993631.6793001,250427164.14603978,224984653.49589968,286664674.7638126
78433882.85255049,125255952.55675346,44545168.35006241,80650066.4508389,148025230.80738384,160954850.07070056,329639796.74296343,158574189.59921536,359653512.21735865,175137469.68867967,16314235.602881832,149743936.1678647,116517413.47466075,105900025.06145759,37468115.12396877,66643379.9703597,68451795.61731353,178645421.90322375,230052225.43733463,31347920.87869266,20529161.43936187,84446861.36810806,249926930.15053692,221230986.13644388,286122753.4089069
78306312.40284894,124253767.03433448,43976887.61533806,80072749.07221435,146812043.57514137,160929865.5882482,328608610.31767076,155305257.2975236,349717609.4431318,174127167.24552006,16298373.378425436,148628971.3921908,116244156.31740405,105579373.10672973,36640814.42850169,66367965.7874714,68356285.97715512,177954681.71971643,227065468.76998708,31299009.255007457,20092728.803152062,84228451.74078628,249068344.18438894,219575981.69028124,284865493.74251956
78173312.31626484,123044585.30160704,43664325.46776202,79000943.28569862,145980462.9569109,160918975.07812628,328106898.9906629,150716034.7769941,344243802.23387474,173745926.9959394,16280656.988290042,147308844.28020886,116098526.80828501,104272437.07724571,36298384.68320442,65170108.699628435,68102168.22149675,173125783.551646,226455876.1914268,31095778.540358707,19825564.613239132,82280044.6698159,247126660.50721034,218964732.92240295,283938941.37053734
77902957.33830792,120997124.52426784,42825501.48755962,78109699.69130355,145150555.92253506,160837606.64495003,327581908.04880005,146885680.75158998,338947372.16007936,169574323.6012176,16277466.13699522,144685729.02059165,114713880.45860495,103963469.76821059,36083943.23274309,64398612.32615439,68011961.15947913,171130160.3648247,225479466.43050253,30949805.329662383,19632127.475240044,81093492.94097942,247044332.5249545,218397628.6591798,283585282.8426511
77831327.47769642,120700501.33484252,42762233.31349901,76153778.0133348,135723066.61514086,160797777.15555233,327437831.4580045,143348614.2989384,333443365.9433436,169089958.06935292,16273000.346983964,143068411.64010283,114595650.81703024,103872224.86606616,35914256.87399691,64264843.19354057,68001863.81597048,170540609.25653505,223167811.40776148,30728037.93191216,19410186.52562356,80641750.91267592,246643858.8447655,217417726.29494968,281894246.83137965
77424112.97913477,120024717.92566937,42531040.46905901,73430900.74349144,134241435.3545184,160753181.63325092,327119354.6799113,142398170.70840442,331007009.38797504,168790238.94545838,16264786.912877105,142009227.89807743,114301649.51307298,103786295.53206517,35800502.607929945,63979205.01236316,67847148.19046564,170059053.69415343,222356364.48356438,30596555.84856461,19196158.463354107,80286531.97980742,246457684.6047959,216099059.80888748,281256476.36394113
76904128.41363813,119567592.91780795,42115985.65785633,71490615.30853657,132838628.93956521,160663033.8780584,326407180.6720666,138298285.6725263,330333700.64930856,167153107.1383676,16260937.95516142,141576813.36507118,114041985.9210008,103404658.41553438,35658420.76095475,63067889.12445715,67803409.2559578,169207872.37284032,220717303.44064483,30337272.696233466,18797742.020759046,80059799.2570017,246229643.98705432,215266852.30519727,280504933.1663653
76318747.01412429,119254765.24513343,41981888.55665052,69895767.62133433,132742963.09965067,160590627.548993,326338926.70172185,137588222.6487782,329105037.6805537,166653347.32174426,16218213.887153706,140324510.85558286,113932344.47893277,103279105.85579875,35412161.98162416,62714442.17460171,67722939.0974587,169207872.37284032,220305032.44841534,30128666.684506413,18569432.037082978,79570092.69621053,245426844.06286758,214908352.8689411,279746323.4732662
75968221.8732566,118943731.22308485,41748899.12565914,64504648.25468096,130929601.2981052,160514554.14787555,324838983.7675278,135253843.09284985,328839914.7067114,165494775.2387808,16210169.322146157,138010513.74819067,113683747.48774406,103122437.43145913,35269186.77786185,62332671.53480029,67686043.09321968,168545526.88984382,219316855.82927814,29939243.404912997,18540152.445731197,77460560.86081927,242930600.14335212,214123748.92589468,278653316.4131427
75720018.49039222,118608718.71423195,41571842.53582283,64050606.291252315,129610082.87126566,160428108.62866437,321753822.6192578,135240487.77965507,328395297.07461286,164619698.2244824,16199631.919360245,137310912.25878978,113640266.96404722,103028165.94189972,34757961.71202708,61095226.754094824,67653985.28209563,167481857.67647335,216746503.77218437,29673202.745572794,17812149.870746214,77380967.12914023,242205527.48930165,213068553.9354888,277669939.91906404
75002235.26447158,118203526.52688058,40957364.43115369,61962909.754479595,129139450.53391702,160388123.99604633,318175546.4660738,133432744.96670145,327518705.88493234,164316686.26091686,16195287.498096252,136298400.15991306,113534126.70021069,102192584.70978843,34668411.20177831,59746854.43015555,67596773.44620088,166378960.61916456,215831462.14565513,29489783.98519115,17550358.106497876,77377896.95265357,241379658.3807443,211522766.66629338,276107038.0383224
74769615.90925695,115133010.11268297,40777103.61868606,60986091.089600764,128861312.5051513,160124264.55652332,318068808.3977044,133245553.68125615,326181093.5063395,164218982.4818088,16171463.880343253,135512479.13177913,113178995.80364287,101579692.15070109,34589020.86140168,59005836.12013273,67574350.63418144,166034791.66077137,212931729.77640572,28984741.548182674,17367393.98943412,77200060.9833229,240832820.39779413,211308223.8069205,274455942.7197596
74480991.23476544,113514126.43771419,40718542.97190317,60801059.55823207,128650421.25534244,159965519.7696198,317948585.3077179,132233541.56765679,325109611.1072834,162762607.46436265,16162485.293229843,135086252.12279725,113077733.41209872,100828389.20079498,34446816.11088386,57970623.224820636,67564551.89698556,165961311.8575444,209263659.5239191,28586106.859042797,17253979.221672043,77084427.8683998,238660122.01295972,211119593.81724778,273506949.1409354
74208638.93318562,112924021.66751747,40586340.947071806,60541397.38682234,128506858.24688266,159790895.1048423,314726713.83719677,131554357.7884236,323993005.94685453,162222760.317632,16159801.644482695,134254241.2622878,112453373.56954609,100359322.35134384,34422950.70627476,56220446.337794356,67520101.0971534,165781844.74521124,207357573.32875758,28129148.44225804,17168975.205310747,77034563.10295953,237814771.94818625,210648019.93127778,272020736.2086888
73914168.17054145,112725277.74604376,40439069.57899971,60039470.242736496,127914376.5584723,159601669.2519275,311860081.86733514,130964365.14774598,323344967.32254905,161533915.77811778,16146263.072719235,132754497.40502256,112055748.11743301,100187539.5798085,34391483.32225473,54056841.53328153,67187158.97373885,165530274.0846082,205050812.54535595,27639232.763816673,17103973.395692497,76921861.13119817,236520714.013774,209228053.1189078,270210572.99972564
73792849.27616225,112609378.85984312,40378218.13761687,58843604.76806113,127910951.18744256,159353383.12114173,310929468.0016348,126521973.14869669,321592863.76822066,161222670.24063286,16116551.801961226,132285147.10247537,111190624.1376509,99242530.75690728,34088829.573929235,52965119.245902486,65020062.303643964,164798370.12999004,203775417.6429822,26966567.857597023,17091681.9585356,76854105.04337126,230706225.60776225,208932052.25525224,268800451.66683114
73682109.03900394,112521065.8270071,40320384.742641084,58325918.50526082,127552810.73675184,159181998.9039304,309306262.9387976,123457714.14878865,321592863.76822066,160587612.7721452,16088929.02063098,131757829.95896626,110823085.36771338,98856566.6771514,34035367.526184954,51906725.43334461,64927478.95330523,164589838.21930322,200395710.35276708,26207767.358262923,16977086.02685685,76688576.77829248,228366676.5232356,207336488.3260697,268396900.0284863
73474963.79074402,112503218.48415327,40204544.190153345,58172176.89760332,127496321.43746738,158952171.3256884,308334081.8079588,123010957.51889062,321077195.81311524,160088153.39603242,16084055.813202444,131042722.07099034,109938242.25265169,98623865.07044373,33897537.24925365,51544912.932115264,64927478.95330523,164548355.50274962,198899366.55266234,25891032.94863745,16843996.719982833,76539406.1115472,228329985.75825456,207266779.1960962,266332031.1144173
73063892.69889109,112385606.85107318,39782182.45009561,58153286.21205543,127397264.93579002,158860394.71283743,308021316.3054374,121635123.44361109,318742491.19439304,158946795.95810264,16069220.647569545,130490345.20236608,109563415.10249677,98394290.4823748,33878862.220865786,51227306.78897403,64927478.95330523,163255138.8962179,198402947.09609067,25564474.04124529,16783595.317452997,76138867.89881495,228207040.35301018,207255255.33950868,265210742.8065975
72904938.45146711,112313132.59792612,39140735.68415815,58022757.171221286,127167760.58939703,158794565.0367126,307329482.35943514,121006053.9644131,317675506.6346887,157926864.9359262,16050659.031757247,130051574.06775266,108710213.14673555,98009594.16657184,33746584.93256211,50869340.940277494,64925431.26210113,163094584.18790123,197562071.2824488,24838278.477261532,16711870.964309312,74791919.5084122,227857748.5131811,206653810.88789704,263400736.48622614
72853099.12575759,112248042.79087621,38593721.90887869,57837399.463368796,127027148.02693479,158653760.45689037,302742849.1975882,120516610.81572893,316747699.97052497,157390507.18307903,16036229.698366728,129684715.84213041,108323776.16295455,97816651.7803916,33583652.41846864,50857320.78469145,64923273.482244276,161772538.66131788,197545189.80360377,24174203.927953646,16707075.75840899,74736271.01187678,227621350.20936868,206550851.40958738,262517616.3736838
72757316.64898932,112148521.7861966,38262152.3604807,56485115.52158573,126708858.76745221,158547877.0720103,302405666.1734634,119029386.09802598,316528482.4361706,157121192.32022852,16030285.02615342,128630689.46550584,108224889.21044151,95903897.82940057,33375733.600197714,50527879.377022624,64889207.13566084,160906118.43679863,197451396.92944375,23736727.75220534,16695028.06009937,74636537.83543748,227338333.9682165,205802261.62381062,262382514.46424812
72555569.1287077,104033953.0884111,38009488.175631985,55741757.14182767,126441062.41745952,158491885.60097826,300557639.29935664,118254236.46900174,315285639.80392486,156611217.56138542,16015888.19437359,128041182.1787368,108200407.88983859,94627187.73124388,33216182.771617483,50408811.33679428,64853162.972930275,160750641.26668662,197266886.15533936,23664819.077107865,16692672.671151366,74443275.03393738,227147645.9337942,205014192.77525195,260993774.55426767
72302704.45510267,103665470.22740838,37993534.85322998,55709523.22766487,126137162.75534959,158430832.61216122,299133960.732048,117765880.32731093,313476572.34332514,156014751.86472395,16003348.494246086,126859225.43918748,108132778.88974246,93315841.20023078,33187910.959056254,50294645.2024024,64846367.00033223,160572083.7437093,197210691.67172417,22067674.657603044,16677183.972581025,74365177.86683744,226876723.28466564,204657741.9375067,260272508.68363622
72240961.74891269,102911227.45579661,37992994.54989319,55267042.04128649,125563815.99578297,158420969.8745648,291741025.8875596,115998414.52150871,312738708.4084254,155515637.2862669,15995013.259016663,126520138.70230077,108084458.48781861,92147653.18601717,32935403.498919584,50179083.23309753,64836754.522286505,160359850.97650138,195435023.8028584,21527919.527052116,16672757.526812756,74313575.51640122,226423004.52490237,204234071.91528586,260061184.42579618
71461113.78666385,97110387.36195897,37809634.7187817,55211691.03111426,123195038.8032893,158419217.0652988,284988064.4870987,115621080.70955338,312377000.3903141,155174974.14694586,15760795.168668704,125156314.653962,106132551.4227148,91892564.67260565,32828781.477097932,50109023.30664523,64809670.81611072,159494293.6699975,194365428.14949906,21467127.66166768,16655505.60345001,74223418.80919003,226343018.53671363,203990261.9517466,258845527.9567906
71406758.12229435,95601419.82463975,37678575.11527893,55089764.05150512,122794859.01237164,158414460.100576,284545925.353468,115318353.17122404,311085783.4244333,154503608.49022448,15752211.388571203,124769258.2518675,104392170.58575611,91514466.76922917,32740491.9038075,50025701.00816498,64794136.3488872,156767758.49315935,193484757.3323592,21421242.80124564,16640674.555428263,74079378.5728013,226210015.50096473,203913780.59413588,257375292.04876724
70636717.81301694,91200772.7786535,37623466.05403005,55049602.1108751,119774037.1652612,158393562.39339027,284087119.81142557,115018501.79894385,308435270.8045406,152427579.42824402,15734808.350660695,124321407.33912694,104195637.04975832,89043263.80579007,32722956.02288084,49978196.98452111,64712637.23238519,155827685.6463262,192646017.80194965,21349019.937928293,16614090.657192815,74037275.50150044,225663267.08167827,203485959.55372506,256901706.77407163
70266776.06111935,88856977.64731936,37590786.4312535,54933344.38096309,118071265.47620736,157054638.55173257,283559403.4284484,114954945.98257829,304762857.06236786,152027659.3252,15723910.92223523,121722853.97511072,104138762.99770224,88198897.81873807,32542542.707597326,49960075.161251575,64645942.15886345,154729244.1523462,191425719.58346233,21237635.877070017,16596748.17397256,73814500.54062475,225562417.49370113,203351698.26368028,256126252.02697212
69942241.50324102,85212146.3060369,37521380.441872686,54832168.85878056,117657211.73044772,155922795.9756974,283387321.699237,114578846.24881673,302165614.6300157,151963875.48905227,15708858.455041027,119357519.47854798,103072116.57220207,87093759.06630096,32382296.91178923,49940807.342436165,64603543.10285541,152814996.51708463,191091200.58986056,21200304.012546156,16575509.51358961,73178478.07891999,225317654.2808161,203170226.72994554,255958830.70352748
69579432.0640852,84702200.71274894,37483200.61690397,54671605.71984115,117500152.96551478,149683551.58475417,283239720.8508015,113565227.7332182,300536755.50819117,151885876.80662218,15699388.286045745,116661582.00223313,102697330.36955252,86820610.06323992,32240897.71608243,49721463.41374539,64564232.01498108,152291078.58900645,190527309.86885545,21097803.739511207,16558234.22972302,72755561.35247502,225285865.8927033,201268985.28296193,255739009.83014554
68998379.84836617,83332471.09158765,37383497.57700669,54638547.2744346,117471848.52178761,149225604.3306633,283117886.4879983,113499352.50014597,298278812.7575067,151558367.17973927,15691415.586797502,113151398.64470537,102317900.80720079,85991939.22532667,32206916.95428672,49372298.880713165,64360673.51900044,152176857.78341028,189886453.48268455,21075179.00829745,16544401.652216054,72683541.82510555,223893850.80257347,200507646.60873172,255327946.21089393
68338524.05319352,80992740.07164618,37318044.71919548,54541418.86159599,117443286.11534286,149092019.4353129,282968251.4968372,112828313.35165466,296174304.1259096,151487155.34987062,15658606.643856177,109887125.5002478,101980407.83662958,85692769.05564621,32136727.935782358,49128905.265784025,64243748.94954256,152070613.69750255,189141299.18809763,21050216.371653497,16535931.14269079,72545881.7597995,223545050.35858172,199453947.49330053,254169058.06801412
67722456.83870924,78971198.71484467,37281633.84963144,54165379.97711872,117276897.38327286,148456995.55124122,282641290.14338416,112280893.31433295,291871789.13049436,151011112.13459823,15642218.963859465,107321532.75806127,101874166.11557685,85692769.05564621,32107946.705022518,49011319.84310586,64059004.90052029,152032966.93146396,189128453.2447733,21027474.22864423,16527580.64242208,72218590.03272146,223315002.9346395,198304554.23188084,253620226.7779122
67264478.25474466,77651134.65495825,37239230.4178697,53988330.95714813,117193379.09254949,148099597.49546966,282324945.12549037,112070651.7046566,291605497.2800535,150482462.81334284,15625334.710874807,105080010.20822074,100871303.53548606,84956127.23141186,32054064.23973398,48990697.47828435,63896492.843067616,151749082.51790816,187747343.06379154,20984965.54431212,16525937.837115895,71999154.01149692,222558661.50762576,196803646.35840407,253260022.58224398
66800656.80750291,76241797.71669811,37180538.59775233,53797564.04451084,116043335.52949029,147686125.76650086,282087697.088703,111817250.6566408,291605497.2800535,150121997.62550154,15611945.708417105,104031577.52590476,100138752.32726462,84606764.50831808,32034826.486430008,48867507.70170808,63788742.20019823,148207212.52296108,178893276.90368947,20977502.6618573,16513973.453322118,71895041.80947413,222426948.17238876,195699070.91425973,252139641.47214225
66668074.97729226,75463653.85097443,37122837.51435284,53593103.163114876,115938828.43742253,147628188.42077586,281829781.9051262,111425576.78886937,290030479.143412,149200814.85802794,15611467.461428912,102555874.83692266,98790309.23006727,83793493.00815806,31875441.642351106,48800713.824324995,63712894.067920744,145113613.34809363,175007331.19013703,20954160.40078757,16506991.114405898,71869475.4059107,221972965.85520047,194841464.3740765,251784341.88372865
66353708.43757962,74376238.77502206,37078987.44935818,53428232.15749919,115609607.80795088,147456190.76329216,281482459.81981283,111135750.69286853,288605454.6636333,148590344.51896045,15599092.735053716,101096688.7582064,97217339.66111472,83444829.56291921,31816547.612571236,48762235.82967594,63707829.414421774,144330374.55734152,171368957.87434924,20936474.108921114,16499137.482964765,71685825.8666162,219764883.55806994,193791812.16230562,251190455.74444702
66182423.95210491,73594217.17792761,36951538.24887425,53228435.67108981,115320235.59984414,147281214.3982227,281286643.7290981,110863944.92725924,288602500.47606915,129390767.93006572,15597551.459075285,100595973.40443358,96709098.75309986,83240193.50472023,31757106.891117338,48759976.884893335,63494189.59162965,143977355.99376586,168204309.05533165,20919022.149287783,16493411.918304231,71586159.88898906,218887435.78048512,192355494.51459226,248998506.34526578
66096471.198370725,71001293.3749038,36814815.172947206,53047479.86111186,114756542.2221615,147122760.96148592,280903186.8754089,110834429.58433108,288570394.0472349,125187973.0303427,15590553.23105371,100011594.80484994,96463289.59339835,82996723.94633727,31695756.36453037,48630586.99980088,63466403.230124496,142362608.165742,163825327.4464967,20896223.075116675,16479218.631833123,71518013.10672867,215818022.8383026,190858183.25256056,248837819.0064243
65978863.874473885,68486967.30410782,36711725.308644906,53019268.05944993,114248113.90715006,136506568.51158386,280795879.09479296,110570959.97886513,288400996.66627353,122281340.46198604,15586032.689596362,99444578.06953011,96351826.10386753,82533980.61740868,31410165.260902528,48566838.45799726,63346186.888855465,141347554.37026304,160541919.89574534,20857592.42110358,16465835.406700298,71346113.35642898,210792701.26658097,190024268.63694656,247577546.29667065
65866174.96893002,67610767.24421446,36567145.26858976,52994881.97387285,114036309.88817003,123894454.35583745,280744175.6258749,110328450.78933138,288400337.36611867,121307390.72786514,15583315.609243616,99216886.51782873,96218771.31373665,80889650.07054225,31337015.99768201,48387499.964080386,63298266.42320419,140552800.77228376,149877687.7960325,20815780.599028513,16453905.436262554,71161062.24287102,210508077.01031178,184778908.78708434,246094418.3134716
65843633.57472718,65654954.01101985,36491860.750342734,51128777.893231235,113960350.59092806,123554357.7339286,280703499.1738236,110207743.01283285,288217345.70517176,117075522.3843087,15580398.923689947,97985504.45599571,96045187.45368846,80576556.27570546,30909037.13457163,48221711.26204361,63187154.97088431,140349146.7886159,142877672.2103807,20766950.526702713,16450266.846617265,70953703.50312734,210051486.549798,181259225.430934,245657951.778866
65832755.703928545,65115676.81376756,36384323.38467489,50905370.81408009,113800628.23838837,121440639.05626988,280499663.3133401,110029103.13393496,288155399.5733834,116917119.14014027,15578342.627454776,97800944.04028995,95570965.07253884,80456796.001315,30637956.420332756,47643273.51453398,63072693.79097849,139647765.75280333,140138193.87208208,20765579.00098807,16414665.855005186,70821303.22102766,209514063.86672816,177302522.3217258,244601019.8680165
65809003.17813312,65006825.06057757,36071273.56357703,50548271.84880848,113712456.43839708,120858424.78664772,279934191.7386947,109976041.3609887,288094976.6067927,116703706.57461654,15575783.327802682,97267512.23588766,95494309.3659635,80127911.75217497,30063641.77299634,46240117.49411669,62948641.4129874,137252067.46543235,127718567.35820897,20745362.55455717,16379356.244821573,70659254.57266252,209278637.2691315,174993525.7903256,241974365.02451482
65766425.63303544,64204897.735808946,35816204.158742405,50215932.43426297,113528028.60133335,120110088.57883129,279866696.07997745,109913957.06953397,288036537.89649475,116492259.75933689,15559226.63527642,96885248.25396782,95325460.55172798,79558906.61078992,30055469.480203416,46128797.06651958,62814916.10973153,135567086.57565868,123317338.88161904,20738172.23644245,16371016.189121522,69804747.33264755,209060494.6059028,174167616.74027863,241274211.7333025
65719312.18757254,64074123.916135155,35525632.20643687,49654687.225246415,113444180.450602,120076820.9359463,279793045.91793895,109891696.02789529,287037602.7601241,116303654.67256492,15548297.696742322,96875755.47261332,94828827.11875898,79499834.37156114,29923402.748277213,45988072.644138835,62528735.083015196,134744196.32327446,120070167.83231343,20731301.72552076,16365857.913000498,69379362.04051083,208736053.65508762,173130042.32046682,239979581.05186993
65702331.82691231,64065771.57907231,35324441.8989222,49324706.76432739,113341648.01577003,119644612.21786027,279594594.3164454,109863021.63891098,286577367.07247674,115855975.31604995,15522238.561325742,96394838.49491756,94624231.51060218,78751022.7333993,29888112.124467563,45911424.15067334,62384553.417785324,134123551.1095298,118922515.32563578,20719943.43394049,16347873.495871544,69171565.63681681,207683273.2102742,172697076.60600516,238727878.7502246
65581519.94192544,64000115.21133691,34733701.59919982,48577301.64271483,113203117.28075114,118765415.8200687,279499566.9733872,109849899.43211733,286015164.8622946,115714954.44176953,15513987.88128543,95979199.89352237,94196996.39920607,77995157.9914914,29758925.88481987,45874055.26836514,62024972.72386315,132234907.51097524,116658569.84261051,20710930.058389507,16339909.28700024,68852514.36706762,207055947.15708938,172087875.60253388,237819750.76285544
64694468.776020356,63979642.289484926,34125798.18810998,48524836.264565066,113129890.24010664,117695594.64580981,279179584.4952448,109845122.85628349,285343047.3185899,115581778.50177377,15506597.244292067,95763592.12262696,93871773.74456005,77818000.63614844,29549811.842450738,45827678.41089997,61491569.58251256,131648496.87250884,115350608.54536143,20703045.91514801,16325020.853154419,68454020.34034722,206275590.8841157,171385748.38819185,237421473.18420187
64347884.68780261,63961381.7562153,33941706.471606866,48508691.40310049,113067422.81330824,117537953.97758682,278930907.4829782,106604428.94733618,284264433.3521724,115323430.71953692,15498929.459291847,95502670.51702127,91691402.37863547,77539497.02819361,29451926.83009572,45786122.43071566,61280228.2479357,131029847.199003,113020521.25963624,20690555.15537656,16320966.763485653,67791673.65214406,206103766.41512647,170960988.16746473,234873446.67020825
64323422.36873795,63961381.7562153,33539378.22996393,48462898.41136674,112857928.2520679,117332927.22681598,278577611.20908153,105251586.74698588,283093404.1135338,115110159.31274492,15484775.783554034,95138059.63542591,89870087.86378413,77412739.62435304,29355558.435988892,45730878.68398884,60722986.522576615,130613773.70760538,109519411.55320068,20680967.169442177,16311633.511703055,67641867.33177358,205154043.76799163,170321446.70665836,233512084.8904362
64212359.901980124,63953273.01722169,33065630.10705952,48404144.53411202,112473140.4730218,116571997.3336259,278280904.3140659,105060052.09955181,281968363.00633746,114966288.26732841,15471747.579431217,94962813.2933758,89502289.9137927,76421652.47507145,29243069.70948928,45695598.7951527,60348176.42719266,123536051.42883131,101905370.9993348,20672871.426274598,16296401.885377305,67136199.50267768,204428240.51458594,169933216.88357055,232153490.48233992
64148588.00829421,63920509.22569676,32609651.968869828,48378002.50994064,112153690.20674188,116136533.86944139,278247257.4218955,105026552.8630811,280934140.23466676,114709829.51205258,15465702.635363383,94567951.48012796,89087326.70581035,75665969.7879838,29139047.97609171,45620069.048909284,59503889.82267045,119523595.5299884,101895285.58825007,20666463.18841613,16280312.845791703,66511663.81344338,203051715.8734948,169508909.98273858,230986445.98751298
64059780.645554885,63908950.74258814,32255162.720187396,48101053.24114074,111458321.25141609,115233246.07824057,277695996.10134095,105016151.34796642,279752505.92858255,113430419.00893241,15454585.331704775,94303921.91219813,87587919.11523493,74180168.36145394,29116142.768477153,45567566.784636356,59047686.79798349,119009882.15583111,101856265.52642603,20653333.628843162,16275466.105630858,64287500.03693254,201764239.50203615,169276781.66458264,225801938.3616993
63930204.483566366,63886837.56518113,32171560.653697476,47931042.909325436,109637122.84959273,114819924.52402233,277619846.56823003,104735865.8806683,279272199.74993116,113136418.99373285,15434000.7076253,94095796.1482538,86789649.68112972,73307839.70999952,29089470.522962607,45558287.994658165,58736014.90104588,118389719.26425113,101400530.73421624,20643016.886282288,16233725.580209684,63869058.09749405,201327030.53454414,169161077.04592693,218001908.86564445
63912998.47835103,63879435.6478558,32118356.26527428,47844475.79312053,106899665.40346892,114456189.3001248,277376850.42441183,104727125.67511742,277720900.0051517,112312938.01168208,15407312.426863952,93360409.385068,85063173.45004411,72354666.91768327,29056374.726569783,45540239.308504224,58011875.44578574,118155524.7400899,100534807.81956077,20631173.466246113,16218601.591089232,63398550.064849995,200063862.95230082,164798725.357003,213933859.51820853
63883271.55113535,63827077.47825173,31746055.57176836,47787069.48433078,106657194.86934847,114221679.58599226,272738395.58710736,104582544.97558372,276613422.85544586,111662356.69310655,15343228.606677307,93215657.93314864,83717636.91952632,72040913.81967689,29029586.3341846,45525840.50648905,56870879.9977454,117982635.50996797,99578494.96869726,20620111.972128116,16148615.91964315,63158531.18360504,199148268.3372072,162995371.89963976,200815607.23055714
63837632.00370858,63769216.092342086,31509755.021318756,47704187.01005271,106283336.3650478,113720086.56688079,272098943.47496223,104297609.50071469,275615856.1011264,110846882.58497441,15294791.942005718,92877133.79346755,82479933.22547586,70550133.58865973,29005724.879862677,45511319.98789803,56498157.05724807,117397241.86472125,99365427.92621455,20610835.068338748,16126395.418366965,63099938.41932636,198462316.61210787,159946701.7180166,190390293.0685214
63815079.596176706,63738759.30166471,31414551.566805765,47573269.108543605,105606551.57459565,113319784.38172188,271201693.2707873,104131826.28712822,272875996.55100423,110350105.2573625,15200831.500708785,92643266.16315074,81210138.49305525,69894836.94551688,28638672.889859073,45492622.48756008,56114142.0323348,116938114.00669616,98805743.78780685,20602694.108941685,16050247.516873758,57502669.641704984,198296755.92109492,158287496.0107478,181966230.03005138
60162566.12537511,63692914.21776083,31292464.28192275,47531299.48934836,105169123.64716552,112678635.18316269,270295633.721679,103973601.83967191,270885340.20776796,109622443.17400213,15112743.185512045,92146891.39742655,79338011.19947337,69708720.27195318,28582239.057621766,45438067.646516845,55975085.776482746,116708481.26086415,98528412.76331152,20580953.43060298,15991108.890175361,56427994.70786109,197576474.55494156,154727673.9883118,178455155.99750873
60087144.143917106,63662267.10061835,31237894.84537325,47459925.738031544,104946543.79676989,111632591.57705612,268655048.8888755,103847897.67269054,268902982.4060276,109409720.27965534,15046610.978706058,91856889.50767761,75109435.8262969,68193379.62983029,28572941.794145692,45329585.773055136,55970165.06599332,116331059.51503696,97989878.84880553,20570955.46862065,15951246.29066579,55846368.148469225,197112027.16498336,151225275.87142766,171303237.8628473
58822602.03564916,63644427.07865112,31207431.07877239,47412764.39005428,104262805.40030716,110650425.95176263,265966257.86032578,103753158.40917741,266941518.6825057,108977748.63059127,14996370.333145898,91755166.74941905,73794491.89927012,66894088.3858645,28504341.848982833,45285591.87246688,55962697.99988884,115528892.94568118,97229166.86392781,20564624.87501229,15936406.826825874,55256651.89521975,196604726.57471687,147628400.69647512,165466325.59880435
57813360.288943596,63616652.07581783,31146307.511888377,47305696.672673635,103390225.45095654,110167586.91210014,262364807.226334,103631324.77972035,266160413.33713913,104965182.34560248,14992931.385965932,91637617.41650619,70330662.15838493,66462860.3906636,28490504.972290903,45279971.00739521,55771827.904523514,114409912.39805515,97111018.12185994,20562015.426738992,15933727.038926858,54993135.08897341,195259652.2591153,146721359.3515641,150973924.56524098
57115216.43151725,63581828.9793219,31109914.332460605,47243932.023673534,102902416.63046263,109801670.90526839,258693379.72934455,103564469.26652868,265971298.5040249,102763350.86105928,14981917.139696114,91547313.5228438,69148322.25042632,65855789.221635275,28466070.561978083,45269999.192145385,55675072.23221341,113876574.28936145,96510587.1487791,20561747.15511904,15923117.755480302,54856669.24898198,194719913.41446182,146631290.81874922,139524972.37876683
56828845.98849256,63555570.97014826,31068986.748838414,47224279.232529685,102288724.08552215,109758573.79074955,257296949.87781748,103559243.27795702,265644749.5090134,100406432.14449017,14981000.116254525,91487612.33326599,68421656.79390702,65607316.51944765,28429775.23767875,45254999.60512349,55675072.23221341,112543272.44704491,96333117.04930477,20561557.63350918,15897595.868203811,54453079.14322319,194261752.84448758,146417104.59237847,126177591.5415167
53214684.087180614,63523147.3359575,31054457.410956036,47145659.55395357,102143035.35865934,108698644.57892361,253407203.8515035,103495257.5054592,265258199.08679318,100348805.54356724,14977316.113247322,91452850.93061426,66696519.81468929,65310118.33431634,28407015.56243872,45251637.587214515,55663001.98951128,112305452.05096692,95747482.77050567,20561291.129749794,15888777.155969324,52890419.746374354,193595706.3938701,146306404.2702358,115837434.2147424
52347060.10559061,63159178.687505655,31030929.42539531,47043935.63045187,100499438.0539036,108281761.67043412,251114267.69911262,103447570.60694356,256015644.6641216,100170208.45417401,14975199.357917987,91429832.40261301,65685789.30250894,65140244.58674654,28399065.74730026,45248059.80463335,55581257.99629661,112046700.38855842,94514444.91941875,20560769.599401716,15880624.863307808,52102731.53687839,192419376.12301356,145501214.5284826,104617039.95837508
51898379.0077495,62974904.9767912,30679968.424493555,46896511.114957035,99751498.26597068,108019989.96285304,251114267.69911262,103385568.399089,240302184.6085135,99824200.16108893,14967631.593046509,91332023.97735575,64037203.1677673,64863812.83301674,28383162.467408374,45237674.678033575,55476915.538651906,111654475.14207985,91424235.68048665,20560509.65897526,15861640.734169332,51959821.18032044,192028487.2892708,145333441.70979518,98394473.73651654
51852189.773920104,62773667.095320426,30361265.614823762,46824606.11719442,98936583.57386227,107802378.66981617,250817211.45056626,103114318.05515538,239824608.4761014,99450539.96091263,14957809.395092629,91167186.99064678,62258794.60133535,64550664.34765742,28349858.534093678,45230015.692716,55332588.56627031,111158080.9047828,84786239.753608,20559911.621634666,15832441.22508541,51847800.50758208,190811262.76194084,145242948.6787042,97939399.19287646
51718474.04091416,62665097.567877315,30304406.46161209,46773107.069986165,97862508.8173921,107517602.87614742,249241711.6131497,102828230.0079842,239153810.65245882,99140101.04171865,14940075.787805388,91065952.51818126,61451313.1754142,63354952.92926803,28306583.511779916,45216204.11733564,55210964.274080716,110757338.24067427,82899699.58741474,20558858.665420637,15807002.734227959,51785127.057996154,190271173.29266196,145202866.85111913,97728278.31542203
51655517.80604054,62532175.937551536,30242818.661976855,46741670.59616555,96705263.3776252,107469044.48783384,248360143.95239764,102177388.79190573,238541469.89977705,98554524.2450862,14922882.356718501,90986405.2934795,60703180.13233216,63127926.86391892,28279771.964609277,45170192.579417296,55073578.078387186,109573085.15756501,81521762.90916622,20558001.150520995,15719283.187115967,51421225.4509194,189674268.03012016,145162637.22089303,97649046.13586801
51439161.55217733,62447172.3336791,30219984.19228527,44995878.801574156,95785327.94147478,107367380.76669137,247382393.89171028,101934728.75495112,238344381.02373388,98342190.6381797,14750201.001152026,90807860.4526861,60115682.07932053,62975158.615808144,28267791.7189593,45169561.929631524,55002323.01199234,108673152.56016932,81120241.51834978,20556874.16715454,15664682.788641674,51296424.48151652,189186673.53954327,145151577.1393447,97041362.20357376
51365028.31237813,62409562.58496554,30189265.899191625,44665636.49952526,93282110.67899285,107344196.88562961,246002917.37279364,101909003.577317,237749525.81766662,98167135.30870599,14750201.001152026,89910523.67552559,57794935.60860477,62948944.600945584,28256215.377756115,44918348.90864765,54970214.56928119,107944418.98298655,81098277.14513277,20550943.98730892,15591191.404827885,51195568.15723103,187381380.629843,144502990.77316472,96337251.24113722
51264202.22342309,62391976.92828619,30179064.90709846,44583664.11495115,92353677.84556487,106113569.63031594,244991001.02242348,101776534.57672147,235502219.92289263,97938326.58106929,14727665.275836363,89675506.53497988,55910425.50883067,62879501.95070649,26008304.55566437,44906731.043464884,54968267.30354796,107290638.90395632,80892925.24740481,20550729.13770753,15519365.28973147,50946585.109592676,186797309.4546203,144323151.46826205,95572919.46489042
51097319.61246958,62294431.859167285,30131034.11387115,44545550.48847641,92136117.8086619,105088302.71835588,243636618.69833773,101383050.5563765,232466224.94007868,96921074.99640223,14702972.671657547,89634649.61100963,54605423.92681162,62812250.440095164,25869983.184088953,44902703.822590046,54958134.89040231,106068673.89230251,79917211.09653471,20550572.54278593,15489701.314044606,50853707.92791521,185957369.57111862,144073645.9484835,93857279.52447008
50944557.27443691,62225056.50655532,30097182.574256714,44425937.81912431,89666661.32089216,103890328.61294329,243141922.65833613,101110936.91635327,222993772.8475169,96095003.38559209,14681927.318747453,89607953.37718314,54122738.45069451,62742631.47559807,25860474.59482391,44889485.05058662,54928247.31854837,105417399.02693895,79560020.78856234,20549976.63575125,15395855.711103009,50689818.41254353,184839337.97922117,143881125.2894545,90464161.02629068
50828533.58273645,60550691.72352752,30020501.56262567,44394285.944306485,86828117.54654881,102594081.80396883,242396764.91818506,100905628.0204238,217011932.75859278,95890536.11689693,14661319.001567155,89518795.21704526,53527151.67935445,62692692.51385049,25603520.328848958,44880173.92905544,54915874.23929454,105037259.96198656,79274053.36320843,20549286.831456315,15355843.72933236,47703242.69672038,183573660.54692355,143703054.37448943,90020247.92777756
50748988.82431513,60244431.43771971,29934449.779723216,44341670.181697875,84989275.0420584,101921530.46213453,242174839.24224755,100711082.44186157,213148384.01537368,95197909.02272755,14636052.45622952,89494474.72654748,53004179.96975815,62021777.91563533,25497046.069755536,44863938.327442184,54896527.90494561,104316425.80183308,79100785.71643397,20548418.864460293,15343643.940379161,47213730.06562024,181645236.32613057,143484514.66908994,88799526.26167952
50639931.509307824,60133603.58750738,29910858.676953986,44316415.02894699,82492550.52441144,101654461.83369409,241064071.64318237,100522572.77337329,209438705.50726342,94059289.18800698,14626548.474252338,89475844.70482054,52912073.21737904,61955105.21133702,25310572.896727085,44852978.493221,54721894.0026157,99581474.20943105,78923291.54063399,20548028.48066982,15339060.560846439,47003327.7451893,179321834.3270511,143132641.5691882,86341013.77462995
50576398.93322003,59898426.52209953,29822191.410788633,44271025.74727965,81728916.8925648,100754075.89433351,240377391.19728482,100162673.45965536,207742515.21091866,93633461.31591189,14608799.471669547,89349301.37271741,52785720.70344484,61891592.312388584,25136235.160910964,44838168.827006675,54677518.81732631,90500135.79425599,78645772.95394748,20470991.86905151,15328042.161521684,46143504.26701392,177850346.03186324,142877409.24581403,83531176.32094951
50513925.46178904,59841345.53917652,29758281.403334733,44244537.39175835,81251900.5514825,100385878.18532859,240365442.59918255,100012745.45344944,206045432.809869,93119864.76000899,14595960.959597293,89331340.89410333,52523225.873561025,61720226.94932386,24976238.64599386,44824492.35561286,54615098.08257092,88816786.89704114,77322665.41158803,20428471.256316856,15323534.479650445,45117178.950267896,176140553.27287254,142774770.35584038,81818508.64048348
49992642.97036635,59749569.54894715,29720902.126241203,44220108.262041874,81157107.15437177,100086921.72712755,239953437.87073138,99728723.65058589,204305496.99189773,92535512.41339387,14594833.344841486,89322517.18883511,52155494.70455056,61616369.83478166,24740572.6033846,44819619.530204624,54545420.78886118,87572980.62003759,76353306.39121558,20421628.462103505,15320899.26168442,44541398.35202495,175067837.68997014,140930566.8585147,79172047.21221627
49953436.69450086,59588739.53944354,29666095.80243892,44188074.06579708,81103733.20671651,99754199.68321891,239836142.49413455,99552203.9238657,202559552.33097404,91763680.39304763,14594017.448006088,89316554.60389867,51733142.93556653,61539523.50328797,24612073.346898902,44795747.36041751,54531539.299658,86257475.6450145,75980889.76045942,20419572.624642003,15317077.11951538,44268107.37904334,174049178.46540737,137928060.16144347,77945785.44581865
49942254.33735222,59224128.31526032,29613619.39578307,44151505.82812471,81000177.13485765,99275058.04256172,239686956.54552954,99445920.9586879,201732257.14429075,91423318.63148247,14592837.248744113,89310315.35111603,51323366.82520862,61354514.50719782,24591201.98624624,44784946.26993839,54524792.1319523,85832809.40359895,75729810.718783,20416614.949119776,15310105.331023263,44099056.57085368,171909222.09521335,137458130.88429728,76175903.15682474
49825146.1773466,59026876.13194711,29581756.94202602,44123101.1847443,80882711.7319362,98800571.72107506,238109729.68423146,99109574.36004022,200371680.64860976,91069351.83160378,14592084.797807407,89285619.980717,51156169.11935862,61040682.86716333,24243221.226974525,44779289.10768102,53110572.320284866,85231731.85380666,75122617.64032201,20409339.67192441,15308753.222469332,44017417.67806631,169926623.72914976,136313488.40140885,73014403.2040119
49769053.97876069,58606089.94238789,29555664.104000863,43319752.802627645,80714634.26910047,98272497.15789948,237926607.76497534,98975832.51107754,199839496.23080933,90629386.87402427,14591411.738684747,89274697.61613414,50766263.62994502,60510915.73694293,24219127.2193514,44775516.20268341,52374308.91274029,84782035.18616155,73989879.28981587,20405260.59286432,15227540.968847258,43418104.56206722,167983862.2133042,134927984.26959616,70006867.41032813
49638304.11043987,58404356.50352532,29507867.144425407,43168095.16584587,80598909.97277524,97030971.87095962,237550702.5683716,98749560.50993119,198078826.13736838,90345443.24305025,14264547.327460831,89255932.19742742,50324763.759404324,60298292.233861156,24192748.62264592,44775196.76541486,51528480.798718825,83559955.67919925,73573441.79803334,20401038.928002506,15167075.056147853,43054045.84636522,165158439.55402175,134455444.73989582,68944824.84350394
49599083.26156892,58010063.45711449,29353113.70862579,43109487.84151001,80429635.84888016,96183822.39776008,237468238.17064878,98384423.50647646,197289344.7846438,90129633.23665881,14135436.595488213,89245067.71987945,50126018.59024652,60011068.86566885,24160096.347444907,44773350.25006851,51209736.636988394,82982460.70300627,73019179.30860409,20396980.136001084,15148200.329302177,41887361.14647641,162492970.29056713,134388347.0219203,68301592.09976257
49551826.05898138,57968835.6577553,29299467.44097748,43055056.53648242,80339516.66048574,95305744.498792,237242665.17234048,98047152.44433913,196468362.95400125,89832976.07223707,14135436.595488213,89237466.82638445,49750856.50216582,59640098.65581943,24033146.44700973,44772791.052896544,51193572.90387726,81592158.02723828,72881459.52335615,20389854.134252384,15120683.381465355,41579961.11542722,159370618.017378,134032747.53135552,68105069.71942493
49478087.553452514,57499855.05507418,29255749.6914396,42973918.356278986,80249183.2611098,94186533.09552237,237012775.20029357,97885613.7507036,195807542.76936358,88602934.67006046,14134914.744583579,89227250.78391299,48745166.39207833,59299489.05696751,24018686.61819565,44772361.55290848,50105191.96367616,80415900.58386543,72250585.95975152,20378369.310275417,15101810.858011266,41456447.289805986,158560052.64187977,133837035.16642049,68036485.10474992
49419117.016646035,57224872.35532281,29206448.4667489,42934413.110807195,80123863.0920162,93522551.88899104,236870681.42484352,97593826.85475506,195174165.42038867,88443353.83914948,14134914.744583579,89211775.21558222,47599697.9892991,59018650.118917406,23916726.220978845,44771424.132755235,50027259.73297841,79498195.67193243,71891792.0937443,20369448.61385816,15073841.770590646,41219485.451073,157374217.17404318,133602968.8790367,67882849.04356597
49373830.26161977,57105838.42856268,29170379.42028179,42912389.77354747,79939069.60101047,93254705.66740656,236745735.02783424,96237705.1322317,194495659.00856054,86988738.4725367,14134681.023730202,89157921.26620714,47179235.43501605,58765387.727504015,23893343.230962787,44689228.31924487,49698527.931861594,78167300.72091745,71551591.1245071,20356697.878554698,15041760.339033969,39955260.544187956,152460395.76394886,133298805.94598432,67790853.23945542
49319718.60309106,56088345.48063955,29159754.055155337,42835580.37447405,79831600.05935325,93244152.49662356,234479428.9500012,95894636.44081947,194182524.8320745,86393491.95938644,14134422.07933832,89133013.27377321,46958147.30071515,58320724.38306852,23872835.368105333,44606520.60528378,49273011.36047057,77858837.76471744,71302354.6198242,20345257.193173848,15023396.35349733,39575356.672634915,152141022.65943146,133027564.12488694,67700733.5306149
49280625.798011236,56010064.38241423,29148792.743147086,42818188.272188544,79778690.48759906,93222785.6055665,234259833.8990351,95611622.18296005,193826425.88837707,85616996.985847,14128978.126558812,88381194.6575936,46837212.73083097,58010500.46536813,23577730.575439245,44601043.585166804,49140944.25836958,75346074.72294497,71052484.09976673,20335935.928005666,14990717.697005682,39510741.77646974,151485980.3259824,132533111.28667988,67585484.55488868
47688598.65346595,55184390.20541442,29104006.8327502,42761766.5815174,79764444.72331588,92540006.3126853,233829296.94563687,95550539.37189777,193580838.6124038,84675547.79013956,14109212.246563334,88101465.62642738,46438137.791205816,57924119.15208977,23545893.761893768,44578157.16818434,48887178.22081677,74627091.0820546,70643635.40352316,20323442.63711768,14935458.633399302,39348693.00769903,150793698.00242704,132072060.81790313,67447510.37929833
46744077.266203985,54909075.03568729,29080004.606545433,42656755.43189097,79314820.57216607,91739926.61990617,233680285.6864546,95517870.0872445,193455947.49606547,83968823.48233254,14092056.071578223,88052478.60526827,46202725.173019394,57673888.89135158,23528921.947856344,44563816.07659064,48812977.44891785,73702044.65559132,70383625.15475631,20312673.44226508,14895825.147897193,39233597.59182059,150108469.45936635,131486778.14934027,67254571.97714104
46733370.940170415,54634234.2546536,29057386.55794083,42586020.452582516,79277160.4251676,91556629.83517924,233297121.8596076,95464464.72342436,193101000.7475162,83809977.8424888,14075355.0521707,88045826.30735898,46053506.307356834,57588542.01965934,23523953.797292814,44545112.842617296,48548509.29949197,72709992.34652655,70222819.39347108,20292848.34010926,14742418.184747417,39151335.28112999,149744184.4134675,130284593.85229847,67098895.88066615
46603237.86463733,54504874.25544634,29038573.626114547,42518880.44267824,79247504.46537685,91398348.29779989,232435962.18602747,95115888.17021903,192844707.89115188,83747251.86023572,14046017.252160676,87697840.36611344,45501223.0296589,57484750.85796293,23504417.51149659,44502871.80740828,48351232.06784624,70746307.90389669,70042106.04273173,20288032.080384955,14671574.902746063,39083525.04458051,149535353.69813207,130181861.99154957,67029112.00194965
46534877.23792861,54309013.605126955,29003832.52668276,42013343.55462474,79193507.40278392,91350707.6570105,231650052.88089177,94972749.42706655,192612792.536176,79180485.61069188,14025700.247665351,87532983.09398909,45101608.28183086,57255282.00270489,23486951.05054508,44487279.09861444,47925433.59724707,70315895.01928498,69294784.11794212,20287325.05124441,14634804.495447425,38832536.805380546,149470026.59833625,129913814.80324373,66948345.88054722
46479343.69846805,54176581.24837434,28974701.076275118,41387917.80118508,79161512.88309565,90589135.87831338,231158956.16263562,94676663.09574425,192396397.83231035,78556808.46380876,14006411.636687594,87504189.59190129,44917489.63858299,57163926.02289665,23477370.71122136,44469876.31929403,47372935.07365427,69983439.19771512,68883857.66274203,20250762.326872718,14563257.286320573,38783253.63497171,148935774.72834584,129635903.87627926,66845270.955542125
46249264.075922586,53854245.25880169,28923398.928599056,41192174.60759498,79120098.81722477,90302093.79235902,230882088.03531003,94488703.3235842,191754116.5812552,77540424.37656419,13998882.338249104,87469510.993717,44602641.99890301,57084006.53937005,23449048.41732067,44446647.17738577,47230765.51603818,69544118.24158548,68306783.15933363,20222859.063444775,14521091.7810755,38703092.780339666,148449078.00275826,129544641.08288209,65066939.52506699
46126236.06937942,53668262.94015319,28864752.832914334,40571142.08207294,78725799.11069669,89638077.09531936,230363155.0456686,94246920.90089758,191429859.55479717,76177497.06347378,13974977.030045712,87341757.3130937,44152277.65248264,56936896.75507875,23433096.065111108,44432796.77092419,47136690.66517997,68867857.32130004,68117566.7196998,20217842.912027176,14428827.907481775,38642469.22794558,148218461.56882733,129373231.92001356,64578758.02552203
45957482.45672551,53491188.05126746,28817709.67983374,39903230.44757989,78706226.73909031,89473358.69266783,229304799.5634849,93995139.26388541,191045381.03234866,74897365.09266597,13948313.238579769,87249179.71403253,43807952.08277663,56659717.64730493,23420114.42312522,44426016.58257566,46962021.18749281,68622209.88835536,67395291.39533892,20212682.417647086,14412420.390590334,38523806.974968985,147963969.06944674,129199058.4266604,64391154.968903035
45909563.02424382,53396388.67108134,28752147.646054264,39667417.4535471,78679234.93618594,89196762.12817949,228092925.61379412,93707036.06461145,190604964.3121133,73859376.64052819,13931093.670729414,87087444.53906627,43749812.39149836,56501288.72593442,23414748.38750844,44424147.16423617,46871087.83850909,68294940.9745785,65567861.16716825,20211007.26047974,14358201.612114297,38487633.77671984,147871951.29575998,129132667.41797487,64270011.8059292
45880284.999918655,53217465.76185945,28702336.94871971,39563424.744426385,78538299.77168903,88779496.71569246,227582101.57812592,93525573.26817101,189901708.85754028,73143347.70425975,13877607.275474053,85915469.9942261,43733884.18559496,56325887.01335345,23234724.57400465,44423042.27549456,46802640.33842055,66016352.36595774,64419420.47667542,20209217.578937173,14309660.5932036,38192553.234468944,147131910.32256347,128932911.77680953,64208594.13638023
45713034.654959016,52602406.92520288,28670721.63397603,39422371.34715122,78487837.69089176,88253050.4572819,226573988.2816787,93277636.9847012,188971874.97130024,72896917.90681827,13847141.62991727,84838373.54094647,43632276.275086276,56222912.08368621,23211966.002206434,44409171.91663542,46680868.36382599,64941811.006561495,64232886.284854636,20204061.519275013,14253809.502053015,37882408.33026332,141795099.25878695,128637377.09596564,60069064.97204685
45533731.81728064,52602406.92520288,28646805.828165982,39255185.621358424,78426008.854811,87924010.01724286,225400776.9078435,92513954.81036653,188183864.03904435,72863087.00284292,13810187.516936628,83779452.2606197,43446554.77285333,56158858.5817558,23208292.42629943,44403635.242126144,46394646.13566472,63387752.48414523,63735385.8365171,20201013.519184005,14222781.223213868,37781688.66129821,137325172.68193418,128383437.55898942,59694126.12782641
45489106.098216474,52582622.60263099,28429672.05478854,38941216.87676949,78297669.70907895,87732512.76218645,224058049.717871,91806764.60300666,187229759.08238247,72638884.65966664,13765853.684950821,83249201.52137338,43094090.3053345,56105538.679223426,23199455.150496356,44397592.31626577,46263079.12257334,62610091.83592038,63487422.10455917,20199043.368984345,14149994.3507704,37658775.98850845,136937349.98883703,127999272.50080249,59691958.62582195
45121036.87250726,52539540.84277195,28286968.069001816,38853116.75205144,78166349.9179733,87384104.33971791,223592999.61408606,91433351.8614115,186110940.97903,72516004.22795904,13727197.000543322,82515845.24826512,43047212.87546652,56075929.251345105,23164855.561595403,44393139.90414215,46198362.995950975,62025244.20138234,63051486.47264687,20195939.454327088,14117125.56005387,37608201.4860046,136454859.41556492,127847320.21564181,59657164.39550476
45031168.08577258,52506091.86029118,28269042.787106995,38758574.94680214,77983522.11596641,86952085.94419959,222972804.64696518,90889358.62997068,185138346.9744994,72462791.95047146,13706801.541681651,82109867.50713481,43004067.469981685,55954163.43970381,23148419.42373848,44350983.07720585,44746332.18961856,59985839.12839871,62589488.46035385,20192928.79479688,14099988.542513283,37526851.82623025,135550021.64444593,127672446.63216376,59649257.30772742
44995174.66631614,52496993.04065212,28264047.840176083,38086479.244823724,77797236.37714927,85434615.14029315,222344545.40279302,90380923.39803313,181752499.29097366,72412920.20617844,13668071.374635292,81447235.3105158,42977390.80377615,55931054.77219275,23109168.235974964,44323845.513523005,43892032.43883101,58316900.08822898,61472666.6812704,20185575.002271444,14022690.759092668,37500596.927734144,134365002.73064056,127619212.42319882,59460529.79234134
44962093.646647856,52034953.38957059,28257970.170074042,37525420.711820275,77685460.40097612,84769810.75477867,220933761.3334901,90024581.49647982,180356796.68504843,72372626.47164921,13641398.76830648,80947144.23248169,42960016.09834827,55909959.23194573,23095461.7474864,44321295.74828727,43806643.47527913,57425224.29792752,61072404.55912063,20180248.152052794,13894570.342974486,37362848.7992336,131636399.51569404,127573787.44617802,59321354.56477095
44936818.77736278,51736662.31607807,28253620.083846815,37231907.468673185,77574548.01492311,84190541.22468224,220410823.68592295,89864821.51271418,179459651.6221393,72351921.01251993,13628915.659245316,80674134.19658253,42759586.92043326,55895094.38005099,23080470.269474763,44302074.617271245,43730977.882129714,56873808.60201014,60841381.80018204,20161312.107287437,13796793.920344187,37318593.940843835,129914699.77251421,127521906.91870543,59183349.5333357
43920499.494314075,51557301.13856546,28178290.20048511,37027959.068659544,75913580.15951924,83931111.53934896,219381083.62820467,89857426.75126305,178175368.06596622,70974353.50608467,13623407.1044208,80531834.93739974,42651719.70452228,55844231.59293626,23066665.63497266,44292595.615027465,43701880.53824234,56513190.51581277,60625818.8512217,20135612.304379243,13777290.13873118,37284809.67497498,128103092.12490842,127486477.52262108,59105813.98332199
43907606.984051704,51493408.93072744,28171845.386702016,36798159.1013214,74991178.5868651,83592184.42656347,218478160.169818,89797848.84027807,177154014.59345722,70789162.2034775,13621252.104895921,80251271.04645362,42638808.6462263,55011694.20798297,23029718.83187557,44280605.6748908,43673755.597283214,55647009.963992655,60511506.91202896,20129245.336288225,13744089.04575266,36660289.37987245,127084132.3257692,127411666.05592221,58449086.03294784
43906714.71916798,51418650.55480828,28155184.907123525,36699245.481752485,74336823.62106723,83316998.44178085,217626186.7412392,89066235.77098623,176436416.1384422,70621576.77926983,13592190.495726656,80146851.23411687,42617134.94563986,54782259.79560591,23019647.69266562,44274690.889482915,43627517.82259679,55129534.14410242,58564645.86904241,20127754.80616142,13600195.600230018,36560901.60999195,126171610.94226855,127378797.78904352,56554521.20230081
43893918.7908502,51368078.49903494,28141874.417208496,35901191.919992544,73308311.17136016,83182308.44829781,216817569.72771347,88879776.97155912,175383269.04368713,70348994.30783214,13581654.987392815,80043192.69574015,42587467.77896089,54742529.266741164,22896812.55941174,44260338.57975389,43568044.66998098,54923402.21651235,58460278.46507411,20127073.97196805,13566867.571080687,36524685.161486894,125631887.32547973,127365085.47774006,56157781.63698559
43881459.26289946,51174994.93477829,28095778.944640573,35085759.6114132,72661940.31069133,82672243.55613092,216399876.64654866,88415966.47746526,171887938.2709519,69979088.48402365,13574791.47397865,79994736.3420492,42549139.54797813,54511014.819027305,22888022.248942107,44250238.59864217,43193810.425059885,54705053.2021009,58369384.49609471,20091337.844016142,13538528.926481321,36481906.92782984,121980024.87741473,127175387.45239998,55862095.8719625
43837013.91600152,50934646.978395455,28077493.54301896,34584906.394330345,71964401.08240476,81935181.12438318,215410028.56935358,85071597.4548843,170609224.67378938,69863519.64993533,13492174.754260777,79893184.9448909,42529046.74146419,54297622.4234427,22868721.707726534,44018624.1931544,43193613.90030793,54567238.94964575,58331929.90322249,20083528.96552692,13522993.710183868,36448352.31714854,121157485.43269229,127108744.17735961,55508739.728665285
43822773.987847045,50845821.161342606,28056519.018998664,33511734.565947067,70827627.06628366,81536026.55589765,214606733.6199574,84834417.93177097,168702371.0887744,69648580.79433063,13129920.01303946,79817635.0517914,42513535.866701156,54226972.00028512,22857914.930230748,43626151.1483841,43182802.23684566,54220933.49058551,57507052.11767252,20071492.69934217,13184814.168540686,36372719.529613785,120519598.97121847,127005242.3447054,54991277.29935643
43803512.109280296,50750418.62442556,28039469.944773134,33367468.286643665,69100302.5021539,81084516.14741199,212950104.5301223,84754199.68771584,166405718.5249114,69556866.58852348,12960944.117577633,79760912.44914053,42489256.88927756,54161766.31533958,22824832.141545292,43421200.675487645,43178819.705194846,53855648.32685073,57216252.981376015,20062354.41585271,13151250.158414803,36346390.700030506,118270536.46674074,126912147.06156608,54738323.52087288
43789992.66246987,50616137.111946575,28032871.520304803,32798631.587126542,68506357.04224093,80613455.74634802,212446714.79869062,84609414.1231937,160948347.18778512,69420324.66431211,12775734.021389026,79698124.32304497,42454836.318141945,54129666.58561758,22810149.194023266,43383077.97001278,43153840.205427945,53568410.02462484,57036427.5139559,20049000.586982243,13117709.418919798,36323130.34522827,115874260.61528909,126835978.21615304,54628948.562202305
43785360.80494303,50566450.82772842,28024957.150457077,31916128.868116394,67285473.41344553,80335428.3055194,211863599.93166965,84594871.76088756,159020254.0894208,69335510.4679916,12728137.786035707,79631218.59370516,42434677.45237904,54103674.05327537,22794200.442763176,43359656.5796149,43064042.88986567,53417569.7189928,56618538.12380687,20043340.563588645,12804859.024228223,36288130.710083194,115063101.17100133,126617415.12549843,54309769.38849989
43409663.120831445,50478675.543400645,27998475.489502743,30652063.639185384,66393585.40062173,79897906.75508666,211466200.33193192,84517726.4454274,157947780.7243684,69282954.78510132,12701726.41885993,79575131.98373161,42378663.78985033,54092564.94491766,22587692.51226742,43278689.14977064,43033859.04660068,52963221.16902912,56339622.65423332,20038532.85312623,12771545.640635632,36211308.29828429,114105751.66504529,126510857.6081419,54055504.52383364
43393954.41223253,50386375.36615783,27968486.090190426,29962680.582539897,65605977.72997226,78985930.77758943,211349029.9922268,84287999.42112394,157032698.902141,69261342.53122762,12582589.179480428,79500383.03663345,41651896.08024255,54073820.93843764,22448940.47959844,43196973.270987555,43012917.33113749,52492552.739196226,56027501.276490845,20033660.09034557,12769283.887063958,36166424.778339334,113700934.96920078,126457287.26383159,53990407.99194605
43393954.41223253,50021058.157449305,27957123.606983636,29401531.609518092,64194287.79931983,78374621.43591258,211200991.63162923,84208930.30823903,155869561.53353512,69257807.59518442,12516188.78724455,79114383.27178605,41380930.57385456,54065933.854072005,22379010.895857897,43153938.620454475,43000836.22540768,52314619.42841706,55732938.30887714,20028361.992665082,12730544.141054932,35939019.3090519,112929280.26325306,126309830.33009641,53945107.528491996
42666671.68180613,49584087.85678198,27941202.038081527,29162754.23974739,63554845.29177117,78251509.60868774,211144273.01399654,84121524.39990209,155118809.49474514,68985822.5030117,12495772.415021561,78989064.21578372,41056862.0604953,54061433.682370484,22315480.378013473,43117978.38802683,42978522.09255795,52225686.618440844,55222995.0978784,20025684.321843415,12720707.759564454,35931343.044921435,111885400.7798902,126218599.54105097,53707637.859745815
42331818.21687116,49310272.161844715,27933743.680434715,29108511.019973606,62455570.05545355,78168962.34271161,211045494.13257197,84043862.43703268,154366917.2142417,68603541.0721989,12479569.390166279,78877325.42611687,40871035.80054792,54055713.44195186,22272407.72060844,43074836.51462953,42947145.237122834,52092012.35084667,54168891.27146183,20024991.83349354,12710386.965990642,35915068.769762516,110655656.87371163,125569019.74516301,53608217.9817626
42193065.57918598,49183438.05855556,27925782.58253719,28524520.971018523,61767359.53567214,77938809.34311883,210992449.45402762,83313824.61206062,153951007.39592147,68459775.01807347,12432833.393836793,78706250.13974793,40645583.25814331,54046047.39834217,22222976.912106592,43045312.54485289,42735960.432860866,51940169.59084141,53862331.647246696,20015237.255779073,12705211.357231453,35904036.11340937,109911538.49887103,124962363.4061343,53552278.12443509
42087236.02119341,48736924.64551182,27914466.694341727,28414995.86344288,61229411.41919076,77746143.53984928,210789935.41994783,82772228.09096067,153282266.79034984,68361482.3839742,12403446.396302713,77049325.85245597,40582806.802717894,54038052.51615583,22167053.84239184,42986539.167362824,42689313.65351247,51769796.79626848,53623433.51491204,20006138.8522275,12625177.419840774,35885345.19597096,108492781.31448449,124353849.71966161,53482254.48185459
41894638.386005774,48366655.29306932,27904308.455916263,27954211.95014066,61099846.896745875,77560542.05597292,210546100.81987554,82612855.60439423,152960294.72665435,68232559.72629802,12384983.384563657,76549712.68573894,40482926.191572554,54030175.385792635,22159184.531555217,42954672.760996446,41601041.80201628,51649988.250387274,53451025.33150891,20000648.584066413,12616718.654806906,35883390.52710532,107314911.08477719,123989760.25019172,53274815.61799273
41737399.54060107,48053165.16146305,27885392.718443494,27759862.71413524,60941637.46594166,77287388.56822391,210444824.83595023,82387156.35530682,152675499.15632775,68112131.23010582,12376065.089736775,76438329.93122622,40358701.058808364,54024641.308531746,22151227.224222705,42946905.08396327,41220816.35066157,51332122.15355654,53201262.14466949,19995690.344771884,12613493.875610175,35846019.72691721,107009708.59316449,123704764.74034417,53239807.24264675
41580285.19207149,47845551.428308345,27880702.92227541,27515637.46814552,60469608.83734291,77057670.32225765,210228448.24265048,82188254.90891482,148964396.82878083,68070451.37305608,12168230.955496382,76427394.04679944,39886080.90447582,54016203.15433715,21937758.993562244,42937510.56677111,41120883.13054826,51025386.81608918,53011835.5173502,19991982.868897893,12609566.16505182,35835518.272939816,106536364.5049514,123070470.22000201,53189060.7442726
41453810.88645622,47773990.93290296,27873664.245811753,27254080.353135485,56814980.48786769,76790461.85215001,210031565.86822456,81736275.25761153,147922480.33072233,67994325.94672155,12150182.495750453,76372138.41040543,39880538.74050583,54006210.11471923,21873894.03540326,42927770.66415045,40884325.41447456,50782787.02330254,52872195.34522677,19903884.172204196,12604294.959567128,35826579.65885493,104355534.67683288,122344274.94071464,53168750.109040596
41242813.932284124,47485976.98155692,27859172.447077326,26880918.47059947,53895602.05653838,76491122.47952701,209880426.92447096,81433777.1472622,146981508.43214956,67929655.33982013,12128734.424165247,76369007.4171921,39839524.79000082,53902126.90533218,21832540.638241727,42915711.117476225,40667101.07027573,50419756.14700303,52764141.66715982,19891153.513665475,12599855.462124677,35812984.5118248,103906430.01969977,121697920.78362669,53147255.27739578
40913229.68786117,46717581.95765313,27750121.172708593,26768331.14938915,51567003.740823425,76356522.48862216,209801295.2334789,81202810.15856391,146315783.4332386,67871350.96623203,12115633.547823591,76346373.51942722,39742014.989538826,53713256.54125743,21766050.220979705,42899497.42643052,40576153.677248776,50326717.255055934,52583900.68758411,19881814.037532188,12597734.186813693,35807535.56369309,100748811.90513055,120854621.88261874,53061987.78063599
40474141.771770924,45912814.78841803,27554310.295208007,26245407.323126305,49853718.873795815,76288228.64118096,208656705.01802227,81013141.12149642,146144581.86112878,67758148.80509225,12104250.225344066,76337890.71537253,39455283.041563004,53563973.72448632,21701943.103461254,42864193.80353905,39742470.12091675,50064923.69164993,52412784.781412825,19876628.749017987,12596696.843748538,35794518.5024228,97718424.0984067,120152482.48351724,53051436.050358765
40131117.08899709,45563343.26842649,27495706.78194479,25984508.802859448,49067831.932538904,76211663.67255636,208473239.7920001,80774472.96203712,144650001.12108782,67706617.89010245,12089863.169063162,76317398.50354753,39365527.62240245,53446077.44046358,21629651.601289105,42849381.39183131,38987445.68918415,49596191.85772966,52248039.198104024,19863732.182359226,12595226.153570462,35719074.280468814,97113867.03951381,119282102.64489457,52825182.42214735
39984876.44119368,45251106.93975467,27405843.731198486,25921021.792392343,48655929.61248024,75962593.2005411,207586885.42236343,80515723.26219913,142677556.10268307,67650931.33913119,12083967.32436676,76305547.28031072,39324450.68940996,53305683.52039931,21585485.07565623,42844297.577858165,38947803.64697715,48816881.21632803,51753857.293408304,19855729.80934436,12592810.254613912,35641022.12561028,95955744.62447949,118152074.19819357,52667672.15071737
39172780.102508664,45070260.33156613,27398246.88242863,25843663.6297657,48066620.53455827,75819021.05842245,207232596.27675784,80362727.82106239,141849886.24730763,67628163.57331255,12075333.515123783,76290841.87625049,39279917.4797558,53111189.14395391,21523564.531482607,42829092.955993794,38924243.15055652,48318678.25521477,51510702.858097374,19844590.168040566,12592467.203163553,35579745.852991864,95220336.89794876,118059514.62942746,52518556.54897497
38964034.221168436,44926678.31840563,27381558.208889287,25839575.830664936,47860314.00649,73871720.31395647,207047447.83788675,80312457.10405555,141414391.4792439,67519662.9239898,12059341.630510092,76275408.43174292,38931208.35601931,53036403.395543344,21328901.62391319,42821337.87129828,38844208.698026374,47518894.29772432,51374646.26227146,19837030.668342106,12591913.410240458,35537792.52399131,94087883.95535567,117921074.17118897,52382718.30868642
38131792.67060087,44902221.8462718,27357869.776302855,25702888.656772934,47811444.43588847,73462022.59286381,206617732.02643946,80000947.21982199,141276770.51112697,67420680.85010308,12043250.589783406,76261209.94597976,38537201.77242123,52966826.61919207,21080468.72853775,42811870.008652285,38804331.82175061,47165669.333348975,51310015.70919248,19829626.510339,12552542.772020165,35523343.682707846,93125747.18093583,116919708.82862736,52347837.93798524
38112058.138559684,44732512.94194557,27345519.068575896,25689984.192110106,47688332.86411157,73099608.83438487,206423757.64140025,79923394.98832537,140983514.33677012,67371418.43964289,12013254.205920283,76242493.64861907,37998230.81184326,52935807.8291828,21026450.806905102,42797802.62678256,38772931.349310525,46741584.08222201,51222616.908388995,19821863.354883857,12478369.284032205,35523205.12506517,92733288.97865929,114085675.58981508,52249467.31561764
38081417.696369536,44692020.60067218,27321108.7506285,25671744.34715111,47520718.83672864,72770093.90652686,206342638.58157632,79436707.88352777,140773610.76548585,67349983.36096254,12011886.819677161,75915850.19295126,37323971.032524884,52863836.220681794,21015914.175702058,42007039.451349884,38734138.71487281,45573709.922790945,50931126.093220815,19816822.57467839,12477959.565486414,35522725.65811334,91345646.06078812,113356646.70675184,52205282.36269594
38017524.20888516,44635773.2530402,27276779.691018533,25660130.66117148,47467658.69336703,72364323.64851238,206135192.74178103,79326317.55421734,140607193.33778998,67332989.09133138,11995558.786145963,75870221.8243803,37261125.21092268,52810422.030575834,20976920.740846317,41289655.04512002,38706111.873975225,45085518.412057795,50762773.62388493,19811936.06020265,12456725.792611921,35522601.60591567,90716562.73064084,112823733.51169465,52150107.47616103
37992308.01470489,44524189.81717578,27246478.325945124,25654300.046083137,47420069.60717223,72032557.5123393,198942669.61586544,79082493.19017556,140550724.23671308,67328902.216389,11987811.35491113,75860099.12062114,37234590.68910933,52751315.47713133,20969009.44097144,41044499.9480274,38694492.222898304,44602628.28473374,50681705.089363396,19809815.278259736,12444578.231833845,35521805.02791036,90238105.99107829,112728876.58661474,52087365.1717627
37957909.32036472,44482144.690251864,27219112.790377896,25635465.83039085,47337661.36298029,71738560.52539639,196692338.38770148,78878754.43394195,140498551.29931697,67316077.0681772,11971258.075164162,75849967.89264564,37229813.25253039,52568589.249081396,20964316.44005501,40672513.86797945,38686501.915585265,44298807.484386355,50529573.224545926,19809440.038068585,12433568.286048723,35113825.700483926,89867531.62494683,112346724.76125714,52014169.02959704
37915418.23049138,44434420.49596688,27165835.99220821,25627608.907563448,47263567.62403236,71002559.10662532,196658310.84770888,78463985.87905599,140418788.7153503,67019422.57539363,11905253.170287995,75839828.55674994,37223260.434806526,52524744.879129335,20863665.948361408,40486795.27949699,38678700.1462902,44276746.6573658,50293585.550110504,19809080.10902515,12427765.819801884,34116542.93521999,88832264.29589887,111744963.38178574,51416820.24164738
37802977.688260846,44248693.85125481,27087634.50785522,25600806.56341793,47232580.86240613,70189445.50905022,195246298.03958374,78094852.17092456,140302520.37266114,66994255.38651391,11873589.008967042,75783707.5802983,37194381.976031415,52497849.338116445,20789678.04208454,40220103.112076156,38454536.190615855,44224706.63628271,50084117.70586234,19787717.57459944,12426478.29516167,33707548.49350144,87725354.96625847,111283918.20364073,51247860.81546616
37760013.4888324,44188116.64413417,27082467.88181513,25575849.353057735,45863769.834932305,69890230.35785064,194704775.14307123,77788267.48566052,140186105.27432817,66762418.11153043,11869370.602723476,75748106.39316243,37183689.22577413,52472214.26596419,20769266.65088801,40011264.235615626,38369371.2815373,44143304.60602554,49937727.91570861,19771164.36476591,12425107.249952292,33528741.748483434,87008249.73685497,110718811.84423919,50471760.32301994
37709047.49654635,43490698.36771223,27059863.625722714,25541810.221414298,45790833.7222658,69699211.36178817,194174567.33713,77383563.69706225,140095094.6882376,66187669.88341353,11852984.535742387,75713467.49990699,37156061.017259695,52438223.459342755,20746043.927148014,39548059.587849915,38368625.53724192,43892316.791026585,49885397.15274371,19769844.749595072,12423267.052121509,33422427.404527005,86249192.64253779,109594946.25001812,49257307.215538226
37660694.02413681,42616943.31553731,27057785.06085682,25510322.31657736,45740353.10911051,69681518.31816405,193147017.08364108,77027765.18689333,139955697.13902044,66022975.76384318,11846662.65664499,75656239.49599142,37102112.972825445,52419070.79541726,20676370.740987945,39347061.349280454,38362577.756386705,43413423.11451312,49705218.92916971,19766538.40130995,12419487.93402674,33330098.622511834,85830599.49644917,109394596.39473861,48609651.02088184
37603922.22811912,42406659.00832406,27046009.07110168,25497474.594587207,45715194.786941856,66482697.33372106,192110906.3480281,76583544.95824179,139919037.60783625,65801292.10683448,11836967.929970283,75621818.84446238,36956133.96231044,52405534.911914855,20641510.071727723,39175850.197950475,38359720.984659255,43038061.552262984,49658310.190874845,19751657.36059649,12414038.001757897,33183234.48586756,85438506.10960937,109234307.41970749,48162024.68585122
37565828.254828654,42285994.44706904,27040215.055752166,25480546.184500556,45569123.331527375,66312205.86284216,191585380.66945913,75868791.9940563,139869812.99018016,65752673.44117596,11833255.581547664,75577890.77644528,36897422.23749444,52389416.70840647,20597418.3058085,39054268.87190783,37199650.80490203,42763641.0579921,49619875.44977562,19746541.760348678,12411429.376102755,33046595.69720408,85046616.32245465,108732540.58608334,47638571.82745781
37545035.005425505,42218943.79281825,27031475.745111622,25469963.51115686,45465520.12018521,66091767.19749851,189773549.7380115,75129801.65287796,139793766.90716717,65600958.863637015,11824751.054540785,75513032.80262494,36840705.05034986,52383081.25764826,20549877.48876353,38855813.16042915,36855303.992048845,42378329.760240845,49493470.399382845,19740491.37404302,12410541.592004338,33003532.644727927,84900447.79718404,108509768.8589428,47518300.36894743
37527340.40046271,42121159.27485558,27025064.03922801,25444103.069675162,45326686.49193509,66042437.53468925,188296811.87506235,74845851.74028362,139630780.07682094,65512393.27064446,11820613.857863389,75467630.70839787,36478224.41020131,52371468.83672808,20516540.019831285,38726629.297127366,36855303.992048845,42214304.68154851,49436460.88154932,19688792.132219702,12408457.900413731,32974995.895547148,84849548.68330188,108315094.28186041,46982858.12259014
37402344.509190276,42013740.80993531,27014933.403994203,25408301.95531635,45274226.43146542,65933946.34631326,187218932.7866404,74749644.53051667,139462037.29586002,65443412.50611928,11818018.30589306,75408181.77781016,34962546.65390844,52362919.06332505,20462956.787941452,38684317.43156652,36853523.541358575,41851115.63634671,49369222.8515642,19683848.218129795,12408093.318039164,32922118.599894468,84800961.69829136,108275719.99392365,46648027.72213761
37395982.92172767,41895659.85720719,27008390.36314539,25399619.55789138,45239101.85759944,65814457.87162519,186020390.78438434,74168304.34622344,139335551.69052508,65352797.13832595,11811233.230624974,75353414.97252554,34798167.26699978,52357866.9619642,20448232.372026943,38647287.443787016,36851837.39829404,41770629.10433315,49304534.393613115,19680857.883866265,12406815.999743536,32900972.88234533,84683687.94950658,107924423.73451528,45915100.33810392
37373052.99640241,41822011.40034899,27000410.420709033,25384324.930350572,45222240.738369405,65658834.122222826,184757744.28769517,73847356.25316358,139144304.20204177,65296246.43637271,11805097.065229453,75112342.36887553,34749579.49871888,52322678.96097989,20439390.708464734,38631854.10459788,36847528.34373998,41652754.71375513,49267364.75024826,19677920.7137318,12406028.246261876,32869716.57795917,84619984.91034067,107764688.0454695,45555452.42392254
37357707.31504076,41695988.65747468,26997557.47851018,25366942.647470072,45206723.35082512,65589961.647136874,183985689.50542828,73615666.60225365,138917701.18562827,64427894.73221761,11788381.567648396,75081244.13920316,34650887.16495528,52304074.1828626,20402458.392882053,38619727.42834887,36843630.37868075,41277293.17970965,49198901.63829435,19675824.563982088,12405494.434760699,32831432.04556595,84545677.97171521,107664431.7459928,45505328.1447839
37354531.95572934,41568751.522234015,26964447.356515147,25347333.89890046,45195894.703483805,65475463.94890283,183071280.9607166,73437974.70442839,138684781.48805237,64070136.491978,11645941.333567556,75045509.70667402,34520589.315848954,52291891.99525431,20387992.429444797,38525368.17082743,36840516.797170095,40730861.261556365,48772176.1033902,19673691.56142472,12405086.348892093,32794660.655930344,84510366.08569056,107555203.17863454,45431663.60167764
37321788.72721739,41176235.74548548,26953336.4961481,25156849.977287155,45192387.161806054,65087826.79426801,182262547.89716405,73118317.6623345,138539514.15547344,63819050.56410535,11638130.330248043,75028585.36700101,34473080.94284897,52011158.25830766,20365384.01094215,38479177.32892684,36837139.24838323,40453338.36058999,47229846.61912641,19672821.36867671,12404479.137336602,32759103.861216832,84469709.5472269,107463568.6076089,45415473.59578141
37283260.92934882,41131010.94798171,26947866.765579585,24765181.43868583,45188359.04105028,64723021.832680225,181972552.71253568,72766920.62814374,138332956.1287383,63690920.1996491,11527844.161458652,73557316.23693168,34249087.37453524,51962044.20253427,20347509.19721579,38455132.545785524,36834673.53684959,40293957.250164665,47198454.54327428,19671875.206657354,12403488.214831093,32743303.38068145,84376747.38993768,106144043.72325267,45383951.263128325
37276907.79305851,41065756.55787873,26941493.196280953,23790949.020584106,45176980.489352584,64270571.5892179,181300957.30578893,72627423.22246037,137079518.95376062,63575769.156319045,11470975.885136062,73447120.08537355,33983954.37184805,51825896.20330009,20332033.72197574,38439885.052446954,36833789.33596899,40237365.08755031,47194780.25661857,19467972.398794707,12403299.733831108,32729856.517390814,84348715.01899055,106130802.17232972,45335174.45934855
37259479.79614131,41024171.65733707,26937586.21926214,23694677.61108618,45173496.3685552,64047861.20624368,181074168.17126223,72452997.93895519,136602351.95955,63424163.57873193,11463170.60183829,73299480.85117291,33832973.2121886,51785207.97157897,20302316.402861197,38431934.687863104,36832094.517388605,40122987.19807601,47189491.8707643,19462085.07543733,12403096.111506071,32658286.79246402,83401697.44405809,106060337.76854606,45316862.94947843
37250268.45294748,40545861.489221185,26930004.434662107,23678102.52237258,45086858.91141075,63825330.45129214,180796180.50760156,72392105.91914572,136475484.22239864,63345223.28713125,11440690.695219997,73227181.67053553,33753840.46860414,51562495.638081945,20290722.947971445,38423351.960444346,36831132.94683596,39149360.992733486,46966510.69204045,19460364.255866185,12402919.3872196,32636322.298614956,83392929.66818649,105620331.73118028,45293657.6801794
37227881.09777731,40419321.56557393,26927346.21664354,23671328.77414988,45073317.03562509,63515945.81493864,180462832.74800065,72222658.3276667,136405026.13096437,62029001.96962606,11439300.263968054,73034064.97953846,33702417.86193871,51458880.577853106,20266900.90276498,38414692.35837912,36830216.171456985,39063312.61354585,45579727.47449161,19438230.936615888,12402724.934783986,32613370.14416351,83381739.81652077,105530148.22204699,45278712.30060088
37213902.40816993,40339451.09726975,26925206.95237174,23650948.213784076,45048523.06544619,63257174.61316816,179741533.31594336,72207235.62810497,136339118.9106815,61773105.35735198,11433787.938593851,72987459.6189001,33679493.92422047,51397950.55803727,20244099.004050937,38408745.263284475,36573921.794268414,38805303.234115265,45216012.584272906,19429270.946624085,12402503.510721955,32586016.240793306,82822614.04581513,105472604.1769747,45268284.438582145
37199484.47068545,40268280.18130865,26916293.701359224,23605504.501475055,45034097.52483574,63100447.37224621,179479199.92713556,72139505.99967709,136216904.908731,61751224.32927577,11424925.875661368,72933506.65398361,33582659.31996498,51341642.03000327,20211970.259233173,38402002.3916228,36550066.691908255,38690864.842010505,44678383.29942371,19421972.150590975,12402167.456714459,32569166.109598465,82697299.4091384,105287086.00187798,45251674.26718729
37182011.886929825,37087586.83777562,26913741.3179052,23564949.46680947,45022678.48374591,63038548.33197751,179298137.69878566,72124035.2673713,136149148.8631892,61273427.73793577,11418496.834334064,72909161.23261991,33488900.115240224,51257763.148924395,20146123.43529308,38396302.11826221,36544044.066307366,38578872.57038305,44398427.47110467,19409100.914792866,12401905.887454435,32562572.34645961,82409817.90683913,105198066.30112219,45223815.9272959
37072859.13362528,36058550.98486264,26910763.58073583,23545156.797016095,45014754.23805831,62936440.39240264,179065499.39540288,71952672.38952968,134579938.99702108,61196252.931670055,11415669.147339923,72591784.74343304,33418885.511834368,51222506.994384736,18982337.61049982,38390526.33916099,36542226.56822099,38450309.80907988,44274487.96260484,19399779.253587622,12401516.862556292,32553996.92258715,82292027.26407455,105151187.99908695,44761504.83542827
37056115.184779495,35857535.161993444,26909704.775599442,23527902.647156127,44990707.70124201,62876710.31158234,178601920.25800228,71885621.21885917,133594644.95913613,61137369.47651929,11412613.198936619,72535257.46439259,33365114.51440672,51158866.66967862,18860160.841063723,38352472.30218753,36540352.68866199,38263136.114806175,44199912.374322526,19380548.138391037,12401313.84187261,32539366.5686975,82151054.98296198,105089605.11857703,44750152.2790172
37053135.193243615,35852217.35709343,26906870.32258413,23515306.56643082,44973669.34403501,62820057.754177205,175741105.43038225,71823583.51591414,132918770.36909363,60143307.78269788,11409876.44470711,72520899.96396427,33330789.534575064,51119834.46739203,18356851.74854545,38337589.842133425,36427663.078301,38193095.66680667,43732396.999229416,19370197.31615272,12401249.267350089,32508471.45988821,80630794.13656095,105047644.88468634,44745563.30094486
37051943.2282909,35815744.204893395,26905747.88107302,23503227.31178571,44954664.31943068,62641436.14570792,175727372.00125253,71784556.7314167,132586450.17481293,60132818.071538866,11407760.91619995,72493952.03160755,33313281.507711492,51080670.25124756,18085515.76018363,38333225.40422274,36297924.45439018,38121557.09309786,43631232.29302772,19362836.75594459,12401210.433947233,32505219.529194944,80086720.37308246,104984049.46130101,44732775.47764238
37050883.71223677,35358105.67628594,26900961.196560174,23474736.44429814,44941470.705259025,62530839.01009727,174143781.25851285,71585020.34549083,132350136.70703809,60095936.0795792,11405443.643519428,72271143.2359799,33297771.617709618,50975369.97155756,17995607.407932427,38322266.03066629,36254794.403796025,38040591.288742274,43333768.284711234,19328554.879060876,12395028.679719388,32493385.02032244,79828135.58815697,102840860.15166402,44715544.07635365
37050582.49858146,35177191.751596935,26899594.008921444,23457918.76636104,44934566.95599424,59282457.58184117,173266040.53071433,71578517.6276534,132074171.07125568,60085648.556967884,11403309.96562098,72255069.2047648,33287175.965872556,50941774.5530777,17935268.669671785,37731759.45726632,36227517.43957386,37974302.72569069,41801110.5621832,19323826.93347818,12394470.326913517,32488394.834479537,79775954.49410942,102231004.63916774,44706500.37508127
37050332.49508753,34986520.78153216,26776530.076817643,23444343.883344807,44570133.69175392,59111097.463938184,172640845.75983906,71567773.79102606,131963194.00676744,60072467.41522059,11401352.677904256,72242464.90410447,33025725.57231893,50919585.51058759,17886449.48412031,37607902.70737253,36222936.968787715,37157525.878595375,41447736.72478136,19322069.760867283,12394196.397296907,32483183.180603456,79646404.27930851,101824372.14844504,44691639.54141772
37042597.988706335,34925223.06525014,26776522.050870325,23432763.03913594,44193870.62027626,58594564.93343886,172135699.86028484,71565842.80666588,131841738.15058753,60054201.138006754,11400530.363278827,72239154.73232263,32835662.043984953,50868390.78296905,17865119.85506668,37326550.324557185,36222044.35820234,37134972.56050816,41279325.35022143,19321612.26161531,12394111.775867641,32421992.456690308,79592897.0442818,101623595.55645113,44687860.90941526
36990293.30408616,34900588.593530886,26776518.06968583,23419234.692250483,43692595.85198682,58380814.31688295,171132010.5313614,71554416.94692358,131690780.1015258,60040498.50677952,11399504.504789716,71074453.92876437,32780583.742301833,50852913.123463154,17849079.405242838,37306660.91204039,35916746.0330501,36927439.03137368,41212318.06090419,19321046.945063718,12393839.681142626,32408998.682464503,79515877.64190762,101361338.269167,44529730.38465208
36925255.46528384,34867475.34390491,26440777.239655476,23412356.726517897,43664961.37472156,58339013.29745493,170557571.81467405,71550804.26396078,131569239.01321957,59654373.85369791,11398988.183429502,70619453.09565619,32726591.698846996,50828151.26292756,17826435.546095062,37274395.8602192,35870749.31546753,35984914.680068284,40567848.062357105,19320902.41510668,12393734.070308879,32398543.625632517,79447254.3029355,100499014.18434446,44447102.53329917
36895724.5165938,34853811.56449404,26223418.19910213,23407128.55084765,43597611.92021141,58299309.79757372,170088936.4320616,71548419.20231427,131501641.39996348,59280559.729880154,11398723.431172244,70209672.88709791,32617026.378470346,50814254.3370233,17812431.71819967,37119093.51725273,35870617.28600784,35771819.11324597,39765959.238911115,19320688.513699356,12390841.318568196,32389227.578480374,79431246.75144275,100458816.90706852,44377144.22798787
35278656.93601186,34848374.45268188,26130252.1840163,23402614.38307653,43582418.907784596,58207058.11518119,169938096.40696967,71544781.0661519,130528559.03359836,59074179.975118406,11398722.164052807,69667293.19668917,32374453.944053352,50788488.306383595,17599268.000213046,37108922.809411965,35869992.924334176,35615825.585849665,38689095.164100386,19320354.268241446,12381494.09644953,31426084.956056356,73901028.26077206,100143448.67312737,44044895.29187361
35144981.3873721,34100139.37689871,26013217.199076682,23400283.19797,43555167.900687195,58070192.96388472,169775968.44287446,71543753.03199166,130286267.6577083,58979246.90728825,11398716.750668738,69602522.87428963,31800113.995972447,50768457.90209155,17364096.84887894,37058864.890417404,35869392.03999206,35556765.2214251,38635658.35420277,19320188.68333904,12381219.82813823,31152572.19478962,72613098.10688066,100050446.0106486,43885964.89320997
34289878.15629756,34077664.495905235,25879603.2743234,23400257.588101454,43530532.15450672,58025572.49633402,169573092.8420682,71540974.89896287,129882682.77540329,58408357.014534555,11398714.847802289,69582883.47036034,31662339.094793685,50755499.01039201,17300638.235535033,37038389.81925902,35869130.37415022,35498600.95179205,38631621.0332042,19320048.360027615,12370076.99338728,30964148.15341167,71632445.17542559,99946281.13818961,43758360.80252102
32271222.811012246,33820032.65102901,25858326.087596796,23368050.117159467,43517820.96035832,58002147.897314824,169513749.25624052,71539489.50957432,129784011.81878819,58371432.39936559,11185420.93417478,69574237.50518739,31455034.40975644,50752933.30055754,17262072.92295317,37029059.44303477,35868756.88265501,35469235.821158685,38601877.10202353,19319843.763042632,12360567.726922736,30946164.574109633,71298575.3611905,98535141.85708381,42855075.55672404
32228207.037698634,33695615.07775311,25834369.975655816,23357698.636529747,43475484.61301392,57972111.744864374,169485454.90401348,71526076.99788186,129640684.87489586,58229543.207544684,11057520.214443695,69571786.70138465,30258155.902358763,50751687.57398628,17225545.719183277,37014581.06310565,35820225.82701437,34986659.39338097,38585976.63916191,19319480.69173913,12349022.84996085,30421119.698802885,70464095.27722365,97988850.24799354,42664310.677748516
32203306.553333946,33593263.355607085,25780545.56022936,23354314.69582942,43450295.919546604,57920362.03816769,169421243.32264403,71490513.51803923,129581621.66384757,58156227.62111408,10989186.724465739,69560341.03532785,30185245.77185409,50482501.5201177,17205598.846265625,36982235.97091559,35810048.7200408,34654410.31263433,38418600.03782535,19319377.899729922,12348576.3607796,29217816.07458686,70128179.0961105,97645669.69805455,42590661.63524472
32145931.344389267,33453154.044966068,25756774.94090484,23303922.687436357,43343898.819604814,57868148.9251287,169347841.24287176,71490245.66375563,129421071.05626966,58131243.36500373,10944797.177802477,69554275.69475757,29569544.003602393,50411320.44132127,17167903.714207817,36978852.23333458,35800278.07927007,34636087.495912865,38389228.18597649,19319174.83428337,12162447.112062247,28858173.219751477,69800180.21902531,97341388.2721582,42365318.898152344
32104537.203898862,33391319.325097166,25755275.74083378,23283363.288287133,43005267.14512678,57858892.62544621,169302529.4379736,71489709.38378663,129339209.89720422,58116607.08712472,10913195.558475802,69531048.73920931,29169543.36475943,50365237.468622394,17141048.821798705,36977032.5159702,35042887.935046054,34582386.96593639,38311906.61428642,19319042.787966475,12161712.475584764,28791411.341573644,69000055.88542673,96550431.23052111,42099568.1592281
32088912.10232237,33381341.450377937,25650528.986295104,23277172.38563402,42949590.31648962,57844598.67995379,169268230.9165918,71339792.1879729,129280785.92459472,58099225.93826008,10904307.90473671,69281512.24987079,28346277.803171076,50341023.08360372,17081512.91293126,36953758.199556105,34843364.41782073,34390313.52284063,38294370.18256469,19318935.94929215,12158700.290440606,28779115.1161118,65495457.56183374,95776031.53376709,41931144.47792085
32061722.628274776,33343201.16929787,25492624.30891833,23275401.128181733,42890439.03362268,57834384.670389935,169236004.35563767,71220525.09639375,129246657.16233633,58003485.588898025,10901104.524584629,69237875.97890268,27562462.747023467,50104378.784371965,16996540.5185277,36952730.46100195,34815859.16772587,34316028.965133436,38244975.10145178,19318855.392133344,12134571.778464802,28432004.915170692,64715044.11228087,95506873.63384475,41852375.31987524
32054590.82782724,33319397.7610613,25458007.466804333,23273957.453735016,42858514.78803694,57830315.49190468,169203539.58036038,71141405.28480345,129200045.51133463,57905410.71310525,10896776.12834315,69223262.55375978,26947188.280962624,50015456.09919853,16983637.65124723,36938745.60041413,34815269.97550935,34272650.12888288,38230514.113713026,19318664.168394875,12130904.01110426,27827295.494017493,64380152.93997346,95321328.86436692,41510021.18691264
31544039.350410454,32837373.599551518,25454239.062249336,22995801.37752395,42820824.09768982,57818190.67731786,168187392.9602133,71081920.67721473,129182055.4757613,57889963.95298777,10895642.238435505,69217229.46548681,26744549.93085126,49999580.404540814,16783174.795648254,36927585.57575249,34813041.06806172,34249388.31007296,38209733.53087649,19318577.364217196,12129417.585527832,27797556.178935718,63447253.52067232,94908286.2476566,41363917.14958234
31493821.228026077,32622233.453793522,25451251.930738486,22232196.639000714,42786405.91010238,56005004.56913205,167827185.1749353,70858857.87151164,129167269.38675404,57864826.17744353,10879530.15159943,69207777.73240781,26543082.71132633,49989575.90022906,16780787.765799295,36923933.544490725,34812233.49457706,34219725.74416528,38188992.370054245,19275714.82555231,12115245.692038381,27787026.122546315,61056571.254968084,94484260.89395647,41338919.58876568
31465035.22450731,32453173.714523293,25445190.39021875,22203921.940865308,42771993.152188376,55817536.02348693,165709622.57589495,70741622.55907468,128594146.82314798,57857265.68625436,10867457.002452353,69204728.79418217,25613702.51677735,49877465.621347874,16715370.278044865,36920916.77180612,34811665.89757032,34211048.170161635,38181413.48444158,19267728.50530767,12107569.161076529,27770565.49585934,60511033.42628704,94334350.97594948,41293048.421414465
31431247.254175942,32390284.432416596,25439965.299200997,22120947.445675224,42718392.3716457,54873262.19015644,165235983.98796663,70718186.18638213,125631211.8125142,57852781.6674987,10859999.6944138,69200226.77401394,25313823.31241956,49854752.702225335,16687508.612653213,36917240.69358493,34811420.238250114,34152958.72948253,37986350.64822462,19261838.993812893,12105713.411924483,27751991.155853923,60172810.61104639,94225370.40015917,41281892.30877859
31410041.34556695,30918050.452334184,25439091.150254413,22066867.895369835,42709455.64426576,54791549.680544704,165039457.21591076,70692614.61886904,123087555.45228744,57849295.60084739,10855286.9334769,69157634.58102438,25282809.010988813,49755629.8074342,16654638.895955518,36910441.6914616,34810342.31099037,34140713.01047133,37853629.42148281,19255911.625557918,12089343.341123419,27714436.884939246,59940393.18377672,92807636.17741172,41261612.39216024
31397537.02429415,29081043.150566086,25438257.55885739,22056054.938262988,42689473.23816859,54758112.24234528,164672844.70764163,70637479.20848544,122111359.9541428,57848698.25472502,10852310.346117863,69148839.28238042,25271937.07816811,49736721.311527796,16642971.248041853,36907514.880904,34809941.365866184,34128835.041262954,37797461.54040503,19254041.94464954,12085837.698202763,27703425.684878644,59869495.003346026,92427198.54554234,41039409.12857674
31276519.7977358,27982989.617793478,25437146.86088711,22020548.458925787,42683971.32230915,54672066.29280619,163194563.4807198,69995212.39131984,121302123.33030902,56649901.4499516,10851674.6661846,69147966.8904013,25255435.747561496,49728613.75913644,16633410.106543401,36572799.160871096,34749866.653272845,34073549.099384494,37760573.14760905,19249018.77744444,12084680.065209813,27695763.66656345,59831841.449891694,92353670.56002432,40797900.19047037
31209732.63289305,27593996.763459444,25433201.529113617,21977675.78189332,42392079.53539281,54657710.42883033,158002121.42281714,69935597.3735981,121130013.82464063,56424817.102706395,10821807.874465965,68792565.29019342,25225618.43385699,49708007.12001067,16627928.031976424,36488589.92713745,34746928.731811985,34072033.13645059,37740707.27444525,19247686.433662344,12081321.057672575,27683648.452293996,59747619.76692591,92337933.27477503,40784550.51207001
31172184.18312017,26140597.454828896,25432385.47333916,21934736.371208895,42373528.92287952,54626044.92999805,157787797.72449756,69827980.4127273,120317021.7898226,56358757.86702611,10820714.087077143,68707215.0239789,25221363.302462246,49527102.90034503,16623644.16249867,36417256.944482744,34744134.61273942,33819275.84453797,37735998.11525375,19103447.683252208,12080459.800579868,27680129.996140715,59743674.9034619,92224338.70720837,40773116.48800477
30702598.348841477,25669021.21972831,25431336.500034858,21918141.66061914,42363324.48295569,54613225.216645986,157494851.3313084,69578603.00337037,120115076.53392394,56343214.851313286,10806589.530475723,64146844.30505853,25077665.332523383,49474313.951103784,16617871.937332679,36333888.71553011,34604982.34750623,33730390.12463233,36853377.68232088,19082330.98961767,12068004.174773779,27678640.273509774,59377507.17763038,89507457.52688527,40767260.31762831
30689021.199711766,25666404.495785046,25430404.950499054,21898920.903353766,42361221.208158255,54578960.00139226,155494600.7770253,68486404.03212254,119862653.01958166,56053458.01236992,10784126.587953892,61538478.849057324,24926603.62041811,49434246.18864686,16612205.384008365,36284479.731820635,34595280.715065524,33697339.21170041,36767810.60493537,19069738.945309803,12065659.949302733,27676264.338651564,58800729.96328545,86511230.64297035,40764523.77909923
30686002.667427227,24871009.865756325,25416459.605306834,21887941.644369446,42334751.553668074,54461183.12204605,155332551.90627182,68231198.75161925,119477471.3056037,55818219.04653816,10728119.879683005,61511964.49315546,24579193.41944488,49427982.660270005,16607000.470843194,36215179.71818503,34581879.61720241,33661086.40429754,36738861.06944654,18769999.677398063,12064122.990437679,27615932.806012254,58117101.16042525,85745504.47362469,40761375.3605734
30676957.416773867,24844021.750689123,25406911.53407813,21873801.916124437,42328448.0094358,54439746.20883325,154549485.77380002,68205096.91180205,117762534.35632361,55779889.07077977,10726593.20343023,61341403.73711642,24226107.300116833,48627905.8487983,16602723.95876971,36108442.273113385,34574532.87697903,33641796.5260739,36658435.8361745,18736846.654283233,12060335.424051182,27611266.006334335,57907303.56955108,85361612.31513998,40683946.75524233
30673822.75362568,24829031.16516022,25405343.156808272,21866937.698409036,42168421.28852714,54429651.9183246,154442387.8132365,68025354.55803737,117449663.49994247,55742516.0201323,10722882.342915893,61221000.03165734,23954607.9263081,48480744.74056834,16441053.69127479,36027540.93311077,34571016.50227717,33633457.80613457,36554755.76567023,18729076.347171526,12059681.911110321,27610150.360997837,57819836.77885701,85179232.65353039,40654493.55537231
30672366.39685452,24453615.509614464,25403100.20980362,21858914.86019742,42103994.44060357,54241206.10533285,154356238.36711472,65914194.74603827,117129692.71675257,55624123.041341014,10719103.396640424,61173396.49831202,23822714.44265228,48366088.66969097,16331528.884669246,35711750.44141165,34389345.73347922,33629739.90431443,35799044.803281404,18717755.124399792,12059443.336584376,27264416.428186886,57689150.31938138,81420103.42590743,40624176.05434707
29972842.730730575,24169638.4423179,25401818.743205562,21852200.80492481,42100061.80084506,54122036.02732073,154304682.3407166,65547016.582904994,117022009.38520996,55522352.925721966,10717433.444567146,61142567.87595676,23735063.335818794,48344933.96993088,16312660.023144474,35429450.23918049,33932900.02692576,33624606.10167361,35064883.2773244,18550065.9138648,12059341.675685173,27162868.79708839,57655540.87860114,80982380.82242358,40581809.6604384
29926093.743791983,24110285.000133116,25390987.44587538,21846334.74319847,42096098.47036481,54081492.3540143,153813502.7632638,65212061.29818005,116956815.06301711,55469072.732978754,10715262.570385668,61125367.2280496,23692646.115422994,48337512.01931455,16280839.480131282,35407780.679187655,33382538.332814157,33595329.00534911,34684627.3182312,18543993.62675686,12059087.983063953,27152337.014814734,57604881.499044366,80770076.95387655,40534052.67081058
29873607.143581767,24070664.18442828,25389172.060366575,21798403.861826982,42095281.12761428,54049931.80749273,153354146.60844317,65015666.468464725,116916067.83038476,55446023.309181556,10706754.837645365,61104457.678642824,23675251.634474106,47811876.76686298,16273516.876275323,35381232.63740715,33289724.51410339,33542743.142235816,34439666.142897695,18537954.420666315,12058996.416285384,27141191.00270027,57592985.71326036,79529975.38434066,40518054.90221946
29817135.073994983,24045678.25962457,25387252.51239841,21782555.29701788,42094775.15982397,54005466.78022726,149427709.99230915,64863181.805594005,116729937.56203264,55422986.89772175,10661162.397906963,60534382.229207814,23662347.023699563,47682316.52614097,15873567.733561248,35188393.92408214,33220254.53958308,33536214.91543952,34402445.20422436,18488027.186911564,12058957.076299695,27138000.092938293,57428554.56702467,78993978.70075421,40507390.07371199
29753363.759210523,24038275.488933433,25386106.077213436,21768842.76866509,41498967.507218905,53964523.44141989,146040148.98001906,64300184.61132015,116586593.19636574,55420720.92555471,10606126.005384076,60176499.67515214,23653225.820533704,47610715.95952017,15840568.851184333,35086032.72792082,33150470.93826995,33400398.77714066,34355011.04643112,18452501.408228736,12058945.591159493,27136305.071027882,57410261.99614602,78534404.62677996,40505934.254682355
29710556.624662977,23938753.448576316,25385480.909305323,21734127.109610546,41463319.9691548,53954097.174472764,145970541.29228592,63276053.61258246,116484143.61532527,55065987.03578622,10602659.92045523,58603491.4915397,23651312.147483744,47486740.251806565,15811818.080637285,35064687.1386289,32830158.264941007,32272169.479095478,34333366.57898969,18433730.195195183,12058920.455413684,27135455.466710165,57400268.52596505,78094301.0714152,40501515.247659214
29668556.85006449,23153787.18808884,25384436.723250464,21733824.8832387,38396003.86800979,53942439.34599198,145082832.33597696,62832822.561914496,116217550.01107511,55046359.42208588,10597579.283919297,58450208.36960473,23627916.439627044,47477561.05622541,15761526.669154916,35050636.84078048,32720662.377435844,32202057.686563514,34203537.923199534,18428606.532104526,12058747.612326143,27135220.328215215,57384996.61907534,77960248.4094954,40500336.750004046
29641495.382787615,23126452.269107897,25383663.344336644,21731116.160596535,37754164.389494866,53928296.6087232,136300489.12100556,62794079.08232342,116079994.05010794,54761968.87613157,10593328.097309079,58110798.89346467,23590485.683263853,47049310.525793865,15743483.219341727,34965469.84970806,32673913.35364358,31920466.304150943,33506980.75528915,18413560.808686882,12058728.276999606,27134667.633152436,55842819.330807865,77816727.57327728,40472169.26579963
29624067.52726267,23095185.56518252,25221813.43139208,21730455.372701295,37583515.145542264,53919123.67737295,136141601.33857098,62747962.37675607,115991705.01508348,54516019.614320286,10587943.445845304,58073509.938343234,23432861.07446275,46772595.40521167,15730259.097416364,34955107.20397747,32637097.129820652,31897124.784140814,33087798.56911223,18408114.597574804,12039744.634007184,27134504.61754129,51803905.123477325,77773282.50729017,39725119.38865439
27504619.27063829,23021806.438591205,25215165.94803492,21729707.562305614,37523171.402226284,52969808.36558852,135939890.16091922,62522909.45449629,115959668.76015827,54478802.47480686,10567506.605308129,58034488.83901738,23407557.00329302,46713452.106931664,15728292.743649747,34944436.85784095,32578244.59876878,31851777.428937696,32602209.764862787,18403579.453907736,11990172.147167647,27106124.68070519,51408108.024019584,77621954.06118539,39593020.816357166
26017454.311447784,22996411.748675987,25208632.459079992,21729442.40115908,37489519.00936092,52700806.93628469,135882445.84911835,61110014.29721539,115013928.98555821,54444391.682514645,10540678.13066248,58012142.77227336,23301030.15314036,46348458.27065346,15727529.247906186,34935709.07844632,32501888.524629943,31396819.5535695,32531749.872013096,18402512.68034282,11986975.839962179,27104370.76693952,51268404.88826055,77599790.7965751,39331619.86012784
25534054.987619966,22977713.046373583,25203224.397097945,21708085.014321912,37480417.208746426,52576736.76244332,135497958.0737241,60561557.46788822,114917187.6950713,54289559.80941023,10445619.937406465,58007686.045730405,23279160.241970632,45954868.51345758,15727084.017150847,34928560.96447133,32485423.376462143,30948456.639439028,32429873.02362834,18401363.199700724,11983973.378925644,27104304.30582347,51230731.91537757,77581469.87705354,38906474.755095065
25533896.13945411,22952774.84521321,25202646.69297615,21637153.751694698,36844545.342364065,51990145.820659265,135117643.36091116,60535240.29027271,114770325.44684403,54058809.83973319,10435210.515769402,58001624.79538024,23265045.541103423,45603471.6733077,15686502.94024665,34924196.88330881,32481616.626555547,30708883.744781684,32381595.818607703,18400485.961547233,11982284.210682167,27104250.94647064,51214830.50094583,75937273.96342517,38758578.10483956
25530497.986699313,22916263.359943163,25187908.116375312,21090110.591775816,36743467.93620517,51505551.2611186,135057923.30854863,60491862.79206313,114653700.35172373,54038450.01144064,10433096.062164167,57951461.14085327,23257513.000247348,45483864.00724617,15607676.101582838,34921258.366370596,32477205.657641042,30437825.112695113,32225414.457881,18370722.56454249,11978475.477542806,27104152.41418699,51159645.80045505,75428533.28868645,38249523.871816605
25077310.242637835,22900963.60457914,25136059.783499483,21062344.217452787,36674232.97387036,51476670.34027786,135015526.00810337,60475898.405841306,114593629.39920554,54024913.52929934,9977266.868961442,57938609.471498854,23255389.888399664,45413779.927858464,15369957.96150871,34883653.46430991,32455317.99724874,30291034.244942635,32084383.393084798,18151732.8721862,11977450.76577159,26883723.448864162,50035316.17729722,75371176.24967349,38217245.11842594
25059829.413629528,22484809.21591931,25059409.422964185,21030137.231889173,36604133.85834083,51442562.57067454,132764221.30477764,60460383.45138327,114449545.75489385,54016625.01029065,9963909.387645377,57936715.952884205,23220989.332673002,45396709.5075192,15001124.395907955,34619912.125399314,31410909.270477284,29178440.77661764,32058075.625394706,18115343.34422402,11977061.499726072,26790746.56416674,49986255.19009198,75317865.4320245,38205853.08248299
25053776.012940638,21586752.47235602,25055037.329613313,21000896.240456287,36476657.66912163,51368137.141509496,132712965.7420646,60004785.730948344,114152444.72171308,53797706.18306594,9896837.527057758,57150780.14978844,23220313.978538893,45216187.18941266,14840567.961020619,33450089.528504934,31124211.26772282,29092442.49536934,31962836.026734475,18014638.523335613,11976920.683002422,26745275.418061804,49835533.05883996,74906632.8978978,38200131.73774011
25026565.919217084,21075248.11823048,25049858.969127547,20989772.271785423,36180537.72889571,51113501.97277813,132317639.5902695,58846480.245412715,113563373.71621577,53012111.573019594,9865755.155698948,56947792.21801309,23219373.855239313,45050237.823507674,14813735.426986134,32524139.966403924,30952834.850772943,28969830.998589825,31717520.49891015,18010865.671157792,11976493.2585648,26726588.039087273,49794204.35352699,74770705.93484509,37837208.56035342
24960245.339529514,20918643.812410355,24977577.921543613,20982932.036246926,35861526.270129286,50660469.43227699,132148693.79314904,58795330.628153645,113129156.74539293,52813868.888546325,9843576.235739695,56898210.199919045,23150251.634760678,44953014.938232936,14586037.187339304,32463496.53298548,30846919.15915095,28642396.200308282,31552859.495939605,18008843.09469825,11976272.45803458,26694943.05773434,49788709.757277556,74683718.13228628,37786689.027525365
24817068.460065804,20820286.69104418,24974056.729127098,20974958.99534191,35849757.5217379,49154511.984107025,132088507.5977832,58777275.97036258,113065739.21089776,52808981.779223174,9833884.280138088,56889474.39061113,22593173.318342518,44659435.22076239,14395851.394060219,31591552.155694295,30838245.08658032,28191630.585604325,31450224.648941264,18008734.666954987,11976195.266430141,25076867.32691434,49644678.488902345,74650472.58929381,37757359.80650498
24812674.267676312,20724263.856754135,24971452.664283298,20973106.116180867,35231763.29642468,48136925.14728528,132020722.58910435,58696964.66354644,113047735.73041473,52788662.54219356,9618816.050561791,56886800.12457677,22574128.50266955,44621805.12785549,14382202.578057876,31542747.997228056,30780363.48961061,27007370.596959554,31401718.38678364,18008677.673280586,11976138.897874013,24968753.635092787,49608664.251941815,74620305.6754634,37692175.988319024
24806060.711485166,20695800.244475577,24902920.307800222,20969482.01696854,34739586.7451791,48064407.75827429,130893137.80162194,58623157.72554584,112896674.39458044,52785415.8225621,9362478.68875464,56884438.50430528,22569629.206993088,44604127.62084054,14294126.056189388,31523859.38934799,30728110.758493725,26970522.10318326,31326367.100022063,18007586.962448828,11976120.687900253,24894072.347541083,49588635.89562594,73427699.45592284,37603763.96821423
24795774.306329127,20676800.783430714,24635704.13164856,20633244.962952796,34640051.2884263,47978508.992576614,130809127.76411276,58379563.69055388,112729662.77490567,52750793.02279969,9340418.347719027,56873525.09213898,22566122.96418959,44589717.72088626,14204137.574922757,31514340.99338255,30704664.291268904,26882155.16366189,31251318.924141046,17873117.363785863,11976098.538986964,24863913.93398287,49485704.441180505,73261820.60396406,37598972.3174155
24295671.14931874,20667262.8135227,24566854.46331186,20479618.3504677,34491121.23052981,47565746.128793836,130789786.9932868,57547681.048352465,112276922.05876961,52036219.55301616,9331855.228882069,56851330.88860424,22565988.038808826,44334211.08003614,14190248.450745719,31468279.444349688,30701895.07873917,26805248.760739323,31236975.09997503,17861116.532664064,11976077.830889465,24810974.243927024,49216295.852872334,73155538.09378484,37593499.834657975
24283981.065181825,20516876.71054165,24012209.930949524,20470328.726380236,34143148.15248628,47140659.06306807,130477196.09100701,57415523.132363915,111648255.3873312,52013620.811045446,9330719.511124963,56817979.98921174,22348963.649474636,43680457.94988299,14125002.283761078,31282319.276896577,30682709.016020775,26644391.588162743,31210658.76506962,17837222.154597994,11941451.071697785,24781041.988108966,49064864.410407096,73118912.61303903,37258532.01361925
23966988.69150404,20419434.481666833,23962272.370046154,20224082.0706491,34127896.56565323,46883277.045937106,126235608.70510206,56504881.37134072,109963844.54424123,50826934.20927962,9328649.030454036,56811611.95544884,22254223.6017534,43437541.50195781,14055524.525098434,31178627.47411831,30469880.93802173,26573632.833551727,29277161.573221546,17834513.985903226,11823912.780067451,24776330.913005803,49049418.60226502,73113369.07961321,37243927.350460224
23799765.09851766,19997865.3732589,23924272.810075138,19728520.690757625,34100472.15418696,46808752.77507954,124871264.52896918,55798194.98634401,109097947.55816548,50813504.49594476,9327360.933304831,56811223.42593836,22229825.753081128,43390108.443681136,14030718.068805194,31059627.756639097,30466571.039033405,26535127.736213848,28729069.427104592,17833391.295947406,11821032.873696424,24763146.267495774,47137249.60252462,71636898.15388928,37222553.55247071
23356931.492453087,19862985.619136605,23904392.16856222,19725566.007592157,34020531.837654166,46751359.33290755,124778568.40703548,55520001.43778562,108661436.42897354,50413833.52680694,9326849.670337083,56810210.1969052,21960309.476356067,43190978.97624546,13331051.053336289,31052161.134457294,30464522.90875157,26251110.411321662,28697512.780604526,17832323.282155775,11812529.260698646,24761438.116354395,47052443.40876318,71494598.39711003,36636245.927152134
23319860.00566464,19720348.99849919,23900831.26034293,19724377.963626847,33592191.069491826,46417026.73720044,123573246.08284828,54017233.95850973,107272403.32579042,50262907.64918167,9326789.48890642,56809787.32050615,21730844.704712253,43035703.87275629,13314630.388744019,31035025.489389677,30464369.37910704,25980850.60201335,28679935.387734335,17817395.923361674,11812382.055294765,24704134.594067212,46494780.53165895,70964313.25455381,36633177.050736494
23298649.077318,18957507.078938615,23672994.9798899,19654253.1055766,31754400.232638028,46075395.87818715,123073754.87700716,54012936.55293842,107234787.00993411,49877111.225028016,9219534.64414126,56809665.05512843,21727573.945213366,43010039.66610147,13000895.944151748,30683855.748749185,30441359.289160218,25850258.685730252,28393547.152602643,17817195.37729595,11787367.292232022,24395389.04944325,46482151.899479605,70919161.21087343,36609566.204518184
23282787.920135535,18779077.557077,23652503.095823206,19651392.521131687,31685311.709073782,46048727.0285237,120336173.03998129,53826792.05232228,106625376.03283347,49811702.50073213,9175954.018699717,56258792.30086626,21726684.303477895,42914780.068783104,12596731.953130137,30483429.42888701,30072158.227162782,25842232.28787048,28315696.420328338,17797243.720166504,11765332.65884971,23988761.389408745,44508648.72445724,69942277.82115111,36589012.8565956
22594368.823504154,18778175.932531647,23474232.424480595,19642004.5658738,31570562.10821974,45938125.9674761,119844838.29859835,53714226.30149747,104169071.9233096,49807539.44286746,9171972.961066049,56085947.00566767,20736472.73334425,42723934.480376154,12375894.428220177,30389211.682626832,28361570.10156975,25789037.01147534,28313129.250004135,17787702.688638784,11754946.022765988,23560907.364157673,43804123.57630089,69933811.95721926,36400509.09658379
22501576.00325766,18109705.873368237,23428443.73468564,19617952.034248766,31087383.12458041,44127094.32933337,119720285.67019352,53670897.34436626,103075314.27631448,49482591.5681006,9061657.929430814,56062766.70601637,20670540.971711732,42622066.176580116,12372109.56411916,30386152.252133932,28318079.101831157,25670632.141376033,27670845.928198628,17629734.20338628,11673779.323554397,23210271.911031555,43793308.50874723,69236800.54175906,36378669.24451318
21794738.666422512,18102653.673124954,23426076.123007372,19615673.72320724,30960781.659475934,43183192.98114871,119023339.36580671,53526399.82334349,103008532.34250106,49437631.74266039,9008406.6274542,56032699.26483622,20600340.287928104,41980562.91027,12266935.829597173,30378728.32239528,27785579.275495533,25651909.627744902,27638209.42344191,17561961.607893597,11643073.974200694,23203705.41837382,42405214.29734221,69170588.89210682,36246934.27221434
21416251.81620128,17566702.8462371,23426076.123007372,19615673.72320724,30960781.659475934,43183192.98114871,118673170.7841234,53526399.82334349,103008532.34250106,49437631.74266039,9008406.6274542,56032699.26483622,20600340.287928104,41980562.91027,12266935.829597173,30378728.32239528,27785579.275495533,25651909.627744902,27586639.46822368,17561961.607893597,11643073.974200694,23203705.41837382,42171160.45121559,69170588.89210682,36088916.22296068
