trial_1,trial_2,trial_3,trial_4,trial_5,trial_6,trial_7,trial_8,trial_9,trial_10,trial_11,trial_12,trial_13,trial_14,trial_15,trial_16,trial_17,trial_18,trial_19,trial_20,trial_21,trial_22,trial_23,trial_24,trial_25
31754.724765666942,29781.71075481804,31655.62352712333,31165.288552918395,30408.084656214247,31342.530370324243,32109.84177284615,31270.613056416438,30509.14019982826,30031.709195543954,30012.57856673441,31029.58724158946,25290.400526164514,31605.88631381365,31855.76867675232,32703.208746026565,28272.83244394239,29718.33173287219,29117.946343470678,31122.579609103865,34166.081389109095,32144.00096321336,30127.282862594584,33940.36616466919,30696.632093519896
31754.724765666942,29781.71075481804,31606.02797642217,31165.288552918395,30408.084656214247,29278.24428966933,32109.84177284615,31270.613056416438,30509.14019982826,30031.709195543954,30012.57856673441,31029.58724158946,25290.400526164514,28663.326913819477,30405.631826722274,31374.779263928845,28272.83244394239,29718.33173287219,29117.946343470678,31122.579609103865,34166.081389109095,30607.809296966938,30127.282862594584,30444.936127056237,29614.583551372474
31754.724765666942,29781.71075481804,31606.02797642217,31165.288552918395,30408.084656214247,29278.24428966933,32109.84177284615,31270.613056416438,30509.14019982826,29154.739447314336,30012.57856673441,31029.58724158946,25290.400526164514,28663.326913819477,30405.631826722274,30496.143533439645,28272.83244394239,29718.33173287219,29117.946343470678,31122.579609103865,30727.496656717434,29400.58618124009,30127.282862594584,29445.262276386275,29614.583551372474
30250.545889151756,29781.71075481804,31606.02797642217,31165.288552918395,30408.084656214247,29278.24428966933,32109.84177284615,31270.613056416438,30509.14019982826,29154.739447314336,30012.57856673441,29475.698523553183,25290.400526164514,28663.326913819477,30405.631826722274,29970.19248617806,28272.83244394239,29718.33173287219,29117.946343470678,31122.579609103865,30727.496656717434,29400.58618124009,26106.866595514977,29445.262276386275,29614.583551372474
30250.545889151756,29781.71075481804,31250.589077679382,31165.288552918395,30408.084656214247,29278.24428966933,31856.953970369104,31270.613056416438,30509.14019982826,29154.739447314336,30012.57856673441,29475.698523553183,25290.400526164514,28663.326913819477,30405.631826722274,29970.19248617806,28272.83244394239,29718.33173287219,28014.978287395945,31122.579609103865,30519.59233841167,29400.58618124009,26106.866595514977,29445.262276386275,29614.583551372474
30250.545889151756,29360.128412949365,29560.137345681615,31165.288552918395,30408.084656214247,29278.24428966933,31788.17293738381,28818.32792318463,30509.14019982826,29154.739447314336,30012.57856673441,29475.698523553183,25290.400526164514,28663.326913819477,30405.631826722274,29970.19248617806,28272.83244394239,29718.33173287219,28014.978287395945,30979.9876987651,30519.59233841167,29400.58618124009,25784.596539610546,29445.262276386275,29614.583551372474
29049.817267093735,29360.128412949365,29560.137345681615,29651.711692915207,30408.084656214247,29278.24428966933,23287.6216875587,28818.32792318463,30509.14019982826,29154.739447314336,30012.57856673441,29475.698523553183,25290.400526164514,28663.326913819477,28507.00227081949,29970.19248617806,28272.83244394239,29718.33173287219,28014.978287395945,29030.939347015563,30519.59233841167,29400.58618124009,25784.596539610546,28368.510694993645,29614.583551372474
29049.817267093735,29360.128412949365,29560.137345681615,28670.292675096127,30408.084656214247,29278.24428966933,23287.6216875587,27379.83410127748,30074.3811732288,29154.739447314336,30012.57856673441,29475.698523553183,25290.400526164514,28663.326913819477,28507.00227081949,29310.71375307135,28272.83244394239,29718.33173287219,28014.978287395945,29030.939347015563,30519.59233841167,29127.47890411703,25784.596539610546,28368.510694993645,29614.583551372474
29049.817267093735,25210.835133834185,29560.137345681615,28670.292675096127,30408.084656214247,29278.24428966933,23287.6216875587,27379.83410127748,30074.3811732288,29154.739447314336,30012.57856673441,29475.698523553183,25290.400526164514,28663.326913819477,28507.00227081949,29310.71375307135,28272.83244394239,29718.33173287219,28014.978287395945,29030.939347015563,30519.59233841167,29127.47890411703,25784.596539610546,28368.510694993645,29614.583551372474
29049.817267093735,25210.835133834185,29560.137345681615,28670.292675096127,30408.084656214247,29278.24428966933,23287.6216875587,27379.83410127748,30074.3811732288,29154.739447314336,29933.98857871032,29475.698523553183,25290.400526164514,28663.326913819477,28507.00227081949,29310.71375307135,28272.83244394239,29718.33173287219,28014.978287395945,29030.939347015563,30519.59233841167,29127.47890411703,25784.596539610546,28368.510694993645,29614.583551372474
29049.817267093735,25210.835133834185,29560.137345681615,28670.292675096127,30408.084656214247,29278.24428966933,23287.6216875587,27379.83410127748,30074.3811732288,29154.739447314336,29933.98857871032,29475.698523553183,25290.400526164514,28663.326913819477,28507.00227081949,29310.71375307135,28272.83244394239,29718.33173287219,28014.978287395945,29030.939347015563,29665.9571431191,29127.47890411703,25784.596539610546,28368.510694993645,29614.583551372474
29049.817267093735,25210.835133834185,29560.137345681615,28670.292675096127,30408.084656214247,29278.24428966933,23287.6216875587,27379.83410127748,30074.3811732288,29154.739447314336,29933.98857871032,29475.698523553183,25290.400526164514,28663.326913819477,28507.00227081949,29310.71375307135,28272.83244394239,29718.33173287219,28014.978287395945,29030.939347015563,29358.21356276436,29127.47890411703,25784.596539610546,28368.510694993645,28682.460435396148
29049.817267093735,25210.835133834185,29560.137345681615,28670.292675096127,30408.084656214247,29074.039106911736,23287.6216875587,27379.83410127748,30074.3811732288,29154.739447314336,29933.98857871032,29475.698523553183,25290.400526164514,28663.326913819477,28507.00227081949,29310.71375307135,28272.83244394239,29718.33173287219,28014.978287395945,29030.939347015563,29358.21356276436,29127.47890411703,25784.596539610546,28368.510694993645,28682.460435396148
29049.817267093735,25210.835133834185,29560.137345681615,28670.292675096127,30408.084656214247,29074.039106911736,23287.6216875587,27379.83410127748,30074.3811732288,29154.739447314336,28816.740619262695,29475.698523553183,25290.400526164514,28663.326913819477,28507.00227081949,29310.71375307135,28272.83244394239,27753.231865832953,28014.978287395945,29030.939347015563,29358.21356276436,29127.47890411703,25784.596539610546,28368.510694993645,28682.460435396148
29049.817267093735,25210.835133834185,29560.137345681615,28670.292675096127,29788.92603368268,29074.039106911736,23287.6216875587,27379.83410127748,30074.3811732288,29154.739447314336,28816.740619262695,27342.30765234314,25290.400526164514,28663.326913819477,28507.00227081949,29310.71375307135,28272.83244394239,27753.231865832953,28014.978287395945,29030.939347015563,29358.21356276436,29127.47890411703,25784.596539610546,28368.510694993645,28682.460435396148
29049.817267093735,25210.835133834185,29560.137345681615,27750.61622221046,29347.70010048135,29074.039106911736,23287.6216875587,27379.83410127748,29225.539843407732,29154.739447314336,28816.740619262695,27342.30765234314,25290.400526164514,28663.326913819477,26981.29128092959,29310.71375307135,28272.83244394239,27753.231865832953,27537.481288400566,29030.939347015563,29358.21356276436,29127.47890411703,25784.596539610546,28368.510694993645,28682.460435396148
29049.817267093735,25210.835133834185,29560.137345681615,27750.61622221046,29347.70010048135,29074.039106911736,23287.6216875587,27379.83410127748,27159.112735430186,29154.739447314336,28816.740619262695,27342.30765234314,25290.400526164514,28663.326913819477,26981.29128092959,29310.71375307135,28130.253851233247,27753.231865832953,27537.481288400566,29030.939347015563,29358.21356276436,26158.8966706278,25784.596539610546,28368.510694993645,28682.460435396148
28121.129838678506,25210.835133834185,29082.209740868897,27750.61622221046,29347.70010048135,29074.039106911736,23287.6216875587,27379.83410127748,27159.112735430186,29154.739447314336,28816.740619262695,27342.30765234314,25290.400526164514,28663.326913819477,26745.56938324728,29310.71375307135,28130.253851233247,27753.231865832953,27537.481288400566,29030.939347015563,29358.21356276436,26158.8966706278,25784.596539610546,28368.510694993645,28682.460435396148
28121.129838678506,25210.835133834185,29082.209740868897,27750.61622221046,29347.70010048135,29074.039106911736,23287.6216875587,27379.83410127748,27159.112735430186,28600.103173185656,28008.68143025293,27342.30765234314,25290.400526164514,28663.326913819477,26745.56938324728,29310.71375307135,25680.645725839724,27753.231865832953,27537.481288400566,27981.060845609252,29358.21356276436,26158.8966706278,25784.596539610546,28368.510694993645,28682.460435396148
28121.129838678506,25210.835133834185,29082.209740868897,27750.61622221046,29347.70010048135,29074.039106911736,23287.6216875587,27379.83410127748,27159.112735430186,28600.103173185656,28008.68143025293,27342.30765234314,25290.400526164514,28663.326913819477,26745.56938324728,29310.71375307135,25680.645725839724,27753.231865832953,26061.27309189241,27981.060845609252,29358.21356276436,26158.8966706278,25784.596539610546,28368.510694993645,28682.460435396148
27617.329069832344,25210.835133834185,29082.209740868897,27750.61622221046,29347.70010048135,29074.039106911736,23287.6216875587,27252.307015974882,27159.112735430186,28600.103173185656,28008.68143025293,27342.30765234314,25290.400526164514,28663.326913819477,26745.56938324728,29310.71375307135,25680.645725839724,27753.231865832953,26061.27309189241,27981.060845609252,29358.21356276436,26158.8966706278,25784.596539610546,28368.510694993645,28682.460435396148
27617.329069832344,25210.835133834185,29082.209740868897,27750.61622221046,29347.70010048135,28538.614390430324,23287.6216875587,27252.307015974882,27159.112735430186,28600.103173185656,24535.521408835622,27342.30765234314,25290.400526164514,28663.326913819477,26745.56938324728,29085.727303393076,25680.645725839724,27753.231865832953,26061.27309189241,27981.060845609252,27051.533557524737,26158.8966706278,25784.596539610546,28368.510694993645,28584.690196936357
27617.329069832344,25210.835133834185,29082.209740868897,27750.61622221046,29347.70010048135,28538.614390430324,23287.6216875587,27252.307015974882,27159.112735430186,28600.103173185656,24535.521408835622,27342.30765234314,25290.400526164514,28663.326913819477,26745.56938324728,29085.727303393076,25680.645725839724,27753.231865832953,26061.27309189241,27712.842255694268,27051.533557524737,26158.8966706278,25784.596539610546,28368.510694993645,28584.690196936357
27617.329069832344,25210.835133834185,29082.209740868897,27750.61622221046,29347.70010048135,28081.076463049947,23287.6216875587,27252.307015974882,27159.112735430186,28600.103173185656,24535.521408835622,27342.30765234314,25290.400526164514,28663.326913819477,26745.56938324728,29085.727303393076,25680.645725839724,27708.158159015904,26061.27309189241,27712.842255694268,27051.533557524737,26158.8966706278,25784.596539610546,26871.28325556072,28584.690196936357
27617.329069832344,25210.835133834185,29082.209740868897,27750.61622221046,29347.70010048135,24678.095626666403,23287.6216875587,27252.307015974882,27159.112735430186,28600.103173185656,24535.521408835622,27342.30765234314,25290.400526164514,28663.326913819477,26496.095331650835,29081.185332208122,25680.645725839724,27708.158159015904,26061.27309189241,27712.842255694268,27051.533557524737,26158.8966706278,25047.93743952652,26871.28325556072,28584.690196936357
27617.329069832344,25210.835133834185,29082.209740868897,27750.61622221046,29347.70010048135,24678.095626666403,23287.6216875587,27252.307015974882,27159.112735430186,28600.103173185656,24535.521408835622,27342.30765234314,25290.400526164514,28663.326913819477,26496.095331650835,29081.185332208122,25680.645725839724,27708.158159015904,26061.27309189241,27712.842255694268,27051.533557524737,26158.8966706278,25047.93743952652,25959.905203954768,28584.690196936357
27617.329069832344,25210.835133834185,29082.209740868897,27750.61622221046,28713.56876487178,24678.095626666403,23287.6216875587,27252.307015974882,27159.112735430186,28600.103173185656,24535.521408835622,27342.30765234314,25290.400526164514,28663.326913819477,26496.095331650835,29081.185332208122,25680.645725839724,27708.158159015904,26061.27309189241,27712.842255694268,27051.533557524737,26158.8966706278,25047.93743952652,25959.905203954768,28584.690196936357
27617.329069832344,25210.835133834185,29082.209740868897,27750.61622221046,28713.56876487178,24678.095626666403,23287.6216875587,27252.307015974882,27159.112735430186,28600.103173185656,24535.521408835622,27342.30765234314,25290.400526164514,27299.505144822928,26496.095331650835,29081.185332208122,25680.645725839724,27708.158159015904,26061.27309189241,27712.842255694268,27051.533557524737,26158.8966706278,25047.93743952652,25959.905203954768,28584.690196936357
27617.329069832344,25210.835133834185,29082.209740868897,27750.61622221046,28713.56876487178,24678.095626666403,23287.6216875587,27252.307015974882,27159.112735430186,28600.103173185656,24535.521408835622,27342.30765234314,25290.400526164514,27299.505144822928,24575.705706887533,29081.185332208122,25680.645725839724,27708.158159015904,26061.27309189241,27712.842255694268,27051.533557524737,26158.8966706278,25047.93743952652,25959.905203954768,28584.690196936357
27617.329069832344,25210.835133834185,29082.209740868897,27750.61622221046,28713.56876487178,24678.095626666403,23287.6216875587,27252.307015974882,27159.112735430186,28583.624021882337,24535.521408835622,27342.30765234314,25290.400526164514,27299.505144822928,24575.705706887533,29020.328919892167,25680.645725839724,27708.158159015904,26061.27309189241,27712.842255694268,27051.533557524737,26158.8966706278,25047.93743952652,25959.905203954768,26996.805022192275
27617.329069832344,25210.835133834185,29082.209740868897,27750.61622221046,28713.56876487178,24678.095626666403,23287.6216875587,27252.307015974882,27159.112735430186,28583.624021882337,24535.521408835622,27342.30765234314,25290.400526164514,27299.505144822928,24575.705706887533,29020.328919892167,25680.645725839724,27708.158159015904,26011.78092247301,27005.597492348912,27051.533557524737,26158.8966706278,25047.93743952652,25959.905203954768,26874.046022385286
27617.329069832344,25210.835133834185,29082.209740868897,27750.61622221046,28713.56876487178,24678.095626666403,23287.6216875587,27252.307015974882,27159.112735430186,28583.624021882337,24535.521408835622,27342.30765234314,25290.400526164514,27299.505144822928,24575.705706887533,28768.85005879208,25680.645725839724,27708.158159015904,26011.78092247301,27005.597492348912,27051.533557524737,26158.8966706278,25047.93743952652,25959.905203954768,26874.046022385286
27617.329069832344,25210.835133834185,29082.209740868897,27750.61622221046,28713.56876487178,24678.095626666403,23287.6216875587,27252.307015974882,27159.112735430186,28583.624021882337,24535.521408835622,27342.30765234314,25290.400526164514,27299.505144822928,24575.705706887533,28768.85005879208,25680.645725839724,27708.158159015904,26011.78092247301,27005.597492348912,27051.533557524737,26158.8966706278,25047.93743952652,25959.905203954768,26874.046022385286
27030.880152019192,25210.835133834185,28613.008978716243,27750.61622221046,28713.56876487178,24678.095626666403,23287.6216875587,27252.307015974882,27159.112735430186,28583.624021882337,24535.521408835622,27342.30765234314,25290.400526164514,27299.505144822928,24575.705706887533,28768.85005879208,25680.645725839724,27708.158159015904,26011.78092247301,27005.597492348912,27051.533557524737,26158.8966706278,25047.93743952652,25959.905203954768,26874.046022385286
27030.880152019192,25210.835133834185,28613.008978716243,27750.61622221046,28713.56876487178,24678.095626666403,23287.6216875587,27252.307015974882,27159.112735430186,28583.624021882337,24535.521408835622,27342.30765234314,25290.400526164514,27299.505144822928,24575.705706887533,28768.85005879208,25680.645725839724,27708.158159015904,26011.78092247301,27005.597492348912,27051.533557524737,26158.8966706278,25047.93743952652,25959.905203954768,26874.046022385286
27030.880152019192,25210.835133834185,28613.008978716243,27750.61622221046,28713.56876487178,24678.095626666403,23287.6216875587,27252.307015974882,27159.112735430186,28583.624021882337,23551.280923891933,27342.30765234314,25290.400526164514,27299.505144822928,24575.705706887533,28404.988834986238,25680.645725839724,27708.158159015904,26011.78092247301,27005.597492348912,27051.533557524737,26158.8966706278,25047.93743952652,25959.905203954768,26874.046022385286
27030.880152019192,25210.835133834185,28613.008978716243,27750.61622221046,28713.56876487178,24678.095626666403,23287.6216875587,27252.307015974882,27159.112735430186,28583.624021882337,23551.280923891933,27342.30765234314,25290.400526164514,27299.505144822928,24575.705706887533,28404.988834986238,25680.645725839724,27708.158159015904,26011.78092247301,27005.597492348912,27051.533557524737,26158.8966706278,25047.93743952652,25959.905203954768,26874.046022385286
27030.880152019192,25210.835133834185,28613.008978716243,27750.61622221046,27933.87477289803,24678.095626666403,23287.6216875587,27252.307015974882,27159.112735430186,27594.982054870135,23551.280923891933,27342.30765234314,25290.400526164514,27299.505144822928,24575.705706887533,28404.988834986238,25680.645725839724,27708.158159015904,26011.78092247301,27005.597492348912,27051.533557524737,26158.8966706278,25047.93743952652,25959.905203954768,25560.73842725392
27030.880152019192,25210.835133834185,28613.008978716243,27750.61622221046,27933.87477289803,24678.095626666403,23287.6216875587,27252.307015974882,27159.112735430186,27594.982054870135,23551.280923891933,27342.30765234314,25290.400526164514,27299.505144822928,24575.705706887533,28403.24642648208,25680.645725839724,27708.158159015904,26000.45228337085,27005.597492348912,27051.533557524737,26158.8966706278,25047.93743952652,25959.905203954768,25560.73842725392
27030.880152019192,25210.835133834185,28613.008978716243,27750.61622221046,27933.87477289803,24678.095626666403,23287.6216875587,27252.307015974882,27159.112735430186,27594.982054870135,23551.280923891933,27342.30765234314,24778.703262492065,27299.505144822928,24575.705706887533,28403.24642648208,25680.645725839724,27708.158159015904,26000.45228337085,27005.597492348912,27051.533557524737,26158.8966706278,25047.93743952652,25959.905203954768,25560.73842725392
27030.880152019192,25210.835133834185,28613.008978716243,27750.61622221046,27933.87477289803,24678.095626666403,23287.6216875587,27252.307015974882,27159.112735430186,27594.982054870135,23551.280923891933,27342.30765234314,24778.703262492065,27299.505144822928,24575.705706887533,28403.24642648208,25680.645725839724,27708.158159015904,25552.396226820594,27005.597492348912,27051.533557524737,26158.8966706278,25047.93743952652,25959.905203954768,25560.73842725392
27030.880152019192,25210.835133834185,28613.008978716243,27750.61622221046,27933.87477289803,24678.095626666403,23287.6216875587,27252.307015974882,27159.112735430186,27594.982054870135,23339.82022498098,27342.30765234314,24778.703262492065,27299.505144822928,24575.705706887533,28173.81045208244,25680.645725839724,27708.158159015904,25552.396226820594,27005.597492348912,27051.533557524737,26158.8966706278,25047.93743952652,25959.905203954768,25560.73842725392
27030.880152019192,25210.835133834185,28613.008978716243,27750.61622221046,27933.87477289803,24678.095626666403,23287.6216875587,27252.307015974882,27159.112735430186,27594.982054870135,23339.82022498098,27342.30765234314,24778.703262492065,27299.505144822928,24575.705706887533,28173.81045208244,25680.645725839724,27708.158159015904,25552.396226820594,27005.597492348912,27051.533557524737,26158.8966706278,25047.93743952652,25959.905203954768,25560.73842725392
27030.880152019192,25210.835133834185,27911.85240033701,27460.734732959412,27933.87477289803,24661.869885944827,23287.6216875587,27252.307015974882,27159.112735430186,27594.982054870135,23232.100594445026,27342.30765234314,24778.703262492065,27299.505144822928,24575.705706887533,28117.342468098017,25680.645725839724,27708.158159015904,25552.396226820594,27005.597492348912,27051.533557524737,26158.8966706278,25047.93743952652,25959.905203954768,25560.73842725392
27030.880152019192,25210.835133834185,27911.85240033701,27460.734732959412,27933.87477289803,24483.010573591728,23287.6216875587,27252.307015974882,27159.112735430186,27594.982054870135,23232.100594445026,27342.30765234314,24778.703262492065,27299.505144822928,24575.705706887533,28117.342468098017,25680.645725839724,27708.158159015904,25552.396226820594,27005.597492348912,27051.533557524737,26158.8966706278,25047.93743952652,25959.905203954768,25560.73842725392
27030.880152019192,25210.835133834185,27911.85240033701,27460.734732959412,24864.78415383807,24483.010573591728,23287.6216875587,27252.307015974882,27159.112735430186,27594.982054870135,23232.100594445026,27342.30765234314,24778.703262492065,27299.505144822928,24575.705706887533,28117.342468098017,25680.645725839724,27708.158159015904,25552.396226820594,25070.828436612384,27051.533557524737,26158.8966706278,25047.93743952652,25959.905203954768,25560.73842725392
27030.880152019192,25210.835133834185,27911.85240033701,27460.734732959412,24864.78415383807,24483.010573591728,23287.6216875587,27252.307015974882,27159.112735430186,27594.982054870135,23215.590222139537,27342.30765234314,24778.703262492065,27299.505144822928,24575.705706887533,28090.705839264974,25680.645725839724,27708.158159015904,25552.396226820594,25070.828436612384,27051.533557524737,26158.8966706278,25047.93743952652,25959.905203954768,25560.73842725392
27030.880152019192,25210.835133834185,27911.85240033701,27460.734732959412,24864.78415383807,24483.010573591728,23287.6216875587,27252.307015974882,27159.112735430186,27594.982054870135,23215.590222139537,27342.30765234314,24778.703262492065,27240.755132495513,24575.705706887533,28083.81892576505,25680.645725839724,27708.158159015904,25552.396226820594,25070.828436612384,27051.533557524737,26158.8966706278,25047.93743952652,25959.905203954768,25560.73842725392
27030.880152019192,25210.835133834185,27911.85240033701,27460.734732959412,24864.78415383807,24483.010573591728,23287.6216875587,27252.307015974882,27159.112735430186,27594.982054870135,22828.006077669077,27342.30765234314,24778.703262492065,27240.755132495513,24575.705706887533,28054.253390241473,25680.645725839724,27708.158159015904,25552.396226820594,25070.828436612384,27051.533557524737,26158.8966706278,25047.93743952652,25959.905203954768,25560.73842725392
27030.880152019192,25210.835133834185,27911.85240033701,27460.734732959412,24864.78415383807,24483.010573591728,23287.6216875587,27252.307015974882,27159.112735430186,27594.982054870135,22828.006077669077,27342.30765234314,24778.703262492065,26071.81351396965,24575.705706887533,28054.253390241473,25680.645725839724,27708.158159015904,25552.396226820594,25070.828436612384,27051.533557524737,26158.8966706278,25047.93743952652,25959.905203954768,25560.73842725392
27030.880152019192,25210.835133834185,27911.85240033701,27460.734732959412,24864.78415383807,24483.010573591728,20617.008808617506,27252.307015974882,27159.112735430186,27594.982054870135,22828.006077669077,27342.30765234314,24778.703262492065,24895.507578850753,23943.231939910595,28054.253390241473,25680.645725839724,27708.158159015904,25552.396226820594,25070.828436612384,27051.533557524737,26158.8966706278,25047.93743952652,25959.905203954768,25560.73842725392
27030.880152019192,25210.835133834185,27911.85240033701,27460.734732959412,24864.78415383807,24483.010573591728,20617.008808617506,27252.307015974882,27159.112735430186,27594.982054870135,22059.29936644854,27342.30765234314,24778.703262492065,24895.507578850753,23943.231939910595,27982.85087146204,25680.645725839724,27708.158159015904,25552.396226820594,25070.828436612384,27051.533557524737,26158.8966706278,25047.93743952652,25959.905203954768,25560.73842725392
27030.880152019192,25210.835133834185,27911.85240033701,27460.734732959412,24864.78415383807,24483.010573591728,20617.008808617506,27252.307015974882,27159.112735430186,27594.982054870135,22059.29936644854,27342.30765234314,24778.703262492065,24895.507578850753,23943.231939910595,27982.85087146204,25680.645725839724,27708.158159015904,25552.396226820594,25070.828436612384,27051.533557524737,26158.8966706278,24960.663476491456,25959.905203954768,25560.73842725392
27030.880152019192,25210.835133834185,27911.85240033701,27460.734732959412,24864.78415383807,24483.010573591728,20617.008808617506,27252.307015974882,27159.112735430186,27594.982054870135,22059.29936644854,27342.30765234314,24778.703262492065,24895.507578850753,23943.231939910595,27982.85087146204,25680.645725839724,27708.158159015904,25552.396226820594,25070.828436612384,27051.533557524737,26158.8966706278,24960.663476491456,25959.905203954768,25560.73842725392
27030.880152019192,25210.835133834185,27911.85240033701,27460.734732959412,24864.78415383807,24483.010573591728,20617.008808617506,27252.307015974882,27159.112735430186,27594.982054870135,22059.29936644854,27342.30765234314,24778.703262492065,24895.507578850753,23943.231939910595,26184.087717611037,25680.645725839724,27708.158159015904,25552.396226820594,25070.828436612384,27051.533557524737,26158.8966706278,24960.663476491456,25959.905203954768,25560.73842725392
27030.880152019192,25210.835133834185,27582.879944458,27460.734732959412,24864.78415383807,24483.010573591728,20617.008808617506,27252.307015974882,27159.112735430186,27594.982054870135,22059.29936644854,27342.30765234314,24778.703262492065,24895.507578850753,23943.231939910595,26184.087717611037,25680.645725839724,27708.158159015904,25552.396226820594,25070.828436612384,26915.803466745798,26158.8966706278,24960.663476491456,25959.905203954768,25560.73842725392
27030.880152019192,25210.835133834185,27582.879944458,27460.734732959412,24864.78415383807,24483.010573591728,20617.008808617506,27252.307015974882,27159.112735430186,27594.982054870135,22059.29936644854,27342.30765234314,24778.703262492065,24882.174942833666,23943.231939910595,26184.087717611037,25680.645725839724,27708.158159015904,25552.396226820594,24294.06836431547,26915.803466745798,26158.8966706278,24960.663476491456,25959.905203954768,25139.400235972753
27030.880152019192,25210.835133834185,27582.879944458,27460.734732959412,24864.78415383807,24483.010573591728,20617.008808617506,27252.307015974882,27159.112735430186,27594.982054870135,22059.29936644854,27342.30765234314,24778.703262492065,24882.174942833666,23943.231939910595,26184.087717611037,25680.645725839724,27708.158159015904,25552.396226820594,24294.06836431547,26915.803466745798,26158.8966706278,24960.663476491456,25959.905203954768,25139.400235972753
27030.880152019192,25210.835133834185,27582.879944458,27460.734732959412,24864.78415383807,24483.010573591728,20617.008808617506,27252.307015974882,25963.834687154816,27594.982054870135,22059.29936644854,27342.30765234314,24778.703262492065,24882.174942833666,23839.261331996477,26184.087717611037,25680.645725839724,27708.158159015904,25552.396226820594,24294.06836431547,26915.803466745798,26158.8966706278,24960.663476491456,25959.905203954768,25139.400235972753
27030.880152019192,25210.835133834185,27582.879944458,27460.734732959412,24864.78415383807,24483.010573591728,20617.008808617506,27252.307015974882,25963.834687154816,27594.982054870135,22059.29936644854,27342.30765234314,24778.703262492065,24882.174942833666,23349.805245664535,26184.087717611037,25680.645725839724,27708.158159015904,25352.575779304323,24294.06836431547,26915.803466745798,26158.8966706278,24960.663476491456,25839.71833339654,25139.400235972753
27030.880152019192,25210.835133834185,27582.879944458,27460.734732959412,24864.78415383807,24483.010573591728,20617.008808617506,27252.307015974882,25963.834687154816,27594.982054870135,22059.29936644854,27342.30765234314,24778.703262492065,24882.174942833666,23349.805245664535,26184.087717611037,25680.645725839724,27708.158159015904,25279.136827532533,24294.06836431547,26915.803466745798,26158.8966706278,24960.663476491456,25839.71833339654,25139.400235972753
27030.880152019192,25210.835133834185,27582.879944458,25610.64563306844,24864.78415383807,24483.010573591728,20617.008808617506,27252.307015974882,25963.834687154816,27594.982054870135,21896.125735886286,27342.30765234314,24778.703262492065,24882.174942833666,23349.805245664535,26184.087717611037,25680.645725839724,27708.158159015904,25279.136827532533,24294.06836431547,26915.803466745798,26158.8966706278,24960.663476491456,25839.71833339654,25139.400235972753
27030.880152019192,25210.835133834185,27582.879944458,25610.64563306844,24864.78415383807,24483.010573591728,20617.008808617506,27252.307015974882,25963.834687154816,27594.982054870135,21896.125735886286,27342.30765234314,24778.703262492065,24882.174942833666,23349.805245664535,26184.087717611037,25680.645725839724,27708.158159015904,25279.136827532533,24294.06836431547,26915.803466745798,26158.8966706278,24960.663476491456,25839.71833339654,25139.400235972753
27030.880152019192,25210.835133834185,27582.879944458,25610.64563306844,24864.78415383807,24483.010573591728,20617.008808617506,27252.307015974882,25963.834687154816,27594.982054870135,21896.125735886286,26150.663524291194,24778.703262492065,24882.174942833666,23294.19887852206,26184.087717611037,25680.645725839724,27708.158159015904,25279.136827532533,24294.06836431547,26915.803466745798,26158.8966706278,24960.663476491456,25839.71833339654,25139.400235972753
27030.880152019192,25210.835133834185,27582.879944458,25610.64563306844,24864.78415383807,24483.010573591728,20617.008808617506,27252.307015974882,25963.834687154816,27594.982054870135,21896.125735886286,26150.663524291194,24778.703262492065,24882.174942833666,23273.49856783886,26184.087717611037,25680.645725839724,27708.158159015904,25279.136827532533,24294.06836431547,26915.803466745798,26158.8966706278,24960.663476491456,25839.71833339654,25139.400235972753
27030.880152019192,25210.835133834185,27582.879944458,25610.64563306844,24864.78415383807,24483.010573591728,20617.008808617506,27252.307015974882,25963.834687154816,27594.982054870135,21827.95319445562,26150.663524291194,24778.703262492065,24882.174942833666,23273.49856783886,26184.087717611037,25680.645725839724,27599.778003171297,25262.753844505703,23629.42065260225,26915.803466745798,26158.8966706278,24960.663476491456,25471.32952917847,25139.400235972753
27030.880152019192,25210.835133834185,27582.879944458,25610.64563306844,24864.78415383807,24483.010573591728,20617.008808617506,27252.307015974882,25963.834687154816,27594.982054870135,21827.95319445562,26150.663524291194,24778.703262492065,24487.122139464143,23096.287865428487,26184.087717611037,25680.645725839724,27599.778003171297,25262.753844505703,23629.42065260225,26915.803466745798,26158.8966706278,24960.663476491456,25471.32952917847,25139.400235972753
26189.522687829805,25210.835133834185,27582.879944458,25610.64563306844,24864.78415383807,24483.010573591728,20617.008808617506,27252.307015974882,25963.834687154816,26474.822186109086,21827.95319445562,26150.663524291194,24778.703262492065,24412.39235208435,22916.20923910835,26184.087717611037,25680.645725839724,27599.778003171297,24961.388673608926,23629.42065260225,25434.46170779632,26158.8966706278,24960.663476491456,25471.32952917847,25139.400235972753
25410.29442490364,25210.835133834185,27582.879944458,25610.64563306844,24864.78415383807,24483.010573591728,20617.008808617506,25503.758057683877,25963.834687154816,26474.822186109086,21827.95319445562,26150.663524291194,24778.703262492065,24412.39235208435,22916.20923910835,26184.087717611037,25680.645725839724,27599.778003171297,24916.905932497062,23629.42065260225,25434.46170779632,26158.8966706278,24960.663476491456,25471.32952917847,25139.400235972753
25410.29442490364,25210.835133834185,27582.879944458,25610.64563306844,24864.78415383807,24483.010573591728,20617.008808617506,25503.758057683877,25963.834687154816,26474.822186109086,21827.95319445562,26150.663524291194,24778.703262492065,24412.39235208435,22916.20923910835,26184.087717611037,25680.645725839724,27599.778003171297,24916.905932497062,23629.42065260225,25434.46170779632,26158.8966706278,24960.663476491456,25471.32952917847,25139.400235972753
25410.29442490364,25210.835133834185,27582.879944458,25610.64563306844,24864.78415383807,24483.010573591728,20617.008808617506,25503.758057683877,25963.834687154816,26474.822186109086,20735.71605148489,26150.663524291194,24778.703262492065,24412.39235208435,22758.239105633984,26184.087717611037,25680.645725839724,27599.778003171297,24894.02289136448,23629.42065260225,25434.46170779632,26158.8966706278,24960.663476491456,25471.32952917847,25139.400235972753
25410.29442490364,25210.835133834185,27582.879944458,25610.64563306844,24864.78415383807,24483.010573591728,20617.008808617506,25503.758057683877,25963.834687154816,26474.822186109086,20735.71605148489,26150.663524291194,24778.703262492065,24412.39235208435,22758.239105633984,26184.087717611037,25680.645725839724,27599.778003171297,24894.02289136448,23629.42065260225,25434.46170779632,26158.8966706278,24960.663476491456,25471.32952917847,25139.400235972753
25410.29442490364,25210.835133834185,27582.879944458,25610.64563306844,24864.78415383807,24483.010573591728,20617.008808617506,25503.758057683877,25963.834687154816,26474.822186109086,20355.1999980164,26150.663524291194,24778.703262492065,24412.39235208435,22758.239105633984,26184.087717611037,24701.908296681817,27599.778003171297,24448.62535414447,23629.42065260225,25434.46170779632,26158.8966706278,24960.663476491456,25471.32952917847,24068.04229673944
25410.29442490364,25210.835133834185,27582.879944458,24634.7891883348,24864.78415383807,24483.010573591728,20617.008808617506,25503.758057683877,25963.834687154816,26474.822186109086,20355.1999980164,26150.663524291194,24778.703262492065,24335.926294847537,22758.239105633984,26184.087717611037,24701.908296681817,27599.778003171297,24448.62535414447,23629.42065260225,25434.46170779632,26158.8966706278,24960.663476491456,25471.32952917847,24068.04229673944
25410.29442490364,25210.835133834185,27582.879944458,24634.7891883348,24864.78415383807,24483.010573591728,20617.008808617506,25503.758057683877,25963.834687154816,26474.822186109086,20355.1999980164,26150.663524291194,24778.703262492065,24335.926294847537,22758.239105633984,26184.087717611037,24701.908296681817,27599.778003171297,24280.77832338914,23629.42065260225,25434.46170779632,26158.8966706278,24960.663476491456,25471.32952917847,24068.04229673944
25410.29442490364,25210.835133834185,27582.879944458,24634.7891883348,24864.78415383807,24483.010573591728,20617.008808617506,25503.758057683877,25963.834687154816,26474.822186109086,20355.1999980164,26150.663524291194,24778.703262492065,24335.926294847537,22758.239105633984,26184.087717611037,24701.908296681817,27599.778003171297,24280.77832338914,23629.42065260225,25434.46170779632,26158.8966706278,24960.663476491456,25471.32952917847,24068.04229673944
25410.29442490364,25210.835133834185,27582.879944458,24634.7891883348,24864.78415383807,24483.010573591728,20617.008808617506,25503.758057683877,25963.834687154816,26474.822186109086,20355.1999980164,26150.663524291194,24778.703262492065,24298.07705685858,22758.239105633984,26184.087717611037,24701.908296681817,27599.778003171297,24280.77832338914,23629.42065260225,25434.46170779632,26158.8966706278,24960.663476491456,25471.32952917847,24068.04229673944
25410.29442490364,25210.835133834185,27582.879944458,24634.7891883348,24864.78415383807,24483.010573591728,20617.008808617506,25503.758057683877,25963.834687154816,26474.822186109086,20355.1999980164,26150.663524291194,24778.703262492065,24298.07705685858,22758.239105633984,26184.087717611037,24701.908296681817,27599.778003171297,24280.77832338914,23629.42065260225,25434.46170779632,26158.8966706278,24960.663476491456,25471.32952917847,24068.04229673944
25410.29442490364,25210.835133834185,27582.879944458,24634.7891883348,24864.78415383807,24483.010573591728,20617.008808617506,25503.758057683877,25963.834687154816,26474.822186109086,20355.1999980164,26150.663524291194,24778.703262492065,24298.07705685858,22758.239105633984,26184.087717611037,24442.900546358283,27599.778003171297,24280.77832338914,23611.676267521085,25434.46170779632,26158.8966706278,23732.900208284947,25471.32952917847,24068.04229673944
25410.29442490364,25210.835133834185,27582.879944458,24634.7891883348,24864.78415383807,24483.010573591728,20617.008808617506,25503.758057683877,25963.834687154816,26474.822186109086,20355.1999980164,26150.663524291194,24778.703262492065,24298.07705685858,22758.239105633984,26184.087717611037,24442.900546358283,27599.778003171297,24280.77832338914,23611.676267521085,25434.46170779632,26158.8966706278,23732.900208284947,25471.32952917847,24068.04229673944
25410.29442490364,25210.835133834185,27582.879944458,24634.7891883348,24864.78415383807,24483.010573591728,20617.008808617506,25503.758057683877,25963.834687154816,26474.822186109086,20355.1999980164,26150.663524291194,24778.703262492065,24298.07705685858,22758.239105633984,26184.087717611037,24442.900546358283,27599.778003171297,24280.77832338914,23611.676267521085,25434.46170779632,26158.8966706278,23732.900208284947,25471.32952917847,24068.04229673944
25410.29442490364,25210.835133834185,27582.879944458,24634.7891883348,24864.78415383807,24483.010573591728,20617.008808617506,25503.758057683877,25963.834687154816,26474.822186109086,20355.1999980164,26150.663524291194,24219.26770480809,24298.07705685858,22414.869874333137,26184.087717611037,24442.900546358283,27599.778003171297,24280.77832338914,23611.676267521085,25434.46170779632,26158.8966706278,23732.900208284947,25471.32952917847,24068.04229673944
25410.29442490364,25210.835133834185,27582.879944458,24634.7891883348,24864.78415383807,24483.010573591728,20617.008808617506,25503.758057683877,25963.834687154816,26474.822186109086,20349.117516558104,26150.663524291194,24219.26770480809,24298.07705685858,22414.869874333137,26184.087717611037,24442.900546358283,27599.778003171297,24280.77832338914,23611.676267521085,25434.46170779632,26158.8966706278,23732.900208284947,25471.32952917847,24068.04229673944
25410.29442490364,25210.835133834185,27582.879944458,24634.7891883348,24864.78415383807,24483.010573591728,20617.008808617506,25503.758057683877,25963.834687154816,26474.822186109086,20349.117516558104,26150.663524291194,24219.26770480809,24298.07705685858,22414.869874333137,26184.087717611037,24442.900546358283,27599.778003171297,24280.77832338914,23611.676267521085,25434.46170779632,26158.8966706278,23732.900208284947,25471.32952917847,23709.878929710165
25410.29442490364,25210.835133834185,27582.879944458,24634.7891883348,24864.78415383807,24483.010573591728,20425.17530522934,25503.758057683877,25963.834687154816,26474.822186109086,20349.117516558104,26150.663524291194,24219.26770480809,24298.07705685858,22414.869874333137,26184.087717611037,24442.900546358283,27599.778003171297,24162.292356934733,23611.676267521085,25434.46170779632,26158.8966706278,23732.900208284947,25471.32952917847,23709.878929710165
25410.29442490364,25210.835133834185,27582.879944458,24634.7891883348,24864.78415383807,24483.010573591728,20425.17530522934,25503.758057683877,25963.834687154816,26474.822186109086,20349.117516558104,26150.663524291194,24219.26770480809,24298.07705685858,22414.869874333137,26184.087717611037,24442.900546358283,27599.778003171297,24112.42416483393,23611.676267521085,25434.46170779632,26158.8966706278,23573.216575851668,25471.32952917847,23709.878929710165
25410.29442490364,25210.835133834185,27582.879944458,24634.7891883348,24864.78415383807,24483.010573591728,20425.17530522934,25503.758057683877,25963.834687154816,26474.822186109086,20349.117516558104,26150.663524291194,24219.26770480809,24298.07705685858,22092.106426828406,26184.087717611037,24442.900546358283,27599.778003171297,23858.136744320604,23387.69290719253,25434.46170779632,26158.8966706278,23573.216575851668,25471.32952917847,23709.878929710165
25410.29442490364,25210.835133834185,27582.879944458,24634.7891883348,24864.78415383807,24483.010573591728,20425.17530522934,25503.758057683877,25963.834687154816,26474.822186109086,20349.117516558104,26150.663524291194,24219.26770480809,24298.07705685858,22092.106426828406,26184.087717611037,24442.900546358283,27599.778003171297,23858.136744320604,23387.69290719253,25434.46170779632,26158.8966706278,23573.216575851668,25471.32952917847,23709.878929710165
25410.29442490364,25210.835133834185,27582.879944458,24634.7891883348,24864.78415383807,24483.010573591728,20425.17530522934,25503.758057683877,25963.834687154816,26474.822186109086,20291.63897311362,26150.663524291194,24219.26770480809,24296.05569330961,22092.106426828406,26184.087717611037,24442.900546358283,27599.778003171297,23858.136744320604,23387.69290719253,25434.46170779632,26158.8966706278,23573.216575851668,25471.32952917847,23709.878929710165
24541.256574238058,25210.835133834185,27582.879944458,24634.7891883348,24864.78415383807,24483.010573591728,20425.17530522934,25503.758057683877,25963.834687154816,26474.822186109086,20291.63897311362,26150.663524291194,24219.26770480809,24273.845952830463,22092.106426828406,26184.087717611037,24442.900546358283,27599.778003171297,23858.136744320604,23387.69290719253,25434.46170779632,26158.8966706278,23573.216575851668,25471.32952917847,23709.878929710165
23962.511878674948,25210.835133834185,27582.879944458,24634.7891883348,24864.78415383807,24483.010573591728,20425.17530522934,23825.002196503763,25963.834687154816,26474.822186109086,20291.63897311362,26150.663524291194,24219.26770480809,24273.845952830463,22092.106426828406,26184.087717611037,24442.900546358283,27599.778003171297,23858.136744320604,23387.69290719253,25434.46170779632,24723.081641063374,23573.216575851668,25471.32952917847,23709.878929710165
23962.511878674948,25210.835133834185,25522.52264532949,24634.7891883348,24864.78415383807,24483.010573591728,20425.17530522934,23825.002196503763,25963.834687154816,26474.822186109086,20291.63897311362,26150.663524291194,24219.26770480809,23767.625397276955,22092.106426828406,26184.087717611037,24442.900546358283,27599.778003171297,23858.136744320604,22760.263110429983,25434.46170779632,24723.081641063374,23573.216575851668,25471.32952917847,23709.878929710165
23962.511878674948,25210.835133834185,25522.52264532949,24634.7891883348,24864.78415383807,24483.010573591728,20425.17530522934,23825.002196503763,25963.834687154816,26474.822186109086,20291.63897311362,26150.663524291194,24219.26770480809,23767.625397276955,22092.106426828406,26184.087717611037,24442.900546358283,27599.778003171297,23820.95703572358,22760.263110429983,25434.46170779632,24723.081641063374,23573.216575851668,25471.32952917847,23682.239580734862
23274.737940515646,25210.835133834185,25522.52264532949,24634.7891883348,24864.78415383807,24483.010573591728,20425.17530522934,23825.002196503763,25963.834687154816,26287.844522620537,20275.044373254917,26150.663524291194,24219.26770480809,23767.625397276955,22092.106426828406,26184.087717611037,24442.900546358283,27599.778003171297,23820.95703572358,22760.263110429983,25434.46170779632,24723.081641063374,23573.216575851668,25471.32952917847,23682.239580734862
22678.382773945144,25210.835133834185,25522.52264532949,24634.7891883348,24864.78415383807,24483.010573591728,20425.17530522934,23825.002196503763,25963.834687154816,26287.844522620537,20275.044373254917,26150.663524291194,24219.26770480809,23767.625397276955,22092.106426828406,26184.087717611037,24432.83727390156,27599.778003171297,23820.95703572358,22760.263110429983,25434.46170779632,24723.081641063374,23573.216575851668,25471.32952917847,23682.239580734862
22578.658154586028,25210.835133834185,25522.52264532949,24634.7891883348,24864.78415383807,24483.010573591728,20425.17530522934,23825.002196503763,25963.834687154816,26287.844522620537,20275.044373254917,26150.663524291194,24219.26770480809,23767.625397276955,22092.106426828406,26184.087717611037,24364.963213302835,27599.778003171297,23820.95703572358,22760.263110429983,25434.46170779632,24723.081641063374,23573.216575851668,25471.32952917847,23682.239580734862
22578.658154586028,25210.835133834185,25522.52264532949,24634.7891883348,24864.78415383807,24483.010573591728,20425.17530522934,23825.002196503763,25963.834687154816,26287.844522620537,20275.044373254917,26150.663524291194,24219.26770480809,23767.625397276955,22031.613851426464,26184.087717611037,24364.963213302835,27599.778003171297,23820.95703572358,22760.263110429983,25434.46170779632,24723.081641063374,23573.216575851668,25471.32952917847,23682.239580734862
22578.658154586028,25210.835133834185,25522.52264532949,24634.7891883348,24864.78415383807,24483.010573591728,20425.17530522934,23825.002196503763,25963.834687154816,26287.844522620537,20275.044373254917,26150.663524291194,24219.26770480809,23767.625397276955,22031.613851426464,26184.087717611037,24364.963213302835,27599.778003171297,23779.435667799626,22627.774722572878,25434.46170779632,24723.081641063374,23573.216575851668,25471.32952917847,23682.239580734862
22578.658154586028,25210.835133834185,25522.52264532949,24634.7891883348,24864.78415383807,24483.010573591728,20425.17530522934,23825.002196503763,25963.834687154816,26287.844522620537,20275.044373254917,26150.663524291194,24219.26770480809,23767.625397276955,22031.613851426464,26184.087717611037,24364.963213302835,27599.778003171297,23779.435667799626,22627.774722572878,25434.46170779632,24723.081641063374,23573.216575851668,25471.32952917847,23682.239580734862
21598.459779824163,25210.835133834185,25522.52264532949,24634.7891883348,24864.78415383807,24483.010573591728,20425.17530522934,23825.002196503763,25963.834687154816,26287.844522620537,20275.044373254917,26150.663524291194,24219.26770480809,23767.625397276955,22031.613851426464,26184.087717611037,24364.963213302835,27599.778003171297,23728.783586211463,22627.774722572878,25434.46170779632,24723.081641063374,23573.216575851668,25471.32952917847,23682.239580734862
21598.459779824163,25210.835133834185,25522.52264532949,24634.7891883348,24864.78415383807,24483.010573591728,20411.167747858126,23825.002196503763,25963.834687154816,26287.844522620537,20122.810530572882,26150.663524291194,24219.26770480809,23712.2864874591,22031.613851426464,26184.087717611037,24364.963213302835,27599.778003171297,23728.783586211463,22627.774722572878,25434.46170779632,24723.081641063374,23573.216575851668,25471.32952917847,23682.239580734862
21598.459779824163,25210.835133834185,25522.52264532949,24634.7891883348,24864.78415383807,24483.010573591728,20411.167747858126,23825.002196503763,25963.834687154816,26287.844522620537,20122.810530572882,26150.663524291194,24219.26770480809,21846.512530801232,22031.613851426464,26184.087717611037,24364.963213302835,27599.778003171297,23688.30946788823,22627.774722572878,25434.46170779632,24181.017883955916,23573.216575851668,25471.32952917847,23682.239580734862
21598.459779824163,25210.835133834185,25522.52264532949,24634.7891883348,24864.78415383807,24483.010573591728,20411.167747858126,23825.002196503763,25963.834687154816,26287.844522620537,20022.14856537566,26150.663524291194,24219.26770480809,21846.512530801232,22031.613851426464,26184.087717611037,24364.963213302835,27599.778003171297,23634.531276203274,22627.774722572878,25434.46170779632,24181.017883955916,23573.216575851668,25471.32952917847,23682.239580734862
21598.459779824163,25210.835133834185,25522.52264532949,24634.7891883348,24864.78415383807,24483.010573591728,20411.167747858126,23825.002196503763,25963.834687154816,26287.844522620537,20022.14856537566,26150.663524291194,24219.26770480809,21846.512530801232,22031.613851426464,26184.087717611037,24364.963213302835,27599.778003171297,23612.28638276236,22627.774722572878,25434.46170779632,24181.017883955916,23573.216575851668,25471.32952917847,23682.239580734862
21598.459779824163,25210.835133834185,25522.52264532949,24634.7891883348,24864.78415383807,24483.010573591728,20411.167747858126,23825.002196503763,25963.834687154816,26287.844522620537,20022.14856537566,26150.663524291194,24219.26770480809,21846.512530801232,22031.613851426464,26184.087717611037,24364.963213302835,27599.778003171297,23612.28638276236,22627.774722572878,25434.46170779632,24181.017883955916,23573.216575851668,25471.32952917847,23682.239580734862
19875.763898717167,25210.835133834185,25522.52264532949,24634.7891883348,24864.78415383807,24483.010573591728,20411.167747858126,23825.002196503763,25963.834687154816,26287.844522620537,20022.14856537566,26150.663524291194,24219.26770480809,21846.512530801232,22031.613851426464,26184.087717611037,24364.963213302835,27599.778003171297,23313.58681159115,22627.774722572878,25434.46170779632,24181.017883955916,23573.216575851668,25471.32952917847,23682.239580734862
19875.763898717167,25210.835133834185,25522.52264532949,24634.7891883348,24864.78415383807,24483.010573591728,20411.167747858126,23825.002196503763,25963.834687154816,26287.844522620537,20022.14856537566,26150.663524291194,24219.26770480809,21846.512530801232,22031.613851426464,26184.087717611037,24364.963213302835,27599.778003171297,23313.58681159115,22627.774722572878,25434.46170779632,24181.017883955916,23573.216575851668,25471.32952917847,23407.684491878754
19875.763898717167,25210.835133834185,25522.52264532949,24634.7891883348,24864.78415383807,24483.010573591728,20411.167747858126,23825.002196503763,25963.834687154816,26287.844522620537,19860.939878669673,26150.663524291194,24219.26770480809,21846.512530801232,22031.613851426464,26184.087717611037,24364.963213302835,27599.778003171297,23294.495070809677,22627.774722572878,25434.46170779632,24181.017883955916,23573.216575851668,25471.32952917847,22513.175142764936
19875.763898717167,25210.835133834185,25522.52264532949,24634.7891883348,24864.78415383807,24483.010573591728,20411.167747858126,23825.002196503763,25963.834687154816,26287.844522620537,19860.939878669673,26150.663524291194,24219.26770480809,21846.512530801232,22031.613851426464,26184.087717611037,24364.963213302835,27599.778003171297,23294.495070809677,22627.774722572878,24120.886776252086,24181.017883955916,23573.216575851668,25471.32952917847,22513.175142764936
19875.763898717167,25210.835133834185,25522.52264532949,24634.7891883348,24864.78415383807,24483.010573591728,20388.072707762873,23825.002196503763,25963.834687154816,26287.844522620537,19860.939878669673,26150.663524291194,24219.26770480809,21846.512530801232,22031.613851426464,26184.087717611037,24364.963213302835,27599.778003171297,23272.107510718866,22627.774722572878,24120.886776252086,24181.017883955916,23573.216575851668,25471.32952917847,22513.175142764936
19875.763898717167,25210.835133834185,25522.52264532949,24634.7891883348,24864.78415383807,24483.010573591728,20388.072707762873,23825.002196503763,25963.834687154816,26287.844522620537,18948.076456546605,26150.663524291194,24219.26770480809,21846.512530801232,22031.613851426464,26184.087717611037,24364.963213302835,27599.778003171297,23272.107510718866,22627.774722572878,24120.886776252086,24181.017883955916,23573.216575851668,25471.32952917847,22513.175142764936
19875.763898717167,25210.835133834185,25522.52264532949,24634.7891883348,24864.78415383807,24483.010573591728,20388.072707762873,23825.002196503763,25963.834687154816,26287.844522620537,18948.076456546605,26150.663524291194,24219.26770480809,21608.696116070198,22031.613851426464,26184.087717611037,24346.42135234153,27599.778003171297,23272.107510718866,22627.774722572878,24120.886776252086,24181.017883955916,23573.216575851668,25471.32952917847,22513.175142764936
19875.763898717167,25210.835133834185,25522.52264532949,24634.7891883348,24864.78415383807,24483.010573591728,20388.072707762873,23825.002196503763,25963.834687154816,26287.844522620537,18948.076456546605,26150.663524291194,24219.26770480809,21608.696116070198,21962.64910409986,26184.087717611037,22490.925285149675,27599.778003171297,23272.107510718866,22627.774722572878,24120.886776252086,24181.017883955916,23573.216575851668,25471.32952917847,22452.346023497084
19373.544046166186,25210.835133834185,25522.52264532949,24634.7891883348,24864.78415383807,24483.010573591728,20388.072707762873,23825.002196503763,25963.834687154816,26287.844522620537,18948.076456546605,26150.663524291194,24219.26770480809,21608.696116070198,21962.64910409986,26184.087717611037,22490.925285149675,27599.778003171297,23272.107510718866,22407.035170308016,24120.886776252086,24181.017883955916,23573.216575851668,25471.32952917847,22452.346023497084
19373.544046166186,25210.835133834185,25522.52264532949,24634.7891883348,24864.78415383807,24483.010573591728,20388.072707762873,23825.002196503763,25963.834687154816,26287.844522620537,18948.076456546605,26150.663524291194,24219.26770480809,21608.696116070198,21962.64910409986,26184.087717611037,22490.925285149675,27599.778003171297,23272.107510718866,22407.035170308016,24120.886776252086,24181.017883955916,23573.216575851668,25471.32952917847,22452.346023497084
19373.544046166186,25210.835133834185,25522.52264532949,24634.7891883348,24864.78415383807,24483.010573591728,20388.072707762873,23825.002196503763,25963.834687154816,23553.73825447712,18948.076456546605,26150.663524291194,24219.26770480809,21608.696116070198,21962.64910409986,26184.087717611037,22490.925285149675,27599.778003171297,23272.107510718866,22407.035170308016,24120.886776252086,24181.017883955916,23573.216575851668,25471.32952917847,22452.346023497084
19373.544046166186,25210.835133834185,25522.52264532949,24634.7891883348,24864.78415383807,24483.010573591728,20388.072707762873,23825.002196503763,25963.834687154816,23553.73825447712,18948.076456546605,26150.663524291194,24219.26770480809,21608.696116070198,21962.64910409986,26184.087717611037,21656.999738034006,27599.778003171297,23269.812648067433,22407.035170308016,24120.886776252086,24181.017883955916,23573.216575851668,25471.32952917847,22452.346023497084
19373.544046166186,25210.835133834185,25522.52264532949,24634.7891883348,24864.78415383807,24483.010573591728,20178.522009280496,23825.002196503763,25963.834687154816,23553.73825447712,18948.076456546605,26150.663524291194,24219.26770480809,21608.696116070198,21962.64910409986,26184.087717611037,21656.999738034006,27599.778003171297,23269.812648067433,22407.035170308016,24120.886776252086,24181.017883955916,23573.216575851668,25471.32952917847,22452.346023497084
19373.544046166186,25210.835133834185,25522.52264532949,24634.7891883348,24864.78415383807,24483.010573591728,20178.522009280496,23825.002196503763,25963.834687154816,23553.73825447712,18948.076456546605,26150.663524291194,24219.26770480809,21608.696116070198,21962.64910409986,26184.087717611037,21656.999738034006,27599.778003171297,23269.812648067433,22407.035170308016,24120.886776252086,24181.017883955916,23573.216575851668,25471.32952917847,22452.346023497084
19373.544046166186,25210.835133834185,25522.52264532949,24634.7891883348,24864.78415383807,24483.010573591728,20178.522009280496,23825.002196503763,25963.834687154816,23553.73825447712,18948.076456546605,26150.663524291194,24219.26770480809,21550.635564064378,21961.227284659122,26184.087717611037,21656.999738034006,27599.778003171297,23252.89064538247,22407.035170308016,24120.886776252086,24178.145411819693,23573.216575851668,25471.32952917847,22452.346023497084
19373.544046166186,25210.835133834185,25522.52264532949,24634.7891883348,24864.78415383807,24483.010573591728,20178.522009280496,23825.002196503763,25963.834687154816,23553.73825447712,18926.657555303176,26150.663524291194,24219.26770480809,21550.635564064378,21952.866086389724,26184.087717611037,21656.999738034006,27599.778003171297,23245.48162188175,22407.035170308016,24120.886776252086,24178.145411819693,23573.216575851668,25471.32952917847,22452.346023497084
19373.544046166186,25210.835133834185,25522.52264532949,24634.7891883348,24864.78415383807,24483.010573591728,20178.522009280496,23825.002196503763,25963.834687154816,23553.73825447712,18926.657555303176,26150.663524291194,24219.26770480809,21478.367918629076,21951.09870334786,26184.087717611037,21656.999738034006,27599.778003171297,23245.48162188175,22407.035170308016,24120.886776252086,24178.145411819693,23573.216575851668,25471.32952917847,21973.934427200915
19373.544046166186,25210.835133834185,25522.52264532949,24634.7891883348,24864.78415383807,24483.010573591728,20178.522009280496,23825.002196503763,25963.834687154816,23553.73825447712,18926.657555303176,26150.663524291194,24219.26770480809,21478.367918629076,21951.09870334786,26184.087717611037,21656.999738034006,27599.778003171297,23240.179119788678,22407.035170308016,24120.886776252086,24178.145411819693,23573.216575851668,25471.32952917847,21973.934427200915
19373.544046166186,25210.835133834185,25522.52264532949,24634.7891883348,24864.78415383807,24483.010573591728,20178.522009280496,23825.002196503763,25963.834687154816,23553.73825447712,18895.069359018682,26150.663524291194,24219.26770480809,21478.367918629076,21951.09870334786,26184.087717611037,21656.999738034006,27599.778003171297,23178.109795801865,22143.003033653535,24120.886776252086,24178.145411819693,23573.216575851668,25471.32952917847,21973.934427200915
19373.544046166186,25210.835133834185,25522.52264532949,24634.7891883348,24864.78415383807,24483.010573591728,20178.522009280496,23825.002196503763,25963.834687154816,23553.73825447712,18895.069359018682,26150.663524291194,24219.26770480809,21478.367918629076,21948.544235934933,26184.087717611037,21656.999738034006,27599.778003171297,22905.316555268262,22143.003033653535,24120.886776252086,24178.145411819693,23573.216575851668,25471.32952917847,21973.934427200915
19373.544046166186,25210.835133834185,25522.52264532949,24634.7891883348,24864.78415383807,24483.010573591728,20178.522009280496,23825.002196503763,25963.834687154816,23553.73825447712,18862.474913252878,26150.663524291194,24219.26770480809,21478.367918629076,21948.544235934933,26184.087717611037,21656.999738034006,27599.778003171297,22874.718279254434,22143.003033653535,24120.886776252086,24178.145411819693,23573.216575851668,25471.32952917847,21973.934427200915
19373.544046166186,25210.835133834185,25522.52264532949,24634.7891883348,24864.78415383807,24483.010573591728,20178.522009280496,23825.002196503763,25963.834687154816,23553.73825447712,18862.474913252878,26150.663524291194,24219.26770480809,21478.367918629076,21948.544235934933,26184.087717611037,21656.999738034006,24376.722706842687,22874.667086600533,22143.003033653535,24120.886776252086,24178.145411819693,23573.216575851668,25471.32952917847,21973.934427200915
19373.544046166186,25210.835133834185,25522.52264532949,24634.7891883348,24864.78415383807,24483.010573591728,20178.522009280496,23825.002196503763,25963.834687154816,23553.73825447712,18848.748390353747,26150.663524291194,24219.26770480809,21478.367918629076,21948.544235934933,26184.087717611037,21656.999738034006,24376.722706842687,22862.46422825556,22143.003033653535,24120.886776252086,24178.145411819693,23573.216575851668,25471.32952917847,21973.934427200915
19373.544046166186,25210.835133834185,25522.52264532949,24634.7891883348,24864.78415383807,24483.010573591728,20178.522009280496,23825.002196503763,25963.834687154816,23553.73825447712,18845.276553978772,26150.663524291194,24219.26770480809,21478.367918629076,21948.544235934933,26184.087717611037,21656.999738034006,24376.722706842687,22699.641914977798,22143.003033653535,24120.886776252086,24178.145411819693,23573.216575851668,25471.32952917847,21973.934427200915
19373.544046166186,25210.835133834185,25522.52264532949,24634.7891883348,24864.78415383807,24483.010573591728,20178.522009280496,23825.002196503763,25963.834687154816,23553.73825447712,18845.276553978772,26150.663524291194,24219.26770480809,21478.367918629076,21948.544235934933,26184.087717611037,21656.999738034006,24376.722706842687,22699.641914977798,22143.003033653535,24120.886776252086,24178.145411819693,23573.216575851668,25471.32952917847,21952.245027614616
19373.544046166186,25210.835133834185,25522.52264532949,24634.7891883348,24864.78415383807,24483.010573591728,20178.522009280496,23825.002196503763,25963.834687154816,23553.73825447712,18805.157404323436,26150.663524291194,24219.26770480809,21478.367918629076,21948.544235934933,26184.087717611037,21656.999738034006,24376.722706842687,22669.803123297945,22143.003033653535,24103.954171405498,24178.145411819693,23573.216575851668,25471.32952917847,21952.245027614616
19373.544046166186,25210.835133834185,25522.52264532949,24560.905165558197,24864.78415383807,24483.010573591728,20178.522009280496,23825.002196503763,25963.834687154816,23553.73825447712,18805.157404323436,26150.663524291194,24219.26770480809,21478.367918629076,21948.544235934933,26184.087717611037,21656.999738034006,24376.722706842687,22669.803123297945,22143.003033653535,24103.954171405498,24178.145411819693,23573.216575851668,25471.32952917847,21952.245027614616
19190.633504484915,25210.835133834185,25522.52264532949,24560.905165558197,24864.78415383807,24483.010573591728,20178.522009280496,23825.002196503763,25963.834687154816,23553.73825447712,18805.157404323436,26150.663524291194,24219.26770480809,21478.367918629076,21913.874165731362,26184.087717611037,21656.999738034006,24376.722706842687,22669.803123297945,22143.003033653535,24103.954171405498,24178.145411819693,23573.216575851668,25471.32952917847,21952.245027614616
19190.633504484915,25210.835133834185,25522.52264532949,24560.905165558197,24864.78415383807,24483.010573591728,20178.522009280496,23825.002196503763,25963.834687154816,23553.73825447712,18805.157404323436,26150.663524291194,24219.26770480809,21478.367918629076,21913.874165731362,26184.087717611037,21656.999738034006,24376.722706842687,22669.803123297945,22143.003033653535,24103.954171405498,24178.145411819693,23571.168043141726,25471.32952917847,21952.245027614616
19190.633504484915,25210.835133834185,25522.52264532949,23752.728725230027,24864.78415383807,24483.010573591728,20178.522009280496,23825.002196503763,25963.834687154816,23553.73825447712,18805.157404323436,26150.663524291194,24219.26770480809,21478.367918629076,21913.874165731362,25404.838368267192,21506.083326492524,24376.722706842687,22669.803123297945,22143.003033653535,24103.954171405498,24178.145411819693,23571.168043141726,25471.32952917847,21952.245027614616
19190.633504484915,25210.835133834185,25522.52264532949,23752.728725230027,24864.78415383807,24483.010573591728,20178.522009280496,23825.002196503763,25963.834687154816,23553.73825447712,18805.157404323436,26150.663524291194,24219.26770480809,21466.143698854437,21913.874165731362,24796.464317762628,21506.083326492524,24376.722706842687,22655.354193223375,22143.003033653535,23045.08633716143,24178.145411819693,23571.168043141726,25471.32952917847,21952.245027614616
19190.633504484915,25210.835133834185,25522.52264532949,23752.728725230027,24262.15365634578,24483.010573591728,20178.522009280496,23825.002196503763,25963.834687154816,23553.73825447712,18805.157404323436,26150.663524291194,24219.26770480809,21466.143698854437,21913.874165731362,24796.464317762628,21506.083326492524,24376.722706842687,22513.96380194332,22143.003033653535,23045.08633716143,24178.145411819693,23571.168043141726,25471.32952917847,21952.245027614616
19190.633504484915,25210.835133834185,25522.52264532949,23752.728725230027,24262.15365634578,24483.010573591728,20178.522009280496,23825.002196503763,25963.834687154816,23553.73825447712,17699.07671366611,26150.663524291194,24219.26770480809,21466.143698854437,21904.99515796317,24796.464317762628,21250.148140009947,24376.722706842687,22513.96380194332,22143.003033653535,23045.08633716143,24178.145411819693,23571.168043141726,25471.32952917847,21952.245027614616
19190.633504484915,25210.835133834185,25522.52264532949,23752.728725230027,24262.15365634578,24483.010573591728,20178.522009280496,22153.748598633916,25963.834687154816,23553.73825447712,17699.07671366611,26150.663524291194,24219.26770480809,21466.143698854437,21902.0834000362,24796.464317762628,21250.148140009947,24376.722706842687,22513.96380194332,22143.003033653535,23045.08633716143,24178.145411819693,23571.168043141726,25471.32952917847,21952.245027614616
19141.08007877556,25210.835133834185,25522.52264532949,23752.728725230027,24262.15365634578,24483.010573591728,20178.522009280496,22153.748598633916,25963.834687154816,23553.73825447712,17699.07671366611,26150.663524291194,24219.26770480809,21461.88406076168,21902.0834000362,24796.464317762628,21250.148140009947,24376.722706842687,22512.688541132546,22143.003033653535,22931.885762874346,24178.145411819693,23571.168043141726,25471.32952917847,21952.245027614616
19141.08007877556,25210.835133834185,25522.52264532949,23752.728725230027,24262.15365634578,24483.010573591728,20178.522009280496,22153.748598633916,25963.834687154816,23553.73825447712,17699.07671366611,26150.663524291194,24219.26770480809,21461.88406076168,21898.960241474775,24796.464317762628,21250.148140009947,24376.722706842687,22512.688541132546,22143.003033653535,22931.885762874346,24178.145411819693,23571.168043141726,25471.32952917847,21952.245027614616
19141.08007877556,25210.835133834185,25522.52264532949,23752.728725230027,24262.15365634578,24483.010573591728,20178.522009280496,22153.748598633916,25963.834687154816,23553.73825447712,17699.07671366611,26150.663524291194,24219.26770480809,21080.954083590743,21898.960241474775,24093.209437341888,21250.148140009947,24376.722706842687,22512.688541132546,22143.003033653535,22931.885762874346,24178.145411819693,23571.168043141726,25471.32952917847,21952.245027614616
19141.08007877556,25210.835133834185,25522.52264532949,23752.728725230027,24262.15365634578,24483.010573591728,20176.43127478156,22153.748598633916,25963.834687154816,23553.73825447712,17699.07671366611,26150.663524291194,24219.26770480809,21080.954083590743,21898.960241474775,23660.19318872885,21250.148140009947,24376.722706842687,22492.93798315919,22143.003033653535,22931.885762874346,24178.145411819693,23571.168043141726,25471.327715679396,21952.245027614616
19141.08007877556,25210.835133834185,25522.52264532949,23752.728725230027,24262.15365634578,24483.010573591728,20176.43127478156,22153.748598633916,25963.834687154816,23553.73825447712,17699.07671366611,26150.663524291194,24219.26770480809,21080.954083590743,21898.960241474775,23660.19318872885,21250.148140009947,24376.722706842687,22492.93798315919,22143.003033653535,22931.885762874346,24178.145411819693,23571.168043141726,25471.327715679396,21952.245027614616
19130.41727332134,25210.835133834185,25522.52264532949,23752.728725230027,24262.15365634578,24483.010573591728,20176.43127478156,22153.748598633916,25963.834687154816,23553.73825447712,17699.07671366611,26150.663524291194,24219.26770480809,21080.954083590743,21898.960241474775,23171.169937096245,21250.148140009947,24376.722706842687,22491.590378748377,22143.003033653535,22931.885762874346,24176.743701948308,23571.168043141726,25471.327715679396,21952.245027614616
19130.41727332134,25210.835133834185,25522.52264532949,23752.728725230027,24262.15365634578,24483.010573591728,20174.661196439924,20844.464948695306,25963.834687154816,23553.73825447712,17699.07671366611,26150.663524291194,24219.26770480809,21080.954083590743,21898.960241474775,23171.169937096245,21250.148140009947,24376.722706842687,22491.590378748377,22143.003033653535,22931.885762874346,24176.743701948308,23571.168043141726,25471.327715679396,21952.245027614616
19123.887724898705,25210.835133834185,25522.52264532949,23752.728725230027,24262.15365634578,24483.010573591728,20174.661196439924,20844.464948695306,25963.834687154816,23553.73825447712,17699.07671366611,26150.663524291194,24219.26770480809,21053.111165902184,21898.960241474775,23171.169937096245,21250.148140009947,24376.722706842687,22491.0148449005,22112.661317397517,22931.885762874346,24176.743701948308,23571.05089351643,25471.327715679396,21952.245027614616
19123.887724898705,25210.835133834185,25522.52264532949,23752.728725230027,24262.15365634578,24483.010573591728,20174.661196439924,20844.464948695306,25963.834687154816,23553.73825447712,17698.966502250725,26150.663524291194,24219.26770480809,21035.074534279367,21898.104332493287,23171.169937096245,21250.148140009947,24376.722706842687,22461.600502425445,22112.661317397517,22931.885762874346,24176.538804002557,23571.05089351643,25471.327715679396,21952.245027614616
19123.887724898705,25210.835133834185,25522.52264532949,23752.728725230027,24262.15365634578,24483.010573591728,20174.661196439924,20844.464948695306,24475.925225924388,23553.73825447712,17477.54241152973,26150.663524291194,24219.26770480809,21035.074534279367,21897.297723099495,23171.169937096245,21250.148140009947,24376.722706842687,22461.600502425445,22112.661317397517,22637.367062487705,24176.538804002557,23571.05089351643,25471.327715679396,21568.44426964235
19123.887724898705,25210.835133834185,25522.52264532949,23752.728725230027,24162.122799703677,24483.010573591728,20174.661196439924,20825.166495603633,24475.925225924388,23553.73825447712,17195.39715836008,26150.663524291194,24219.26770480809,21035.074534279367,21897.297723099495,23171.169937096245,21250.148140009947,24376.722706842687,22461.600502425445,22112.661317397517,21275.44761257759,24176.538804002557,23571.05089351643,25471.327715679396,21568.44426964235
19118.952122347237,25210.835133834185,25522.52264532949,23752.728725230027,24162.122799703677,24483.010573591728,20174.661196439924,20825.166495603633,24475.925225924388,23553.73825447712,17194.07303464651,26150.663524291194,24219.26770480809,21035.074534279367,21894.227286951544,23025.21058641574,21206.859825392617,24376.722706842687,22454.849658437313,22112.661317397517,21275.44761257759,24176.538804002557,23571.05089351643,25471.327715679396,21508.108438086874
19111.61032045346,25210.835133834185,25522.52264532949,23752.728725230027,24162.122799703677,24348.888944840444,20146.94460170939,20754.10226508958,24475.925225924388,23553.73825447712,17194.07303464651,26150.663524291194,24219.26770480809,20735.7915042607,21894.227286951544,23025.21058641574,21206.859825392617,24376.722706842687,22454.849658437313,22112.661317397517,21275.44761257759,24176.538804002557,23571.05089351643,25471.327715679396,21508.108438086874
19012.378073729964,25210.835133834185,25522.52264532949,23752.728725230027,24079.740035937593,24348.888944840444,20146.94460170939,20754.10226508958,24475.925225924388,23553.73825447712,17194.07303464651,26150.663524291194,24219.26770480809,20735.7915042607,21893.81856234607,23025.21058641574,21181.029084145644,24376.722706842687,22454.849658437313,22108.92540078405,20974.696403439244,24176.538804002557,23571.05089351643,25471.327715679396,21269.21196209613
19012.378073729964,25210.835133834185,25522.52264532949,23752.728725230027,24079.740035937593,24348.888944840444,20146.94460170939,20754.10226508958,24475.925225924388,23553.73825447712,17150.927211791495,26150.663524291194,24219.26770480809,20735.7915042607,21884.811641326956,23025.21058641574,21181.029084145644,24376.722706842687,22449.045830354484,22108.92540078405,20974.696403439244,24176.538804002557,23571.05089351643,25471.327715679396,20928.142685015642
19012.378073729964,25210.835133834185,25522.52264532949,23752.728725230027,24079.740035937593,24348.888944840444,20129.592469715753,20594.20032163637,24475.925225924388,23553.73825447712,17150.927211791495,26150.663524291194,24219.26770480809,20735.7915042607,21882.71905987832,23013.30010210813,21177.752938009686,24376.722706842687,22449.045830354484,22108.92540078405,20974.696403439244,24176.418114127133,23570.953589069846,25471.327715679396,20928.142685015642
19012.378073729964,25210.835133834185,25522.52264532949,23752.728725230027,24079.740035937593,24348.888944840444,20129.592469715753,20594.20032163637,24475.925225924388,23553.73825447712,17084.009871471524,26150.663524291194,24219.26770480809,20735.7915042607,21882.71905987832,23013.30010210813,21177.752938009686,24376.722706842687,22432.26800483801,22108.92540078405,20974.696403439244,24176.418114127133,23570.953589069846,25471.327715679396,20928.142685015642
18933.776596633597,25210.835133834185,25522.52264532949,23752.728725230027,24079.740035937593,24348.888944840444,20129.592469715753,20594.20032163637,24475.925225924388,23553.73825447712,17084.009871471524,26150.663524291194,24219.26770480809,20707.600140549035,21882.71905987832,23013.30010210813,21070.540814566535,24376.722706842687,22432.26800483801,22108.92540078405,20974.696403439244,24176.418114127133,23570.953589069846,25471.327715679396,20928.142685015642
18933.776596633597,25210.835133834185,25522.52264532949,23752.728725230027,24079.740035937593,24348.888944840444,20129.592469715753,20594.20032163637,24475.925225924388,23553.73825447712,17034.471054441365,26150.663524291194,24219.26770480809,20707.600140549035,21880.83809968814,23013.30010210813,21070.540814566535,24376.722706842687,22432.26800483801,22108.92540078405,20974.696403439244,24176.418114127133,23570.953589069846,25471.327715679396,20928.142685015642
18914.388500676538,25210.835133834185,25522.52264532949,23752.728725230027,24079.740035937593,24348.888944840444,20129.592469715753,20594.20032163637,24475.925225924388,23553.73825447712,17034.471054441365,26150.663524291194,24219.26770480809,20707.600140549035,21879.49560481959,23013.30010210813,21065.419836941488,24376.722706842687,22432.26800483801,22108.92540078405,20974.696403439244,24176.418114127133,23570.953589069846,25471.327715679396,20928.142685015642
18914.388500676538,25210.835133834185,25522.52264532949,23752.728725230027,24079.740035937593,24348.888944840444,20129.592469715753,20316.887845899044,24475.925225924388,23553.73825447712,16942.39985007775,26150.663524291194,24219.26770480809,20707.600140549035,21878.662631534113,23013.30010210813,21065.419836941488,24376.722706842687,22420.363741957524,22108.92540078405,20974.696403439244,24176.418114127133,23570.953589069846,25471.327715679396,20928.142685015642
18914.388500676538,24677.370738249505,25522.52264532949,23752.728725230027,24079.740035937593,24348.888944840444,20117.888134167566,20316.887845899044,24475.925225924388,23553.73825447712,16942.39985007775,26150.663524291194,24219.26770480809,20707.600140549035,21878.662631534113,23013.30010210813,21065.419836941488,24376.722706842687,22416.86837581286,22108.92540078405,20974.696403439244,24176.418114127133,23570.953589069846,25471.327715679396,20928.142685015642
18914.388500676538,24677.370738249505,25522.52264532949,23752.728725230027,24052.456648010728,24348.888944840444,20117.888134167566,20316.887845899044,24475.925225924388,23553.73825447712,16942.39985007775,26150.663524291194,24219.26770480809,20707.600140549035,21878.662631534113,22807.2318257549,21046.17333838848,24376.722706842687,22416.86837581286,22108.92540078405,20974.696403439244,24176.418114127133,23570.953589069846,25471.327715679396,20928.142685015642
18914.388500676538,24677.370738249505,25522.52264532949,23752.728725230027,24052.456648010728,24348.888944840444,20117.888134167566,20316.887845899044,24475.925225924388,23553.73825447712,16942.39985007775,25977.54642493386,24219.26770480809,20707.600140549035,21878.662631534113,22807.2318257549,21046.17333838848,24376.722706842687,22405.65174503142,22108.92540078405,20942.41847246224,24176.418114127133,23570.953589069846,25471.327715679396,20928.142685015642
18914.388500676538,24677.370738249505,25522.52264532949,23752.728725230027,24052.456648010728,24348.888944840444,20117.888134167566,20316.887845899044,24475.925225924388,23553.73825447712,16942.39985007775,25977.54642493386,24219.26770480809,20707.600140549035,21874.593644967834,22807.2318257549,21046.17333838848,24376.722706842687,22387.18657351914,22108.92540078405,20942.41847246224,24176.418114127133,23570.953589069846,25471.32765558352,20928.142685015642
18914.388500676538,24677.370738249505,25522.52264532949,23752.728725230027,24050.326580695157,24348.888944840444,20117.888134167566,20316.887845899044,24475.925225924388,23553.73825447712,16907.13027069566,25626.266723084973,24219.26770480809,20707.600140549035,21874.593644967834,22807.2318257549,21030.81782605723,24376.722706842687,22387.18657351914,22108.639447122438,20942.41847246224,24176.418114127133,23570.953589069846,25471.32765558352,20928.142685015642
18914.388500676538,24677.370738249505,25522.52264532949,23752.728725230027,24018.485125645973,24348.888944840444,20116.346532801104,20316.887845899044,24475.925225924388,23553.73825447712,16905.56695756131,25626.266723084973,24219.26770480809,20706.800468965266,21874.593644967834,22807.2318257549,21030.81782605723,24376.722706842687,22365.133147423723,22108.079845535267,20942.41847246224,24176.418114127133,23570.953589069846,25471.32765558352,20928.142685015642
18914.388500676538,24677.370738249505,25522.52264532949,23752.728725230027,23985.545097471302,24348.888944840444,20116.346532801104,20316.887845899044,24475.925225924388,23553.73825447712,16861.3740280288,25626.266723084973,24219.26770480809,20706.800468965266,21874.593644967834,22807.2318257549,21030.81782605723,24376.722706842687,22365.133147423723,22108.079845535267,20942.41847246224,24176.418114127133,23570.953589069846,25471.32765558352,20928.142685015642
18914.388500676538,24677.370738249505,25522.52264532949,23752.728725230027,23985.545097471302,24348.888944840444,20116.346532801104,20316.887845899044,24475.925225924388,23553.73825447712,16861.3740280288,25626.266723084973,24219.26770480809,20698.978653172475,21874.593644967834,22807.2318257549,21030.81782605723,24376.722706842687,22348.200887206796,22108.079845535267,20942.41847246224,24176.418114127133,23570.953589069846,25471.32765558352,20928.142685015642
18914.261262926262,24677.370738249505,25522.52264532949,23752.728725230027,23985.545097471302,23871.7749666457,20116.346532801104,20316.887845899044,24475.925225924388,23553.73825447712,16861.3740280288,25626.266723084973,24219.26770480809,20698.978653172475,21874.593644967834,22807.2318257549,21030.81782605723,24376.722706842687,22348.200887206796,22108.079845535267,20828.073874604877,24176.4016077937,23570.953589069846,25471.32765558352,20928.142685015642
18905.405488894856,24677.370738249505,25522.52264532949,23752.728725230027,23985.545097471302,23871.7749666457,20116.346532801104,20316.887845899044,24475.925225924388,23553.73825447712,16827.7873096553,25626.266723084973,24219.26770480809,20698.978653172475,21874.593644967834,22807.2318257549,21030.81782605723,24376.722706842687,22348.200887206796,22107.852525484686,20828.073874604877,24176.4016077937,23570.953589069846,25471.32765558352,20928.142685015642
18905.405488894856,24677.370738249505,25522.52264532949,23752.728725230027,23985.545097471302,23871.7749666457,20116.346532801104,20316.887845899044,24475.925225924388,23553.73825447712,16806.30901621311,25626.266723084973,24219.26770480809,20697.566272709035,21874.186816301597,22798.61036930133,21030.81782605723,24376.722706842687,22339.425300590337,22107.852525484686,20828.073874604877,24176.222133251722,23570.953589069846,25471.32765558352,20928.142685015642
18905.405488894856,24677.370738249505,25522.52264532949,23752.728725230027,23930.597898496566,23871.7749666457,20116.346532801104,20316.887845899044,24475.925225924388,23553.73825447712,16786.569330096376,25110.87040749192,24219.26770480809,20697.566272709035,21873.854154031967,22796.122944680323,21030.81782605723,24376.722706842687,22332.874587811613,22107.852525484686,19501.404160051035,24176.222133251722,23570.953589069846,25471.327528634654,20928.142685015642
18905.405488894856,24677.370738249505,25522.52264532949,23752.728725230027,23930.597898496566,23871.7749666457,20116.346532801104,20311.739014798903,24475.925225924388,23553.73825447712,16097.068427251532,25110.87040749192,24219.26770480809,20697.566272709035,21873.854154031967,22796.122944680323,21030.81782605723,24376.722706842687,22330.486858105658,22107.852525484686,19501.404160051035,24176.222133251722,23570.953589069846,25471.327528634654,20928.142685015642
18905.405488894856,24677.370738249505,25522.52264532949,23752.728725230027,23930.597898496566,23871.7749666457,20116.346532801104,20311.739014798903,24475.925225924388,23553.73825447712,15975.778559364866,25110.87040749192,24219.26770480809,20697.566272709035,21873.854154031967,22796.122944680323,21030.81782605723,24376.722706842687,22308.385195950857,22107.852525484686,19501.404160051035,24176.222133251722,23570.953589069846,25471.327528634654,20928.142685015642
18721.291234090997,24677.370738249505,25522.52264532949,23752.728725230027,23930.597898496566,23871.7749666457,20116.346532801104,20311.739014798903,24475.925225924388,23553.73825447712,15975.778559364866,25110.87040749192,24219.26770480809,20697.566272709035,21873.854154031967,22796.122944680323,21030.81782605723,24376.722706842687,22308.385195950857,22107.852525484686,19501.404160051035,24176.222133251722,23570.953589069846,25471.327528634654,20928.142685015642
18493.750617913112,24677.370738249505,25522.52264532949,23752.728725230027,23930.597898496566,23871.7749666457,20116.346532801104,20311.739014798903,24475.925225924388,23553.73825447712,15975.778559364866,25110.87040749192,24219.26770480809,20503.162754669418,21872.052836008297,22796.122944680323,21030.81782605723,24376.722706842687,22308.385195950857,22095.11657576066,19501.404160051035,24176.222133251722,23570.953589069846,25471.327528634654,20928.142685015642
18493.750617913112,24677.370738249505,25522.52264532949,23752.728725230027,23929.444037854908,23871.7749666457,20116.346532801104,20311.739014798903,24475.925225924388,23553.73825447712,15975.778559364866,25110.87040749192,24219.26770480809,20503.162754669418,21870.01749671311,22796.122944680323,21030.81782605723,24376.722706842687,22308.385195950857,22095.11657576066,19501.404160051035,24176.222133251722,23570.953589069846,25471.327528634654,20928.142685015642
18493.750617913112,24677.370738249505,25522.52264532949,23752.728725230027,23929.444037854908,23702.15640557608,20116.346532801104,20311.739014798903,24475.925225924388,23553.73825447712,15975.778559364866,25110.87040749192,24219.26770480809,20503.162754669418,21870.01749671311,22796.122944680323,21030.81782605723,24376.722706842687,22306.63018516015,22090.72861494663,19453.405036931417,24176.222133251722,23570.953589069846,25471.327524986566,20928.142685015642
18493.750617913112,24677.370738249505,25522.52264532949,23752.728725230027,23929.444037854908,23702.15640557608,20116.346532801104,20306.577711288,24475.925225924388,23553.73825447712,15975.778559364866,25110.87040749192,24219.26770480809,20503.162754669418,21869.733805845914,22796.122944680323,21030.81782605723,24376.722706842687,22274.07478642189,21904.486871067464,19453.405036931417,24176.222133251722,23570.953589069846,25471.327524986566,20928.142685015642
18340.544199118445,24677.370738249505,25522.52264532949,23752.728725230027,23929.444037854908,23702.15640557608,20116.346532801104,20306.577711288,24475.925225924388,23553.73825447712,15975.778559364866,25110.87040749192,24219.26770480809,20503.162754669418,21869.52113499704,22796.122944680323,21030.81782605723,24376.722706842687,22274.07478642189,21904.486871067464,19445.986985463063,24176.222133251722,23570.953589069846,25471.327524986566,20928.142685015642
18340.544199118445,24677.370738249505,25522.52264532949,23752.728725230027,23929.444037854908,23702.15640557608,20116.346532801104,20306.577711288,24475.925225924388,23553.73825447712,15952.644163302371,25110.87040749192,24219.26770480809,20503.162754669418,21869.52113499704,22796.122944680323,21030.81782605723,24376.722706842687,22274.07478642189,21904.486871067464,19445.986985463063,24176.222133251722,23570.953589069846,25471.327524986566,20928.142685015642
18255.712434529563,24677.370738249505,25522.52264532949,23752.728725230027,23929.444037854908,23670.988562709008,20116.346532801104,20306.577711288,24475.925225924388,23553.73825447712,15740.576448381606,25110.87040749192,24219.26770480809,20503.162754669418,21869.52113499704,22796.122944680323,21018.214929644077,24376.722706842687,22274.07478642189,21881.04965241036,19445.986985463063,24176.222133251722,23570.953589069846,25471.32745541957,20928.142685015642
18255.712434529563,24677.370738249505,25522.52264532949,23752.728725230027,23929.444037854908,23670.988562709008,20116.346532801104,20306.577711288,24475.925225924388,23553.73825447712,15587.886842407188,25110.87040749192,24219.26770480809,20375.913977900902,21869.52113499704,22796.122944680323,21018.214929644077,24376.722706842687,22274.07478642189,21862.306896806167,19445.986985463063,24176.222133251722,23570.953589069846,25471.32745541957,20928.142685015642
18230.983449782474,24677.370738249505,25522.52264532949,23752.728725230027,23929.444037854908,23670.988562709008,20068.315915184412,20306.577711288,24475.925225924388,23553.73825447712,15587.886842407188,25110.87040749192,24219.26770480809,20375.913977900902,21869.52113499704,22794.92648458237,21018.214929644077,24376.722706842687,22274.07478642189,21862.306896806167,19445.986985463063,24176.222133251722,23570.953589069846,25471.32745541957,20928.142685015642
18197.052378742603,24677.370738249505,25522.52264532949,23752.728725230027,23929.444037854908,23670.988562709008,20068.315915184412,20294.888799730397,24475.925225924388,23553.73825447712,15165.308320800985,25110.87040749192,24219.26770480809,20375.913977900902,21869.218437468076,22794.92648458237,21018.214929644077,24376.722706842687,22274.07478642189,21832.09093906791,19445.986985463063,24176.222133251722,23570.953589069846,25471.32745541957,20928.142685015642
18197.052378742603,24677.370738249505,25522.52264532949,23752.728725230027,23929.444037854908,23670.988562709008,20068.315915184412,20294.888799730397,24475.925225924388,23553.73825447712,14959.846014165341,25110.87040749192,24219.26770480809,20325.491400979936,21869.218437468076,22794.92648458237,21018.214929644077,24376.722706842687,22170.247388305732,21832.09093906791,19374.989132743824,24176.222133251722,23570.953589069846,25471.32745541957,20928.142685015642
18197.052378742603,24677.370738249505,25522.52264532949,23752.728725230027,23929.444037854908,23670.988562709008,20068.315915184412,20294.888799730397,24475.925225924388,23553.73825447712,14405.16247553546,25110.87040749192,24219.26770480809,20254.5275018503,21869.218437468076,22794.92648458237,21018.214929644077,24376.722706842687,22076.49338178406,21832.09093906791,19374.989132743824,24176.222133251722,23570.953589069846,25471.32745541957,20928.142685015642
18197.052378742603,24677.370738249505,25522.52264532949,23752.728725230027,23929.444037854908,23670.988562709008,20060.983472547672,20294.888799730397,24475.925225924388,23553.73825447712,14405.16247553546,25110.87040749192,23775.700256415847,20254.5275018503,21869.218437468076,22736.58742431934,21018.214929644077,24376.722706842687,22074.85277038441,21822.653154331252,19219.83938623331,24176.222133251722,23570.953589069846,25471.32745541957,20850.886880964863
18197.052378742603,24677.370738249505,25522.52264532949,23752.728725230027,23929.444037854908,23670.988562709008,20057.584870844283,20294.888799730397,24475.925225924388,23553.73825447712,14405.16247553546,25110.87040749192,23775.700256415847,20254.5275018503,21869.218437468076,22736.58742431934,21018.214929644077,24376.722706842687,22074.85277038441,21822.653154331252,19078.17205969679,24176.222133251722,23570.953589069846,25471.32745541957,20850.886880964863
18189.72575688733,24677.370738249505,25522.52264532949,23752.728725230027,23929.444037854908,23670.988562709008,20057.584870844283,20294.888799730397,24475.925225924388,23553.73825447712,14230.578223266366,25110.87040749192,23775.700256415847,20254.5275018503,21869.218437468076,22736.58742431934,21018.214929644077,24376.722706842687,21949.136796600724,21820.99231650576,19078.17205969679,24176.222133251722,23570.953589069846,25471.32745541957,20850.886880964863
18189.72575688733,24677.370738249505,25522.52264532949,23752.728725230027,23012.84576718723,23670.988562709008,20057.584870844283,20290.745628191475,24475.925225924388,23553.73825447712,14230.578223266366,25110.87040749192,22608.428462106567,20254.5275018503,21869.218437468076,22736.58742431934,21018.214929644077,24376.722706842687,21925.237222968393,21754.894932465853,19061.238032176883,24176.222133251722,23570.953589069846,25471.32745541957,20850.886880964863
18174.0405080762,24677.370738249505,25522.52264532949,23752.728725230027,23012.84576718723,23607.505281680977,20057.584870844283,20290.367024470255,24475.925225924388,23553.73825447712,14137.365777814277,25110.87040749192,22608.428462106567,20254.5275018503,21868.54774056879,22736.58742431934,21015.078836772213,24376.722706842687,21922.56504847207,21754.894932465853,19061.238032176883,24176.222133251722,23570.953589069846,25471.32745541957,20850.886880964863
18174.0405080762,24677.370738249505,25522.52264532949,23752.728725230027,23012.84576718723,23607.505281680977,20057.584870844283,20290.367024470255,24475.925225924388,23553.73825447712,13824.177859747928,25110.87040749192,22608.428462106567,20254.5275018503,21868.54774056879,22736.58742431934,21015.078836772213,24376.722706842687,21871.99250827963,21754.894932465853,19034.385435307388,24176.222133251722,23570.953589069846,25471.32745541957,20850.886880964863
18174.0405080762,24677.370738249505,25522.52264532949,23752.728725230027,23012.84576718723,23607.505281680977,20051.445217871573,19937.178184103774,24475.925225924388,23553.73825447712,13824.177859747928,25110.87040749192,22533.493387814215,20254.5275018503,21868.54774056879,22736.58742431934,21015.078836772213,24376.722706842687,21788.492877537694,21748.880259344212,19034.385435307388,24176.222133251722,23570.953589069846,25471.32745541957,20850.886880964863
18174.0405080762,24677.370738249505,25522.52264532949,23752.728725230027,23012.84576718723,23607.505281680977,20051.445217871573,19937.178184103774,24475.925225924388,23531.913367935336,13516.306419398468,25110.87040749192,22533.493387814215,20254.5275018503,21868.50642304711,22736.047771109224,21015.078836772213,24376.722706842687,21787.649671618594,21748.880259344212,19034.385435307388,24176.222133251722,23570.953589069846,25471.32745541957,20850.886880964863
18174.0405080762,24677.370738249505,25522.52264532949,23752.728725230027,23012.84576718723,23607.505281680977,20051.445217871573,19937.178184103774,24475.925225924388,23531.913367935336,13506.9317034915,25110.87040749192,22533.493387814215,20254.5275018503,21868.47612012367,22727.454663923094,21015.078836772213,24376.722706842687,21771.293149213754,21748.880259344212,19027.012073705857,24176.222133251722,23570.953589069846,25471.32745541957,20848.38823153347
18174.0405080762,24677.370738249505,25522.52264532949,23752.728725230027,23012.84576718723,23607.505281680977,20051.445217871573,19937.178184103774,24475.925225924388,23531.913367935336,13498.351342091362,25110.87040749192,22533.493387814215,20254.5275018503,21868.47612012367,22727.454663923094,21015.078836772213,24376.722706842687,21652.437794793943,21748.880259344212,19017.31328998706,24176.222133251722,23570.953589069846,25471.32745541957,20848.38823153347
18174.0405080762,24677.370738249505,25522.52264532949,23752.728725230027,22804.62797436814,23607.505281680977,20051.445217871573,19795.121839826934,24475.925225924388,23525.16166520664,13412.764675056602,25110.87040749192,22533.493387814215,20254.5275018503,21868.47612012367,22727.454663923094,21015.078836772213,24376.722706842687,21335.590440605236,21748.880259344212,19017.31328998706,24176.222133251722,23570.953589069846,23828.459723366028,20838.020797175614
18000.80634366757,24677.370738249505,25522.52264532949,23752.728725230027,22804.62797436814,23607.505281680977,20051.445217871573,19795.121839826934,24475.925225924388,23525.16166520664,13412.764675056602,25110.87040749192,22533.493387814215,20254.5275018503,21868.47612012367,22727.454663923094,20194.264122553857,24376.722706842687,21335.590440605236,21748.880259344212,19017.31328998706,24176.222133251722,23570.953589069846,23828.459723366028,20838.020797175614
18000.80634366757,24677.370738249505,25522.52264532949,23752.728725230027,22804.62797436814,23607.505281680977,20051.445217871573,19769.24153144344,24475.925225924388,23525.16166520664,13283.744734416581,25110.87040749192,22185.440348512304,20254.5275018503,21868.47612012367,22727.454663923094,20125.989262094503,24376.722706842687,21226.869084330116,21748.880259344212,18995.936788748742,24176.222133251722,23570.953589069846,23828.459723366028,20838.020797175614
18000.80634366757,24677.370738249505,25522.52264532949,23752.728725230027,22804.62797436814,23607.505281680977,20051.445217871573,19769.24153144344,24475.925225924388,23525.16166520664,13283.744734416581,25110.87040749192,22185.440348512304,20254.5275018503,21867.261915895637,22724.93065324035,19982.707383485424,24376.722706842687,21124.266087593707,21748.880259344212,18995.936788748742,24176.222133251722,23570.953589069846,23828.459723366028,20838.020797175614
18000.80634366757,24677.370738249505,25522.52264532949,23752.728725230027,22804.62797436814,23472.868277314246,20051.445217871573,19769.24153144344,24475.925225924388,23525.16166520664,13163.964670501027,25110.87040749192,22185.440348512304,20254.5275018503,21867.108532985403,22724.93065324035,19727.61865137864,24376.722706842687,21124.266087593707,21748.880259344212,18995.936788748742,24176.222133251722,23570.953589069846,23828.459723366028,20838.020797175614
18000.80634366757,24677.370738249505,25522.52264532949,23752.728725230027,22804.62797436814,23472.868277314246,20051.445217871573,19769.24153144344,24475.925225924388,23525.16166520664,13100.062792242676,25110.87040749192,22185.440348512304,20254.5275018503,21867.080282668256,22722.464288835683,19651.897209241248,24376.722706842687,20852.529490149285,21748.880259344212,18995.936788748742,24176.222133251722,23570.953589069846,23828.459723366028,20836.381760436998
18000.80634366757,24677.370738249505,25522.52264532949,23752.728725230027,22804.62797436814,23472.868277314246,20051.445217871573,19769.24153144344,24475.925225924388,23525.16166520664,13100.062792242676,25110.87040749192,22185.440348512304,20254.5275018503,21867.05770910457,22721.28144092462,19651.897209241248,24376.722706842687,20850.649414366442,21748.880259344212,18965.996694240057,24176.222133251722,23570.953589069846,23828.459723366028,20836.381760436998
18000.80634366757,24677.370738249505,25522.52264532949,23752.728725230027,22804.62797436814,23472.868277314246,20051.445217871573,19703.778431116043,24475.925225924388,23525.16166520664,12913.314989303482,25110.87040749192,22185.440348512304,20254.5275018503,21867.05770910457,22717.276648933017,19495.891548846965,24376.722706842687,20728.595613931495,21748.880259344212,18965.996694240057,24176.222133251722,23570.953589069846,23828.459723366028,20836.381760436998
18000.80634366757,24677.370738249505,25522.52264532949,23752.728725230027,22804.62797436814,23472.868277314246,20051.445217871573,19653.657184848213,24475.925225924388,23525.16166520664,12913.314989303482,25110.87040749192,22185.440348512304,20254.5275018503,21867.05770910457,22715.5995606385,19495.891548846965,24376.722706842687,20493.51452535886,21748.880259344212,18965.996694240057,24176.222133251722,23570.953589069846,23828.459723366028,20836.381760436998
17972.457678428294,24677.370738249505,25522.52264532949,23685.855669274977,22804.62797436814,23472.868277314246,20051.445217871573,19653.657184848213,24475.925225924388,23525.16166520664,12910.142673780374,25110.87040749192,22185.440348512304,20254.5275018503,21867.05770910457,22715.5995606385,19495.632209871354,24376.722706842687,20333.901592790007,21748.880259344212,18959.653706368263,24176.222133251722,23570.953589069846,23724.36260034851,20836.381760436998
17908.617358474257,24677.370738249505,25522.52264532949,23685.855669274977,22804.62797436814,23472.868277314246,20051.445217871573,18838.58721963729,24475.925225924388,23525.16166520664,12910.142673780374,25110.87040749192,22185.440348512304,20254.5275018503,21867.05770910457,22714.149772459416,19420.835079878238,24376.722706842687,20229.541991855953,21748.880259344212,18959.653706368263,24176.222133251722,23570.953589069846,23724.36260034851,20836.381760436998
17908.617358474257,24677.370738249505,25522.52264532949,23685.855669274977,22804.62797436814,23472.868277314246,20049.195891275045,18838.58721963729,24475.925225924388,23525.16166520664,12784.580942712124,25110.87040749192,22185.440348512304,20254.5275018503,21867.05770910457,22714.149772459416,19420.835079878238,24376.722706842687,20194.822013293513,21724.419651538836,18959.653706368263,24176.222133251722,23570.953589069846,23724.36260034851,20836.381760436998
17908.617358474257,24677.370738249505,25522.52264532949,23685.855669274977,22776.69990733593,23472.868277314246,20049.195891275045,18838.58721963729,24475.925225924388,23525.16166520664,12717.434037826206,25110.87040749192,22185.440348512304,20245.110361422157,21867.05770910457,22714.149772459416,19420.835079878238,24376.722706842687,20194.822013293513,21724.419651538836,18958.741756176707,24176.222133251722,23570.953589069846,23721.272489628314,20836.381760436998
17908.617358474257,24677.370738249505,25522.52264532949,23685.855669274977,22776.69990733593,23472.868277314246,20049.195891275045,18838.58721963729,24475.925225924388,23525.16166520664,12717.434037826206,25110.87040749192,22185.440348512304,20245.110361422157,21866.95022619609,22714.149772459416,19420.835079878238,24376.722706842687,19750.78246724248,21712.098855703774,18958.741756176707,24176.222133251722,23570.953589069846,23721.272489628314,20836.381760436998
17867.901694437052,24677.370738249505,25522.52264532949,23685.855669274977,22776.69990733593,23457.655548180195,20049.195891275045,18838.58721963729,24475.925225924388,23457.784632571904,12703.205181171568,25110.87040749192,22185.440348512304,20245.110361422157,21866.95022619609,22710.43448004685,19420.835079878238,24376.722706842687,19567.038738586714,21712.098855703774,18948.319370772268,23293.722974384273,23570.953589069846,23721.272489628314,20836.381760436998
17867.901694437052,24677.370738249505,25522.52264532949,23685.855669274977,22776.69990733593,23457.655548180195,20049.195891275045,18838.58721963729,24475.925225924388,23457.784632571904,12578.970036669263,25110.87040749192,22185.440348512304,20245.110361422157,21866.95022619609,22710.43448004685,19420.835079878238,24376.722706842687,19567.038738586714,21709.463086747422,18948.319370772268,23293.722974384273,23570.953589069846,23721.272489628314,20836.381760436998
17867.901694437052,23913.213769413676,25522.52264532949,23685.855669274977,22776.69990733593,23457.655548180195,20049.195891275045,18838.58721963729,24475.925225924388,23457.784632571904,12574.933700682788,25110.87040749192,22179.081226670583,20245.110361422157,21866.95022619609,22710.43448004685,19329.968589817137,24376.722706842687,19232.172354701244,21707.75405972427,18672.64716718152,23293.722974384273,23570.953589069846,23721.272489628314,20836.381760436998
17867.901694437052,23913.213769413676,25522.52264532949,23685.855669274977,22765.893295989288,23451.278302505114,20049.195891275045,18802.128892655066,24475.925225924388,23457.784632571904,12422.072816049804,25110.87040749192,22179.081226670583,20243.96993232873,21866.95022619609,22710.43448004685,19329.968589817137,24376.722706842687,19215.838274051843,21707.75405972427,18672.64716718152,23293.722974384273,23570.953589069846,23721.272489628314,20836.381760436998
17840.55316793603,23913.213769413676,25522.52264532949,23685.855669274977,22765.893295989288,23451.278302505114,20049.195891275045,18802.128892655066,24475.925225924388,23457.784632571904,12080.466616875849,25110.87040749192,22179.081226670583,20243.96993232873,21866.95022619609,22710.43448004685,19329.968589817137,24376.722706842687,19121.33186475563,21707.75405972427,18672.64716718152,23293.722974384273,23570.953589069846,23721.272489628314,20836.381760436998
17840.55316793603,23913.213769413676,25522.52264532949,23685.855669274977,22765.893295989288,23451.278302505114,20049.195891275045,18802.128892655066,24475.925225924388,23457.784632571904,11518.314082522502,25110.87040749192,22179.081226670583,20243.96993232873,21866.95022619609,22710.43448004685,19329.968589817137,24376.722706842687,19121.33186475563,21707.75405972427,18672.64716718152,23293.722974384273,23570.953589069846,23721.272489628314,20836.381760436998
17840.55316793603,23913.213769413676,25522.52264532949,23685.855669274977,22765.893295989288,23451.278302505114,20049.195891275045,18802.128892655066,24475.925225924388,23457.784632571904,11518.314082522502,25110.87040749192,22179.081226670583,20238.98445996617,21866.95022619609,22706.340185236113,19329.75495640486,24376.722706842687,18826.777978063034,21705.992916401952,18624.209277018752,23293.722974384273,23570.953589069846,23721.272489628314,20834.125582550998
17840.55316793603,23913.213769413676,25522.52264532949,23685.855669274977,22765.893295989288,23451.278302505114,20049.195891275045,18802.128892655066,24475.925225924388,23457.784632571904,11299.405309031066,25110.87040749192,22179.081226670583,20238.98445996617,21866.95022619609,22706.340185236113,19329.75495640486,24376.722706842687,18826.777978063034,21705.992916401952,18624.209277018752,23293.722974384273,23570.953589069846,23702.609544724666,20834.125582550998
17840.55316793603,23913.213769413676,25522.52264532949,23685.855669274977,22702.725387607174,23451.278302505114,20049.195891275045,18802.128892655066,24475.925225924388,23457.784632571904,11299.405309031066,25110.87040749192,22179.081226670583,20238.98445996617,21866.95022619609,22706.340185236113,19329.75495640486,24376.722706842687,18740.25299399251,21705.992916401952,18367.225558287682,23293.722974384273,23570.953589069846,23702.609544724666,20834.125582550998
17197.44823323718,23913.213769413676,25522.52264532949,23685.855669274977,22702.725387607174,23451.278302505114,20049.195891275045,18802.128892655066,24475.925225924388,23457.784632571904,11299.405309031066,25110.87040749192,22179.081226670583,20238.45569181811,21866.95022619609,22703.43932612792,18717.64017787697,24376.722706842687,18686.268926168916,21701.94811011082,18367.225558287682,23293.722974384273,23570.953589069846,23702.609544724666,20834.125582550998
17197.44823323718,23913.213769413676,25522.52264532949,23685.855669274977,22702.725387607174,23451.278302505114,20049.195891275045,18754.86320907434,24475.925225924388,23457.784632571904,11296.465796784218,25110.87040749192,22179.081226670583,20238.228147897,21866.95022619609,22703.43932612792,18717.64017787697,24376.722706842687,18243.293347553354,21701.94811011082,18367.225558287682,23293.722974384273,23570.953589069846,23702.609544724666,20834.125582550998
17150.851683184337,21347.49094195583,25522.52264532949,23685.855669274977,22702.725387607174,23451.278302505114,20049.195891275045,18634.536196932302,24475.925225924388,23457.784632571904,11296.465796784218,25110.87040749192,22177.416922036,20233.863518727023,21866.95022619609,22697.36394667987,18717.64017787697,24376.722706842687,18232.25384651015,21701.94811011082,18367.225558287682,23293.722974384273,23570.953589069846,23702.609544724666,20834.125582550998
17146.53543066077,21347.49094195583,25522.52264532949,23685.855669274977,22702.725387607174,23451.278302505114,20048.868408112765,18595.071835017898,24475.925225924388,23457.784632571904,11066.469064212983,25110.87040749192,22177.416922036,20233.863518727023,21866.95022619609,22697.36394667987,18717.64017787697,24376.722706842687,18232.25384651015,21701.94811011082,18367.225558287682,23293.722974384273,23570.953589069846,23702.609544724666,20822.63923068777
17146.53543066077,21347.49094195583,25522.52264532949,23685.855669274977,22702.725387607174,23451.278302505114,20048.868408112765,18595.071835017898,24475.925225924388,23457.784632571904,11066.469064212983,25110.87040749192,22177.416922036,20233.863518727023,21866.946894645556,22697.36394667987,18717.64017787697,24376.722706842687,18185.984356524466,21701.94811011082,18367.225558287682,23293.722974384273,23570.953589069846,23702.609544724666,20822.63923068777
17091.45531119499,21347.49094195583,25522.52264532949,23685.855669274977,22702.725387607174,23451.278302505114,20048.868408112765,18595.071835017898,24475.925225924388,23457.784632571904,11030.913573528946,25110.87040749192,22177.416922036,20233.863518727023,21866.946894645556,22697.36394667987,18717.64017787697,24376.722706842687,18185.984356524466,21701.94811011082,18367.225558287682,23293.722974384273,23570.953589069846,23702.609544724666,20822.63923068777
17051.146957910732,21347.49094195583,25522.52264532949,23685.855669274977,22702.725387607174,23451.278302505114,20048.868408112765,18595.071835017898,24475.925225924388,23457.784632571904,11030.913573528946,25110.87040749192,22177.416922036,20233.863518727023,21866.946894645556,22697.36394667987,18677.853760057405,24376.722706842687,18110.642855396363,21701.94811011082,18367.225558287682,23293.722974384273,23570.953589069846,23701.513293597516,20822.63923068777
17032.35798292003,21347.49094195583,25522.52264532949,23685.855669274977,22702.725387607174,23451.278302505114,20048.868408112765,18586.250277113828,24475.925225924388,23457.784632571904,10992.51593262338,25110.87040749192,22177.416922036,20233.863518727023,21866.865152983464,22697.36394667987,18677.853760057405,24376.722706842687,18110.642855396363,21701.94811011082,18367.225558287682,23293.722974384273,23570.953589069846,23701.513293597516,20821.0033190886
17032.35798292003,21329.846377987575,25522.52264532949,23685.855669274977,22702.725387607174,23451.278302505114,19059.02094181035,18579.43395627751,24475.925225924388,23457.784632571904,10987.23078933312,25110.87040749192,22177.416922036,20233.863518727023,21866.865152983464,22697.362682161114,18677.853760057405,24376.722706842687,18110.642855396363,21701.94811011082,18367.225558287682,23293.722974384273,23570.953589069846,23701.513293597516,20821.0033190886
17032.35798292003,21329.846377987575,25522.52264532949,23685.855669274977,22702.725387607174,23451.278302505114,19059.02094181035,18579.43395627751,24475.925225924388,23457.784632571904,10965.179986095969,25110.87040749192,22177.416922036,20233.863518727023,21866.7903196,22697.362682161114,18677.853760057405,24376.722706842687,17984.955904506358,21701.94811011082,18367.225558287682,23293.722974384273,23570.953589069846,23701.513293597516,20821.0033190886
17029.48362129083,21329.846377987575,25522.52264532949,23685.855669274977,22702.725387607174,23451.278302505114,19059.02094181035,18579.43395627751,24475.925225924388,23457.784632571904,10960.567303912583,25110.87040749192,22177.416922036,20233.863518727023,21866.7903196,22697.362682161114,18677.853760057405,24376.722706842687,17957.245498346547,21699.438985087007,18367.225558287682,23293.722974384273,23570.953589069846,23701.513293597516,20820.722083771332
17029.48362129083,21092.448427753672,25522.52264532949,23604.3644228292,22702.725387607174,23451.278302505114,19059.02094181035,18579.43395627751,24475.925225924388,23457.784632571904,10939.768841756733,25110.87040749192,22128.02266735814,20233.863518727023,21866.7903196,22697.362682161114,18648.843072285013,24376.722706842687,17824.06133222327,21690.35948018299,18367.225558287682,23293.722974384273,23570.953589069846,23701.513293597516,20501.317951731253
16965.143775364297,21092.448427753672,25522.52264532949,23604.3644228292,22702.725387607174,23451.278302505114,19059.02094181035,18579.43395627751,24475.925225924388,23457.784632571904,10931.918683251726,25110.87040749192,22128.02266735814,20233.863518727023,21866.7903196,22697.362682161114,18648.843072285013,24376.722706842687,17824.06133222327,21690.35948018299,18367.225558287682,23293.722974384273,23570.953589069846,23701.513293597516,20470.16283067656
16965.143775364297,21092.448427753672,25522.52264532949,23604.3644228292,22702.725387607174,23451.278302505114,19059.02094181035,18304.30848828849,24475.925225924388,23457.784632571904,10878.754995089472,25110.87040749192,22128.02266735814,20233.863518727023,21866.7903196,22697.325832056562,18623.958382853325,24376.722706842687,17824.06133222327,21690.35948018299,18367.225558287682,23293.722974384273,23570.953589069846,23701.513293597516,20470.16283067656
16965.143775364297,21092.448427753672,25522.52264532949,23604.3644228292,22702.725387607174,23451.278302505114,19059.02094181035,18138.120562442702,24475.925225924388,23457.784632571904,10844.402421165807,25110.87040749192,22128.02266735814,20233.863518727023,21866.7903196,22694.1312281638,18623.958382853325,24376.722706842687,17824.06133222327,21690.35948018299,18367.225558287682,23293.722974384273,23570.953589069846,23701.513293597516,20470.16283067656
16965.143775364297,21092.448427753672,25522.52264532949,23604.3644228292,22702.725387607174,23451.278302505114,19059.02094181035,18138.120562442702,24475.925225924388,23457.784632571904,10844.402421165807,25110.87040749192,22128.02266735814,20233.38569737558,21027.37367597886,22694.1312281638,18623.958382853325,24376.722706842687,17784.61966671646,21012.425131904372,18367.225558287682,23293.722974384273,23570.953589069846,23701.513293597516,20470.16283067656
16871.240467396547,21092.448427753672,25522.52264532949,23604.3644228292,22702.725387607174,23451.278302505114,18959.256662900094,18138.120562442702,24475.925225924388,23457.784632571904,10841.281611635644,25110.87040749192,22128.02266735814,20232.413043506243,21027.37367597886,22694.1312281638,18623.958382853325,24376.722706842687,17750.041024808917,20604.278913113703,18367.225558287682,23293.722974384273,23570.953589069846,23701.513293597516,20447.151789261028
16871.240467396547,21092.448427753672,25522.52264532949,23604.3644228292,22702.725387607174,23451.278302505114,18959.256662900094,17950.391872600183,24475.925225924388,23457.784632571904,10841.281611635644,25110.87040749192,22128.02266735814,20232.413043506243,21027.37367597886,22694.1312281638,18623.958382853325,24376.722706842687,17750.041024808917,20604.278913113703,18367.225558287682,23293.722974384273,23570.953589069846,23701.43821333659,20395.426223767492
16775.116108245446,21092.448427753672,25522.52264532949,23604.3644228292,22702.725387607174,23451.278302505114,18870.711991823868,17950.391872600183,24475.925225924388,23457.784632571904,10841.281611635644,25110.87040749192,22128.02266735814,20232.413043506243,21027.37367597886,22694.1312281638,18585.899050445987,24376.722706842687,17750.041024808917,20604.278913113703,18367.225558287682,23293.722974384273,23570.953589069846,23674.536997436626,20395.426223767492
16775.116108245446,21072.403756938606,25522.52264532949,23604.3644228292,22702.725387607174,23451.278302505114,18870.711991823868,17950.391872600183,24475.925225924388,23457.784632571904,10764.431966746277,25110.87040749192,22128.02266735814,20232.413043506243,21027.37367597886,22694.1312281638,18585.899050445987,24376.722706842687,17750.041024808917,19973.68484233716,18367.225558287682,23293.722974384273,23570.953589069846,23674.536997436626,20395.426223767492
16775.116108245446,21072.403756938606,25522.52264532949,23604.3644228292,22702.725387607174,23451.278302505114,18870.711991823868,17950.391872600183,24475.925225924388,23457.784632571904,10761.684554670988,25110.87040749192,22128.02266735814,20232.413043506243,21027.37367597886,22694.1312281638,18585.899050445987,24376.722706842687,17750.041024808917,19973.68484233716,18354.227873429594,23293.722974384273,23570.953589069846,23674.536997436626,19120.863722004648
16759.09848946275,21072.403756938606,25522.52264532949,23604.3644228292,22702.725387607174,23451.278302505114,18870.711991823868,17913.543914757516,24475.925225924388,23457.784632571904,10761.684554670988,25110.87040749192,22128.02266735814,20232.413043506243,21027.37367597886,22694.1312281638,18585.899050445987,24376.722706842687,17750.041024808917,19973.68484233716,18096.754495949175,23293.722974384273,23570.953589069846,23674.536997436626,18919.43274486051
16759.09848946275,21072.403756938606,25522.52264532949,23604.3644228292,22702.725387607174,23451.278302505114,18870.711991823868,17884.999404665916,24475.925225924388,23457.784632571904,10731.76372843322,25110.87040749192,22128.02266735814,20232.413043506243,21027.37367597886,22694.1312281638,18585.899050445987,24376.722706842687,17674.328769742315,19973.68484233716,17928.982930053146,23293.722974384273,23570.953589069846,23493.994223518013,18919.43274486051
16759.09848946275,21072.403756938606,25522.52264532949,23604.3644228292,22702.725387607174,23451.278302505114,18755.810549695892,17884.999404665916,24475.925225924388,23457.784632571904,10699.711751879593,25110.87040749192,22128.02266735814,20232.413043506243,21027.37367597886,22694.072569730015,18585.899050445987,24376.722706842687,17599.984486975605,19790.297775322244,17928.982930053146,23293.722974384273,23570.953589069846,23493.994223518013,18919.43274486051
16755.69278556159,21072.403756938606,25522.52264532949,23604.3644228292,22702.725387607174,23434.448695174127,18755.810549695892,17884.999404665916,24475.925225924388,23457.784632571904,10637.176869757972,25110.87040749192,22128.02266735814,20232.413043506243,21027.37367597886,22693.82149385098,18585.899050445987,24376.722706842687,17523.76226007623,19790.297775322244,17928.982930053146,23293.722974384273,23570.953589069846,23390.618801641936,18919.43274486051
16676.516580086696,21072.403756938606,25522.52264532949,23604.3644228292,22702.725387607174,23409.797662268164,18755.810549695892,17884.999404665916,24475.925225924388,23457.784632571904,10627.402262238567,25110.87040749192,22128.02266735814,20232.413043506243,21027.37367597886,22693.82149385098,18585.899050445987,24376.722706842687,17515.80964426486,19790.297775322244,17928.982930053146,23293.722974384273,22878.348946522852,23386.225708916714,18919.43274486051
16676.516580086696,21072.403756938606,25522.52264532949,23604.3644228292,22702.725387607174,23216.11577367716,18755.810549695892,17884.999404665916,24475.925225924388,23457.784632571904,10534.863312495381,25110.87040749192,22128.02266735814,20232.413043506243,21027.37367597886,22693.79719744832,18585.899050445987,24376.722706842687,17504.995523594866,19790.297775322244,17928.982930053146,23293.722974384273,22878.348946522852,23386.225708916714,18919.43274486051
16676.516580086696,21072.403756938606,25522.52264532949,23604.3644228292,22702.725387607174,23216.11577367716,18755.810549695892,17884.999404665916,24475.925225924388,23457.784632571904,10525.517458069291,25110.87040749192,22128.02266735814,20232.413043506243,21027.37367597886,22693.79719744832,18585.899050445987,24376.722706842687,17504.995523594866,19790.297775322244,17928.982930053146,23293.722974384273,22878.348946522852,23386.225708916714,18919.43274486051
16676.516580086696,21072.403756938606,25522.52264532949,23604.3644228292,22702.725387607174,23216.11577367716,18755.810549695892,17884.999404665916,24475.925225924388,23457.784632571904,10507.614016480587,25110.87040749192,22120.68059428724,20232.413043506243,21027.37367597886,22693.79719744832,18566.347635622875,24376.722706842687,17504.995523594866,19790.297775322244,17928.982930053146,23293.722974384273,22878.348946522852,23386.225708916714,18919.43274486051
16660.39041164093,21072.403756938606,25522.52264532949,23604.3644228292,22702.725387607174,23213.15228020348,18755.810549695892,17884.999404665916,24475.925225924388,23457.784632571904,10469.890096024505,25110.87040749192,22120.68059428724,20232.413043506243,21027.37367597886,22693.773499556784,18559.490504681864,24376.722706842687,17497.1976105286,19790.297775322244,17828.46366534875,23293.722974384273,22878.348946522852,23386.225708916714,18919.43274486051
16656.12969259537,21072.403756938606,25522.52264532949,23604.3644228292,22702.725387607174,23186.39220184114,18752.029309079546,17884.999404665916,24475.925225924388,23457.784632571904,10423.563338404678,25110.87040749192,22120.68059428724,20232.38165277532,21000.88655892848,22693.773499556784,18559.490504681864,24376.722706842687,17442.429903649823,19790.297775322244,17778.549967236435,23293.722974384273,22878.348946522852,23386.225708916714,18919.43274486051
16656.12969259537,21072.403756938606,25522.52264532949,23604.3644228292,22702.725387607174,23186.39220184114,18752.029309079546,17665.114699619095,24475.925225924388,22906.561598984244,10399.895385975811,25110.87040749192,22099.65754908307,20232.38165277532,21000.88655892848,22693.773499556784,18559.490504681864,24376.722706842687,17442.429903649823,19790.297775322244,17778.549967236435,23293.722974384273,22878.348946522852,23386.225708916714,18919.43274486051
16042.777013488165,21072.403756938606,25522.52264532949,23604.3644228292,22702.725387607174,23186.39220184114,18722.077578600052,17635.177496523385,24475.925225924388,22906.561598984244,10399.895385975811,25110.87040749192,22080.672559791794,20232.38165277532,21000.88655892848,22693.773499556784,18559.490504681864,24376.722706842687,17273.49473872311,19790.297775322244,17778.549967236435,23293.722974384273,22878.348946522852,23386.225708916714,18912.59691274565
16042.777013488165,21072.403756938606,25522.52264532949,23604.3644228292,22702.725387607174,23186.39220184114,18722.077578600052,17635.177496523385,24475.925225924388,22906.561598984244,10356.776403429521,25110.87040749192,22074.222034524926,20232.38165277532,21000.88655892848,22693.773499556784,18544.268672672497,24376.722706842687,17237.17165609302,19460.92747657488,17764.7334159513,23293.722974384273,22878.348946522852,23386.225708916714,18912.59691274565
16042.777013488165,21072.403756938606,25522.52264532949,23604.3644228292,22702.725387607174,23186.39220184114,18722.077578600052,17635.177496523385,24475.925225924388,22906.561598984244,10356.776403429521,25110.87040749192,22074.222034524926,20232.38165277532,21000.88655892848,22693.773499556784,18544.268672672497,24376.722706842687,17212.675690956174,19437.5361952635,17764.7334159513,23293.722974384273,22878.348946522852,23386.225708916714,18912.59691274565
16042.777013488165,21072.403756938606,25522.52264532949,23604.3644228292,22702.725387607174,23186.39220184114,18722.077578600052,17508.23747661391,24475.925225924388,22906.561598984244,10356.776403429521,25110.87040749192,22074.222034524926,20232.179451257605,21000.88655892848,22693.519895045225,18543.453472913836,24376.722706842687,17191.776536139256,19405.43509044157,17764.7334159513,23293.722974384273,22446.598184206752,23386.225708916714,18912.59691274565
15369.013436084213,21072.403756938606,25522.52264532949,23604.3644228292,22702.725387607174,23186.39220184114,18722.077578600052,17448.258375353944,24475.925225924388,22906.561598984244,10349.751247349865,25110.87040749192,22074.222034524926,20232.179451257605,21000.88655892848,22693.299617731005,18534.26729687166,24376.722706842687,17128.254099755624,19405.43509044157,17764.7334159513,23293.722974384273,22446.598184206752,23386.225708916714,18376.0384639204
15369.013436084213,21072.403756938606,25522.52264532949,23604.3644228292,22702.725387607174,23186.39220184114,18722.077578600052,17448.258375353944,24475.925225924388,22906.561598984244,10345.582741620234,25110.87040749192,22074.222034524926,20232.179451257605,21000.88655892848,22693.299617731005,18534.26729687166,24376.722706842687,17128.254099755624,19405.43509044157,17764.7334159513,23293.722974384273,22446.598184206752,23359.976746957105,18376.0384639204
15369.013436084213,21072.403756938606,25522.52264532949,23604.3644228292,22702.725387607174,23186.39220184114,18722.077578600052,17436.40550656683,24475.925225924388,22906.561598984244,10295.260245841877,25110.87040749192,22074.222034524926,20232.179451257605,21000.88655892848,22693.299617731005,18534.26729687166,24376.722706842687,17035.460280126103,19405.43509044157,17732.190803683952,23293.722974384273,22446.598184206752,23359.976746957105,18376.0384639204
15186.952508226463,21072.403756938606,25522.52264532949,23604.3644228292,22702.725387607174,23186.39220184114,18722.077578600052,17399.59496802381,24475.925225924388,22906.561598984244,10281.990107233323,25110.87040749192,22071.448390870788,20232.179451257605,21000.88655892848,22693.299617731005,18534.26729687166,24376.722706842687,17035.460280126103,19405.43509044157,17732.190803683952,23293.722974384273,22446.598184206752,23359.976746957105,18376.0384639204
15186.952508226463,21072.403756938606,25522.52264532949,23604.3644228292,22702.725387607174,23186.39220184114,18722.077578600052,17399.59496802381,24475.925225924388,22906.561598984244,10266.890289608786,25110.87040749192,22071.448390870788,20232.179451257605,21000.88655892848,22693.299617731005,18534.26729687166,24376.722706842687,17021.62362821963,19405.43509044157,17732.190803683952,23293.722974384273,22446.598184206752,23359.976746957105,18376.0384639204
14907.81036226722,21072.403756938606,25522.52264532949,23604.3644228292,22702.725387607174,23186.39220184114,18722.077578600052,17371.695560404303,24475.925225924388,22906.561598984244,10266.890289608786,25110.87040749192,22071.448390870788,20229.328806257465,21000.88655892848,22692.614347206512,18529.268891297852,24376.722706842687,17021.62362821963,19399.95905434651,17727.924208269305,23293.722974384273,22446.598184206752,23359.976746957105,18376.0384639204
14907.81036226722,21072.403756938606,25522.52264532949,23604.3644228292,22702.725387607174,23186.39220184114,18722.077578600052,17371.695560404303,24475.925225924388,22906.561598984244,10243.591144494243,25110.87040749192,21717.700363358465,20229.328806257465,21000.88655892848,22692.614347206512,18497.434530719216,24376.722706842687,16876.44763517575,19399.95905434651,17710.68121373901,23293.722974384273,22446.598184206752,23359.976746957105,18376.0384639204
14822.915273546114,21072.403756938606,25522.52264532949,23604.3644228292,22702.725387607174,23186.39220184114,18722.077578600052,17371.695560404303,24475.925225924388,22906.561598984244,10221.845519884868,25110.87040749192,21717.700363358465,20229.328806257465,21000.88655892848,22692.614347206512,18497.434530719216,24376.722706842687,16876.44763517575,19399.95905434651,17710.68121373901,23293.722974384273,22446.598184206752,23359.976746957105,18376.0384639204
14577.792415672891,21072.403756938606,25522.52264532949,23604.3644228292,22702.725387607174,23186.39220184114,18722.077578600052,17371.695560404303,24475.925225924388,22906.561598984244,10192.456810418153,25110.87040749192,21717.700363358465,20229.29469776066,21000.88655892848,22692.614347206512,18497.434530719216,24376.722706842687,16876.44763517575,19399.95905434651,17710.68121373901,23293.722974384273,22446.598184206752,23359.976746957105,18376.0384639204
14577.792415672891,21066.974142728795,25522.52264532949,23604.3644228292,22702.725387607174,23170.594227506717,18722.077578600052,17371.695560404303,24475.925225924388,22906.561598984244,10140.19596908585,25110.87040749192,21717.700363358465,20229.29469776066,21000.88655892848,22692.614347206512,18497.434530719216,24376.722706842687,16876.44763517575,19399.95905434651,17710.68121373901,23293.722974384273,22446.598184206752,23359.976746957105,18376.0384639204
13809.930090897014,21066.974142728795,25522.52264532949,23604.3644228292,22702.725387607174,23170.594227506717,18722.077578600052,17371.695560404303,24475.925225924388,22906.561598984244,10140.19596908585,25110.87040749192,21717.700363358465,20229.29469776066,21000.88655892848,22692.105807188073,18495.204937599283,24376.722706842687,16876.44763517575,19391.786725119277,17648.982170725154,23293.722974384273,22446.598184206752,23359.976746957105,18376.0384639204
13796.571499525075,21066.974142728795,25522.52264532949,23604.3644228292,22702.725387607174,23170.594227506717,18722.077578600052,17371.695560404303,24475.925225924388,22906.561598984244,10115.40641997836,25110.87040749192,21717.700363358465,20229.29469776066,20981.5873668257,22692.105807188073,18471.01802746985,24376.722706842687,16781.552896531968,19381.912989290704,17648.982170725154,23293.722974384273,22446.598184206752,23359.976746957105,18376.0384639204
13545.03036563106,21010.40209999178,25522.52264532949,23604.3644228292,22702.725387607174,23170.594227506717,18722.077578600052,17344.998810813944,24475.925225924388,22906.561598984244,10054.004361567117,25110.87040749192,21717.700363358465,20229.29469776066,20981.5873668257,22692.105807188073,18471.01802746985,24376.722706842687,16680.86024245142,19315.70185405455,17640.28378022666,23293.722974384273,22446.598184206752,23359.976746957105,18376.0384639204
13545.03036563106,21010.40209999178,25522.52264532949,23604.3644228292,22702.725387607174,23170.594227506717,18722.077578600052,17336.225800545286,24475.925225924388,22906.561598984244,9923.183810683127,25110.87040749192,21717.700363358465,20229.29469776066,20981.5873668257,22692.093118294866,18471.01802746985,24376.722706842687,16634.819327716916,19315.70185405455,17640.28378022666,23293.722974384273,22446.598184206752,23358.82326311002,18376.0384639204
13545.03036563106,21010.40209999178,25522.52264532949,23604.3644228292,22702.725387607174,23170.594227506717,18722.077578600052,17336.225800545286,24475.925225924388,22906.561598984244,9921.243294848631,25110.87040749192,21717.700363358465,20229.29469776066,20981.5873668257,22692.093118294866,18296.737364178647,24376.722706842687,16634.819327716916,19314.036061770665,17640.28378022666,23293.722974384273,22446.598184206752,23358.82326311002,18367.994761431226
13383.554597348964,21010.40209999178,25522.52264532949,23604.3644228292,22702.725387607174,23170.594227506717,18722.077578600052,17336.225800545286,24475.925225924388,22906.561598984244,9916.914576391646,24508.408267717685,21717.700363358465,20229.29469776066,20981.5873668257,22692.093118294866,18296.737364178647,24376.722706842687,16622.585347040633,19314.036061770665,17640.28378022666,23293.722974384273,22446.598184206752,23358.82326311002,18367.994761431226
13335.76849920466,21010.40209999178,25522.52264532949,23604.3644228292,22702.725387607174,23170.594227506717,18722.077578600052,17336.225800545286,24475.925225924388,22906.561598984244,9836.440921948968,24508.408267717685,21426.868327150252,20229.29469776066,20981.5873668257,22692.04700411041,18185.3359396115,24376.722706842687,16622.585347040633,19314.036061770665,17636.93094718332,23293.722974384273,22446.598184206752,23358.82326311002,18367.994761431226
13335.76849920466,21010.40209999178,25522.52264532949,23604.3644228292,22702.725387607174,23170.594227506717,17834.479965432172,17336.225800545286,24475.925225924388,22906.561598984244,9727.897797206882,24508.408267717685,21426.868327150252,20229.29469776066,20981.5873668257,22692.04700411041,18185.3359396115,24376.722706842687,16622.585347040633,19300.983137864445,17636.93094718332,23293.722974384273,22446.598184206752,23358.82326311002,18367.994761431226
13313.36855029222,21010.40209999178,25522.52264532949,23604.3644228292,22702.725387607174,23170.594227506717,17834.479965432172,17336.225800545286,24475.925225924388,22906.561598984244,9727.897797206882,24508.408267717685,21426.868327150252,20229.225106295824,20981.5873668257,22692.04700411041,18185.3359396115,24376.722706842687,16616.318008058206,19300.809775501377,17636.93094718332,23293.722974384273,22446.598184206752,23358.82326311002,18367.994761431226
12905.054118494543,20937.718828270208,25522.52264532949,23604.3644228292,22702.725387607174,23170.594227506717,17834.479965432172,17336.225800545286,24475.925225924388,22906.561598984244,9671.091382671853,24508.408267717685,21426.868327150252,20228.887212887515,20973.837848674735,22692.04700411041,18185.3359396115,24376.722706842687,16586.269074178283,19300.682497039867,17636.93094718332,23293.722974384273,22446.598184206752,23358.82326311002,18367.994761431226
12710.801739559101,20937.718828270208,25522.52264532949,23604.3644228292,22702.725387607174,23170.594227506717,17834.479965432172,17336.225800545286,24475.925225924388,22906.561598984244,9596.666790970798,24508.408267717685,21399.486521889885,20228.887212887515,20973.837848674735,22692.04700411041,18185.3359396115,24376.722706842687,16562.304849675664,19283.02608667514,17079.007038680378,23293.722974384273,22446.598184206752,23358.82326311002,18367.994761431226
12710.801739559101,20937.718828270208,25522.52264532949,23604.3644228292,22702.725387607174,23170.594227506717,17834.479965432172,17336.225800545286,24475.925225924388,22906.561598984244,9586.607165385685,24508.408267717685,21399.486521889885,20228.887212887515,20959.899702877752,22692.04700411041,18117.4471483588,24376.722706842687,16562.304849675664,19283.02608667514,17079.007038680378,23293.722974384273,22446.598184206752,23358.82326311002,18367.994761431226
12629.590576368504,20937.718828270208,25522.52264532949,23604.3644228292,22702.725387607174,23170.594227506717,17754.737137784607,17336.225800545286,24475.925225924388,22906.561598984244,9561.429180198465,24508.408267717685,21399.486521889885,20228.88612924545,20959.899702877752,22692.04700411041,18117.4471483588,24376.722706842687,16562.304849675664,19283.02608667514,17079.007038680378,23293.722974384273,22446.598184206752,23358.82326311002,18367.994761431226
12347.544432968607,20937.718828270208,25522.52264532949,23604.126404322364,22702.725387607174,23170.594227506717,17754.737137784607,17336.225800545286,24475.925225924388,22906.561598984244,9554.59583541497,24508.408267717685,21399.486521889885,20228.88612924545,20959.899702877752,22692.04700411041,18117.4471483588,24376.722706842687,16533.24517955404,19264.93635489549,17079.007038680378,23293.722974384273,22446.598184206752,23358.82326311002,18367.994761431226
12218.504510222952,20898.491861331342,25522.52264532949,23604.126404322364,22702.725387607174,23170.1255199262,17754.737137784607,17332.688166298987,24475.925225924388,22906.561598984244,9554.59583541497,24508.408267717685,21399.486521889885,20228.88612924545,20959.899702877752,22692.04700411041,18117.4471483588,24376.722706842687,16508.59984648206,19264.93635489549,17056.797930193417,23293.722974384273,22446.598184206752,23358.82326311002,18367.994761431226
12218.504510222952,20898.491861331342,25522.52264532949,23604.126404322364,22697.1653662428,23164.393937793342,17754.737137784607,17332.688166298987,24475.925225924388,22906.561598984244,9534.186776236143,24508.408267717685,21399.486521889885,20228.88612924545,20957.956599395064,22692.04700411041,18117.4471483588,24376.722706842687,16486.784215873402,19261.02588316625,17056.797930193417,23293.722974384273,22446.598184206752,23358.82326311002,18367.994761431226
12167.492616926374,20898.491861331342,25522.52264532949,23604.126404322364,22697.1653662428,23164.393937793342,17754.737137784607,17332.688166298987,24475.925225924388,22906.561598984244,9534.186776236143,24508.408267717685,21399.486521889885,20228.88612924545,20954.511468016226,22692.04700411041,18117.4471483588,24376.722706842687,16486.784215873402,19261.02588316625,17056.797930193417,23293.722974384273,22446.598184206752,23358.82326311002,18367.994761431226
12008.224495558075,20898.491861331342,25522.52264532949,23604.126404322364,22697.1653662428,23164.393937793342,17754.737137784607,17332.688166298987,24475.925225924388,22906.561598984244,9522.549059348734,24508.408267717685,21399.486521889885,20228.88612924545,20954.511468016226,22692.04700411041,18115.091727155344,24376.722706842687,16486.784215873402,19261.02588316625,16906.674697632385,23293.722974384273,22446.598184206752,23358.82326311002,18367.994761431226
11984.475420087107,20898.491861331342,25522.52264532949,23604.126404322364,22697.1653662428,23164.393937793342,17754.737137784607,17332.688166298987,23245.922000108803,22906.561598984244,9453.976197351709,24508.408267717685,21396.245544976944,20228.873936173266,20954.511468016226,22692.03375326588,18115.091727155344,24376.722706842687,16427.30355154451,19261.02588316625,16898.529887999815,23293.722974384273,22446.598184206752,23358.82326311002,18367.994761431226
11807.662443460373,20898.491861331342,25522.52264532949,23604.126404322364,22697.1653662428,23164.393937793342,17754.737137784607,16859.42540333504,23245.922000108803,22906.561598984244,9453.976197351709,24508.408267717685,21396.245544976944,20228.873936173266,20954.511468016226,22692.03375326588,18115.091727155344,24376.722706842687,16377.296767182288,19261.02588316625,16789.171140447546,23293.722974384273,22418.68412538558,23358.82326311002,18367.994761431226
11529.714555397655,20898.491861331342,25522.52264532949,23604.126404322364,22697.1653662428,23164.393937793342,17754.737137784607,16859.42540333504,23245.922000108803,22906.561598984244,9453.976197351709,24508.408267717685,21396.245544976944,20228.873936173266,20953.81101288689,22692.03375326588,18105.39121745657,24376.722706842687,16232.448172774519,19256.898701287962,16777.780370617675,23293.722974384273,22418.68412538558,23358.82326311002,18367.994761431226
11468.857843179605,20898.491861331342,25522.52264532949,23604.126404322364,22697.1653662428,23164.393937793342,17754.737137784607,16859.42540333504,23245.922000108803,22906.561598984244,9453.976197351709,24508.408267717685,21396.245544976944,20228.873593380285,20953.81101288689,22692.03375326588,18105.39121745657,24376.722706842687,16232.448172774519,19256.898701287962,16777.780370617675,23293.722974384273,22418.68412538558,23358.82326311002,18367.994761431226
11415.668156452022,20898.491861331342,25522.52264532949,23604.126404322364,22697.1653662428,23164.393937793342,17722.135189559474,16859.42540333504,23245.922000108803,22906.561598984244,9447.91027107623,24508.408267717685,21396.245544976944,20228.83867627708,20953.754257453234,22692.015163956225,18105.39121745657,24376.722706842687,16226.124251101646,19256.898701287962,16777.780370617675,23293.722974384273,20258.33983121601,23358.794015808944,18365.612259269747
11257.915528355908,20879.528704898858,25522.52264532949,23603.508578646964,22697.1653662428,23164.393937793342,17669.756649956926,16859.42540333504,23245.922000108803,22906.561598984244,9438.91377695054,24508.408267717685,21396.245544976944,20228.83867627708,20952.29487370538,22692.015163956225,18105.39121745657,24376.722706842687,16104.892797841618,19256.898701287962,16777.780370617675,23293.722974384273,20258.33983121601,23358.1756136808,18365.612259269747
11257.915528355908,20879.528704898858,25405.594946163194,23603.508578646964,22697.1653662428,23164.393937793342,17669.756649956926,16859.42540333504,23245.922000108803,22906.561598984244,9437.541384761309,24508.408267717685,21396.245544976944,20228.83867627708,20952.29487370538,22692.015163956225,18104.83035634464,24376.722706842687,16093.813644851725,19256.898701287962,16777.780370617675,23293.722974384273,20258.33983121601,23358.1756136808,18365.612259269747
11159.167231003368,20879.528704898858,25405.594946163194,23603.508578646964,22697.1653662428,23164.393937793342,17669.756649956926,16859.42540333504,23245.922000108803,22906.561598984244,9434.765196491775,24508.408267717685,21396.245544976944,20228.83867627708,20952.29487370538,22692.005922854558,18004.19471633661,24376.722706842687,16033.101526090224,19256.898701287962,16777.780370617675,22724.752652640094,20258.33983121601,23358.1756136808,18365.612259269747
11039.049854684145,20879.528704898858,25405.594946163194,23603.508578646964,22697.1653662428,23164.393937793342,17669.756649956926,16859.42540333504,23245.922000108803,22906.561598984244,9432.692388684496,24508.408267717685,21396.245544976944,20228.83867627708,20952.161223692736,22692.005922854558,18004.19471633661,24376.722706842687,16033.101526090224,19254.57400665574,16777.576146817693,22724.752652640094,20258.33983121601,23358.1756136808,18365.612259269747
11039.049854684145,20879.528704898858,25405.594946163194,23603.508578646964,22697.1653662428,23164.393937793342,17669.756649956926,16821.671895265445,23245.922000108803,22906.561598984244,9431.70578700384,24508.408267717685,21396.245544976944,20228.83867627708,20952.161223692736,22692.005922854558,17912.61820504392,23876.456406623594,16015.569819264107,19254.57400665574,16749.073652398267,22724.752652640094,20258.33983121601,23358.1756136808,18363.73421712053
10900.509529460633,20879.528704898858,25405.594946163194,23603.508578646964,22697.1653662428,23164.393937793342,17669.756649956926,16821.671895265445,23245.922000108803,22906.561598984244,9426.266228561923,24508.408267717685,21396.245544976944,20228.83239723928,20952.161223692736,22692.005922854558,17912.61820504392,23876.456406623594,15976.783624435866,19254.57400665574,16749.073652398267,22724.752652640094,20258.33983121601,23358.1756136808,18363.73421712053
10819.257681748499,20879.528704898858,25405.594946163194,23603.508578646964,22697.1653662428,23164.393937793342,17669.756649956926,16821.671895265445,23245.922000108803,22906.561598984244,9426.266228561923,24508.408267717685,21396.245544976944,20228.83239723928,20952.161223692736,22692.005922854558,17912.61820504392,23876.456406623594,15976.783624435866,19254.57400665574,16749.073652398267,22724.752652640094,20258.33983121601,23354.60101000961,18363.73421712053
10782.42047969388,20879.528704898858,25405.594946163194,23603.508578646964,22697.1653662428,23164.393937793342,17669.756649956926,16814.17527672909,23245.922000108803,22906.561598984244,9408.596727395845,24508.408267717685,21396.245544976944,20228.83239723928,20952.161223692736,21545.259127998852,17912.61820504392,23876.456406623594,15948.159938922632,18961.663442605506,16749.073652398267,22724.752652640094,20258.33983121601,23354.60101000961,18363.73421712053
10487.56796961531,20879.528704898858,25405.594946163194,23603.508578646964,22697.1653662428,23164.393937793342,17658.22529232339,16806.692523129335,23245.922000108803,22906.561598984244,9408.596727395845,24508.408267717685,21394.721787663904,20228.83239723928,20952.161223692736,21545.259127998852,17912.61820504392,23876.456406623594,15915.765559106127,18938.94275879016,16749.073652398267,22724.752652640094,20258.33983121601,23354.60101000961,18363.73421712053
10487.56796961531,20877.24709483067,25405.594946163194,23603.508578646964,22697.1653662428,23164.393937793342,17658.22529232339,16799.648302871614,23245.922000108803,22906.561598984244,9405.374751586365,24508.408267717685,21394.721787663904,20228.83239723928,20952.161223692736,21545.259127998852,17903.332428898666,23876.456406623594,15907.365362710574,18546.220036229584,16749.073652398267,22724.752652640094,20258.33983121601,23354.60101000961,18363.73421712053
10365.141882499705,20877.24709483067,25405.594946163194,23603.508578646964,22697.1653662428,23164.393937793342,17653.713724246732,16799.648302871614,23245.922000108803,22906.561598984244,9405.374751586365,24508.408267717685,21394.721787663904,20228.83239723928,20952.161223692736,21458.678854254264,17899.75524646411,23876.456406623594,15899.012290128081,18546.220036229584,16749.073652398267,22724.752652640094,20258.33983121601,23354.60101000961,18363.73421712053
10267.743352004465,20877.24709483067,25405.594946163194,23603.508578646964,22697.1653662428,23164.393937793342,17653.713724246732,16767.915020698714,23245.922000108803,22906.561598984244,9393.144599461979,24508.408267717685,21394.721787663904,20228.83239723928,20951.946430050735,21458.678854254264,17899.75524646411,23876.456406623594,15859.463803826926,18538.84225701576,16749.073652398267,22724.752652640094,20258.33983121601,23354.60101000961,18363.73421712053
9949.652164907995,20872.303102790076,25405.594946163194,23603.508578646964,22697.1653662428,23164.393937793342,17653.713724246732,16764.7207198477,23245.922000108803,22906.561598984244,9393.144599461979,24508.408267717685,21394.721787663904,20228.83239723928,20951.946430050735,21458.678854254264,17899.75524646411,23876.456406623594,15859.463803826926,18538.84225701576,16749.073652398267,22724.752652640094,20258.33983121601,23354.60101000961,18341.481373116138
9949.652164907995,20872.303102790076,25405.594946163194,23603.508578646964,22697.1653662428,23152.488722816757,17653.713724246732,16764.7207198477,23245.922000108803,22906.561598984244,9392.846077023372,24508.408267717685,21394.721787663904,20228.83239723928,20744.572365653894,21389.093147145195,17899.75524646411,23876.456406623594,15859.463803826926,18489.66808014628,16734.792750293855,22724.752652640094,20258.33983121601,23354.60101000961,18341.481373116138
9843.854938182609,20872.303102790076,25405.594946163194,23603.508578646964,22697.1653662428,23152.488722816757,17653.713724246732,16764.7207198477,23245.922000108803,22906.561598984244,9387.776180375135,24508.408267717685,21394.721787663904,20228.83239723928,20744.572365653894,21389.093147145195,17899.75524646411,23876.456406623594,15859.463803826926,18489.66808014628,16728.51892779691,22724.752652640094,20258.33983121601,23354.60101000961,18341.481373116138
9843.854938182609,20872.303102790076,25405.594946163194,23603.508578646964,22697.1653662428,23152.488722816757,17652.178913406864,16755.346692324027,23245.922000108803,22906.561598984244,9387.776180375135,24508.408267717685,21394.721787663904,20228.83239723928,20676.96999257174,21388.589113393777,17899.75524646411,23876.456406623594,15835.044862779047,18489.66808014628,16705.05379171207,22724.752652640094,20258.33983121601,23354.60101000961,18334.723541818603
9759.86705932174,20872.303102790076,25405.594946163194,23603.508578646964,22697.1653662428,23147.3882585646,17652.178913406864,16755.346692324027,23245.922000108803,22906.561598984244,9382.816147076323,24508.408267717685,21394.721787663904,20228.83239723928,20676.96999257174,21388.589113393777,17899.75524646411,23876.456406623594,15835.044862779047,18489.66808014628,16690.730142190758,22724.752652640094,20258.33983121601,23354.60101000961,18334.723541818603
9759.86705932174,20872.303102790076,25405.594946163194,23603.508578646964,22697.1653662428,23147.3882585646,17648.145404562543,16744.119111116484,23245.922000108803,22906.561598984244,9382.499655334293,24508.408267717685,21394.721787663904,20228.830172284957,20676.96999257174,21388.589113393777,17899.75524646411,23876.456406623594,15816.309508260645,18489.66808014628,16687.276620222245,22724.752652640094,20258.33983121601,23354.60101000961,18334.723541818603
9759.86705932174,20872.303102790076,25405.594946163194,23603.508578646964,22697.1653662428,23147.3882585646,17648.145404562543,16744.119111116484,23245.922000108803,22906.561598984244,9381.567122091976,24508.408267717685,21394.721787663904,20228.82953969205,20676.96999257174,21380.96640257878,17899.75524646411,23876.456406623594,15813.501773488042,18489.66808014628,16687.276620222245,22724.752652640094,20258.33983121601,23354.60101000961,18334.6304721542
9626.052799075725,20872.303102790076,25405.594946163194,23602.54317762365,22697.1653662428,23147.3882585646,17648.145404562543,16744.119111116484,23245.922000108803,22906.561598984244,9381.567122091976,24508.408267717685,21394.721787663904,20228.82953969205,20676.96999257174,21380.96640257878,17899.75524646411,23876.456406623594,15800.631523440567,18488.711953448856,16687.276620222245,22724.752652640094,20258.33983121601,23354.60101000961,18334.6304721542
9626.052799075725,20870.855569990643,25405.594946163194,23602.54317762365,22697.1653662428,23068.454812485877,17648.145404562543,16744.119111116484,23245.922000108803,22906.561598984244,9381.567122091976,24508.408267717685,21394.721787663904,20228.82729758232,20676.96999257174,21380.96640257878,17899.75524646411,23876.456406623594,15781.393469942483,18458.158900470342,16687.276620222245,22724.752652640094,20258.33983121601,23354.60101000961,18328.085709024854
9626.052799075725,20870.855569990643,25405.594946163194,23602.54317762365,22697.1653662428,23056.26024623451,17648.145404562543,16738.503300451444,23245.922000108803,22906.561598984244,9372.01132460375,24508.408267717685,21394.721787663904,20228.82729758232,20445.82576077426,21380.96640257878,17899.75524646411,23876.456406623594,15751.02029701331,18451.046816255166,16659.493557919508,22724.752652640094,20258.33983121601,23354.60101000961,18324.532847676834
9428.61386308277,20870.855569990643,25405.594946163194,23602.54317762365,22697.1653662428,23056.26024623451,17648.145404562543,16738.503300451444,23245.922000108803,22906.561598984244,9366.14621302949,24508.408267717685,21394.721787663904,20228.825269937806,20416.358628036844,21351.60836974698,17600.349369928565,23876.456406623594,15751.02029701331,18451.046816255166,16659.493557919508,22724.752652640094,20258.33983121601,23354.60101000961,18323.88820808907
9428.61386308277,20870.855569990643,25405.594946163194,23602.54317762365,22697.1653662428,23056.26024623451,17648.145404562543,16738.503300451444,23245.922000108803,22906.561598984244,9365.051579665269,24508.408267717685,21394.721787663904,20228.825269937806,20416.358628036844,21351.60836974698,17600.349369928565,23876.456406623594,15751.02029701331,18432.005737157597,16659.493557919508,22724.752652640094,20258.33983121601,23354.60101000961,18323.283650699126
9428.61386308277,20870.855569990643,25405.594946163194,23602.54317762365,22697.1653662428,23056.26024623451,17648.145404562543,16449.301740314542,23245.922000108803,22906.561598984244,9365.051579665269,24508.408267717685,21394.721787663904,20228.825269937806,20416.358628036844,21339.837727141425,17600.349369928565,23876.456406623594,15734.57191536923,18342.80795203556,16659.493557919508,22724.752652640094,20258.33983121601,23354.60101000961,18323.283650699126
9428.61386308277,20870.855569990643,25405.594946163194,23601.295420850307,22697.1653662428,23056.26024623451,17648.145404562543,16309.483914461925,23245.922000108803,22906.561598984244,9336.35356341159,24508.408267717685,21394.721787663904,20120.82581133354,20416.358628036844,21282.00788506958,17600.349369928565,23876.456406623594,15725.856593998007,18342.80795203556,16621.940555104207,22724.752652640094,20258.33983121601,23354.60101000961,18323.283650699126
9414.499944863273,20870.855569990643,25405.594946163194,23601.295420850307,22697.1653662428,23056.26024623451,17648.145404562543,16309.483914461925,23245.922000108803,22906.561598984244,9336.35356341159,24508.408267717685,21394.721787663904,20120.82581133354,20387.006628325966,21282.00788506958,17600.349369928565,23876.456406623594,15704.223664053305,18342.80795203556,16621.940555104207,22703.474653583224,20258.33983121601,23349.838748888204,18323.283650699126
9334.505992729522,20870.855569990643,25405.594946163194,23601.295420850307,22697.1653662428,23056.26024623451,17648.145404562543,16138.2795851667,23245.922000108803,22906.561598984244,9336.35356341159,24508.408267717685,21394.721787663904,20120.82581133354,20112.463677741987,21265.929282658788,17519.096478465945,23876.456406623594,15704.223664053305,18342.80795203556,16621.940555104207,22703.474653583224,20258.33983121601,23349.838748888204,18323.283650699126
9334.505992729522,20870.855569990643,25405.594946163194,23601.295420850307,22697.1653662428,23056.26024623451,17646.68208991989,16138.2795851667,23245.922000108803,22906.561598984244,9336.35356341159,24508.408267717685,21394.721787663904,20120.82581133354,20112.463677741987,21265.929282658788,17519.096478465945,23876.456406623594,15694.246198862289,18342.80795203556,16621.940555104207,22703.474653583224,20258.33983121601,23349.838748888204,18323.283650699126
9324.43593086597,20870.855569990643,25405.594946163194,23601.295420850307,22697.1653662428,23056.26024623451,17646.68208991989,16138.2795851667,23245.922000108803,22906.561598984244,9336.35356341159,24508.408267717685,21394.721787663904,20120.82581133354,20112.463677741987,21265.929282658788,17500.42256766718,23876.456406623594,15694.246198862289,18316.43028993222,16621.940555104207,22696.035081689864,20258.33983121601,23349.838748888204,18323.283650699126
9291.097481274686,20869.10583739793,25405.594946163194,23601.295420850307,22697.1653662428,23056.26024623451,17646.68208991989,16138.2795851667,23245.922000108803,22906.561598984244,9323.188389139643,24508.408267717685,21394.721787663904,20120.82581133354,20112.463677741987,21004.576958229634,17500.42256766718,23876.456406623594,15694.246198862289,18316.43028993222,16621.940555104207,22696.035081689864,20258.33983121601,23349.838748888204,18323.283650699126
9247.543945805606,20869.10583739793,25405.594946163194,23601.295420850307,22697.1653662428,23056.26024623451,17646.68208991989,16138.2795851667,23245.922000108803,22906.561598984244,9320.891211659851,24508.408267717685,21394.721787663904,20120.82581133354,20108.481700761564,21004.576958229634,17500.42256766718,23876.456406623594,15664.410283271252,18316.43028993222,16621.940555104207,22696.035081689864,20258.33983121601,23349.838748888204,18323.283650699126
9247.543945805606,20868.872108546842,24991.86004547555,23601.295420850307,22697.1653662428,23056.26024623451,17646.68208991989,16137.561546640063,23245.922000108803,22906.561598984244,9192.69264064917,24508.408267717685,21394.721787663904,20120.82581133354,20108.481700761564,20944.477513848855,17500.42256766718,23876.456406623594,15661.899688957317,18310.317823142115,16621.940555104207,22696.035081689864,20258.33983121601,23349.838748888204,18323.283650699126
9228.32989122426,20868.872108546842,24991.86004547555,23601.295420850307,22697.165260427577,23056.26024623451,17646.68208991989,16137.561546640063,23245.922000108803,22906.561598984244,9191.674992946806,24508.408267717685,21394.721787663904,20051.203553051084,20108.481700761564,20944.477513848855,17500.42256766718,23876.456406623594,15658.85703485037,18310.317823142115,16621.940555104207,22696.035081689864,20258.33983121601,23349.838748888204,18323.283650699126
9224.279001461124,20868.872108546842,24991.86004547555,23601.295420850307,22697.165196804657,23056.26024623451,17646.423676668637,16137.561546640063,23245.922000108803,22906.561598984244,9191.674992946806,24508.408267717685,21394.721787663904,20033.56680414725,20094.785279549527,20944.477513848855,17500.42256766718,23876.456406623594,15658.62347089046,18308.627183121323,16621.940555104207,22696.035081689864,20258.33983121601,23349.838748888204,18323.245247821134
9110.183152721744,20868.872108546842,24991.86004547555,23601.295420850307,22697.165196804657,23056.26024623451,17646.423676668637,16134.773954900222,23245.922000108803,22906.561598984244,9126.518085320604,24508.408267717685,21394.721787663904,20032.39375750054,20094.785279549527,20943.191611130937,17500.42256766718,23876.456406623594,15629.50808454708,18308.627183121323,16620.73800765528,22696.035081689864,20258.33983121601,23349.838748888204,18323.245247821134
9110.183152721744,20868.681103590974,24991.86004547555,23601.295420850307,22697.165196804657,23055.91236470383,17646.423676668637,16134.773954900222,23245.922000108803,22906.561598984244,9088.920487181982,24508.408267717685,21394.721787663904,20032.39375750054,20091.876007996012,20943.191611130937,17494.395798072623,23876.456406623594,15616.679602730928,18292.15084109742,16620.73800765528,22696.035081689864,20258.33983121601,23349.838748888204,18323.245247821134
9110.183152721744,20868.681103590974,24991.86004547555,23601.295420850307,22697.165196804657,23055.91236470383,17646.423676668637,16134.773954900222,23245.922000108803,22906.561598984244,9088.920487181982,24508.408267717685,21394.721787663904,20032.39375750054,20091.876007996012,20941.054842139336,17494.395798072623,23876.456406623594,15608.919924619131,18292.15084109742,16620.73800765528,22696.035081689864,20258.33983121601,23349.70498846083,18323.245247821134
9099.32519739672,20868.681103590974,24991.86004547555,23601.295420850307,22697.165196804657,23055.91236470383,17646.423676668637,16134.773954900222,23245.922000108803,22906.561598984244,9000.608591975491,24508.408267717685,21394.721787663904,20032.39375750054,20091.876007996012,20940.811148711433,17494.395798072623,23876.456406623594,15584.46761478723,18290.63194930565,16620.73800765528,22696.035081689864,20258.33983121601,23349.70498846083,18323.245247821134
9004.222614050326,20868.681103590974,24991.86004547555,23601.295420850307,22697.164920699153,23055.91236470383,17646.423676668637,16134.773954900222,23245.922000108803,22906.561598984244,8994.691273687138,24508.408267717685,21394.721787663904,20026.691977787257,20066.224989946582,20910.40031495056,17494.395798072623,23876.456406623594,15584.46761478723,18290.63194930565,16620.73800765528,22696.035081689864,20258.33983121601,23349.70498846083,18323.245247821134
8915.6613438083,20868.681103590974,24991.86004547555,23601.295420850307,22697.164920699153,23055.91236470383,17646.423676668637,16134.773954900222,23245.922000108803,22906.561598984244,8929.623780666632,24508.408267717685,21391.98737707488,20026.691977787257,20066.224989946582,20897.977014063355,17494.395798072623,23876.456406623594,15549.238498194401,18290.63194930565,16620.73800765528,22696.035081689864,20258.33983121601,23349.70498846083,18323.245247821134
8838.762853586748,20868.681103590974,24991.86004547555,23601.295420850307,22697.164920699153,23055.91236470383,17646.423676668637,16134.773954900222,23245.922000108803,22906.561598984244,8929.307488114573,24508.408267717685,21391.98737707488,20018.732844352402,20064.307563507125,20890.70388478072,17494.395798072623,23876.456406623594,15549.238498194401,18290.63194930565,16620.572647154517,22696.035081689864,20258.33983121601,23349.70498846083,18323.245247821134
8708.198490663737,20868.681103590974,24991.86004547555,23601.295420850307,22697.164920699153,23045.983230174184,17646.423676668637,16134.773954900222,23245.922000108803,22906.561598984244,8721.546380655003,24508.408267717685,21391.98737707488,20018.732844352402,20064.307563507125,20890.70388478072,17493.870307945414,23876.456406623594,15549.238498194401,18278.39574506748,16611.369309772257,22696.035081689864,20258.33983121601,23349.70498846083,18323.245247821134
8609.876251144684,20868.681103590974,24991.86004547555,23601.295420850307,22697.164920699153,23045.983230174184,17624.086887970723,16134.773954900222,23245.922000108803,22906.561598984244,8716.388289259135,24508.408267717685,21391.98737707488,20018.732844352402,20064.307563507125,20890.70388478072,17493.870307945414,23876.456406623594,15542.491395861227,18278.39574506748,16598.18605635046,22696.035081689864,20258.33983121601,21511.732599561597,18323.245247821134
8609.876251144684,20868.681103590974,24991.86004547555,23601.295420850307,22697.164920699153,23045.983230174184,17624.086887970723,16134.773954900222,23245.922000108803,22906.561598984244,8687.092001483354,24508.408267717685,21391.98737707488,20008.611243252617,20058.866919313223,20887.78629837162,17493.870307945414,23876.456406623594,15542.491395861227,18278.39574506748,16594.21746682947,22696.035081689864,20258.33983121601,21511.732599561597,18323.245247821134
8511.199533304265,20868.681103590974,24991.86004547555,23601.295420850307,22697.164897657196,23045.983230174184,17623.233365089967,16133.531029753474,23245.922000108803,22906.561598984244,8480.723998137859,24508.408267717685,21391.98737707488,19995.192278672905,20058.120765071868,20861.29493541817,17444.300315236564,23876.456406623594,15518.667035448314,18263.204702159608,16594.21746682947,22696.035081689864,20258.33983121601,21511.732599561597,18323.245247821134
8498.392208520956,20868.681103590974,24991.86004547555,23601.295420850307,22697.163169409137,23044.316082667123,17623.233365089967,16132.896034563779,23245.922000108803,22906.561598984244,8371.34131643924,24508.408267717685,21391.98737707488,19995.192278672905,20058.120765071868,20844.780061221685,17397.892229203717,23876.456406623594,15500.90154516149,18263.204702159608,16594.21746682947,22696.035081689864,20258.33983121601,21511.732599561597,18323.245247821134
8498.392208520956,20868.63488502242,24991.86004547555,23601.295420850307,22697.163169409137,23044.316082667123,17621.25634457993,16131.940850178158,23245.922000108803,22906.561598984244,8304.167319251006,24508.408267717685,21391.98737707488,19995.192278672905,20047.004749926575,20844.780061221685,17397.892229203717,23876.456406623594,15493.482887118065,18263.204702159608,16584.116508919135,22696.035081689864,20258.33983121601,21511.732599561597,18323.245247821134
8498.158466887653,20868.63488502242,24991.86004547555,23601.295420850307,22697.163169409137,23044.316082667123,17621.25634457993,16131.940850178158,23245.922000108803,22906.561598984244,8304.167319251006,24508.408267717685,21391.79819098277,19979.86319752848,20047.004749926575,20844.780061221685,17393.003610560256,23876.456406623594,15493.482887118065,18263.204702159608,16441.823079477137,22696.035081689864,20258.33983121601,21511.732599561597,18323.245247821134
8391.474092643271,20868.63488502242,24991.86004547555,23601.295420850307,22697.163169409137,23044.316082667123,17621.25634457993,16129.429501799608,23245.922000108803,22906.561598984244,7997.616573880972,24508.408267717685,21391.6562391824,19979.86319752848,20047.004749926575,20842.669127788376,17393.003610560256,23876.456406623594,15489.886451776496,18263.204702159608,16438.945635152664,22696.035081689864,20258.33983121601,21511.732599561597,18323.245247821134
8366.46675554991,20868.63488502242,24991.86004547555,23601.295420850307,22697.158394802274,23044.316082667123,17621.25634457993,16126.989486889779,23245.922000108803,22906.561598984244,7839.494744483876,24508.408267717685,21391.6562391824,19979.86319752848,20047.004749926575,20841.43927969318,17393.003610560256,23876.456406623594,15475.144287467494,18262.82878595135,16396.06037265991,22696.035081689864,20258.33983121601,21511.732599561597,18323.245247821134
8330.671874613407,20868.63488502242,24991.86004547555,23601.295420850307,22697.158394802274,23044.316082667123,17621.25634457993,16126.989486889779,23245.922000108803,22906.561598984244,7810.782345305459,24508.408267717685,21391.6562391824,19978.39523328195,20047.004749926575,20841.43927969318,17393.003610560256,23876.456406623594,15452.791794272529,18262.266881204636,16389.844500250492,22182.06543518879,20257.93751435472,21511.732599561597,18323.217761126558
8281.889780646561,20868.63488502242,24991.86004547555,23601.295420850307,22697.158394802274,23044.316082667123,17621.25634457993,16126.989486889779,23245.922000108803,22906.561598984244,7810.782345305459,24508.408267717685,21262.44117687983,19978.39523328195,20047.004749926575,20837.351732132403,17393.003610560256,23876.456406623594,15379.132918695352,18262.266881204636,16389.844500250492,22182.06543518879,19434.951442339174,21511.732599561597,18323.20763436647
8231.364843113392,20868.63488502242,24991.86004547555,23601.295420850307,22697.158394802274,23044.316082667123,17620.467640060466,16126.989486889779,23245.922000108803,22906.561598984244,7810.782345305459,24508.408267717685,21262.44117687983,19978.39523328195,20047.004749926575,20837.351732132403,17393.003610560256,23876.456406623594,15379.132918695352,18262.266881204636,16389.844500250492,22182.06543518879,19434.951442339174,21511.732599561597,18323.20763436647
8231.364843113392,20868.63488502242,24991.86004547555,23601.295420850307,22697.158394802274,23042.476586379886,17620.45135113012,16125.8286043738,23245.922000108803,22906.561598984244,7630.14406200232,24508.408267717685,21262.44117687983,19978.39523328195,20047.004749926575,20832.985124393945,17393.003610560256,23876.456406623594,15347.946026175498,18262.266881204636,16216.424116640988,22182.06543518879,19385.97917943288,21511.732599561597,18323.20763436647
8145.046510132364,20868.63488502242,24991.86004547555,23601.295420850307,22697.158394802274,23042.476586379886,17620.45135113012,15972.486748174248,23245.922000108803,22906.561598984244,7624.075090748876,24508.408267717685,21262.44117687983,19978.39523328195,20047.004749926575,20832.985124393945,17393.003610560256,23876.456406623594,15321.517417847208,18262.266881204636,15988.17381358906,22182.06543518879,19385.97917943288,21511.732599561597,18323.183185315796
8138.812265308836,20868.63488502242,24991.86004547555,23601.295420850307,22697.158394802274,23042.476586379886,17620.45135113012,15950.120323175193,23245.922000108803,22906.561598984244,7517.706049340093,24508.408267717685,21262.44117687983,19971.552465394074,20047.004749926575,20832.985124393945,17390.59845790976,23876.456406623594,15321.517417847208,18262.266881204636,15940.770487709397,22182.06543518879,19095.838060125738,21511.732599561597,18323.109427100877
8126.958551618023,20868.63488502242,24991.86004547555,23601.295420850307,22697.158394802274,23040.85809306124,17620.45135113012,15950.120323175193,23245.922000108803,22906.561598984244,7462.317180299709,24508.408267717685,21262.44117687983,19971.552465394074,20047.004749926575,20832.985124393945,17389.40627659395,23876.456406623594,15321.517417847208,18262.266881204636,15914.040766616214,22182.06543518879,19095.838060125738,21511.732599561597,18323.109427100877
8015.448436002625,20868.63488502242,24991.86004547555,23601.295420850307,22697.158394802274,23040.85809306124,17620.45135113012,15946.471990343642,23245.922000108803,22906.561598984244,7273.381905018825,24508.408267717685,21262.44117687983,19971.552465394074,20047.004749926575,20832.985124393945,17389.40627659395,23876.456406623594,15303.476090098247,18262.266881204636,15914.040766616214,22182.06543518879,19095.838060125738,21511.732599561597,18322.479611262697
7984.886147406796,20868.61621112887,24991.86004547555,23601.295420850307,22697.158394802274,23036.694199521677,17620.301561396536,15946.471990343642,23245.922000108803,22906.561598984244,7257.710266628863,24508.408267717685,21252.87306991428,19971.552465394074,20043.547401236352,20832.985124393945,17388.011179414327,23876.456406623594,15303.476090098247,18262.266881204636,15689.946128114083,22182.06543518879,19095.838060125738,21511.732599561597,18322.075759471518
7963.979421183358,20868.61621112887,24991.86004547555,23601.295420850307,22697.158394802274,23036.694199521677,17620.301561396536,15946.471990343642,23245.922000108803,22906.561598984244,7167.9733025841415,24508.408267717685,21252.033771391747,19971.552465394074,20043.547401236352,20829.363605095765,17388.011179414327,23876.456406623594,15282.030915742569,18262.266881204636,15571.716985426796,22182.06543518879,19095.838060125738,21511.732599561597,18322.075759471518
7921.637422206099,20868.61621112887,24991.86004547555,23601.295420850307,22697.158394802274,23036.694199521677,17620.301561396536,15946.471990343642,23245.922000108803,22906.561598984244,7167.9733025841415,24508.408267717685,21252.033771391747,19971.552465394074,20043.547401236352,20828.076413427414,17388.011179414327,23876.456406623594,15282.030915742569,18262.074019951127,15417.570133861791,22182.06543518879,19095.838060125738,21511.732599561597,18322.075759471518
7921.637422206099,20868.583847608017,24991.86004547555,23601.295420850307,22697.158394802274,23036.694199521677,17620.301561396536,15946.471990343642,23245.922000108803,22906.561598984244,6969.119311244656,24508.408267717685,21252.033771391747,19971.34419767216,20043.547401236352,20828.076413427414,17388.011179414327,23876.456406623594,15227.04697925349,18262.074019951127,15369.19247514907,22182.06543518879,19095.838060125738,21511.732599561597,18322.075759471518
7911.180899772931,20868.583847608017,24991.86004547555,23601.295420850307,22697.158394802274,23036.694199521677,17620.301561396536,15946.471990343642,23245.922000108803,22906.561598984244,6969.119311244656,24508.408267717685,21252.033771391747,19970.717587322968,20038.538477042242,20822.660047386882,17388.011179414327,23876.456406623594,15227.04697925349,18262.074019951127,15369.19247514907,22182.06543518879,19095.838060125738,21511.732599561597,18322.075759471518
7768.170581320439,20868.583847608017,24991.86004547555,23601.295420850307,22697.158394802274,23036.694199521677,17620.301561396536,15905.534097337375,23245.922000108803,22906.561598984244,6909.591466616133,24508.408267717685,21252.033771391747,19970.717587322968,20038.538477042242,20822.660047386882,17387.60586010105,23876.456406623594,15201.337267015671,18249.477708858096,15336.570211301307,22182.06543518879,19095.838060125738,21511.732599561597,18322.075759471518
7768.170581320439,20868.583847608017,24991.86004547555,23601.295420850307,22697.158394802274,23036.694199521677,17620.301561396536,15905.534097337375,23245.922000108803,22906.561598984244,6773.608637308345,24508.408267717685,21252.033771391747,19969.781343149472,20038.538477042242,20822.660047386882,17387.60586010105,23876.456406623594,15201.337267015671,18249.477708858096,15141.287487485577,22182.06543518879,19077.413889724216,21511.732599561597,18322.075759471518
7768.170581320439,20868.583847608017,24991.86004547555,23601.295420850307,22697.158394802274,23036.694199521677,17620.301561396536,15905.534097337375,23245.922000108803,22906.561598984244,6773.608637308345,24508.408267717685,21252.033771391747,19969.781343149472,20037.879951316445,20814.460293781387,17387.60586010105,23876.456406623594,15196.214039410195,18249.165729700133,14976.938887148444,22182.06543518879,19077.413889724216,21511.732599561597,18322.075759471518
7592.7165595483675,20868.583847608017,24991.86004547555,23601.295420850307,22697.158394802274,23036.694199521677,17620.301561396536,15885.965933382744,23245.922000108803,22906.561598984244,6642.525900557586,24508.408267717685,21252.033771391747,19969.781343149472,20037.879951316445,20814.460293781387,17387.348726093413,23876.456406623594,15196.214039410195,18249.165729700133,14948.645172616143,22182.06543518879,19077.413889724216,21488.799467600915,18322.075759471518
7573.732612534557,20868.583847608017,24991.86004547555,23601.295420850307,22697.158394802274,23036.694199521677,17620.301561396536,15885.965933382744,23245.922000108803,22906.561598984244,6637.592593625137,24508.408267717685,21252.033771391747,19969.781343149472,20037.879951316445,20801.29401013312,17387.123404919806,23876.456406623594,15182.125329640308,18246.96333729836,14948.645172616143,22182.06543518879,19077.413889724216,21488.799467600915,17373.78053365037
7431.485355314202,20868.583847608017,24991.86004547555,23601.27423525244,22697.158394802274,23036.694199521677,17620.301561396536,15885.965933382744,23245.922000108803,22906.561598984244,6637.592593625137,24508.408267717685,21252.033771391747,19969.781343149472,20037.879951316445,20799.717742006847,17386.7851242494,23876.456406623594,15166.664078867736,18246.96333729836,14753.186429773901,22182.06543518879,19077.413889724216,21488.799467600915,17373.78053365037
7356.1267788158,20868.583847608017,24991.86004547555,23601.27423525244,22697.158394802274,23036.694199521677,17620.301561396536,15883.357698050637,23245.922000108803,22906.561598984244,6637.592593625137,24508.408267717685,21252.033771391747,19966.509973376516,20037.031843612152,20799.717742006847,17386.7851242494,23876.456406623594,15149.455124756812,18246.560147198386,14522.906571958065,22182.06543518879,19077.413889724216,21488.799467600915,17373.78053365037
7278.3358344573935,20868.58299505443,24991.86004547555,23601.27423525244,22697.158394802274,23036.694199521677,17620.01955173982,15826.31829239005,23245.922000108803,22906.561598984244,6637.592593625137,24508.408267717685,21252.033771391747,19965.16133329422,20033.879193710105,20799.717742006847,17386.7851242494,23876.456406623594,15118.781800285818,18246.560147198386,14502.28491620773,22182.06543518879,19077.413889724216,21267.518132375913,17373.78053365037
7278.3358344573935,20846.583845083314,24991.86004547555,23601.27423525244,22697.158394802274,23036.694199521677,17620.01955173982,15826.31829239005,23245.922000108803,22906.561598984244,6595.790534267973,24508.408267717685,21252.033771391747,19965.16133329422,20032.07635985695,20799.717742006847,17386.7851242494,23876.456406623594,15105.176430660988,18246.560147198386,14502.28491620773,22182.06543518879,19077.413889724216,21267.518132375913,17373.78053365037
7199.545348897504,20846.583845083314,24991.86004547555,23601.27423525244,22697.15827089388,23036.694199521677,17620.01955173982,15826.31829239005,23245.922000108803,22906.561598984244,6577.3547606877255,24508.408267717685,21252.033771391747,19965.16133329422,20032.07635985695,20799.717742006847,17386.253427908563,23876.456406623594,15025.891727794053,18246.560147198386,14485.306018632964,22182.06543518879,19077.413889724216,21267.518132375913,17373.78053365037
7199.545348897504,20846.583845083314,24991.86004547555,23601.27423525244,22697.15827089388,23036.694199521677,17620.01955173982,15826.31829239005,23245.922000108803,22906.561598984244,6574.024997153509,24508.408267717685,21252.033771391747,19965.16133329422,20032.07635985695,20798.748781919126,17386.253427908563,23876.456406623594,15025.891727794053,18246.560147198386,14397.9497419066,22182.06543518879,19077.413889724216,21267.518132375913,17373.78053365037
6967.444479328471,20846.583845083314,24991.86004547555,23601.27423525244,22697.15827089388,23036.694199521677,17619.97220377882,15826.31829239005,23245.922000108803,22906.561598984244,6574.024997153509,24508.408267717685,21252.033771391747,19964.713846966675,20032.07635985695,20798.748781919126,17386.253427908563,23876.456406623594,14950.294513749577,18245.036388798195,14123.243778063505,22182.06543518879,19077.413889724216,21267.518132375913,17373.78053365037
6959.220744417595,20846.583845083314,24991.86004547555,23601.27423525244,22697.15827089388,23036.694199521677,17619.97220377882,15801.577290629008,23245.922000108803,22906.561598984244,6534.919807468446,24508.408267717685,21252.033771391747,19964.713846966675,20032.07635985695,20798.748781919126,17385.984814705553,23876.456406623594,14928.47547760007,18244.29966556747,14123.243778063505,22182.06543518879,19077.413889724216,21267.518132375913,17373.78053365037
6959.220744417595,20846.583845083314,24991.86004547555,23601.27423525244,22697.15827089388,23036.694199521677,17619.97220377882,15797.219487201404,23245.922000108803,22906.561598984244,6534.919807468446,24508.408267717685,21252.033771391747,19964.713846966675,20032.07635985695,20798.748781919126,17385.984814705553,23876.456406623594,14923.968570789613,18244.29966556747,14123.243778063505,22163.02315537215,19077.413889724216,21267.518132375913,17373.78053365037
6827.115463053364,20846.583845083314,24991.86004547555,23601.27423525244,22697.15827089388,23036.694199521677,17619.97220377882,15785.747253840433,23245.922000108803,22906.561598984244,6531.06012303631,24508.408267717685,21252.033771391747,19964.713846966675,20031.84563287771,20798.748781919126,17385.984814705553,23876.456406623594,14852.336095721726,18244.29966556747,14123.243778063505,22163.02315537215,19077.413889724216,21267.518132375913,17373.78053365037
6676.67741132532,20846.583845083314,24991.86004547555,23601.27423525244,22697.15827089388,23036.694199521677,17619.97220377882,15785.747253840433,23245.922000108803,22906.561598984244,6528.090560797544,24508.408267717685,21252.033771391747,19964.713846966675,20031.84563287771,20786.509469759792,17385.918657444392,23876.456406623594,14705.412483889475,18244.299401909397,13926.526742379676,22163.02315537215,19077.413889724216,21267.518132375913,17335.481954665564
6654.659627646142,20846.583845083314,24991.86004547555,23601.27423525244,22697.15822791767,23036.694199521677,17619.320167621336,15785.747253840433,23245.922000108803,22906.561598984244,6525.208733012754,24508.408267717685,21252.033771391747,19964.713846966675,20031.84563287771,20784.71988260782,17385.918657444392,23876.456406623594,14698.079114302673,18243.003174117504,13926.526742379676,22163.02315537215,19077.413889724216,21267.518132375913,17335.481954665564
6183.567319165035,20846.583845083314,24991.86004547555,23601.27423525244,22697.15822791767,23036.694199521677,17619.320167621336,15774.700689052665,23245.922000108803,22906.561598984244,6495.367985221739,24508.408267717685,21252.033771391747,19964.713846966675,20031.84563287771,20784.071884643927,17385.918657444392,23876.456406623594,14556.217196147089,18243.003174117504,13816.032616906916,22163.02315537215,19077.413889724216,21267.518132375913,17335.481954665564
6061.365427011013,20846.583845083314,24991.86004547555,23601.27423525244,22697.15822791767,23036.694199521677,17619.320167621336,15774.700689052665,23245.922000108803,22906.561598984244,6486.605772002666,24508.408267717685,21252.033771391747,19964.713846966675,20031.84563287771,20783.638320117476,17385.918657444392,23876.456406623594,14526.327694678974,18243.003174117504,13710.907814010043,22163.02315537215,19077.413889724216,21267.518132375913,17326.806578278614
6061.365427011013,20846.583845083314,24991.86004547555,23601.27423525244,22697.15822791767,23036.694199521677,17619.320167621336,15769.569114161804,23245.922000108803,22906.561598984244,6486.605772002666,24508.408267717685,21252.033771391747,19964.713846966675,20031.84563287771,20783.638320117476,17385.722760680605,23876.456406623594,14526.327694678974,18243.003174117504,13572.234700651934,22163.02315537215,19077.413889724216,21267.518132375913,17326.806578278614
5882.347036587875,20846.583845083314,24991.86004547555,23601.27423525244,22697.15822791767,23036.694199521677,17619.320167621336,15769.569114161804,23245.922000108803,22906.561598984244,6445.7140389534325,24508.408267717685,21252.033771391747,19964.713846966675,20031.84563287771,20783.638320117476,17385.722760680605,23876.456406623594,14432.237916535512,18243.003174117504,13569.263938177257,22097.282361730784,19077.413889724216,21267.518132375913,17321.577633293415
5671.788030559284,19899.842865832674,24991.86004547555,23601.27423525244,22697.15822791767,23036.694199521677,17619.320167621336,15769.363912389512,23245.922000108803,22906.561598984244,6352.3865345269005,24508.408267717685,21251.776882440296,19955.660667348166,20031.84563287771,20652.214399536086,17385.70448874035,23876.456406623594,14405.250322620468,18243.003174117504,13522.020044895122,22097.282361730784,19077.413889724216,21267.518132375913,17321.577633293415
5602.032932187038,19899.842865832674,24991.86004547555,23601.27423525244,22697.15822791767,23036.694199521677,17619.320167621336,15540.811018437656,23245.922000108803,22906.561598984244,6337.266769906644,24508.408267717685,21251.776882440296,19955.660667348166,20030.603787180302,20649.578805363893,17385.70448874035,23876.456406623594,14170.821924197582,18243.003174117504,13420.482105016865,22097.282361730784,19077.413889724216,21267.518132375913,17321.577633293415
5567.316742424991,19899.842865832674,24991.86004547555,23601.27423525244,22697.15822791767,23036.694199521677,17619.320167621336,15443.124147898288,23245.922000108803,22906.561598984244,6337.266769906644,24508.408267717685,21251.776882440296,19955.660667348166,20029.883314553816,20638.396686998138,17385.70448874035,23876.456406623594,14170.821924197582,18243.003174117504,13405.207010708105,22060.93283125462,19077.413889724216,21267.518132375913,17321.577633293415
5409.247911316219,19899.842865832674,24991.86004547555,23601.27423525244,22697.15822791767,23036.663155877384,17619.320167621336,15399.70316962267,23245.922000108803,22906.561598984244,6314.093269572957,24508.408267717685,21251.776882440296,19955.660667348166,20029.883314553816,20638.396686998138,17385.70448874035,23876.456406623594,13952.109244255222,18243.003174117504,13405.207010708105,22060.93283125462,19077.413889724216,21267.518132375913,17321.577633293415
5133.2022175145175,19899.842865832674,24991.86004547555,23601.27423525244,22697.15822791767,23035.8307375189,17619.320167621336,15399.70316962267,23245.922000108803,22906.561598984244,6306.538088912217,24508.408267717685,21251.776882440296,19929.80283753559,20029.883314553816,20638.396686998138,17385.70448874035,23876.456406623594,13952.109244255222,18243.003174117504,13249.993769583074,22060.93283125462,19063.84736492964,21267.518132375913,17321.014661718556
5133.2022175145175,19899.842865832674,24991.86004547555,23601.27423525244,22697.15822559718,23035.8307375189,17619.320167621336,15330.103061300924,23245.922000108803,22906.561598984244,6244.562038217671,24508.408267717685,21251.776882440296,19929.80283753559,20029.883314553816,20638.396686998138,17385.646554626426,23876.456406623594,13705.745816930354,18242.4517579158,13244.967644650606,22060.93283125462,19063.84736492964,21267.518132375913,17321.014661718556
5133.2022175145175,19899.842865832674,24991.86004547555,23601.27423525244,22697.15822559718,23035.8307375189,17619.320167621336,15273.772099648162,23245.922000108803,22906.561598984244,6218.310920552365,24508.408267717685,21251.776882440296,19929.80283753559,20029.883314553816,20638.396686998138,17385.461594578075,23876.456406623594,13705.745816930354,18186.10435388866,13244.967644650606,22060.93283125462,19063.84736492964,21267.518132375913,17321.014661718556
5133.2022175145175,19899.842865832674,24991.86004547555,23601.27423525244,22697.15822559718,23035.62982841091,17619.320167621336,15273.772099648162,23245.922000108803,22906.561598984244,6218.310920552365,24508.408267717685,21251.664339038445,19929.80283753559,20029.883314553816,20636.27354878049,17385.461594578075,23876.456406623594,13413.11075007531,18106.574294162525,13114.03135867316,22060.93283125462,19063.84736492964,21267.518132375913,17321.014661718556
5133.2022175145175,19899.842865832674,24991.86004547555,23601.27423525244,22697.15822559718,23035.608570310724,17619.320167621336,15107.948195346162,23245.922000108803,22906.561598984244,6218.310920552365,24508.408267717685,21251.664339038445,19929.80283753559,20029.883314553816,20636.27354878049,17385.461594578075,23876.456406623594,13413.11075007531,18097.73050309132,13089.780892912677,22060.93283125462,19063.84736492964,21267.518132375913,17319.92979648283
5133.2022175145175,19899.842865832674,24991.86004547555,23601.27423525244,22697.15822559718,23035.608570310724,17619.320167621336,15107.948195346162,23245.922000108803,22906.561598984244,6218.310920552365,24508.408267717685,21251.664339038445,19929.80283753559,20029.883314553816,20612.72203139664,17385.461594578075,23876.456406623594,13413.11075007531,18097.73050309132,13007.246036752407,22060.93283125462,19063.84736492964,21267.518132375913,17319.92979648283
5016.348772973688,19851.80885836453,24991.86004547555,23601.27423525244,22697.15822559718,23035.608570310724,17619.320167621336,15047.30903792688,23245.922000108803,22906.561598984244,6138.52883682707,24508.408267717685,21251.664339038445,19929.80283753559,20029.883314553816,20612.72203139664,17385.461594578075,23876.456406623594,13413.11075007531,18097.73050309132,12957.545292226918,22060.93283125462,19063.84736492964,21267.518132375913,17308.987394060165
5003.968794322311,19851.80885836453,24991.86004547555,23601.27423525244,22697.15822559718,23035.608570310724,17619.320167621336,15000.296973219374,23245.922000108803,22906.561598984244,6130.809115103322,24508.408267717685,21251.664339038445,19929.80283753559,20029.883314553816,20612.72203139664,17385.461594578075,23876.456406623594,13384.868805434471,18086.95188135077,12795.871606781551,22060.93283125462,19063.84736492964,21267.518132375913,17308.987394060165
4975.36075560176,19851.80885836453,24991.86004547555,23601.27423525244,22697.15822559718,23035.608570310724,17619.320167621336,15000.296973219374,23245.922000108803,22906.561598984244,6123.697310748779,24508.408267717685,21251.664339038445,19929.80283753559,20029.883314553816,20612.72203139664,17385.461594578075,23876.456406623594,13384.868805434471,18086.95188135077,12795.871606781551,22060.93283125462,19063.648496831753,21267.518132375913,17308.987394060165
4947.604198716101,19851.80885836453,24991.86004547555,23601.27423525244,22697.15822559718,23035.608570310724,17619.320167621336,14799.30927727227,23245.922000108803,22906.561598984244,6046.622753707234,24508.408267717685,21250.49451485556,19928.626462047534,19994.159553506255,20612.72203139664,16930.919792978933,23876.456406623594,13377.44624789109,18086.95188135077,12494.84416842163,22060.93283125462,19063.648496831753,21267.518132375913,17308.987394060165
4874.947168419472,19851.80885836453,24991.86004547555,23601.27423525244,22697.15822559718,23035.608570310724,17619.320167621336,14799.30927727227,23245.922000108803,22906.561598984244,6046.622753707234,24508.408267717685,21250.49451485556,19928.626462047534,19978.986742709865,20612.72203139664,16930.919792978933,23876.456406623594,13377.44624789109,18086.95188135077,12494.84416842163,22060.93283125462,19063.648496831753,21267.518132375913,17305.556168676012
4874.947168419472,19826.789816396536,24991.86004547555,23601.27423525244,22697.15822559718,23035.608570310724,17619.320167621336,14590.829411081562,23245.922000108803,22906.561598984244,6046.622753707234,24508.408267717685,21250.49451485556,19928.498311165866,19978.88964787103,20612.72203139664,16930.919792978933,23876.456406623594,13377.44624789109,18086.95188135077,12494.84416842163,22060.93283125462,19063.648496831753,21267.518132375913,17305.556168676012
4859.745062108908,19826.789816396536,24991.86004547555,23601.27423525244,22697.15822559718,23035.608570310724,17619.320167621336,14590.829411081562,23245.922000108803,22906.561598984244,6013.24790266098,24508.408267717685,21250.49451485556,19928.308549181107,19975.337085576615,20612.72203139664,16930.919792978933,23876.456406623594,13377.44624789109,18068.447376381548,12378.967323319146,22060.93283125462,19063.648496831753,21267.518132375913,17305.556168676012
4859.745062108908,19826.789816396536,24991.86004547555,23601.27423525244,22697.15822559718,23035.608570310724,17619.166849363202,14567.612044880188,23245.922000108803,22906.561598984244,5974.141282753968,24508.408267717685,21250.49451485556,19928.308549181107,19975.337085576615,20612.72203139664,16930.919792978933,23876.456406623594,13377.44624789109,18068.447376381548,12360.61687768883,22060.93283125462,19063.648496831753,21267.518132375913,17305.556168676012
4859.745062108908,19826.789816396536,24991.86004547555,23601.27423525244,22697.15822559718,23035.608570310724,17619.144621365722,14245.144964458817,23245.922000108803,22906.561598984244,5954.024607920663,24508.408267717685,21250.49451485556,19928.308549181107,19975.337085576615,20612.72203139664,16914.303831780337,23876.456406623594,13377.44624789109,18068.447376381548,12355.669194562295,22060.93283125462,19057.14361479432,21267.518132375913,17305.556168676012
4859.745062108908,19826.789816396536,24991.86004547555,23601.27423525244,22697.15822559718,23035.608570310724,17619.144621365722,14244.168615958795,23245.922000108803,22906.561598984244,5954.024607920663,24508.408267717685,21250.49451485556,19928.308549181107,19975.337085576615,20612.72203139664,16914.303831780337,23876.456406623594,13298.897898328269,18068.447376381548,12131.655302120234,22060.93283125462,19057.14361479432,21267.518132375913,17305.556168676012
4859.745062108908,19826.789816396536,24991.86004547555,23601.27423525244,22697.15822559718,23035.608570310724,17619.144621365722,14199.356979619213,23245.922000108803,22906.561598984244,5954.024607920663,24508.408267717685,21250.472125876,19928.308549181107,19975.337085576615,20608.81534109017,16914.303831780337,23876.456406623594,13292.524137917211,18068.447376381548,12131.655302120234,22060.93283125462,19057.14361479432,21267.518132375913,17305.44560588988
4833.402822138232,19826.789816396536,24991.86004547555,23601.27423525244,22697.15822559718,22034.289483702298,17619.144621365722,14168.976706184098,23245.922000108803,22906.561598984244,5916.757246347559,24508.408267717685,21250.472125876,19925.03399179816,19975.337085576615,20608.81534109017,16914.303831780337,23876.456406623594,13273.529721864033,18068.447376381548,12027.948032887769,22060.93283125462,19055.32514515929,21267.518132375913,17305.44560588988
4792.226083698712,19826.789816396536,24991.86004547555,23601.27423525244,22697.15822558922,21249.444698066127,17619.131997018983,13696.005072109572,23245.922000108803,22906.561598984244,5906.142278018386,24508.408267717685,21250.472125876,19925.03399179816,19975.337085576615,20608.81534109017,16913.85501036177,23876.456406623594,13273.529721864033,18066.29299926309,11981.055072628482,22060.93283125462,19055.32514515929,21267.518132375913,17305.44560588988
4792.226083698712,19826.789816396536,24991.86004547555,23601.27423525244,22697.15822558922,21249.444698066127,17619.131997018983,13485.930833509196,23245.922000108803,22906.561598984244,5897.02531954665,24508.408267717685,21250.472125876,19925.03399179816,19975.337085576615,20607.69644806188,16913.85501036177,23876.456406623594,13263.847617441035,18066.29299926309,11863.238992366285,22060.93283125462,19055.32514515929,21267.518132375913,17305.44560588988
4792.226083698712,19826.118384005338,24991.86004547555,23601.274234243407,22697.15822558922,21249.444698066127,17619.131997018983,13485.930833509196,23245.922000108803,22906.561598984244,5868.318240614441,24508.408267717685,21250.472125876,19925.03399179816,19975.337085576615,20607.0996944581,16913.85501036177,23876.456406623594,13256.480741670432,18066.29299926309,11863.238992366285,22060.93283125462,19055.32514515929,21249.958716194873,17305.44560588988
4788.8285177773,19826.118384005338,24991.86004547555,23601.274234243407,22697.158225544285,21249.444698066127,17619.131997018983,13485.930833509196,23245.922000108803,22906.561598984244,5856.1521296626015,24508.408267717685,21240.19791660509,19925.03399179816,19975.337085576615,20607.0996944581,16913.85501036177,23876.456406623594,13249.374570551256,18066.29299926309,11863.238992366285,22060.93283125462,19055.32514515929,21249.958716194873,17305.44560588988
4788.8285177773,19825.864539009242,24991.86004547555,23601.274234243407,22697.158225544285,21249.444698066127,17619.131997018983,13325.760336095991,23245.922000108803,22906.561598984244,5851.321882763186,24508.408267717685,21240.19791660509,19925.03399179816,19975.337085576615,20605.013542533958,16913.85501036177,23876.456406623594,13236.082596543925,18065.441867658697,11846.992252938726,22060.93283125462,19054.80903196739,21249.958716194873,17305.44560588988
4773.394611592084,19825.864539009242,24991.86004547555,23601.274234243407,22697.158225544285,21249.444698066127,17619.131997018983,13323.465859331827,23245.922000108803,22906.561598984244,5851.321882763186,24508.408267717685,21240.19791660509,19925.03399179816,19975.337085576615,20605.013542533958,16913.85501036177,23876.456406623594,13221.85947377824,18065.441867658697,11742.267432693992,22060.93283125462,19054.74904172512,21249.958716194873,17305.44560588988
4771.0552667691445,19825.864539009242,24991.86004547555,23601.274234243407,22697.158225544285,21249.444698066127,17619.131997018983,13048.393914014134,23245.922000108803,22906.561598984244,5844.844164465641,24508.408267717685,21240.19791660509,19924.028005784134,19975.337085576615,20605.013542533958,16913.85501036177,23876.456406623594,13221.59453346943,18065.441867658697,11702.30083724087,22060.93283125462,19054.74904172512,21249.958716194873,17304.743482009897
4759.780652449161,19825.864539009242,24991.86004547555,23601.274234243407,22697.158225544285,21249.444698066127,17619.131997018983,13048.393914014134,23245.922000108803,22906.561598984244,5843.511326567808,24508.408267717685,21240.19791660509,19923.518246655527,19975.27641702082,20605.013542533958,16909.01075949301,23876.456406623594,13221.59453346943,18065.441867658697,11593.45092771199,22060.93283125462,19054.74904172512,21249.958716194873,17304.743482009897
4759.780652449161,19825.864539009242,24991.86004547555,23601.274234243407,22697.158225544285,21249.444698066127,17619.131997018983,13039.304012546978,23245.922000108803,22906.561598984244,5818.544742310463,24508.408267717685,21240.19791660509,19923.518246655527,19975.006402401767,20599.741314045288,16908.797540237145,23876.456406623594,13221.59453346943,18065.441867658697,11415.838720777087,22060.93283125462,19054.74904172512,21249.958716194873,17304.743482009897
4736.039814028896,19825.864539009242,24991.86004547555,23601.274234243407,22697.158218425433,21249.444698066127,17619.131997018983,13039.304012546978,23245.922000108803,22906.561598984244,5818.544742310463,24508.408267717685,21240.19791660509,19923.518246655527,19975.006402401767,20599.051622769734,16907.9382693167,23876.456406623594,13205.303938203306,18065.441867658697,11347.17738773895,22060.93283125462,19054.74904172512,21249.958716194873,17304.743482009897
4730.753930779603,19825.864539009242,24991.86004547555,23601.274234243407,22697.158218425433,20914.646044393892,17619.131997018983,13001.149195437007,23245.922000108803,22906.561598984244,5807.150190823435,24508.408267717685,21240.19791660509,19923.518246655527,19975.006402401767,20597.67910911858,16907.9382693167,23876.456406623594,13186.688954163503,18064.82418247872,11347.17738773895,22060.93283125462,19054.74904172512,21249.958716194873,17304.743482009897
4730.753930779603,19825.864539009242,24991.86004547555,23601.274232493524,22697.158218425433,20914.646044393892,17619.131997018983,12685.304825552354,23245.922000108803,22906.561598984244,5758.486531030132,24508.408267717685,21240.19791660509,19923.518246655527,19975.006402401767,20597.67910911858,16903.91588330403,23876.456406623594,13186.688954163503,18064.82418247872,11347.17738773895,22060.93283125462,19054.74904172512,21249.958716194873,17304.743482009897
4723.119815806524,19819.604889313487,24991.86004547555,23601.274232493524,22697.158218425433,20914.646044393892,17619.131997018983,12585.528780172594,23245.922000108803,22906.561598984244,5733.088317936796,24508.408267717685,21240.19791660509,19923.518246655527,19975.006402401767,20597.67910911858,16902.472250798724,23876.456406623594,13186.688954163503,18064.82418247872,11310.201181787903,22060.93283125462,19054.74904172512,21249.958716194873,17304.743482009897
4720.739823682859,19799.23306517947,24991.86004547555,23601.273559802783,22697.158218425433,20914.646044393892,17619.131997018983,12558.542128400244,23245.922000108803,22906.561598984244,5720.323333654524,24508.408267717685,21240.19791660509,19923.518246655527,19975.006402401767,20597.67910911858,16898.274403049934,23876.456406623594,13186.688954163503,18059.87225630176,11310.201181787903,22060.93283125462,19054.74904172512,21249.958716194873,17304.70989542768
4701.1757975975415,19799.23306517947,24991.86004547555,23601.273559802783,22462.724831142095,20914.646044393892,17619.13137486352,12558.542128400244,23245.922000108803,22906.561598984244,5717.948509615271,24508.408267717685,21240.19791660509,19923.37420924028,19973.47738175958,20597.67910911858,16898.274403049934,23876.456406623594,13186.688954163503,18059.87225630176,11219.72576286683,22060.93283125462,19054.563599747646,21249.958716194873,17304.655388349238
4681.337867024726,19799.23306517947,24991.86004547555,23601.273559802783,22462.724831142095,20546.752094833697,17619.13137486352,12526.630132864604,23245.922000108803,22906.561598984244,5693.573516845892,24508.408267717685,21240.19791660509,19923.37420924028,19973.47738175958,20597.67910911858,16898.274403049934,23876.456406623594,13184.05655374322,18059.87225630176,11175.936258729089,22060.93283125462,19054.563599747646,21249.958716194873,17304.655388349238
4645.699695244868,19799.23306517947,24991.86004547555,23601.273559802783,22462.724831142095,20546.752094833697,17619.13137486352,12501.898307977157,23245.922000108803,22906.561598984244,5678.517550523822,24508.408267717685,21240.19791660509,19923.37420924028,19973.47738175958,20597.67910911858,16898.274403049934,23876.456406623594,13184.05655374322,18058.914666832643,11117.383647575574,22060.93283125462,19054.563599747646,21249.958716194873,17304.655388349238
4618.65186091949,19799.23306517947,24991.86004547555,23601.273559802783,22462.724831142095,20546.752094833697,17619.13137486352,12404.899066307109,23245.922000108803,22906.561598984244,5629.0252946857945,24508.408267717685,21240.19791660509,19923.37420924028,19973.47738175958,20597.67910911858,16898.274403049934,23876.456406623594,13183.529857287373,18058.914666832643,11095.886883390078,22060.93283125462,19054.563599747646,21249.958716194873,17303.911452983473
4618.65186091949,19799.23306517947,24991.86004547555,23601.27230957477,22462.724831142095,20546.752094833697,17619.130225885365,12401.50399172771,23245.922000108803,22906.561598984244,5629.0252946857945,24508.408267717685,21240.19791660509,19923.37420924028,19973.1903168666,20597.67910911858,16898.274403049934,23876.456406623594,13183.529857287373,18058.914666832643,11047.442493493876,22060.93283125462,19054.563599747646,21249.958716194873,17303.667835476343
4582.349448824811,19799.23306517947,24991.86004547555,23601.27230957477,22462.724831142095,20546.752094833697,17619.130225885365,12329.778368523286,23245.922000108803,22906.561598984244,5613.308095789835,24508.408267717685,21240.19791660509,19922.94886667922,19973.1903168666,20597.67910911858,16898.274403049934,23876.456406623594,13183.276760382843,18055.389393968853,11038.084683565714,22060.93283125462,19054.563599747646,21249.958716194873,17303.667835476343
4582.349448824811,19799.23306517947,24991.86004547555,23601.27230957477,22462.724831142095,20546.752094833697,17619.130225885365,12018.341318658353,23245.922000108803,22906.561598984244,5586.986729982273,24508.408267717685,21240.19791660509,19922.94886667922,19973.1903168666,20597.67910911858,16898.274403049934,23876.456406623594,13183.276760382843,18055.389393968853,11014.942939430312,22060.93283125462,19054.563599747646,21249.958716194873,17303.667835476343
4545.219674781292,19799.23306517947,24991.86004547555,23601.27230957477,22462.724831142095,20546.752094833697,17619.12977518298,12018.341318658353,23245.922000108803,22906.561598984244,5566.0798743598425,24508.408267717685,21240.19791660509,19922.93226380668,19973.1903168666,20597.67910911858,16898.274403049934,23876.456406623594,13183.276760382843,18055.389393968853,10961.855241657431,22060.93283125462,19054.563599747646,21249.958716194873,17303.667835476343
4536.386458497698,19799.23306517947,24991.86004547555,23601.27230957477,22462.724831142095,20546.752094833697,17619.12977518298,11945.122958373784,23245.922000108803,22906.561598984244,5470.385711189279,24508.408267717685,21240.19791660509,19922.93226380668,19973.1903168666,20597.67910911858,16898.274403049934,23876.456406623594,13174.606782623669,18054.81080142983,10961.855241657431,22060.93283125462,19054.563599747646,21249.958716194873,17303.667835476343
4528.120761451144,19799.23306517947,24991.86004547555,23601.27230957477,22462.724831142095,20546.752094833697,17619.12977518298,11937.232452007142,23245.922000108803,22906.561598984244,5470.385711189279,24508.408267717685,21240.19791660509,19922.84560458259,19973.1903168666,20597.67910911858,16898.274403049934,23876.456406623594,13174.606782623669,18054.81080142983,10961.855241657431,22060.93283125462,19054.563599747646,21249.958716194873,17303.667835476343
4448.3809475619855,19799.23306517947,24991.86004547555,23601.27230957477,22462.724831142095,20546.752094833697,17619.129333201687,11873.340500909395,23245.922000108803,22906.561598984244,5460.656682505607,23997.136348012158,21240.19791660509,19922.84560458259,19973.15530237733,20595.372808301912,16898.274403049934,23876.456406623594,13174.606782623669,18054.81080142983,10867.370561063497,22060.93283125462,19054.563599747646,21249.958716194873,17303.667835476343
4445.875406562482,19799.23306517947,24991.86004547555,23601.27230957477,22462.724831142095,20546.752094833697,17619.129333201687,11845.235342004045,23245.922000108803,22906.561598984244,5434.819850908789,23997.136348012158,21240.19791660509,19922.84560458259,19972.603877995294,20595.372808301912,16898.274403049934,23876.456406623594,13169.897881945697,18052.34474430339,10867.370561063497,22060.93283125462,19054.563599747646,21249.958716194873,17303.667835476343
4355.754256820517,19799.23306517947,24991.86004547555,23601.27230957477,22462.724831142095,20546.752094833697,17619.129333201687,11810.286939644782,23245.922000108803,22906.561598984244,5415.796277458874,23997.136348012158,21240.19791660509,19922.84560458259,19972.603877995294,20595.372808301912,16898.274403049934,23876.456406623594,13164.911170532727,18052.30351092526,10867.370561063497,22060.93283125462,19054.563599747646,21249.958716194873,17303.667835476343
4354.7291493842495,19799.23306517947,24991.86004547555,23601.27230957477,22462.724831142095,20546.752094833697,17619.129333201687,11810.286939644782,23245.922000108803,22906.561598984244,5382.304242741622,23997.136348012158,21240.19791660509,19922.770085794546,19971.85795061322,20513.9168797462,16898.274403049934,23876.456406623594,13164.574437061361,18052.30351092526,10867.370561063497,22060.93283125462,19054.563599747646,21249.958716194873,17303.667835476343
4298.744715029359,19799.23306517947,24991.86004547555,23601.270378424615,22462.724831142095,20506.192096432507,17619.129333201687,11807.323431213532,23245.922000108803,22906.561598984244,5382.304242741622,23997.136348012158,21240.19791660509,19922.770085794546,19971.85795061322,20513.9168797462,16898.274403049934,23876.456406623594,13164.574437061361,18052.30351092526,10841.638597814657,22056.977734616496,19054.563599747646,21249.958716194873,17303.667835476343
4219.108940191654,19799.23306517947,24991.86004547555,23601.270378424615,22462.724831142095,20506.192096432507,17619.129333201687,11801.794420647235,23245.922000108803,22906.561598984244,5340.14611228717,23997.136348012158,21240.128523668383,19922.770085794546,19971.84742182308,20513.9168797462,16898.274403049934,23876.456406623594,13164.574437061361,18052.30351092526,10750.017925033502,22056.977734616496,18995.903239102063,21249.958716194873,17303.667835476343
4219.108940191654,19799.23306517947,24991.86004547555,23601.270378424615,22462.724831142095,20503.45456389731,17619.129333201687,11727.101260088424,23245.922000108803,22906.561598984244,5311.171230119253,23997.136348012158,21240.120656091116,19922.770085794546,19971.84742182308,20513.9168797462,16898.274403049934,23876.456406623594,13164.546503838086,18052.30351092526,10735.432746435836,22056.977734616496,18995.903239102063,21247.765617473775,17303.667835476343
4185.400066417504,19799.23306517947,24991.86004547555,23601.270378424615,22462.724831142095,20503.45456389731,17619.129333201687,11715.10760590669,23245.922000108803,22906.561598984244,5309.821745748079,23997.136348012158,21240.120656091116,19922.770085794546,19971.84742182308,20513.9168797462,16898.274403049934,23876.456406623594,13158.241985698944,18052.10438880367,10673.772310038006,22044.56755360214,18995.903239102063,21247.765617473775,17303.454270470018
4182.9878625407,19799.23306517947,24991.86004547555,23601.270378424615,22462.724831142095,20503.45456389731,17619.129022853867,11715.10760590669,23245.922000108803,22906.561598984244,5309.821745748079,23997.136348012158,21240.120656091116,19922.770085794546,19971.84742182308,20513.9168797462,16897.961009431503,23876.456406623594,13158.241985698944,18051.599348755924,10673.772310038006,22044.56755360214,18995.903239102063,21247.765617473775,17303.34554666707
4142.537295584283,19799.23306517947,24991.86004547555,23601.270378424615,22462.724831142095,20503.45456389731,17619.129022853867,11611.559833620759,23245.922000108803,22906.561598984244,5303.794815247318,23997.136348012158,21240.120656091116,19922.770085794546,19782.316331878854,20513.9168797462,16897.961009431503,23876.456406623594,13157.764881039788,18051.599348755924,10547.904359762982,22044.56755360214,18995.903239102063,21247.765617473775,17303.34554666707
4106.211399226086,19799.23306517947,24991.86004547555,23601.270378424615,22462.724831142095,20445.656196473523,17619.129022853867,11611.559833620759,23245.922000108803,22906.561598984244,5303.794815247318,23997.136348012158,21240.120656091116,19694.881801587464,19782.316331878854,20513.9168797462,16897.9146241176,23876.456406623594,13150.97229359677,18051.599348755924,10537.041500763851,22044.56755360214,18995.903239102063,21247.765617473775,17303.34554666707
4074.0227372286536,19799.23306517947,24991.86004547555,23601.270378424615,22462.724831142095,20445.656196473523,17619.129022853867,11606.145234308391,23245.922000108803,22906.561598984244,5285.336170138289,23997.136348012158,21240.120656091116,19594.711343165967,19782.316331878854,20513.9168797462,16897.9146241176,23876.456406623594,13150.97229359677,18051.599348755924,10435.967510307994,22044.56755360214,18995.903239102063,21247.765617473775,17303.34554666707
4074.0227372286536,19799.23306517947,24991.86004547555,23601.270378424615,22462.724831142095,20445.656196473523,17619.129022853867,11489.549515068647,23245.922000108803,22906.561598984244,5268.327569326597,23997.136348012158,21240.120656091116,19594.711343165967,19763.743692581513,20513.9168797462,16897.9146241176,23876.456406623594,13150.97229359677,18051.279281395367,10435.967510307994,22044.56755360214,18992.651697580954,21247.765617473775,17303.130221670774
4066.8253664615477,19799.23306517947,24991.86004547555,23601.270378424615,22462.724831142095,20445.656196473523,17619.129022853867,11489.549515068647,23245.922000108803,22906.561598984244,5267.282622564671,23997.136348012158,21240.120656091116,19594.711343165967,19758.19902459987,20513.56351966872,16897.9146241176,23876.456406623594,13150.921950028198,18050.394606404203,10431.46967420826,22044.56755360214,18992.651697580954,21247.765617473775,17303.130221670774
4047.671610673504,19799.23306517947,24991.86004547555,23601.270378424615,22462.724831142095,20445.656196473523,17619.129022853867,11489.549515068647,23245.922000108803,22906.561598984244,5259.888278467479,23997.136348012158,21240.120656091116,19240.586246398514,19758.19902459987,20513.56351966872,16897.9146241176,23876.456406623594,13147.420934751102,18050.394606404203,10317.97564684337,22044.56755360214,18850.26120424818,21247.765617473775,17303.130221670774
4018.6165448736792,19799.23306517947,24991.86004547555,23601.270378424615,22462.724831142095,20445.656196473523,17619.129022853867,11489.549515068647,23245.922000108803,22906.561598984244,5211.517761711766,23997.136348012158,21240.120656091116,19240.586246398514,19758.19902459987,20513.56351966872,16897.9146241176,23876.456406623594,13135.67360499968,18050.394606404203,10204.500662365295,22044.56755360214,18850.26120424818,21247.765617473775,17303.130221670774
4003.1950541894475,19799.23306517947,24991.86004547555,23601.270378424615,22462.724831142095,20445.656196473523,17619.129022853867,11394.77049357376,23245.922000108803,22906.561598984244,5211.517761711766,23997.136348012158,21240.120656091116,19113.822883308025,19758.19902459987,20513.56351966872,16897.9146241176,23876.456406623594,13135.67360499968,18050.30575785899,10172.929939562055,22044.56755360214,18850.26120424818,21247.765617473775,17303.056719835193
3999.682221401621,19799.23306517947,24991.86004547555,23601.270378424615,22462.724831142095,20445.656196473523,17619.129022853867,11394.77049357376,23245.922000108803,22906.561598984244,5169.752186759055,23997.136348012158,21240.120656091116,19113.822883308025,19758.19902459987,20513.56351966872,16897.9146241176,23876.456406623594,13135.106627230798,18050.30575785899,10137.717184220048,22044.56755360214,18816.934561992493,21247.765617473775,17303.056719835193
3999.682221401621,19799.23306517947,24991.86004547555,23601.270378424615,22462.724831142095,20443.006950699666,17619.129022853867,11289.748808108008,23245.922000108803,22906.561598984244,5154.507507710499,23997.136348012158,21240.120656091116,18859.37873060366,19758.19902459987,20513.56351966872,16897.80336099334,23876.456406623594,13135.106627230798,18050.30575785899,10071.708953099784,22044.56755360214,18812.566002289113,21247.765617473775,17303.056719835193
3999.682221401621,19799.23306517947,24991.86004547555,23601.270378424615,22462.724831142095,20443.006950699666,17619.12899082351,11247.219107445995,23245.922000108803,22906.561598984244,5154.507507710499,23997.136348012158,21240.120656091116,18859.37873060366,19758.19902459987,20513.56351966872,16896.676626079912,23226.673702837958,13133.557032183682,18050.30575785899,10037.358856453277,22044.56755360214,18812.566002289113,21247.765617473775,17303.056719835193
3999.682221401621,19799.23306517947,24991.86004547555,23601.270378424615,22462.724831142095,20443.006950699666,17619.12870306247,11235.120527266587,23245.922000108803,22906.561598984244,5149.214298700259,23997.136348012158,21240.120656091116,18859.37873060366,19758.19902459987,20513.56351966872,16896.676626079912,23226.673702837958,13132.818130332635,18050.30575785899,9941.299791706268,22044.56755360214,18812.566002289113,21247.765617473775,17303.056719835193
3966.7886225155526,19799.23306517947,24991.86004547555,23601.270378424615,22462.724831142095,20443.006950699666,17619.12870306247,11127.741903851791,23245.922000108803,22906.561598984244,5100.531479028155,23997.136348012158,21240.120656091116,18859.37873060366,19758.19902459987,20513.190855708985,16896.676626079912,23226.673702837958,13127.98623479726,18050.30575785899,9763.511522586334,22044.56755360214,18783.70140027749,21247.765617473775,17303.05430571595
3871.548314174368,19799.185411580682,24991.86004547555,23601.270378424615,22462.724831142095,20443.006950699666,17619.12870306247,11127.741903851791,23245.922000108803,22906.561598984244,5086.796111739801,23997.136348012158,21240.120656091116,18859.37873060366,19758.19902459987,20511.3167139179,16896.60569618583,23226.673702837958,13126.386967925428,18050.30575785899,9763.511522586334,22044.56755360214,18783.70140027749,21247.765617473775,17303.05430571595
3871.548314174368,19799.185411580682,24991.86004547555,23601.270378424615,22462.724831142095,20443.006950699666,17619.12870306247,10946.645481637257,23245.922000108803,22906.561598984244,5060.098822525979,23997.136348012158,21240.120656091116,18859.37873060366,19754.677491651182,20511.3167139179,16896.60569618583,23226.673702837958,13094.088159849081,18050.30575785899,9763.511522586334,22044.56755360214,18783.70140027749,21247.765617473775,17303.05430571595
3823.511077877898,19799.185411580682,24991.86004547555,23601.270378424615,22462.724831142095,20443.006950699666,17619.12870306247,10896.400065193746,23245.922000108803,22906.561598984244,5031.168795844234,23997.136348012158,21240.120656091116,18691.63773745416,19754.677491651182,20510.11774595634,16896.60569618583,23226.673702837958,13093.387957662319,18050.220814062413,9763.511522586334,22044.56755360214,18783.22885129005,21247.765617473775,17303.04810408533
3815.76682976968,19798.89251001804,24777.770719154556,23601.270378424615,22462.724831142095,20443.006950699666,17619.12870306247,10880.382799512692,23245.922000108803,22906.561598984244,4980.612419220968,23997.136348012158,21240.117667098955,18691.63773745416,19744.82838163033,20510.11774595634,16896.60569618583,23226.673702837958,13093.387957662319,18050.220814062413,9737.68556383709,22041.21889823217,18783.22885129005,21247.765617473775,17303.0319940427
3814.474582240873,19798.89251001804,24777.770719154556,23601.270378424615,22462.724831142095,20443.006950699666,17619.12870306247,10755.572393613347,23245.922000108803,22906.561598984244,4980.612419220968,23997.136348012158,21240.052530738885,18691.63773745416,19744.82838163033,20510.11774595634,16865.218274763276,23226.673702837958,13093.387957662319,18050.220814062413,9737.68556383709,22039.711624065374,18783.22885129005,21247.765617473775,17303.024400352955
3751.1182394088682,19798.89251001804,24777.770719154556,23601.270378424615,22462.724831142095,20443.006950699666,17619.12870306247,10691.38932626769,23245.922000108803,22906.561598984244,4980.612419220968,22927.781423726105,21240.025687042842,18665.080625294824,19744.82838163033,20510.11774595634,16849.86019017067,23226.673702837958,13093.387957662319,18050.17002530397,9711.21816783477,22039.711624065374,18783.22885129005,21247.765617473775,17303.024400352955
3632.5047476118707,19798.89251001804,24777.770719154556,23601.270378424615,22462.724831142095,20443.006950699666,17619.128676038657,10543.281059898593,23245.922000108803,22906.561598984244,4895.139340461967,22927.781423726105,21240.025687042842,18644.953823862674,19744.82838163033,20510.11774595634,16844.801141926466,23226.673702837958,13093.387957662319,18050.17002530397,9676.312029625136,22039.711624065374,18783.22885129005,21247.765617473775,17303.024400352955
3610.2728527278014,19798.89251001804,24777.770719154556,23601.270378424615,22462.724831142095,20443.006950699666,17619.128676038657,10433.325248180976,23245.922000108803,22906.561598984244,4766.458598808313,22927.781423726105,21240.025687042842,18644.953823862674,19744.82838163033,20494.940474460625,16840.787097722823,23226.673702837958,13073.217588142372,18049.71214015327,9651.47370167001,22039.711624065374,18775.52228754213,21247.765617473775,17303.024400352955
3416.6743684481844,19798.89251001804,24777.770719154556,23601.270378424615,22462.724831142095,20443.006950699666,17619.128676038657,10433.325248180976,23245.922000108803,22906.561598984244,4741.246798500084,22927.781423726105,21240.025687042842,18644.953823862674,19744.82838163033,20494.940474460625,16839.317971267013,23226.673702837958,13060.47335026848,18049.567025918015,9578.32725390092,22039.711624065374,18755.95729508724,21247.765617473775,17303.024400352955
3325.0238782105735,19798.89251001804,24777.770719154556,23601.270378424615,22462.724831142095,20443.006950699666,17619.128676038657,10338.708702984946,23245.922000108803,22906.561598984244,4695.222887264674,22927.781423726105,21240.025687042842,18644.953823862674,19744.82838163033,20494.940474460625,16835.681312985136,23226.673702837958,13060.47335026848,18049.567025918015,9578.32725390092,22039.711624065374,18755.95729508724,21247.765617473775,17303.024400352955
3225.2051722002434,19798.89251001804,24777.770719154556,23601.270378424615,22462.724831142095,20443.006950699666,17619.128676038657,10212.694300822463,23245.922000108803,22906.561598984244,4618.568442979631,22927.781423726105,21240.025687042842,18644.953823862674,19744.82838163033,20491.029970244097,16835.681312985136,23226.673702837958,13060.47335026848,18049.567025918015,9578.32725390092,22039.711624065374,18755.95729508724,21247.765617473775,17303.024400352955
3225.2051722002434,19798.89251001804,24777.770719154556,23601.270378424615,22462.724831142095,20443.006950699666,17619.128676038657,10212.694300822463,23245.922000108803,22906.561598984244,4617.6958089076215,22927.781423726105,21240.025687042842,18644.953823862674,19744.82838163033,20491.029970244097,16835.681312985136,23226.673702837958,13060.47335026848,18049.567025918015,9578.32725390092,22039.711624065374,18755.95729508724,20298.82453642241,17303.024400352955
3103.878814014446,19798.890197169625,24777.770719154556,23601.270378424615,22462.724831142095,20443.006950699666,17619.128676038657,10175.867746421944,23245.922000108803,22906.561598984244,4585.030542863293,22927.781423726105,21240.024573483406,18631.723235363825,19744.82838163033,20491.029970244097,16829.647472793516,23226.673702837958,13054.729324370037,18049.567025918015,9578.32725390092,22039.711624065374,18755.95729508724,20298.82453642241,17303.024400352955
3103.878814014446,19798.890197169625,24777.770719154556,23601.270378424615,22462.724831142095,20443.006950699666,17619.128676038657,9964.820003217632,23245.922000108803,22906.561598984244,4585.030542863293,22927.781423726105,21240.024573483406,18576.501918861984,19744.82838163033,20491.029970244097,16829.647472793516,23226.673702837958,13054.729324370037,18049.46011190952,9578.32725390092,22039.711624065374,18755.95729508724,20298.82453642241,17303.024400352955
3060.2112422910795,19798.890197169625,24777.770719154556,23601.270378424615,22462.724831142095,20443.006950699666,17619.128676038657,9684.514609839192,23245.922000108803,22906.561598984244,4585.030542863293,22927.781423726105,21240.024573483406,18525.801512383772,19744.82838163033,20491.029970244097,16829.647472793516,23226.673702837958,13052.766473829171,18049.46011190952,9578.32725390092,22039.711624065374,18755.95729508724,20298.82453642241,17303.024400352955
3060.2112422910795,19798.890197169625,24777.770719154556,23601.270378424615,22462.724831142095,20443.006950699666,17619.128676038657,9567.264661944508,23245.922000108803,22906.561598984244,4581.205955387057,22927.781423726105,21240.024573483406,18525.801512383772,19744.82838163033,20491.029970244097,16829.647472793516,23226.673702837958,13023.747469279399,18049.46011190952,9578.32725390092,22039.711624065374,18755.95729508724,20298.82453642241,17299.08830510719
3060.2112422910795,19798.890197169625,24777.770719154556,23601.270378424615,22462.724831142095,20443.006950699666,17619.128676038657,9567.264661944508,23245.922000108803,22906.561598984244,4555.054905493671,22927.781423726105,21240.024573483406,18525.801512383772,19744.32545912838,20491.029970244097,16829.647472793516,23226.673702837958,13022.537590783282,18049.46011190952,9577.188027302713,22039.711624065374,18755.95729508724,20298.82453642241,17299.08830510719
3004.0762473104915,19798.890197169625,24777.770719154556,23601.27033317963,22462.724831142095,20421.031050287565,17619.128676038657,9567.264661944508,23245.922000108803,22906.561598984244,4549.618814720765,22927.781423726105,21240.024513507597,18512.920547956302,19744.32545912838,20486.015891462317,16829.647472793516,23226.673702837958,13021.493342860384,18049.46011190952,9577.188027302713,22039.711624065374,18755.95729508724,20298.82453642241,17299.08830510719
2979.194231035559,19798.890197169625,24777.770719154556,23601.27033317963,22462.724831142095,20421.031050287565,17619.128676038657,9223.530491198006,23245.922000108803,22906.561598984244,4549.618814720765,22927.781423726105,21240.024513507597,18512.920547956302,19744.32545912838,20486.015891462317,16829.647472793516,23226.673702837958,13021.449144947994,18049.46011190952,9575.077448399003,22039.711624065374,18755.95729508724,20298.82453642241,17294.18281426247
2886.057482738812,19798.551024938064,24777.770719154556,23601.270324068184,22462.724831142095,20421.031050287565,17619.128676038657,9012.576513750806,23245.922000108803,22906.561598984244,4549.618814720765,22927.781423726105,21240.016076046402,18509.208048650282,19618.845543841442,20486.015891462317,16829.541059689556,23226.673702837958,13010.21793213563,18049.46011190952,9575.077448399003,22039.711624065374,18755.95729508724,20298.82453642241,17294.18281426247
2851.0239924406924,19798.551024938064,24777.770719154556,23601.270324068184,22462.724831142095,20421.031050287565,17619.128676038657,8950.591328751398,23245.922000108803,22906.561598984244,4538.8382093358305,22927.781423726105,21240.016076046402,18509.208048650282,19618.845543841442,20232.41021731908,16829.23719881256,23226.673702837958,13009.222777523213,18049.46011190952,9575.077448399003,22039.711624065374,18755.95729508724,20298.82453642241,17294.18281426247
2850.3580901950263,19798.551024938064,24777.770719154556,23601.270324068184,22462.724831142095,20421.031050287565,17619.128666881694,8789.02517392132,23245.922000108803,22906.561598984244,4538.8382093358305,22927.781423726105,21240.016076046402,18494.1381925497,19609.195832659872,20232.41021731908,16829.23719881256,23226.673702837958,13009.222777523213,18049.46011190952,9575.077448399003,22039.711624065374,18755.95729508724,20022.60535545727,17294.18281426247
2789.857788067151,19798.551024938064,24777.770719154556,23514.429769086353,22462.724831142095,20421.031050287565,17619.128661833576,8789.02517392132,23245.922000108803,22906.561598984244,4533.4230148540155,22927.781423726105,21240.016076046402,18494.1381925497,19609.195832659872,20110.194006086273,16829.23719881256,23226.673702837958,13009.222777523213,18049.46011190952,9575.077448399003,22039.711624065374,18755.95729508724,20022.60535545727,17294.18281426247
2789.857788067151,19798.551024938064,24777.770719154556,23514.429769086353,22462.724831142095,20421.031050287565,17619.128661833576,8789.02517392132,23245.922000108803,22906.561598984244,4533.4230148540155,22927.781423726105,21240.016076046402,18494.1381925497,19609.195832659872,20092.224475219915,16740.729174121352,23226.673702837958,13006.073320806365,18049.3323197164,9493.646564500727,22039.711624065374,18755.95729508724,20022.60535545727,17290.44271410445
2789.857788067151,19798.551024938064,24777.770719154556,23514.429769086353,22462.724831142095,20421.031050287565,17619.128661833576,8788.85048399595,23245.922000108803,22906.561598984244,4533.4230148540155,22927.781423726105,21240.016076046402,18494.1381925497,19609.195832659872,19947.67568433055,16726.50292367062,23226.673702837958,13005.414214913533,18049.262571988078,9493.646564500727,22039.711624065374,18755.95729508724,20022.60535545727,17290.44271410445
2789.857788067151,19798.551024938064,24777.770719154556,23514.429769086353,22462.724831142095,20414.15892005032,17619.128661833576,8717.503496226047,23245.922000108803,22906.561598984244,4532.102162167896,22927.781423726105,21240.016076046402,18483.314850942774,19609.195832659872,19947.67568433055,16726.50292367062,23226.673702837958,12999.513829446285,18048.826886654486,9493.646564500727,22039.711624065374,18755.95729508724,20022.60535545727,17289.38527224282
2741.9716057279875,19798.551024938064,24777.770719154556,23514.429769086353,22462.724831142095,20410.09947379439,17619.128661833576,8715.400631744305,23245.922000108803,22906.561598984244,4525.75806224424,22927.781423726105,21240.016076046402,18467.430301543653,19609.195832659872,19947.67568433055,16726.50292367062,23226.673702837958,12998.25762362994,18048.703991934064,9490.089434035865,22039.711624065374,18745.45682586555,18073.884230847674,17289.38527224282
2730.3806238535035,19798.551024938064,24777.770719154556,23514.429769086353,22462.724831142095,20410.09947379439,17619.128661833576,8667.174720673356,23245.922000108803,22906.561598984244,4520.795373616289,22927.781423726105,21240.016076046402,18467.430301543653,19609.195832659872,19924.008406296445,16726.50292367062,23226.673702837958,12998.25762362994,18048.043357214243,9490.089434035865,22039.711624065374,18745.45682586555,18073.884230847674,17289.38527224282
2730.3806238535035,19798.551024938064,24777.770719154556,23514.429769086353,22462.724831142095,20410.09947379439,17619.128648184495,8510.38449871682,23245.922000108803,22906.561598984244,4520.227040156111,22927.781423726105,21240.016076046402,18467.430301543653,19589.793952633398,19916.220513879198,16715.338391076002,23226.673702837958,12998.25762362994,18048.043357214243,9430.379430868408,22039.711624065374,18745.45682586555,18073.884230847674,17289.38527224282
2730.3806238535035,19798.458908815668,24777.770719154556,23514.429769086353,22462.724831142095,20410.09947379439,17619.128648184495,8510.38449871682,23245.922000108803,22906.561598984244,4520.227040156111,22927.781423726105,21240.015497842294,18467.430301543653,19557.45056059592,19916.220513879198,16715.338391076002,23226.673702837958,12996.58417697146,18048.043357214243,9430.379430868408,22039.711624065374,18745.45682586555,18073.884230847674,17289.38527224282
2730.3806238535035,19798.458908815668,24777.770719154556,23514.429769086353,22462.724831142095,20410.09947379439,17619.128648184495,8383.33855900653,23245.922000108803,22906.561598984244,4506.9253558069395,22927.781423726105,21240.015497842294,18467.430301543653,19557.45056059592,19916.220513879198,16715.338391076002,23226.673702837958,12996.58417697146,18048.043357214243,9430.379430868408,22039.711624065374,18745.45682586555,18073.884230847674,17289.38527224282
2709.6402047856463,19798.458908815668,24777.770719154556,23514.429769086353,22462.724831142095,20410.09947379439,17619.128648184495,8383.33855900653,23245.922000108803,22906.561598984244,4506.9253558069395,22927.781423726105,21240.015497842294,18467.430301543653,19554.667274952342,19916.220513879198,16715.338391076002,23226.673702837958,12995.532461582407,18048.043357214243,9430.379430868408,22039.711624065374,18745.45682586555,18073.884230847674,17289.38527224282
2709.6402047856463,19798.458908815668,24777.770719154556,23514.429769086353,22462.724831142095,20410.09947379439,17619.128647181875,8383.33855900653,23245.922000108803,22906.561598984244,4506.160328165555,22927.781423726105,21239.711342732975,18467.430301543653,19554.667274952342,19916.220513879198,16715.338391076002,23226.673702837958,12995.532461582407,18048.041221167507,9430.379430868408,22039.711624065374,18745.45682586555,18073.884230847674,17289.38527224282
2709.6402047856463,19798.458908815668,24777.770719154556,23514.429769086353,22462.724831142095,20410.09947379439,17619.128647181875,8273.577534068267,23245.922000108803,22906.561598984244,4505.345965570385,22927.781423726105,21239.702970241506,18467.430301543653,19554.667274952342,19916.220513879198,16714.10741541641,23226.673702837958,12995.532461582407,18048.041221167507,9375.165780271738,22039.711624065374,18745.45682586555,18073.884230847674,17289.38527224282
2706.9221224425783,19798.458908815668,24777.770719154556,23514.429769086353,22462.724831142095,20406.64445289186,17619.128647181875,8273.577534068267,23245.922000108803,22906.561598984244,4493.55843465792,22927.781423726105,21239.702970241506,18467.430301543653,19554.667274952342,19916.220513879198,16714.10741541641,23226.673702837958,12995.532461582407,18048.00121484665,9326.642939918114,22039.711624065374,18745.45682586555,18073.884230847674,17289.38527224282
2703.3302152381657,19798.425217259377,24777.770719154556,23514.429769086353,22462.724831142095,20406.64445289186,17619.12864379432,8247.451359313774,23245.922000108803,22906.561598984244,4493.55843465792,22927.781423726105,21239.702970241506,18467.430301543653,19554.667274952342,19886.37562009442,16714.10741541641,23226.673702837958,12995.532461582407,18048.00121484665,9306.943761130839,22039.711624065374,18745.45682586555,18073.884230847674,17289.38527224282
2703.3302152381657,19798.425217259377,24777.770719154556,23514.429769086353,22462.724831142095,20406.64445289186,17619.12864379432,8125.142418944262,23245.922000108803,22906.561598984244,4483.042574133993,22927.781423726105,21239.702970241506,18467.430301543653,19550.7609622629,19886.37562009442,16713.26210731841,23226.673702837958,12995.532461582407,18048.00121484665,9240.529744006191,22039.711624065374,18745.45682586555,18073.884230847674,17289.38527224282
2703.3302152381657,19798.425217259377,24777.770719154556,23514.429769086353,22462.724831142095,20406.64445289186,17619.12864379432,7884.646788492486,23245.922000108803,22906.561598984244,4481.961966171846,22927.781423726105,21239.702970241506,18467.430301543653,19550.7609622629,19886.37562009442,16706.236372499225,23226.673702837958,12995.532461582407,18048.00121484665,9240.529744006191,22039.711624065374,18745.45682586555,18073.884230847674,17289.38527224282
2692.2260857204965,19798.425217259377,24777.770719154556,23514.429769086353,22462.724831142095,20406.64445289186,17619.12864379432,7848.058410299855,23245.922000108803,22906.561598984244,4467.0818915910495,22927.781423726105,21239.702970241506,18467.430301543653,19550.7609622629,19886.37562009442,16706.236372499225,23226.673702837958,12995.532461582407,18047.978643525745,9127.285774033851,22039.711624065374,18744.534993758458,18073.884230847674,17289.384032546943
2689.221460824192,19602.85023770814,24777.770719154556,23514.429769086353,22462.724831142095,20406.64445289186,17619.128643427404,7829.49261383769,23245.922000108803,22906.561598984244,4445.515022456253,22927.781423726105,21239.702628867002,18467.430301543653,19550.7609622629,19886.37562009442,16706.236372499225,23226.673702837958,12995.345933929864,18047.978643525745,9044.493865637545,22039.711624065374,18744.534993758458,18073.884230847674,17289.35971375055
2689.221460824192,19602.85023770814,24777.770719154556,23514.429769086353,22462.724831142095,20406.64445289186,17619.128639564387,7736.100831771226,23245.922000108803,22906.561598984244,4431.413639410042,22927.781423726105,21239.702628867002,18467.430301543653,19545.841992360372,19885.517505004857,16706.236372499225,23226.673702837958,12985.226700035873,18047.978643525745,8924.766620593626,22039.711624065374,18744.534993758458,18073.884230847674,17289.35971375055
2678.7119841305685,19602.85023770814,24777.770719154556,23513.59773787467,22462.724831142095,20406.64445289186,17619.128635437966,7647.300144521745,23245.922000108803,22906.561598984244,4428.132388379738,22927.781423726105,21239.702628867002,18467.430301543653,19545.841992360372,19868.519495931745,16706.236372499225,23226.673702837958,12985.192101643504,18047.976912803202,8831.112648154718,22037.658865315665,18743.292134636653,18073.884230847674,17289.35971375055
2661.873082369515,19602.85023770814,24777.770719154556,23513.59773787467,22462.724831142095,20406.64445289186,17619.1286332081,7625.997708663774,23245.922000108803,22906.561598984244,4407.659020177693,22927.781423726105,21239.702628867002,18465.326480631455,19545.841992360372,19868.519495931745,16706.236372499225,23226.673702837958,12984.278418084625,18047.976912803202,8831.112648154718,22037.658865315665,18743.292134636653,18073.884230847674,17159.315791888148
2661.873082369515,19602.85023770814,24777.770719154556,23513.59773787467,22462.724831142095,20406.64445289186,17619.1286332081,7475.920587662462,23245.922000108803,22906.561598984244,4379.906064395524,22927.781423726105,21239.702628867002,18465.326480631455,19544.66816425488,19868.519495931745,16704.48634621376,23226.673702837958,12983.514677415125,18047.976912803202,8831.112648154718,22037.658865315665,18743.292134636653,18055.587933966723,17159.315791888148
2661.873082369515,19602.85023770814,24777.770719154556,23513.59773787467,22462.724831142095,20406.64445289186,17619.1286332081,7475.920587662462,23245.922000108803,22906.561598984244,4379.906064395524,22927.781423726105,21239.702628867002,18465.326480631455,19539.134700799914,19851.074074298936,16704.48634621376,23226.673702837958,12970.108865765596,18047.976912803202,8802.722797679744,22037.658865315665,18743.292134636653,18055.587933966723,17159.315791888148
2661.873082369515,19598.903296856428,24777.770719154556,23513.59773787467,22462.724831142095,20406.64445289186,17619.1286332081,7443.300502122009,23245.922000108803,22906.561598984244,4371.231350842441,22927.781423726105,21239.702628867002,18465.326480631455,19539.134700799914,19851.074074298936,16704.48634621376,23226.673702837958,12970.108865765596,18047.976912803202,8745.305678363758,22037.658865315665,18743.292134636653,18055.587933966723,17149.327249655777
2647.609202919615,19598.903296856428,24777.770719154556,23513.59773787467,22462.724831142095,20406.64445289186,17619.1286332081,7371.924409975065,23245.922000108803,22906.561598984244,4352.907132025379,22927.781423726105,21239.702628867002,18465.326480631455,19539.134700799914,19851.074074298936,16704.48634621376,23226.673702837958,12970.108865765596,18047.97581387368,8733.255094811204,22037.658865315665,18743.292134636653,18055.587933966723,17149.327249655777
2647.609202919615,19598.903296856428,24777.770719154556,23513.59773787467,22462.724831142095,20406.64445289186,17619.128630897918,7357.100594536627,23245.922000108803,22906.561598984244,4327.122421238899,22927.781423726105,21239.702042779296,18465.326480631455,19537.445293937326,19851.074074298936,16703.282547537423,23226.673702837958,12970.108865765596,18047.97062699187,8677.933127900113,22037.658865315665,18743.292134636653,18055.587933966723,17149.327249655777
2647.6041253755175,19598.903296856428,24777.770719154556,23513.59773787467,22462.724831142095,20401.846826388904,17619.128630897918,7277.706849449685,23245.922000108803,22906.561598984244,4327.122421238899,22927.781423726105,21239.702042779296,18465.326480631455,19537.445293937326,19851.074074298936,16703.282547537423,23226.673702837958,12959.276690565232,18047.97062699187,8631.083375505354,22037.658865315665,18743.292134636653,18055.587933966723,17149.327249655777
2641.92952178642,19598.903296856428,24777.770719154556,23513.59773787467,22462.724831142095,20396.58993202475,17619.128630897918,7277.706849449685,23245.922000108803,22906.561598984244,4235.413098760211,22927.781423726105,21239.702042779296,18465.326480631455,19537.445293937326,19850.875137178093,16703.282547537423,23226.673702837958,12943.368732950094,18047.97062699187,8576.414762939989,22037.658865315665,18743.217198724396,18055.587933966723,17149.327249655777
2639.942974385267,19598.903296856428,24777.770719154556,23513.59773787467,22462.724831142095,20396.3329553467,17619.128630897918,7097.465648300116,23245.922000108803,22906.561598984244,4235.413098760211,22927.781423726105,21239.70101928311,18465.326480631455,19537.445293937326,19850.875137178093,16703.282547537423,23226.673702837958,12934.448745264082,18047.97062699187,8557.805217351997,22037.658865315665,18743.217198724396,18055.587933966723,17149.327249655777
2639.942974385267,19598.903296856428,24777.770719154556,23513.59773787467,22462.724831142095,20396.3329553467,17619.128630053667,7097.465648300116,23245.922000108803,22906.561598984244,4235.413098760211,22927.781423726105,21239.70101928311,18465.326480631455,19537.445293937326,19850.875137178093,16703.282547537423,23226.673702837958,12908.48510152951,18047.96991528808,8429.762144544271,22037.658865315665,18743.217198724396,18055.587933966723,17149.327249655777
2629.7380094095934,19598.903296856428,24777.770719154556,23513.59773787467,22444.036955093972,20396.3329553467,17619.128630053667,6841.931095229105,23245.922000108803,22906.561598984244,4197.388739294271,22927.781423726105,21239.70101928311,18463.373410413988,19537.445293937326,19833.656357070202,16703.282547537423,23226.673702837958,12907.301570265146,18047.96991528808,8410.816020214974,22037.658865315665,18743.217198724396,18055.587933966723,17149.327249655777
2629.7380094095934,19598.903296856428,24777.770719154556,23513.59773787467,22444.036955093972,20396.3329553467,17619.128630053667,6841.931095229105,23245.922000108803,22906.561598984244,4166.145387388286,22927.781423726105,21239.70101928311,18463.373410413988,19537.445293937326,19833.656357070202,16703.03761887225,23226.673702837958,12886.00312446097,18047.96991528808,8356.409058640565,22037.658865315665,18743.217198724396,18055.587933966723,17149.327249655777
2629.7380094095934,19598.903296856428,24777.770719154556,23512.38983972608,22444.036955093972,20396.3329553467,17619.128630053667,6826.575537401979,23245.922000108803,22906.561598984244,4113.256837846886,22927.781423726105,21239.69955783597,18463.373410413988,19537.445293937326,19833.656357070202,16703.03761887225,23226.673702837958,12886.00312446097,18047.969131367885,8356.409058640565,22037.658865315665,18743.217198724396,18055.587933966723,17149.327249655777
2616.443129135383,19598.903296856428,24777.770719154556,23512.38983972608,22444.036955093972,18194.720030073066,17619.128630053667,6738.298881517861,23245.922000108803,22906.561598984244,4067.53240596081,22927.781423726105,21239.69955783597,18463.373410413988,19537.445293937326,19833.656357070202,16703.03761887225,23226.673702837958,12871.464758195103,18047.969131367885,8256.911409171655,22037.658865315665,18743.217198724396,18055.587933966723,17149.327249655777
2614.7232215724944,19598.903296856428,24777.770719154556,23512.38983972608,22444.036955093972,18194.720030073066,17619.128630053667,6696.904929828896,23245.922000108803,22906.561598984244,4067.53240596081,22927.781423726105,21239.69955783597,18463.373410413988,19537.445293937326,19833.656357070202,16700.982739561336,23226.673702837958,12814.724919373122,18047.969131367885,8225.82432594266,22037.657016654914,18743.217198724396,18055.587933966723,17138.6325820683
2606.2640199811212,19598.903296856428,24777.770719154556,23512.38983972608,22425.815273000706,18194.720030073066,17619.128630053667,6664.623177877867,23245.922000108803,22906.561598984244,3998.977496742751,22927.781423726105,21239.69955783597,17764.060919636602,19537.445293937326,19833.656357070202,16700.76938139052,23226.673702837958,12814.724919373122,18047.969131367885,8225.82432594266,22037.657016654914,18743.217198724396,18055.587933966723,17138.6325820683
