trial_1,trial_2,trial_3,trial_4,trial_5,trial_6,trial_7,trial_8,trial_9,trial_10,trial_11,trial_12,trial_13,trial_14,trial_15,trial_16,trial_17,trial_18,trial_19,trial_20,trial_21,trial_22,trial_23,trial_24,trial_25
84554659252.6781,70164234759.52213,98017588960.17574,86903110767.86302,65641008559.95759,85359098139.3565,71068256568.1683,99642579123.31245,83012552567.11801,99412971346.53452,79858623189.11154,106936518928.2479,46908075339.95836,97873361541.89322,52713629162.352585,60094407718.77177,72856626154.0418,70156282665.16603,124031493461.68056,69890309033.81952,67853085828.86131,91446794249.15854,80998592536.65881,59182742415.71477,91429446072.27873
65261491229.87951,57081882135.937515,85613327440.13876,86903110767.86302,65641008559.95759,55561955340.94789,56305537675.18507,59768003365.98707,83012552567.11801,66514611220.99468,46042227546.56064,72094878824.11388,32543188969.04413,58738473617.18261,52713629162.352585,58185840291.54155,62633123270.66827,70156282665.16603,113345491311.01552,49952871749.45406,45231352161.479095,33095996949.084507,74128048743.77235,39334522726.86214,53229260226.02136
59820252030.56991,57081882135.937515,62799050539.29772,83552181404.89026,52739203652.68128,53237274895.645325,33369071462.69459,59768003365.98707,59472890616.7755,66514611220.99468,42648969268.800354,69315631930.90218,32543188969.04413,58738473617.18261,52713629162.352585,42799526491.19269,52009066439.98088,60074675237.430405,79423620245.8531,43382645116.488464,32729227838.540737,29677406307.86207,45159214193.140495,39334522726.86214,53229260226.02136
39393172694.010735,51489518389.57613,37906270065.72233,76693573678.69872,42796705933.50569,53237274895.645325,30935530796.98465,44521201807.05378,58151149436.33358,48749991135.89184,25012414874.179478,53247877625.79728,32543188969.04413,45293140771.663605,47062812598.26091,26128801673.700626,39460304789.825775,47413549705.78134,65368634300.056,43382645116.488464,32729227838.540737,25612907875.956554,36044850250.05881,38686343689.17403,53229260226.02136
38969660124.712524,51489518389.57613,36867722543.61763,60504728980.8283,35465090946.07257,46566780998.18848,28096172015.144478,38893851679.42871,55801273495.11986,38376133460.06867,25012414874.179478,51807660645.57181,32332196929.006256,45293140771.663605,38850669776.64775,26095127200.532516,36570710390.87686,41052223097.66961,65368634300.056,37342082305.35166,25727401465.147354,19682559979.866467,34264024582.3457,38686343689.17403,39810862163.85462
24011866263.9681,50883901726.130486,33896805710.774662,58099756513.77433,23766703004.684834,44034540528.91678,23841129799.221954,38893851679.42871,55801273495.11986,38376133460.06867,24598435538.920643,28566741228.50466,22571131807.9835,44591872100.78003,38850669776.64775,21254333053.188713,36570710390.87686,37307235297.33478,57798898524.12262,36049940035.20772,25727401465.147354,19682559979.866467,26516926480.593636,35823000894.617966,37944000671.77478
24011866263.9681,32378999125.103653,33896805710.774662,56720057069.239845,23766703004.684834,41926666347.72768,23841129799.221954,34807229833.70806,41099480517.556816,32174695037.73809,18184306732.641106,28566741228.50466,15386087082.3326,44037727765.387344,32072665645.482796,21254333053.188713,36570710390.87686,33482313364.97743,48235265837.83273,31341703467.12859,25727401465.147354,19113577997.332592,23397235659.939674,29479480839.85358,36290473131.56628
23304838598.191696,32378999125.103653,33896805710.774662,31616359355.157986,21121825952.928513,19006202523.509434,20048688989.936268,31930915609.114433,41099480517.556816,32174695037.73809,17284752441.636883,26245362900.824913,12601522262.168602,41052470208.97154,28783005265.219383,19121755271.82003,36570710390.87686,16753413316.052958,44559079368.39096,27535216600.28621,22763042627.48068,16320693503.748451,18693340374.1587,29237551752.106915,36290473131.56628
16888490892.6329,25402633341.508877,28927839779.64184,31616359355.157986,21121825952.928513,19006202523.509434,20048688989.936268,31930915609.114433,37496042224.93698,11121109257.483036,16302841025.033007,26245362900.824913,10937792507.165987,39620237741.18704,22866038916.60362,18304258424.57936,36334168422.802216,16753413316.052958,39479456393.99206,18792876407.24553,22763042627.48068,16320693503.748451,18693340374.1587,27842270462.708,34994889680.56723
16888490892.6329,24597481466.573143,28927839779.64184,29579587361.75826,21121825952.928513,19006202523.509434,15793184390.544207,26839320765.321262,37496042224.93698,11121109257.483036,16302841025.033007,26245362900.824913,10489338536.732733,29841034091.247303,20680383862.41443,18110809989.306774,27715717493.54604,16349446481.34439,39479456393.99206,18792876407.24553,22763042627.48068,15639652743.453976,18575087124.29943,21219945046.440956,30714756130.16515
16675387033.89234,24597481466.573143,28887091181.99762,24274991914.133762,15308775604.593922,17166330525.43678,15287848140.580961,26303395836.74162,35922347927.15283,11121109257.483036,15280506816.615372,26232802673.95483,8507887532.404923,29479270935.906445,10564603491.778238,14724144724.040922,25733122248.213787,10814146528.932257,35977944723.16237,17820245996.491253,20178609648.000427,15034727089.572077,13932712446.175348,21219945046.440956,27729646606.832157
12118499772.33811,24597481466.573143,28887091181.99762,18081274816.94037,12000256804.561785,17166330525.43678,13136817360.569675,20293469908.633144,34026587175.94915,11121109257.483036,11787774106.74051,19083715843.60187,8273187579.884045,25797130011.899025,10564603491.778238,11868957077.491673,19454445674.72602,10814146528.932257,26839924102.248043,16075062061.355726,19466328209.122253,15034727089.572077,13839744016.41217,20951970842.20083,24887611237.0414
10417755017.595781,18738207874.594482,21109432733.305157,16438323935.31712,8564993736.305604,12569284121.395802,11823223756.229599,15091587741.337517,34026587175.94915,11121109257.483036,10813327771.796417,17288592224.384766,8273187579.884045,21315046490.922905,7275855910.1259,10568273762.49227,19454445674.72602,10814146528.932257,26724327086.613163,14640088603.921238,14975382111.374668,10329268523.166624,9558956965.124361,20053643091.141964,18674871869.451706
10129680508.973534,15658073612.107832,21109432733.305157,14508540938.197964,8395566514.741764,12569284121.395802,10681859387.506441,14736776108.866264,30307497642.298286,9213205148.797182,9740869431.085129,17288592224.384766,5812060904.241016,17792343702.21663,7275855910.1259,8958737670.051567,19454445674.72602,10132415061.718983,26724327086.613163,14245651429.90234,14975382111.374668,9018112825.168207,8825609813.221842,19133918067.809147,18669921952.788902
8162724630.778593,12958926222.936922,15808689394.216099,14011839911.175713,7684646909.061826,12569284121.395802,10474979504.860004,14655637215.200447,25211387671.740257,9213205148.797182,9033918047.912596,17288592224.384766,5812060904.241016,14902019782.848928,7055865478.673866,8446026022.326768,15440422568.323826,7826644837.548991,26705896780.47555,14245651429.90234,14899336664.052603,7409677841.361629,7819938046.251875,15824582792.456558,16484057484.55511
7597178744.356905,12084015820.308813,14522541873.008585,11578460861.211319,7684646909.061826,12024789102.81463,7252837246.009848,13056685068.331911,25051873011.11711,9213205148.797182,9033918047.912596,17288592224.384766,5812060904.241016,14902019782.848928,6970913487.000213,8341431924.687893,15440422568.323826,6147415404.819755,23087224484.051723,10496009944.22563,12890586157.187231,7409677841.361629,7819938046.251875,15824582792.456558,12426776570.182663
7597178744.356905,12084015820.308813,14134972067.25367,11578460861.211319,5560401979.47513,10197512262.304869,5170548113.868285,10005804373.796764,16754134287.878654,7398899715.604067,7852605280.569807,17288592224.384766,5659682888.189697,14902019782.848928,5641082388.548649,7915021474.725426,14706788163.662586,6147415404.819755,23087224484.051723,9229960693.784063,8886636938.588509,7409677841.361629,7400729363.832387,15302566797.587135,11178143007.701385
7297452173.486942,10720461353.464893,12560650525.520174,10064314518.97697,5560401979.47513,10123680211.268507,5170548113.868285,9982937518.661541,16754134287.878654,6823087797.855397,6451250489.07474,17288592224.384766,5659682888.189697,9712527517.223927,5550961026.688125,7193737913.604611,14118159585.403889,5312357093.207716,18741749319.687622,9229960693.784063,6583093056.111621,6763362016.376753,7138289990.513478,15302566797.587135,9245880683.103685
6673303274.627548,8270349790.556563,10728629813.140554,8624079567.437561,5560401979.47513,7982716050.714125,4851569219.0789175,8525056356.351072,14478217464.133492,6575459450.3951435,6338965705.48443,16806868643.857143,4672202861.602083,7486498280.368612,5428144489.608854,7130675356.358038,12080102728.193346,4977154248.043414,16993887385.369583,8293090770.529249,6170118627.729396,6763362016.376753,7066926197.800848,13118546182.568916,9245880683.103685
6214902726.148424,8270349790.556563,10379967843.322437,6897819102.616026,5558648004.59968,7982716050.714125,4851569219.0789175,7902177364.46865,14142939150.968657,5915924964.697686,4948669116.650396,14605370711.036013,4672202861.602083,7486498280.368612,3825020378.473093,3973669813.685796,8374570955.743475,4126807375.5090556,15768811128.789083,8293090770.529249,5711863300.565994,5389633845.237671,7026900848.790389,13118546182.568916,9245880683.103685
6214902726.148424,8203888392.049764,10379967843.322437,6776188884.04075,4976380839.601566,7982716050.714125,4578029624.606832,7731984483.27437,11015655103.053106,5915924964.697686,4819783709.999197,14313873384.600163,4565293915.988224,7486498280.368612,3825020378.473093,3973669813.685796,8374570955.743475,4117567027.9994435,11545684171.983776,8293090770.529249,5711863300.565994,3677473301.3450413,6521878219.887097,13118546182.568916,6444539482.861882
5499242940.132373,7235933283.085951,8263091931.664177,6104795992.964156,4665108668.919941,5696299513.975028,4364647277.289498,7631774565.916494,11015655103.053106,5903871940.567972,4819783709.999197,14313873384.600163,3847363359.1608076,7369437055.391186,3825020378.473093,3973669813.685796,6777571818.1781225,4117567027.9994435,11545684171.983776,6619969087.729837,5711863300.565994,3503306527.312421,5308152104.421682,11916578520.203684,6444539482.861882
3390770807.096119,5788009342.695763,7311799501.026396,5395277411.283934,4186821146.3473034,5696299513.975028,4313247937.08512,6740626552.953853,8939582609.094372,5353046089.477117,4589267291.517453,10676968724.840809,3421988369.6569877,7031840472.103656,3825020378.473093,2977137356.1776967,6777571818.1781225,3969273873.1322074,10648484895.187109,6619969087.729837,4009394862.1925364,3457653534.1759686,5308152104.421682,11776199991.222052,6364218986.286717
2084221655.835713,5788009342.695763,7311799501.026396,5090684741.865843,3982416858.2769537,5636200034.4824095,4145017196.469538,6740626552.953853,8939582609.094372,5086874048.157046,4484901258.37384,10676968724.840809,3092374195.5098276,5997697000.608061,2718065777.4683,2829252292.6598997,6777571818.1781225,3265530145.521591,8818267048.954838,6295353549.122327,4009394862.1925364,2820717678.353366,5131054422.655728,11188208917.035389,6364218986.286717
2084221655.835713,4897030880.652193,6955618300.272364,3993964708.0539594,3561691141.726752,5636200034.4824095,3868406011.8068905,6343180893.369036,8186888730.210917,5081585436.202795,4154330943.116167,10562519736.268492,3092374195.5098276,5997697000.608061,2718065777.4683,1974579401.1404433,6777571818.1781225,3265530145.521591,6636239921.972441,6295353549.122327,3977443827.6188965,2726172040.5588303,5131054422.655728,11188208917.035389,6202119625.576805
1900230212.5131652,4897030880.652193,5879498847.905008,3929939239.218271,3480258313.0919795,5636200034.4824095,3868406011.8068905,4810927183.093848,7842568926.415215,4430478444.24816,4154330943.116167,10427425699.02955,2652553202.1431813,5383671161.161089,2718065777.4683,1257127000.901853,6777571818.1781225,3265530145.521591,6636239921.972441,6295353549.122327,3815614863.8765717,2557516945.55685,4148984731.704535,10398488176.497124,6125619025.040692
1308943372.4182265,4897030880.652193,5334034283.250033,3881411960.825333,3325792059.1982546,5194614932.257933,3868406011.8068905,4810927183.093848,6883935905.906166,4368030367.964245,4154330943.116167,10256431458.913164,2652553202.1431813,5383671161.161089,2702246262.6477766,1257127000.901853,6318303693.260036,3265530145.521591,5162432980.387445,6031676629.878026,3545239631.0509753,2557516945.55685,3936675180.2950845,10291927099.703695,6125619025.040692
1308943372.4182265,3628370758.4682627,4882485023.038181,2778836605.9718513,3300333229.4920244,4661047514.58331,3794257914.736749,4810927183.093848,6734511831.909464,4135143752.255041,2888119386.0505586,9776011469.672186,2617036164.498345,4739640544.033764,2546367294.276385,1237930625.2702851,6308504516.179543,2631557268.6870656,4973663195.86459,5729920146.841954,2988758942.3923054,2557516945.55685,3731933478.0218854,10291927099.703695,5280566377.113262
1308943372.4182265,3285199810.8709564,4364580404.34412,2778836605.9718513,3300333229.4920244,4070982788.359533,3794257914.736749,4810927183.093848,6705683567.482222,3944569129.0428157,2888119386.0505586,9528481058.525969,2617036164.498345,4541950708.80539,2546367294.276385,1237930625.2702851,6088299333.917406,2423236074.801413,3832462271.089274,5094683407.475635,2226566672.598543,2557516945.55685,3293658473.5400343,10291927099.703695,4436764354.193931
1308943372.4182265,3285199810.8709564,3739460714.8045225,2778836605.9718513,3199133433.403804,3786738852.829498,3490463967.093644,4810927183.093848,6112248395.236775,3941425780.6010003,2629873644.4906707,9528481058.525969,2428990230.5503535,4541950708.80539,2452629422.3427787,1237930625.2702851,6065708350.2281,2423236074.801413,3471401059.2253213,5053642869.783825,2226566672.598543,2442691349.8694506,3261081865.70719,10251476284.63929,4120521991.481064
1126969138.7975523,3285199810.8709564,3640011521.68722,2778836605.9718513,3199133433.403804,3490507019.85176,3490463967.093644,4612026115.173952,5868301122.435006,3503585424.9214797,1999627499.0298755,7879087987.274984,2400146191.926405,3884499674.2445865,1984556325.5708754,996117800.5713736,5980788275.346889,2115833606.1375847,2804186414.0474324,5003178000.447166,2005855385.6493394,2119989420.5340211,3130019921.40476,9078019038.172329,4120521991.481064
898298546.2022706,2766850488.5826344,2742322089.3668933,2671388585.939321,3181383743.493998,3476375975.4027324,3413791330.004038,4582306180.0552635,4870761916.2970915,3386395139.4583764,1993163132.2229133,7870457075.619333,2239974972.4833007,3307087502.5618615,1863836889.0909371,996117800.5713736,5980788275.346889,2115833606.1375847,2804186414.0474324,4480736885.930477,1677408713.627059,2052319909.818694,3072890666.158393,8840906156.130285,4070165026.938294
771016529.5630188,2384350940.0978026,2718003918.701882,2671388585.939321,3181383743.493998,3380783274.107603,3221813662.6380315,4547252701.0600195,4779821420.544953,3162513960.620997,1984421702.6759212,7718351147.480303,2229985239.567423,2957401571.13199,1863836889.0909371,923819888.0531976,5980788275.346889,2115833606.1375847,2804186414.0474324,3908253768.6129036,1405701971.3408465,1726822832.8724978,2857404113.4949436,8474525916.17247,2923942629.8898325
700437510.8848379,2173213673.263725,2718003918.701882,2293136728.5533,3181383743.493998,3000824911.8171825,3147343503.581665,4346578295.132226,4519083664.338114,3087745301.1590652,1984421702.6759212,6293138563.329445,2149407003.685163,2808827304.761265,1650639262.64117,923819888.0531976,5980788275.346889,2107632602.3501754,2411780887.396026,3625028674.7630067,1331563627.0563107,1693372901.860719,2643950501.727387,7502811629.672795,2923942629.8898325
554506912.2229899,1829283874.6629534,2718003918.701882,2267637115.4921594,3158514074.5370445,2985914653.4093785,3147343503.581665,4313158642.31648,3699661200.208112,3087745301.1590652,1536438546.5961697,6293138563.329445,1944295110.920755,2436413579.30023,1650639262.64117,923819888.0531976,5344284968.157203,1985064694.5200605,2358750395.0394025,3495294855.1294246,1331563627.0563107,1693372901.860719,2596597531.519431,7502811629.672795,2923942629.8898325
540460216.7319411,1729574790.035044,2511728924.999505,2267637115.4921594,3144862388.929276,2985914653.4093785,2208899927.201462,4018246085.7014565,3699661200.208112,2854913106.456448,1496020940.3176203,5243854794.469442,1944295110.920755,2379127036.785783,1446505655.9574013,923819888.0531976,5303725974.227653,1542678664.5323486,2358750395.0394025,3495294855.1294246,1331563627.0563107,1678591930.0484781,2543040498.342449,7190077610.031654,2923942629.8898325
531037291.3383531,1687233619.6783292,2511728924.999505,1972900587.122025,2899641289.0958185,2985914653.4093785,1950793769.4415843,3737458001.4367013,3190134239.6509132,2763571722.956715,1266619536.4591403,4515949379.521553,1859615358.7534828,2326813492.649664,1446505655.9574013,923819888.0531976,5303725974.227653,1542678664.5323486,2358750395.0394025,3134134144.308569,1331563627.0563107,1615254036.2103791,2428599145.5022755,6285826874.12744,2409750309.901282
477025214.6830534,1687233619.6783292,2091286629.6975982,1972900587.122025,2704235878.1279073,2883726420.4942355,1929433950.4253473,3228303348.1035123,3190134239.6509132,2760382298.8878164,1177091902.922969,4515949379.521553,1666864147.2266202,2225972207.060447,1402381133.245307,923819888.0531976,3717083244.8320403,1406937252.9141023,2358750395.0394025,2745094448.545915,1331563627.0563107,1557004949.5815177,2428599145.5022755,5496457592.004834,1925864362.9315345
477025214.6830534,1397265613.4317358,1964600551.7464852,1790518754.3585508,2696559096.8427267,2054002582.045329,1862199286.8148556,3228303348.1035123,2635319442.9939146,2495421242.56374,1177091902.922969,4180914867.454601,1527078752.092704,2170074542.656585,1325342293.8742504,780498126.2057979,3717083244.8320403,1406937252.9141023,2358750395.0394025,2455403401.42023,1240549458.5394187,1490349759.1579268,2219257922.452467,5496457592.004834,1875083776.9060042
467846234.351472,1363255238.0770931,1883000541.5672069,1790518754.3585508,2696559096.8427267,2054002582.045329,1862199286.8148556,2798478298.194966,2635319442.9939146,2398654419.897164,1055449048.2750797,3599910340.6144094,1442551728.231157,2156571143.1184573,1316442128.2911627,740623591.5419495,3679937231.8468437,1217140079.6333969,2114918471.797173,2383561222.6953177,1191551401.242045,1450595927.8424664,1841319486.5789216,5160123906.995913,1794575438.5601277
467846234.351472,1253297917.5952191,1883000541.5672069,1632344672.2791383,2634250664.3752646,2049825022.2329123,1725414145.633364,2249782633.8641624,2432812144.705089,2282423592.5187693,1055449048.2750797,3599910340.6144094,1297078720.781111,2090334762.3563735,1316099700.5450377,731994848.2931608,3679937231.8468437,1139334375.4146616,1965222236.4608676,2281376729.87644,1191551401.242045,1294622041.498864,1841319486.5789216,4247673067.849825,1548151562.2162082
366721216.33557206,970530022.7486964,1883000541.5672069,1321495707.7398014,2576552520.725727,1997684476.3501875,1725414145.633364,2249782633.8641624,2432812144.705089,2207212864.5628824,1017107876.490169,3004697770.20288,956796886.0937616,1540908419.9131153,1284188301.7017233,680995224.8319315,3679937231.8468437,1076589955.491471,1873831965.061807,2268302323.5857058,1191551401.242045,1294622041.498864,1599374933.964677,4247673067.849825,1489388283.3134167
366721216.33557206,970530022.7486964,1883000541.5672069,1282444807.0966737,2368820561.724241,1997684476.3501875,1493448191.3305736,2249782633.8641624,2419392106.4299893,1850002090.2467024,1015718453.1515495,2807764683.395572,956796886.0937616,1524620086.3883848,1011201220.3026036,680995224.8319315,2773618394.731208,1076589955.491471,1855420010.1210632,2009575482.4915178,1191551401.242045,1220788433.2888324,1599374933.964677,4153818315.5178714,1489388283.3134167
366721216.33557206,923777745.4768496,1869815359.8782613,1215501421.0688589,2192195070.4199877,1254918331.8266547,1340242444.197251,2231978771.951208,2419392106.4299893,1850002090.2467024,1015718453.1515495,2807764683.395572,864152396.2923533,1391266612.3636773,1011201220.3026036,499973447.24951357,2773618394.731208,983519944.7432748,1855420010.1210632,1972693510.2817736,1147903711.9548101,1101645188.2971742,1398031407.6601732,2966302446.076233,1423076064.55204
366721216.33557206,893990331.7946419,1523913460.0612073,1189448455.4575818,2192195070.4199877,1254918331.8266547,728209539.5418544,1884761821.3770168,2419392106.4299893,1826126406.642664,942115231.9566883,2699278466.383709,679133017.427646,1188182532.9985843,1011201220.3026036,499973447.24951357,2721943016.398613,979376156.4354956,1558320734.2496576,1776186037.412416,1147903711.9548101,1035873400.7527355,1398031407.6601732,2966302446.076233,1212893694.34992
356468752.7229154,893990331.7946419,1523913460.0612073,1155425347.4474757,2141172674.9580133,1213049603.3682177,728209539.5418544,1849422478.1279395,2233507443.3599353,1740366178.7270057,942115231.9566883,2379263045.0748305,677182465.825994,1188182532.9985843,944496663.8068663,498536585.93259937,2294958168.025549,971474229.8804317,1558320734.2496576,1776186037.412416,1147903711.9548101,980967942.7880286,1270879423.7373822,2966302446.076233,1204045159.544573
346686670.1777866,838712337.0385194,1523913460.0612073,1032084707.0617201,1843047615.0622628,1180804148.5221136,577173556.2696962,1587377205.134982,2039798395.5595565,1649838655.6251757,883957078.4590019,2107476400.864602,660420683.6218555,1065368569.7126886,938202643.2262095,471309159.3736969,2294958168.025549,877266190.3073151,1558320734.2496576,1636888687.3788037,945587205.8710003,980967942.7880286,1243463740.0239484,2114807948.399036,1083483531.6836298
334872797.1913432,806501986.0973991,1450367533.68577,1032084707.0617201,1824406300.4407032,1145306767.2166886,577173556.2696962,1248461390.2566507,1956246211.6630535,1534433943.547955,883957078.4590019,2107476400.864602,589939225.5053786,1065368569.7126886,880585941.2869442,452705028.2318317,2276200832.7069564,842207413.3298895,1450818020.9092298,1636888687.3788037,945587205.8710003,961594349.2323728,1135894585.0361571,2114807948.399036,1051631305.4762563
331477502.42443323,673679759.4051348,1265995557.9267998,954377937.713609,1824406300.4407032,1013455646.1382682,577173556.2696962,1153846413.8185573,1955561228.040278,1501875060.6627612,817255576.5958865,1691415944.5545657,509388686.42908967,925121553.4589083,827724321.2339641,452705028.2318317,2094107155.2942033,842207413.3298895,1267797731.3067284,1475655173.9529681,928124212.0080712,929012594.3426983,1135894585.0361571,2106862925.3555121,1010626863.7309586
306372824.47116846,615638101.8465661,1265995557.9267998,938412642.9421475,1496143929.8783605,906632094.7560533,577173556.2696962,1070621781.393952,1955561228.040278,1501875060.6627612,781287950.43882,1553327131.089418,509388686.42908967,902289122.9778597,730222710.4739838,452705028.2318317,1982210282.8458028,776602218.1035073,1239394537.173345,1351838884.279522,831367020.6519358,741204309.9097606,1135894585.0361571,1801120014.5950108,1000094143.2463541
282922178.70991236,555432229.0412147,1265995557.9267998,938412642.9421475,1496143929.8783605,906632094.7560533,577173556.2696962,875765195.7142811,1939134007.7550118,1383276596.0391831,749606126.183143,1448370933.3153884,506410088.0505405,861159967.9011502,730222710.4739838,452705028.2318317,1982210282.8458028,748827052.3080702,1200938871.8281424,1343722804.2277362,818581015.0260779,741204309.9097606,1115612815.6432831,1579230294.4388201,996598765.8206935
206982976.09972483,555432229.0412147,1232390054.3849995,801094600.5764561,1394834419.569567,659061943.7410492,577173556.2696962,817966908.2734973,1877467364.4965982,1358762075.7031362,725699894.8018703,1251880776.4715416,497590981.6912965,847637346.1124239,704867093.9682362,426596745.3746155,1711203522.6510499,646988283.1619196,1107221371.3251667,1286490959.2290473,758674958.2350317,555480443.7799414,1115612815.6432831,1577274004.9408143,778220678.5316883
195972232.36699396,529778300.5972295,972728618.2733791,786847830.8464134,1228670764.780107,649476565.6162788,577173556.2696962,772207353.8693346,1869423705.05309,1358762075.7031362,548710854.3605372,781962182.2963692,482887800.90610147,778407549.2531704,692286487.2719271,402109251.4074624,1672569427.632976,618465633.4430943,1086816664.8960981,1187337796.5986607,758674958.2350317,517533378.9014161,1115612815.6432831,1042368428.6399028,681942566.2812643
193382518.2414035,515975520.1033631,908206651.6576173,633816447.2685322,900619812.5255052,649476565.6162788,577173556.2696962,570717981.4669073,1833031234.6149569,1242398242.8921063,548710854.3605372,781962182.2963692,447240744.9197699,674208257.8946162,671395964.0519686,395456948.27720255,1672569427.632976,574629428.8743898,929143488.4840429,1139230302.38451,758473784.6305125,426866808.1419366,913414063.3914506,1001037172.9867947,662242668.1856333
155539030.94916636,496179384.7524171,900647689.2706792,624836322.916553,900619812.5255052,649476565.6162788,577173556.2696962,433754165.8936413,1619472780.1498494,1242398242.8921063,548710854.3605372,651577606.06522,438406268.5212031,674208257.8946162,671395964.0519686,383001624.75278723,1491372524.5873368,485260704.33096564,929143488.4840429,946999367.314771,590060998.473682,336940455.92709106,913414063.3914506,867283698.217934,599721702.2481123
112623140.02443741,496179384.7524171,888971593.9119433,624836322.916553,869061281.8696858,517577094.9457639,449957387.5835058,433754165.8936413,1603522560.76658,1207698685.6765852,548710854.3605372,577886041.6783016,419069947.9110882,642552307.2349735,636951142.7684978,363590266.4671223,1491372524.5873368,475592543.07612157,929143488.4840429,932729031.0185944,590060998.473682,336940455.92709106,913414063.3914506,781948403.4395208,519767007.63481414
112623140.02443741,496179384.7524171,803728675.1720796,525691285.52726597,862579982.3951185,468171184.8784079,439978531.26292497,404185262.6301731,1603522560.76658,1207698685.6765852,548710854.3605372,551352369.4801953,413305164.8869223,616296223.828292,621291860.6580133,359722471.2803998,1399940532.3829386,453945646.48933184,879400677.4959544,751815646.1097356,590060998.473682,336940455.92709106,913414063.3914506,781948403.4395208,519767007.63481414
112623140.02443741,385632862.06770134,702813241.6566006,514478767.7292903,648313794.0362464,462601682.3706973,439978531.26292497,389173761.8646334,1603522560.76658,1207698685.6765852,548710854.3605372,546075739.5497504,413305164.8869223,573376301.0680188,600010260.7132655,339590553.37248176,1372492251.8690214,405807108.39400375,869844632.8478684,555971756.2747922,583710573.0577877,258750241.22887966,895367733.5315067,704433402.7389053,481192415.8629912
109874334.11466405,371778286.366725,668723280.7803795,471463000.3932524,620862157.180469,413612857.52589476,439978531.26292497,337365430.09847206,1475912578.6562092,1162751505.3114913,548710854.3605372,546075739.5497504,413305164.8869223,443855339.8094579,565297823.8656137,334026661.44521224,1335012717.8449655,405807108.39400375,867695627.888212,555971756.2747922,499121164.62984025,258750241.22887966,888374701.5466591,636784544.9531434,461733905.32353467
107870326.72307117,371778286.366725,634401753.7516522,412736907.7137611,548698748.7165171,413612857.52589476,422030607.81078684,262723261.72508684,1394595689.2997875,1033269003.5664889,484199434.9764823,425151402.6054577,413305164.8869223,434541020.30594885,526354085.528559,294299147.1449678,1335012717.8449655,329732871.69400436,844671120.7943084,550750314.642023,499121164.62984025,258750241.22887966,789671079.2256526,434814461.4332658,442937535.89445984
107870326.72307117,367938840.2480301,568010852.1888714,412736907.7137611,493697483.7237633,405768867.7390041,360234641.68587255,230564923.3925822,1378554422.0272381,875742531.787743,414517784.29799926,425151402.6054577,406348631.0182511,368495960.65663385,526354085.528559,265592437.9244946,1207661513.3749812,329732871.69400436,844671120.7943084,550750314.642023,420698813.43723464,258750241.22887966,789671079.2256526,434814461.4332658,423017585.335692
85019274.41843438,367721695.77483547,524349065.52538514,412736907.7137611,435698460.8189733,352042202.14526707,360234641.68587255,226814253.33693153,1322164732.9092705,875742531.787743,414517784.29799926,411313547.63660085,405347194.53424394,368495960.65663385,502357837.93512464,265592437.9244946,1052573071.6236069,262757460.03239143,709782407.1000235,481059651.67226183,420698813.43723464,241458547.00821003,718979027.4498078,434814461.4332658,389090458.8142874
85019274.41843438,222138890.7740183,524349065.52538514,412736907.7137611,388530716.93255335,278242047.9712657,360234641.68587255,226814253.33693153,1307850675.3004951,862198181.3766152,389695135.0002576,299407538.1262818,372610861.60326415,364308349.79885423,487940731.7452524,237384761.7199207,1036531377.895788,262757460.03239143,709782407.1000235,412943946.87095225,420698813.43723464,241458547.00821003,718979027.4498078,407650749.06677,387401361.3903045
76304342.87009408,222138890.7740183,429467525.10191095,406405921.999236,388530716.93255335,231674682.13172525,296785001.8378452,226814253.33693153,1262398431.3980432,748249084.0927306,388013943.77327156,256065397.78768417,369630663.92826486,364308349.79885423,469210311.2779855,211683210.9695038,996821777.1414527,262757460.03239143,671724373.1321516,412943946.87095225,420698813.43723464,225125584.13801897,670838879.5184319,393971813.1759636,387401361.3903045
76304342.87009408,220082696.09381336,429467525.10191095,361322087.1448203,382925783.8556401,216073520.14450583,222381991.45244375,226814253.33693153,1262398431.3980432,744662112.9398416,372026689.46711934,255112747.16456363,365388375.31654614,364308349.79885423,459680198.03416497,211642661.6714873,996821777.1414527,255296959.43798128,582499784.8736576,412943946.87095225,383127468.7182128,222601023.6425365,625739413.1604201,393971813.1759636,387401361.3903045
57103406.38193662,212224219.88707712,399787359.8793325,354467496.7935417,379729058.35772467,216073520.14450583,203115395.05296713,213399716.54633048,1262398431.3980432,699698544.5636628,372026689.46711934,245125238.13258052,365388375.31654614,364308349.79885423,422498831.5367958,203360035.21207148,964891689.1752555,253404571.0340868,582499784.8736576,407334433.91200185,341204618.0963507,194762519.87002504,612965874.2670927,383552703.6805277,302632171.7368024
49681972.16074938,212224219.88707712,399787359.8793325,339931683.4715469,345123083.969322,159213116.95130217,199819292.13893875,213399716.54633048,1067249685.122133,699698544.5636628,350049359.94528,214739717.7401648,347282461.0681802,364308349.79885423,422498831.5367958,179986046.21269396,927283771.5614581,249108694.51159328,557992494.4977198,335024454.03480786,314412299.54835296,169979806.0587383,576253411.4281436,383552703.6805277,302632171.7368024
47430658.66027775,212224219.88707712,314286764.475554,298900240.45045644,340874164.5257308,158567153.21757752,148240919.1208988,209098423.59999305,1067249685.122133,699698544.5636628,335992169.4939803,214739717.7401648,347282461.0681802,364308349.79885423,422498831.5367958,177642361.12634006,927283771.5614581,230959362.7773204,460797998.333918,287566301.43664664,308561751.6590996,141822979.38761708,576253411.4281436,383552703.6805277,302632171.7368024
47430658.66027775,173084006.4345566,314286764.475554,284414744.4075102,336815824.63960654,158567153.21757752,127742052.46429172,206043135.58229682,899657403.5113906,697965786.0099343,331071474.4562799,214739717.7401648,333120923.79780483,351343302.3403161,404980820.8139838,168929997.95617262,755405934.6981128,212447437.40865058,353066895.3697178,273208478.9667655,263858127.52555776,131880134.43853606,507839030.95030135,383552703.6805277,302632171.7368024
34859865.41605025,165129595.13550216,313893809.62861335,284414744.4075102,329634233.2630471,150435086.28695858,125826471.68374877,185457523.49102917,894199606.7221384,695858946.8718596,315390887.82566833,214739717.7401648,312054896.98710287,349981754.5786495,404980820.8139838,157114710.91591424,755405934.6981128,210056032.94653052,323692617.7477766,245533404.27733076,258301812.2456497,129169604.68265685,483456179.23506427,377142078.3037677,302632171.7368024
34859865.41605025,144390967.49670395,280748391.4704119,275603510.3476881,290918734.52943957,142223240.08027434,106533532.16222844,179116764.84034526,883154798.8658841,691115606.264819,315390887.82566833,214739717.7401648,311085613.43333286,223288494.17112678,395681775.5528571,146706586.66634554,741040573.351503,189784164.5338921,306799307.8593152,245533404.27733076,258301812.2456497,120749154.48063283,483456179.23506427,377142078.3037677,302632171.7368024
34859865.41605025,130796473.69600362,280445776.393505,275603510.3476881,290918734.52943957,139685720.50051522,94511655.12240155,175003934.6683248,856345836.6334206,690862993.933471,312086572.34336096,214739717.7401648,231630449.71011215,223288494.17112678,369795241.79549867,141044704.38008404,741040573.351503,132694353.74235553,281141730.2746127,242015313.22762325,243379374.59386405,106817400.14882027,483456179.23506427,377142078.3037677,299228012.6014817
31604476.80760302,130796473.69600362,280445776.393505,269826640.1323288,290787553.51644343,139685720.50051522,77263058.64596441,174641374.09719935,810883208.8083762,690862993.933471,303313202.89829594,214739717.7401648,231630449.71011215,223288494.17112678,369795241.79549867,141044704.38008404,713069573.533216,132694353.74235553,227572530.0071749,240051859.29858738,203297596.43589777,106454763.87201415,466814956.99228835,377142078.3037677,297635252.4451799
31604476.80760302,96398110.72676907,269024217.14192665,244569153.15106514,290787553.51644343,137743301.69127062,60618791.52209025,172113140.07330015,645042134.383484,690862993.933471,302321218.1364619,169704892.36851445,231630449.71011215,223288494.17112678,369795241.79549867,140991464.12111646,711511596.16178,129915283.53764646,227572530.0071749,238414703.20840818,193941920.12120146,106454763.87201415,458395220.8045924,376339871.57637554,244401030.4892725
29572141.895954832,86931450.83230422,264189396.305703,244569153.15106514,275553396.3993061,128306777.80732791,60618791.52209025,145881962.21634933,563334840.0588593,689613539.1555334,294121577.3747434,169704892.36851445,170332682.8459726,223288494.17112678,355225324.05389255,125873319.54542162,587812917.9680494,128391203.5860274,197105197.75096697,175587087.9856116,187412368.3488483,106263494.219838,453992567.704414,366875636.48103577,244401030.4892725
29518527.860715378,59474919.38674055,221509610.25778544,237906339.42614412,251191908.93027207,117708776.3492741,46657719.89456166,145881962.21634933,556429567.9416476,689613539.1555334,294121577.3747434,168029747.14800882,170332682.8459726,186784930.0960303,338356894.3506597,124372080.68180843,568231519.6546896,119685254.99897689,197105197.75096697,167429665.97662348,175587265.35529852,105737147.45088482,453992567.704414,354102205.0421928,198457767.78364637
27810048.824679658,56249656.17454516,220275562.03630143,204091834.07283348,251191908.93027207,117708776.3492741,46394808.47348629,136067818.41701052,496924200.9602213,627670785.7159978,294121577.3747434,167445017.40496892,158717392.2228082,157296669.10519266,331317130.5616981,111815678.91746324,491133781.66503394,119685254.99897689,197105197.75096697,162428793.04399434,174273807.58234766,105737147.45088482,378081139.57165927,311358704.82291824,193429749.62991682
27810048.824679658,55713311.13990875,218055726.6168078,204091834.07283348,249971650.3666614,116363141.99035054,39189140.59163844,136067818.41701052,456638130.25088817,627670785.7159978,294121577.3747434,149384716.42197844,156314860.0807088,157296669.10519266,331317130.5616981,111815678.91746324,491133781.66503394,104782833.0237568,186595168.8752133,123839634.50657882,143859497.81596255,92327406.89356293,336997456.13364905,311358704.82291824,182466482.62884218
26605779.411439773,53426743.55755524,218055726.6168078,189562373.2547768,219662085.15807933,112756201.74139552,37768115.06127691,120816780.58684133,433155730.1508675,587142052.2673383,284721431.1540815,149384716.42197844,156314860.0807088,139330943.45170778,325120662.4877202,109549146.06526981,491133781.66503394,102560464.06305216,186595168.8752133,119531171.82065529,143859497.81596255,92327406.89356293,334124911.9305155,258534866.36600035,165686741.420732
26427234.616273187,53426743.55755524,210511321.29075736,173911342.90736398,213147800.8846492,80790056.81003104,34528144.81525671,116263036.79009414,409693565.8930434,587142052.2673383,283091396.2554348,148847680.71053615,136346167.2862459,139330943.45170778,325120662.4877202,99246670.17425422,483200573.1621348,96940556.86109361,174714672.821374,89817980.0658428,114103842.04446013,92327406.89356293,309252699.545545,256440586.41998774,164211631.48203054
24525690.923724644,53406577.86319771,176934638.9294075,173911342.90736398,210106170.32933545,80790056.81003104,34528144.81525671,107123248.66822627,380218550.6798803,585362275.6184646,277775057.6164492,144234982.39289892,136346167.2862459,115019112.12247427,325120662.4877202,94295896.5941277,384407527.4112621,87064183.24027286,159972878.03477147,89817980.0658428,114103842.04446013,74247744.44268905,309252699.545545,248884602.2800405,158319239.03692937
24370500.59906997,53406577.86319771,168214956.29272565,158517185.31840616,210106170.32933545,72504413.93739778,28083372.8930583,107123248.66822627,333309837.4525781,585362275.6184646,270865491.7900073,138283496.86929637,129211044.26872438,115019112.12247427,325120662.4877202,94295896.5941277,384407527.4112621,87064183.24027286,159972878.03477147,89817980.0658428,111835405.37141131,74247744.44268905,293268317.11063963,207836599.28013757,158319239.03692937
23578565.47884049,50742989.001582846,142095336.90857536,151590638.68433502,200927959.12613493,61793297.1817729,25522218.259625524,107123248.66822627,275313914.80184144,539227280.508098,262382831.4258812,137896249.2063716,93362719.90065585,109704710.72862089,325120662.4877202,92707193.27817379,384407527.4112621,86446876.65974069,159852920.19886926,75574179.98922029,106881551.21013798,59242876.629389256,276993493.42791677,184022603.58750206,137891574.13539004
23578565.47884049,50742989.001582846,119334338.09184904,150668592.7752964,200927959.12613493,50731259.93897277,25522218.259625524,93226498.74855202,275297341.13815,539227280.508098,260738416.47795528,130434047.8499444,93362719.90065585,109704710.72862089,324693894.11885303,85882984.90753841,350195370.0356692,86446876.65974069,158126874.61493146,58885810.17840711,99468279.10613073,59242876.629389256,263365328.4472302,184022603.58750206,137891574.13539004
22669358.25617518,39636240.70954827,117204687.54998323,147741880.70697308,146688272.91617966,36001987.92177304,25361190.526728164,93226498.74855202,249639364.9753601,527852704.5339322,248863573.46912897,121093071.97552007,69179770.32587351,109704710.72862089,309434150.8289139,85882984.90753841,322772769.9753093,79239452.18367468,155417594.73345602,51278671.54299578,98819367.014485,51570053.57375401,263365328.4472302,152646530.0785287,137891574.13539004
22669358.25617518,38469920.935399,109315541.04921038,146516648.42588907,142085078.66647694,36001987.92177304,21307381.750891175,93226498.74855202,239396363.84104732,501761650.76223797,246138458.12773833,119757070.10793279,69179770.32587351,99424174.64651583,309434150.8289139,82605483.4429028,267887555.7212201,78904131.48451588,154929709.01794687,47233525.83478616,96753205.06304684,51570053.57375401,248593907.5905255,152646530.0785287,126682688.52008179
22637815.516648497,37387534.98125407,95072127.7988842,146389167.32747275,142085078.66647694,35973319.183386005,19780145.18598756,93226498.74855202,235732215.65876937,501761650.76223797,246138458.12773833,119757070.10793279,69179770.32587351,98598301.98787366,302113102.18848395,82605483.4429028,267887555.7212201,78904131.48451588,139529673.81309384,42475520.2011361,96610471.67749037,44276705.793774255,234293138.57147634,133164172.18481004,117217383.5100551
21622947.53452436,30005127.28067889,92735387.19843477,146389167.32747275,139707756.07763392,22792391.33639418,19780145.18598756,93226498.74855202,211225083.8745423,451249882.93776053,244979655.18667448,116731400.29696722,63778422.51550142,98598301.98787366,300810895.3843973,80563615.5255902,232918115.55101752,77474582.3021216,139529673.81309384,42475520.2011361,93823529.6377183,44276705.793774255,220130266.18228877,132196890.9217301,115422208.61289422
21102707.305412643,24117023.109161712,91906538.64380728,146389167.32747275,117986541.66704711,21959272.135614283,19780145.18598756,87150682.164159,200780792.40235823,406235228.32798344,221739704.30597544,107585778.17560211,59328822.05853279,97151147.543404,295291164.91304463,75419861.70695874,232918115.55101752,77361523.55685265,137254685.02396506,42475520.2011361,93823529.6377183,44276705.793774255,220130266.18228877,116753932.11725086,112235088.51837829
21088618.235027403,24117023.109161712,86132376.71099767,144001069.95168045,109278675.1165281,20971055.402201764,15647939.576040862,77595586.23847221,197625939.01302588,406235228.32798344,169918354.1732372,100106097.39069338,47809830.084421456,94375031.07631516,290399237.23259497,75419861.70695874,197441736.70948327,74791990.83707102,137254685.02396506,42475520.2011361,92822554.07322164,44276705.793774255,213385100.52170148,111344460.45376292,112028031.73730989
21032448.59032143,23858738.94172092,85901259.67737766,141518911.07739577,109278675.1165281,20971055.402201764,15429355.892695794,75078601.47320834,197429810.07043758,400820215.25868833,168692445.61086452,99191651.111504,42540247.94967117,78255035.61084734,284770117.53679115,74008928.66873743,197441736.70948327,63738251.27847022,136203270.55188477,37149644.64847627,82161627.23307258,44276705.793774255,213385100.52170148,103278862.38175175,105858460.52080862
20948942.699427232,21759480.416556347,83713538.95188765,124923767.24925812,93239488.19042216,17599199.027583085,14410006.904855834,72383424.68074943,129813704.01551661,352755020.59859943,168692445.61086452,98814358.28475036,42540247.94967117,77763558.12617858,265022819.3872803,72478887.84227781,197441736.70948327,63738251.27847022,136203270.55188477,35085154.16718918,82161627.23307258,43993882.604689315,209024011.72918773,98124435.04449953,93840277.95934872
20943047.8396701,20253944.96562462,83713538.95188765,123757157.5666303,93239488.19042216,13068020.944978677,14410006.904855834,70282598.96035784,122714265.29926153,338675761.0969454,142913580.08268774,95284834.43857586,35745068.354912706,76810910.83100162,265022819.3872803,68541060.1308243,181937971.5847488,63738251.27847022,134333454.33966288,32648342.04101317,82161627.23307258,43263772.7122955,188187309.61515582,88995356.16607441,93568789.25953218
20403722.50857542,17948440.02366077,78886358.6110194,123757157.5666303,82860262.3420752,13068020.944978677,13630771.184689268,64211944.13147976,122714265.29926153,318118107.09855825,141347290.3257349,85056422.77275157,35745068.354912706,76579604.71913856,265022819.3872803,58865330.345129944,175899881.97623315,63044539.98890558,110503963.17718254,32265794.605083928,80595917.62641603,43263772.7122955,185472348.02207997,88995356.16607441,88158913.56552729
17641603.974609986,17085556.954268735,78886358.6110194,110087190.86494313,82860262.3420752,13068020.944978677,12374833.979390385,59207824.318513446,122714265.29926153,303992601.11208355,119165685.48244011,85056422.77275157,29364339.75393073,70543632.23973094,257127614.03674915,58865330.345129944,145473211.98332483,56082415.344742246,109191632.84999764,32265794.605083928,76207394.04089424,40734277.777647056,185472348.02207997,88393754.19204074,84689166.9779545
17641603.974609986,17085556.954268735,65249520.930361226,109862132.98490731,82860262.3420752,13068020.944978677,12052420.791006854,56632945.13131582,111217339.97465087,298388564.98026145,106392176.25687514,71468874.30498937,27791470.872157168,70543632.23973094,257127614.03674915,58865330.345129944,126060377.9900516,56082415.344742246,97421788.18756679,27876560.61503496,73675514.74721053,40734277.777647056,165469665.44153118,87453386.61727427,71834621.58840425
17641603.974609986,17033258.80584094,55645049.43869392,83951685.49292715,79947939.51198806,11933469.530884566,12052420.791006854,56632945.13131582,107338244.81256044,298388564.98026145,87591140.59395671,64090119.091202036,27171580.80289009,70543632.23973094,257127614.03674915,56592527.67152982,120466111.29816481,56082415.344742246,97421788.18756679,24761070.00745825,73128694.33136608,40734277.777647056,165469665.44153118,87453386.61727427,71834621.58840425
16806015.657621264,16946165.58983646,47362102.29160049,64246326.09924488,79947939.51198806,11545037.456372995,12052420.791006854,49328776.006401606,107338244.81256044,298360926.4384889,62757515.49215863,64090119.091202036,25878018.377351303,64768839.28076916,240226603.79883915,51048221.65526174,115715886.89408454,56082415.344742246,97421788.18756679,24761070.00745825,73128694.33136608,38375072.03118103,165469665.44153118,69655342.66408676,68704975.33146814
16806015.657621264,16946165.58983646,47362102.29160049,63103458.185101256,79676407.8897921,10602878.6580406,11070116.177238956,49328776.006401606,95096733.17918834,272365176.3544695,62757515.49215863,60196155.22454557,24912353.59873627,44527829.019348346,233217876.42115074,51048221.65526174,105268182.56777593,55772600.398847826,90614581.11142972,24761070.00745825,67883588.5729326,38000928.93369658,164819848.67564666,67385886.1898498,60197548.08654992
16806015.657621264,16229410.052550154,39130058.24141028,54226695.15465725,79214830.52024013,10602878.6580406,11070116.177238956,47376992.67491665,88524534.63322908,272365176.3544695,54991421.494161256,58509923.25786654,24912353.59873627,36403198.14804076,225040177.4373561,48547984.009018816,105268182.56777593,55772600.398847826,87014893.82272159,24175979.357649926,67075382.05778701,37840670.812147565,161839029.09190854,67385886.1898498,53454906.131788045
16791769.949931636,16229410.052550154,38926985.68115121,47208141.12256821,77433498.79961595,10602878.6580406,10817306.96966112,46793286.01073401,85060113.77208838,268603750.36625195,51211589.3636755,55390125.69665488,24376501.14764201,36403198.14804076,213729735.8621113,47091100.097474344,105268182.56777593,55667260.840939425,87014893.82272159,19829888.147200778,64844698.48319567,36637108.187253885,161839029.09190854,67385886.1898498,52591504.35203028
16686500.163064068,14973350.742056094,34644425.63912453,44152759.32350359,77433498.79961595,10602878.6580406,10294442.161818983,44648244.14052215,85060113.77208838,244058082.4734836,46524972.237971015,52391535.69297703,19486773.140326202,33638930.37621145,213729735.8621113,45643005.656041704,105268182.56777593,55667260.840939425,77709934.12989062,19829888.147200778,59951454.13707761,34156399.79315536,161839029.09190854,67385886.1898498,52591504.35203028
16213353.503251575,14860456.852697533,29777881.790851057,38740051.23959066,75618005.07669854,10420715.353557562,10173767.314774595,43494787.956558526,85060113.77208838,229656620.71758223,39856109.634017065,51943613.10285664,19486773.140326202,33638930.37621145,212795836.8977123,45643005.656041704,101950780.62363823,54368181.041998334,76545199.82718877,17806894.068404656,55616241.314950205,30170899.289889943,150129394.1225741,67385886.1898498,51045552.09151214
15853730.45679418,14551958.619260617,28297894.089232605,38740051.23959066,74563126.31941238,10420715.353557562,9224838.629461747,43494787.956558526,81528027.37952591,212672532.91965958,39856109.634017065,48729504.10063658,19486773.140326202,24564506.8039525,211018605.86363024,44862406.29748719,100770384.94209734,47523187.06530583,72049963.26759464,15629078.950223543,53599451.5643043,27829617.23186656,144346943.82153535,66315917.55846877,47239861.01040907
15836997.661426043,14246306.70284246,27224748.47658238,38394414.61888298,74563126.31941238,9591901.548882818,9165668.951020649,43494787.956558526,74549728.53822544,161248508.1045548,31821706.514873017,43417203.09696668,18557470.438911896,24564506.8039525,211018605.86363024,44838101.00454853,100770384.94209734,45558907.55181419,71135002.97792399,13827863.987066848,48167201.27032487,27628190.94986099,136170482.9664176,66315917.55846877,47239861.01040907
15634528.026533758,14114552.811683673,26912172.796306975,36028060.33707885,72635433.17892842,9217600.931759905,8522164.34718072,43092902.38610365,74549728.53822544,158053067.37937766,31821706.514873017,41723453.18324033,17944700.233987037,24343077.9471599,182676651.1229683,44417607.815090634,90018838.07108101,43343890.03764207,71135002.97792399,13679139.8413609,45792882.70721918,26780446.425819438,136170482.9664176,64882274.21346517,43593039.25653026
14839141.25389434,13102807.931622434,26912172.796306975,36028060.33707885,72635433.17892842,7913676.6306776,8193219.532131551,38948621.64663899,74549728.53822544,124686828.76023161,31821706.514873017,39096173.34709272,17763109.856445376,23939178.385317404,177886181.95180428,41390002.94429634,88601694.7949529,43343890.03764207,70406499.55669858,13529490.603963766,44723433.75628639,23388253.961677145,136170482.9664176,50587141.44757154,42007227.994163334
14406813.488913635,12889552.285688862,26912172.796306975,31775593.20474619,69816975.59633167,7277127.885857582,8039041.01206667,38948621.64663899,74549728.53822544,120659103.15233617,31821706.514873017,36752118.191702224,17310085.72061398,23507948.65627298,177886181.95180428,41390002.94429634,88601694.7949529,41423297.841922894,67045183.31873316,13240607.880599475,38211163.18143512,23388253.961677145,132745358.49875523,44987901.90472565,40720072.127745025
14403615.024960537,12737245.357495084,26387230.60221019,21580479.603632174,69302654.78069523,7202502.984964022,8039041.01206667,37492975.334170714,74549728.53822544,101471613.31400998,26691668.051453773,33048122.731262043,17276123.752086435,16507924.105807003,177886181.95180428,41188808.49984823,88601694.7949529,40487356.40525646,67045183.31873316,11579154.05375059,38211163.18143512,22113070.954991993,132745358.49875523,44987901.90472565,33477698.940715093
14203412.214122534,12299444.407563696,23005926.580534082,21580479.603632174,62184350.29404161,7202502.984964022,7516873.680841061,36882060.487875536,74549728.53822544,101471613.31400998,25031175.644831892,32107102.603910457,17276123.752086435,14385910.456233839,177720242.7857838,39075479.21215589,88601694.7949529,39533593.68755218,65460755.67348614,10970940.276807582,35515740.34489516,21762925.461274516,132745358.49875523,44539116.66843294,33477698.940715093
14203412.214122534,12299444.407563696,23005926.580534082,21580479.603632174,60418090.5702006,7202502.984964022,6744494.111743739,36824289.71388913,62852161.081249565,98727825.87938449,25031175.644831892,32107102.603910457,17160098.677885313,11256018.809644943,170868483.5243523,39075479.21215589,88601694.7949529,38492985.42855335,65460755.67348614,10595787.929010311,32358790.414824262,21133222.828808654,123152579.22237188,44539116.66843294,33477698.940715093
14189292.222638097,12299444.407563696,22483904.452979997,21580479.603632174,59747336.589415774,7202502.984964022,6744494.111743739,35844437.51387618,59099419.61186522,85576852.66504583,23362377.83637954,31549371.371888768,17160098.677885313,11256018.809644943,160298051.6652464,37115865.055783145,88601694.7949529,38492985.42855335,65113907.09388531,9020887.219261045,32279309.198442444,21133222.828808654,118352007.6904135,44539116.66843294,33477698.940715093
14189292.222638097,12216433.364063041,21775167.907706592,19120064.68930668,53241629.36708501,6693993.591131897,6617000.443041423,34723339.11223893,59060967.68002401,85576852.66504583,23362377.83637954,31549371.371888768,17040718.384359185,11256018.809644943,160199288.94522396,37115865.055783145,82974624.5264171,38492985.42855335,64082124.516617425,8801811.375983672,32279309.198442444,20475027.875262547,109563557.20698637,43008714.0428735,33013650.55618861
13975269.282437244,12063224.954816252,21775167.907706592,19023646.88129908,53241629.36708501,6640804.71619717,6458435.511723559,34553925.53918662,57512996.631041646,85576852.66504583,21598027.180825505,30897677.60243241,17040718.384359185,10574043.57808718,152290441.14633596,37103093.644942194,82974624.5264171,38335400.8149739,60924941.63828007,8208871.079669434,26657822.915890615,20475027.875262547,109133150.54022868,37764596.79043545,28806284.00382739
13975269.282437244,11975541.69260085,21775167.907706592,14999278.758708578,49019516.33501353,6640804.71619717,5572665.313008236,34353745.49433097,57336954.75005011,84278999.52796923,20088373.565939013,29420863.232961196,17040718.384359185,10406552.072374936,150517010.4635428,34284736.849228956,77427532.69603933,38158405.67303141,60924941.63828007,8208871.079669434,25304084.818975884,20475027.875262547,105541340.67107832,35402160.22422399,28806284.00382739
13740454.942265527,11975541.69260085,21775167.907706592,13655497.278388225,47502627.85817222,6127801.889526195,5572665.313008236,33947260.72673718,57336954.75005011,79139524.4862573,20088373.565939013,28778445.56694847,15555004.779441424,10406552.072374936,141619604.5623372,34284736.849228956,76604116.38908257,38070236.114991136,60924941.63828007,8208871.079669434,20781435.707526274,19626429.450172614,96409745.71134529,35402160.22422399,24405616.056515377
13525738.197454711,11975541.69260085,21775167.907706592,11379785.68202686,46169998.091516115,6127801.889526195,5403203.859253132,33947260.72673718,57336954.75005011,74479447.56105955,20088373.565939013,28185729.250215646,15555004.779441424,8810260.170249103,140591645.25213724,33421796.55835462,73910366.2322407,38070236.114991136,60304694.53397248,7339814.3179425085,20781435.707526274,18450331.526815675,89493721.91341156,35402160.22422399,22724455.9501306
13213324.872852933,11950712.646868147,20580154.4244304,11216661.029029878,38921321.71349073,5796146.766124986,5403203.859253132,33241108.751488704,50396677.70847901,74037048.66702966,19715076.71434891,27608561.871599242,15384416.078547386,8810260.170249103,134122146.06259586,33363852.327273898,73264944.78674914,38070236.114991136,60076904.26700906,6979519.756348694,20781435.707526274,18441791.01765475,87896842.40732685,35026758.530415684,22724455.9501306
13168194.276223762,11950712.646868147,20238408.205328148,11216661.029029878,35588209.45022308,5624199.291609483,5291398.269987727,28965092.00481866,49079219.34416881,59815387.51667632,18294499.755437326,24976372.517076313,15384416.078547386,8266396.145487461,127073841.26100919,32255887.728646643,73198255.42521214,37702251.71564531,53445653.05083704,6944287.250787094,19699548.096651502,18000954.203922212,83644090.43411897,34559407.23438399,22724455.9501306
12739062.087111345,11579533.182794655,18795032.946552426,11216661.029029878,32850800.577503894,4978526.144655383,5045885.2685334375,28965092.00481866,41226871.94966566,59815387.51667632,18220532.230546307,24976372.517076313,15064003.20308982,8104886.04650844,125152804.00521252,30393449.893802468,73198255.42521214,33162132.312623437,50827312.91131033,6453310.630407492,19190764.79394869,17105306.183136746,83644090.43411897,32141496.937352102,19796689.061858885
12707326.030014861,11555255.93138826,18795032.946552426,11033063.680657167,32850800.577503894,4978526.144655383,5027585.46887397,25348151.575118322,41017201.24138698,57203027.855368875,18220532.230546307,24903835.61831245,15042054.417060265,8104886.04650844,125143914.56367998,29969397.822196536,73198255.42521214,33162132.312623437,50643225.824055895,6161740.307680481,15846061.932247622,17105306.183136746,82512275.75345492,32059211.40955712,18862350.625897698
12615940.945658226,11555255.93138826,18795032.946552426,11033063.680657167,32850800.577503894,4567095.771616452,4916036.409115657,25348151.575118322,32969419.55253725,54930875.18477649,17666142.531991184,24809201.06247911,14983011.032667926,7632680.860538192,107184221.92132738,29969397.822196536,73198255.42521214,31971158.91781309,48177317.683797635,5583775.928302708,15846061.932247622,15532562.154944474,82512275.75345492,30971712.232640654,18026446.766133383
12525490.215902135,10770844.551846674,18783309.2932743,11033063.680657167,32538246.43167568,4244784.832928456,4570867.356333414,21920388.866939098,32969419.55253725,53458923.05351011,14675186.446676223,24809201.06247911,14504955.720347095,7198140.365451572,106664433.96855864,29077973.52469482,69479274.69763814,30632610.550800268,46654854.04249319,5583775.928302708,15846061.932247622,14768275.204735173,81393795.05804941,29240241.690703373,17443275.832280416
12424820.213095728,10371584.829284478,18500088.220855474,11033063.680657167,30739584.140733957,4244784.832928456,4015369.0136433784,20604778.279078327,32724596.18746168,52655985.4595523,13539131.400270313,24715953.91255519,14477755.429468852,7140854.057369664,106664433.96855864,29077973.52469482,68604482.71783,30632610.550800268,46096787.33755019,5457794.020785508,13341794.821831014,14131879.278511297,81393795.05804941,29240241.690703373,17443275.832280416
12150465.6424904,10126419.035387794,18236137.97605252,10796966.489863424,28061849.416659486,3383288.240949928,3993604.538903369,19006483.30112185,31222827.930554006,50253438.847762525,13530447.819665058,23098375.430481516,14310998.839372072,6765333.439201008,105928776.60566753,26017535.649041053,62222508.80684336,29135280.905216355,45041047.37322546,4844497.532088354,12636228.359616261,13831623.77981032,80620685.79389478,28925718.70463598,16298065.861139297
12150465.6424904,10126419.035387794,17824101.425717704,8883066.514220824,28061849.416659486,3136434.4145704973,3993604.538903369,18125657.30856418,31099234.285385534,50253438.847762525,13084192.356667869,23098375.430481516,14044110.164293893,6765333.439201008,105868190.97019143,26017535.649041053,60111645.21739298,28419109.776266716,42413087.09413119,4418739.025525348,12538923.558847316,13728593.628931481,79009673.79844502,28636776.6174717,15803854.048656173
11687141.724893043,9488452.27399672,17824101.425717704,8883066.514220824,26984699.523212437,2531805.1248468524,3647135.716175124,16855652.781050984,27964178.058003403,48931299.1053242,12788032.79805354,23098375.430481516,13962308.015342712,6680384.295496403,105868190.97019143,25072745.733191818,52963310.55047578,27928731.417442467,42128083.75920877,4418739.025525348,11173495.205338106,12438633.341951733,75754042.63811299,28633412.13641854,15604528.215536734
11565726.594203698,8668386.917710591,17823234.725845776,5183200.266908951,24847407.96964974,2531805.1248468524,3517256.638782223,16144524.859612422,27427017.847953584,36891524.80803657,11739850.876847595,21397579.024698783,13962308.015342712,6680384.295496403,105868190.97019143,24552146.59819861,48540651.793958105,25746048.089716114,39743825.86889219,4418739.025525348,10133722.481876269,12438633.341951733,75754042.63811299,27477560.128722686,15426730.259586636
11565726.594203698,8668386.917710591,16435247.549699564,5183200.266908951,23244965.857791357,2033414.0817309876,3517256.638782223,14216368.829664351,27348219.425029382,36891524.80803657,11410377.770140186,21322840.34731612,13871318.969278352,6510868.199843128,93076596.77891573,24550264.09507774,40557147.77819115,25746048.089716114,39481775.27376266,4381391.230248443,10133722.481876269,12143466.509111648,75754042.63811299,27383829.5998565,12696347.909309037
11565726.594203698,8203213.3602661295,16187845.609248009,5130279.312376534,22495898.253847826,2033414.0817309876,3449241.498931384,13735267.854042752,26233626.307663023,36891524.80803657,10786131.473976677,21211852.584108666,13826342.08475928,6510868.199843128,92592977.80054772,23866919.516028762,31961114.050744563,24351872.08686531,39481775.27376266,4327171.644279996,10133722.481876269,10290589.367869126,74275791.19143501,27259545.74889582,12696347.909309037
11140035.356098574,7989931.269051967,15968907.150066435,5130279.312376534,19366156.76216443,1657981.650304633,2997277.6330622495,13683814.184812378,22833833.96384448,36205167.05952644,10263595.100605268,15972949.960383337,13480213.741199229,6510868.199843128,89638456.09323859,23866919.516028762,31961114.050744563,23626060.531140782,38051661.822675444,4274732.412479398,10133722.481876269,9390799.841996143,74275791.19143501,26256285.12579637,12696347.909309037
10894892.157710562,7541414.091501269,13889123.941404464,4579168.575120261,19366156.76216443,1593840.0076073946,2997277.6330622495,12945727.992320413,22833833.96384448,34555191.8921922,10263595.100605268,15482810.022129828,13480213.741199229,6448756.665509623,86662741.37754552,23452284.692207348,26266870.750106335,22912179.861587364,38051661.822675444,4256991.859523677,9909943.515438842,8603118.811087659,68824702.57346565,25722606.900829602,11103904.322624518
10467354.066294517,6698566.569942706,11881404.625124164,4354580.019954283,18482681.086612232,1584537.8722204955,2997277.6330622495,12817023.703657372,22065147.549457822,34555191.8921922,10025366.014952682,14172710.628954496,13258225.298849816,6448756.665509623,84533786.84572859,22918826.397483822,26266870.750106335,21907831.28338736,36209661.78708248,4256991.859523677,8695674.219436692,8603118.811087659,68824702.57346565,25722606.900829602,10344685.874719711
10467245.737187589,6698566.569942706,11429795.038450982,4224804.387808736,17460044.609647214,1584537.8722204955,2988322.286716286,12589410.810683517,22065147.549457822,30307841.626877826,10025366.014952682,13771445.673986323,12959148.567622995,6433356.877953851,84110417.18973432,18975314.294654593,25955853.497316495,21314454.674148478,35086365.80014087,4210490.055946425,7509302.728404247,8603118.811087659,67898745.72335368,24255045.08808078,10344685.874719711
10378691.541383026,6310323.489809829,9701703.413976556,3434620.175862885,15915459.174349802,1560578.8773323453,2988322.286716286,10712355.386202935,22065147.549457822,28427382.092382856,9704831.222738126,12154523.822334392,12898308.7194309,6020994.852067682,82427684.18528405,17772245.87553804,18445349.605364885,19607517.860226028,35086365.80014087,4200192.679140488,7509302.728404247,6024312.707433371,64670206.37523934,24218811.07971938,10324290.669481918
10258309.463379266,6310323.489809829,9272418.30669019,3434620.175862885,15234028.19641635,1548619.6494548786,2988322.286716286,10712355.386202935,20902022.54822131,28427382.092382856,9683491.019715084,11666642.298488514,12315262.750886114,6020994.852067682,82427684.18528405,14662728.086034551,17003809.27822573,19607517.860226028,33819721.51882243,4129112.553877948,7086296.7004710855,6024312.707433371,63793912.761351794,21662750.379378393,10210096.975118877
9456943.4400445,6179020.65556592,9272418.30669019,3434620.175862885,11888045.752554318,1548619.6494548786,2988322.286716286,10712355.386202935,20902022.54822131,22009157.578594673,9516048.617421232,10480058.436967121,12241382.70805548,5920579.949116035,78715652.21226484,10170784.53564926,15681383.842060354,19607517.860226028,33741961.21533915,3705033.4708170816,6549314.297314018,5957432.663374329,60938996.573177986,21480047.1013546,9777485.198480474
8982914.169366434,5302441.07990465,8726445.657063486,3395611.1832004217,11888045.752554318,1548619.6494548786,2988322.286716286,9819847.573129365,20902022.54822131,22009157.578594673,9245422.099509535,9259910.852674728,12241382.70805548,5498587.112331113,74100532.4551869,10170784.53564926,14353477.56464276,16568778.320081485,33741961.21533915,3705033.4708170816,6549314.297314018,5255339.8321002275,60207527.52334015,17853781.852217827,9197109.488659533
8559409.85944951,4595423.584812397,7107037.949306103,3376894.988056409,11888045.752554318,1535110.4790343572,2988322.286716286,9819847.573129365,20902022.54822131,22009157.578594673,9212582.955737475,8131961.410538908,12029221.94087525,5075063.457177872,73911155.91179252,9399942.312479613,14353477.56464276,16568778.320081485,32748143.121444948,3640995.6447158568,5649079.6051438525,5207795.451985345,56980697.368440844,17853781.852217827,9197109.488659533
7815058.419994257,4595423.584812397,6477699.083784235,3376894.988056409,11815422.498697786,1535110.4790343572,2988322.286716286,9177272.722033622,19388135.43500645,20217956.797828484,9212582.955737475,7843051.185636785,12029221.94087525,4522056.265774107,71506069.25863464,8782646.339115197,14353477.56464276,16451901.789776612,32267701.04721437,3491117.4374283846,5257385.669979308,4468785.72973131,56618294.468152836,17853781.852217827,8029411.978010527
7815058.419994257,4557111.861054345,5756558.670504258,3376894.988056409,10347664.70439432,1535110.4790343572,2987366.216672878,8363093.519671412,19119108.727599915,14560203.891790817,8404222.799245857,6548448.701451476,11442618.824903386,4522056.265774107,68135865.57713693,8782646.339115197,14353477.56464276,15977886.293042729,31614300.429025996,3491117.4374283846,5257385.669979308,4468785.72973131,56387384.82003514,16793254.052482806,7229471.543334358
6957147.065872455,4302096.072789341,5665471.550222621,3366886.135328381,10347664.70439432,1419849.4991840571,2887060.8595550754,7703844.838383325,19119108.727599915,14501257.584987136,8404222.799245857,6290335.947691644,11396579.510917565,4335649.62919959,66961321.33267131,7999321.817621914,14353477.56464276,15238207.455607103,31009580.186582603,3485575.2517645513,5257385.669979308,3641955.397391102,52644802.36279136,15039309.676247943,7229471.543334358
6922998.196425103,4302096.072789341,4479777.707446537,3366886.135328381,9227660.21753003,1376168.885574486,2865937.858356732,7703844.838383325,19119108.727599915,13523103.273448205,8404222.799245857,5660871.0187597675,11396579.510917565,4081730.85854696,66961321.33267131,7999321.817621914,13174253.429843633,14757746.928416159,27291552.290183436,3354515.1465644734,5032507.183092005,3378442.987117609,50239557.31335246,14720915.916005882,7135043.200721214
6623409.695978501,4302096.072789341,4084559.3723081616,3252495.1133819465,9227660.21753003,1358542.877430915,2852473.1882311148,6814775.01022639,18184651.856071874,13523103.273448205,8404222.799245857,5660871.0187597675,11396579.510917565,3960930.8320333734,65672948.67319224,7694681.823970715,13064138.43436602,12776790.522044528,25590149.49309424,3284732.102828834,4987308.017565385,3378442.987117609,46867898.96244322,13796843.951656928,6849177.319643708
5855252.179271361,4187656.302079699,3808250.288296859,3252495.1133819465,7819901.077741853,1300143.5793786298,2807634.411505859,6814775.01022639,17730253.330068458,9908338.881438198,6977669.885159928,5660871.0187597675,10930597.93832781,3876680.824705002,65672948.67319224,7465148.389533862,12912315.120557407,12597351.329140034,25590149.49309424,3284732.102828834,3915306.93365142,3378442.987117609,44025182.38146319,12132611.276095571,6532286.496464687
5855252.179271361,3760253.733676135,3808250.288296859,3252495.1133819465,7203578.625983675,1299345.3855149047,2768540.2665804955,6814775.01022639,17680270.16269169,9245204.69519009,6327335.556862956,5432171.148175177,10892428.336870646,3458112.78866716,65672948.67319224,7465148.389533862,12566745.609933287,12535906.172633303,25449546.118088707,3152701.068535746,3915306.93365142,3378442.987117609,42847889.5257803,11671152.806231312,6532286.496464687
5569871.575585142,3715100.201033119,3624122.079225704,3237011.5498967078,7150974.845926283,1295062.081085354,2760823.4571421524,6770452.953688324,17650172.739912525,8800149.956508273,5896059.066265308,5403476.675402249,10892428.336870646,3458112.78866716,65587672.34478199,7067828.476525983,12221610.083469635,12535906.172633303,25359479.64715108,3118267.7933316515,3915306.93365142,3345881.8697906504,41677147.281716764,11671152.806231312,5779483.558807324
4743608.637338397,3191037.362041652,3624122.079225704,3114682.2881565196,7034807.295322173,1152421.0827450217,2760823.4571421524,6214905.946235202,17516615.604455743,8800149.956508273,5807907.1221898245,5265526.608192801,10849967.939238142,3273708.0446312944,57517894.167155966,6555775.042457154,12221610.083469635,11313848.934411924,23464567.33253039,3023191.2355049453,3471476.8986744676,3138832.6343293735,40644445.53908384,11648650.997686695,5779483.558807324
4743608.637338397,3171984.9154886585,3624122.079225704,2903805.3885752875,6593539.5596271455,1152421.0827450217,2760823.4571421524,6214905.946235202,17516615.604455743,7276913.512364268,5679076.676230627,5265526.608192801,10704802.348742932,3187240.2456544447,55508552.20946133,6555775.042457154,12221610.083469635,10423536.304790335,23174448.64442036,2976370.174385085,3471476.8986744676,2996804.2934853313,39085312.12840363,9725927.925434101,5258650.135029534
4743608.637338397,3153387.2438693726,3010016.3361947984,2372065.890354607,6417088.187851436,1132990.4643660295,2760823.4571421524,6122415.969159467,17286735.899583664,7141928.8733306145,5050679.335753118,5219525.149585151,10704802.348742932,3059046.1905884338,53255531.44232555,6555775.042457154,12221610.083469635,8542048.0836295,22545348.833388854,2660828.99880726,3446703.3413362275,2996804.2934853313,38454179.001571976,7881818.62477959,5258650.135029534
4301309.405496292,3111310.906180197,2841625.9340061187,2372065.890354607,6417088.187851436,1132990.4643660295,2701704.15887523,6059217.6350732185,16301542.57389324,7141928.8733306145,5050679.335753118,5219525.149585151,10611353.93747387,3059046.1905884338,53255531.44232555,6555775.042457154,11899856.970449341,7982671.963647745,22407438.59570715,2656857.6597536686,3446703.3413362275,2996804.2934853313,38454179.001571976,7241169.410934504,5197347.948993575
4301309.405496292,3098197.7722189515,2841625.9340061187,2372065.890354607,6417088.187851436,1090216.0295556723,2651742.08552949,6059217.6350732185,15198620.807545295,7113305.0778825,5050679.335753118,4996298.754651866,10592630.888340868,3059046.1905884338,53255531.44232555,6555775.042457154,11702214.275431842,7292214.297916722,19668962.882869016,2656857.6597536686,3433081.8904154114,2996804.2934853313,38454179.001571976,6755906.652526283,5051875.6758236755
4252602.774576685,2961942.321769114,2799417.533708828,2277838.58067576,5583777.7936251,1090216.0295556723,2623150.0613082824,6059217.6350732185,14109732.80955386,6957824.797327216,4369939.093792676,4996298.754651866,10583479.187383203,3059046.1905884338,53255531.44232555,6555775.042457154,10167115.550510034,6668333.991279679,16761056.364023205,2651735.96113113,3076186.3160423986,2851672.955186413,35323729.05176506,6755906.652526283,5051875.6758236755
4125229.256936682,2961942.321769114,2799417.533708828,2277838.58067576,5123855.538039577,1038816.2338907147,2577794.669137225,5978357.6341607785,14109732.80955386,6957824.797327216,4369939.093792676,4996298.754651866,10364674.414742326,3059046.1905884338,53022504.69796165,6284445.150670538,10076015.456623854,6257316.362615877,16463733.273887457,2647933.12250817,3027631.426692565,2847757.126056998,35323729.05176506,6488873.740171513,5051875.6758236755
3977007.6236261255,2961942.321769114,2799417.533708828,2221017.6475358563,4868244.314685001,1014653.3747817694,2553661.9009504914,5745963.410087458,14109732.80955386,6957824.797327216,4322664.930906733,4951589.538450019,10350645.173653664,3059046.1905884338,53022504.69796165,6104425.3772916505,10076015.456623854,6257316.362615877,16442283.032226643,2646368.2091219486,2894382.475808528,2847757.126056998,35040603.96012894,6360012.399180685,5046758.154566184
3911041.1827904824,2877365.047724455,2799417.533708828,2152337.9222372016,4868244.314685001,980684.421489088,2553661.9009504914,5745963.410087458,13427759.980735764,6924147.317086884,4322664.930906733,4626153.73001441,10204634.740474869,2841395.2776001585,53022504.69796165,5611097.286405234,9875654.85902279,6257316.362615877,12530301.98683474,2644547.018919841,2689061.19533054,2727341.363730138,33021553.910602283,6360012.399180685,4587395.276708978
3911041.1827904824,2877365.047724455,2524416.1678930353,2152337.9222372016,4868244.314685001,949428.6868756735,2550160.3114172067,5745963.410087458,13090619.019170996,6459365.835391445,4322664.930906733,4468730.174678327,10204634.740474869,2833051.330857097,51247167.14372843,5495646.370905169,9681368.520388355,6255544.396648502,11798512.23891398,2363462.94679859,2689061.19533054,2727341.363730138,32888858.45924808,5640717.932050084,4511123.083863739
3718999.158583876,2877365.047724455,2177016.5013901396,2083213.054763986,4868244.314685001,884783.7099886453,2543998.7843631185,4949071.931461978,12502107.718330124,6459365.835391445,4295390.026147972,4448720.765409813,10204634.740474869,2830162.8489623996,50808009.72930615,5136337.735922531,9622855.661946993,5841247.610096886,11798512.23891398,2356296.8451113966,2689061.19533054,2717616.375368462,32083132.015376408,5607740.7934521865,4402173.214319607
3460162.511418253,2877365.047724455,2174137.629507598,2011810.4374994836,4763967.211069206,872530.7098403433,2450481.2025028393,4944761.85422882,12502107.718330124,6444170.9025639165,4238886.29730233,4448720.765409813,10154099.507929,2830162.8489623996,50808009.72930615,4952247.963219458,9195911.606198326,5841247.610096886,10379887.547827976,2356296.8451113966,2464729.0270366217,2675601.2604749706,31983390.908229757,5028277.8930088,4402173.214319607
3408356.048175156,2877000.8674077084,1874957.5855861765,2011810.4374994836,4735062.555208694,832485.9526128756,2448507.8475744207,4843554.447152266,11720226.00952867,5008033.508414976,4157343.427583928,3861822.706680647,10154099.507929,2830162.8489623996,46190435.54316749,4883329.2103256695,9195911.606198326,5764858.818474375,9364905.463223206,2356296.8451113966,2373466.0008442174,2675601.2604749706,30986549.446442917,5028277.8930088,4031636.6902731014
3086708.18202109,2781524.362335957,1584573.7264960848,2011810.4374994836,4685851.61433339,784068.448160705,2421273.836238266,4660772.614157759,11352930.023974625,5008033.508414976,2838732.573040033,3861822.706680647,9916292.595453879,2783490.3758376497,44679395.81724115,4769374.208909008,8862587.588390889,5511103.977066378,9363855.081216807,2356296.8451113966,2337858.597743634,2670706.2335659396,30220930.689879436,3846472.437086315,3901960.8293310623
2886350.001808767,2756640.7062773043,1240455.2329060978,1850585.4866474215,4634728.601442883,781751.564755452,2336765.167767947,4660772.614157759,11352930.023974625,5008033.508414976,2838732.573040033,3861822.706680647,9746930.88492369,2779340.366629612,38423700.95074,4769374.208909008,8489211.93764546,5472687.320110677,9363855.081216807,2297851.239625781,2330088.886944033,2670706.2335659396,30123839.449396994,3819855.2549366956,3831675.7546097967
2859047.3028357965,2720070.783969782,1129241.9470276362,1850585.4866474215,4448499.959789691,681295.2660455994,2329389.0115279783,4424132.291388027,11352930.023974625,4996749.28667182,2709796.7926615374,3797676.688337629,9639949.206020514,2578665.858180814,38199374.96021287,4769374.208909008,8415531.448128015,5460845.895074196,8686805.834954984,2231882.3337626597,2114104.502852625,2670706.2335659396,28226478.947739366,3819855.2549366956,3750336.6842395957
2859047.3028357965,2720070.783969782,1115062.9069855285,1683163.9609555206,3949946.75243102,660537.505826403,2309179.116001933,3991985.6423812443,11352930.023974625,4996749.28667182,2422129.8416811097,3648464.583842964,9407935.667615902,2549187.9703110675,37493211.963955514,4454001.994598459,8415531.448128015,5441099.994706622,8644236.637518736,2199506.5394384135,2114104.502852625,2279977.457724009,28064065.899201255,3819855.2549366956,3750336.6842395957
2593381.4113904224,2707737.380821005,1110689.6676135245,1677812.4426504655,3937330.3955679317,659193.014052381,2288037.9098455748,3991985.6423812443,11352930.023974625,4996749.28667182,2239686.516645368,3639123.726682838,9316988.351286037,2322691.189686417,34550150.78692151,4292740.01988926,7793224.403016799,5441099.994706622,8317121.061079883,2133068.1030185507,2101979.3093751124,2279977.457724009,28064065.899201255,3819855.2549366956,3571027.7621744503
2593381.4113904224,2707553.971143525,924557.9625091653,1677812.4426504655,3936145.9834794602,659193.014052381,2288037.9098455748,3991985.6423812443,10615364.160054376,4687275.40317214,2239686.516645368,3590641.1089419,9242295.276044004,2322691.189686417,30214534.784854434,3835068.4388490254,7541647.624625605,5441099.994706622,8144366.182014818,2011432.496461822,2002445.6710764226,2279977.457724009,28064065.899201255,3561957.0355232465,3380622.3091942905
2593381.4113904224,2661977.026144077,767836.4679559193,1669669.7883363208,3931465.125719685,627282.6128074046,2245207.3118128963,3964175.8850787706,10418477.855995975,4391832.333771832,2199291.839408726,2937548.3201931044,9242295.276044004,2272415.025823526,28146907.86642793,3522860.8617720627,7018427.654137135,5427286.838918879,6990582.516324186,1987308.7939297678,2002445.6710764226,2279977.457724009,27302999.799600363,3544646.094143759,3380622.3091942905
2593381.4113904224,2661977.026144077,710385.7160715746,1538514.0770584708,3396897.6376723913,627282.6128074046,2245207.3118128963,3964175.8850787706,10418477.855995975,4314789.918454898,2150106.072211207,2871337.1248649913,9158290.807161352,2193008.943174075,28146907.86642793,2968530.8735135947,7018427.654137135,5425312.558096327,6734276.438668396,1820669.048301862,2002445.6710764226,2279977.457724009,26867901.459777914,3468610.986163919,3380622.3091942905
2552812.3992283726,2661668.7638133494,661206.6979601138,1538514.0770584708,3396897.6376723913,617725.6461549909,2238513.634500654,3964175.8850787706,10412799.2610543,4183855.552968557,2150106.072211207,2871337.1248649913,9032432.194079876,2185190.0980223916,23930405.25494608,2968530.8735135947,6410574.639768471,4925940.879794705,6689478.45776937,1820669.048301862,2002445.6710764226,2187143.4609847604,26867901.459777914,3339471.998727934,3355238.9320565993
2552812.3992283726,2633033.9460764057,656938.3646626405,1538514.0770584708,3396247.210092338,610048.1584791094,2238513.634500654,3955261.122091241,10412799.2610543,4123473.2213683026,2139792.3998446125,2871337.1248649913,9032432.194079876,2068988.0842663322,23930405.25494608,2903415.5710762204,6410574.639768471,4925940.879794705,6387591.750185365,1711619.8537725483,1934382.434469415,2166695.071443191,26164603.718966857,3229598.964244367,3327229.4484940926
1872319.2991377807,2632015.240339392,637761.5003559819,1377478.1701562402,3393724.2174577517,580374.9604809474,2170450.1508586113,3898690.7041960713,10412799.2610543,4123473.2213683026,1968813.7811675242,2607192.1311941734,8529294.331575828,2068988.0842663322,23930405.25494608,2813044.4017346133,6225951.675265547,4922916.871588772,6162566.37389876,1670761.5821745028,1933728.3185795718,2072975.7921788737,25078340.13336705,3229598.964244367,3326951.8137864457
1818935.6703339748,2632015.240339392,597697.476478206,1377478.1701562402,2766551.10728826,579936.7558151447,2170450.1508586113,3873328.4919134704,10345596.338133292,4114630.749591858,1853850.9857770477,2607192.1311941734,8319750.919461008,1979025.1053870604,22263765.897902638,2516866.4368054043,6218566.228282414,4914596.630155967,5642988.194898953,1664067.247505111,1933728.3185795718,1938899.7867392872,24797682.50114388,2935131.292167829,3309082.0327290324
1612662.2668252073,2632015.240339392,575062.7525589541,1377478.1701562402,2744753.4478249564,571229.455708815,2161109.621598762,3873328.4919134704,10344296.43069026,3977582.76797103,1853850.9857770477,2604961.207411746,8118261.791806831,1954511.9795492855,20328739.17339364,2487818.895415526,5654674.385593963,4914596.630155967,5413010.103388144,1532314.6557712278,1929571.5922761355,1899875.2867642834,24241815.507974014,2742879.76704501,3309082.0327290324
1593813.8151816921,2559259.9722719467,560005.6206999894,1360525.567799592,2708630.009770314,560031.802980828,2153660.412549107,3865805.479352524,10315962.34223446,3865554.6997420457,1846111.3140897346,2604961.207411746,7732900.4537006505,1945727.8978571354,20100628.115646068,2348979.009229363,5502726.132273669,4373151.757036024,4966688.573385863,1532314.6557712278,1785280.2347377413,1899875.2867642834,23186252.517412405,2691229.236348337,3254829.991662413
1465742.601799147,2559259.9722719467,543516.3597300082,1336765.734631739,2620445.8644099925,560031.802980828,2137748.6757142423,3745224.9799705236,9073896.869038297,3865554.6997420457,1811048.7377718634,2601449.3410912827,7595571.810467507,1893465.7492418457,18133265.58238938,2348979.009229363,5348734.40494145,4373151.757036024,4966688.573385863,1443497.78584087,1780215.2225244695,1899875.2867642834,23186252.517412405,2690943.523653365,3252412.75275495
1420015.7513210152,2559259.9722719467,523234.1192523195,1336765.734631739,2438019.2922025835,560031.802980828,2137748.6757142423,3710524.2849006425,8668648.425163262,3803296.735379372,1811048.7377718634,2581317.4945799857,7348425.886499137,1884880.5099174054,18133265.58238938,2348979.009229363,5348734.40494145,4245476.9802841665,4966688.573385863,1443497.78584087,1747609.6024134695,1899875.2867642834,22783373.283663366,2686410.2608746793,3148935.514727749
1193592.2714516371,2512980.2312647104,468903.07229073194,1283599.5347796595,2300239.43249228,557428.8960455332,2137748.6757142423,3706188.83217505,8379254.931345792,3695201.813349439,1789437.762265648,2581317.4945799857,6841951.232896534,1884880.5099174054,18133265.58238938,2344401.158850184,5218668.630221084,4230769.712521568,4573031.589378726,1412638.9768092735,1692988.187035241,1762435.8746551173,22453750.066016253,2587582.676737293,3145964.6738796746
1169555.3833005724,2512980.2312647104,460920.76472463313,1199877.1125867078,2262113.5018049628,508592.09937594866,2137748.6757142423,3706188.83217505,8379254.931345792,3672725.9138909755,1681245.2817548104,2485735.0240743775,6835650.471209356,1884880.5099174054,17479883.801067,2344401.158850184,5218668.630221084,3927436.8846812923,4445288.315591802,1412638.9768092735,1655073.1303612709,1654169.3416838816,22453750.066016253,2404138.3894379106,2878703.5035104826
1105436.85492432,2455581.965904623,460920.76472463313,1199877.1125867078,2221884.7581820856,508592.09937594866,2137748.6757142423,3698067.9777857936,7629272.255991374,3647174.441586105,1681245.2817548104,2316446.111895885,6804309.249501471,1876668.5672286942,17361316.0386844,2232686.04495166,4734433.866818037,3870485.289543055,4343817.315721669,1359594.102600278,1633739.716802111,1654169.3416838816,21442029.77187891,2377984.9288965045,2878703.5035104826
1105436.85492432,2399702.00514309,460920.76472463313,1176236.0912492173,2206774.2730055037,508592.09937594866,2133766.920747727,3686565.693273734,7552670.282872891,3636608.3013629224,1681245.2817548104,2036224.9821648172,6558813.37602996,1866533.4585727658,16470142.538077593,2207540.1453211596,4734433.866818037,3821426.4483941756,4343817.315721669,1314450.1524028166,1598196.82527493,1625769.3432296726,21442029.77187891,2377984.9288965045,2773660.8055894063
1080926.3135062554,2399702.00514309,460920.76472463313,1077668.1852879976,2206774.2730055037,494252.45500576345,2123701.5537542133,3686565.693273734,7255901.747212115,3635693.597121664,1603297.429758284,2036224.9821648172,6158036.065363862,1855420.8446971292,15350868.599390777,2207540.1453211596,4617518.5891241245,2973356.8108956004,3869417.6217469275,1307115.6238833498,1598196.82527493,1613861.58579117,21442029.77187891,2207691.625450808,2773660.8055894063
919674.9205689837,2399702.00514309,460920.76472463313,1077668.1852879976,2181613.4151066216,487241.45296263404,2114361.899567263,3675226.607783482,7008415.575614879,3635693.597121664,1603297.429758284,1876376.7764931037,6158036.065363862,1855420.8446971292,14644850.807533102,1912127.9259974125,4617518.5891241245,2973356.8108956004,3869417.6217469275,1277131.1229833886,1487936.0257911694,1528596.8538836513,21327440.742487255,2191758.203130388,2758467.136133723
909914.2549408479,2390971.0999494954,460920.76472463313,1032171.3628904994,2161398.0996336746,487241.45296263404,2114361.899567263,3669930.742199666,6400349.424024735,3627278.713382256,1571882.748461039,1600805.823021933,5826851.757191124,1816787.769394534,14644850.807533102,1909014.9035895972,4617518.5891241245,2962387.907108714,3858677.4930325234,1193046.9822584407,1455023.5027930383,1528596.8538836513,20801278.13528617,2067862.6971746776,2616816.0648276564
909914.2549408479,2390971.0999494954,460920.76472463313,1032171.3628904994,2161398.0996336746,487241.45296263404,2114361.899567263,3626703.7311182017,6400349.424024735,3621866.626157444,1571571.7824232467,1325393.963918554,5822690.640157071,1811859.3246923082,14511334.027994666,1839518.771826074,4597378.184567646,2889687.423294849,3858677.4930325234,1193046.9822584407,1455023.5027930383,1528596.8538836513,20801278.13528617,2064909.7808285821,2550378.362644076
909914.2549408479,2379334.763961725,456912.67169343424,1021260.6442244991,2122209.7616708926,453359.470246885,2114361.899567263,3626703.7311182017,6270237.535813386,3621866.626157444,1506128.6168870882,1325393.963918554,5822690.640157071,1811859.3246923082,14141262.385982178,1809221.479312906,4574087.693114931,2790376.881095098,3858677.4930325234,1184482.5885799117,1445239.4968156444,1525345.8112287475,20801278.13528617,1973092.3760599196,2550378.362644076
823720.5964984862,2345900.927453709,445128.43014981935,1013075.0573787722,1996049.8791513098,431606.2656356706,2114361.899567263,3612192.8693247875,5759866.976740557,3620296.7977511995,1473967.4706671066,1279809.1305222278,5190068.418864627,1811859.3246923082,13859240.89172787,1809221.479312906,4455350.789625187,2776244.2956516524,3762508.1990766358,1175694.3445130312,1445239.4968156444,1487202.1376342464,20801278.13528617,1951094.6007409235,2522453.0975021687
823720.5964984862,2322636.158285951,445128.43014981935,988289.6012714291,1957593.1681850934,399563.8065106462,2113703.985236606,3603320.559112573,5759866.976740557,3620296.7977511995,1457948.7639087013,1265449.9307578774,5157759.7212892175,1795969.3433802668,13625154.341964584,1687720.1421618364,4335811.648688146,2764418.607026579,3762508.1990766358,1175694.3445130312,1355194.7375791876,1487202.1376342464,20435573.375923056,1694830.4240051908,2427481.460314725
750101.0932362243,2322636.158285951,435998.472328956,988289.6012714291,1950745.7249829846,399563.8065106462,2113639.87831135,3566747.1254718397,5759866.976740557,3620296.7977511995,1457948.7639087013,1265449.9307578774,5134420.882534841,1783541.7102027722,12755924.916284267,1687720.1421618364,4310926.065446289,2753619.0131388665,3738372.1586888325,1139997.9499472475,1341306.3888078937,1475024.2527162335,19954563.118087597,1694830.4240051908,2330860.549554475
712908.7394382455,2322636.158285951,435998.472328956,897349.2574639067,1950745.7249829846,399124.51936157065,2113639.87831135,3496618.6471456615,5688181.204921688,3515472.3510442586,1407012.212824017,1138441.5216926506,4895731.098956783,1783541.7102027722,12288136.530503497,1595674.785187214,4277737.524662636,2610632.6662656115,3596586.24269748,1139997.9499472475,1334242.904501522,1459726.6205061963,19508121.20585494,1649284.8937904807,2095292.8007090045
712908.7394382455,2298128.0241326913,434314.3485366006,897349.2574639067,1862256.9302421932,399124.51936157065,2046252.456255666,3405138.0159980212,5648922.640939094,3515472.3510442586,1386096.8482630004,1100257.4653322813,4895731.098956783,1779316.5246361354,11778723.723581437,1584147.373295532,4277737.524662636,2609949.4610917848,3573400.638117155,1139997.9499472475,1319446.7143096493,1457574.080479646,19508121.20585494,1645609.450618156,2095292.8007090045
690861.1237461101,2274941.7559819384,433209.0861314143,873328.9156034288,1839355.7260364583,390098.6023995173,2046252.456255666,3387074.175285755,5512715.1083225645,3515472.3510442586,1346181.4149741302,1100257.4653322813,4805312.699685768,1776716.0282725038,11281233.906575646,1509620.4633512308,4277737.524662636,2505321.3180722753,3532075.030637414,1108547.415815788,1304221.197649872,1457574.080479646,19508121.20585494,1645609.450618156,2095292.8007090045
654970.0655010667,2274625.438563834,424047.6139457482,838758.3121845442,1731931.7517797782,380491.9023516577,2046252.456255666,3381477.2770622745,5227504.780507862,3514689.5587393693,1331244.9567760285,1100257.4653322813,4805312.699685768,1761891.0104179226,11281233.906575646,1485547.6424584973,4099505.2813811623,2505321.3180722753,3206200.1251025517,1108547.415815788,980387.7489882453,1448457.3489684034,18217026.548756775,1645609.450618156,1994888.425129778
619273.7195587454,2274625.438563834,424047.4821753182,833216.4875140678,1721725.6929700107,356777.01879767806,2043614.5354735751,3294562.955403096,5101979.792830705,3459766.3610234736,1285434.725403793,1100257.4653322813,4679053.728129316,1760661.956791931,10426605.655801175,1464395.3991977184,4099505.2813811623,2490313.560937305,2989576.2414741977,1086103.6389354046,980387.7489882453,1431308.0928798825,18217026.548756775,1579635.2769210313,1994888.425129778
619273.7195587454,2274625.438563834,412599.8008208904,828239.8115854175,1636867.1474533745,356777.01879767806,2032186.919691172,3235484.8951121215,5101979.792830705,3337673.1626838758,1220452.551251287,1059287.949351188,4647736.266312338,1725349.5404273814,10187052.997856004,1322395.2326134304,4024284.1855883594,2401991.2157823676,2989576.2414741977,1083449.9191984718,967114.54905608,1405215.7642754947,18217026.548756775,1519095.4951014977,1968024.6364839429
610313.0512242197,2273445.3877630415,412599.8008208904,827399.8482423922,1636867.1474533745,354292.0235006624,2022580.2563480202,3230721.574154659,5101979.792830705,3337673.1626838758,1220452.551251287,1059287.949351188,4583019.627570025,1704601.2242991324,10169384.612946676,1322395.2326134304,4024284.1855883594,2388792.006508346,2756212.7573831165,1083449.9191984718,921563.8620948719,1388106.0334405205,17334685.79099664,1418693.1001598043,1793697.2620252925
608111.699218401,2273445.3877630415,398503.3696022929,827399.8482423922,1636867.1474533745,354292.0235006624,2010737.076789602,3230721.574154659,5098197.877393902,3335739.9821936423,1220452.551251287,1059287.949351188,4286726.562718898,1704601.2242991324,9594624.906447373,1322395.2326134304,3862341.763916973,2388792.006508346,2553677.1002313723,1080018.4765574557,921563.8620948719,1385850.2914196716,17047041.39090989,1295874.3730427334,1685621.4551072875
606478.9220397322,2238092.0690691997,397778.94080270693,810406.3486519072,1615472.683493269,353805.84854189976,2006644.9563706825,3226441.264670916,5098197.877393902,3330073.3541368567,1215174.312869007,1059287.949351188,4202488.0747180395,1679553.0358714606,9408058.298207622,1273582.420492198,3862341.763916973,2375056.5884930645,2553677.1002313723,1072315.1029942648,897473.2449529644,1362565.9062804128,14260142.599963479,1221358.068070938,1525304.4439265952
526307.4757214154,2213272.5869126683,390995.4946797475,781499.1585799848,1560367.858625386,346117.3798368165,1997034.9967567637,3185612.5778413797,4647376.346108904,3330073.3541368567,1170047.9357010939,1043391.6735697231,4186987.044926266,1656888.6701486816,9212513.84146704,1235422.2237263562,3843088.5215686616,2275455.3215545923,2439792.486860628,1072315.1029942648,897473.2449529644,1362565.9062804128,14260142.599963479,1172823.7281318468,1422693.0670084325
518240.5468126452,2206799.886490046,388134.18113504094,773927.8062044225,1487231.258452902,346117.3798368165,1986385.0175507069,3101412.548449244,4647376.346108904,3261733.0084036696,1126725.185813323,1029355.7983355332,3651203.40552689,1648049.5179579584,9010211.794822425,1207158.8295622796,3804125.2655669735,2275455.3215545923,2439792.486860628,1067587.3442284944,852557.6725163027,1362565.9062804128,14260142.599963479,908967.1348579616,1422693.0670084325
486130.3574279221,2206799.886490046,387840.949558643,770699.8034150428,1483486.2589417244,345057.06262012786,1963520.0369797745,3098696.079526289,4647376.346108904,3213024.6709750015,1126725.185813323,1004788.034714337,3651203.40552689,1625513.4176936427,7846762.342074044,1190676.2966575054,3265122.8225032184,2238539.33863479,2368431.9425210194,1067587.3442284944,852557.6725163027,1360580.5571886436,13069261.170160057,908967.1348579616,1406017.6111653422
460789.4239220639,2198396.0340571334,387840.949558643,770699.8034150428,1482131.048175438,337499.19888997,1963520.0369797745,3056094.037081024,4647376.346108904,3124971.3412141264,1081288.667140855,1004788.034714337,3250770.1843251856,1611836.7848875113,7846762.342074044,1157161.6011311733,3265122.8225032184,2202326.303380723,2132827.4035081617,1067587.3442284944,754601.4934004396,1360239.110789226,12612883.930451846,875039.6147292216,1406017.6111653422
460733.4085710582,2198369.272688535,384727.25468564965,767734.4445568282,1475756.0815450044,333882.40795761166,1963520.0369797745,3022153.164632795,4487813.507396429,3124971.3412141264,1076928.734547918,1004788.034714337,3250770.1843251856,1595409.8579848567,7846762.342074044,1084907.726242567,3265122.8225032184,2171777.299452381,2089472.2202861777,1067587.3442284944,747349.3964826809,1325181.122598446,12612883.930451846,873645.6216043908,1406017.6111653422
425514.4113621291,2195810.0784824593,383728.17895029887,762719.1113071482,1475756.0815450044,333530.2325707412,1959455.6311893023,2986061.9086375386,4454194.835201161,3124971.3412141264,1051937.527827976,983444.2620439932,3227578.002361201,1591228.5115325197,6923751.326318999,1073883.1057907187,3055260.983643967,2160903.721994239,2088871.4545472297,977325.8532447268,710741.7103104468,1325181.122598446,12538370.180468094,720293.7704030838,1354384.4591539656
425514.4113621291,2194215.9077757313,382302.11719828245,753923.8453808544,1466183.574925364,331311.10453981115,1953698.2995481808,2933611.179723843,4294039.602860606,3056408.3707314003,999321.8317052209,957084.3438263555,3227578.002361201,1590668.988979286,6923751.326318999,1070279.0173112554,3055260.983643967,2143569.4304367304,2053861.8497069634,977325.8532447268,695368.3149720179,1320611.910013001,11931562.8876466,613772.9381534744,1305523.8945830488
367283.7719626664,2194215.9077757313,380166.6206925841,737310.8933871548,1434944.0091808927,323120.3346671846,1946327.1072948598,2918470.91174666,3568616.517822338,2948613.4874453987,999321.8317052209,957084.3438263555,2993409.950509672,1581332.5034340827,6923751.326318999,1001685.1445834639,2820870.094776606,2129124.712894549,1998514.443328523,969557.4668387573,657658.3935051986,1320611.910013001,11931562.8876466,613772.9381534744,1305523.8945830488
367283.7719626664,2194062.5741294655,377103.99125498446,726593.8580410179,1426911.101856464,313778.33547468286,1946327.1072948598,2918470.91174666,3405705.0559574426,2948613.4874453987,998477.4209420106,957084.3438263555,2911762.958168041,1570435.0472039275,6894646.8976953775,1001685.1445834639,2820870.094776606,2129124.712894549,1948096.8753152965,956243.6714926691,652063.1509252924,1310242.9937592945,11931562.8876466,613269.1575092811,1259767.0707417317
340001.0211615429,2187752.254956966,370085.72629782534,697327.6727602296,1426911.101856464,313778.33547468286,1946327.1072948598,2892179.759357637,3405705.0559574426,2851514.1502545695,997156.1359813204,957084.3438263555,2609009.059059666,1570435.0472039275,6794702.583052548,1001254.2374573023,2628632.4755234714,2079442.8550725607,1937826.86222333,942735.6662455471,597797.8711784505,1306721.7712923104,11220934.468879955,579455.6910253599,1206697.4022298953
311508.5246020334,2183314.789205584,362983.0791724632,690443.2721304038,1417234.3203771864,305480.3442851434,1925077.3727006116,2887258.51680825,3268679.0464407587,2717752.6380413277,978380.1699526818,924129.5644827761,2315706.1855234187,1557555.3142779514,6747642.958850675,942190.2786755029,2597925.769958667,2079442.8550725607,1905383.0465179242,931980.1746889532,597797.8711784505,1279877.3966363654,10130544.811209945,579455.6910253599,1206697.4022298953
300800.4833566364,2182482.4490513573,362983.0791724632,681829.25171122,1405185.4633718363,298763.6057529515,1925077.3727006116,2836320.98018903,2823739.547866063,2717752.6380413277,978380.1699526818,924129.5644827761,2315706.1855234187,1557555.3142779514,6747642.958850675,935344.89967678,2597925.769958667,2079442.8550725607,1887049.2860626534,931980.1746889532,568548.997710699,1279877.3966363654,10130544.811209945,579455.6910253599,1150770.7205780009
300800.4833566364,2182182.723279054,361018.2060933045,641773.7078407245,1405185.4633718363,294093.72369240323,1917954.7352096937,2836320.98018903,2823739.547866063,2692754.1776151326,975552.1341477947,910872.7680765755,2193536.321700187,1520908.9170284441,6603840.813325255,897197.3848086146,2483529.7009231015,2079442.8550725607,1872479.2382519876,931980.1746889532,549930.5503304665,1253222.0623782275,10130544.811209945,518811.5845732134,1150770.7205780009
288296.64061887906,2175725.260279466,360156.48348040046,641773.7078407245,1405185.4633718363,292616.4510774866,1897417.5466267345,2833633.4563764306,2536741.632762529,2573135.6669200514,921223.3420316739,894937.6504641545,2133648.3655161615,1515609.534874375,6242262.520632603,879735.9296781883,2483529.7009231015,2077140.400627805,1791486.6758492114,894282.5345309246,534049.5488488748,1252244.6422796878,10094924.865191296,518811.5845732134,1143932.127832015
270589.51042506495,2175725.260279466,353403.8161142278,641773.7078407245,1401684.581722365,289213.3513768492,1887260.1760892875,2719742.3408333748,2505762.973523602,2537281.6725463397,860427.9755658371,860801.6292698042,1971578.3241768947,1503696.7428933915,5856464.401081572,869923.224588586,2483529.7009231015,2076676.677383842,1732943.2162391867,881078.8553760875,528583.7435842362,1252244.6422796878,8077955.700050084,499054.5631863151,1143932.127832015
248783.79839328193,2160104.6104421844,353403.8161142278,640985.4118037536,1396193.1757961635,287775.20664046175,1884406.4254982616,2719742.3408333748,2505762.973523602,2447664.790812532,819308.6426508088,857171.3530568989,1716978.6155950716,1488577.1939395743,5856464.401081572,869923.224588586,2483529.7009231015,2076676.677383842,1714674.511152686,856499.3751186818,514063.62942034844,1238084.025871637,8077955.700050084,499054.5631863151,1133323.1797997693
248783.79839328193,2154409.9016498523,353403.8161142278,637253.5936615816,1388808.7359343993,287775.20664046175,1863380.7975251875,2719742.3408333748,2219452.397857219,2436305.5790140755,779365.8781620946,857171.3530568989,1624815.126778594,1477170.771694154,5856464.401081572,869923.224588586,2441130.3946239217,2076676.677383842,1669623.9900725726,842567.7537885329,514063.62942034844,1233393.9028708455,7877340.0714637535,499054.5631863151,1133323.1797997693
248365.57148199604,2153633.3735491675,350075.914094885,632115.2214604347,1382988.8897120138,279642.5597400422,1860022.8815591105,2719742.3408333748,2188972.1707291733,2428262.2291246834,775504.5270342939,827875.5204079119,1613286.930090278,1431318.8599386772,5743988.903754498,861638.3823383524,2430721.3698303374,2076676.677383842,1598186.9885101581,842567.7537885329,486561.4311103922,1227365.3405211142,7120254.874684029,492435.977217445,1104950.961174149
236713.8466120011,2152968.3178923717,344842.1770134018,632115.2214604347,1378824.2312708949,279642.5597400422,1860022.8815591105,2662890.626214118,2026915.4829166185,2396038.4117770474,679718.733271099,816662.0031119598,1613286.930090278,1431318.8599386772,5468997.910319799,847008.9179308189,2412067.7563604196,2076676.677383842,1598186.9885101581,809098.8012133064,485522.69489339355,1224717.8309894546,7120254.874684029,492435.977217445,1104950.961174149
236588.12012528465,2149869.367205149,344092.1952606054,602815.0589050655,1352813.3192495096,275386.9835124345,1860022.8815591105,2604815.430951231,1923312.6253828662,2396038.4117770474,679718.733271099,811229.295131159,1607004.4805018916,1431318.8599386772,5146334.60966716,779692.1981447841,2386343.217552581,2076676.677383842,1598186.9885101581,809098.8012133064,477153.1474586893,1209176.0810687456,6965338.026626159,484878.7614585863,995897.8387406163
220915.39647579254,2140396.152536439,344092.1952606054,602815.0589050655,1352813.3192495096,275386.9835124345,1860022.8815591105,2604815.430951231,1923312.6253828662,2396038.4117770474,679718.733271099,781022.9876298307,1560365.7539860834,1431318.8599386772,5146334.60966716,770079.9198667937,2345785.0386136104,2064531.1618180592,1534205.5622136593,795347.5305530637,473735.0357375136,1209176.0810687456,6352917.392697736,484878.7614585863,991223.4876239984
215497.74833549035,2135663.7135906816,343537.7414376832,599016.4388382698,1350119.1849250493,275369.7887524181,1846331.2980266388,2574246.59840004,1499169.2781044762,2396038.4117770474,677906.4265490427,749816.9346747635,1533358.3639068815,1427178.223064145,5146334.60966716,770079.9198667937,2345785.0386136104,2056029.734982925,1529005.8057190715,795347.5305530637,473735.0357375136,1207110.6966190191,6021974.441702182,480591.47987816785,939727.3789851784
215497.74833549035,2128280.7645428195,340886.4276678417,564174.0230280982,1346888.6893259967,275211.0669702598,1843768.7349108283,2572520.1889633154,1449150.2663276726,2395795.569928664,673327.5447968205,748728.6437941926,1455870.8877395377,1406927.0910068,5146334.60966716,759566.7361889791,2337464.728917914,2054903.8599255756,1461336.53948817,789549.7473343315,435019.7556407045,1204504.0473137235,6021974.441702182,474736.35398438247,915774.2149549231
215497.74833549035,2125149.7298663394,340886.4276678417,564174.0230280982,1328803.837378332,274898.35025210184,1842162.733091067,2572520.1889633154,1344061.0296611248,2378731.151252924,667873.0438525719,736488.8199219784,1455870.8877395377,1406927.0910068,4867733.528927516,734313.3768567299,2320831.9695603056,2054297.9667652212,1461336.53948817,780323.369653905,435019.7556407045,1202326.8867316297,5909697.466268514,456508.15059648594,895035.4131396476
215496.63501614903,2124150.678206066,337894.1415241498,540857.1270647895,1327079.0247505433,274745.341573573,1836579.6979122432,2545288.500257296,1331799.7917483586,2375777.6088559893,639266.8785680428,731974.6395463387,1408469.4062518615,1397703.4014627552,4867733.528927516,734313.3768567299,2309280.166519787,2054297.9667652212,1456720.7501217367,749426.473435481,424001.4274285686,1194621.3168315748,5909697.466268514,453736.96802833135,895035.4131396476
215496.63501614903,2103380.485269273,337202.05901021237,540857.1270647895,1323997.104107812,272361.3065908287,1836579.6979122432,2535813.813491902,1331799.7917483586,2361637.850053947,631276.8008784165,729695.137552409,1408469.4062518615,1394823.7721567105,4429611.594663726,734313.3768567299,2309280.166519787,2051024.6957547942,1367622.8000914021,749426.473435481,388569.62488840264,1194621.3168315748,5909697.466268514,435786.80588243576,895035.4131396476
213574.8095570044,2103380.485269273,337202.05901021237,537600.1868266085,1316632.2728351287,267444.11037207826,1836579.6979122432,2522819.022020755,1200695.9384095029,2361637.850053947,625567.4877410273,712979.9551718557,1408469.4062518615,1380641.4506669152,4401420.959873976,734313.3768567299,2309280.166519787,2041408.5793069676,1367622.8000914021,749426.473435481,388569.62488840264,1189983.9500102077,5842308.376680477,424842.19819768623,842897.085767048
200588.58392612767,2074904.5504111287,336828.43249238905,537600.1868266085,1307577.0595688669,267371.8453807507,1817841.6437942975,2517144.9952973067,1099335.4459901499,2361637.850053947,616247.2822646622,712979.9551718557,1361878.1126270976,1380061.818606433,4401420.959873976,733973.5305131375,2309280.166519787,2041408.5793069676,1350431.750204105,746213.5469864203,383345.09324155503,1188542.369254552,5776658.946127168,421235.05729232857,817144.4912872603
200051.35006466214,2058864.3793808504,331029.8169384091,537600.1868266085,1307577.0595688669,265815.69974007766,1806736.6641589897,2441609.1444327175,896959.1709198279,2361421.911358444,613790.149256929,704437.025842249,1323012.2148099304,1380061.818606433,4377302.521534652,727555.3894284843,2309280.166519787,1667610.1405168783,1350431.750204105,733437.8578694183,375088.39498818433,1185419.8607340232,5575113.027435043,415032.16067684285,702662.4303814566
199480.88139241023,2058864.3793808504,331029.8169384091,523933.07906430366,1307577.0595688669,259044.11570034726,1806736.6641589897,2421333.924150775,896959.1709198279,2359037.006723549,613790.149256929,704437.025842249,1323012.2148099304,1380061.818606433,3931767.367746165,703103.7767126857,2288307.059221465,1667049.9058669375,1275514.5413135344,733437.8578694183,372764.34333224135,1181194.0022751098,5527722.114136475,404008.9752387185,702662.4303814566
199480.88139241023,2040822.4446225562,330048.5421070329,523933.07906430366,1298832.7381649483,257106.4625833029,1799243.9133117306,2421333.924150775,896959.1709198279,2314022.4320889194,586090.3437109125,704437.025842249,1318121.7240156576,1357451.2888507422,3931767.367746165,703103.7767126857,2288307.059221465,1515354.0674201187,1211833.1955475165,733032.6122061978,371505.46741065866,1181194.0022751098,5326192.164796517,397256.73179892445,629453.8363008585
198980.08694639048,2040308.8137054301,329880.99894606764,500587.02754377725,1296116.3975695984,239549.51234458238,1798067.0475026073,2421333.924150775,886784.4476655814,2299351.8323179446,583203.853931032,697680.1331661242,1318121.7240156576,1350639.5714664531,3388538.553668338,636822.7961885607,2288307.059221465,1446465.923228037,1183378.1552834425,732814.9031243486,344386.2673154633,1180641.6417539476,5278662.130411338,387122.5482775375,629453.8363008585
198980.08694639048,2038145.0239155754,325048.5649910014,500587.02754377725,1274595.006860758,233994.97563456642,1788946.3887118676,2365132.4390800847,828664.5922481453,2240704.237091657,579617.2837032,697158.2108437002,1318121.7240156576,1350639.5714664531,3388538.553668338,636822.7961885607,2278210.6072166646,1434011.3503050844,1183378.1552834425,729407.9441889947,344035.1713325891,1180558.6362381196,5140789.205816984,384457.134173108,628709.2028866848
194423.07378722893,2034953.7518690194,325048.5649910014,499492.2923367867,1261672.6614952644,233994.97563456642,1784828.292366286,2342827.3469841867,783995.6523243788,2194029.560363245,579617.2837032,697158.2108437002,1295362.0803628995,1347068.5104989128,3388538.553668338,635663.9885572309,2275692.374230451,1307785.513048943,1063372.8174203243,714057.6946539406,341333.53396443377,1171476.678715292,5140789.205816984,381226.10717065557,628709.2028866848
187546.70770073516,2032331.5020284916,325048.5649910014,493823.6697388108,1242621.1023353932,233994.97563456642,1784828.292366286,2332150.7247199705,763878.1697870966,2185553.01946983,579617.2837032,697158.2108437002,1290944.8947446635,1328029.1949341397,3248664.874809684,635663.9885572309,2275692.374230451,1307785.513048943,1003309.1207198417,713859.7008806858,341091.8180196856,1171476.678715292,5122888.609056686,381226.10717065557,557884.7250663238
185049.0452113967,2025729.6781342148,321315.4999354615,493823.6697388108,1240761.1065104143,217659.88178609067,1781842.3861615565,2322778.3963482524,763878.1697870966,2185553.01946983,579617.2837032,694443.2613004771,1235640.437818964,1324934.5251304265,2933634.3574088304,623078.2833502787,2274561.6225512945,1216326.6630903448,980268.3506160551,707551.3298837605,340683.3720974746,1171384.7169803008,4638409.490390808,380309.39403850905,494701.8817885212
185049.0452113967,2018109.5439016134,321315.4999354615,490382.74670922436,1240761.1065104143,217659.88178609067,1779452.829897318,2314841.685968931,652911.1038874248,2158069.408650144,579617.2837032,692064.7377541481,1232301.0206881112,1316546.8152094497,2783409.145823465,609006.7237555132,2274561.6225512945,1121553.459713951,970029.6626140446,696740.8035014893,338942.7336782484,1169775.908467594,4638409.490390808,380309.39403850905,456628.5340914716
185049.0452113967,2004762.7279377133,321315.4999354615,478037.4012351766,1240761.1065104143,217659.88178609067,1766159.086498521,2296235.2773601706,626777.9336125776,2103766.6768665365,579590.0857422567,691205.3747465092,1232301.0206881112,1315794.326672157,2663876.709952511,609006.7237555132,2257308.8397792033,1078359.0173290377,912742.2473630056,692348.6357373982,335153.82823630184,1166989.529152566,4638409.490390808,374052.60824945406,452916.56982162717
185049.0452113967,2004745.6783779378,321315.4999354615,436581.8419980247,1237425.2597764588,216041.14916489954,1766159.086498521,2296235.2773601706,510044.3645688302,2103766.6768665365,579494.933229059,681742.6303064796,1232301.0206881112,1266856.2001501413,2663876.709952511,601089.7487719272,2239611.5568272863,958532.0263691819,912742.2473630056,682020.8390454006,335153.82823630184,1166989.529152566,4544034.064278041,373537.0232216906,412179.34802191186
182259.86845444952,1992169.08782659,321315.4999354615,436581.8419980247,1237425.2597764588,209837.93969921887,1747804.8511496852,2261962.0947885886,510044.3645688302,2091287.3622747194,579494.933229059,681742.6303064796,1228647.0405773004,1261990.831699202,1830655.828832711,596635.9707996749,2239611.5568272863,880000.9270116439,906337.6061577081,682020.8390454006,333009.9937874295,1165759.3075475567,4544034.064278041,368621.8651854292,397070.3369253676
182259.86845444952,1981744.394191317,318267.6721330819,412229.167120815,1233021.1325188596,206641.46937124434,1742449.700400673,2261962.0947885886,479944.09011288796,2070079.6253032773,563908.1713080562,679102.9231783134,1212732.3058095344,1261990.831699202,1830655.828832711,563710.0722604154,2221222.1960386136,880000.9270116439,903273.9232001782,682020.8390454006,333009.9937874295,1165547.2479400348,4506269.847238275,356991.2257663093,397070.3369253676
180564.63921747165,1959685.753353512,318074.4933944237,365151.9233035699,1232305.6061802877,192726.06109799177,1737995.5526277928,2257164.623039077,473593.0639663712,2063456.3962317768,563908.1713080562,679102.9231783134,1212732.3058095344,1261990.831699202,1807803.3956407432,523466.811424191,2221222.1960386136,768538.234891689,889915.4384106152,682020.8390454006,332562.28667571803,1165444.5504477697,4285397.27200727,356991.2257663093,391898.1391587236
180264.33453027645,1953753.6641270567,317308.9300698045,330545.39222798846,1230504.7188929364,177151.23673622037,1735547.1114911742,2250846.891079068,470324.054342572,2043889.4973159283,563908.1713080562,673871.3816363536,1212732.3058095344,1237069.9532269796,1741872.1813806768,519831.8116702429,2205602.2393756653,767827.087581791,865195.6805350974,675046.9752450681,330224.93968492665,1165375.2652275686,4285397.27200727,356991.2257663093,381241.5367106699
177215.72456213096,1925782.6687400711,290756.0660026758,313943.99803969293,1218978.5559568214,150485.06556606767,1735547.1114911742,2237860.83055044,470324.054342572,2043889.4973159283,559235.3535378355,671818.5850461854,1194395.8598885979,1227946.732529016,1629054.170298354,519831.8116702429,2205602.2393756653,669114.4178758443,865195.6805350974,675046.9752450681,330029.57916050474,1165375.2652275686,4285397.27200727,339365.2963506532,372834.6067678604
175966.7029763087,1917627.999256961,290756.0660026758,310247.36018580256,1218978.5559568214,136039.21910926752,1734528.902673265,2228806.1370788626,465579.25187979767,2042288.9025734572,553634.9612985945,666868.6965038087,1187983.9419974303,1225081.2123965668,1544873.3294373872,487885.27082910173,2203891.5746954344,643111.5379073534,857358.1656906209,659277.4784354072,329967.4631696131,1164775.2206518184,4205452.666590906,339365.2963506532,364859.5652820125
174533.47847162705,1901995.1147442504,282534.88780026796,301972.2322367315,1218978.5559568214,136039.21910926752,1730768.650298335,2228745.938826747,464678.2481621207,1997971.0762132893,538962.7559180877,666868.6965038087,1187983.9419974303,1209173.998208545,1523568.8650591956,481637.9666598834,2203891.5746954344,643111.5379073534,857358.1656906209,581792.1944645362,329967.4631696131,1162499.6117057519,4204405.379729203,330481.88104738295,320175.0762789109
171211.95540866037,1898469.0010481142,282534.88780026796,301972.2322367315,1218141.6468531722,135883.41226276453,1725308.2234224214,2228745.938826747,390879.8094283882,1997971.0762132893,535838.9278587756,666868.6965038087,1181231.2275008787,1201802.162773723,1514615.8338375252,454587.1518248951,2203891.5746954344,643111.5379073534,854050.1560032184,581792.1944645362,329815.9137257923,1162499.6117057519,4204405.379729203,324482.14990591636,320175.0762789109
171211.95540866037,1863263.6479136243,279229.5599524384,295561.6102109395,1212568.4434368173,134895.70150056388,1712831.3574509455,2228624.8265683684,384485.27420183504,1997720.4199654816,534499.813116425,666868.6965038087,1179135.643735333,1191173.7259054293,1507156.8884158926,454587.1518248951,2203891.5746954344,643111.5379073534,843344.7920505825,580689.9922517845,328189.99925851566,1162499.6117057519,4163389.4144987897,324482.14990591636,320175.0762789109
171211.95540866037,1861423.536590819,271125.1325829503,261074.3854634129,1210394.088064502,133553.39552213528,1712831.3574509455,2228624.8265683684,380415.52983506606,1988534.7625815484,517947.3728511268,660559.0657336563,1176706.3759386262,1191173.7259054293,1456821.9486032,420802.8993095956,2190507.879840009,643111.5379073534,835882.6491497598,580689.9922517845,328168.6433581583,1154194.8469366804,4094196.661966818,310942.3864384757,320175.0762789109
168600.42000018634,1805783.8709827056,264648.19741571136,250397.68862033193,1190942.5505502636,130128.65070054136,1705589.2529999937,2228624.8265683684,380415.52983506606,1985400.2133346526,507886.7327830788,660240.8307986789,1175086.0272882662,1191173.7259054293,1456700.2345589618,420802.8993095956,2190507.879840009,629999.9581609605,835550.1305030199,577642.4057270002,325249.6391378598,1145960.048937368,4094196.661966818,310942.3864384757,295002.2738989398
168228.513269836,1805783.8709827056,264648.19741571136,248128.09913322222,1182154.9043656804,130128.65070054136,1683952.5439902304,2228624.8265683684,379196.26186789374,1974274.621061909,507886.7327830788,659922.7376582298,1170050.2509489283,1165040.4386564167,1421021.2660230934,396784.50848848897,2190507.879840009,612996.1578573801,834051.6656725117,564143.2258355019,325249.6391378598,1145960.048937368,4094196.661966818,303250.52334845543,277767.01837094536
168228.513269836,1805783.8709827056,257347.85393413613,246092.3448747104,1181299.6279536034,129726.38257782665,1675471.9391482314,2228624.8265683684,379196.26186789374,1969690.0759781846,487952.8007002583,659089.3938887108,1088475.9817055303,1156380.1431987395,1375541.3098617864,394612.4244006862,2190507.879840009,612996.1578573801,784383.2348010277,533224.1063013324,324121.16156089416,1143613.7199288171,4078704.205625475,303250.52334845543,252934.4721446584
165952.60480979003,1792892.508982719,254683.82066237813,235020.12566859476,1176458.3785575982,129482.16361316697,1673680.7341560079,2228624.8265683684,351767.14773558633,1960822.1494533438,487952.8007002583,659089.3938887108,1078271.9378852858,1143109.5694961406,1375541.3098617864,390367.9848460866,2188644.1199724935,607736.8125218486,784383.2348010277,516530.34755648824,322985.4431281018,1140358.8178119466,2567386.8706180155,301185.6609897254,252934.4721446584
165850.3008752198,1783291.9886086176,252759.04453624328,234905.7596926395,1159957.6300377308,126053.039219398,1647176.7470170255,2226766.713535296,343770.1619613444,1950497.7231922254,487952.8007002583,652131.1403737095,1031987.7122129595,1126988.5769546642,1359902.6897670587,390367.9848460866,2185660.3833594527,568268.2048916167,779200.0502739926,516530.34755648824,320496.6629464036,1140358.8178119466,2567386.8706180155,300731.8677247741,252934.4721446584
165850.3008752198,1776388.9592796762,249842.0899212425,227065.24159345907,1151818.9785999248,125615.13945118964,1630369.5979413136,2226766.713535296,342312.6459589854,1920811.4387686267,485501.8989467176,652131.1403737095,1025852.5522746845,1126619.569415447,1359902.6897670587,364273.97210246034,2185442.3315968416,568268.2048916167,777985.1157756678,516530.34755648824,320296.50388783816,1140358.8178119466,2567386.8706180155,299075.0885674802,251853.79899936568
165850.3008752198,1759461.9417807674,249842.0899212425,224573.731415521,1146006.554353325,125615.13945118964,1630369.5979413136,2199983.5922109718,342312.6459589854,1920811.4387686267,461589.48045999056,652131.1403737095,1025852.5522746845,1122461.4126225924,1355010.5720088459,360713.35886123887,2184256.0177770434,540918.6862641982,766060.7410604736,516530.34755648824,319226.31121379504,1140270.9717356043,2478721.772049094,298222.83300370525,251853.79899936568
164883.53272109485,1759461.9417807674,243161.4181150072,222106.97107423682,1146006.554353325,125615.13945118964,1628861.7390855907,2196658.6783874664,342312.6459589854,1903091.1127456038,443429.68931007216,652131.1403737095,985438.8109827754,1112031.2386993594,1339192.1011426984,360713.35886123887,2173613.032766999,540918.6862641982,738063.8178470427,514455.53174035926,317496.9380938351,1140270.9717356043,2478721.772049094,298222.83300370525,251853.79899936568
164883.53272109485,1758553.4183743412,240744.38359949942,211856.74798768817,1146006.554353325,124140.87222582927,1628025.2959422877,2183971.5949499086,340253.93659686827,1900652.8205917021,434813.30119594594,652131.1403737095,985438.8109827754,1111948.198316512,1311168.1707053657,360219.3053742282,2169362.045899109,522884.91960350715,724999.2717579125,497345.0197076439,317496.9380938351,1139773.2181454997,2132438.3482606253,298222.83300370525,251853.79899936568
163915.59629645213,1755011.4161480158,237088.3549313784,207985.80598140415,1133049.1333962544,123685.98036314768,1617807.3920156746,2183971.5949499086,309162.242877893,1896329.6448556122,433003.3355377678,652131.1403737095,942276.713198619,1111948.198316512,1309119.7977344065,347386.75932656,2164157.016049736,520793.20547129755,707484.4119697249,488249.86713679,317496.9380938351,1137215.892448838,1954160.473837561,289322.61460619775,251853.79899936568
163461.1964961345,1752973.6912715638,237088.3549313784,205656.50370714802,1133049.1333962544,121837.8721288184,1598353.1604098612,2180596.806169333,299763.30044017354,1850882.9515451924,413900.99703313207,652131.1403737095,942276.713198619,1105131.0682890958,1309119.7977344065,339655.0699546875,2164157.016049736,520793.20547129755,656365.3779927521,482943.6856570052,317012.7202684999,1135753.8249162673,1532938.9907486825,288821.4154533854,251853.79899936568
162985.58196731014,1733723.2896419782,232814.3845965134,204367.795273296,1125392.8597279743,121837.8721288184,1596199.236345462,2171125.562393862,299763.30044017354,1850882.9515451924,410847.6232500821,652131.1403737095,942276.713198619,1105131.0682890958,1309119.7977344065,334396.22645293653,2164157.016049736,520263.80592334643,656365.3779927521,482943.6856570052,317012.7202684999,1135753.8249162673,1397929.6387383272,279185.0013352695,251853.79899936568
162257.92008263976,1733723.2896419782,232814.3845965134,203962.23511310265,1111338.97218373,118690.14693454288,1587229.7861836276,2153460.773753078,298347.7854362172,1804461.959808236,410847.6232500821,652131.1403737095,919288.424008427,1105131.0682890958,1309119.7977344065,324397.3504708517,2158257.227658315,518824.05803131574,620738.6104476246,482810.5409670641,316643.9013619514,1135597.6761486018,1350290.9102586878,279185.0013352695,251577.16131564145
162010.69459030285,1733723.2896419782,232814.3845965134,203962.23511310265,1101189.4823038436,113855.29034806254,1587229.7861836276,2153460.773753078,286916.5181853343,1803764.5542923282,380469.81749335653,651703.3056245021,919288.424008427,1105131.0682890958,1262250.6739739487,311681.1892900324,2156083.4056509905,500800.1261957548,620738.6104476246,467060.20328134246,316517.29963372636,1135439.3482200936,1258633.803396804,275720.0389493625,251577.16131564145
159825.42049514357,1723810.2104070701,230222.444513427,199543.39601428827,1079304.4695758845,113780.9949996577,1587229.7861836276,2144043.6911398303,278316.96995897166,1777831.03135136,380469.81749335653,651563.6072476227,919288.424008427,1101958.5631678123,1262250.6739739487,311681.1892900324,2147491.0022009127,498479.45518806804,574849.0486052884,467060.20328134246,316455.8484078584,1130045.2908237157,1141499.250953835,275720.0389493625,251204.65104934058
156698.7357846226,1715715.678703358,226674.2776966829,199543.39601428827,1047000.8083176309,105907.16935449366,1585860.410882303,2127282.521447366,274648.8199664195,1769140.0850243631,380469.81749335653,651563.6072476227,864532.0404696509,1101044.864272355,1245694.1601697537,311681.1892900324,2146861.6517522433,498479.45518806804,574849.0486052884,465377.94468012126,314752.278028562,1129231.5370280738,1133774.8449757323,275720.0389493625,244489.51201629578
156669.76539423244,1715715.678703358,226191.29485870563,198626.723982504,1047000.8083176309,105817.91716593414,1577823.8954566282,2105080.3165841093,274648.8199664195,1768939.2756713922,380469.81749335653,650198.3256819402,821410.3723774196,1097634.926327277,1245694.1601697537,300310.5263971296,2146861.6517522433,483362.78341822856,572708.500518445,465377.94468012126,314346.9211381436,1129231.5370280738,1124133.9907904912,269168.93796328397,244489.51201629578
155839.56780668872,1708106.8584182684,226191.29485870563,197749.911912302,1030898.4603219485,105817.91716593414,1577823.8954566282,2105080.3165841093,269756.6190422708,1756348.265354823,380469.81749335653,648314.929161714,821410.3723774196,1091472.3680237478,1212953.225299677,292447.12434871704,2146627.328316576,483362.78341822856,531525.7834134393,461812.4954457628,313570.6090364248,1129231.5370280738,1112473.6197429057,267929.0611180457,244489.51201629578
153818.8523540696,1706675.6459919983,225180.58088930676,197000.13950284157,1030898.4603219485,103568.77829740243,1577823.8954566282,2105080.3165841093,267036.028619415,1747351.3736006932,380469.81749335653,647958.8324944368,820206.519280165,1091472.3680237478,1207228.0369738021,292447.12434871704,2139536.657148317,479124.94497988635,519285.9879785851,461812.4954457628,313512.24032828416,1127907.3458210242,1088126.8059320168,267707.11600973463,244489.51201629578
153818.8523540696,1704605.6305858823,225180.58088930676,190989.2698221885,1030898.4603219485,103069.62682588451,1577823.8954566282,2104955.47416684,256236.74109635243,1732382.909177984,368213.5180103672,634066.6276624692,763783.0752274106,1089411.2297007216,1196743.1480848917,292447.12434871704,2134869.620513288,475442.6361035709,506880.5840918674,459511.73042674403,313276.4292864114,1127201.7326218793,1087437.9066283973,264074.2280485318,243920.15965939546
151455.19780911307,1703889.332961399,221236.03715448055,190989.2698221885,1030898.4603219485,103069.62682588451,1577692.621751763,2070612.4418301242,253399.85657490787,1731301.625777494,362954.9685507115,634066.6276624692,756989.6182578352,1089396.0199825757,1196743.1480848917,281770.5582832182,2134869.620513288,475442.6361035709,491788.80599085084,459511.73042674403,312246.7696639743,1127201.7326218793,1077142.8060337359,257411.7787700763,243303.68751918705
150326.68803143382,1703889.332961399,221236.03715448055,186330.28457204654,1022353.6024455973,98480.78326445304,1577520.5414421044,2058983.0475982425,253399.85657490787,1729613.1695223786,360299.19475730456,623683.1006180058,756989.6182578352,1086857.0238311833,1196743.1480848917,280815.7929860152,2127540.019098818,470140.5781025312,486472.66857151064,451152.8953852492,309536.48077464383,1127201.7326218793,1051066.9783914168,250676.1485551635,243303.68751918705
150326.68803143382,1697877.1033266315,221196.4909878657,185781.53941617362,1022353.6024455973,97927.85749374518,1577520.5414421044,2057002.788107581,244488.51244660755,1693967.1633762717,356707.6831860357,620167.6935344693,756989.6182578352,1086857.0238311833,1196743.1480848917,280815.7929860152,2122246.412365566,464259.0723660636,483739.9032232836,449922.20859638485,307657.11822492676,1127201.7326218793,1044588.8405097777,250676.1485551635,240939.3124961454
147166.06858868938,1686922.5201737508,221196.4909878657,185414.64097515834,1022353.6024455973,96965.04551522635,1570815.6107414628,2030590.351850064,239900.4350322279,1667567.2007249536,352076.2767485373,618695.1585199756,712139.9655488997,1085471.4979478505,1191208.7991535868,280815.7929860152,2122246.412365566,459089.68081740313,483739.9032232836,449367.29796429066,307636.4148237647,1127201.7326218793,1037866.7673284773,249260.71883894748,238089.32335489025
143932.3475844556,1686675.9210719548,221125.94568176463,185414.64097515834,1010511.5762303447,96965.04551522635,1570815.6107414628,2019318.7956759352,239900.4350322279,1644403.3661825089,345591.5009870176,611319.2744698096,712139.9655488997,1085471.4979478505,1159311.993649308,280815.7929860152,2113243.429143827,454386.50351223844,477863.6320097048,441871.2172070011,307561.8777488671,1126927.3067513974,1031549.9559340527,246064.52381218938,236072.40696416842
143579.2997123627,1685354.1926625485,221125.94568176463,185258.9997569649,1010249.1821628668,96462.7211736934,1567199.6226246348,2019318.7956759352,239900.4350322279,1636213.924270622,345455.28894724767,598735.1794297548,712139.9655488997,1080830.861329303,1153569.9929635504,280815.7929860152,2092470.1443933628,453152.64337546885,477863.6320097048,441176.88159531675,307561.8777488671,1125215.9537345706,1028646.4147478213,245912.56618491616,236072.40696416842
141426.05195510632,1682118.600791692,221125.94568176463,185258.9997569649,1010249.1821628668,95419.48185469155,1564268.378266007,1989103.9244881754,231601.19193366144,1604482.5858158825,341957.09616105526,598735.1794297548,712139.9655488997,1070678.1861559858,1153569.9929635504,280815.7929860152,2092470.1443933628,453152.64337546885,463726.5277101542,441176.88159531675,306561.01894265914,1124671.8856582975,1018954.0553755483,241716.8216457781,236072.40696416842
139562.23707123694,1676050.7263369565,218667.16964959845,184149.89823509724,1006948.75651364,95416.44507709597,1563059.4455009114,1989103.9244881754,231601.19193366144,1559651.4282449624,335784.2633892502,592685.2517561045,698780.4159115854,1069502.2628609748,1151232.4914486082,280699.3767316425,2092470.1443933628,439603.1169934173,463726.5277101542,441176.88159531675,306561.01894265914,1121014.1772711498,1018954.0553755483,234504.86285589877,235311.25433749627
136237.96904252362,1673239.5125080857,218406.04223110387,184024.67974603176,1006155.0696122914,94968.87245633412,1561152.6147062609,1968126.397525508,230187.9472356056,1549197.7951317583,335360.6092139596,592685.2517561045,687275.8453732987,1068580.715289686,1147505.0976088434,280604.32461324066,2081764.7159493654,435926.5062776223,463726.5277101542,432041.13289031555,303959.04527041066,1119883.2347156554,895346.2437428248,233975.26930372513,233367.95782551562
136237.96904252362,1666412.2222666834,218156.31478270222,183159.837275009,1004442.172178755,93248.74697546214,1561152.6147062609,1968126.397525508,230187.9472356056,1528951.3367943813,334977.0304158476,583937.9884048827,676213.8082286702,1068580.715289686,1144732.4423001315,280604.32461324066,2081370.494096274,429699.42929665133,463726.5277101542,426235.1690927515,294184.0060832195,1118957.7428558664,873730.8237364446,231563.31895465442,231679.7088251141
133873.15960733665,1658480.0099328023,218135.5653818774,181475.4159574281,994883.1257962328,93097.85650509474,1560926.3031068956,1967936.4284909891,217103.48139171334,1508177.3874585768,327196.0979159338,581589.5833802952,676213.8082286702,1066367.9555054358,1140409.9374801826,280232.98954985855,2060425.6273756449,422141.57097570447,463726.5277101542,425955.2692135303,294184.0060832195,1117994.2405841565,873730.8237364446,230844.85021811846,230026.95517068295
133209.49219884642,1658480.0099328023,216183.96279876985,181475.4159574281,994883.1257962328,92848.51221686375,1560926.3031068956,1967936.4284909891,212931.6758593461,1495365.3148306669,327196.0979159338,572960.208007534,676213.8082286702,1061983.343309779,1129129.7409693915,277492.18416280404,2051065.6300364682,421736.8636040443,461230.9092427731,425955.2692135303,289492.6041607034,1117994.2405841565,794854.8629427328,229897.46227477503,230004.2137095575
132013.76453642588,1658480.0099328023,215799.04469971734,180123.47879091464,989208.1836037933,92738.78406909292,1560406.6564751228,1952506.7775373398,212931.6758593461,1481347.461087726,319609.56002523436,566514.8631497796,676213.8082286702,1060674.3235797968,1129129.7409693915,274756.6661486143,2043351.9543229432,421736.8636040443,449365.87220839894,425955.2692135303,283068.9363073406,1115937.0180494662,794854.8629427328,229897.46227477503,230004.2137095575
132013.76453642588,1655965.1818935126,215695.17857726273,180123.47879091464,989208.1836037933,89915.32522310824,1560406.6564751228,1912776.1528983957,212931.6758593461,1481347.461087726,319609.56002523436,564518.6925467274,676213.8082286702,1060674.3235797968,1129129.7409693915,274223.53706213395,2037832.922880478,421736.8636040443,449365.87220839894,422302.80324264505,278622.6918498922,1115674.5735759966,784983.2395525401,229050.9234683543,228465.38576890485
131305.1503236835,1649358.3294407304,215368.2414477312,180123.47879091464,988004.0703320993,87267.35716872179,1556781.5351422701,1912776.1528983957,212128.19743592181,1468778.3918538517,310125.55223505176,563779.6051795724,664979.3234675967,1054257.3767391234,1124042.410528128,274083.97067810665,2037832.922880478,407830.20373844454,449365.87220839894,415612.24170767824,270178.2581141336,1114165.9271806285,784983.2395525401,228451.45791738096,228191.98897021823
129724.3992884799,1649113.1846425352,214880.6769973355,178948.56301305658,988004.0703320993,87267.35716872179,1551277.351291754,1912776.1528983957,204358.7548224643,1445359.2159900581,310125.55223505176,556598.2064910382,661152.8673057861,1054081.0698419316,1124042.410528128,274083.97067810665,2000493.949511896,396417.00943620264,448696.2135468084,415612.24170767824,257714.9365753273,1114021.6388143955,773806.4340971148,227350.65302988977,227058.89263900212
129724.3992884799,1641533.9439542321,214880.6769973355,178948.56301305658,987486.1184166167,87267.35716872179,1551277.351291754,1912776.1528983957,203924.886352227,1433740.8651054932,310125.55223505176,537628.2519114121,661152.8673057861,1054081.0698419316,1124042.410528128,274083.97067810665,1998599.7755799943,394711.3554575995,448696.2135468084,407755.66357779584,257714.9365753273,1111968.5344151685,747320.9908032895,226757.2481848232,227058.89263900212
128986.11744033748,1637719.4107228345,212893.3910408025,178197.15207579787,987486.1184166167,86588.92401938929,1547207.5690578606,1912776.1528983957,203924.886352227,1422415.9635088048,310125.55223505176,537165.9772263987,650616.2790248728,1052580.5025034293,1122193.460494003,273812.2022413516,1988644.3780652995,389089.73719218734,448249.98670229095,407755.66357779584,250585.85772112678,1109881.690264307,741855.9951745397,226670.09395709675,225675.19037276506
128561.91091810589,1630100.0532759672,212893.3910408025,178093.9954037769,987294.4282955632,86219.52370269141,1545407.6850599665,1908630.707327339,203413.75341104335,1371993.079212944,303153.9854832275,518374.70802904235,650616.2790248728,1040791.5072037654,1122193.460494003,273744.40950112254,1988644.3780652995,384104.15330033767,448169.91625505255,403389.4857917449,249324.47738803225,1108066.5563040895,735117.5414455761,226617.29981258413,225675.19037276506
128561.91091810589,1629924.0741392495,212893.3910408025,178077.68466537402,987235.0776809271,85695.49817744536,1545407.6850599665,1907420.413529652,183446.21152640003,1275877.772473157,301154.2992889081,506100.9667694861,637525.147378365,1028328.8572952196,1120555.5502913273,270978.3834642482,1970321.9717052625,384104.15330033767,445299.66083773534,401222.1473441883,247110.15456612367,1108066.5563040895,724503.0863808659,226617.29981258413,223733.1435794689
128000.75677708274,1629924.0741392495,212840.98040414194,178077.68466537402,986460.8039690331,85695.49817744536,1545407.6850599665,1903671.1554730844,183446.21152640003,1259907.901575213,301154.2992889081,501437.02843328647,637525.147378365,1025985.1655944488,1120555.5502913273,270978.3834642482,1966536.303889459,377624.0252263825,445299.66083773534,400843.9766645161,244976.59460126096,1107546.1271150834,723575.7860726032,226178.96105941816,221555.44280310828
127953.6375094378,1609046.0080581421,212421.10636927254,177330.97198712945,985911.3824325978,85695.49817744536,1542585.3187898837,1900715.0314858477,176643.9330216006,1259891.7876429986,300474.0010751507,501437.02843328647,637525.147378365,1025985.1655944488,1119454.2523836156,270822.6725151901,1963174.201812987,377624.0252263825,444908.26945447404,395804.7641772792,244976.59460126096,1105076.8370743669,715977.7970260992,225952.2470867533,220692.4530256055
127948.5526096779,1605441.868672309,212145.2732992139,177330.97198712945,984110.1380189523,85513.23337088135,1539990.482568939,1897993.0520883515,171238.04655427826,1244408.091388356,300474.0010751507,490272.0493245386,621181.7120567842,1025985.1655944488,1118138.2270293303,269182.02935236745,1963174.201812987,377624.0252263825,443244.384838882,392514.40903466725,244976.59460126096,1104599.9091853471,701854.4744454136,225952.2470867533,220692.4530256055
126404.15899937367,1605441.868672309,212089.6278992678,177330.97198712945,972456.4759734976,84320.33177722622,1534401.7851948591,1892664.1802883039,170417.0156036634,1244408.091388356,297933.8125382794,490272.0493245386,618697.9603726561,1020676.7569167699,1118046.9771982399,267728.53718213184,1959036.536526515,365110.6930457926,441731.7253031534,392514.40903466725,243754.35682805278,1097253.3580982992,693006.1159324048,225840.8661053249,218881.26281232943
126404.15899937367,1605441.868672309,212089.6278992678,177186.80468607097,970135.4949093001,83224.10264780011,1534401.7851948591,1892664.1802883039,162423.48636880028,1244408.091388356,296336.6670238154,485018.8956466775,611759.3046730929,1018518.2454131156,1118046.9771982399,266316.6717025529,1956283.6976740127,365110.6930457926,441731.7253031534,392514.40903466725,242875.93324802394,1091288.2605343598,670408.4947785855,225764.7403158124,218881.26281232943
126080.64061957273,1576654.106126104,212066.5681982824,176650.51902781945,970135.4949093001,83224.10264780011,1532948.8525323353,1891137.1385979848,162423.48636880028,1244408.091388356,293810.99709917,485018.8956466775,556400.8471806677,1018434.3222108557,1117099.2706496438,266316.6717025529,1956103.0442700305,356196.05545492016,437868.9521542347,392514.40903466725,242688.17275383047,1091039.6506764689,658155.6367735802,225670.69693717657,218881.26281232943
126047.94454525507,1565635.7893021333,212048.88153877872,176415.1730286801,969805.6355197445,76897.48131152126,1518870.0639500224,1889563.2517654917,155042.71758466004,1213894.193212485,293599.69907465536,480013.19344766316,556400.8471806677,1017488.3787002496,1115026.9672044092,264435.31654781505,1956103.0442700305,331131.3309339063,436257.5796505701,387479.1595286271,241346.19975183049,1079787.656532679,631661.7589621036,225670.69693717657,215375.5035038008
125985.87708480991,1565635.7893021333,210068.6896409197,176269.15578680273,969805.6355197445,76788.22244577622,1509126.6908544332,1889563.2517654917,155042.71758466004,1171118.6898223166,290083.0067534584,480013.19344766316,541585.81674175,1014346.5706268669,1115026.9672044092,264435.31654781505,1952819.5712448796,304413.62868842756,436257.5796505701,386697.1165195756,241162.83675426175,1075497.7541862333,627894.1477469215,225271.33711998907,213575.70493880947
125749.79639577532,1553222.6434866316,210068.6896409197,176070.29213419175,969236.7650223747,76788.22244577622,1506222.0473412147,1889563.2517654917,153682.07351902928,1171118.6898223166,285701.88457697694,478731.08286875184,541585.81674175,1012862.5750963213,1115026.9672044092,263913.5169123237,1950288.4237257554,304097.7273140289,436257.5796505701,386697.1165195756,241162.83675426175,1075497.7541862333,588675.8103858669,224915.0950688865,213575.70493880947
125626.45233440193,1553222.6434866316,208568.52204671255,175707.4738678154,969236.7650223747,75404.93066641837,1500509.6627601015,1889563.2517654917,151163.0757448814,1167658.3194917191,284701.1379954058,478731.08286875184,541585.81674175,1012133.391131452,1115026.9672044092,263728.42383734445,1937959.4542831732,296646.81683037773,433339.48800297035,386697.1165195756,241162.83675426175,1075497.7541862333,588675.8103858669,224540.84595223836,213323.02821291087
125626.45233440193,1550157.63448281,207194.61866599572,175707.4738678154,968473.5657122751,75404.93066641837,1496970.4013550265,1889563.2517654917,151163.0757448814,1145839.8710794975,284379.4648774366,474810.1991774827,506091.7727678712,1011334.9345811207,1115026.9672044092,262498.7740829915,1920066.1417302142,295293.89699520834,428357.8778788287,378506.95478123415,239992.41241153178,1074422.3746114452,563251.7922134037,224540.84595223836,212521.4906234555
125626.45233440193,1550157.63448281,207194.61866599572,175707.4738678154,959996.2457611106,75404.93066641837,1485972.7070220455,1873040.6579712268,151163.0757448814,1106950.6969309736,279623.5622214744,474810.1991774827,506091.7727678712,1004859.4910850005,1114817.3958867749,262498.7740829915,1919385.6445190927,284602.24367353966,427365.0851663242,378506.95478123415,239992.41241153178,1073867.1739532598,561985.0840131388,223183.17415917828,210226.44479310839
124939.41217341802,1550157.63448281,207016.78109957097,175707.4738678154,955074.5498323853,74893.60063502495,1473870.2186602,1870541.5602514874,151163.0757448814,1098245.2918112096,275366.37148136203,474810.1991774827,506091.7727678712,1003806.9803299247,1114817.3958867749,241114.52953436904,1919385.6445190927,284363.20536739187,427365.0851663242,378506.95478123415,239992.41241153178,1071929.3102541463,534132.0556099134,215924.42394715184,203859.4699223524
124939.41217341802,1529364.4491134044,207016.78109957097,174736.14894245888,951977.444036868,74340.99882435394,1433256.0280635485,1870541.5602514874,150326.08249421086,1098121.495688706,272739.51076090755,474810.1991774827,474687.90335373685,1001286.5802571186,1114817.3958867749,241114.52953436904,1919385.6445190927,283770.2992263469,423311.64439376583,377216.72067885945,239992.41241153178,1069240.5936192728,534132.0556099134,210605.1183943877,203859.4699223524
124939.41217341802,1510223.8196891404,204149.1169632076,173522.28884358844,951977.444036868,73083.15671123512,1433256.0280635485,1869295.3010542123,149390.53616917887,1095236.4240788794,271848.8042391847,474810.1991774827,433442.6535728452,999011.6087334657,1114746.5699468956,240427.692807654,1915416.6146828877,254636.60215147832,423080.4587477474,377216.72067885945,239617.57905287138,1069176.776902812,490396.3733950162,210605.1183943877,199560.3933865289
124939.41217341802,1510223.8196891404,204149.1169632076,173483.5429423835,935858.5351669815,72552.28524324563,1433256.0280635485,1860827.9922969372,147742.92007930487,1079476.7417430147,271848.8042391847,474787.1334385449,409456.4508423137,991742.4744310206,1113068.7774107566,240427.692807654,1908085.7992861816,254636.60215147832,418704.61612572474,377216.72067885945,238337.89323357225,1066514.5282581819,466679.6368856144,210498.11175621743,198724.3367261393
124939.41217341802,1491535.4902919603,204149.1169632076,171261.87499492173,935127.1551100215,72464.38856088658,1389670.777510192,1856641.239296044,146769.03033733176,1078393.1618450927,268541.6944751337,473768.1897751302,409456.4508423137,991742.4744310206,1113068.7774107566,233042.38565626906,1901207.1036237185,254636.60215147832,418704.61612572474,376695.2398064566,237614.2635998204,1056129.669962971,422003.16519061953,209054.084135118,191613.02567326906
124939.41217341802,1491535.4902919603,203349.80178337824,171193.14849567664,934572.5819032582,72190.09123416456,1388573.7031356297,1854463.2995880167,146407.1229471893,1034338.695139495,265445.84257469844,473226.0946010832,402086.49007004156,974571.8296674909,1112320.233120346,232221.01581595748,1896506.6869779334,244383.873935599,412672.91485581856,376695.2398064566,237425.85075637416,1054751.752183592,382825.24063192285,207319.4817957051,189191.4732218339
124757.39663864924,1491535.4902919603,201467.4672472182,169965.3618001757,927694.7054147352,71042.95082082509,1360718.365479187,1851092.3009455227,145360.6938484484,1034338.695139495,265445.84257469844,473226.0946010832,402086.49007004156,974571.8296674909,1112068.4549197042,222707.99133711666,1896506.6869779334,244360.8261910097,411488.3386159739,369292.0370393811,237425.85075637416,1046831.5648677916,349080.62371582404,207319.4817957051,189191.4732218339
124757.39663864924,1486026.960685142,200879.33327092364,169965.3618001757,927694.7054147352,71042.95082082509,1354706.4635713615,1850702.1433423895,145360.6938484484,1034338.695139495,264275.4662953514,473201.0589368489,402086.49007004156,971554.6736652576,1109215.1476670443,222707.99133711666,1807501.8915273082,237685.80616022166,409797.6789449155,369292.0370393811,236611.91967250156,1046831.5648677916,282810.2227428597,205682.14140581028,186405.38694853534
124757.39663864924,1476976.048029847,200442.5402148071,168524.25896932007,926116.4156074055,71042.95082082509,1352803.229051687,1832086.9141902248,145183.06240206066,1023671.6061529752,263564.3398975667,472347.99767975026,399268.858396002,962247.4509112675,1109215.1476670443,216858.25742672503,1793735.9731648825,237685.80616022166,405993.59937035997,369292.0370393811,235684.9787973861,1035970.6540895036,279382.77831771295,204797.32286960827,182519.16352203686
124757.39663864924,1474292.698761304,199290.52802134535,168402.6284235492,924936.1836506847,70652.5637961282,1350133.0638632872,1832086.9141902248,145183.06240206066,1000775.6046637426,263342.1595438308,472150.1800210067,397542.2012116788,947935.0941049994,1109215.1476670443,216858.25742672503,1790700.9123872125,237685.80616022166,403486.2423673815,369292.0370393811,235587.21105356814,1035970.6540895036,279382.77831771295,203863.2768200819,181831.07037893665
124541.86680044704,1471471.7805503048,199206.34688708754,168184.56391087695,912420.0628779245,70131.35907326087,1331659.5697028965,1815494.1675503484,145183.06240206066,997504.0527182551,262663.6363793949,472150.1800210067,396380.2385794891,937163.8312105942,1106941.9865426158,216858.25742672503,1782048.3650796926,234267.45232285868,400033.74654956406,369292.0370393811,235587.21105356814,1033339.5226182375,237032.26111875637,197494.48156427845,178601.32338390514
123924.61247624698,1469176.9826771615,199206.34688708754,168184.21378860626,893908.6222375004,70131.35907326087,1309874.2740299227,1815494.1675503484,145031.03300321597,981151.1559867356,262111.94823932092,471926.3792305227,385858.1685461608,934492.1979182202,1105424.9214410812,215866.68615515585,1780788.93938392,234267.45232285868,398767.9656081304,368597.669376265,234473.39479255528,1031140.1147268387,222700.85446144213,197494.48156427845,178601.32338390514
123108.83126233565,1469176.9826771615,197525.34626619203,168184.21378860626,872605.4326202364,69972.42818325333,1309874.2740299227,1815494.1675503484,143418.40242941122,979728.0673087031,262111.94823932092,470580.3502409062,380405.97953284904,934492.1979182202,1082168.406610906,215866.68615515585,1776257.101850769,231494.55436641123,398121.22710886155,366319.4886193312,234118.56014680682,1026434.417438887,222700.85446144213,196335.07204360506,178158.53780554587
123108.83126233565,1463810.738794399,197027.49271904083,167874.51699756287,872605.4326202364,69972.42818325333,1284330.0021935774,1786441.0747392664,143418.40242941122,976505.7968062588,262111.94823932092,470580.3502409062,380405.97953284904,932780.8038696644,1082168.406610906,212598.51667098186,1765337.0760917547,231494.55436641123,397391.4786597155,366319.4886193312,233781.51223551322,1006308.2791980541,220747.15691356076,196288.2409275131,173643.18790516775
123108.83126233565,1463810.738794399,194248.53592289548,167566.8564461958,868040.2420752908,69972.42818325333,1284330.0021935774,1786441.0747392664,142720.90061520672,976505.7968062588,262111.94823932092,470580.3502409062,372527.53846007225,915950.9005247034,1071995.775527132,212598.51667098186,1765337.0760917547,226784.13855583585,389654.20976937923,365797.1448780418,233570.8964353598,1006308.2791980541,220747.15691356076,193321.73171473228,173643.18790516775
122170.05956432462,1460202.746005037,193845.81124134193,167538.43410648746,868040.2420752908,69261.69520679285,1284330.0021935774,1779782.3165773065,142023.12080184137,969343.6622610097,260280.340895225,470580.3502409062,354463.86402988364,907897.2647316282,1071995.775527132,211161.60010803424,1751491.265074384,226557.00195692907,383178.2688696408,365664.50631502655,233341.94072353645,1006308.2791980541,217098.10156394477,193172.19757238808,173046.69926769705
122170.05956432462,1445534.8732439422,193568.6704785921,167469.8931018103,856935.2443432237,69113.74060459531,1275394.3419534203,1778966.2857913787,142023.12080184137,962605.6018859139,259832.65992146794,470348.3985615529,353785.0042618939,899374.7944263944,1069536.348924742,211161.60010803424,1738191.23284491,225851.982091659,383178.2688696408,365664.50631502655,233010.4316605447,986989.6893514349,197601.50420962943,193172.19757238808,173046.69926769705
121621.39504677994,1444828.3869962967,193568.6704785921,167450.66070879437,846921.2985363603,69048.03513122392,1251077.458425476,1778024.9072459491,140151.57496494305,962605.6018859139,259532.78230109168,456571.22984718555,353704.5665729785,897179.5147026655,1067165.8286754529,211156.1601635097,1720642.3556413474,220301.26041426847,383178.2688696408,365030.5341434561,232075.64046499264,986989.6893514349,196576.56349176646,193172.19757238808,171599.5066024439
121571.67699795833,1430940.6057051555,193553.83265781193,167431.27154263863,846921.2985363603,68885.92213822613,1244748.956049979,1759195.128530919,140151.57496494305,962605.6018859139,259148.58817617054,456571.22984718555,344862.4002328914,893406.4566734268,1063307.5637545562,211075.4772102482,1705414.4294433477,219567.6622856221,383147.2814370432,365030.5341434561,231625.9120118157,986989.6893514349,196576.56349176646,193172.19757238808,171248.8849326209
121479.89146041457,1426942.3111769042,193360.2426963295,167378.51067722554,846522.5059163267,68714.63146269249,1244748.956049979,1746604.57065938,140151.57496494305,959632.2910916706,257258.91862587762,454005.6899930201,328687.1894579704,884629.5604374586,1061485.5746429486,210896.00584474977,1682725.32045872,219397.68653540305,372173.86240800004,365030.5341434561,231206.7589754384,965420.6239840637,195072.83870753416,193172.19757238808,171196.61204924158
120407.77501010134,1410260.5422621474,191798.26250365985,167177.50058921592,846522.5059163267,68363.66025439606,1242653.0085274212,1746604.57065938,138781.40417055506,939261.9424707269,256634.30230350522,450216.9782384283,324774.91168768494,875619.5219714622,1059619.8966995487,208948.33729805783,1682725.32045872,219397.68653540305,372173.86240800004,364902.54515762225,231138.98773030925,965420.6239840637,194870.11720931303,193172.19757238808,167107.88924218874
120407.77501010134,1391589.8811643713,191798.26250365985,167177.50058921592,844796.4421155449,68328.81514767784,1240124.9375391903,1730942.0968362866,138781.40417055506,938234.061457578,256315.11464616962,450216.9782384283,324614.80177939124,868913.7572365393,1056944.166092593,208835.88833153804,1682725.32045872,216419.80818902,358600.19471010077,364741.231241424,230451.86478028123,944346.417494786,194870.11720931303,191505.36631656703,167092.27981086224
119800.70796957101,1391589.8811643713,191577.42210140135,167170.99399252335,842836.1476966278,67953.64138681043,1240124.9375391903,1694930.8468693343,137741.8660476964,930374.6346033369,254109.09066017234,447737.36368261883,324614.80177939124,841232.4900909954,1053918.071733117,208765.3581581833,1659033.3472232632,216419.80818902,342449.3359975542,364577.6745549199,227692.93487166602,944346.417494786,194870.11720931303,190637.97782659982,165211.59901239295
119757.62943246018,1376167.0101254182,190835.22597461505,167053.22013726065,833152.7574322189,67823.12673904006,1239857.008541585,1694930.8468693343,137741.8660476964,930374.6346033369,253765.98340488717,447737.36368261883,324614.80177939124,841232.4900909954,1048934.06124452,208491.87045499135,1653806.8007511962,216419.80818902,342449.3359975542,364302.72202561324,226550.0843671423,931146.2098776049,194870.11720931303,190339.74253061993,165211.59901239295
119757.62943246018,1376167.0101254182,190714.08638616026,166885.7019059982,833152.7574322189,67823.12673904006,1239558.2525146632,1694930.8468693343,137590.87638186986,921779.2478133593,252398.0138199653,442673.9197821709,324614.80177939124,841232.4900909954,1042633.466699702,208476.74062947757,1652254.4541250588,216417.74010678713,340290.5783834471,364213.02717129566,226399.59943123555,931146.2098776049,194870.11720931303,188692.71302868746,165211.59901239295
119757.62943246018,1357622.105792993,190714.08638616026,166878.33512560592,827730.689860575,67823.12673904006,1239421.4968693207,1694930.8468693343,136536.55192831386,921779.2478133593,248156.3346539287,442657.4137943833,323481.09580540383,823314.4160989587,1034507.7806774174,207828.6073654696,1652254.4541250588,216417.74010678713,340290.5783834471,363957.60314473615,222076.59289942356,927606.2428025355,191636.63856844432,188539.5272426365,165211.59901239295
119619.42400723038,1352597.8835387265,190562.6847490413,166878.33512560592,827730.689860575,67746.08524254989,1232025.1239636187,1670923.803365059,135402.99161485437,919666.5781362215,247037.57813706118,438763.7287601781,323461.5836130713,819873.6489414212,1034507.7806774174,207828.6073654696,1652254.4541250588,214504.23170255186,340290.5783834471,363867.4090338776,221077.69884675517,912897.6134360575,191636.63856844432,188539.5272426365,165211.59901239295
119619.42400723038,1339683.661316126,190562.6847490413,166860.30223388216,827730.689860575,67493.08461221769,1232025.1239636187,1670923.803365059,135402.99161485437,919666.5781362215,238362.87239019352,438119.71192548855,320729.3579800115,819873.6489414212,1032075.5190129763,207631.80337662183,1636693.262462493,214504.23170255186,328119.9823402978,362684.2438541343,216230.4194644595,912790.6801125929,188393.90134500986,188495.51469032958,163737.67642688323
119306.18436104938,1339683.661316126,189865.2392425517,166860.30223388216,827578.715576234,67431.81976324628,1231530.2065208156,1670182.8881513234,135402.99161485437,919666.5781362215,238362.87239019352,434052.846643724,319700.0250146829,810963.8306778842,1032075.5190129763,207481.8511841552,1624178.1776934287,213303.35342209743,324778.6273489809,362684.2438541343,216230.4194644595,910729.4350716121,188393.90134500986,186780.55767109004,163512.13716920037
119242.96839014628,1330254.75670825,189865.2392425517,166860.30223388216,826684.3322919623,67213.36059721393,1229151.7456465932,1658935.8968614512,135402.99161485437,914934.9861176051,230774.88314644803,431674.72355954896,319700.0250146829,782669.7507302234,1031945.9565147578,206308.4990365582,1616648.8246982116,213087.0155661893,315529.87331663934,362617.91517360305,213307.63710871016,895556.0006120455,188393.90134500986,186202.3228726425,160489.27850410977
119242.96839014628,1329782.0538373836,189846.21313578924,166641.59036533325,826684.3322919623,67213.36059721393,1229151.7456465932,1650862.6318143753,134658.87152406847,907307.778944332,227270.7635077391,431674.72355954896,319700.0250146829,773836.7598700424,1031945.9565147578,206288.95210752045,1616634.8221856111,212600.91260085828,314993.1941536969,362617.91517360305,213307.63710871016,893982.1373096466,185650.6526841319,185287.08110177604,160416.4082984795
119242.96839014628,1319153.1096732828,189642.52477740112,166641.59036533325,826684.3322919623,67006.01991692597,1228854.874638337,1615642.9808720555,134658.87152406847,905491.0934493251,227270.7635077391,429081.97008050716,317880.19572442287,767087.119572331,1031460.3384092584,206288.95210752045,1613485.6052606388,212019.0417448358,310242.20319034834,362405.8407102448,209527.2458695391,888070.8114138949,183977.2396589823,183766.43880149876,160416.4082984795
119242.96839014628,1310861.398790599,189593.842155649,166638.24757825123,826684.3322919623,66731.129151351,1227285.700845705,1615642.9808720555,134658.87152406847,904867.4028914383,221227.78439861562,428238.0415718879,317254.25695230835,767087.119572331,1030835.7214411198,206053.18517907732,1613396.4926152925,212019.0417448358,289869.69077803014,362378.28565953247,208933.11360702422,884425.3523155181,178898.66695145713,183456.82115609953,158391.97104807652
118946.06368212383,1288156.0441419496,188357.20159999284,166600.90414475856,826536.6034793187,66622.08854317738,1227285.700845705,1615642.9808720555,134586.5628797662,903170.26141792,219951.56671039914,428101.68711585907,316764.0525098889,767087.119572331,1025494.6076917566,204402.04409356444,1613396.4926152925,210723.3445318971,289869.69077803014,362366.6523179519,208933.11360702422,884425.3523155181,178898.66695145713,183340.36418556704,158207.0136388262
118946.06368212383,1288156.0441419496,187594.60214105938,166600.31629209264,826345.1413745867,66622.08854317738,1221641.880660208,1601150.9149012635,134274.06440499483,903109.8820747116,219945.0294942941,426316.4727601689,314552.5063245154,767087.119572331,1025494.6076917566,202156.25139895047,1610341.5539901524,210393.4793683798,274684.59619357344,362171.1527328942,208933.11360702422,872993.4167438392,177523.71096835696,182587.62032558938,153623.64076098887
118946.06368212383,1285688.6992534848,187305.89558992023,166587.85958110835,826345.1413745867,66237.41755654081,1218313.9618465235,1583743.3195615555,133331.16747904566,897411.5313868817,218363.19424945273,425998.0849320099,314552.5063245154,764574.1158204667,1025138.694601733,202156.25139895047,1606614.4189943222,210393.4793683798,270124.4657243107,362171.1527328942,206522.33413433694,864949.4738067827,176292.36243893628,182207.32326345067,153623.64076098887
118670.27431810905,1285688.6992534848,187305.89558992023,166400.03803117675,826345.1413745867,66104.02320667605,1218313.9618465235,1580019.8457114678,132970.27772658097,897334.2952528262,210020.9463175711,425998.0849320099,312181.20529245073,764574.1158204667,1025070.971020407,202156.25139895047,1602759.2789799476,209000.7422124845,269839.7713870601,361887.09382021916,206522.33413433694,864949.4738067827,175017.94550205188,182193.5459037411,151206.18553974258
117458.80345552575,1285688.6992534848,187234.50293552407,166400.03803117675,826345.1413745867,66104.02320667605,1218313.9618465235,1568167.7556852768,132970.27772658097,894979.1951040546,205341.14834837252,423775.5779136138,312181.20529245073,764574.1158204667,1024166.5342330761,200731.5243450356,1599297.7270247585,209000.7422124845,264971.8155542685,361835.69627821824,206136.01312465756,846550.7642547075,174631.9380970783,181479.3004157932,151206.18553974258
117458.80345552575,1285688.6992534848,186821.50310412332,166400.03803117675,826345.1413745867,66104.02320667605,1215371.0734805837,1566840.1282420736,132311.40656624315,894764.2471839056,205341.14834837252,422364.9939315301,310218.9271017349,764574.1158204667,1024166.5342330761,200615.82393678772,1587355.2885201436,208705.00881611725,252719.43478234895,355176.3222422022,206136.01312465756,846550.7642547075,174631.9380970783,180957.47041985454,148862.75416707955
117177.85362010852,1285688.6992534848,186785.88365456872,166134.70413978375,825599.4755945051,65915.50643319372,1213469.5160545213,1565312.1928574755,132311.40656624315,894404.3283611353,205341.14834837252,422364.9939315301,307326.4904607486,764574.1158204667,1020002.9413136456,200061.6502614964,1587355.2885201436,208504.95889314837,252719.43478234895,353719.5105377325,204349.50036655946,843160.0351670547,174379.66513262404,180957.47041985454,144348.5114221407
117124.55940474622,1283863.9347934893,185636.88303760998,166124.75980953177,825599.4755945051,65763.7866470874,1212459.9384300918,1565312.1928574755,132311.40656624315,894404.3283611353,205341.14834837252,422228.3646764113,307326.4904607486,764574.1158204667,1017691.877262852,199354.35321862885,1587355.2885201436,208504.95889314837,252041.6827080755,351761.249246586,204167.9772013253,821995.6325631494,171232.7772099506,180693.03664402128,144348.5114221407
116993.36118223166,1281855.6846439952,185636.88303760998,166060.9913695342,821261.7281024598,65556.51947285392,1208405.1108943624,1565312.1928574755,132311.40656624315,892711.1505179516,202301.32334457134,420307.73512145056,306796.51065275137,750758.5254478125,1016323.2921962839,199354.35321862885,1586280.0664625086,208223.63229323938,246716.8760426941,350284.44842476776,204119.67887423796,814890.836982643,171232.7772099506,180693.03664402128,144348.5114221407
116837.79706578041,1281855.6846439952,185636.88303760998,166057.74465743385,814829.3772689312,65185.25222454888,1197222.749892006,1550069.5799087833,132311.40656624315,892138.3199930539,202301.32334457134,418822.9195016876,306796.51065275137,750758.5254478125,1013029.0055818278,196722.1253373518,1586280.0664625086,207498.9573475152,246716.8760426941,347221.48721109075,204119.67887423796,814890.836982643,171232.7772099506,180654.55232373087,141189.8993527703
116837.79706578041,1281837.0743989204,185562.16593723962,165901.64624300136,813836.8108572103,65108.433524157575,1197222.749892006,1550069.5799087833,131754.0115974613,892138.3199930539,201219.3667337128,418011.6541547404,304152.87794644205,741762.9098116221,1011966.9009691301,196722.1253373518,1586280.0664625086,207353.14154890142,244272.40188298485,347221.48721109075,203970.14143437386,814890.836982643,170700.1959571517,180654.55232373087,137327.1861126479
116238.05000617179,1281837.0743989204,185443.92256608084,165839.22370913703,813836.8108572103,65060.66466456595,1197222.749892006,1550069.5799087833,131529.76417779448,891657.8351429325,201219.3667337128,417667.04300186865,304152.87794644205,741762.9098116221,1011966.9009691301,194724.43767854082,1586280.0664625086,206674.65734624906,244019.8783741216,347221.48721109075,203970.14143437386,811057.0625841382,170700.1959571517,180517.05449387804,137327.1861126479
115877.3182967339,1281837.0743989204,185318.80526253174,165441.79694029066,813836.8108572103,65060.66466456595,1197222.749892006,1550069.5799087833,131529.76417779448,888909.9069634142,200568.46569952188,417457.3700514939,304026.50931559945,740104.6668706523,1010089.3168824682,194724.43767854082,1581177.8210000559,206615.3769178009,244019.8783741216,344518.2116468292,203970.14143437386,802488.2214778775,170700.1959571517,180517.05449387804,137327.1861126479
115699.78919748872,1281057.0204407899,185298.00734185177,165403.46038225075,805523.0518630564,65060.66466456595,1195582.9478004496,1550069.5799087833,131529.76417779448,888909.9069634142,200568.46569952188,416843.7006800354,303931.7357579754,740104.6668706523,1009180.814850666,192827.56756335145,1575504.5640865678,206038.95994141197,240572.7721550802,343159.2086110174,203663.90797015675,799928.7051578963,169030.41500059562,180517.05449387804,136468.36350005167
113274.39301759825,1281057.0204407899,184057.48644317637,165288.54596560233,805523.0518630564,64715.258043850314,1194138.2510411262,1546448.7992873346,131271.6268272964,888909.9069634142,200428.99410726532,415344.0715191272,302854.31755454827,739989.4005049604,1007505.5981405785,190635.51092488976,1574954.0479120037,205728.59820764555,240572.7721550802,343019.844990313,203663.90797015675,773284.5054183,168762.51273321905,180492.12208462076,136108.2809172793
113245.88804729625,1279201.3129343074,183145.50526290448,164979.30903515941,800512.5384299139,64715.258043850314,1194138.2510411262,1546448.7992873346,131271.6268272964,888309.4818029295,200428.99410726532,414679.35211151734,302854.31755454827,739989.4005049604,1004148.4062405354,187512.8494998316,1566759.078631207,205600.17163713032,239958.285742388,339093.6316157802,203663.90797015675,765252.5425352185,168398.29417504655,180489.84806683514,133683.7858083879
113245.88804729625,1279201.3129343074,182809.10087723305,164979.30903515941,800512.5384299139,64630.95822151268,1194138.2510411262,1546448.7992873346,131072.64007192414,884116.3240451236,198311.4648698303,414217.89305683214,302854.31755454827,739298.438642211,1003064.4168400408,185857.31548569645,1566759.078631207,205600.17163713032,239264.8805958199,338751.1198400592,203347.3844194454,765252.5425352185,168398.29417504655,180049.79155586305,131046.01141627863
113245.88804729625,1279201.3129343074,182809.10087723305,164719.27546390577,795613.2715370345,64630.95822151268,1192734.5984439452,1544888.0715900597,131028.23599902842,883995.488555285,198311.4648698303,413749.77847668994,302854.31755454827,731078.4212354235,1003064.4168400408,182298.32126835038,1565572.638323263,205399.63530934896,239264.8805958199,336927.4506644467,203202.91755035217,765252.5425352185,168398.29417504655,180036.2449759093,131046.01141627863
111994.00559223743,1278005.8699814884,182809.10087723305,164719.27546390577,794845.8049283393,64630.95822151268,1192734.5984439452,1544888.0715900597,131009.66139443312,883724.7353111848,198311.4648698303,412699.7114767721,302111.61312824185,709989.7436661264,998385.61201201,178591.58900202694,1558074.4713249246,205399.63530934896,234732.45782409317,334892.672846978,203202.91755035217,765252.5425352185,168346.6371465759,179854.39456928842,131046.01141627863
111994.00559223743,1278005.8699814884,182668.31854300498,164719.27546390577,790767.8684791153,64600.34557425017,1187020.638919047,1544888.0715900597,130843.77846638304,883724.7353111848,197347.3985359471,411042.6119299611,302111.61312824185,709989.7436661264,998385.61201201,178591.58900202694,1553089.7846025212,204480.41456960465,234732.45782409317,334892.672846978,203168.11737692583,764527.6564043788,168149.78519106272,179798.3642282282,130910.84987095329
111938.44534852114,1278005.8699814884,182668.31854300498,164537.07591889866,783202.4988717644,64600.34557425017,1187020.638919047,1543165.2346492668,130457.03021402426,879757.3361893231,195989.44933897123,410821.5570376663,300443.0200393322,705015.7475779234,996846.6483227541,173191.7563539628,1528932.3898613495,204240.66920678673,234732.45782409317,334889.41812325426,202826.18159384973,748447.3649985604,166299.89976967493,179798.3642282282,130910.84987095329
111938.44534852114,1264220.3661895243,182525.72130131896,164420.95616288547,782761.0636637519,64564.661541475376,1187020.638919047,1530698.4020070573,130457.03021402426,879359.642280095,195989.44933897123,410821.5570376663,299905.1660951128,696199.2485922084,994650.3719969344,172002.5649336319,1528932.3898613495,203388.6741045101,234732.45782409317,334889.41812325426,202695.14997310514,747805.7085216538,166299.89976967493,179609.2628771828,130782.9439027747
111871.8459826465,1261269.2650295268,181332.74685587216,164318.2567580604,774023.5499001376,64312.09783277416,1179992.2368389016,1528917.9437016477,130457.03021402426,879359.642280095,195024.43226895257,410510.8400477604,299905.1660951128,694826.1541563796,994650.3719969344,172002.5649336319,1522697.7767350094,203214.27842686683,231831.37177427523,334889.41812325426,202634.41508889126,745562.0485191183,166229.07064426123,179351.40316847278,130346.125667371
111305.99682911337,1260052.665578082,181332.74685587216,164300.79232441477,761163.9643530415,64231.919129934584,1178698.826846092,1517684.1428931048,130131.56812121175,877567.0894659224,194615.3626714339,409915.0038806521,299234.27639362763,664675.2106774206,993777.3692818308,169391.8423923416,1508833.5486972432,203214.27842686683,231831.37177427523,333907.70326531824,202608.84880733426,745562.0485191183,165729.25344257412,179351.40316847278,128722.22964493326
111305.99682911337,1260052.665578082,181315.66727583803,164276.42320930818,761163.9643530415,64218.48797422828,1178698.826846092,1517684.1428931048,130131.56812121175,873734.288680814,194615.3626714339,409915.0038806521,299234.27639362763,659436.1873748332,993777.3692818308,169391.8423923416,1472764.7331727836,202978.67869880312,231732.84848279302,331775.2724021612,202608.84880733426,742881.3093369724,165729.25344257412,178800.88017974337,128501.99507943881
111305.99682911337,1258841.8154053686,180327.94754548054,164276.42320930818,758097.0195202035,64218.48797422828,1178698.826846092,1517684.1428931048,130131.56812121175,870588.6759370184,194615.3626714339,409679.190076025,299234.27639362763,659436.1873748332,993208.4466119206,168042.37929648385,1457305.8016947492,202978.67869880312,230993.88827121496,331775.2724021612,202608.84880733426,742881.3093369724,165596.10533152116,178763.96737648008,127456.90153267203
110726.58128314528,1248485.139523356,178714.11404277766,164229.04766438995,752477.0709475541,64110.129921790925,1178698.826846092,1514042.3487879813,129625.1369945731,869917.599645124,193589.08208191977,408576.72029503615,299234.27639362763,657842.6985256237,993208.4466119206,168042.37929648385,1435388.3488968448,202814.49765863997,230993.88827121496,329830.17850698164,202608.84880733426,742881.3093369724,165451.52559560013,178763.96737648008,126563.56314107252
110726.58128314528,1248025.4568464644,178714.11404277766,164211.46115846967,752097.2958193176,64079.04306642346,1174526.0109489907,1513947.0536551017,129625.1369945731,869917.599645124,193589.08208191977,406576.52492168394,298249.7406381201,643596.6947549894,987925.7346614368,168042.37929648385,1428611.6621279432,198847.18486515357,226492.82042945572,329263.13600646745,201591.95579805077,738366.061535914,164764.21433479778,178763.96737648008,125543.56108220706
110726.58128314528,1243998.691727749,177099.88785381438,164211.46115846967,746220.6411401083,64079.04306642346,1171972.8038588488,1507944.2325563582,129625.1369945731,865716.4767629938,193464.50861796297,406576.52492168394,297578.30291804427,607232.3536350419,984887.2071369558,167624.88139755692,1428611.6621279432,198235.2217553192,224799.19729721645,329263.13600646745,201591.95579805077,738366.061535914,164764.21433479778,178753.8217851775,125543.56108220706
110726.58128314528,1240487.0085459722,177099.88785381438,164142.36181076002,746220.6411401083,64069.25555440637,1167315.0472002386,1489359.5731463428,129625.1369945731,865716.4767629938,192950.2920485076,404865.5517839836,297318.6747570469,607232.3536350419,984695.3310410327,167274.04929181305,1425813.1061371455,198235.2217553192,224762.80402216662,329263.13600646745,201591.95579805077,732294.7364279319,164101.92029263516,178555.19005563963,125543.56108220706
110370.17725227977,1235828.7813054018,176991.18648260023,164142.36181076002,744166.320522684,64069.25555440637,1165549.3683585334,1486950.3950104497,129265.8105171783,859629.5979963104,192950.2920485076,404143.30815455015,293130.87948870036,607232.3536350419,984695.3310410327,167274.04929181305,1424728.9168928734,197773.35536721422,224762.80402216662,329263.13600646745,201554.1459828123,730950.1711556939,163882.87837208534,177980.24163710742,124516.03397593886
110062.88118045733,1234479.6636379145,174989.04446470147,164140.11215183535,744111.2945507525,64068.534705312486,1159223.7492088906,1486950.3950104497,129265.8105171783,859629.5979963104,192682.5164899621,404143.30815455015,293117.1571061577,590456.5349800918,982245.8458464739,167274.04929181305,1417828.9716002408,195297.9420000234,223522.69958319797,327033.95188122935,201554.1459828123,730950.1711556939,163882.87837208534,177782.7365143874,124516.03397593886
109978.34171769461,1228995.1172511606,174761.53484456032,164132.6631793081,743950.0579710428,63972.9499496035,1158060.2198929577,1486950.3950104497,129217.28322746063,859613.9544002766,192237.33447322252,404143.30815455015,292593.6415856364,587172.679703213,982245.8458464739,166208.3068687537,1408877.048282041,194068.23333554,220386.1573636615,326486.86600021657,201422.45497368378,730950.1711556939,163882.87837208534,177782.7365143874,123869.26019411389
109978.34171769461,1227697.5067611896,172870.11148129543,164132.6631793081,742144.914911815,63972.9499496035,1158060.2198929577,1459848.4094743868,129021.43825139398,855501.0769696537,191991.13194008666,400042.8128998572,291971.9250253435,587172.679703213,977183.3002528496,165449.16076580892,1387612.7597067761,194068.23333554,220386.1573636615,326422.3294084883,201331.27793406037,730878.0061560556,163775.34449376614,177589.09485948307,123869.26019411389
109928.58251134837,1224784.4094885883,171453.80007046633,164077.30278354711,734614.7122647124,63972.9499496035,1158060.2198929577,1441365.8270328995,128908.33021590338,852560.676147406,191991.13194008666,399788.8913320957,290354.1672866289,562331.3826879418,977181.1380795744,163072.97316970534,1387612.7597067761,194068.23333554,220348.4293650332,325935.339790772,200985.61340231064,730878.0061560556,163552.37652809333,177585.20912187683,123869.26019411389
109928.58251134837,1224784.4094885883,171453.80007046633,164077.30278354711,734614.7122647124,63972.9499496035,1149479.131232616,1417140.9811518507,128738.24433089285,852560.676147406,191420.17063003147,399744.9602918089,287825.32445452147,546666.8839534111,977181.1380795744,162846.70788109014,1382892.7583718451,193901.13637286855,218861.65827244765,325111.5067581188,200632.96991062604,730878.0061560556,163539.97903776984,176525.06378293454,122928.04573434163
109888.37219744988,1215308.028765894,167537.47508214402,163990.32083500538,734379.8423838876,63972.9499496035,1147062.0027406013,1401111.860573624,128738.24433089285,851163.7213937835,191420.17063003147,399744.9602918089,283431.8544760608,546666.8839534111,977181.1380795744,162846.70788109014,1382892.7583718451,193700.0020530316,216281.43662189247,323827.7390616742,200536.03580296514,730878.0061560556,163357.9191298537,175050.84266610435,121216.5283007815
109441.97225232473,1215308.028765894,167537.47508214402,163970.25024049473,733296.4795210487,63948.36861199897,1147062.0027406013,1401111.860573624,128738.24433089285,850710.9575890945,191385.19487681444,399744.9602918089,277563.4621447563,545960.70502347,976891.6232901473,162579.32431154145,1365686.919525513,193700.0020530316,214932.0369744293,323822.2826697165,200536.03580296514,730878.0061560556,163201.35243507594,174589.5345286995,121216.5283007815
109436.62754918568,1215308.028765894,167537.47508214402,163898.859233902,733296.4795210487,63943.85636359634,1147062.0027406013,1384488.2669569238,128597.99484799877,850710.9575890945,191364.64897071,399730.19549362577,274782.5258200548,542175.3799195949,976891.6232901473,162470.41515561412,1365686.919525513,193616.18595762362,210939.34879265918,322946.2333689325,200536.03580296514,728131.3413944684,162988.2838454958,173589.2271694563,121216.5283007815
109360.84526818556,1209306.9873673748,164378.33088968668,163833.15916117112,726858.9863095672,63941.58793329597,1147062.0027406013,1384488.2669569238,128563.56366096738,850393.5380358625,191364.64897071,397595.46310446825,271514.53211170324,542175.3799195949,976891.6232901473,162470.41515561412,1361109.964595098,193616.18595762362,210939.34879265918,322576.5282465483,199518.10772935633,728131.3413944684,162822.749114131,171988.25807783927,120855.94463861121
109360.84526818556,1209306.9873673748,164147.82634769715,163830.95798495412,726858.9863095672,63915.04926255121,1146473.2713506867,1382977.6865053037,128349.88161429336,850168.266259473,191364.64897071,394440.5339235667,271105.96241537255,540914.880113187,972256.4197947291,161670.87756467742,1361109.964595098,193459.25387012825,210939.34879265918,322526.0011436431,199509.80989068496,728131.3413944684,162734.54834141978,171988.25807783927,119677.51179443217
108643.27434835627,1207657.4883423885,156066.1128913911,163712.4921744574,726858.9863095672,63870.33066826608,1140980.08646707,1381189.596365506,127882.09710808616,849831.0379931259,190310.03063021295,391824.13202790904,269281.5894670436,539781.2255913058,972230.8254652568,161670.87756467742,1359978.9756563932,193422.22771855615,210939.34879265918,322526.0011436431,198447.7382129869,726751.8321379427,162644.57431436234,171988.25807783927,119677.51179443217
108643.27434835627,1201625.7827330783,155285.43208569358,163586.48137636602,726858.9863095672,63836.50206065883,1140980.08646707,1375654.62267924,127866.12213161796,849739.7454844607,190310.03063021295,390019.5419599195,267915.3104331536,536567.6969677522,971171.6456647987,161670.87756467742,1359978.9756563932,193422.22771855615,208645.2268707555,322239.68346743373,198447.7382129869,726524.1542526529,162594.6064903069,170726.06647112488,119165.09924145108
107830.33202040898,1199934.6307339668,155158.40538821122,163555.60058735425,726858.9863095672,63836.50206065883,1140253.973143097,1375654.62267924,127428.17917302162,849558.5260493017,190284.36359182416,387521.1005884257,267070.2465568243,520093.6841642536,971171.6456647987,161656.51909357036,1351033.3485839632,193418.16018598175,208645.2268707555,322167.9019019003,197752.3701805003,726524.1542526529,162594.6064903069,169949.53469249653,119165.09924145108
107821.19355591643,1199934.6307339668,144633.6858574847,163555.60058735425,726700.0542473955,63759.70832977714,1140253.973143097,1365889.3156692872,127105.6651467156,844909.2883246865,189631.04272760844,375857.52035922796,264547.47822654864,502200.6795502427,969757.8156972047,161416.93719531145,1343090.172650892,193309.3122159954,207285.54094609505,322052.76754458394,197752.3701805003,726524.1542526529,162594.6064903069,169949.53469249653,119165.09924145108
107796.93624179163,1196035.1388626823,142800.1135067993,163415.9556455279,726700.0542473955,63745.80349889933,1138954.1422504187,1349807.5234982038,127105.6651467156,842409.9512371549,189613.414502732,373855.32235475426,264547.47822654864,502200.6795502427,969367.1489423846,160680.77065999998,1341670.9997769252,193309.3122159954,207285.54094609505,321996.8962499735,197207.21418470313,723243.5659265635,162575.7423071338,169949.53469249653,119165.09924145108
107635.50273979534,1196035.1388626823,142104.7949127467,163347.79765794444,726281.9655616232,63745.80349889933,1135800.3143412566,1349807.5234982038,127090.88590274665,841042.765518468,189613.414502732,373855.32235475426,260573.83402076567,494306.2543727957,964446.5631483552,160577.32973036024,1341298.9309313279,193309.3122159954,205784.30766896484,321036.2765800829,197207.21418470313,723243.5659265635,162453.8636454047,168134.91573412198,119165.09924145108
107498.18256093544,1196035.1388626823,131189.34888924318,163347.79765794444,726281.9655616232,63704.35298307608,1134742.8108485497,1345370.5971201016,126925.30302726233,841042.765518468,189295.33277549295,367334.818185777,259750.22466183017,490704.5287705973,964446.5631483552,159717.00594792637,1327816.5598799458,193055.75074725435,203527.92984961768,320224.4208054506,194961.1723307439,723243.5659265635,162450.52567171503,167733.61010848446,119165.09924145108
107374.9617039367,1195824.9605236538,131013.59010555038,163347.79765794444,725973.2341796397,63704.35298307608,1134742.8108485497,1343507.628065893,126925.30302726233,839374.4309879333,189288.9971829735,362787.8812793324,259123.32927157625,485955.3414826595,964446.5631483552,159462.60194639824,1327816.5598799458,192648.83231309944,202494.5342011125,320075.2855329813,194961.1723307439,723243.5659265635,162450.52567171503,167494.47234437877,118843.6444744507
106483.80762831637,1195507.3817111906,131013.59010555038,163347.79765794444,722272.9147209767,63652.01854073451,1134134.6740369305,1343507.628065893,126158.13048377844,839122.011153925,189286.58585203675,361879.7732920854,257933.11289584235,484162.61537659366,962953.9546455948,158553.37482564812,1326930.6098202919,192635.28831137874,202494.5342011125,320075.2855329813,194209.4640114024,723243.5659265635,162447.37833387454,167494.47234437877,118821.72933662425
106483.80762831637,1195507.3817111906,128648.93828625619,163331.02724947184,721367.1431554384,63652.01854073451,1129103.0264768305,1342629.8539714061,125970.9958748484,833146.8851366771,189090.74528433735,359140.22839210293,257933.11289584235,480500.6777986885,962760.9232583329,157516.4919050511,1324885.2259658535,192566.04678142347,202494.5342011125,319655.1104370393,193031.52972560536,720095.3668319338,162419.40942350743,167432.1313049171,118756.91889264733
106275.67307365799,1195469.346185852,128648.93828625619,163316.3813036818,711171.9255826632,63652.01854073451,1127995.7343449546,1342629.8539714061,125400.17180948652,828630.6893792921,189046.74513762235,359140.22839210293,257172.35786797616,476602.84710105223,957379.7393497135,157516.4919050511,1324885.2259658535,192489.57238364045,199197.86408096188,319473.8173716921,192525.43315093717,713012.0581854993,162395.69444234303,165599.9335083711,118178.2638815218
105558.15035468515,1195357.274971335,128648.93828625619,163316.3813036818,708372.456582028,63522.376362810835,1119495.1561188293,1339333.34901523,124011.2150247178,827947.9833486725,189046.74513762235,352014.75511202944,256655.90494967488,470746.5857563233,957379.7393497135,155315.0494379632,1318537.1828969587,192489.57238364045,199197.86408096188,319473.8173716921,191853.00329662953,713012.0581854993,162363.34516481525,165463.60128025868,118042.47705748229
104805.35439233559,1195357.274971335,127742.28682426752,163263.0389377293,699313.25269475,63522.376362810835,1119483.9220303015,1338702.1672637013,123597.07080804238,827793.5799642447,189046.74513762235,352014.75511202944,256655.90494967488,467379.7562831893,957379.7393497135,152019.1833561539,1318537.1828969587,192489.57238364045,197706.7892898218,319338.5516981497,186791.0679817127,712989.6436371687,162349.79462646847,165221.43809133358,118040.06291233284
103953.2136850126,1195304.770725864,126515.42620617895,163258.96297468242,695929.5974204256,63412.742553699354,1100422.029512286,1334121.2904171878,122512.30613799194,827634.2657309382,189045.0836528423,351617.80604560644,251747.7132582962,463422.52482039377,957379.7393497135,152019.1833561539,1309886.8236254407,192489.57238364045,196272.67664628697,319338.5516981497,186791.0679817127,712866.6722121849,162215.6273392039,162754.4087922733,118036.06399748745
103953.2136850126,1187459.486748773,126515.42620617895,163249.9151147944,690966.4402455306,63287.58480355228,1078405.9346957866,1332909.3964487964,119730.43481251322,825156.0043536037,189045.0836528423,351617.80604560644,250923.05644236723,463422.52482039377,957379.7393497135,150779.92438244083,1308356.8864705116,192489.57238364045,189295.845738081,319299.45215496677,186129.21898859122,708973.8310265065,162215.6273392039,162754.4087922733,117793.89100119681
103884.06535397338,1178392.0246756705,126515.42620617895,163249.9151147944,685679.5341251699,63138.944849482155,1076084.5101830345,1332909.3964487964,119720.54749444635,824465.3487581336,189043.5294822382,351617.80604560644,250923.05644236723,447055.34417885036,955801.9401912839,149170.43475184886,1294106.7640508427,192358.28093321825,189295.845738081,318982.05406257196,186102.3468142767,708973.8310265065,162187.67877199157,162754.4087922733,117505.87430687039
103465.00983601491,1178352.6254956464,126367.42633402474,163203.3509478347,672695.6201883714,63138.944849482155,1059767.8482644155,1322485.9240234478,119123.17984705548,824056.1142519359,189043.5294822382,348247.1809198853,250044.3315029081,447055.34417885036,955358.8986356162,149170.43475184886,1289835.161202574,192350.03735420777,189295.845738081,318940.13372291555,181225.26137294766,708970.3817830374,162180.10316995773,161318.9895535875,117205.89644252571
103465.00983601491,1172614.9584176757,125796.45222091468,163194.56604286566,672695.6201883714,63138.944849482155,1048380.9428662438,1322485.9240234478,115165.56819957448,819793.7691835709,189043.5294822382,339896.7263092483,249603.42124376312,447055.34417885036,949318.8999203983,149170.43475184886,1289835.161202574,192252.7957046577,188984.03595350604,318940.13372291555,180655.4354287446,708874.3795290486,162180.10316995773,161318.9895535875,116694.58942191127
103217.249281193,1165343.7184422982,125674.13389977976,163194.56604286566,672695.6201883714,63117.122085758965,1019220.7505967055,1322485.9240234478,114145.49560706667,813734.453523477,188968.55834617137,339896.7263092483,249603.42124376312,439161.17730610026,949318.8999203983,149170.43475184886,1289835.161202574,191912.6169604592,188368.48908565645,318633.5577324253,180655.4354287446,707254.5953176148,162180.10316995773,160931.87866723316,116668.77939018249
103023.9964875842,1163865.961469468,125674.13389977976,163177.91976142087,668614.6928886207,63077.3766082192,1019220.7505967055,1322485.9240234478,111775.34139230149,813734.453523477,188933.8836302707,339896.7263092483,249603.42124376312,439161.17730610026,942830.2451299814,148126.4927826188,1289835.161202574,191912.6169604592,186873.72164987779,318565.46456536365,178303.8464809649,706949.8943405894,162116.49285147988,159246.14438305266,116668.77939018249
103018.65923371217,1161247.4307597799,125581.85141967113,163177.91976142087,666134.0693804374,63076.6848119323,997234.968477701,1316879.9365878017,104352.94915064462,813734.453523477,188910.18071189054,339896.7263092483,249407.87652031743,431856.99631455063,942736.9740079048,147469.10340038073,1288073.2788262134,191776.4759290894,186865.3409850513,317824.67776448716,175021.82520329775,702083.6464918761,162109.15099916692,158734.59634573638,116464.88768825504
102987.61784733638,1159296.6270643848,125581.85141967113,163175.39074024095,666134.0693804374,63045.33337624992,991616.8186420988,1316879.9365878017,104137.19644698346,812072.5448393634,188908.97322104813,338715.45674912364,249168.43207977863,431299.2265749539,939339.9712249017,147469.10340038073,1286547.2378054718,191563.03592700933,184763.26529416462,317824.67776448716,174967.48316065484,700222.6983560084,162039.98784631348,157958.45999751092,116464.88768825504
102938.99250928668,1159296.6270643848,125471.70336373606,163171.5514451863,665539.6183160974,63045.33337624992,991616.8186420988,1316879.9365878017,102598.27101882189,803654.7206569348,188873.25681818998,338715.45674912364,248983.8182675484,430868.6916572639,939339.9712249017,144695.98258783732,1286270.9418203428,191551.25698646667,184763.26529416462,317824.67776448716,174967.48316065484,696403.671203314,162024.8603812981,153825.25799563358,116420.57162055324
102938.99250928668,1151113.3656569708,125362.9431682303,163171.5514451863,665539.6183160974,63033.51156014959,986617.9582956878,1312019.5715880604,102598.27101882189,798221.9797966847,188873.25681818998,338237.66291128215,248983.8182675484,430868.6916572639,931824.28973613,144584.44492690876,1286106.3404741643,191181.41135680905,183184.89897669878,317824.1614473262,170868.48668164646,687440.996096776,161915.55498532587,153608.09428836204,116028.57209074964
102861.77528305727,1148806.5507892491,124504.96594308616,163168.17639326517,665539.6183160974,63033.51156014959,986617.9582956878,1306795.328208216,102598.27101882189,798221.9797966847,188873.25681818998,336883.39664613083,246506.63982561696,428196.8457839473,931824.28973613,144402.6477180471,1286106.3404741643,191068.66800711543,179527.84082638178,317391.8908606047,170681.7426841595,687440.996096776,161899.46512898678,152013.51262832625,116028.57209074964
102656.58332945639,1148527.4481714622,124504.96594308616,163132.0801567289,663557.1081928483,63033.51156014959,986617.9582956878,1306795.328208216,102558.6617859042,798221.9797966847,188867.4955189278,329988.78457337926,246506.63982561696,423766.7629417612,928286.9013860625,144402.6477180471,1286106.3404741643,191062.51241076246,179274.786308186,317100.50684805505,168076.98893936008,686718.0955354326,161899.46512898678,151732.9949309773,115685.2641314289
102349.19817939859,1148527.4481714622,124504.96594308616,163078.93621136347,663127.024140386,63033.51156014959,980118.5061310288,1306221.3197833716,102432.65460173141,792440.2505190371,188783.92692818676,329988.78457337926,246506.63982561696,423766.7629417612,926603.3469748105,144135.78360568004,1285690.7187716383,190858.44826793167,178395.65675380075,316869.06632174924,168076.98893936008,686718.0955354326,161833.71831173016,151732.9949309773,115515.62434406795
102106.08743503536,1147381.3670216561,124504.96594308616,163065.0133683447,662904.5397575465,63033.51156014959,979662.3472231841,1306058.2718028885,102432.65460173141,790884.9073290565,188752.83847797388,329988.78457337926,245528.27234428612,413254.7634858906,922017.0220295013,143428.20480042053,1285644.1031429104,190747.75120848895,178395.65675380075,316055.4917488418,167944.1336361919,680420.6542254516,161833.71831173016,150448.4518439057,115515.62434406795
102106.08743503536,1146024.1149210623,124333.18519205521,163065.0133683447,661792.3032888415,63033.51156014959,979662.3472231841,1303733.8156763124,102432.65460173141,790884.9073290565,188727.43503987367,327179.2612327561,245432.88632470017,403370.5483300297,911113.0786208506,143428.20480042053,1285270.427044273,190407.29338636767,177959.1150010551,315161.08288744534,167551.19413813826,680420.6542254516,161772.81237030495,149347.82655003472,115429.71409426756
102092.78359798285,1140463.101623598,124333.18519205521,163065.0133683447,660320.8626208063,63018.27550916616,979633.8330557024,1303733.8156763124,102432.65460173141,787152.7732245761,188727.43503987367,327179.2612327561,245286.06320038953,387577.8535174524,911113.0786208506,142553.24902242588,1283596.2970458171,190390.39191675727,175391.21779387095,313703.7105287101,167184.8267886591,680420.6542254516,161700.45225580112,149347.82655003472,115208.31298296238
101841.22261538066,1140463.101623598,124333.18519205521,163017.751276246,659948.4102621371,63018.27550916616,979633.8330557024,1303733.8156763124,102432.18681838326,787041.238091725,188637.71650544414,326798.59069878975,245105.69532641314,386217.09311724966,898964.5334248007,142470.980907591,1277068.3673069526,190390.39191675727,175391.21779387095,313703.7105287101,167184.8267886591,679343.2671133216,161698.6049552953,147900.05240564927,115208.31298296238
101819.76769597476,1140463.101623598,124308.1083779253,163017.751276246,659948.4102621371,63018.27550916616,979633.8330557024,1299599.5220078388,102432.18681838326,785910.3630548125,188637.71650544414,326798.59069878975,245065.34370525507,383059.9695919408,898964.5334248007,142470.980907591,1277068.3673069526,190245.4538804257,175391.21779387095,313274.97099008516,167036.63937210682,679343.2671133216,161645.9813601746,145648.91014998345,115208.31298296238
101646.01109352188,1137604.4747084207,122629.99583420258,163017.751276246,659770.3566758581,63018.27550916616,974715.7605099356,1298355.98985154,102426.92582898049,785910.3630548125,188637.71650544414,324494.39528222097,245065.34370525507,381196.2939030811,892039.2285587066,140425.3884362989,1277068.3673069526,190182.91531651138,175391.21779387095,311704.3365851549,167036.63937210682,673723.2335263797,161645.9813601746,144778.65990688864,115120.43618135016
101384.33639528674,1137604.4747084207,122069.15866879086,163017.751276246,655733.0759628209,63017.73280604818,973676.2291195863,1297895.3717780097,102426.92582898049,785303.1827783491,188627.7872764196,324494.39528222097,244854.92614987705,377097.6409412129,886445.3309932224,140391.42452793842,1277068.3673069526,190012.86453667778,174889.44110933947,307656.069410917,167036.63937210682,672218.579640271,161645.9813601746,142942.66732766526,114926.89702376538
101384.33639528674,1122754.1861672932,122069.15866879086,162936.61839479257,655687.7391164937,63004.07592907985,973676.2291195863,1296035.9001211827,102426.92582898049,785303.1827783491,188576.828896817,324191.2648572234,244059.89491530327,357722.582709505,885468.7051996669,140277.53479555043,1266268.1318438095,190012.86453667778,174771.1357305435,307656.069410917,166987.2915916139,670804.1513371766,161558.88219576076,141885.03243036935,114875.89772529763
101384.33639528674,1122754.1861672932,121890.45670864644,162886.3882502196,652720.3103727,63002.55573611695,973676.2291195863,1290701.415263734,102401.0309319387,785303.1827783491,188464.8039885197,324191.2648572234,243351.98274748315,355088.6222080744,883551.7083550247,140160.1713296063,1266072.796802309,189702.8052369047,172547.71999865735,307415.96511877904,166875.90276159768,670804.1513371766,161548.67887506992,140751.71520557636,114875.89772529763
101253.13373573702,1118686.1264686645,121038.35069416655,162803.13849724448,652069.4774874828,62996.15870153347,967013.8846155136,1285661.731778315,102396.02753026405,781234.0461214579,188464.8039885197,323832.78842510865,243057.38793756012,353341.93581880524,873716.0588453348,139738.91862188958,1265269.3971643643,189585.12069322632,171811.05871133972,300989.33938323066,166643.94238259507,670804.1513371766,161212.147001603,140300.10861145332,110094.72663606222
101250.08426753778,1118686.1264686645,120644.71112909983,162736.65593656708,651730.5420696817,62984.04355025757,967013.8846155136,1285135.8588639924,102295.43149854425,772531.4320665713,188313.392304029,323520.96246105456,243057.38793756012,336566.5985336479,872385.1864449164,139710.68162047828,1261622.9513945647,189548.96360741346,171411.46637999185,300989.33938323066,166526.0676123163,668079.2855693233,161212.147001603,140300.10861145332,108240.38162825107
101104.63399258192,1118686.1264686645,120577.17761640155,162729.91627914732,651730.5420696817,62978.33155816459,967013.8846155136,1284636.2546727557,102295.43149854425,769517.3327819819,188311.49877296982,323336.25000574056,243057.38793756012,336566.5985336479,860842.5520937372,139495.42971385794,1260868.6972879414,189548.96360741346,163558.31789200904,300607.1157585322,165941.8140405219,668079.2855693233,161159.6138795551,140300.10861145332,108221.21252930479
101030.98019062474,1118686.1264686645,119966.86346585731,162570.25079527765,649202.4586919398,62967.165883209076,967013.8846155136,1274637.4921087124,102295.43149854425,769517.3327819819,188221.42663391624,318906.6708493478,242314.37545314356,333697.2020868321,854092.9693868028,138618.44571887076,1255354.3944270478,189288.00977474832,162848.34196152707,296145.6911983713,165787.6575643738,668009.0995544343,160824.41472265375,140015.50245590534,108221.21252930479
100750.51881248395,1116928.3987748993,119904.18795838086,162531.62758440996,648963.8207684959,62964.18015436299,967013.8846155136,1274637.4921087124,102167.00251231331,769517.3327819819,188209.23259174128,318699.26922571415,242314.37545314356,314969.25265879295,851512.0062639822,138495.69353400945,1255354.3944270478,189256.087171388,162848.34196152707,292264.0188021512,165697.58729971305,668009.0995544343,160297.11838682942,140015.50245590534,107064.50758632355
100643.62998861355,1116928.3987748993,119746.69658276363,162515.44196523886,642987.0402406955,62944.98643009574,966791.4182031131,1274637.4921087124,102159.0487309682,768721.997030889,188069.39580794057,314866.2735791383,241164.60947160164,313633.7462243721,850678.5433572193,138335.07041704812,1255354.3944270478,189135.78274983424,161899.71703931352,291764.9372195672,165697.58729971305,668009.0995544343,160297.11838682942,139853.8572502809,107064.50758632355
100308.572524322,1116928.3987748993,119354.95023502206,162301.06759156333,642987.0402406955,62938.75474124842,961413.4927693105,1258723.263181777,102086.54950857128,765800.1469415221,188069.39580794057,313948.64949675853,240338.52915553752,313633.7462243721,850678.5433572193,138335.07041704812,1249021.5964100724,189131.51641171263,160933.05201509935,288015.5851778158,165673.91246980848,667030.2175804382,159733.52301648466,139161.91957334243,106776.97012781884
99734.43533137928,1116928.3987748993,119354.95023502206,162229.4567471318,642987.0402406955,62905.489674585035,961413.4927693105,1249366.4854969913,102084.95028663996,764779.4188328914,188039.52678894167,313948.64949675853,240338.52915553752,313633.7462243721,850678.5433572193,137271.22215554508,1244851.487264004,188894.40611878093,160657.78822709527,287398.2208574605,165673.91246980848,667030.2175804382,159733.52301648466,138828.35743527763,106776.97012781884
99694.49614510669,1116928.3987748993,119091.01547055406,162229.4567471318,637087.8608584444,62903.2224932098,960009.6765592167,1249366.4854969913,102084.95028663996,764027.5187921609,187809.4886986202,313892.8848824495,240338.52915553752,313633.7462243721,849942.0181587179,137271.22215554508,1244616.1873850361,188835.3415117348,160331.73054264823,286484.2039770021,165310.11652613533,667030.2175804382,159733.52301648466,138751.7435666387,106475.27958397861
99641.41828551404,1111903.908207771,119091.01547055406,161832.67813585495,637087.8608584444,62897.094759891406,958678.3968190898,1249366.4854969913,102074.08710672182,763271.5632876727,187416.60698330693,312159.05786791083,238849.5169174503,311399.10451144207,849942.0181587179,137181.96091898016,1244579.1853033938,188835.3415117348,159477.00611848474,286484.2039770021,164883.51277957504,666944.8135777888,159168.83045708778,138226.26371204556,105486.41848610897
99022.43475319503,1098063.5665880607,118411.27832792987,161832.67813585495,637087.8608584444,62869.62529724105,958175.4178814305,1249366.4854969913,102053.83715977977,759875.7425868487,186708.81475669227,309402.73083692807,238060.38389154608,311399.10451144207,849942.0181587179,136056.4275698478,1243463.6354805194,188835.3415117348,158575.91081593765,286034.64978033176,164564.72310076043,666551.8053596205,158836.55724873234,138200.67851177065,104858.61958935484
98993.76459299964,1093406.7999372745,117681.71054205572,161682.77629047155,635333.465667638,62833.843200813775,957553.9444826063,1246873.3685607046,101886.19026060082,758245.5907301726,186708.81475669227,309402.73083692807,237018.74305617213,301737.1462882633,849732.8211306203,135051.0470029303,1236240.2417676605,188835.3415117348,158575.91081593765,285963.7387004558,164553.4792539786,666551.8053596205,158691.14664905798,138127.14986510444,103995.95499418868
98661.64139082233,1093406.7999372745,117340.65809821332,161437.46381033075,634861.1520867302,62832.84884010265,956421.998954991,1242016.503143319,101883.23186745748,758245.5907301726,186708.81475669227,309402.73083692807,236018.43471093185,300465.1642452081,849732.8211306203,135051.0470029303,1236240.2417676605,188835.3415117348,157102.20084913235,285877.7746652734,164167.50291783552,666387.3305194576,158600.88817879948,138127.14986510444,103512.58135881156
98661.64139082233,1093406.7999372745,117340.65809821332,161437.46381033075,632397.8903964682,62808.449538026434,955947.2877105683,1232867.0456993761,101883.23186745748,758245.5907301726,185707.6082067788,309402.73083692807,235545.70089764084,299891.9599435724,849732.8211306203,134578.5206270371,1236240.2417676605,188818.92383132316,156301.96188726224,285877.7746652734,163987.83187799793,666356.5291459374,158600.03833334552,138127.14986510444,103267.20922270937
98549.05875831004,1078440.7093257927,116892.55905878975,161260.19281543398,632397.8903964682,62807.31801952428,955947.2877105683,1230227.2173969636,101826.69563435133,751861.716864922,185707.6082067788,306398.5997305136,235096.20556853226,299891.9599435724,847625.284749865,134578.5206270371,1236240.2417676605,188802.36446251982,155575.7978150557,285519.58109793783,163592.5545779577,658777.23421584,158563.06810631746,137848.6001563164,103198.44593810376
98457.66057858258,1078440.7093257927,116892.55905878975,161170.9623344298,632358.5571838105,62804.64415216759,955738.9231219223,1222818.2495002898,101810.85283273186,751861.716864922,183871.68148312412,306398.5997305136,235096.20556853226,289982.45610369137,847121.6350113588,133820.17078927928,1236240.2417676605,188725.09279192783,154582.1144399481,285465.8702307976,163586.6540193659,658777.23421584,158534.3389803809,137496.7360837631,103198.44593810376
98457.66057858258,1078440.7093257927,116892.55905878975,160914.2780322192,629031.3552809127,62776.135500755234,955738.9231219223,1220533.9912405896,101596.57302915391,751321.8511165209,183071.45560013707,305218.51832020696,234148.92468897603,281641.6284385887,847119.2945224164,132649.49787106743,1235915.4300688955,188683.553299152,153663.66630451742,285278.43329320697,162543.69496409092,656254.2304646135,158534.3389803809,137463.48497700057,102673.02257552446
98333.95584164346,1068764.8339911313,116873.97408760576,160670.55970830782,628847.4635126973,62776.135500755234,955738.9231219223,1206711.773407017,101544.12555895316,749727.743940721,181051.00020919848,303875.5597977984,234145.6867138525,281641.6284385887,845811.7479039775,131465.02739138773,1209508.3220405618,188683.553299152,153663.66630451742,285201.88146784826,160330.45259661134,651066.7636433531,158534.3389803809,137378.33017845728,102604.31107004987
98268.15052515414,1060643.9486293586,116854.55963511573,160670.55970830782,626975.7329540648,62736.71663578297,955663.1003525828,1205071.3182187795,101544.12555895316,749727.743940721,177306.64944053433,302206.11084699875,234142.30262901497,278137.08399803017,842583.1264386106,131029.44010951174,1209508.3220405618,188683.553299152,153297.01950058786,284347.7734305343,160330.45259661134,640960.3720950185,158527.24389573053,137378.33017845728,102388.82787327732
98268.15052515414,1060643.9486293586,116639.91999106135,160218.39855308604,624695.4802762672,62736.71663578297,955314.9350342088,1186304.9994822664,101242.99449610065,748644.6497397105,177306.64944053433,301895.7299029836,233949.80890096052,277223.5478311271,842583.1264386106,129564.86629873527,1204987.066332952,188683.553299152,153115.25432844943,283981.3314864394,159349.43919771604,640960.3720950185,158518.34740168136,137215.4224936652,102388.82787327732
98084.64627152987,1058264.809507226,116493.34188713523,159804.00733957285,622397.8604528914,62736.71663578297,955314.9350342088,1186304.9994822664,100687.95581270375,748644.6497397105,175249.10624781184,297594.76204009337,232293.35248036208,263030.8910919499,842583.1264386106,129090.91750425602,1200937.2939732787,188592.3917918567,153115.25432844943,283981.3314864394,158433.58926971356,639128.6878455615,158518.34740168136,137206.03537906168,102388.82787327732
98084.64627152987,1052830.2057109398,116493.34188713523,159804.00733957285,622397.8604528914,62732.21421909158,954016.3232235772,1173584.908633197,100687.95581270375,748644.6497397105,174935.25750313158,297594.76204009337,231851.25245962112,263030.8910919499,840826.0224289367,127130.52812211121,1191313.3399294773,188592.3917918567,153115.25432844943,283964.825387921,157908.4189171902,639128.6878455615,158518.34740168136,137206.03537906168,102388.82787327732
98008.57753392732,1046305.0924691717,116493.34188713523,159804.00733957285,621602.3057650576,62732.21421909158,953632.7193440286,1173584.908633197,100374.06209886944,747664.6820936896,174730.4822299679,297206.24750350765,231489.677854245,263030.8910919499,836861.4773112664,127084.48370980291,1186877.026404366,188556.65656347902,152702.5667323963,283697.86626568326,155856.56961633294,629877.6319006768,158501.3922764681,136816.52215671484,102211.66272223879
98008.57753392732,1046305.0924691717,116468.47602874596,159804.00733957285,621602.3057650576,62719.92651131364,951751.9724542808,1170648.2078947197,100197.48456711462,747561.2650529839,174673.73904258973,296218.2500457473,230882.13788000768,263030.8910919499,836810.6011958348,127084.48370980291,1181890.3560987923,188556.65656347902,152295.5347730536,283429.45648319164,153710.27929843857,624616.1067508779,158496.96370947285,136276.8380339478,101364.2839897956
98008.57753392732,1042288.430372428,116468.47602874596,159771.47052684225,621602.3057650576,62719.92651131364,951751.9724542808,1168843.052223834,99505.97459659285,747561.2650529839,174673.73904258973,292923.51986573305,230839.77300629052,259373.72868783257,831848.5204803745,125103.43095411657,1179075.5834834087,188522.47683233133,152198.97607029186,282476.2702827541,153710.27929843857,614914.7412429722,158496.96370947285,136056.86176150505,101364.2839897956
98008.57753392732,1035440.5003847501,116248.426465479,159525.08262519445,621423.6662343015,62718.770368149904,951751.9724542808,1168843.052223834,98037.88103735322,747561.2650529839,174643.9900074991,292923.51986573305,229944.24018807086,259373.72868783257,831848.5204803745,125086.93711619015,1177411.4256628843,188522.47683233133,152198.97607029186,281813.55797995743,151148.0451530413,614914.7412429722,158417.67371663253,135998.7398202163,101063.05854218475
97932.13525980411,1035440.5003847501,116155.17745058009,159519.6277691663,621351.4804214766,62718.55421718329,951751.9724542808,1158798.758031143,96398.39153192335,742140.3371759522,174643.9900074991,292075.2374863614,229900.7062091334,259373.72868783257,831848.5204803745,123887.1703045734,1161217.6687799708,188491.3277874772,152198.97607029186,281621.4917228883,151148.0451530413,611651.0046715467,158400.74250977676,135880.189713269,100445.68263963453
97932.13525980411,1034771.7322724151,116093.38822578405,159445.14146847287,620603.9724378431,62717.85572923299,948885.4370878286,1156439.4759635637,96185.35328132375,742140.3371759522,174643.9900074991,291870.34032794664,229900.7062091334,249548.44792890007,831550.1499045269,123821.86322471783,1161217.6687799708,188418.1979766965,152001.44194161444,281145.5628825746,150861.09341478004,602042.5023417588,158367.70769986336,135814.23633458253,100445.68263963453
97930.41978070838,1033867.4037588049,116093.38822578405,159445.14146847287,618372.476913064,62717.85572923299,945975.3485697634,1156322.445849158,96185.35328132375,735604.3205867702,174584.15721737163,291730.47761352186,229566.73016972755,249548.44792890007,831550.1499045269,120728.79963901216,1161217.6687799708,188392.8072162229,152001.44194161444,280431.1475746768,146420.7641234452,590950.7690660275,158366.37884480017,135577.90753334822,100431.98033633492
97820.07017495621,1032564.6416630426,116093.38822578405,159445.14146847287,618141.232487286,62714.35497714007,945975.3485697634,1155618.5466357947,96153.55646744993,735358.9439032488,174584.15721737163,290199.6356176095,229533.9458500522,249548.44792890007,830705.42262155,120655.38790422196,1160712.5632961406,188264.82723474057,152001.44194161444,279200.8536104495,146420.7641234452,589934.680895881,158362.95921577275,135180.80263988348,100382.75098832927
97746.92287699686,1032564.6416630426,115923.70783238247,159335.48705587763,618141.232487286,62714.35497714007,945975.3485697634,1152954.931319786,96063.08139888721,735358.9439032488,174584.15721737163,288902.9151386553,228876.2814312439,245356.1210340687,828105.4841326376,120655.38790422196,1160712.5632961406,188199.15222076574,151900.93526711935,278978.6837313,146360.84002311542,575289.1580120814,158348.10232846776,134484.13256501433,100295.85309795104
97673.96245673085,1032457.6300076706,115923.70783238247,159335.48705587763,617034.0447053559,62714.35497714007,945975.3485697634,1151845.9545130641,96063.08139888721,727091.6225440757,174573.16182620803,288902.9151386553,228406.75194217023,241629.78927138963,824434.3997723988,114833.74147239776,1139348.9223438173,188124.0144436519,151821.31200000382,278129.2930955623,140518.92765981506,575289.1580120814,158247.2213584236,134088.45466126016,99226.64337186032
97673.96245673085,1031975.3373000829,115903.62109525158,159335.48705587763,615151.7255213788,62714.35497714007,943801.4600524019,1151845.9545130641,95819.71887858085,727091.6225440757,174549.65184938096,288902.9151386553,227993.2873359166,241000.19685224997,824111.6797257914,114833.74147239776,1139348.9223438173,188096.01969330158,151808.93547799,276234.9280202867,137978.4276715999,568909.7396335613,158199.49872097516,133804.97816349362,99195.77257167581
97673.96245673085,1031904.9955634823,115845.8743923279,159335.48705587763,614973.8907471158,62710.61530770379,943801.4600524019,1151765.8556301822,95794.32336533755,719813.7266240094,174502.04306009586,288902.9151386553,227974.42481344313,240235.1651442782,824111.6797257914,112795.02771828987,1136672.4013735175,188096.01969330158,151718.70250066146,276234.9280202867,134644.8586910619,557316.366993689,158199.49872097516,132386.28345150122,99195.77257167581
97578.03282549983,1029859.2429771285,115743.47160578684,159323.3348911727,614476.4172298571,62709.64191109268,942276.5138906769,1151765.8556301822,95794.32336533755,719813.7266240094,174502.04306009586,288902.9151386553,227890.17629660168,226911.52942285684,822612.5830273026,112795.02771828987,1130455.048382539,187987.17747547108,151290.41655954436,276177.1472797401,132311.41938564484,557316.366993689,158199.49872097516,132386.28345150122,98687.32500869426
97552.74328565433,1029587.1446678436,115710.79063272032,159323.3348911727,614476.4172298571,62707.397073875996,940108.5753059238,1147722.4021757303,95746.7270774538,711000.9797041866,174502.04306009586,288423.80435709853,227890.17629660168,226911.52942285684,822612.5830273026,112795.02771828987,1114394.1010324126,187932.0767592183,150978.8238394759,276177.1472797401,132079.86093983438,537296.5199065196,158156.5674799148,132179.80222644177,98677.35312451034
97545.34437219142,1028651.678418237,115710.79063272032,159313.94160159648,611759.4463850835,62702.061017233296,939896.4108224314,1147205.3949858635,95746.7270774538,708358.4689684631,174502.04306009586,287331.2148394153,227890.17629660168,226911.52942285684,821916.2151315343,106929.68911878401,1108891.347365689,187789.64117402583,150844.6694645106,275003.90706096316,132079.86093983438,535289.6585337336,158137.2486643856,130859.30247446753,98581.65531764558
97364.6269019643,1026663.0883975506,115687.90369470732,159284.70479114805,611759.4463850835,62694.00316092542,938267.6882761884,1147205.3949858635,95733.47903932212,703145.5221528878,174502.04306009586,287331.2148394153,227890.17629660168,226687.55587257462,818756.4850102775,106929.68911878401,1103750.718121908,187778.51072110145,150844.6694645106,274966.34867276484,132079.86093983438,532237.4049723238,158068.45591318386,130375.43761418387,98581.65531764558
97043.397270588,1026663.0883975506,115585.89900273272,159224.8688723085,611693.9318335402,62694.00316092542,937084.5567055583,1143893.9402233937,95733.47903932212,698647.3662892613,174502.04306009586,287331.2148394153,226389.3250029592,226687.55587257462,818413.4519497252,106841.7741452543,1100935.534719443,187612.2177403146,150784.56308285604,272091.7178605262,128324.18941221097,520274.01478395454,158061.29993591088,130375.43761418387,97571.94199124978
97009.29002429626,1021704.1546048869,115580.40591842461,159222.29633253542,611501.2214687786,62694.00316092542,935755.2480497634,1143893.9402233937,95727.68618809813,691596.9950692055,174500.42918378513,286932.41321309493,222756.74648010137,226395.79546581855,818308.3052603536,106841.7741452543,1093276.2528171425,187560.95972124473,150784.56308285604,271339.49104505865,126075.2271762979,517948.1657544566,157933.53915944506,129958.93510779766,97571.94199124978
96830.41730908661,1021704.1546048869,115446.66697306519,159222.29633253542,610041.6887689201,62693.818596155164,934250.2602392307,1143893.9402233937,95727.68618809813,685743.8819554606,174495.987368745,286932.41321309493,222742.39540789163,226395.79546581855,817640.234748635,105223.59589675129,1088151.264430369,187487.75056770354,150784.56308285604,267740.9863755629,126075.2271762979,517948.1657544566,157933.53915944506,129084.70722803022,97296.05381676937
96830.41730908661,1021704.1546048869,115439.51507585173,159211.15070630048,610031.1500116404,62680.92417868742,933781.7175050157,1143531.7666856938,95727.38872930397,682418.8027373637,174460.5713154328,286722.47744743334,222742.39540789163,224497.11172247687,815877.1374616028,105176.33601428698,1085881.572619282,187487.75056770354,150784.56308285604,263150.0631392387,125612.48195592871,517948.1657544566,157842.69495255942,127691.4323232718,96776.46060791868
96669.6068306089,1017730.0256499543,115295.77781188625,159211.15070630048,610031.1500116404,62677.4552633781,933781.7175050157,1141563.6752546635,95723.17331570793,681865.5647906482,174457.8196114918,286722.47744743334,222742.39540789163,224497.11172247687,815877.1374616028,105176.33601428698,1077301.3347553997,187487.75056770354,149872.02284864185,263118.34790672665,123539.10997684076,504847.3572324977,157787.43272581798,127691.4323232718,96720.19066534417
96513.02440783943,1017730.0256499543,115223.57025190999,159165.91149543785,608197.8217578101,62656.850960743264,933781.7175050157,1138153.4615607245,95721.80217496035,681865.5647906482,174457.8196114918,286722.47744743334,221716.14660857842,224497.11172247687,814985.7950787507,105160.05761868047,1077301.3347553997,187487.75056770354,149766.8706730531,263118.34790672665,116386.94500777044,504847.3572324977,157781.76055169123,127075.08247291116,96720.19066534417
96112.99224645727,1017136.9386421136,115222.88161484647,159161.96979826342,606781.1443879529,62653.5837728585,933740.2536966411,1138153.4615607245,95711.81000006644,676319.9419173934,174454.50453683586,286722.47744743334,221059.97968191752,195198.58582381674,814985.7950787507,105080.61835042732,1076880.4649229336,187337.0938557974,149670.0204109298,260143.86613290184,116386.94500777044,504847.3572324977,157648.7551415978,127075.08247291116,95991.48911646221
95594.1702303009,1016951.4228994746,115091.11229269138,159161.96979826342,606781.1443879529,62652.39611826737,933740.2536966411,1137804.704278356,95702.56367451184,664089.4790245127,174454.50453683586,286389.1047092775,219492.35349194234,194290.21770870723,814244.0292704095,105067.42241448136,1076734.5398994659,187337.0938557974,149628.26989163508,257122.0186520195,116145.21189427761,504847.3572324977,157648.7551415978,126954.74205294212,94588.83528157308
95205.3728194926,1014152.0835140337,115015.16357523797,159161.96979826342,606732.9358411854,62652.39611826737,933164.985315387,1134545.0384489258,95702.56367451184,661973.7403147806,174435.7941371014,286180.8052921773,219095.34325476454,189010.78762576278,813665.5553522015,105067.42241448136,1076734.5398994659,187188.76038620214,149628.26989163508,256627.3219301191,116145.21189427761,504847.3572324977,157648.7551415978,126775.99342796206,94588.83528157308
95205.3728194926,1012018.6741231403,114949.05105636748,159157.44051513384,606662.2950024621,62652.39611826737,933164.985315387,1134545.0384489258,95675.36303802526,659211.9221766976,174435.05850031428,286121.60779083986,219095.34325476454,189010.78762576278,810809.06030831,105001.42288484855,1074315.7976400494,187012.53299221836,149600.33910759058,255638.59697841888,116145.21189427761,493553.3047437563,157638.61787843076,126170.66964409502,94588.83528157308
94616.4572119058,1012018.6741231403,114949.05105636748,159157.44051513384,602084.8229159758,62652.39611826737,932873.6599870733,1132421.5889276555,95657.4415054374,659211.9221766976,174435.05850031428,285852.86861325824,216069.41990235657,189010.78762576278,808652.185121775,104845.08171301201,1074315.7976400494,187012.53299221836,149241.65297397148,254790.13127993853,116003.01048951256,491739.57859647594,157636.65642553163,125958.51862122749,94588.83528157308
94595.65567977392,1002432.633173722,114926.31034103618,159157.44051513384,601659.9918484732,62636.511498805776,932873.6599870733,1129133.1500864702,95397.07906359989,659211.9221766976,174434.5569390322,285737.7228984442,215306.82467260826,189010.78762576278,808465.6279998701,104668.56802897218,1068217.6829809053,186976.9406816906,149241.65297397148,254790.13127993853,116003.01048951256,491494.6006392253,157636.65642553163,125808.18387797652,94588.83528157308
93193.17058096759,1002432.633173722,114708.75691214677,159157.44051513384,601188.7011204368,62636.511498805776,932762.1222536511,1126241.8595898666,95336.16645520033,658466.2301046735,174434.5569390322,276686.4062282765,214755.64614071432,189010.78762576278,803904.4482368656,104668.56802897218,1066980.0120093555,186881.7173765737,148395.33371451916,254790.13127993853,115652.63907134837,491494.6006392253,157636.02134992596,124864.98053603576,94138.74580739197
93070.81889450534,997538.0300634956,114708.75691214677,158984.75465961246,600928.2562730917,62636.511498805776,932620.7243866529,1123400.8488821727,95276.4877502405,656281.3296803205,174415.84707875797,276686.4062282765,213191.26078540023,189010.78762576278,803521.5337576477,104668.56802897218,1064671.7737383726,186881.7173765737,148345.00064334107,254193.28915244786,115652.63907134837,489610.000645211,157615.9246128213,124864.98053603576,94138.74580739197
90499.8282997569,988008.2147617458,114706.4061806456,158815.51681616696,600343.4349852939,62635.28873804249,932374.6347867207,1119018.7329410852,95260.01434003649,651604.1290474281,174412.35130256094,276284.90781695984,212704.66445632168,183230.05364537015,802537.3885255329,104668.56802897218,1064671.7737383726,186832.75090760668,148076.0030647357,254193.28915244786,114390.57936545544,489116.2642517169,157599.04945559494,124864.98053603576,94110.55638838033
88500.4059103471,976705.7685792188,114603.41162682386,158815.51681616696,592241.1344786059,62635.28873804249,926517.6616880222,1105242.8185290773,95071.45439266831,641551.6564863063,174409.09118473952,274745.32453971374,212477.64938687533,181948.47917417658,801590.2857729892,104668.56802897218,1063795.2828586712,186722.40417950042,148076.0030647357,254193.28915244786,113983.73592008058,487509.3918370806,157574.6450673863,124244.49657474032,94051.95991739258
86780.34611406467,960166.67915107,114537.5513086331,158815.51681616696,592241.1344786059,62630.10698500187,926517.6616880222,1105242.8185290773,95038.6465230899,641551.6564863063,174399.48166521432,273094.9267954741,211448.4495599355,181926.07736486485,801282.3967171726,104486.87374758806,1062248.2313669804,186722.40417950042,148076.0030647357,254193.28915244786,113983.73592008058,486435.7058061234,157572.13447003227,124049.71755282195,94051.95991739258
83255.64800638761,953447.8159330625,114537.5513086331,158676.5274418052,591443.8047742649,62628.7932461366,926517.6616880222,1104701.167216658,95038.6465230899,631822.053395456,174376.13913059674,267249.89150975307,208979.7835422915,181926.07736486485,800523.804639713,104365.1319937333,1060162.0433124749,186721.75957666963,147984.4776613144,254193.28915244786,113983.73592008058,486435.7058061234,157572.13447003227,123879.7651086228,93614.18422661682
83228.33943533513,952070.538992765,114405.12915225988,158676.5274418052,591238.320359422,62626.169889494806,924850.2042512512,1099136.5865602922,95038.6465230899,631822.053395456,174338.05678070922,262011.3481461182,208979.7835422915,181609.61580092116,800523.804639713,104365.1319937333,1054862.363291328,186615.7944201485,147454.25080398086,254076.82823702655,113983.73592008058,481449.1850926211,157553.5699375938,123879.7651086228,93278.30108873006
83228.33943533513,932557.3972166029,114300.89384095313,158387.21033361668,590122.6484485856,62625.383493264664,922131.7640771472,1095832.3728235427,94877.79221158028,631822.053395456,174338.05678070922,259727.0196360877,208979.7835422915,178907.42074858438,800500.8999266734,104021.27307993233,1050820.7885230493,186615.7944201485,147454.25080398086,253984.74976498197,113798.54843353227,462043.90122528357,157553.5699375938,123692.12205837021,93272.07164886138
77070.39372532575,896364.1677244279,114185.21775688652,158196.01913923214,590122.6484485856,62624.59650099935,918667.6888129747,1095832.3728235427,94529.86235847995,625949.3945128808,174320.45277789744,259727.0196360877,208979.7835422915,175579.7676464576,800126.3723750293,104012.41290453779,1046010.3190734354,186615.7944201485,146936.92009234522,253756.71393750026,113798.54843353227,462043.90122528357,157553.5699375938,123564.28569521422,92734.83819152958
75281.44892715587,892639.820750765,114185.21775688652,157890.5140567087,587685.9282799124,62624.42654305152,918667.6888129747,1093907.4772316443,94415.75801211543,625949.3945128808,174320.45277789744,255139.5491591793,208002.23967484545,175499.7602915586,799860.3826293548,103706.00965673165,1045368.2172740169,186597.2113995324,146936.92009234522,253756.71393750026,113667.80095729517,462043.90122528357,157553.5699375938,123564.28569521422,92611.6989421623
75281.44892715587,892639.820750765,114111.98801532688,157787.98874534314,586716.047656149,62622.817896720924,915699.2818355734,1086884.2639179612,94141.1252099499,619451.0714328384,174320.45277789744,254357.77079759756,207867.29572793888,175113.46160088104,799582.9101750695,103706.00965673165,1045368.2172740169,186548.40580861724,146395.7620191546,253756.71393750026,113628.60685430485,454345.2998892371,157510.7419402686,122767.98991106999,92611.6989421623
68182.68185227802,859323.5664004119,113690.70594898617,156800.45250997966,586373.0630340363,62622.69523203951,909793.5196214839,1086884.2639179612,93913.04034593467,619451.0714328384,174309.62161544955,253080.53589242505,207705.2563563056,174506.02620552893,799542.8553660186,103706.00965673165,1045093.2749559158,186522.65050223397,146342.72446633768,251160.58935940603,113591.4178802463,454345.2998892371,157510.7419402686,122767.98991106999,92611.6989421623
67766.99398769211,844377.4780657354,113618.99164716703,156770.42119523647,583241.491577075,62622.22887475994,909793.5196214839,1084221.2785054874,93784.62316270536,615627.5082534123,174309.62161544955,253080.53589242505,206012.21139382102,174500.1917850278,799383.2356863262,103660.9120429674,1044979.742211707,186522.65050223397,146275.5318623216,251160.58935940603,112962.99173245062,441875.09979535046,157480.62251875838,122767.98991106999,92601.00811756721
67637.06495328854,843700.9600491879,113196.89787093646,155232.11066003895,583241.491577075,62622.19953876574,909793.5196214839,1084085.5052018678,93464.46052179803,615627.5082534123,174304.22376129555,249880.59182303664,205655.7059257145,174500.1917850278,799173.1099811554,103660.9120429674,1043450.8249404983,186481.88267027176,145692.6085146908,251049.36880441787,112808.9261212618,438289.7969750272,157466.8631510021,122538.08405076707,92548.95295104058
59040.15998140899,843194.816204486,113134.50200493692,155232.11066003895,582132.7322067235,62622.19953876574,907224.2517475652,1084085.5052018678,93457.45299364303,615627.5082534123,174299.1523576474,248754.45084706668,205393.75704128965,173145.9864454227,798784.5868567345,103420.29621327296,1037854.1138283982,186448.00156771054,145336.09893226062,249643.52561769367,112808.9261212618,432168.19856435544,157460.7680822616,122426.23037407291,92548.95295104058
55283.33128583342,842154.83738201,113134.50200493692,152993.74690192798,581399.3000521538,62622.19953876574,904634.2873597922,1078535.0242874061,92549.13122110859,606879.4896349566,174299.1523576474,244957.16316641888,205244.64084488546,173145.9864454227,798784.5868567345,103378.94581450573,1037854.1138283982,186302.257936943,145336.09893226062,245538.32605584248,112808.9261212618,432168.19856435544,157458.29416824292,122426.23037407291,92473.95154048929
51352.896876259954,841969.4280987807,112417.25860199504,152993.74690192798,581250.1231821564,62621.72492013167,904634.2873597922,1076296.769246377,92549.13122110859,600586.869803129,174270.65753602388,240382.62749669634,205202.2048423384,173038.69585907165,798755.2491197652,103073.06282478634,1037854.1138283982,186302.257936943,145336.09893226062,245538.32605584248,112200.35591641573,432168.19856435544,157427.0230865322,122349.89331596991,92245.52940567539
51352.896876259954,841969.4280987807,112417.25860199504,152993.74690192798,577071.6712485445,62621.51453565482,895057.9535032675,1072800.281429045,91847.86785475262,600451.015260548,174265.31868891415,239630.0457139075,204938.7225981318,172814.08561524271,798592.0445517695,102368.31973187842,1037854.1138283982,186057.11416832317,144751.46280941242,244147.83720272747,112033.28288428756,419785.0963100933,157419.8868803521,122317.72753061389,92111.32422322319
49645.80034020563,838737.7768973309,112332.02142801366,150220.14753274727,576949.8508397419,62620.30006642964,895057.9535032675,1063055.6434444753,91815.34751676663,600451.015260548,174247.73796488185,239630.0457139075,204938.7225981318,172265.8587148567,798592.0445517695,102234.8340363337,1037429.795739283,186031.64504085804,144751.46280941242,243745.2270432027,112033.28288428756,418811.85836155445,157419.8868803521,122317.72753061389,91978.25449593249
49255.32934211026,834955.8467976843,111044.04166623738,150220.14753274727,576578.4826057953,62620.30006642964,884889.0426064368,1061383.2391565808,90368.84124960151,599248.5223177797,174219.33917532788,238397.20479616927,204206.9675317432,172265.8587148567,798395.9089337288,102234.8340363337,1032738.7467987989,186031.64504085804,144600.80266520462,243745.2270432027,112033.28288428756,418811.85836155445,157413.53840683043,122315.80057515355,91978.25449593249
48340.838460665196,834955.8467976843,110864.34948862728,150220.14753274727,576578.4826057953,62620.30006642964,882728.8386613962,1059898.8231588257,89409.32762672982,590974.287519593,174219.33917532788,238397.20479616927,203728.41130510904,168133.0498389807,797682.792974434,101841.80885720065,1032738.7467987989,185784.22982745935,144348.96951931098,243745.2270432027,110883.17576078433,415630.6770259122,157411.84244722736,122315.80057515355,91601.07789423861
48052.696857077106,834800.8399484376,110864.34948862728,150220.14753274727,576092.1240988274,62619.22238211074,877841.104388066,1046453.1054150566,86051.93444905737,586404.3014120669,174219.33917532788,238397.20479616927,203728.41130510904,168133.0498389807,797682.792974434,101454.15171678524,1032738.7467987989,185771.5915497437,143876.92066676496,243745.2270432027,110883.17576078433,415630.6770259122,157346.79476866717,122293.61284512731,91601.07789423861
47875.552551060544,834721.8454136958,110864.34948862728,147658.46980304818,576000.8920028538,62616.474971135496,871912.5967717547,1046453.1054150566,85819.58623911947,585058.8519777694,174217.00274400332,236466.89255668325,203490.43191318962,168133.0498389807,797359.4406479626,101380.84067762253,1032298.0691842617,185095.1995115142,143876.92066676496,241707.01424986267,110712.7569738984,401563.9125505405,157331.19240639338,122293.61284512731,91601.07789423861
47875.552551060544,832101.0558330014,109718.37124335028,145882.2262772635,575837.3523037939,62616.14945165479,871912.5967717547,1031263.847329098,85554.59268627397,585058.8519777694,174216.53547739424,234908.37119354235,203455.34125564134,168133.0498389807,797297.8696965819,100196.13724057618,1030242.4673161214,185043.4289813648,143134.9611158883,241386.03558175208,110464.45121903076,401563.9125505405,157236.69451509602,122293.61284512731,91141.7293628881
47875.552551060544,832101.0558330014,108356.79179855058,138075.03635620498,575801.2826370987,62610.084573802684,864091.3551700418,1031263.847329098,83752.90471800025,585058.8519777694,174216.01085457852,233798.0212504147,203262.5613935693,167170.01596054144,796624.0149849236,100159.8322398559,1028900.5844960306,184400.03829604405,142852.75052197516,241386.03558175208,110464.45121903076,401563.9125505405,157236.69451509602,122293.61284512731,91141.7293628881
47875.552551060544,832101.0558330014,105610.274163083,137899.24716776004,574663.563339884,62610.084573802684,864091.3551700418,1028388.2358638563,83647.33252033501,576265.6693613133,174198.55807176823,233798.0212504147,203099.35429625504,166082.55888296914,796276.4908699129,99695.1814564095,1026920.2208137297,184317.46043405315,142640.3017678992,239897.57380474228,110107.95391452246,401563.9125505405,157117.71494768423,122293.61284512731,91141.7293628881
47816.47658778203,832101.0558330014,105545.57811785661,137527.3815708631,572980.34288259,62605.13075321189,856041.7851488146,1019954.1655977854,83647.33252033501,575786.5904409009,174163.18052663477,233798.0212504147,203068.8872061418,164142.48826331887,795928.7553760592,99444.26237044591,1025899.5845054819,184317.46043405315,142049.91410954556,239897.57380474228,109863.30697461191,399338.8010732285,157117.71494768423,122279.410510001,91108.27743868288
47816.47658778203,832101.0558330014,104819.86586660043,129015.40185433865,572980.34288259,62603.851795940296,853926.8772017356,1016198.8971476863,83594.20836796828,575786.5904409009,174163.18052663477,233798.0212504147,202697.54892279505,163476.71125325697,795420.6018933408,98721.21477809499,1025492.2816466461,183181.2100952018,141983.39773907306,239897.57380474228,109863.30697461191,399338.8010732285,157104.77314111442,122266.663252401,91108.27743868288
47738.25658274542,832101.0558330014,104544.21194144322,125747.62025380392,571687.7312408275,62599.17028253451,851817.5240098744,1016198.8971476863,83594.20836796828,566498.9881905341,174163.18052663477,233681.9997598298,202697.54892279505,163476.71125325697,795038.1002266333,98721.21477809499,1020824.4860344094,182531.53673637725,141911.10897946046,239281.30484814924,109858.02889194194,399338.8010732285,157067.5803116678,122203.43420313468,90930.91168924492
47331.141710015145,832101.0558330014,104173.59719776831,112141.09284473263,571687.7312408275,62506.259471638565,848478.7135227395,1008248.6788275588,83585.16517889076,561852.187497195,174111.63583445738,233249.12157029356,202638.5409794495,163020.79395728325,794206.6765900111,98209.70404559681,1020824.4860344094,181191.8167805361,141222.66214029343,239281.30484814924,109599.01006656728,399338.8010732285,157030.016763601,120404.32035839066,90772.45003758869
47331.141710015145,830576.522167657,104089.50762942959,107583.23884037623,570630.7624830271,62506.259471638565,845521.1776243376,994015.7507227975,83469.3493280268,559786.2316432094,174081.7550933568,231957.35102368516,202496.62965925946,153478.36206288464,793250.0443589598,98003.69232515048,1020696.7249242009,181191.8167805361,141000.95016444023,237715.09128103434,109599.01006656728,399338.8010732285,157030.016763601,120404.32035839066,90675.53407440789
47331.141710015145,830576.522167657,104005.06998683073,107583.23884037623,570630.7624830271,62473.230922572446,845521.1776243376,994015.7507227975,83469.3493280268,556245.039817997,174022.06119406116,231573.24520698545,202496.62965925946,153478.36206288464,790460.4843004264,97525.17805997186,1020696.7249242009,180897.4989658495,140281.13590413867,237173.8158104114,109436.05712757356,399183.338333963,157030.016763601,119845.12731346521,90433.11137537916
47331.141710015145,828111.6898844646,103927.57260101929,107020.4209812455,565733.6328785248,62473.230922572446,845521.1776243376,994015.7507227975,83428.90207087075,540322.9538398038,173941.10425928616,231573.24520698545,202046.7114995993,153478.36206288464,788074.1826330174,97525.17805997186,1017437.5375039172,178377.1594271714,140002.86748105782,230525.5702239782,109436.05712757356,395849.1063900739,157013.78519500478,119117.67650831294,90411.67157995955
47080.43218665181,827890.4456684848,103927.57260101929,107018.18778663549,565349.0995560791,62457.10077192558,845521.1776243376,994015.7507227975,83363.24223417009,540322.9538398038,173919.7095204481,231573.24520698545,201237.1938892305,149515.0923104122,785460.5344907397,97141.50450060268,1017437.5375039172,178377.1594271714,137585.89447579483,229932.37938420995,109287.62270207689,395849.1063900739,157013.78519500478,118995.27504346285,90402.52458715334
47080.43218665181,827667.8521177795,103927.57260101929,106759.4027471088,559008.3237593641,62455.44898171541,844192.6688817311,992289.9502440552,83363.24223417009,517099.987514147,173737.8800848253,231573.24520698545,200790.91592531587,148127.7870274251,778566.6904192095,97065.81025431863,1015909.7749187015,174207.31574750965,137137.55650314857,229932.37938420995,108868.98855442478,395430.45612551953,156995.07539678723,118272.52754176359,90308.02384691047
46857.74699742712,820499.7598469792,103927.57260101929,106416.01381176339,553523.4309782039,62396.82340989099,844192.6688817311,992289.9502440552,83018.94070909989,517099.987514147,173700.69398896315,230789.55077960814,200721.79483740212,148092.05317858345,778566.6904192095,96925.61450068583,1013051.7463193343,174207.31574750965,136614.28008523636,227453.24797318864,108868.98855442478,395320.59549626376,156971.69835466312,118272.52754176359,90307.94156712481
46857.74699742712,816672.719382283,103920.7664892903,106416.01381176339,553523.4309782039,62396.82340989099,841880.1229622633,991789.2752612855,83018.94070909989,492021.09675573756,173547.228383848,230125.7752692034,200711.92289278522,144992.40644875995,778566.6904192095,96564.52444191092,1013051.7463193343,168128.1930051763,136557.67301466432,224863.64402283737,108868.98855442478,395028.54601587215,156970.6283201556,117753.3926966079,90295.10570702453
46848.833643576676,813320.6069542868,103920.7664892903,106416.01381176339,551480.7398815554,62342.13078618464,841880.1229622633,991789.2752612855,83004.75961356604,492021.09675573756,173547.228383848,230125.7752692034,200444.97417484713,144992.40644875995,775805.2332108993,96564.52444191092,1010676.1732727356,168127.4887329103,132930.31129155448,222434.8276621704,108576.59505038841,394570.7132837003,156956.0914540018,117597.06613731723,90275.86481413647
46848.833643576676,813320.6069542868,103895.86808906202,106416.01381176339,544059.9551327124,62302.76591839429,841813.4562974683,989841.3355763378,82974.86740548116,492021.09675573756,173406.86939592488,229798.59788614386,200444.97417484713,144753.82122498803,770320.6791270251,96361.33591728893,1010676.1732727356,167279.06340236904,132930.31129155448,222434.8276621704,108509.90974057952,394570.7132837003,156909.8257727679,115945.56355015644,90200.3811807592
46732.29199757161,809821.2737968098,103895.86808906202,106416.01381176339,539652.5499418753,62284.39767297249,835444.6273927196,987547.3102111311,82957.09468657753,472741.6895116949,173367.77687478298,229798.59788614386,200391.04605799683,144753.82122498803,770320.6791270251,96330.96165182922,1007908.3741223374,167251.3484414348,132930.31129155448,221411.8556829517,108509.90974057952,392586.28607870627,156896.94255784084,115945.56355015644,90200.3811807592
46725.69824862028,807277.1174572649,103895.86808906202,106403.50450099682,531183.9182081019,62284.39767297249,835444.6273927196,982957.7893566919,82951.82233899971,472741.6895116949,173184.25046634558,229699.07552385173,200391.04605799683,142962.618036996,768182.2687421662,96165.05198684675,1007908.3741223374,166242.55277832656,130521.8715077421,218584.6419658708,108509.90974057952,392265.07019316097,156890.86603967994,115338.98306791615,90094.26371499355
46725.69824862028,802358.6929460992,103892.94307249703,106369.02401455073,531183.9182081019,62229.79889603336,834826.8399699243,982957.7893566919,82867.28092771799,472741.6895116949,173005.1793739027,228253.4652787279,199928.38161127383,141759.99649656494,766730.3691735935,96165.05198684675,1002267.6896942764,166242.55277832656,130319.89309987507,217343.0760466804,108350.19884367095,386679.9446919379,156880.625873471,115338.98306791615,90084.72611033494
