trial_1,trial_2,trial_3,trial_4,trial_5,trial_6,trial_7,trial_8,trial_9,trial_10,trial_11,trial_12,trial_13,trial_14,trial_15,trial_16,trial_17,trial_18,trial_19,trial_20,trial_21,trial_22,trial_23,trial_24,trial_25
195281.37976720606,187649.22211622598,193503.5999844104,192165.6251051216,196425.60718196558,193472.2039875436,192567.29417836838,191756.19290706364,182986.05720969778,191520.9650407215,193317.13551403166,192956.22748110938,193640.80681969787,190855.12726536219,196837.37529292353,193617.1839631361,193660.75901046387,194302.93243450057,193163.91520451536,188013.45389774907,195392.6342807339,194693.9690752353,195362.91368204745,188777.16871180222,179093.5895111206
192928.95118209,178961.6664137337,191732.05942358956,187064.97158966257,194197.0276998078,189316.57455797552,189600.68693027156,190998.20552812735,182985.04875027016,188491.33127774793,191165.81747920578,191949.58494058572,188663.41755285495,188643.56616056815,194795.39317905495,190855.15402524246,191525.3092203691,188606.7092047078,193163.91520451536,187193.19137609904,193465.37692982034,190679.04570726748,193620.92435557465,188777.16871180222,179093.5895111206
190394.70371699694,178044.54743242543,190842.78408816273,183867.2015218905,191711.97691351222,187865.8782229973,188541.86750351157,186481.59403729963,182985.04875027016,185779.18945484696,190146.44776623498,188841.81441137617,188145.12897072485,188259.91917200314,187541.19526410627,190855.15402524246,180196.10356534357,187794.2050470568,188225.55471279958,187193.19137609904,186737.4988778387,190483.44513793962,191830.80278981157,187333.63508056803,178896.32432610737
190394.70371699694,177453.56553648523,187705.81065165886,182806.02159405538,191427.57554874115,179464.29142352924,188541.86750351157,184898.6180046667,182356.90377934347,180404.8924441417,189470.47843919107,188841.81441137617,188145.12897072485,188259.91917200314,186942.2668827994,188438.46096580976,179613.35036018782,186462.31642693776,187170.4305901938,182662.19415185796,185506.03708619927,189714.5638679446,179731.14480186845,187333.63508056803,178896.32432610737
190394.70371699694,177064.1464839468,187612.6801079598,180663.41131770037,191427.57554874115,179464.29142352924,188541.86750351157,184898.6180046667,173522.66384532384,178649.63097126037,186135.7294539536,187319.0233227055,186491.56735672848,188259.91917200314,186652.09435723655,188438.46096580976,179369.03851336028,183152.2369591614,186520.8073554077,182662.19415185796,185463.52755629376,187841.19372348522,179312.98920907086,181373.00448570575,178292.8153377611
188140.22809063765,176967.144144871,184343.88337402436,180663.41131770037,190025.7852995109,179464.29142352924,187275.3302107241,181253.88503114186,173462.31433212152,177720.21752730833,186135.7294539536,184778.6438028818,185509.16193286594,188082.80717284064,184522.76901014123,188438.46096580976,178949.75506618834,181360.87243297577,185457.38736641456,182616.41092884843,185463.52755629376,184271.77031612533,179312.98920907086,181373.00448570575,178292.8153377611
188134.12967855533,174885.3802563882,180040.92950570816,180009.6612678812,190025.7852995109,179464.29142352924,185672.51281605448,181237.56637951438,173462.31433212152,177494.73455248476,185750.8761598967,184778.6438028818,185509.16193286594,188082.80717284064,184498.55599897227,185190.14517136395,178949.75506618834,181360.87243297577,185457.38736641456,182616.41092884843,184291.8419310099,184271.77031612533,179312.98920907086,180609.11002782706,178234.46562557903
188110.76770125548,174885.3802563882,180040.92950570816,179659.20572509262,182003.9033808489,179464.29142352924,185672.51281605448,181237.56637951438,173462.31433212152,176640.09406821473,185750.8761598967,184778.6438028818,184150.31129974473,187424.01079148668,175503.23621275634,183042.91605886922,178049.25154297956,181360.87243297577,180982.06997794565,182305.47247072303,182423.03272046262,184271.77031612533,178575.8475875502,180609.11002782706,177385.91209744877
186363.53687402591,173952.00128706315,179917.24015830597,179516.91537371467,177497.36529235772,179464.29142352924,185672.51281605448,177976.17856715515,172539.94750639633,175839.32680939513,184485.3124716651,179999.38658163993,183876.9231172292,184962.8915856804,175503.23621275634,181250.9632338897,176638.82638599284,181360.87243297577,180982.06997794565,182305.47247072303,182423.03272046262,184271.77031612533,177604.34450602127,180609.11002782706,175868.85302606644
186363.53687402591,173750.42559278687,179917.24015830597,179290.82296630033,177497.36529235772,177819.41873231783,185465.32628389043,174429.98579203917,172539.94750639633,173986.5119438434,177948.2723868558,176844.89234466793,181524.06075364398,184497.3896150816,175456.27727234887,181250.9632338897,176020.0758811563,179833.92394008802,180982.06997794565,182305.47247072303,182423.03272046262,184271.77031612533,177604.34450602127,180609.11002782706,171940.48491124544
186363.53687402591,172676.5570196731,179917.24015830597,179283.56663721424,176176.12354877495,177819.41873231783,181410.09782514445,174429.98579203917,169159.79792255728,172389.88273265515,175777.09003838708,175217.6902467983,181524.06075364398,183280.25581514995,175456.27727234887,181250.9632338897,175559.3111676897,179833.92394008802,175439.58792228458,181446.30506398994,178417.7656540585,184271.77031612533,177098.93179571748,177343.9491082315,171070.60341557936
186272.26458911077,172676.5570196731,176842.93363098407,170379.5440204684,176176.12354877495,175859.29122188728,180870.78571021918,174249.9917924591,168401.07194920958,171741.90116467894,170727.1241340839,174431.5890713994,177535.58570254533,183280.25581514995,174603.77577117246,178785.3947374557,175559.3111676897,179833.92394008802,175439.58792228458,178489.56353978175,177351.53144101187,179999.4053323013,171247.87077414128,176368.28483678278,169999.39664860733
186272.26458911077,169096.6684459167,172297.03650267897,170035.0619412069,176176.12354877495,175859.29122188728,178186.99353062912,166234.67080254309,168401.07194920958,168589.4693577197,163943.56161637866,174431.5890713994,177447.7416138138,183019.75166501445,174603.77577117246,178785.3947374557,175559.3111676897,178566.36603019436,174922.12033056555,176130.9799413944,176472.9342672475,179999.4053323013,171247.87077414128,176368.28483678278,169739.54208123081
185525.78177000646,169096.6684459167,171997.24588236396,170035.0619412069,173912.70432485844,174680.80686361826,177689.297860431,166026.28098355516,167072.2177912201,167929.6657593326,163402.36082789398,172569.10144539684,177317.3394406195,180649.81268948954,174207.268208857,178337.0330655545,171228.0169724958,177439.06785101214,174631.8448853788,176130.9799413944,173461.86383859155,173000.56397000738,168146.5782405563,174134.22429647867,169676.48179838934
185525.78177000646,167644.90713319194,170399.889124778,169463.79040927775,173288.96761928027,170630.9061093113,177191.97317444565,166026.28098355516,167051.22228092505,164553.92539040433,163402.36082789398,170402.4546939979,174727.13758061867,176953.59129108136,174033.2752025284,174959.63896130823,170387.40326220338,177191.63762099127,172312.9219694124,172153.40909004558,173298.47088180855,171469.62671241132,164922.6567255642,173301.58723270366,166911.31439293816
185081.30027114728,165396.48713155737,168932.59349967635,169441.0479300752,171502.23187802033,168010.06110967466,176661.70350996716,162185.29545000836,162985.61500306622,164163.21732697845,163402.36082789398,170246.2639931934,174076.98983249525,176358.82787033787,170644.11037443887,174513.85395386998,169937.15378550361,174513.89536405393,171160.456885132,170473.31022370968,170665.48345690337,171469.62671241132,164922.6567255642,170953.81106824492,165457.9757585092
182548.6117353274,164706.67327943168,168209.17552138545,167699.59033506093,167319.12838240387,166943.43169547874,174817.19065470077,161537.8032224444,162489.30948507992,161270.61902581563,161079.18436781142,169174.80108381136,173905.570496985,174096.02702240972,170488.15489981545,173394.48263176717,167878.6540527074,174513.89536405393,171160.456885132,165828.94411362932,170665.48345690337,171469.62671241132,162816.37053855346,168576.9587975246,164509.18251468916
182344.84057658855,162946.58721858586,166141.25973850215,167699.59033506093,165392.12993297126,166514.34776734925,174285.08915275708,157477.8413401278,162489.30948507992,161270.61902581563,160038.55501663184,164167.6903783351,170003.5342831461,172435.26600775353,169457.8527672175,173309.5752612542,167561.58598349415,170476.99300554104,168391.9116322165,165828.94411362932,168366.76142445827,169943.36629823738,162184.5324275968,167082.2605056156,164109.3481699115
180611.89651540536,162946.58721858586,162884.02919659798,166159.336966463,164323.17545387577,162946.00347948397,171464.6589896744,157477.8413401278,160444.3638977896,157849.28579707546,159186.48749916043,163283.95760260973,169507.94550532175,172030.08411039322,166822.35259798483,169415.61558417755,164928.60294604374,170476.99300554104,168391.9116322165,164855.5707683797,168366.76142445827,168906.4561159152,161592.07325131015,167082.2605056156,163982.8619912623
178419.01540652657,161494.96692041715,162884.02919659798,164988.92824320574,162803.92526361984,162946.00347948397,166585.45874126395,156655.55401161345,156670.5938036618,157849.28579707546,159186.48749916043,162060.9143720942,169507.94550532175,170841.38573884068,163470.69184822653,168928.41780377005,162878.50284813833,170476.99300554104,165200.30281473667,162613.1159550723,168366.76142445827,167286.83330023478,161565.66713086053,166419.6394880538,161610.52658746662
178218.73870377347,160595.87237415015,161054.5857327752,164538.36484161674,162701.54515418794,161250.14170662718,166585.45874126395,155962.01504259245,156670.5938036618,157849.28579707546,153247.73522300663,159702.39394474807,167488.24153616506,170552.13411786655,161444.8170415216,164176.06164444156,160810.27365234945,166959.9083153987,165200.30281473667,161234.3803129682,165607.2288599118,167286.83330023478,158496.84521385972,166225.46710361374,161610.52658746662
176107.91291217704,160190.53502566981,159579.20663989685,162139.39031174532,160034.17076555733,158536.95450749178,163610.89426686516,154592.61054640397,156459.80776923703,157849.28579707546,151745.07903074406,159690.71315720485,166113.9947033368,170552.13411786655,159862.42634630983,161888.77750787625,160810.27365234945,164997.9863262088,165200.30281473667,160843.33779699632,163998.2249084527,166181.3623831275,156434.3549375169,165497.4674540024,160495.11760743055
174403.23404048648,159107.1232149151,159579.20663989685,159180.08966871107,158151.94230670983,158536.95450749178,163610.89426686516,154525.42894592535,152802.4819918574,157849.28579707546,151735.41967737902,156116.2756707814,165904.69643401567,168449.21003191377,158634.714285711,159141.4243416237,158450.41947624832,160888.36887563794,161222.91691811584,159010.6468933814,163217.9929073995,164947.93108322087,155479.08903073665,163485.52318923117,159537.401188739
174156.11666450743,155277.8267932956,157543.58585840455,158587.68315352782,157495.72561506586,158536.95450749178,162521.52651666873,154023.33059775876,152802.4819918574,157594.5997851108,149801.37296407702,156116.2756707814,163511.00437589272,166113.7013833467,157550.81660703334,158493.47857533648,158450.41947624832,160888.36887563794,161222.91691811584,156593.33324518608,161164.34018308125,163733.91580191505,155141.73758139313,159142.41139164116,158324.83060299166
174156.11666450743,155277.8267932956,157543.58585840455,156062.36068773206,156833.8206496483,156729.7066090264,161814.4548415546,153770.8907853939,152802.4819918574,155454.3472536671,148844.74833148718,156116.2756707814,162066.88765876365,164274.20439527935,155998.65067361138,158253.8653832472,156275.5787738602,160888.36887563794,160489.49637249933,154841.3614037865,158075.99159046172,162555.62236715702,152265.7834485094,158541.06212218432,157690.9776235233
174156.11666450743,154618.0616622573,157543.58585840455,156062.36068773206,153412.09137272893,156729.7066090264,161717.88753002672,152737.5416809404,152655.03271178884,153941.90621484694,147715.999701604,154891.7162746225,161295.60922914816,164274.20439527935,155998.65067361138,157393.9625747433,156275.5787738602,158930.26854128295,158678.4656503914,154562.16238478426,157126.39516647425,161099.26577938237,152265.7834485094,155934.49602922137,157690.9776235233
170579.66375199228,154185.2651475976,155661.65375535286,153491.0024469719,152536.872453922,155626.26232379468,160638.39837241356,152737.5416809404,152053.6648633819,153444.9075170397,147715.999701604,151746.65726999004,160366.5712349741,161991.21088839,154839.0844543579,155128.0236287784,155889.534235061,158324.67887961637,157763.35463767272,152436.86478944067,157126.39516647425,159216.40324357455,152265.7834485094,155888.78811138603,157690.9776235233
169606.38730731816,153274.1785786331,154634.13798311455,151020.38815131603,149418.89072517696,154892.35591205786,160638.39837241356,152737.5416809404,150429.97681101348,153444.9075170397,146629.5660330912,151589.10140337935,160004.1980590473,161708.33324608288,154803.80227192384,154112.54678437853,154067.99706722118,156353.26168706018,157763.35463767272,151605.11868855948,156521.88236391998,157961.4266344167,152265.7834485094,153220.37313374327,155411.82338308764
169144.25542061857,152341.30940041607,153469.73210891287,150119.90857909442,149418.89072517696,154555.08870406306,159567.5136990971,151747.7851838014,146858.22331878217,153444.9075170397,146629.5660330912,149439.7155929694,157059.68656512685,159732.10389315718,153202.70690067354,151749.5252649268,153371.86903635177,156353.26168706018,157171.5520951459,150110.17625635036,156060.5480422023,157961.4266344167,150592.0301737412,146163.6750576634,154324.2981565587
168936.9360299412,152131.76115037448,153469.73210891287,150060.62194171868,147543.16115051042,152434.98647667555,159567.5136990971,150772.35721468838,145975.90272700376,152017.78541023174,145527.3485489718,148921.46664943075,155787.58181898354,159568.59056673653,152233.19149858883,151749.5252649268,152778.27598783138,156353.26168706018,157171.5520951459,149683.07239009844,154962.13677378924,157961.4266344167,148464.620921792,146163.6750576634,153428.48472424608
168061.85905235773,150677.28066230327,152366.1533041535,150060.62194171868,147212.69723765645,152378.8535846597,159486.11659049345,150692.5427776742,145975.90272700376,151057.36242477375,144425.83709997422,148921.46664943075,155619.89725390816,159116.6623365132,151883.17241585132,150751.516618209,150574.15551343485,156353.26168706018,156985.7969499823,149227.0886300263,154962.13677378924,157961.4266344167,148113.2710047825,146163.6750576634,153134.43280294375
167800.917653207,150188.66956322014,152185.12106480388,149424.53797448886,146724.35914627838,152378.8535846597,156768.15754803843,149697.06667930607,145975.90272700376,151057.36242477375,143086.8767373311,148455.19331132143,155619.89725390816,159116.6623365132,149357.99546982266,149655.92303612788,149991.40601052338,156353.26168706018,153501.44573377146,148275.79058326766,154112.80750532882,155216.02380755384,145900.41775865466,146163.6750576634,151676.38055553052
166236.25388540683,150174.0268492617,151926.7551616965,149095.66131846415,145440.2346433278,150275.80043672613,156768.15754803843,147648.0910946047,145042.93935948273,150841.0144250976,142623.35997950757,147360.55244800847,152294.19734826614,156860.2674425021,149357.99546982266,149655.92303612788,149247.55899254687,154640.31732189815,153501.44573377146,144081.07322511842,153392.38244010266,154896.66356580216,145757.30133295423,146163.6750576634,151672.4776167585
164838.56803557824,150174.0268492617,150808.64880052616,146632.75812573693,144920.3785502454,150275.80043672613,156664.60464004453,147648.0910946047,144641.12952381303,150504.81785060454,141008.4129307449,145574.77369537682,151742.08597365743,155448.88124622,148731.1099128514,149546.3813306837,146842.65923521167,152307.9597646647,153501.44573377146,144081.07322511842,153392.38244010266,154896.66356580216,145460.57785527545,143871.56177964938,151367.16177124318
159697.0838967902,149287.72629763736,150304.34748197495,146632.75812573693,141753.63668357205,149270.89177875177,155942.42182807415,144011.88704968238,143479.96142495598,149568.59991190885,140132.71577612683,145574.77369537682,151742.08597365743,152957.1573911561,148731.1099128514,149467.86065766515,146842.65923521167,151969.98213968717,149189.83156865046,144081.07322511842,150295.44761831738,152931.97163457747,145429.297931916,141538.51340729868,151367.16177124318
157792.93002648544,148974.77571054111,150304.34748197495,142912.5300901591,141122.00700454396,149270.89177875177,154527.72928655986,144011.88704968238,143273.2093219455,147960.14040312936,138932.21762469117,145574.77369537682,151464.60177327474,152957.1573911561,148731.1099128514,149362.56723390255,146257.94049823566,150910.2998884369,148840.3301560775,142360.94471150916,150295.44761831738,152676.79659827382,144974.05590997665,141538.51340729868,150009.84947263924
157792.93002648544,147655.69883532866,150304.34748197495,142912.5300901591,140024.56919337626,148707.52247763888,154433.71475648813,143232.33246415728,143273.2093219455,147960.14040312936,138932.21762469117,144545.70701667765,150514.34065161244,152957.1573911561,148731.1099128514,148765.84407680557,145562.48178540176,150387.05256801218,148361.86689456558,142360.94471150916,148585.4967663985,152132.00189756672,144740.6098529389,141538.51340729868,148766.04435544263
157040.76330029414,147655.69883532866,150182.99677385032,141137.49221258503,140024.56919337626,148707.52247763888,152808.09764018573,141981.74683626043,143273.2093219455,147960.14040312936,138932.21762469117,142412.34183872316,150247.4527599135,151374.9545698212,148731.1099128514,148411.19388573934,143257.24716570144,148494.3569464006,146554.4774849596,141828.64637869922,148585.4967663985,152132.00189756672,144061.44652721597,141292.42486244862,148766.04435544263
155237.81020084204,145816.2903364949,150182.99677385032,141104.3918464945,138101.98495377158,148611.84655431812,152126.33309002957,141981.74683626043,142382.31403144635,147937.4577369339,138220.8312319274,142168.27687560144,149923.64092745964,151005.11663019427,146986.72088163832,148236.593337784,143257.24716570144,147847.10142450593,146338.0298329398,141555.56400055572,147819.60314969675,152059.80112591732,142950.9836757996,139503.03001427618,147435.31180832637
155237.81020084204,144711.25863945644,148894.4102902164,141104.3918464945,135512.46626521877,148046.675523985,152126.33309002957,140147.8830972804,141964.6884176026,147937.4577369339,138220.8312319274,141051.42235671543,148695.2361451274,148738.26964341602,146628.5630588131,146889.61557947865,141758.2437319999,146206.18764482395,144286.96159732022,140337.64303065086,144142.53263436523,151950.48512021994,141745.8853768311,137397.86160022859,147175.52699805645
151020.09121618813,144499.65296070892,148818.46253958796,138960.3483160594,135512.46626521877,148046.675523985,150805.96753756647,140147.8830972804,139785.56463496198,147888.72554326442,135410.69314374338,140103.26103163938,147596.71872289956,147652.52626165605,144910.0129122304,144778.92307909692,141758.2437319999,145275.24266653796,143047.42317654914,140337.64303065086,142309.56460941973,150796.6383588564,141745.8853768311,136629.7545686677,145754.98215452695
149255.20650342587,143905.86099972745,148691.73650130723,138960.3483160594,132720.15569363313,147789.46360446015,150687.54321758266,137938.87293656368,138443.6518864514,147666.9959070063,135410.69314374338,140103.26103163938,147596.71872289956,147516.4600077532,144333.39188551757,144778.92307909692,140191.11764863247,145196.77573886758,142642.69027806557,139930.39095321012,141235.54332611788,150095.5109819472,141745.8853768311,136315.07081619927,145754.98215452695
149255.20650342587,141815.43021080567,145759.42308403456,136821.3833324598,130975.60237618133,147789.46360446015,150674.0620288199,135406.59051227392,138268.6984932253,147610.90552549722,134912.6083191333,140103.26103163938,146987.49467345394,145818.81252758933,144149.6354635629,144528.42378771404,139514.16673163342,143975.08975568612,141726.98537914836,137757.69794851003,139628.52145483208,149839.53821831747,141745.8853768311,135814.9405851479,145382.07339981475
148895.2691201038,140979.56338200768,145759.42308403456,136821.3833324598,130964.36776090771,146844.6474100705,150674.0620288199,135406.59051227392,135802.68857889393,147126.35359073305,133734.10521576044,138085.06940293603,146689.39805396498,145378.03546635126,143354.92960726575,144528.42378771404,139514.16673163342,143837.66787982342,140888.42264313987,137757.69794851003,139628.52145483208,149113.26561902557,141509.03239814093,135702.79679800457,145026.8207871837
148370.5880058335,140249.1029652847,144292.60085579904,136821.3833324598,128140.84393763493,146487.188589645,149246.6482323458,135406.59051227392,135441.77682332668,147126.35359073305,133734.10521576044,137536.9177498193,146682.76311562213,144337.10958332574,142262.6298504986,144406.86400398807,139356.20338400608,143565.96902090442,140118.58989967333,137757.69794851003,139628.52145483208,148979.56624126862,138935.91999203857,135702.79679800457,145026.8207871837
146495.95047563562,139626.02932158488,144292.60085579904,136821.3833324598,126928.51421206331,146192.87319661278,149246.6482323458,135406.59051227392,134584.01660360265,146815.734409795,133513.49467154278,136090.94014429493,146591.64005973467,144266.6971298056,142060.42608771622,144406.86400398807,138683.12870599172,142817.8456926006,140118.58989967333,137215.64054580024,139628.52145483208,148213.69123439313,136853.46765025117,134818.93802240514,145022.04999174416
146495.95047563562,137598.84453664804,144292.60085579904,136821.3833324598,126928.51421206331,146192.87319661278,149246.6482323458,133888.27967229643,133841.93539286798,146815.734409795,133171.18292958738,136090.94014429493,146043.72615599833,143382.78471629642,140917.14408138348,144406.86400398807,137902.00757632026,142817.8456926006,139403.034509168,135229.17327295302,139628.52145483208,145373.46416752037,135865.31329113452,133953.2502724799,145022.04999174416
146224.1089717437,137526.922604739,144246.1493115618,136633.85954693958,126928.51421206331,144465.676217114,149118.15891555877,132695.8377253741,133060.4587989748,145804.76636468957,132534.1704396983,135131.8527193436,146043.72615599833,143277.2960053562,140444.410311445,144274.42778349953,137447.7190319962,142090.9782300194,138316.33982231974,135229.17327295302,139606.02966502833,145356.73549759985,134279.8385408031,133953.2502724799,144003.70784506705
146186.25086087422,134226.34964635296,144246.1493115618,133414.41425037137,126078.68885637804,144303.5910775736,148763.66744275932,131014.05494318782,133060.4587989748,144532.07607469716,132293.29615019553,133755.23296256163,145980.6420458496,142065.28109134184,140444.410311445,144274.42778349953,137447.7190319962,142090.9782300194,138314.17088741632,135118.87057067052,138986.91652461386,143674.32793926608,133895.9907223991,133953.2502724799,143438.6285365911
145353.12955286095,134226.34964635296,142454.45518269937,130467.27489513672,124850.161622646,144096.86754994525,148180.95245277428,131014.05494318782,131756.38747644488,142512.53052584216,132175.5303363774,132557.60169767326,145980.6420458496,141858.04937761795,139460.07857262937,143585.95350746933,135466.84156091855,142090.9782300194,136381.01610967872,134222.81892602547,137357.58696310598,143169.2058219664,133895.9907223991,133953.2502724799,142398.3227902862
144177.96214016606,134135.74263641282,142454.45518269937,129961.74834264346,124850.161622646,144096.86754994525,148180.95245277428,129848.99242138246,131707.27903082134,142512.53052584216,132175.5303363774,131801.96554253367,145980.6420458496,141132.68105504103,139144.4993252759,143585.95350746933,134660.6545571925,142090.9782300194,136381.01610967872,129710.61605984857,137257.31760632136,142436.05738316034,132335.65891075614,133345.82943639098,142398.3227902862
143968.97946956762,134135.74263641282,142127.07659132598,129961.74834264346,124850.161622646,143679.54037897437,147842.44443661318,129311.5412831739,131090.32324246265,142512.53052584216,132085.3644769002,131801.96554253367,145705.18578441493,141070.05309537836,139144.4993252759,143535.02206694675,134022.88039612464,142016.1056598542,134206.6320672704,127997.23903169109,137221.7213022442,140247.13786151752,132102.18910724414,132290.2147072712,142081.27209651427
142153.52793567476,133886.8650743905,141051.06307016715,129375.66452848376,124806.3151594785,143679.54037897437,147212.21622801753,129311.5412831739,131090.32324246265,142512.53052584216,130358.99520900084,131207.43954134302,145691.66058828667,139587.95834913256,138557.34442073034,143474.2073496483,132802.41323866253,139968.95487900986,133485.36978406442,127997.23903169109,137096.5655088317,139001.16746715532,131993.76929762904,132290.2147072712,142081.27209651427
142153.52793567476,132751.2558030913,141051.06307016715,129350.65758874007,122907.33256184294,142857.55911683722,147212.21622801753,129311.5412831739,128682.02751366171,142416.05247023047,130358.99520900084,130417.0059674273,145369.3832914855,137595.47011111045,138414.58743556013,143044.78132610055,131987.93590175535,139814.97375160595,133485.36978406442,126297.47768744577,136438.02188581662,138100.35835117922,130948.9108335503,132290.2147072712,141165.03306033486
140261.00105468897,132751.2558030913,139308.2299073802,128745.32101705972,122793.13581736069,141688.73590196806,145749.8432153512,128527.78384356438,127668.66329695997,142416.05247023047,130358.99520900084,128385.71961367142,145169.377622261,137079.56156432923,138200.90766639583,143044.78132610055,131396.79602005758,139634.0014768749,133398.04155077983,126297.47768744577,136409.0458249485,138100.35835117922,130855.8007556402,131468.96060550387,141165.03306033486
140261.00105468897,132085.35402569437,139266.06911250722,127533.48538971084,122793.13581736069,141688.73590196806,145749.8432153512,127939.93671505133,127628.6083568831,142333.09434300117,129363.35993780011,127625.44683640386,144210.7177266435,136550.0337347819,137310.03795289312,143038.27697313635,130441.91966993311,137346.42594600184,131972.4179081433,126297.47768744577,136119.87275886713,135425.41884154678,128274.50929625295,129845.00313857757,140156.6660914304
139636.1780255082,130304.13966105717,137386.9454886825,126382.60886833559,122793.13581736069,140563.94814395197,145749.8432153512,126520.96584571454,127009.50532025567,142333.09434300117,129363.35993780011,127625.44683640386,143653.7157816188,136314.80011959275,135924.31260937388,142549.67659108635,130441.91966993311,137346.42594600184,130019.7051679167,124536.54300427278,135189.41191616218,135055.9542608347,128274.50929625295,129845.00313857757,140085.51880450366
138941.78079485372,129227.92695000446,137216.41284661635,124014.95470660737,120237.74378555268,139745.17031545518,145749.8432153512,125034.35033474045,125822.90909415939,141884.37016184742,128437.20904370256,127625.44683640386,143653.7157816188,135310.41486957783,135924.31260937388,142350.6242958767,128282.2826978283,137346.42594600184,130019.7051679167,123823.43926150695,133694.6868278947,133898.2356963151,127865.66395184299,129173.58730007561,139725.84454025066
137468.41071681769,129227.92695000446,136390.42187119005,123807.3868977689,119074.7582262197,138681.61140732453,145749.8432153512,123793.75156149946,125694.109765586,140948.79319210997,128411.39394354947,127625.44683640386,143653.7157816188,133653.43872151713,132862.79977883064,142350.6242958767,127853.28710973705,137084.63522298602,130019.7051679167,122071.97102980348,131529.46147892292,133729.9560689082,127865.66395184299,128045.89222962242,139725.84454025066
137468.41071681769,128597.09367956415,135903.1239038556,123356.62074005263,117210.75621951399,138681.61140732453,144870.36127736158,121871.69079397162,124482.79273501456,139358.48658916156,127958.67325434489,125359.48089551854,142071.63253796697,133653.43872151713,132862.79977883064,142350.6242958767,126494.66711559144,136314.26113160132,127671.72391958925,121002.85337660217,131529.46147892292,132577.42182702236,127621.64733099472,127936.75577253828,139567.73555446047
136736.97716636705,128597.09367956415,134511.8456113139,122414.7292143693,116288.51381149786,137868.40431756602,144154.4058554373,119972.43144537752,124482.79273501456,139161.81457078035,127913.3078035437,125359.48089551854,142071.63253796697,132589.45904501056,132147.92338880184,138676.2892992708,126492.80914964213,136314.26113160132,127671.72391958925,120829.92001648266,130871.29997559784,131383.44607438022,127045.16977508675,126940.56573745076,138418.44487956385
135599.47145110022,127864.9138427224,134468.6350510187,122209.91913395522,112410.42704337825,137366.0827691253,143109.94524896875,119972.43144537752,124482.79273501456,138877.54913671425,127698.80784697738,124205.13875459757,142071.63253796697,131113.5411496999,129941.47582249365,138058.3298857759,125421.42471026695,135243.31029513135,126637.94581563366,119092.79045980547,130871.29997559784,131162.0816061522,125659.67596560768,126459.81053836177,137421.8615490077
135032.82123759048,127206.95162679264,133605.63464475574,121769.13911814638,110828.4108363345,136680.92767361845,142148.31640339704,118313.17857730958,123696.50125212452,138760.98410368967,127245.37935463434,123887.10777577892,140993.82076739645,130426.54568593018,129801.87875310377,138058.3298857759,124823.50086410143,135243.31029513135,125174.83462198735,119092.79045980547,130575.09399389065,130734.25924479985,125659.67596560768,126410.14382825005,135532.09141121188
133990.49607532925,126514.30902596474,132774.05696044513,121470.66355041464,110828.4108363345,136112.40326810032,141570.32398387056,117946.76059381297,123672.77817917701,137987.9356644767,126060.77570206737,122748.92129188305,140440.23301188633,130269.90488643908,128672.07004891233,137136.44210358604,124701.63151906121,135243.31029513135,125174.83462198735,118649.68484933427,130483.42331304557,126596.86269892936,124872.46778714967,125329.27545662934,135532.09141121188
133990.49607532925,126281.52794451008,131002.83790607148,120619.41752577056,107001.87801475005,135124.48209622403,141570.32398387056,116115.03987710444,122535.57845860718,137893.967436793,126060.77570206737,122624.37804706342,140397.40621294343,130255.12601696234,128672.07004891233,137136.44210358604,124701.63151906121,134877.0638486845,124586.85534507444,118649.68484933427,130251.52939692888,125884.92429565627,124872.46778714967,124588.07626618039,135397.59704683116
132998.98781689102,126135.75812116178,131002.83790607148,120222.79957561896,107001.87801475005,135124.48209622403,139906.02821954907,116115.03987710444,122463.92633944371,137501.28431981304,125563.13173711198,122107.18781225273,139105.77163468546,130099.44616949209,124513.72947849578,137043.4506559386,124484.16915897274,134744.18439044597,123098.46550756173,118649.68484933427,130251.52939692888,125770.15487567369,124872.46778714967,123963.41948351376,134061.94234831788
132998.98781689102,125977.5583308377,130745.33015968605,118181.3796148966,106730.50962129633,133449.67177100328,138055.49711155434,115546.57415742504,122133.17539313335,137380.47183061473,124215.69610145116,121832.03080901245,138225.37969018272,128771.0092446448,124508.33135190126,136315.57279816884,124144.39828816733,131524.38286678994,123098.46550756173,118003.72690209137,129233.38796940359,125770.15487567369,124102.21148609562,123849.21845200032,133546.45564600735
132998.98781689102,125307.14663060589,130745.33015968605,118062.53885832235,106071.28016972989,133449.67177100328,137942.91689825073,114241.82024043307,122081.13832294251,134806.6563344764,124084.28232106793,121441.85926739487,137691.0182988147,128397.32540533658,123842.98064385606,136315.57279816884,123076.66579895676,131152.16656086204,123033.20568808944,117746.67950138792,128693.43014059213,124789.11631474235,123740.0125734368,122502.00913805714,133546.45564600735
131867.2833918091,123005.13487413367,128916.75197841601,117428.82399515405,103776.42257347103,131386.00441434167,137836.12273044637,114241.82024043307,121132.92906200765,134467.00399870393,122980.89499248416,120515.14385077247,136116.40669445496,128354.14256734631,123514.55095661202,135671.74721423708,121212.94453426688,131152.16656086204,122938.4554893833,117729.9423868042,127595.79471058547,124789.11631474235,123360.71298941728,122290.03548899003,132835.0199375872
131627.2346473662,122877.14700918138,128418.74709107776,116733.96753745599,103204.68400355335,131331.17068883617,136291.3692554472,114241.82024043307,121072.71163578551,134439.8594801009,122980.89499248416,120213.43561055783,135944.294605831,127349.38756772979,121306.99627616422,134265.27313536557,121212.94453426688,131152.16656086204,122938.4554893833,117672.53374435057,127595.79471058547,124580.51001419577,123360.71298941728,122290.03548899003,131667.58322859884
131627.2346473662,120517.83434089091,128166.47015646483,116645.02100053603,102088.08826856856,130285.91326294756,134525.6111724301,113438.34806537975,120749.59427495656,134360.56755866372,122888.20943390383,119843.07335449473,134750.4699811772,126490.83302662947,121306.99627616422,133720.9133446376,121212.94453426688,129327.00455833873,122871.34904344124,117141.85445701446,127454.41533479265,124580.51001419577,123021.33447684375,122290.03548899003,131315.59555400762
131400.3663448507,120517.83434089091,127542.79397892031,115839.92760808798,101534.37010639004,129655.31950681684,134525.6111724301,112710.28374965409,119882.26436946465,133516.31518253626,122731.64636223238,118823.90141773592,134750.4699811772,125788.01199356432,121306.99627616422,133501.84027637323,120199.16006862317,129327.00455833873,120713.60234590757,116785.06964125294,127454.41533479265,122567.41826210443,121966.70714204326,122290.03548899003,130285.97963568862
130409.44092439282,120517.83434089091,127542.79397892031,115839.92760808798,99785.65091413248,128576.7376068166,134525.6111724301,109691.1920532831,118982.38403223257,131530.13867065776,122731.64636223238,118753.5438577913,134750.4699811772,125788.01199356432,120988.23582752609,132789.9296759641,119533.05449748432,127831.62461989373,120713.60234590757,116785.06964125294,126305.32909938703,121637.19770342342,121966.70714204326,122130.9396540467,130285.97963568862
128876.02813807795,119010.91326819903,126703.15118022758,115805.78931105627,98492.91792843677,128083.76215598425,134335.6791428831,107744.95414705077,118447.32684520479,131530.13867065776,122731.64636223238,118104.6333971937,134038.34027555102,125109.09407700897,120567.77954356991,132544.2643432296,119533.05449748432,127831.62461989373,120713.60234590757,116785.06964125294,125830.22420590273,121267.36695465165,121955.39942911391,121865.65640893292,130285.97963568862
128876.02813807795,119010.91326819903,126491.56368627453,115683.42351678053,96720.77039901813,127087.97683710624,131981.39949300926,107744.95414705077,117937.85693489182,131530.13867065776,121586.4324846595,115792.36759699494,133910.89529055517,124069.85852166213,119541.85881446804,132534.7017852734,118856.4691268268,127831.62461989373,119315.15558723685,115685.29106559962,125830.22420590273,118690.39526269304,121308.49966578673,121087.86669616602,129431.72357339476
128503.64241900932,119010.91326819903,126369.61552412577,115663.59901148255,96657.80662784146,127087.97683710624,131981.39949300926,107169.33890415255,117937.85693489182,131530.13867065776,121586.4324846595,115792.36759699494,133210.95765791292,122655.39288569787,119541.85881446804,132423.7433256784,118856.4691268268,127831.62461989373,119315.15558723685,115685.29106559962,125306.97569978605,117301.71139859421,120938.40938163418,120974.98343387575,129431.72357339476
127937.66652020223,117805.19129431475,126369.61552412577,115471.40662092231,94090.57166517593,127087.97683710624,131981.39949300926,106970.22397304988,117937.85693489182,130459.51828596237,121579.12542830424,114704.79278315224,133177.6241244544,122574.07947814635,119541.85881446804,131260.4403599062,118856.4691268268,126436.69241827205,119315.15558723685,114376.98463599927,124422.86285109208,117301.71139859421,120938.40938163418,120806.70765534759,128255.14728522599
127260.43906222205,117805.19129431475,125110.1828105344,115471.40662092231,93745.62363965732,125440.46324287548,131564.0447911649,106722.6110068021,117876.82875451625,129915.69180975157,121579.12542830424,114704.79278315224,131301.45411548807,122574.07947814635,118118.48030443661,130936.94698199397,118426.00335732028,125792.23776023864,119097.75358754497,114376.98463599927,124236.9514824094,117301.71139859421,120059.03136646282,120693.18748673906,127947.71620138215
126608.06478776669,117501.28110285815,124012.269011863,113712.62444872838,92219.52798190113,124570.17055914628,131331.05498448375,105804.55909984099,117087.66169545044,129791.9289684329,121108.60258774366,113266.81023160387,129908.91728276713,120986.89631226519,117790.33814190271,130936.94698199397,117943.6012782985,125792.23776023864,118746.63298651257,112706.48359805632,123538.02130691193,117301.71139859421,119794.62241127739,120693.18748673906,127593.01235883463
126033.72923502367,117393.88599481055,123513.6865381658,113712.62444872838,92005.80317344757,124570.17055914628,130810.2655351985,104507.26490611199,116675.17261536092,128441.48845036856,121108.60258774366,113020.50354401898,128873.93436339666,120902.62892306488,117684.09490497001,130777.11762614587,117903.08393375989,125199.12140435258,118746.63298651257,111708.6730814534,121863.0734734424,117195.76824856506,118773.26517108601,120375.35523319116,126748.4251669313
123973.07764530995,116747.52041976468,122788.76924044438,113690.41178881278,91655.49176933625,123679.77653303364,130190.85998726946,104393.86859266496,116675.17261536092,128441.48845036856,121108.60258774366,112794.44328562313,128873.93436339666,120529.34763368344,117268.99920136483,130777.11762614587,117902.78921045878,125199.12140435258,118746.63298651257,110913.19118936537,120973.67208978944,116860.14547609033,118773.26517108601,120161.16383303804,126544.96732896175
123973.07764530995,116720.49090972147,122449.52290630968,113690.41178881278,90492.95650405965,123032.46926137584,129970.42280587537,102795.75158023115,116014.03700256594,128154.9930875954,121069.52845718742,111653.93648322842,128873.93436339666,119314.08660928273,117176.0012592708,130777.11762614587,117711.48429495355,124497.29826372795,118426.3625143685,110913.19118936537,120504.2646627673,116860.14547609033,118596.68387595347,119106.11429428852,126164.34092322196
122335.16422098503,116352.58072791251,122449.52290630968,113689.79547039681,90492.95650405965,122969.591138196,129970.42280587537,102795.75158023115,116006.33235329391,127779.40138072483,121069.52845718742,110684.01532348263,128405.45650686664,119250.9174704327,116913.45437233281,130060.70954368642,116970.55033556612,124497.29826372795,117015.13031186757,110913.19118936537,120504.2646627673,115756.1845774067,118135.1888653898,118897.94676083651,125192.00911143691
122335.16422098503,116176.57977203911,122368.19501236932,110781.12556663509,89137.0062890452,122969.591138196,129151.42009958287,102297.54274696292,115932.52894381896,126981.22051331899,121055.9860379271,109556.17116748988,128405.45650686664,119250.9174704327,116076.13675742847,129993.7315321148,116251.63836759329,123818.09325949858,116976.2514203627,110913.19118936537,120504.2646627673,115756.1845774067,118092.94648913013,118535.65512343832,125192.00911143691
122335.16422098503,116131.67046303894,122368.19501236932,109417.46901319362,89137.0062890452,122778.59232013865,128050.2788571447,102240.18808847913,115932.52894381896,126083.54714030604,120777.01081982437,109401.73928035398,127891.38512243444,118499.87797846059,116076.13675742847,129993.7315321148,116251.63836759329,123818.09325949858,116976.2514203627,110868.61531340514,119238.80863999666,115756.1845774067,117675.36441143278,117273.1399202993,124820.01236003544
122335.16422098503,115708.6911874234,122368.19501236932,109417.46901319362,89035.98672039207,121700.66674367568,128050.2788571447,101167.4323730566,115901.83021979878,124607.49103332337,120740.6256968409,108521.95571613175,127693.78861330335,118499.87797846059,115284.77608690596,129913.61056139533,115451.4888666369,123597.50696992615,116378.42599875452,110189.03887769976,118655.40446715319,115019.30862260373,117548.83855231007,117168.73787710047,124796.3654641534
122335.16422098503,114873.02953595381,122011.13102796416,109417.46901319362,88217.6479690012,121700.66674367568,126668.91198916372,100598.84182247178,115712.65166843329,124607.49103332337,120740.6256968409,108022.60444327653,127587.99488148205,117752.11863096234,115284.77608690596,129844.5435579405,114988.38814744391,123571.96937079814,116074.94843551972,108983.107245068,116687.70811242332,114986.26026877471,117354.29741971589,116251.95603736088,124398.121071444
121054.32659010704,114851.9276894847,122002.10992261485,109417.46901319362,88217.6479690012,121700.66674367568,126668.91198916372,99988.72229057882,115712.65166843329,124575.52034665318,120530.0534954721,107327.07319534037,126580.64178562866,117275.33714604862,115043.02990187344,129764.46846649479,114983.77371929884,123105.28213637503,115754.77875343298,108983.107245068,116687.70811242332,114942.02658349491,116777.63042417332,116251.95603736088,123873.92707653496
120623.81306526784,114790.38223567231,121880.43837704904,109417.46901319362,87587.18639380415,120876.05008121753,126668.91198916372,99792.62029942643,114541.31763003951,123640.66534736715,119086.59420439226,106505.31588246756,126580.64178562866,117018.56239079892,114665.42082136727,129504.14898137414,113465.18224745477,121970.89177986243,115754.77875343298,108816.7502448756,115162.0721526906,114643.62285103221,116443.02606889511,115914.30339568129,123873.92707653496
120553.71956399869,114716.16324531153,121753.23432754325,109417.46901319362,85074.2772935095,120876.05008121753,126668.91198916372,99792.62029942643,114333.75377605615,123640.66534736715,118698.65784991074,106505.31588246756,126580.64178562866,117018.56239079892,113996.77664842989,129504.14898137414,112708.44795758286,121733.77555325591,115697.19404618851,108734.76374730625,115162.0721526906,114158.46491808146,116014.36615395237,115315.27497375791,123798.4916861347
120553.71956399869,114140.42022003997,121753.23432754325,107196.62021969532,85074.2772935095,120866.07143811043,126608.10428269794,99719.0942571867,114233.47352244449,122936.59829216852,118520.38237856535,105649.95328473127,126509.91463980905,116081.09883331168,113996.77664842989,129504.14898137414,112443.87217815785,120630.94102887539,115697.19404618851,108371.5566946063,114419.0791400627,113800.28937196787,115946.9646470348,115025.50163042734,123798.4916861347
120553.71956399869,113576.93187511429,121753.23432754325,106582.4676294401,85074.2772935095,120175.5709968027,126608.10428269794,99719.0942571867,113055.90334652826,122490.66761825535,118019.06702154658,103781.52230299094,126394.9880445998,116081.09883331168,113810.24565661086,129504.14898137414,112443.87217815785,120165.03809517047,115135.06078883179,107275.57603366171,113990.6312229696,113573.25454288785,115703.84205116639,114092.00335662962,122858.3078050944
119952.14472952003,113576.93187511429,121753.23432754325,106487.53906325226,84599.88646687302,120175.5709968027,125711.32161224376,98401.07733159231,112706.672281034,122035.6715860519,117903.26100894072,103201.8355553829,125475.7097345771,115550.7549241386,113742.60016528433,129504.14898137414,112031.16647087358,120003.68181248955,115135.06078883179,107025.88818389254,113838.52323525223,113573.12379533937,115703.84205116639,114012.54268798912,122629.53600958055
119952.14472952003,113576.93187511429,120492.60910290842,105975.02936240677,84599.88646687302,119100.67347859619,125511.93328647673,98401.07733159231,112706.672281034,122035.6715860519,117330.35701522432,102294.08433681304,125475.7097345771,115096.65041459264,113524.3132134515,129502.03400277038,111738.74867172299,119365.75479382086,115135.06078883179,106457.9472549827,113737.81845848629,113412.25214825495,114853.68631556488,114012.54268798912,122629.53600958055
119952.14472952003,113576.93187511429,119250.37984976075,103510.27654233549,84599.88646687302,117548.66159672225,125511.93328647673,98262.07257688364,112658.84764656081,121554.35274897549,117092.70580852438,100919.74197599114,125196.99490669572,115096.65041459264,113318.62590963612,129345.58726611815,111295.7742800148,118653.27506517913,114927.30213497479,106130.35099165513,113737.81845848629,113097.10154365582,113302.70306290503,113500.43796657556,121213.13742788609
119811.76342214926,113576.93187511429,119250.37984976075,101782.39266748972,84599.88646687302,117548.66159672225,125004.43227775226,97817.9373633312,112580.22124476639,120778.0914322474,117092.70580852438,100895.65781728578,125196.99490669572,113779.38416542171,112865.27168455996,129034.84388600383,110865.45946342629,117553.74304987991,114898.65311840197,105630.10759372175,113491.64480762952,112905.0170153715,113302.70306290503,111356.20093689245,121213.13742788609
119393.39470113367,113285.10802885311,119250.37984976075,100945.47944977305,84599.88646687302,117184.44359639674,125004.43227775226,97817.9373633312,112066.86675270442,120629.09105628508,117072.78183673679,98827.57533723387,125196.99490669572,113779.38416542171,112542.5441662492,129034.84388600383,110321.63337666338,117433.61770440456,114898.65311840197,105399.11569358812,113198.01393587248,112709.39607430287,112362.42715405404,110733.6756940497,119530.493822394
119393.38650364015,113204.76162629535,118410.40921596995,100945.47944977305,83411.95301731571,116544.33570317642,124509.98787018239,97817.9373633312,112066.86675270442,118020.56082516912,116464.45552783282,98589.53957710403,124691.23051686754,113049.50198657747,112366.37796327946,129031.55212336502,110321.63337666338,117243.19935130973,114372.59012726406,105399.11569358812,112989.40295706174,111945.47275783619,112064.99183043353,110319.57498029355,119530.493822394
119330.26055490697,113030.11620916019,117492.08063183096,99177.36565311934,82512.75728931847,115886.1364735249,124140.0374891986,97284.866337734,111183.1799960943,118011.18835243264,116464.45552783282,98589.53957710403,124128.92524741338,113049.50198657747,112148.11029545915,129031.55212336502,110127.9193993537,116977.58938335575,114241.23892130482,105356.84946827922,112813.22552836375,111340.63646449032,111989.37058293156,109842.58582693998,117878.23619547296
118380.47413104608,112507.46790352621,116768.90100535346,98906.30104874609,82512.75728931847,115886.1364735249,123935.02147951431,97284.866337734,109906.0946875433,118011.18835243264,116092.74846619602,97856.78485821946,123584.68152028945,113004.26045274736,112059.36794172341,128986.50517001496,110127.9193993537,116733.12995213522,114223.73576505469,104540.89876556872,112405.20976220463,111340.63646449032,111594.75936370065,108975.85685789312,117878.23619547296
117860.09921427726,112507.46790352621,116496.38682043443,97137.89837797494,82376.54488587855,115886.1364735249,123935.02147951431,96793.80467529228,109154.73129283496,117847.71672552932,114733.09428614608,95850.00807312985,123030.77441526843,112498.48798728424,111956.03004482215,127746.84532615037,107950.25377516515,116733.12995213522,114068.5829866775,104540.89876556872,111491.9379226245,111086.5134852495,111594.75936370065,108975.85685789312,117878.23619547296
117836.6131729969,111488.30158425221,115339.31090039712,95399.64606152476,81914.65673408085,115886.1364735249,122646.30008984251,96319.76756766686,108638.51430495302,116824.6158058906,114733.09428614608,94506.8378067979,122406.18896013661,111965.13164382297,111810.37119749782,127685.2105657648,107838.3883344713,116586.70753052404,114009.2848769843,104540.89876556872,111491.9379226245,111086.5134852495,110852.25748335503,108975.85685789312,117178.82098432646
117112.60455778494,111479.32457079223,113832.5081543044,95114.21449553603,81483.67546696018,115886.1364735249,122646.30008984251,96116.77011644407,108591.68782734625,116588.29048166395,114733.09428614608,94286.6317762226,121899.66061851326,111578.08229225951,111810.37119749782,127685.2105657648,107240.544304059,115213.04828919955,113968.04349990487,104517.23700924403,111491.9379226245,110248.41942170418,110696.24468428006,107407.55637115297,116940.54556408893
116538.0216852222,111236.91497867221,113618.52721654966,95114.21449553603,81149.29960396339,115886.1364735249,121611.08514522699,95721.59462648214,108591.68782734625,116588.29048166395,114673.82349830803,93579.71982542032,121641.63101776548,111578.08229225951,111232.30221305181,127107.91873755609,106507.94710277129,114755.65306671325,113447.49375341293,104124.19334293302,111491.9379226245,109662.28796720286,110639.15102282858,107407.55637115297,116859.83193655766
116322.8644197381,110864.55699614409,112657.61417850995,93306.33704646616,80757.17563047091,115840.40340292033,121611.08514522699,91317.29272876288,108468.3730172099,116225.67669955183,114673.82349830803,92499.54752223028,121306.58194999225,111002.30216443825,111232.30221305181,126096.86801953847,106248.87204056566,114347.26775983005,113423.20807614349,104124.19334293302,110437.30292807837,109662.28796720286,110639.15102282858,106350.27204169381,116673.61674789272
116322.8644197381,110806.1500608031,112657.61417850995,92429.32203221266,80067.64893008347,115497.52443863367,121308.24565688895,91317.29272876288,108458.0312453777,115268.33586904695,114069.33279198702,92357.3122362226,120633.42740648965,110994.19595333142,111232.30221305181,126096.86801953847,105377.9887919878,114347.26775983005,112859.50206614303,104124.19334293302,110437.30292807837,109662.28796720286,110639.15102282858,105773.63486154907,116269.6665693091
115727.6545801774,110039.3247206157,111095.92732799113,91922.41648080343,79206.0848914084,115451.4061700009,120300.19852586335,91317.29272876288,107356.80451197013,114876.1645339542,113919.23127708204,92113.37852384616,120506.36890815133,110994.19595333142,110539.55839526458,125510.33658221348,104163.85070738949,113479.66380600916,112859.50206614303,104055.22535567226,109952.26174372002,109430.48124854024,110555.07945112139,105773.63486154907,115861.98925215086
115727.6545801774,110039.3247206157,110937.8545181832,89373.12901387969,74435.10772076774,115451.4061700009,119004.61173391955,90355.31624245488,107242.73364242284,114346.92687219258,112699.34026246151,90993.89704125587,120173.8903579977,110735.54722159299,109952.79264867629,125510.33658221348,103400.77236975764,113388.00375002752,112633.71716176206,102149.83773946526,109952.26174372002,109065.36210858762,110555.07945112139,102458.12560766809,115679.93932766933
115511.25369567676,109744.4101576675,110663.36947617045,88959.7550348004,74435.10772076774,115451.4061700009,119004.61173391955,90355.31624245488,107242.73364242284,114038.24550796786,112236.52716420643,89507.52828889033,120149.27160914485,110520.41479268082,109952.79264867629,125183.48021800852,102486.76497893788,113388.00375002752,112269.41941558101,101659.42140499807,109651.88570761842,108740.21318630509,109889.41249117581,99362.36629613036,115380.01115238099
115432.9421916395,109425.03519062392,109963.66074034698,88365.36375984392,73166.75099839308,115451.4061700009,119004.61173391955,88706.74866893057,106560.46291787634,114038.24550796786,111426.46120348854,87521.94250383372,120149.27160914485,110459.05207921335,109127.6968137077,124540.24849591318,102486.76497893788,113388.00375002752,110424.7831488168,100812.2165461233,109223.58852087881,107873.23903303908,109617.57851570213,99362.36629613036,115270.64170270185
115087.71946733311,109425.03519062392,109963.66074034698,88285.84029020589,72055.03569466565,115451.4061700009,117878.29263340896,88706.74866893057,106546.8215270774,113815.82402307061,111426.46120348854,87086.92068311518,119290.72761996496,110176.24445242753,109127.6968137077,124459.99617423298,101246.06262501261,112980.13137223042,110345.75304088811,100143.60653988985,109179.00661042037,107873.23903303908,109425.70115123526,99341.81312500028,114754.59794173433
115087.71946733311,108662.36623410303,109232.15375634919,86223.63819313889,70233.3922257693,115285.32565228175,117552.71327647303,87751.44271811066,106426.26679984524,112330.4392649482,111145.27000790455,87065.520308797,119290.72761996496,109957.29260784257,108817.47730972369,123853.96061164851,100783.82943237117,112369.11749209567,109619.9938768451,100109.58464755335,108610.06447728573,107246.65408234857,109130.90943865447,99341.81312500028,114643.19296850271
114923.52246979912,108657.90063651673,108781.66097184042,86223.63819313889,69517.75114923413,115168.9087198639,117552.71327647303,85346.75544373672,105316.27335671122,112330.4392649482,110416.08912741183,86266.67963797286,119112.79432603183,109907.94928789792,108504.59126588675,123853.96061164851,100783.82943237117,111738.49204857617,108359.21206635097,100109.58464755335,108362.39268239166,106960.08187881955,109025.70082728175,98880.7816997647,114482.19852235557
114728.46501278381,107796.77777173424,108781.66097184042,86223.63819313889,68297.6252019422,114616.77802300245,117552.71327647303,83342.45221233343,105316.27335671122,111791.59343616496,110310.92288880686,86266.67963797286,118894.62829460384,109596.89709216068,108300.42803467128,123472.75340138035,100275.64806885755,111674.77346380723,108359.21206635097,98675.57479163095,108362.39268239166,106960.08187881955,108545.471405658,97770.85980362719,113332.23416726195
114381.69450511826,106769.54736870308,108588.35785102188,86223.63819313889,66064.88243631224,114011.57969674347,117479.8263570524,83342.45221233343,105316.27335671122,111791.59343616496,110310.92288880686,86156.10223002598,118894.62829460384,109433.76647910445,108124.8572211315,123472.75340138035,100042.8308309896,111298.11120832912,108349.50327872684,98675.57479163095,107427.60662069335,106728.54829847877,106849.37246463349,97448.56017201894,112605.59650266213
114381.69450511826,106369.77695839552,107720.49729408648,84231.68978608915,65442.731769353646,113708.43581028612,117114.50975961001,82822.80540504852,105316.27335671122,111631.42188959836,110293.410691637,85023.53734140459,117676.5795838235,109137.23341208746,108121.58245450555,123363.74174318732,99601.05460177944,111298.11120832912,106903.23673689242,98389.28233946218,107299.2402855553,106728.54829847877,106849.37246463349,97448.56017201894,112153.53435973733
114381.26229850981,106126.1809002945,107526.59455252269,83449.50373595487,62831.353682768204,113708.43581028612,116956.92824699143,81593.17002031616,105233.83765753744,110658.50817724128,110293.410691637,83188.89327587487,117676.5795838235,108804.75507122344,107456.01600410651,122978.68843633802,99431.70214817087,111175.70898664676,104752.5496500859,97128.8072043625,107299.2402855553,106291.20567567156,106110.07826384033,97448.56017201894,111612.67704285508
112905.57899253517,104878.63888488626,107416.88657440023,83449.50373595487,62199.469644228884,113543.60280641884,116956.92824699143,81469.80402554,105161.57296526784,110498.74407455597,109242.32997936664,81869.3753811332,117066.52308011492,108094.09910881314,106941.10203685702,122974.1706691924,99274.93465884002,110843.86872967759,104421.77721772146,97128.8072043625,107255.98381612863,105849.10862727388,106110.07826384033,96832.18200676132,109987.291327874
112905.57899253517,104602.86953604843,106446.69685178695,83119.88424986701,62199.469644228884,112535.27024410557,115982.91891104449,80428.15602244258,105161.57296526784,110315.48871243082,109223.40924744448,81812.89636113278,117066.52308011492,107797.22780074061,106741.9183913797,122118.77149455187,97240.39976924931,110756.60155009254,104289.06219980284,97128.8072043625,107129.7815293853,105592.79115402538,106110.07826384033,96709.57000010685,109987.291327874
112016.6017192182,104184.88560681275,106444.82346252965,83021.40236842056,62199.469644228884,112535.27024410557,115781.13386389591,80428.15602244258,104649.6596850244,110315.48871243082,109223.40924744448,81812.89636113278,116934.31695367432,107775.41172082003,106741.9183913797,122118.77149455187,97240.39976924931,110071.02545713798,103349.53130032388,97128.8072043625,106699.51514587071,105592.79115402538,104964.78674829402,96182.96814203383,109947.82616122777
112016.6017192182,103842.56744916973,106444.82346252965,82992.86205813542,61781.46980104983,112535.27024410557,115781.13386389591,79574.28448388264,104649.6596850244,109598.36990874939,108969.89243253943,80020.01628879886,116543.30273424182,106783.5998177637,106384.32801386442,122118.77149455187,97240.39976924931,108153.53841595778,103021.82906924842,97128.8072043625,106348.2017654552,104124.03380433726,104964.78674829402,95330.5806003695,106765.4549810492
111421.05803395175,103301.62852824273,106404.91520182599,81231.34903675235,59375.95121475485,112477.76857917635,115781.13386389591,79419.95983370047,104506.14479993393,109557.72739264101,108711.98280672047,79967.81350235299,116543.30273424182,106514.29844884685,106098.86554009301,122091.71356164927,96646.41835300271,108153.53841595778,101697.24555206737,96537.4127949621,106348.2017654552,104118.12029471151,104789.69848417483,94901.50615109666,105871.54869708738
111387.47116411416,102863.48453464104,105784.04192684346,78589.53902298542,59363.29962536705,111903.75600745686,115752.25548997743,79419.95983370047,104506.14479993393,109548.52360372499,108613.91700793419,79923.28023125262,116293.59307084532,106376.23810226152,106098.86554009301,121275.43105045908,96646.41835300271,107347.35297142791,101697.24555206737,95439.57424708467,105874.17653716508,103745.99289270646,104789.69848417483,94293.66296046539,105871.54869708738
110723.76033739757,102839.657153622,105438.7265780849,77209.17978833479,57861.967214958175,111849.89621526381,115713.64513761894,79348.81192330312,104489.67812222568,109496.05341517604,108391.96297033803,79177.24863283012,116036.6476673168,106376.23810226152,106098.86554009301,120982.61482627787,95674.25221523862,107168.77583394422,101697.24555206737,94572.8306635128,105874.17653716508,103745.99289270646,103139.46922504567,93996.11718628572,104963.93680086546
110308.95310243165,102770.86045617997,105419.42637670305,76942.46850805708,57777.81529394858,111268.78671985872,113868.5865765865,79026.46643098207,104175.24167527068,109074.02053864881,107986.64359390533,78323.03374879126,115367.40425462111,106376.23810226152,104937.93918193594,120614.73988276355,94506.20876483936,106941.80003731472,101697.24555206737,94410.76911689767,105874.17653716508,103182.02378880263,102560.79271267905,92646.80262403941,104963.93680086546
110040.7580372315,101395.31368027157,105419.42637670305,76488.36635228863,57777.81529394858,111268.78671985872,113294.84634528887,78246.14352654543,103810.07414485204,108684.19245887948,107738.19284728146,77217.96573207929,115352.4652020474,106376.23810226152,104532.90056768735,120556.6571313211,94506.20876483936,106936.68446097014,101062.73940514529,94079.52577801664,105874.17653716508,103024.39225042915,101796.23684131405,92349.97830506985,103230.58451603222
109290.21120713018,100229.18821168743,104124.6751935699,75594.63038736142,57646.72444999291,111027.7583152561,112709.36724926902,78110.2938418171,103281.09276138262,108588.65647862575,107738.19284728146,77195.04576920293,115269.34547128431,106053.76122151205,104301.93511168245,120556.6571313211,94028.24010962689,105518.08215798679,100770.14172264974,93578.62865612507,105655.23781184679,103024.39225042915,101796.23684131405,91863.76199283275,101308.33746223726
109085.93508632721,100161.12405663342,104124.6751935699,75594.63038736142,56940.85959076732,110622.5537212197,112398.4954005689,77960.77871497282,103258.82620723677,108588.65647862575,107242.3186792461,76276.40492214116,115269.34547128431,105920.67387478695,102454.63706506,120331.21918448662,94028.24010962689,105518.08215798679,100770.14172264974,92356.38269471235,105655.23781184679,103024.39225042915,101666.71507800886,90831.25307249819,101308.33746223726
108727.91440176092,100161.12405663342,104124.6751935699,73111.1105409454,56940.85959076732,110446.39558502463,111794.76159668516,77357.5086808115,102099.44486413301,108588.65647862575,107242.3186792461,76000.86040081744,114369.27343488143,105343.50261636102,102454.63706506,119904.41630941682,93647.94705965121,104544.75688151897,100132.4989919071,92037.06649051807,105205.72470258582,103023.16025732372,100551.9584541925,90565.71575697162,101106.65886360931
108727.91440176092,99891.08414268249,104124.6751935699,72434.44924125202,56940.85959076732,110049.23475591566,111279.0231636721,75294.09463763842,102099.44486413301,108480.96620197874,106780.13837586873,74429.7019551469,113428.07363435283,105343.50261636102,102454.63706506,119904.41630941682,92082.13246642747,104353.89000311815,100132.4989919071,91283.80227759591,105205.72470258582,102975.42362545161,100544.14845050471,90007.30354985253,100875.87142107562
108044.35962449586,99749.70724802994,103259.43277434583,71522.92527218665,56756.28800552657,110049.23475591566,111114.78478343783,74972.42677120883,101757.9334450261,107989.91420118003,106526.55342376478,73593.91311424923,113428.07363435283,104357.77258097063,102010.73878995652,119609.61561775439,91669.97787824839,103534.84379657388,99869.04720325567,90299.6875741405,104921.03660459636,102752.8495090615,100506.69067167137,90007.30354985253,99275.12621322685
107999.87529283564,98810.7472508951,103204.01177774575,71095.95060170563,55532.515561689666,109272.86018444398,111113.0751151551,74554.36884567556,101757.9334450261,107726.83076136738,106526.55342376478,73234.25829058792,113428.07363435283,104357.77258097063,101396.80710288585,119587.256525789,90707.6386635538,103534.84379657388,99844.23450602216,90299.6875741405,104331.61221473348,102540.02080532949,100080.03222477622,89795.69007093004,99275.12621322685
107999.87529283564,98140.58170414773,103204.01177774575,70417.76134902897,55532.515561689666,109272.86018444398,110779.1122015888,73908.66533086462,101243.16391146487,107310.92500324878,106526.55342376478,71389.31258825597,113190.75835576003,103468.33978035195,101027.55754447631,118944.5926725488,90707.6386635538,103534.84379657388,99843.60400450963,90140.00200643526,104220.80434473499,102308.9958923005,100061.02294514148,89235.0341171061,99275.12621322685
107409.84600847191,98118.58370910972,102625.06022457387,68789.32897445065,54907.5416296784,108762.55007519598,110779.1122015888,73851.12064067103,100284.58663931923,107225.49155850882,106093.78881593562,69266.50628740567,112958.8426385523,103055.50239709942,100083.46113600497,118803.80391007457,90352.47414884018,103282.13223822557,99843.60400450963,89057.49377464686,104210.4704016041,102261.56559308682,99797.87140645426,88345.18013831726,97273.32974530106
107223.69993070897,95984.57873823482,102575.99485123782,68630.41351718151,54572.09248791088,108762.55007519598,109592.0279352536,71032.45074543674,100284.58663931923,106923.40862959468,105720.33787038944,68399.08784004897,112958.8426385523,102894.78306946863,100066.29529347936,117848.90812619538,90352.47414884018,103260.98406728213,99843.60400450963,88532.82788257409,103729.18485647523,102261.56559308682,99299.95146231384,88302.84471961914,97273.32974530106
106933.71503123123,95984.57873823482,101694.17063662161,68168.87062252841,54543.851572329906,108762.55007519598,109592.0279352536,71032.45074543674,100284.58663931923,106787.92845161053,105720.33787038944,67169.62700396363,112298.28339965631,102619.82993228734,100038.5117067513,117848.90812619538,89574.68417977548,102548.79318960369,99766.81601211452,87646.14532152335,103513.319748083,102261.56559308682,98398.47886212618,87982.9524900368,96951.56806338891
106315.92006965485,95444.4104445035,101694.17063662161,67298.48096091702,53303.83010106234,108660.34104126606,109592.0279352536,70247.4002697894,100284.58663931923,106787.92845161053,105720.33787038944,66535.7256308082,111910.07742087706,102603.16775422302,99572.01090979904,117537.07000073661,89168.86373572377,102294.0853238723,99719.09839082167,86637.12026736431,103475.13350119002,102249.77533254102,98135.27862759576,87982.9524900368,96378.17205286458
106289.08214633344,95444.4104445035,101446.41788989278,66543.29854312135,53303.83010106234,108660.34104126606,109592.0279352536,70074.59434434507,100284.58663931923,106787.92845161053,105108.99184398762,65303.585342346414,111910.07742087706,101869.80832092516,99003.60075946443,117537.07000073661,87508.22657556002,102144.88992759808,99719.09839082167,86484.36115460722,102960.71850907207,102162.93178832115,97844.53921947075,87372.0054317449,96343.0961320445
105215.1032869905,95046.91862053607,101073.08402200993,65656.83818486857,53303.83010106234,107734.3305921897,109067.44066575378,68801.15259313077,100284.58663931923,106672.21499107202,104780.58388879834,65057.38203104086,111266.56168021883,101728.57319459062,98560.64511067048,116605.01446669218,87508.22657556002,101918.82261696395,99193.19760762081,85659.2850211119,102960.71850907207,102162.93178832115,97686.9900337133,86950.05049607405,95780.64867950538
104216.15697735937,95046.91862053607,99279.50462928423,65413.55551194664,51762.41414045674,107734.3305921897,108672.5519770309,68168.77041493288,98750.8357900976,106603.8975078536,104769.58271722747,64165.465269191285,110443.06797674231,100924.99906659132,97945.24720474987,116605.01446669218,87416.08995279466,100974.90960940231,98976.75076016723,85456.54458626811,102741.3800229568,101692.29117213373,97686.9900337133,85949.79028457745,95533.34115587255
103996.49922136067,94990.3907809719,99191.42786384403,65411.80056152319,51762.41414045674,107734.3305921897,108417.51208991498,66868.50982630698,98750.8357900976,106586.23758986888,104769.58271722747,63032.47651310399,110443.06797674231,100924.99906659132,96464.00943080288,116605.01446669218,87287.37518324668,100615.25657929877,98976.75076016723,85311.41684116655,101643.65396173226,101692.29117213373,97012.26741870125,85530.98507022193,94352.40616904995
103762.32629789654,94899.00052159427,99191.42786384403,64846.33260691706,51095.96716735198,107734.3305921897,107518.45932195043,66868.50982630698,98476.59857676705,106371.4398106307,104370.58356928879,61930.561789436295,110309.81285099642,100765.17601228245,96464.00943080288,116605.01446669218,85996.22464496938,100391.58943224343,97318.66336129686,84269.24575427384,101643.65396173226,101647.79349836096,96612.56990974798,85221.87147963121,94352.40616904995
103368.10139450339,93043.97148577608,99019.41923140667,64442.900602325906,50485.80081653205,107734.3305921897,107518.45932195043,66868.50982630698,97651.47614548294,106293.06110178641,104370.58356928879,61930.561789436295,109181.92010083483,100242.40552746724,96000.3941673288,116195.06143082885,85987.42699633047,100391.58943224343,97313.12856284683,84173.84877837304,101266.31566699373,101647.79349836096,96443.61055340525,85081.60929886394,94197.94721876543
102612.24896220617,93043.97148577608,98707.42991495028,62786.33464220179,49435.90971336486,106958.82441015705,107518.45932195043,65250.55119739784,96977.84990402339,106136.48778046596,103866.87613084169,60336.26377724387,109181.92010083483,100205.31597222618,95954.68071785044,116195.06143082885,85112.46610842273,100242.79223992009,96946.8431998251,83897.78949755101,100436.22675120433,101647.79349836096,96065.83525141737,84671.659460557,94197.94721876543
102612.24896220617,93043.97148577608,98250.47851134084,61731.964381924285,49408.49770341514,106607.98349458673,107518.45932195043,65250.55119739784,96719.42411960746,106126.88285207,103866.87613084169,59008.10906293207,108446.03315386538,99273.70674050733,95826.35250388453,115928.28690000203,85063.37353167958,98178.66852194889,96946.8431998251,83897.78949755101,99923.81948490691,101647.79349836096,95631.18547874891,83948.64173442866,93710.83754552806
102250.23041084214,92465.25958085319,97925.13828816423,60803.5502909758,49408.49770341514,106040.56296564356,107518.45932195043,64446.22044013069,96719.42411960746,105617.34142410873,103452.86298986182,58263.72863961129,108285.99814407772,99167.21988899686,95737.69473536775,115749.8173661054,84931.99419565864,98178.66852194889,96188.66363436595,83167.8598649304,99680.43119996236,101639.7915682284,95290.2480187658,83948.64173442866,93494.00285220199
102250.23041084214,92465.25958085319,97253.63057023248,60803.5502909758,48010.737703903185,106040.56296564356,107156.03948523723,63408.19820480288,96645.11796536375,105494.0101310838,103440.21181288174,57719.629482247066,108272.58885486308,99167.21988899686,95186.00943946301,115749.8173661054,84931.99419565864,97502.9697503373,95530.98688731687,82209.51921472208,99680.31923979367,101491.60730313724,94056.98463477493,83307.98348522712,92656.82868561469
102250.23041084214,90075.1333413488,96155.24573419697,60803.5502909758,48010.737703903185,105601.68530387923,106704.62385910553,63408.19820480288,96431.93141827249,105326.00215933738,102915.59537402101,56532.708494597275,107395.67539186937,98541.04487570001,94389.82809804744,115222.30370095778,84931.99419565864,97324.06993306108,94600.13239427995,82003.13940102007,99680.31923979367,101480.66011869362,94056.98463477493,82838.93399497372,92656.82868561469
101079.34696221816,88995.28632584389,96022.64568421587,60803.5502909758,48010.737703903185,105562.07894277244,106126.70882730008,63408.19820480288,95517.90366659423,105311.98048545628,102915.59537402101,55470.213855324335,107286.168581327,98541.04487570001,94121.17559108137,115123.5601983567,84410.9611690748,97097.85967153752,93594.185359267,81336.50297814226,99403.98538240811,101283.45189989463,94056.98463477493,82838.93399497372,91386.38340324006
101035.67813963858,88593.26220808948,96022.64568421587,60767.326255106724,48010.737703903185,105222.29443496765,105770.01891771912,63408.19820480288,95009.12598040918,104909.25874034526,102674.20741358903,55220.592156484956,107082.61615444282,98406.52255740271,93673.41292953103,115123.5601983567,84170.6183720776,96364.44162408075,93259.93654819326,81334.79078959978,99104.05389074318,101269.59130387101,94056.98463477493,81394.56944361674,91333.45239182761
100236.11700369373,87847.14202101233,95438.8076520406,59621.12530653841,47876.463172663396,105080.68186893253,105770.01891771912,63408.19820480288,95009.12598040918,104909.25874034526,102674.20741358903,55220.592156484956,106644.74129566959,98149.40523367065,93673.41292953103,114965.89658610329,84170.6183720776,96364.44162408075,92078.95175779148,80285.91170016678,98911.06153455927,98949.7956424239,93230.55358115482,81394.56944361674,91328.05120327111
100236.11700369373,87076.566479111,94954.98583988499,59088.56711918936,47876.463172663396,104928.01198534181,105368.72967401939,62327.848184913615,94464.53470635792,104519.13891804805,102526.84148055821,54628.05486767666,106644.74129566959,98149.40523367065,93485.88250171665,114609.89225902491,83725.2038960727,96364.44162408075,92078.95175779148,80238.37570905832,98846.61765489007,98751.73618087052,93210.74889390089,79152.09081461965,90224.77175806815
100230.37717834605,85164.84768562028,94884.73555109563,58551.99689619012,47322.055543963084,104782.74966337696,105082.91262810686,61991.32433083351,94464.53470635792,104138.58422069038,102526.84148055821,54628.05486767666,106022.98579154599,98149.40523367065,92231.47043834867,113935.47101194589,83642.32254695841,96063.63463512421,91211.29272706431,80113.5202115817,98295.55084800416,98369.38689405449,90680.78939816172,79152.09081461965,89018.10458058014
99589.41604294474,85164.84768562028,94884.73555109563,57967.81558359866,47171.99303341333,104223.49815442489,104844.10713605628,60432.84340050148,94223.59742954321,104138.58422069038,102520.43654718068,54563.939127999714,105865.00556755695,98122.46108744081,91543.05267704444,113935.47101194589,83330.44811373591,95571.55027281126,91127.63910846911,77955.20425118667,98295.55084800416,98369.38689405449,90680.78939816172,78972.24316356693,88017.62104541868
99571.0910936706,85164.84768562028,94783.77072686542,57439.07458221938,47154.603670897086,104034.13314069615,104844.10713605628,60006.17105716456,94196.34192141064,103882.08719292773,102520.43654718068,53459.48446700933,105865.00556755695,97941.2052649767,91543.05267704444,113047.05853196466,82767.40770079363,95059.24926499226,91127.63910846911,77303.74935839871,98121.70692971544,98317.18536333782,90523.90037194743,78865.46951873269,87942.97803450206
99491.67176312904,84647.98763060218,93885.04486052005,57439.07458221938,47154.603670897086,104034.13314069615,104798.55446822054,59562.93113256207,94188.44137010704,103882.08719292773,102181.8697217513,52746.90069634868,105865.00556755695,97876.25563182734,91543.05267704444,112992.62071219359,82149.23158189545,95059.24926499226,90233.18244716057,75683.8263178756,97996.39456328504,98221.37766050955,89559.15568780662,78865.46951873269,87810.67512003648
99371.32277908432,84042.82974999881,93473.22458684031,56406.94705709932,46737.74333613234,103360.34321457104,104484.5491989791,58668.91238680009,93341.00366498578,103036.93205334713,101961.30518687582,52024.51220979853,105865.00556755695,97876.25563182734,90317.00300930251,112912.2615206999,82149.23158189545,95055.16754069255,90233.18244716057,75217.41208854149,97296.40606615262,97451.99907644452,89559.15568780662,78856.79084293412,87383.42037937819
99371.32277908432,84042.82974999881,93111.71267529004,56406.94705709932,46737.74333613234,103360.34321457104,103460.06618169404,57975.50242160199,93341.00366498578,102595.17930640827,101665.85216879201,52024.51220979853,105865.00556755695,97876.25563182734,90317.00300930251,112912.2615206999,82149.23158189545,93891.62247289476,89649.14537664338,74278.48264463969,97047.69462430029,97451.99907644452,89441.57878637304,78856.79084293412,86514.61246781576
99371.32277908432,82777.96495156722,93111.71267529004,56309.58794268419,46549.89598044354,103283.34614179425,103460.06618169404,56699.66097736662,93341.00366498578,102561.43808774048,101665.85216879201,52024.51220979853,105783.8055292161,97876.25563182734,90226.53601272179,112313.56939963895,81478.98546472473,93776.38942192841,89401.1436571975,74278.48264463969,96823.80324485549,96589.21693629413,89343.30037995001,78188.44259948218,86111.08902249805
98757.30801636547,82777.96495156722,92507.05465279652,56208.91868129639,46220.28466996524,102704.81467919775,103221.68557852054,56214.92677221389,93102.59078051554,102187.4761250029,101123.65917331695,51886.101756454496,105756.4193708668,97698.39245041939,90152.98637789437,112080.31204747429,81266.61605326497,93458.36451031436,89363.88315625813,73621.47496829982,96575.26228958758,96470.63106041848,88660.12335299763,77354.529901593,86111.08902249805
98757.30801636547,82777.96495156722,92061.06588061068,55007.95648702361,45731.402300107846,102704.81467919775,103097.69911506606,56153.954182615606,92819.42272603251,102166.37595196637,101123.65917331695,51886.101756454496,105651.56175673136,97698.39245041939,89956.65202364472,112080.31204747429,80347.66947664795,93458.36451031436,87973.07044318755,71158.3085143003,96519.40187331769,96470.63106041848,88630.93884595066,76113.01273549184,85972.36730800461
98757.30801636547,81248.80383360575,92041.30087251082,55007.95648702361,45731.402300107846,102470.83983321593,102936.07031473613,55743.33278426534,92466.8414845195,102166.37595196637,101015.96745271256,51807.90470724488,105651.56175673136,97698.39245041939,89956.65202364472,110735.59554144254,80347.66947664795,92791.31142626095,86376.42277936939,69786.62018682748,95819.16164955901,96114.31650753866,87638.21357520147,75800.0680513571,85701.45781399537
98757.30801636547,81248.80383360575,91528.45646471836,54745.77139454634,45731.402300107846,102046.84345163938,102858.25615362782,54984.93624553804,92130.86200929534,101924.8374159153,101015.96745271256,51775.36686371601,105313.3254496885,97698.39245041939,89381.87338977745,109859.15845949703,80228.78008069558,92551.716874325,86187.74282771874,69786.62018682748,95181.93337494446,96114.31650753866,87508.08635614139,75800.0680513571,84814.59956732078
98267.49322873463,81248.80383360575,91528.45646471836,54745.77139454634,45710.249340044335,102046.84345163938,102615.95842682412,54984.93624553804,92125.51870133891,101523.11215429737,100997.39799026374,51150.79876393568,105262.74192446828,97334.61073322405,89381.87338977745,109755.98493221635,78708.46041558521,92414.9895042854,86187.74282771874,69776.03617824978,94175.42452479702,96114.31650753866,87286.78791300893,75643.4704630116,84481.85690845939
98267.49322873463,81248.80383360575,91464.22468337178,54156.463048511745,45236.1164874284,101650.09794130347,102615.95842682412,53766.180877673185,91733.63742153553,101523.11215429737,100862.32499619701,51120.022808124355,105175.96568227478,97334.61073322405,89325.24643538376,109503.45924049438,78708.46041558521,92384.94859115394,85684.35873573812,69029.6897110956,94076.3917779098,96114.31650753866,87286.78791300893,75164.20278801145,84481.85690845939
98079.95300032417,80274.23612151315,90964.47920357325,54156.463048511745,45071.65729788385,101650.09794130347,102615.95842682412,52518.8976674726,91210.52419459358,101200.25656948442,100632.8186602861,51028.472678842074,105007.12564673444,97240.0316520234,89325.24643538376,108766.91300553051,78708.46041558521,91181.98136642,85633.54902684217,68210.07436892121,94076.3917779098,94559.2161169362,87286.78791300893,74933.97850452655,83800.34534196334
97996.65288013473,79125.52212995691,90863.85717536522,54156.463048511745,45071.65729788385,101650.09794130347,102426.46192485328,52261.86938237613,90909.8726592557,101049.03486211941,100464.96620809585,50316.237897481515,104356.39780685831,97148.38885430175,89013.62711090583,107942.32835035295,78708.46041558521,88851.61504649735,85571.61269600905,68083.49643251064,93436.2648706558,94559.2161169362,86808.7316892203,74371.6188201982,82979.4119151954
96783.1620049635,78041.34994316351,90462.51356169178,53526.83863969763,44910.552576070615,101398.94536271381,102426.46192485328,51704.62153144381,90880.64200901703,100774.72077838737,100058.35170415489,50222.104528782984,104321.62937587195,97013.82452639265,86489.676266066,107184.17723296273,78708.46041558521,88851.61504649735,84481.48053433537,68083.49643251064,93388.55040808045,94130.75251258335,86161.51105309288,73519.14114349277,82708.7987346477
96783.1620049635,78041.34994316351,89221.34690021267,52809.14169058043,44341.15479534082,101081.68316854455,101665.77960257545,51220.49140896475,90880.64200901703,100554.35752750115,100012.16117976795,48958.146736967,104075.42493426707,96961.2625871736,84890.07028598874,107184.17723296273,76479.59354041942,88846.17567306159,83161.49869481174,67074.32150499927,92997.17444229605,93206.19799366755,86161.51105309288,73041.6924776519,81729.87058205938
96783.1620049635,78041.34994316351,88141.91003807611,52598.068920110694,44040.271245026684,101081.68316854455,101665.77960257545,51220.49140896475,90104.92458499047,100554.35752750115,100012.16117976795,47822.155305643384,104075.42493426707,96607.06829142343,84890.07028598874,107184.17723296273,74470.72295813751,88846.17567306159,82689.49863028042,67035.08630354767,92951.1206248455,92618.83548802638,86161.51105309288,72191.11455067006,81393.29855870262
96710.75450066238,77818.63326200131,88141.91003807611,52238.08788322464,44040.271245026684,101073.03785025117,101646.29845835727,50738.903638180986,90104.92458499047,100130.82470258573,100012.16117976795,47822.155305643384,104075.42493426707,96324.29680629638,84677.3746989018,106078.18795346636,74470.72295813751,88522.44912208672,82666.5753857535,67035.08630354767,92763.06700167226,91566.22671334335,85444.5872124865,72125.34774938234,80429.30489184691
96012.74675664611,77818.63326200131,88141.91003807611,51851.21163412466,44021.14446915509,100666.98484807371,101206.91409919194,49306.57638100217,89507.25658141173,100130.82470258573,99837.87907001912,47822.155305643384,103507.74767585318,96299.53501534331,84677.3746989018,105975.63081022471,73298.49489920815,88294.42203239618,80997.97815873919,66188.23965544533,92054.98152306899,91195.73484985679,85349.99103136058,71469.09164771496,80429.30489184691
95820.45175435582,77530.10755936116,88060.78890483944,51563.1880643265,44021.14446915509,100666.98484807371,101165.28554979243,48318.67837204357,89176.69509482224,99580.64774911266,99776.18033286979,47822.155305643384,103507.74767585318,96299.53501534331,84129.74194345994,105233.25845522858,73298.49489920815,88293.00376123816,80997.97815873919,65798.77486485319,91991.10143373812,90664.01144495126,85199.51081188105,71232.50260874425,76861.07104344128
95540.79590486467,77227.4618648043,87624.48044571934,51563.1880643265,43775.54103702197,100642.04291384747,100512.91735887378,48318.67837204357,89138.72436264477,98843.93063911346,99381.65342744153,47822.155305643384,103428.97466279945,96224.01114708443,83795.45137422728,105138.93137631832,72190.24362440605,87711.17810155504,80271.18095208798,65624.2516673771,91991.10143373812,90600.13894267115,85091.77932292779,70557.06872785927,76861.07104344128
94849.81014619573,77227.4618648043,87624.48044571934,51563.1880643265,42957.31408854813,100599.47695731155,100224.37456051157,47718.66812405351,89053.27469719159,98843.93063911346,99285.04865047861,47774.74602367006,103407.27326235385,96041.55123619265,82457.26813917943,104463.35489650899,71537.34464479629,87233.08071321214,79438.8537255539,65624.2516673771,91991.10143373812,89761.80916704373,84710.41928877849,70096.2623260051,76280.0593035695
94849.81014619573,75705.62545500712,87301.08184840113,51430.2065940245,42721.271697361684,100453.5169019982,100089.96229472598,45871.28851734825,88353.86450423024,98843.93063911346,99285.04865047861,47774.74602367006,103403.62723435325,95872.50229260328,82457.26813917943,104422.87186952886,71288.31188450192,85721.71384741242,78839.40575633824,64984.99859647943,89982.81457663215,88881.63856487472,83888.71717037214,69756.38701945888,76280.0593035695
94325.6463752922,75128.28012135944,87149.28978599531,50516.14806843009,42546.14432187825,99958.91636694333,100035.85810759368,45511.05368370942,88353.86450423024,98598.26052417363,99285.04865047861,47134.80025654119,102960.91778527643,95872.50229260328,81975.5685584362,103452.04872156783,69432.02716093253,85164.50046702399,77849.95450735,64678.01907823083,89357.71163277625,88312.19046054306,83658.26799796286,69092.76641853646,76280.0593035695
94325.6463752922,74637.51940600961,87149.28978599531,50507.98793651097,42546.14432187825,99947.85182791414,99794.74761830737,45511.05368370942,87156.65151093875,98217.94351696363,99198.43703895797,47012.80960541784,102807.0292787328,95428.77194734655,81829.19790047145,103452.04872156783,69432.02716093253,84609.53720730828,77849.95450735,63909.79584106795,89121.59594055558,87701.08882726727,83658.26799796286,69092.76641853646,76280.0593035695
93137.33535186878,74637.51940600961,87149.28978599531,50021.62852048875,42515.945334140604,99726.24909924585,99330.71892067195,45511.05368370942,87156.65151093875,98136.66194113446,98855.36276680953,46608.504227517005,102562.09691881332,95128.2277439711,80579.82572313826,102809.41437374536,69432.02716093253,84125.28565505017,76341.00330536162,63890.50767945609,88415.08267825234,87701.08882726727,83565.41979329257,69092.76641853646,74832.19243915648
93036.99028219277,74149.60549869922,86710.08038971231,50021.62852048875,42515.945334140604,99657.12341669276,99320.54347279106,44906.2101905821,86203.53474045328,97630.49882956667,98828.37529252375,46608.504227517005,102438.2647975981,95128.2277439711,80013.96587398468,102290.64501814035,68435.89640315491,83782.3904912181,76341.00330536162,63890.50767945609,88415.08267825234,87276.68911582718,83565.41979329257,68916.63589560825,74604.69841502781
92969.47245325081,74040.37815351924,85690.2133555744,49485.36798163337,41951.477251454075,99638.22805649479,99320.54347279106,44830.59770291448,85870.28680347306,97476.07707783926,98828.37529252375,46608.504227517005,102355.90864702321,94610.46950497488,80013.96587398468,102275.90308081855,68435.89640315491,83782.3904912181,76008.14293569559,63040.32724646164,87420.63339322874,86822.07353978931,82610.32410629587,67973.21218313948,73856.73054990251
92969.47245325081,73650.15555746424,85671.24800793704,49384.99062988205,41951.477251454075,99622.23553642961,99154.32090769071,44830.59770291448,85804.28773517316,97443.52707587801,98293.14833553508,46023.36671372335,102329.44675379898,94610.46950497488,79857.64605911465,100699.15728947562,68339.41332153852,81947.82228184503,76008.14293569559,63040.32724646164,86616.79670137791,86353.61900238495,82193.80839195095,67694.6867918504,73104.84972104551
92969.47245325081,73392.01714545244,84308.36203204692,49384.99062988205,41834.57558734409,98649.59051875585,98831.30605789453,44398.807849899706,85379.10897868346,97376.76565473128,98293.14833553508,45592.47887635737,102232.40127196984,94441.4355385972,79502.32563783642,100699.15728947562,66887.38601785735,81947.82228184503,76008.14293569559,63030.75119762442,86435.4947442236,86289.00593472573,82131.13495516044,65982.15996143498,71263.65221249772
92969.47245325081,72774.09178547593,84308.36203204692,48218.48250252937,40952.59342362302,98611.0707044232,98557.14490554418,44288.45070312131,84705.77065980574,97334.10769493718,98293.14833553508,45387.529567836216,101837.9496595917,94441.4355385972,79181.43404385637,100699.15728947562,66845.40023445121,81809.13653301216,74107.70008994594,62612.96561731339,84559.63574253522,85967.84295854265,81940.62265911966,65826.83194531902,71234.80917677972
92450.04738905725,72139.2058187027,83080.94544250907,48218.48250252937,40952.59342362302,97937.11183747057,98557.14490554418,44288.45070312131,83672.69147296411,97090.79658070541,98106.48136670027,45133.71759354339,101837.9496595917,94441.4355385972,79181.43404385637,100304.79274686519,64815.2759936202,80910.22156710962,74004.18845607531,62437.4172143022,84559.63574253522,84963.25764133499,81940.62265911966,65826.83194531902,70203.7164699547
92450.04738905725,71548.65454751322,83080.94544250907,48218.48250252937,40628.98588950861,97747.2501413056,98557.14490554418,44288.45070312131,83672.69147296411,96833.64939368729,98038.22531648101,44522.042451247115,101587.9068805299,94364.99758479283,77923.04836052084,99698.46596173129,64815.2759936202,80729.83242381527,73491.77462499806,62196.48109894833,83465.99315183578,84849.98259367504,80496.27957990105,65311.106985333055,69704.04452008204
91451.31141230669,71548.65454751322,81964.86018734965,48137.97695567955,40391.198460669184,97687.22839892347,98557.14490554418,43995.96503231088,82697.1660263153,96292.69272368359,97920.92538641806,44116.65785446803,101535.70527158349,93866.3636123878,77830.32231352171,99666.32874134711,64815.2759936202,79990.09989802736,73491.77462499806,61197.14555537835,82747.12232992734,84141.73895766781,80200.4717486187,65309.09569271489,68889.74416247851
91369.34641210451,71548.65454751322,81964.86018734965,47072.55433377495,40326.78624112437,97018.97386232785,98303.02029011691,43766.724886165124,82697.1660263153,96019.14257179647,97920.92538641806,43795.96269720013,101293.66954144718,93866.3636123878,77830.32231352171,98801.95507743309,64552.23172717922,79930.80485123832,72908.63844476678,61197.14555537835,82397.2065457371,84141.73895766781,79685.20850423393,65309.09569271489,65772.970666608
91369.34641210451,71066.0893792384,81964.86018734965,46955.72357541175,40007.2228715332,97018.97386232785,98157.95619749608,43690.69715892651,82650.76743926165,95767.76324997412,97612.73368382707,42962.544737723765,101293.66954144718,93774.91976011528,77237.71484608341,98762.4355627216,64552.23172717922,78903.41958968109,72401.67090850693,59240.27978470155,82397.2065457371,83902.50783094695,78888.03316853949,65309.09569271489,65772.970666608
90719.91548744254,70706.74894020033,81065.31595155718,46734.01603367329,39813.64593853907,96952.86312738953,98157.95619749608,43690.69715892651,82650.76743926165,95767.76324997412,97493.90517075475,42962.544737723765,101248.57462001653,93676.82946915412,76165.83479680483,98762.4355627216,63928.343420983576,78766.30240505419,71248.86902188466,59240.27978470155,82162.42816382607,82937.02687236566,78241.97720722915,63651.4568377944,65506.41402970525
90719.91548744254,70104.18292586414,81065.31595155718,45665.92955786735,39743.24942026529,96816.07824400967,97749.22384363574,43125.88537167473,82650.76743926165,95400.45230600442,97493.90517075475,42451.150532679334,101027.81057668207,93463.2529329286,76165.83479680483,98762.4355627216,62705.951613700345,78217.3820831772,71217.08966201772,58899.29427920121,80545.61534919881,82750.06613916744,78053.35419306876,63612.89122126422,65187.74268084131
90719.91548744254,70104.18292586414,80655.54811092062,44127.11526047733,39456.29029348363,96391.95432882282,97577.46434207188,43048.62307939339,82638.84370237809,95025.12931753325,97122.66681375947,42451.150532679334,100840.18687024593,93463.18242796372,76165.83479680483,98330.3002503062,62705.951613700345,78217.3820831772,70403.7028224718,57796.806407381984,80469.2899329237,81434.96632668118,76604.91090172155,62737.89082917731,65031.732640072376
90522.41437846932,69950.23169057324,80655.54811092062,44127.11526047733,39382.46660300522,96146.4463154231,97569.22894009229,43037.70335996185,81903.25047307572,94694.4535197499,96848.08869394491,42215.6352885796,100774.90575159475,93261.77727955792,76059.28197606487,98052.49268632701,62705.951613700345,78217.3820831772,69747.82694951558,57796.806407381984,80239.61216778928,81273.96021655068,76190.75341272706,61661.06355947784,65031.732640072376
89193.03528888802,69950.23169057324,80576.01599663956,43814.96148894726,39347.51291456221,95878.03344934541,97270.82910175194,42518.36301852229,81903.25047307572,94522.7719075503,96617.78473443564,41081.83964129227,100613.10881571645,93210.96928502613,75841.43758149089,98052.49268632701,62701.458951899665,77133.30223364645,67948.28967231215,57382.30444565269,79741.44278816346,81273.96021655068,76190.75341272706,61661.06355947784,64659.2519773841
89021.01780074688,69950.23169057324,80226.96989875364,43814.96148894726,39316.91194265566,95878.03344934541,97043.88484981231,42518.36301852229,81903.25047307572,94522.7719075503,96460.74687458886,41081.83964129227,100613.10881571645,93008.0148132134,75443.74567974271,97838.59595589024,62573.198714956125,76755.94446835041,67948.28967231215,56924.35032927026,79539.44072166011,79216.26097678392,75640.39561645931,61661.06355947784,62830.86085901322
89021.01780074688,69950.23169057324,79660.89460532485,43814.96148894726,38712.20841894482,95579.42423894939,96932.05329489855,42518.36301852229,81654.74625363918,94448.34281461389,96020.0551004922,41081.83964129227,100357.07059973934,92998.51385938398,75443.74567974271,97367.59498975675,62573.198714956125,76354.90222648202,67072.54846997475,55415.507370462845,78984.18114068256,77639.15095975251,74632.91988981221,60968.07988677739,62830.86085901322
88707.40081270155,69419.70879904786,78751.90491029622,43814.96148894726,38712.20841894482,95128.36741497241,96704.02303047058,42401.14242980793,81654.74625363918,94091.21926764255,96020.0551004922,40673.48566569268,100357.07059973934,92980.34719237513,75105.88027338026,97201.46517836773,62573.198714956125,74894.64831756224,66881.78668598688,55415.507370462845,77752.7117824258,76397.70538288413,73674.06017555732,60968.07988677739,60857.64033496118
88707.40081270155,69419.70879904786,78751.90491029622,42974.11863475879,38077.471728427874,95120.78366418481,96696.0461656205,42284.539628423234,81654.74625363918,93088.65129300565,95801.28417499537,40673.48566569268,100196.84359516931,92865.30820987202,73746.1507418777,96688.37486255374,62573.198714956125,74894.64831756224,66881.78668598688,55355.0970712173,77538.72586956793,73971.43030404032,73674.06017555732,59509.85615838602,60857.64033496118
87889.34560417653,69369.20640749429,77868.44224653326,42974.11863475879,38077.471728427874,95110.85628241318,96359.48679268602,42284.539628423234,81619.66228843432,93088.65129300565,95801.28417499537,40532.3863580846,99690.67616474752,92829.84041753407,73444.56165943992,96469.58300370337,62140.66992652078,73789.20615356282,66097.20484338515,54675.89649662463,77538.72586956793,73971.43030404032,73208.36132216486,58987.626505579734,59693.45275371525
87599.77793962792,68983.55244918705,77612.92240000976,42688.72054518382,37885.00453641019,94945.46352605135,96191.01688450294,42208.52738928324,80775.6558824824,93088.65129300565,95583.41302314636,40301.08478826483,99445.46460474971,92829.84041753407,73444.56165943992,96469.58300370337,61512.92717775763,73789.20615356282,64488.45766132711,54126.33271180567,77203.36914253198,73668.36446887236,72677.59513595757,58930.60326584697,58928.43913124566
87402.02833381787,68424.23872521827,77211.96438253963,42688.72054518382,37879.84764810732,94648.22480854332,96191.01688450294,42194.24885768027,80775.6558824824,93027.03862468828,95352.67221748349,40109.7386661434,98919.38130583175,92659.09573197983,72791.56763158336,96381.50612307507,61453.541406679156,73577.01999529375,64452.03031222606,53892.88998635912,77178.30756960505,72738.41741385989,72384.9921019497,58266.66820778083,58928.43913124566
87402.02833381787,68100.63248109582,76855.73647892848,42688.72054518382,37771.635844319346,94648.22480854332,96157.71873486985,42194.24885768027,79348.38454895587,92562.1459414152,95352.67221748349,39263.08911487432,98918.73513254354,92532.48875691312,72062.44287181512,95075.14068848047,61415.92174851345,73577.01999529375,62953.273669304224,53892.88998635912,77170.58564110412,72212.34147844368,71667.273018999,58118.479307786736,57346.07623897882
86861.64931676886,67931.1611429801,76329.85282126482,42523.03013519008,37338.88570181979,94226.55139429389,95550.13730442805,41505.5248328939,78926.45660968835,92430.36599529748,95159.57383207188,39093.641227322376,98287.28593661838,92532.48875691312,71219.04027423463,94748.98818098716,61351.882309834305,73050.91652346912,62675.90083794537,53358.23753892744,75398.9712925419,71978.94227966412,71612.90113529185,56380.351436787736,56647.01379377112
86861.64931676886,67069.27223412435,76329.85282126482,42523.03013519008,37174.600521190754,93872.86501613767,95550.13730442805,41460.01853779017,78926.45660968835,92430.36599529748,95127.8114534113,39015.57517542262,98242.07267018444,92528.19830960632,71219.04027423463,93739.95122697264,61351.882309834305,72419.65097753031,62077.752244206844,52472.23557221021,75217.17845099239,70635.2544497868,71555.98161579536,55665.01862041293,56640.59436821617
86474.11571021052,67069.27223412435,75596.18506293913,42523.03013519008,36813.965129130294,93187.21002069983,95468.16716878932,40938.157059766745,78636.98774104835,91549.48322326205,95014.69140925538,39000.662423686765,98242.07267018444,92460.62511165299,70547.674828672,92701.81867677548,61349.2105705321,72419.65097753031,61468.16853543497,52303.8940810485,75211.02547509516,70507.87085183559,70315.26479066515,54367.144728813175,55992.520226000626
84782.73356776977,67069.27223412435,75448.28894698617,42523.03013519008,36556.42334482548,93099.0915386619,95202.91402374016,40720.18343822797,77621.01698672124,90266.03159285875,94999.77608192625,38431.73362790154,98242.07267018444,92449.06058370514,70326.41256381081,91989.02661875065,60659.8265519498,70774.24365054816,61329.270978158675,52303.8940810485,74712.83993530404,69191.12021118429,70315.26479066515,53785.75824651284,55992.520226000626
84782.73356776977,65893.41132598062,74062.22811622641,42523.03013519008,36531.41923922031,92999.35240276055,94927.4377990158,39796.17345990264,77621.01698672124,90266.03159285875,94911.60025225265,38402.731556943116,97803.1830244829,92294.13611225046,70326.41256381081,91550.3737149723,60659.8265519498,70774.24365054816,61109.526948185245,51729.911862917754,74712.83993530404,69191.12021118429,70151.32460033956,53623.32841985968,55992.520226000626
83331.11912632712,65792.14312505169,73387.37334341902,42516.29889443159,36531.41923922031,92999.35240276055,94670.13403856225,39796.17345990264,77256.22609341239,88608.23321415854,94705.08161598821,38402.731556943116,97803.1830244829,92189.60941793126,70326.41256381081,91338.41417682251,60659.8265519498,70774.24365054816,60842.03160469475,51682.264165835375,74712.83993530404,67801.37143293192,69370.56027988908,52511.34811663503,55164.13752336715
83331.11912632712,65782.50234075436,73366.05646965183,42516.29889443159,35881.76699981951,92674.4891351483,94670.13403856225,39695.11738983549,75965.7256239207,88608.23321415854,94601.78473104068,37828.65520010669,97790.4571961904,91879.88643855721,70326.41256381081,90047.10827554589,60159.104491965416,70521.24654173617,60580.58081331895,51351.75285535359,73556.43281790783,67801.37143293192,69331.41455800903,51776.97637230367,55164.13752336715
82820.42521687759,63236.497565695485,73366.05646965183,42448.91764355998,35881.76699981951,92622.25628465108,94640.2745291776,39694.365091743326,75965.7256239207,88164.08310050724,94538.34934751982,37807.53700477329,97790.4571961904,91787.24195409326,69975.53212482073,90047.10827554589,60159.104491965416,69454.29168164932,60580.58081331895,51351.75285535359,73556.43281790783,67257.60244738555,69238.2171756004,51776.97637230367,54980.33895672123
82820.42521687759,63236.497565695485,72392.77755525828,41928.41176431001,35881.76699981951,92622.25628465108,94470.51701428466,39611.01920184094,75965.7256239207,87191.04038548478,94500.11459236905,36967.76619392963,97724.94418474854,91563.1549361586,69975.53212482073,89525.0519385246,59872.93720023855,68955.30985646369,60103.63447165526,50619.27786656238,73026.97260001907,66885.76330576173,68376.96565467732,51570.529153127456,54980.33895672123
82330.5841785544,62862.48844856557,71927.31649572552,41925.35385332629,35634.65070100618,92137.38072914652,94267.28556727603,38835.58921549199,75965.7256239207,86659.42185004582,94251.78015801102,36967.76619392963,97724.94418474854,91457.97807997372,69975.53212482073,89379.63408165841,59614.92830787217,68955.30985646369,60103.63447165526,49785.6845258221,73026.97260001907,66458.34946312247,68170.17377955653,51091.203059448,54804.14993167648
81854.51013619422,62327.51060115774,71927.31649572552,41925.35385332629,35572.876337538764,92137.38072914652,94149.64926439474,38835.58921549199,75965.7256239207,85748.29641821564,94212.92397920243,36744.45711276995,97724.94418474854,91299.63854807707,68965.53993129113,88442.17344171845,59614.92830787217,68726.2669676424,59747.944762471336,49785.6845258221,72255.35862794165,65777.29654504544,68170.17377955653,51075.85809291814,53149.41794480029
81854.51013619422,61248.19973627802,70559.88069665087,41691.460524063215,35536.45570691279,92036.31935745759,94109.35261627381,38551.279467144464,74845.91511193856,84281.60263154976,94132.56737727125,36744.45711276995,97709.17689422792,91183.7182106484,68965.53993129113,86971.89769769901,59614.92830787217,68726.2669676424,59145.16204669479,49785.6845258221,71045.70071883802,65777.29654504544,67819.74485998988,50319.14008961313,53149.41794480029
80608.1044415919,61248.19973627802,69953.81110783524,41691.460524063215,35522.685279880956,91578.23936686685,94104.6186091467,38169.5592019112,73768.70312941982,83403.59204358942,94039.56077048635,36677.80343203801,97669.48346085165,90840.47758305348,68782.15180819017,86058.68573871427,58228.97159786614,67587.95746929062,59145.16204669479,49785.6845258221,71045.70071883802,65629.26912273033,67307.84897838437,49945.19907919394,52945.57975547975
80517.85748966735,59785.1034190223,69953.81110783524,41205.96139942077,34967.6057688485,91301.38525544964,93968.97080079831,38169.527463912724,73768.70312941982,82570.005944378,93790.08618142772,36515.45255463447,97624.38513727591,90545.17156448735,68762.46884935496,85860.10503768476,56974.603819615666,67585.87200908012,59145.16204669479,48436.15612110805,70296.58228044242,64751.04996210601,67191.45882372838,49560.96524143715,52606.91403604598
79288.08100864194,59227.96422465496,69794.91992528569,41158.36309923058,34743.9644140826,90813.13201972205,93968.97080079831,37803.979745667406,73768.70312941982,82570.005944378,93790.08618142772,36138.1800600718,97571.33942389667,90147.36939014934,68483.87292061657,85713.0051153824,56707.47935234969,67327.66392265154,57775.46189514022,48031.34731336178,69917.7449538461,63833.87251559233,67191.45882372838,49065.10202276395,52533.30959278902
79018.43008741945,57602.25001957362,68690.70195250132,40992.22791434921,34743.9644140826,89766.24043072114,93968.97080079831,37750.2543302375,70903.40540314186,82570.005944378,93768.56691489613,35782.6953088778,97498.95948455535,90070.77862973075,68127.48655328757,85274.83953272327,55612.80081811494,66705.87640787376,56760.08996981756,47622.40936427586,68968.85918767621,63696.73381281914,67024.09139305654,49065.10202276395,52533.30959278902
78075.76555056524,56238.389637426764,67726.21391788694,40959.032224267125,34691.478786452484,89623.19214600511,93916.30071994218,37713.36083150868,70903.40540314186,82570.005944378,93704.62113090791,35782.6953088778,97201.4053538077,89698.08234597996,68127.48655328757,85078.83791463026,55612.80081811494,66344.58790160346,56224.01640764956,47206.55561548984,67881.83778179051,63696.73381281914,66435.2064356445,47363.56715666762,52301.12593716202
78075.76555056524,55819.57679285877,66588.94966102972,40629.35231633421,34470.918591863185,89100.83242102126,93916.30071994218,37329.72886119308,70903.40540314186,82242.13876569406,93704.62113090791,35638.421035951396,97111.19496509199,89358.48357801972,68127.48655328757,85078.83791463026,55115.65025761099,65303.819779965634,55734.57871989402,46799.46240723565,65310.90373066007,63696.73381281914,66430.83085020041,47363.56715666762,52062.488919079544
77237.92688747599,54532.7619575643,64768.51231760126,40444.09074742369,34463.30013778352,89100.83242102126,93916.30071994218,36884.24351360488,70903.40540314186,81485.66469845397,93704.62113090791,35638.421035951396,97111.19496509199,89358.48357801972,67610.27848106535,85078.83791463026,55045.16534388453,65303.819779965634,55734.57871989402,46790.449262272996,64144.852268606744,63279.68896585913,66091.30820962507,46855.315125870315,51625.47332364169
77024.2856139903,54532.7619575643,64768.51231760126,40150.200427001044,34207.13563104924,89056.33658627157,93898.34242343294,36787.16052017214,70868.1440417597,80459.37434905909,93348.2568204779,35460.378944528406,96146.15368357381,89052.49065597671,67365.10285004397,85075.1320291179,54919.94363194496,63406.11674318858,55734.57871989402,46432.81722637618,64144.852268606744,62572.47629417826,66074.00436392592,46800.406618941386,51386.54420975934
75623.28807971,53715.39940403806,64643.7352359655,39699.67981485298,34119.73526162112,88670.17797181656,93892.2673418613,36787.16052017214,70809.09667538929,80274.29489769046,92906.14260076737,35310.312308038585,95683.5803101812,88505.96741325001,66757.55262465219,84964.88644521122,53263.07008975339,61576.13523536133,55477.394791828534,46250.570416067654,63900.6905810337,61123.46969028754,65915.91758045711,46494.95864875078,51190.37347088375
75435.95177324122,53715.39940403806,64643.7352359655,38944.46068172021,34119.73526162112,88535.90141463495,93855.82028471104,36706.03221580059,70257.62713998277,79874.69286173538,92906.14260076737,35310.312308038585,95471.62595708127,88505.96741325001,65880.56589910062,83985.5710802734,53263.07008975339,61576.13523536133,55029.87699693395,45556.949370465816,63375.01355535543,61123.46969028754,65326.60753621926,46494.95864875078,50903.5786312376
75117.44765495595,51237.09508618898,62508.31504241037,38944.46068172021,34119.73526162112,88018.74843587154,93572.79564395512,36699.26953505029,70257.62713998277,78386.26033472286,92686.69457088316,34922.30447889137,95368.83363581954,88154.55063340836,64807.813179280834,83449.43963428559,53110.027976038924,61213.953660944484,54579.71407431765,45556.949370465816,63012.464521677684,60934.3928003729,65326.60753621926,45713.29400164106,50784.22445281142
73881.83255612683,51237.09508618898,62508.31504241037,38414.723912441834,34046.635897358516,87437.56547286607,93558.98572429163,36446.52424767939,69864.44528686983,78386.26033472286,92686.69457088316,34922.30447889137,95368.83363581954,88154.55063340836,64807.813179280834,82958.70859286415,52394.9288009059,61015.77821052876,54418.51540991809,45556.949370465816,62354.413449078005,60004.50928198031,64914.23057668529,45509.88704484119,49706.08296776918
73400.44777746646,51237.09508618898,61892.76123459807,37675.89166086675,34046.635897358516,86913.17095616485,93558.98572429163,36446.52424767939,69290.1060240553,77906.67958600713,92553.97500374654,34769.85116241874,95368.83363581954,88154.55063340836,63407.179413405735,81812.01951658289,52394.9288009059,60442.46768509572,53441.984969755205,45556.949370465816,62003.71014849027,59172.39738457033,64867.23929459345,45509.88704484119,49345.355979869484
73400.44777746646,51237.09508618898,61549.854969627166,37675.89166086675,33965.06714380173,86883.8784744069,93558.98572429163,36193.52317431721,68356.78904217234,77906.67958600713,92553.97500374654,34117.0715198319,95262.48094726728,88118.77402945874,63148.88769749626,81812.01951658289,52394.9288009059,60442.46768509572,53441.984969755205,45341.55581446303,60530.90239426158,58399.70653004639,64764.91098847508,44285.3419137693,49311.818623170446
71761.00857486394,51171.074092833594,61023.08529710336,37066.40934754183,33817.23317932886,86557.86493008707,93356.62209297495,36193.52317431721,67918.88019980016,76665.07934100166,92458.64092561921,34103.20560242284,95172.619167458,87623.8354684727,63030.30000050504,80737.55027302829,52394.9288009059,59817.71282876647,52603.303046434536,44606.397302946294,60530.90239426158,57040.48355590333,64694.65775796816,44285.3419137693,49311.818623170446
71761.00857486394,51171.074092833594,60970.81294091519,35791.90373981329,33817.23317932886,85859.53480057568,93356.62209297495,36127.74487167869,66432.40949725363,76308.11441302832,92341.33288781851,33329.96646093734,95120.18388246252,87374.7573288841,63014.55166449178,79950.00528411834,50716.957125225264,58302.21802116826,51909.05309834184,44548.93386824759,60530.90239426158,57040.48355590333,64642.42978236723,44199.647714020386,49028.48199085704
71500.12358217765,51171.074092833594,60358.50186389549,35791.90373981329,33612.62638855343,85859.53480057568,93310.29909707374,36031.84694188974,65993.64140297806,75379.82361464394,92341.33288781851,33329.96646093734,95118.57374958007,87267.09281916554,62616.41983708926,79944.38127597753,49565.609258338525,58302.21802116826,51909.05309834184,42691.05966238614,59367.44633527735,56862.331106282065,63650.86847996301,43167.669983842236,48692.43328343189
70845.62956956161,51171.074092833594,59853.349313981766,35791.90373981329,33522.47665437877,85859.53480057568,93152.54203652004,35642.274755668186,65685.20561363605,74138.01024333037,92341.33288781851,33329.96646093734,94998.14308937255,86898.29442207665,61261.03988232922,79944.38127597753,49565.609258338525,58103.908125886875,51512.15079810799,42315.78614273351,59281.951237918685,55933.479249365046,63650.86847996301,42882.177265970815,48663.756136073745
70682.93518871829,51171.074092833594,59235.4907215323,35711.93490272994,33433.63457128391,85859.53480057568,93152.54203652004,35521.43379316953,65613.6031145227,74138.01024333037,91951.79487752522,32913.25779217954,94983.39197712611,86729.86876188556,61133.008340118395,79237.6899652769,49219.545768036405,58103.908125886875,51512.15079810799,42092.02228624377,58024.20742733438,55106.644127195475,63058.89430768775,42882.177265970815,48336.33241369222
70409.28133344425,51171.074092833594,58936.90541254324,35280.20352279663,33433.63457128391,85727.91015113705,92732.8662344942,35521.43379316953,64196.02211905116,74138.01024333037,91951.79487752522,32913.25779217954,94983.39197712611,86084.35984746362,59315.88309303507,78899.75883988611,47920.15708249041,57511.54687076746,51228.99059645383,40975.77862345116,57599.86831584509,54366.97710849799,63058.89430768775,42611.81762482042,47349.352847838185
70011.25517532483,50407.41962590177,58899.006144492596,35194.00219160429,33275.34053567274,84948.33649231699,92732.8662344942,35379.849860436865,64196.02211905116,74127.41848645119,91951.79487752522,32913.25779217954,94983.39197712611,85683.5283010904,59237.69803002999,77351.0896386275,47920.15708249041,57185.276516895254,50487.03095968432,39915.11711811989,57599.86831584509,54366.97710849799,62935.13929663891,42527.83052093447,47349.352847838185
69384.71298006253,50407.41962590177,58416.765852580575,35194.00219160429,33275.34053567274,84156.34335626151,92702.75878546918,35379.849860436865,63979.02742826641,72667.92487501244,91890.89147502767,32451.73663438117,94983.39197712611,85365.45886902342,59074.81017179807,77351.0896386275,47920.15708249041,57185.276516895254,49781.14097963968,39619.3844333316,55225.613781872584,53548.304238220386,61238.886662728415,42462.36396931467,47038.5766477807
69254.80008901442,50407.41962590177,57962.91411085026,35111.53528849309,32951.45700789376,83482.53383907655,92677.28221098278,35379.849860436865,63720.27370497127,72667.92487501244,91772.1534381855,32299.401709599933,94808.56874820712,85294.63602642383,57338.09056297459,77351.0896386275,47315.974918474894,57090.111789189265,49551.528133894906,38426.52962210313,53953.1073354254,52426.66592495808,61238.886662728415,42074.26501572943,46213.51979697363
69212.2316340242,50203.81563948125,57962.91411085026,34881.54909901969,32951.45700789376,83140.43834665831,92475.27942680725,34681.19270853691,63415.81836687288,71727.3598613312,91714.32730638038,32243.659926697484,94808.56874820712,85137.50578449688,57031.541161175286,77351.0896386275,47190.76816277794,55826.80442224694,48975.89658046899,38129.94212987895,53953.1073354254,52403.30957738682,61238.886662728415,41525.75714764151,45507.29304265987
69076.69377956023,49840.73329607104,57684.17261390188,34566.52649521471,32724.043625067734,82716.16910210793,92475.27942680725,34483.0963191694,63287.167635050006,71319.55167898591,91657.24179371726,32234.525596761978,94766.83932055211,84645.34921662281,56854.768635624634,77334.0247745258,46868.53364872328,55826.80442224694,48962.617063440586,38129.94212987895,53562.45395254819,52403.30957738682,59756.66586575588,41264.00905344593,45143.38976128192
68589.89511099535,49601.76278734335,57274.34468436436,34566.52649521471,32573.665798987306,82280.15880308756,92396.17655847633,34317.38736571322,63077.677634065614,71121.03968415636,91324.81546764732,32188.79093214511,94408.2093597357,84245.99792072078,56731.28404062331,76470.40629754166,46665.87844678431,54810.21770339665,48643.94447571973,37716.50957057573,52457.767146220256,51395.34743865602,59616.16237006629,41227.108319255974,45143.38976128192
68120.5748996056,49601.76278734335,57274.34468436436,34566.52649521471,32573.665798987306,81905.15481633012,92372.21438321198,34033.005649494255,61694.66156934953,71121.03968415636,91324.81546764732,32186.8167654732,94226.74250529555,84057.53767907228,56366.18593442899,76470.40629754166,46456.09246543295,54801.64278365952,48643.94447571973,37574.34923687877,52457.767146220256,51340.9778813693,59105.871487425684,41168.684008656826,45143.38976128192
66590.04150009714,49504.03916183551,55248.39846459711,34529.75556118109,32458.855745207988,81830.58418600797,92273.95290018113,34033.005649494255,60597.19710076278,69255.90427424297,91315.35884327852,31971.35038979578,94101.55797253113,83967.04566036751,55383.893261935154,76470.40629754166,46049.367752126906,54801.64278365952,48607.10450395454,37280.48951876407,52383.0048684796,51340.9778813693,58134.37615304471,40764.611131368816,45143.38976128192
66590.04150009714,48823.423615979606,55248.39846459711,34378.0941150167,32405.850762977192,81830.58418600797,92181.28632458247,33407.81910724118,60135.00715561369,68996.17686542081,91315.35884327852,31971.35038979578,94054.2780543295,83888.7700052302,55383.893261935154,76082.89453593985,46022.052853036344,54446.32440126524,48405.48054545589,36252.131875209336,52383.0048684796,49826.3786045907,58134.37615304471,40376.07346517628,44527.97876127067
65506.42416267307,48479.355607486934,55248.39846459711,34312.75090988682,32405.850762977192,81789.96309237975,92055.98580508624,33407.81910724118,60135.00715561369,68766.35092019378,90935.89857606625,31763.916569438035,94012.65359915933,83888.7700052302,55383.893261935154,76051.78183632449,45458.88528857666,54446.32440126524,47835.1551865335,35819.015133679095,52113.92139526473,49823.60655898546,57836.85814576923,40376.07346517628,43517.33606851553
64506.26983396511,47998.79288749619,54205.83058736409,34120.538393730654,32244.200447980948,81758.12780824992,91959.98914008279,32901.961504501465,60053.57473337349,68766.35092019378,90935.89857606625,31763.916569438035,93927.40219654588,83275.20735365461,55383.893261935154,76051.78183632449,45458.88528857666,53917.57856611071,47835.1551865335,35819.015133679095,51966.29504883062,49434.49825846676,57788.05933429409,40052.916788459224,43517.33606851553
63589.6444844898,47998.79288749619,54205.83058736409,34065.7356081809,32225.261281485833,81488.21195864405,91685.93516904303,32901.961504501465,59132.57747759124,68578.48257161798,90835.10711797755,31736.44785229316,93927.40219654588,82526.66734337996,55383.893261935154,75646.99713911682,45458.88528857666,53796.12237923095,47531.02520146078,35819.015133679095,51160.73092027049,49429.5564965284,56768.371671943336,39902.794220607226,43049.21339051435
63589.6444844898,47745.218526516386,53901.93144654056,33989.087856431666,32018.130726831365,80977.50814744551,91685.93516904303,32413.642238113138,59132.57747759124,67527.4278081661,90835.10711797755,31585.787718597203,93927.40219654588,82526.66734337996,54989.89089558755,73189.12248968318,45431.146760385614,53796.12237923095,47531.02520146078,35268.17854813982,51160.73092027049,49429.5564965284,56768.371671943336,39819.58748527099,42395.47055985303
63021.17037412377,47415.80275889936,53786.559122892475,33840.64865793821,32001.353439194707,80977.50814744551,91685.93516904303,32413.642238113138,58640.129756120914,67527.4278081661,90755.08718656996,31585.787718597203,93921.20219569468,82526.66734337996,54989.89089558755,71794.74206018257,42541.399621876495,52571.41527324442,47531.02520146078,35149.27216235512,51160.73092027049,48662.75732248832,56572.12975109361,39676.15268727264,41466.87355619187
63021.17037412377,47415.80275889936,52563.52641736729,33581.865960744806,32001.353439194707,80051.71239585869,91669.75175787779,32363.353117737293,57416.25534851536,66149.65087885462,90752.2696136559,31585.787718597203,93599.40681521899,81726.59781237543,54804.5823288379,70158.14716145303,42066.78516333851,51847.8640307575,46671.25978922326,34362.24410049927,51037.22052655629,47646.246337225755,56358.58455435453,38832.1761348192,41344.24109316122
62962.812990741135,47415.80275889936,52395.88634186362,33285.16860585773,31934.481213315605,79374.60527846287,91625.66583556814,32363.353117737293,56237.242446117816,65732.3580733279,90739.22099139425,31555.36784387045,93599.40681521899,81564.5368698241,53878.10466720231,70158.14716145303,42066.78516333851,51467.443606737106,46580.15223985608,33512.76941630212,50101.378977656655,47646.246337225755,56358.58455435453,38274.86021076262,41172.62601489771
62962.812990741135,45278.04427739688,51437.33931942352,33171.89316816298,31818.60550059269,77914.56343101218,91362.26138600081,32363.353117737293,55885.666517680715,65732.3580733279,90581.68726659523,31445.346325559465,93520.35237237882,81429.01320061971,53539.01484445277,70143.60886949052,41828.27357909563,51467.443606737106,46302.44486506205,33370.30444977635,49097.68679298196,47618.07402305709,56358.58455435453,38231.045163758405,40924.35743954877
62411.00726897299,45278.04427739688,51391.966972570044,33171.89316816298,31742.73269247195,77914.56343101218,91362.26138600081,31835.79714613704,55885.666517680715,65732.3580733279,90508.38643803845,31364.85757680923,93468.40493299226,80005.46534202335,52460.53051836514,70143.60886949052,41007.563014068015,50626.809548998695,46302.44486506205,33370.30444977635,49002.31471460154,47320.61223392161,55947.305346743946,38231.045163758405,40833.376024062694
61677.28110266289,44882.36902697586,51391.966972570044,32797.886353069924,31574.62289903036,77501.58044062906,91362.26138600081,31785.030173663556,54900.97027572256,64767.57797162612,90318.6975854637,30845.067872096948,93332.53190393189,78869.81535124751,52194.57593801901,68946.41843950098,40610.87879697232,50626.809548998695,46302.44486506205,32712.741137373076,48149.921394769786,46797.01418086515,55947.305346743946,37619.20329014126,40268.13691457838
61338.934875203384,44882.36902697586,50958.74224764721,32797.886353069924,31563.91761989653,76597.80566024223,91249.46662530515,31540.152163876257,54891.28421673907,64172.03883656016,90318.6975854637,30687.43359061664,93332.53190393189,78869.81535124751,52011.23611856127,68076.1263995831,39872.29739666237,50507.64553520421,46121.92784222552,32610.767300809443,48149.921394769786,46705.2247326709,55947.305346743946,37588.444865147714,40267.35463338272
60444.809062588734,43766.7743485055,49617.15253831367,32694.446789270718,31563.91761989653,76330.77778902282,91205.55608708448,31488.512810591128,54523.77291813609,63988.611918253504,90314.07007270042,30514.496272028642,93176.55319520575,78795.31306187625,51642.00151014312,67368.12819146868,39872.29739666237,49881.12204279495,45987.21308700582,32543.701927144197,48149.921394769786,46085.19128433939,54983.19038217307,37466.94566924598,39422.962724753925
60444.809062588734,43766.7743485055,49617.15253831367,32520.001962905517,31516.31509238436,75563.77157105492,90313.09067946463,31420.06295368382,54002.22078046152,63970.27529799611,90314.07007270042,30505.6054425103,93147.54946465995,78052.67578037932,51157.42241879886,67297.1987141854,39847.915965449756,49881.12204279495,45987.21308700582,32522.723344094076,48122.041653858076,45877.97744636352,54117.5035051532,37398.24265582385,39422.962724753925
60288.852266506205,43331.979887044,49617.15253831367,32520.001962905517,31514.977442132655,75237.38707182599,90313.09067946463,31148.328793967772,53192.830267503974,63820.18812057866,90314.07007270042,30432.765329910435,93126.51068274635,77250.72030717747,51157.42241879886,65086.69988783368,39847.915965449756,49838.23012893027,45960.04201717995,32495.885645128354,48121.991911241974,45877.97744636352,53933.87581153658,37302.268319737035,38904.55851666922
60288.852266506205,43246.47453616985,49182.30256005877,31628.872713786528,31253.18253708277,74238.55172822495,90203.19477869703,30996.195387097763,53192.830267503974,62823.07322883228,90314.07007270042,30419.246181708328,93069.9546547875,77095.2115855965,50991.31563111687,64462.42052028838,38814.1605792539,49340.10478765404,45820.76021031595,32468.26929904479,47285.69387444923,45874.17653053005,53788.33980092459,36645.70767485816,38433.67049060203
60120.24237455503,42900.62358367631,49025.00918497238,31628.872713786528,31253.18253708277,74238.55172822495,90023.82141231903,30951.051033831653,52090.69647845078,62712.76134392294,90294.2278827362,30419.246181708328,93034.45418399687,77095.2115855965,50135.01590388429,63534.0927191211,38814.1605792539,48526.613276795535,45655.597209843116,31240.659869673633,47285.69387444923,45175.085727667174,53591.02945646044,36645.70767485816,37883.495771494236
59707.10526269974,41869.82997861278,48849.72550150432,31628.872713786528,31017.02266112634,74238.55172822495,89708.78442916868,30808.83711643351,51389.24798626346,61448.567134862555,90261.38365355626,30310.786813414175,92944.28459471039,76526.46800770129,49127.456751699545,63534.0927191211,38814.1605792539,48507.13403684667,45655.597209843116,31240.659869673633,47285.69387444923,44953.01383701005,53566.73128770477,36645.70767485816,37772.45356687004
59166.229982798926,41869.82997861278,48751.10454081867,31401.74200218825,31009.293099580907,72676.0513865477,89683.08750368372,30697.05334418996,50722.68442284457,61108.02918802798,90261.38365355626,30172.64924632968,92934.91536994543,76168.49146032006,48882.205764116814,62975.11179242225,37904.437677328286,48507.13403684667,45424.43399142637,31240.659869673633,46852.68112270609,44953.01383701005,52455.49230096503,36608.72671518114,37772.45356687004
59166.229982798926,41869.82997861278,48618.5147057829,31401.74200218825,31009.293099580907,72676.0513865477,89462.39050292505,30314.17088939701,50642.48567789346,58859.22537319518,90238.4223779832,30114.95175148125,92934.91536994543,74727.16596085289,48882.205764116814,61942.58148578448,37904.437677328286,48507.13403684667,45072.756453734466,31227.915032604145,46790.85472581089,44886.55540621699,52358.21896633534,36608.72671518114,36918.21689577674
58625.4129977518,41795.22033698334,48337.50211101517,31361.73535759258,31002.843000789268,71846.05911697261,89462.39050292505,29591.05903443797,50224.465586581784,58859.22537319518,90238.4223779832,30068.734233214822,92934.91536994543,74727.16596085289,48882.205764116814,61942.58148578448,37904.437677328286,48507.13403684667,44805.04548858608,31227.915032604145,46367.48628182016,44886.55540621699,51854.81104086733,36608.72671518114,36918.21689577674
58528.310419543195,40676.40012958834,47349.59669174687,30648.588465848432,30824.94724374829,71846.05911697261,88842.52937866435,29591.05903443797,49779.86762965611,58306.740048906024,90024.26043438163,29959.295035513052,92909.94268694545,73013.7466428746,47483.655629435416,61753.654412036005,36560.38669119397,48493.293972294836,44757.17968171143,30433.43604002816,46367.48628182016,44858.392244256225,51028.96504305095,36605.91186833905,36918.21689577674
58448.24634433527,40676.40012958834,47349.59669174687,30639.866650556294,30799.601959585765,71564.45913561215,88842.52937866435,29376.67721827398,49603.82802148452,58136.15413876922,90016.86397834866,29959.295035513052,92768.09975926571,71774.05922685556,47483.655629435416,60893.88971329945,36560.38669119397,48216.84467279256,44183.88989374336,30433.43604002816,46367.48628182016,44439.445614073054,49749.731673182236,36592.388161960866,36073.72760645629
58448.24634433527,38946.736791970216,47349.59669174687,30430.11613432158,30604.184618093426,71341.07014154518,88801.91617482879,29149.051491908504,49302.695025220535,57757.42091281227,89646.6686532384,29911.42956487962,92768.09975926571,71774.05922685556,46815.52531086578,60638.11711517395,36479.09056945136,48216.84467279256,43955.56627924302,30433.43604002816,46333.54394108675,44084.94559969199,49695.045535838646,36409.72111776857,35821.85894128313
58448.24634433527,38900.114487271436,46704.82145468656,30136.20294821482,30543.445110818655,71255.67570237143,88732.43265946694,29149.051491908504,49029.344591925365,57020.408306839614,89625.40257523606,29775.951392981617,92768.09975926571,71697.78646025252,46815.52531086578,60294.22340410971,36479.09056945136,48104.355075990556,43487.020896788345,30293.56329228788,46162.19026865434,43676.12462008537,48990.45607983503,36398.7843011507,35821.85894128313
57948.16374953522,38900.114487271436,46704.82145468656,30136.20294821482,30543.445110818655,70591.82758038897,88288.63514730005,28856.306204770906,48750.76109894074,56273.05608956018,89625.40257523606,29717.976661942543,92768.09975926571,71697.78646025252,46657.05281312487,60294.22340410971,36479.09056945136,47776.6512292849,43247.111425896735,29861.22932592277,46113.153422103125,43216.04539615224,48990.45607983503,36082.405579427825,35821.85894128313
57895.80324146646,37836.24824933002,46704.82145468656,30007.76548803134,30525.98661237611,70390.11069779473,88193.7570157121,28856.306204770906,48750.76109894074,56273.05608956018,89499.36532934612,29717.976661942543,92768.09975926571,70973.76211107301,45512.04733744052,60198.408820535646,36479.09056945136,47388.22147983677,42612.66149082532,29715.17185705905,45799.725967908926,42877.87636731305,48053.40829837716,36082.405579427825,35695.23566711934
57849.26624179555,37606.23945054976,46313.839077352575,29657.02361067058,30525.98661237611,70390.11069779473,88163.39151002771,28856.306204770906,48565.7570678328,55865.47043212501,89290.71824840708,29717.976661942543,92719.54859902436,69333.5480555143,44521.73413821679,59956.955947329254,35974.434125623506,46977.733399338926,42612.66149082532,29642.244261251384,45766.36158528878,42205.58195411155,47829.123994371876,36048.1612536111,35174.64082123626
57219.745677615654,37222.73795127689,45728.05424480543,29657.02361067058,30525.98661237611,70243.19343629814,87461.04641402718,28856.306204770906,48318.83145667547,55665.77162000957,89269.45803833037,29666.164677374163,92513.41123519323,69333.5480555143,44521.73413821679,59404.7961411793,34568.92227187654,46925.31624509221,42388.71852872707,29356.9311702936,45694.15274756324,41895.289191346106,47515.53083821771,35286.33043955427,35133.58769960358
56470.485619902975,37117.719492032884,44523.19073253834,29563.025337045023,30410.058846564792,70157.25785042645,87461.04641402718,28445.855826481256,48146.78567769535,55665.77162000957,89086.88131512662,29658.592893356235,92341.35330347308,68577.3006993073,44521.73413821679,58945.72093544083,34568.92227187654,46468.805035262536,41489.39895401656,29356.9311702936,45497.82095511835,41566.66780287055,47374.35846124159,35286.33043955427,35113.47978132232
55282.58536490472,37117.719492032884,44523.19073253834,29388.452502276723,30159.001597496565,69980.52093869056,86888.20255599942,28307.55000285365,47617.32944497141,55665.77162000957,89018.39833961928,29315.92224182952,92341.35330347308,68163.97780822334,44446.14327914185,58479.54424498899,34568.92227187654,46459.99863317777,41489.39895401656,29274.454022789694,45336.69406467134,41427.15187569466,47374.35846124159,35286.33043955427,34362.332878598216
54618.64887012536,35865.98618551013,43719.74118777539,29231.76005361871,30036.6110300782,69764.01887753389,86430.90246844807,28307.55000285365,47025.094305673185,55577.36593003643,88706.27403512549,29188.456937090803,92287.20700920573,67306.25109816826,43387.96213315558,58479.54424498899,34568.92227187654,46131.58372262771,41489.39895401656,29233.33446142395,45336.69406467134,41100.40518355442,47374.35846124159,34933.00920668099,34362.332878598216
54618.64887012536,35775.78179699613,43719.74118777539,29231.76005361871,30009.144226917382,69224.51210962005,86430.90246844807,28307.55000285365,46633.58721531023,54762.477599126905,88459.29358420942,29188.456937090803,92127.47350446839,66897.61348126127,43387.96213315558,58479.54424498899,34568.92227187654,45830.651540479616,40941.81910427849,29233.33446142395,45336.69406467134,40856.14854543482,46865.58553702022,34754.5271760079,34316.86769530819
54618.64887012536,35634.99986313687,42531.41587873911,29029.381472832818,29819.965976191696,69224.51210962005,85493.13559641848,28242.943192289495,46633.58721531023,54762.477599126905,88355.0776643275,29183.716234753058,92127.47350446839,65564.9651352941,42791.255218076054,57814.258202096134,34568.92227187654,45830.651540479616,40941.81910427849,29181.597360409676,45335.949098608166,40681.69390373205,46809.55329949333,34612.8299378809,34148.52172895125
54434.94196117514,35634.99986313687,42531.41587873911,29029.381472832818,29809.984622121283,69175.11490849392,84605.67913582033,28209.24509061186,46075.650654869794,54676.55547884485,88355.0776643275,29183.716234753058,92127.47350446839,65399.11420291556,42761.053140906246,57193.71019954786,34568.92227187654,45830.651540479616,40892.73902282507,28971.619289204165,44989.43902377329,40681.69390373205,46809.55329949333,34076.47929652403,34148.52172895125
54333.5179103317,35016.66347011815,42355.482516614444,27691.753779899616,29801.599810459906,68902.33142766646,84605.67913582033,28200.641318547383,46016.5804963829,54581.48332726063,88324.88554224513,29174.440361001925,92110.43261711614,64729.3754252487,40941.74475898853,56536.7474977205,34051.952786990296,45608.05537247488,40426.86257834162,28859.65935492397,44690.16048013883,40585.35011940845,46325.60951270959,34076.47929652403,33848.97441991961
53211.81150315394,35016.66347011815,42355.482516614444,27691.753779899616,29583.597461674282,68517.97666087186,84481.70915423958,27837.712078932702,45964.06430680727,53923.70234961003,88140.40896384226,29117.181599793083,92080.25826168538,64729.3754252487,40941.74475898853,56510.46938757762,34051.952786990296,45212.983046719535,39799.15030590241,28855.239260934257,44287.233009765085,40585.35011940845,46191.514391486475,33930.75725572721,32977.0333723411
53211.81150315394,35016.66347011815,42355.482516614444,27691.753779899616,29581.13582904212,67795.4995743698,84059.48181442187,27832.176040202998,45060.271801058756,53923.70234961003,87985.4735847742,28800.57078406462,92078.13451850461,64568.84172037252,40194.09957924234,56472.0466409706,33598.981502940485,45212.983046719535,39799.15030590241,28855.239260934257,44273.913466431244,39836.128659713584,45810.72695253564,33613.97703064635,32884.81814425978
52944.61403186564,34916.25825314854,42072.509060437624,27678.33062877394,29581.13582904212,67795.4995743698,83990.71932772764,27832.176040202998,45033.73942963065,53781.38618506556,87944.31109052764,28798.04396512436,92013.93675989706,63092.61250500123,39769.217220686645,56472.0466409706,32807.694194701704,45044.39759515923,39197.42906679722,28826.661310830397,44117.23252860691,39836.128659713584,45771.56456154669,33433.10677556011,32205.992119681843
52944.61403186564,34808.878733706144,41925.026924817386,27379.13434111923,29573.554788375557,65810.82110874155,83650.88915347045,27832.176040202998,45033.73942963065,52639.493513584704,87941.37862250076,28798.04396512436,91895.83829833036,62373.069429991294,39343.333098353294,55988.33741022187,32769.837898543294,44835.810867839275,38696.32171139836,28615.45249035042,43873.37910410943,39659.167131331575,45771.56456154669,33433.10677556011,32163.047200572517
52281.03455349385,34719.747295333305,41722.36560748366,27379.13434111923,29486.638538432184,65220.59586651813,83360.10385566315,27739.124785878477,44803.48948353555,51842.280763788076,87475.66105092832,28798.04396512436,91895.83829833036,62373.069429991294,38856.450873197486,55988.33741022187,32722.131114694457,44716.76791331922,38210.09908035631,28375.16113048193,43705.85090190965,39511.2034402422,45220.97055034209,33433.10677556011,31762.779684456207
52281.03455349385,34403.82223074102,41720.76019588103,27368.80245699651,29334.417692537434,65220.59586651813,83302.1038130681,27739.124785878477,44538.8360057414,51842.280763788076,87359.70141228223,28798.04396512436,91895.83829833036,61561.60817939367,38856.450873197486,55545.158164776585,32558.933038575942,44687.323482089225,38202.23969369118,28375.16113048193,43576.03939873435,39511.2034402422,45220.97055034209,33411.77632705533,31611.663743731588
52009.27036333698,33896.424474897685,41702.7442717624,27368.80245699651,29281.815053808838,65220.59586651813,82559.20946000364,27468.153383621044,44538.8360057414,51802.96635006634,87317.35876240859,28798.04396512436,91868.15761464747,61265.52555949883,38853.10852291277,55257.10379537309,32264.785361371618,44687.323482089225,37790.6671949181,27996.56473499116,43576.03939873435,39063.06994679489,44952.84722533223,33358.15691855871,31524.40101686313
52009.27036333698,32984.4231379124,41695.67354792266,27299.90296378073,29218.942360396883,64597.33177067425,82559.20946000364,27468.153383621044,44025.72186283167,48427.20883805481,87264.0680675721,28451.4806815077,91868.15761464747,61265.52555949883,37932.530903690065,54016.51007023832,32264.785361371618,43981.893417057414,37754.626170422,27996.56473499116,43514.9528689954,38766.71440880587,44921.031269780346,33168.76576357997,31503.71962627201
51044.52696447876,32984.4231379124,41668.176806724754,27053.33322654789,29218.942360396883,63471.42630532993,81713.19361952515,27468.153383621044,43862.2258552047,48427.20883805481,87154.62771503441,28451.4806815077,91809.07608350745,61265.52555949883,37769.788328668015,52785.03565286537,31953.03874573931,43397.51135850528,37372.45903355884,27996.56473499116,43466.53575956076,38601.860721603705,44458.26265000529,33100.3665844561,31378.613758640015
50641.77119423291,32984.4231379124,41599.45402097657,26815.397732996225,29159.562360641998,63241.961967456264,81698.38787437143,27396.757008967164,43785.861135585335,48427.20883805481,86901.77979143959,28392.70326100624,91734.56761877194,59363.89910705165,37769.788328668015,52161.417150142785,31833.593023083267,42996.22940200256,37372.45903355884,27656.912643776923,43012.55883522981,38565.37149548591,44163.34175601382,33100.3665844561,31316.28039933016
48865.96426314276,32743.73130319502,41599.45402097657,26616.762801286986,29090.234083694202,62138.81583410037,81685.32618480331,27396.757008967164,43782.030817508006,48207.85336783684,86886.17073949784,28292.885604421943,91734.56761877194,59363.89910705165,37769.788328668015,51671.35289175249,30697.049148078746,42489.482268365275,36906.12438676836,27656.912643776923,42823.00166633004,38471.92384902139,44099.11422277192,33051.27474086992,30958.602996995935
48558.18101812633,32146.356878493363,41272.79928539127,26616.762801286986,29020.612880725475,62138.81583410037,81685.32618480331,27396.757008967164,43354.22587869783,48104.814252759876,86419.10384989402,28085.75486755963,91734.56761877194,59363.89910705165,36889.75323795557,51360.36632107875,30697.049148078746,42489.482268365275,36861.22403324901,27436.332904054943,42774.708974079134,38468.32972750564,44099.11422277192,32985.065470476,30873.32703310255
48374.1459231103,31743.802975478087,41196.37954947699,26525.478428748713,29011.2360120708,61692.95971307158,80793.62033772757,27287.944390415683,43329.06452449722,47398.653118740214,86419.10384989402,28085.75486755963,91734.56761877194,58432.48540928819,36866.22320791852,50690.991606160635,30697.049148078746,42265.119982820084,36662.26622110811,27360.770929293645,42557.69926992281,38468.32972750564,43980.65439512801,32985.065470476,30848.26079866738
47832.039859370685,31743.802975478087,41048.510324465366,26210.736493968267,28957.44010865176,60424.03411891479,80447.96459843649,27152.9607400759,43195.68463619908,47379.53606081146,86159.17495312137,28061.204441581645,91614.49377220671,58357.55981213691,36730.6014499337,50335.65324832924,30027.65823024566,42265.119982820084,36009.436148694826,27338.078461531244,42529.014855869675,38335.57866595201,43979.93883763907,32906.16975545052,30848.26079866738
47832.039859370685,31407.656755459717,40609.34186914466,26210.736493968267,28957.44010865176,60424.03411891479,80447.96459843649,27152.9607400759,43195.68463619908,47212.09657292803,86129.35584533223,27734.577501191823,91455.68956855535,57064.23911346152,36493.34780099943,50088.49433205318,30004.09135128515,41946.69073851061,36009.436148694826,27338.078461531244,42488.16914793666,38229.98942149579,43279.77562037365,32888.623602087246,30735.80477528179
47832.039859370685,31344.01957160027,40552.767758820824,26190.632148780056,28941.807283013917,58811.19979240717,80447.96459843649,27152.9607400759,42148.91816561745,46787.60620429355,86057.66138306308,27734.577501191823,91440.2323415027,56780.34256043343,36256.024652771484,49985.91978147109,29905.803517732398,41610.34928722262,36009.436148694826,27338.078461531244,42448.65169275946,38204.96483205576,43279.77562037365,32586.11870818121,30660.3871150125
46919.76553105287,31091.918536865778,40149.29912166555,25792.144285136972,28941.807283013917,58048.82970522807,80258.00361997797,27152.9607400759,42148.91816561745,46749.54798226223,86013.06079232485,27506.004301885074,91399.08613605375,56586.431559669145,36256.024652771484,49715.13730837798,29531.4645926914,41610.34928722262,36009.436148694826,27200.78023503375,42393.36361633201,38025.70569359509,43202.0488443421,32576.842731892004,30660.3871150125
46919.76553105287,31031.614871252357,39827.51705466069,25790.642637175963,28941.807283013917,57914.35331795894,79866.60036030697,27110.619824511217,42002.73088604753,46154.88978508574,85193.1647966635,27506.004301885074,91314.07199758744,55601.38868299073,35555.5977969194,49199.15858529128,29155.67721085028,41515.32320702993,35891.734938199486,27164.82379925585,42105.52679420628,37909.93717268073,42710.3052367463,31591.000011774984,30142.179977988653
46585.39014302399,31031.614871252357,39758.30833167109,25660.692673288966,28867.845524946017,56496.45218593538,79394.32969637787,26925.320221060298,41558.232453356,46125.32114952517,85193.1647966635,27411.025619254036,91314.07199758744,55601.38868299073,35075.81695209284,48756.5939125224,29155.67721085028,40476.798524991034,35530.53388574546,27024.224472882084,42105.52679420628,37873.758045728144,42239.432910381045,31591.000011774984,30142.179977988653
45776.3456581902,31031.614871252357,38828.63079098616,25616.518961612455,28857.282891211944,54763.235693185,79394.32969637787,26826.74991817914,41558.232453356,45942.82726546231,85105.01183694805,27411.025619254036,91314.07199758744,55601.38868299073,35075.81695209284,48156.6080990694,28611.919278171226,39753.66867409967,35530.31971017006,27024.224472882084,41948.35155155714,37873.758045728144,42019.3016892607,31591.000011774984,30080.499804668183
45776.3456581902,30945.624290462725,38828.63079098616,25385.91596866699,28857.282891211944,54763.235693185,78898.3010833384,26795.6634899804,41442.39807373609,45774.04756574911,85105.01183694805,27196.22494635177,91281.03493758957,54704.62360198175,34605.19997883355,47907.114351695745,28478.77480676563,39753.66867409967,35488.73560026644,26893.195466912155,41920.52884725094,37492.200303908634,41973.98512837155,31591.000011774984,30051.85718588269
45776.3456581902,30748.312732523213,38828.63079098616,25356.861051479653,28837.289104034302,54496.053202323215,78888.78954909126,26699.06718065691,41116.14611446508,45589.57741454537,85105.01183694805,27195.43340172987,91197.54231292364,54704.62360198175,33938.163344003755,47118.616396927966,28462.725336099753,39676.4036792337,35241.33787284617,26893.195466912155,41893.558508489616,37473.01312646147,41200.229474839376,31225.533409042622,30042.13775962129
45731.52091378071,30681.869963548535,38244.46372703278,25356.861051479653,28801.14153036194,53509.85962459219,76631.80331077804,26462.3402966273,41098.652627911135,45589.57741454537,84864.4179299418,27133.16308133112,90685.9286321966,54028.528422396324,33938.163344003755,45663.2431210069,28227.46166774171,39149.870793236965,34922.219225040826,26676.28342562114,41352.5761656204,36986.183773968856,41200.229474839376,30785.66650315038,29766.677956488467
44859.771366187284,30616.23164884696,37815.588580033385,25258.922606359014,27963.4282149125,53160.267695227165,76631.80331077804,26462.3402966273,40246.15822714155,45374.98176336204,84752.71292054476,27133.16308133112,90685.9286321966,54028.528422396324,33260.14029068807,44817.314353464535,28121.085997293427,39149.870793236965,34468.56993278609,26568.488297788463,41207.15295737733,36951.243204112674,41200.229474839376,30734.400527227357,29766.677956488467
44859.771366187284,29732.146742850015,37726.33465842608,25149.152738018405,27963.4282149125,52349.605399947264,75831.98500594521,26247.821062737865,39800.74997399018,45374.98176336204,84617.91457214,27106.1828965691,90675.10538051995,54028.528422396324,33208.83374910547,44713.49075920326,27727.602090117976,39119.92739553749,34468.56993278609,26305.93609997753,41207.15295737733,36951.243204112674,40936.45651062361,30734.400527227357,29535.007193495287
44163.3807422838,29725.33919545739,37051.4341561758,25149.152738018405,27963.4282149125,52304.473874583775,75831.98500594521,26000.003149165917,39774.46788102139,45235.228938623986,84554.1299445736,26609.11101425769,90569.28915353546,53955.66250378684,32848.341559021035,44713.49075920326,27688.173653793197,38843.98749692966,34399.84899067176,26305.93609997753,41197.40696276117,36951.243204112674,40724.17466223504,30668.238542980216,29535.007193495287
44163.3807422838,29697.431193603086,36425.75422052735,24967.322133124457,27873.828108588485,51727.98518538233,74230.4658628371,25985.117231544067,39774.46788102139,44908.07636215562,83406.63177929544,26609.11101425769,90509.13162527773,53910.5536150829,32826.20121154512,43694.155638053795,27688.173653793197,38843.98749692966,34215.55623192496,25958.457842762946,41197.40696276117,36658.620114042424,40724.17466223504,30374.694835653987,29297.620738404523
43950.048855404595,28823.101063739665,36266.07019988386,24909.918625075206,27832.628927666166,50558.941428872626,74230.4658628371,25978.811212126126,39715.3943059674,44908.07636215562,83406.63177929544,26576.073651380375,90439.29779290188,53446.47472161493,32081.46620239771,43066.20438344353,27454.001879143405,38713.88007480958,34004.45922516569,25958.457842762946,41182.55051990829,36657.75086033521,40721.25127248223,30040.19567092981,29242.5261003007
43682.76797561464,28823.101063739665,36266.07019988386,24724.487608945765,27791.124292109223,50558.941428872626,72759.58664069591,25978.811212126126,39636.05296047639,44815.6721998741,83260.92460405841,26278.657432005148,90344.290987876,53005.71268479993,32081.46620239771,42806.14423911953,27298.92523194675,38713.88007480958,34004.45922516569,25682.056610607357,41177.57043402697,36556.451293838465,40704.904321945585,29622.49337094881,28771.125735804664
43607.99307206409,28745.74739458456,36042.012971912736,24724.487608945765,27525.65191626737,49914.78753776232,72459.446635101,25974.558831309656,39212.932615313664,44535.531778635144,83251.19779594083,26244.71952579097,90248.81949246835,52391.708537856044,31996.92575488157,42806.14423911953,26727.243513412257,38199.87172333193,33729.11800892978,25606.160752672542,40969.8635195144,36403.52953765674,40264.347613630656,29483.116186772608,28771.125735804664
43550.12349339676,27939.01563327979,36042.012971912736,24641.937379635805,27300.075162628073,49830.07578994462,72459.446635101,25897.414406510226,38657.110893326186,44522.394441627075,83251.19779594083,25920.886539788786,90145.73846209006,52268.169762398255,31605.58249172376,42806.14423911953,26727.243513412257,37511.6984208042,33477.6468426552,25606.160752672542,39992.82043660549,36403.52953765674,40037.887698692124,29465.848951658758,28771.125735804664
43122.49366520944,27939.01563327979,36023.73214083242,24436.099476043404,27227.7170215498,49429.261340209065,71976.35868754642,25762.970018593343,38414.80546907432,44385.862103435844,82816.20020134229,25911.3738315101,90145.73846209006,52268.169762398255,31605.58249172376,42461.037095291336,26727.243513412257,37415.93703507974,33477.6468426552,25278.12475336752,39992.82043660549,36130.6987283736,39890.62693380673,29003.046430581846,28645.32602352534
42485.81791832956,27721.89788340146,36023.73214083242,24310.474797928055,27008.48531467131,49233.87735402366,71976.35868754642,25745.601937240295,37910.254556448985,44090.518739984334,82782.84148410845,25911.3738315101,90003.04923285436,52248.99232228627,31488.518071887076,41980.40485880789,26440.061549052927,37226.73948512384,33295.52813417487,25278.12475336752,39894.112407350905,35354.692443329484,39884.65168403766,29003.046430581846,28618.425146707737
42341.74498002247,27528.94589819303,35322.556694509134,24187.39968022775,27008.48531467131,49193.66944770612,71052.5967707786,25506.552741227577,37613.91825425884,44047.38066096508,82551.96851494884,25911.3738315101,90003.04923285436,52248.99232228627,31072.544318898425,41980.40485880789,26195.60420419821,36742.16584723886,33295.52813417487,25278.12475336752,39512.22041684089,35354.692443329484,39832.1189796307,28877.4902530894,28618.425146707737
41820.91748295932,26474.958363013448,35322.556694509134,24181.49400327685,26878.628966730565,48921.13439829776,70966.02245176083,25016.2195859946,37375.13685093062,44047.38066096508,82079.76710138112,25911.3738315101,90003.04923285436,51522.979093776776,30933.687160559468,41970.68760319099,26148.706264479286,36742.16584723886,32785.11347574284,25278.12475336752,39512.22041684089,34509.601291455125,39695.77655515828,28862.72818069118,28220.053267326006
41820.91748295932,26474.958363013448,35315.23036049479,24086.400829760183,26453.926101517183,47926.50098782332,70966.02245176083,25016.2195859946,37338.16300825026,43754.29056121413,81452.98895368229,25680.15628530901,89695.50508408752,51258.80958080822,30555.034491827322,41897.227312978546,26129.741741741585,36529.77606479808,32785.11347574284,25278.12475336752,39283.32289380233,34509.601291455125,39418.306715842686,28726.43002571684,28220.053267326006
41820.91748295932,26198.542474938477,35315.23036049479,23958.256380229912,26453.926101517183,47852.487214772205,69209.81709199092,24730.528357099345,37065.39214303454,43663.006738132695,81087.62778475856,25177.347519387848,89695.50508408752,50946.19145522826,30105.344991085083,41758.54797869479,25284.28224602596,36376.023825489654,32653.25082530199,25276.903375197562,38979.860710828485,34494.991051292585,39035.99044268001,28351.081313676787,28186.807593785474
41244.476870292456,25613.829183414247,35145.17586143013,23854.46290847429,26453.926101517183,47502.567039337635,68391.55128959418,24693.754064472345,36747.3821386558,43284.42631795585,81087.62778475856,25177.347519387848,89695.50508408752,50946.19145522826,29612.056616501795,41652.06997282595,25284.28224602596,36339.985857876745,32594.308376334633,25201.40256951297,38378.53014202284,34494.991051292585,39035.99044268001,28339.472224706733,28125.927569291787
40413.81303841394,25613.829183414247,34805.94438310682,23854.46290847429,26343.625488649188,44723.92310947986,68391.55128959418,24619.02707419297,36731.89354771907,42960.25751004299,80870.48277468006,25076.8105412361,89695.50508408752,50812.311697275414,29148.87778983039,41186.75462748328,24995.536816562326,35601.08323803706,32594.308376334633,25011.57195432692,38114.95656005115,34441.67850771861,38841.612678672165,28271.163801495222,28125.927569291787
39469.517881589105,24746.853487865657,34805.94438310682,23850.351181627713,26050.418915994353,43791.13533374975,68391.55128959418,24586.796110826224,36657.94805529265,42218.3314294649,80552.99866878778,25076.8105412361,89674.96076624806,50349.86267402548,28992.09036062006,41186.75462748328,24688.555439187618,35601.08323803706,32547.402287354384,24831.63628323769,38114.95656005115,33769.742051501475,38791.62683082827,28271.163801495222,28039.41247121306
39469.517881589105,24746.853487865657,34615.48772396193,23850.351181627713,26020.48341428641,43791.13533374975,67858.63720347609,24565.119221229612,35933.66896634821,42178.506903807945,80060.36784668217,24748.165342105054,89577.25257533738,50201.788734698996,28489.320980402954,40758.08688899185,23992.4582022096,35601.08323803706,32451.045733818857,24831.63628323769,37956.408242780184,33769.742051501475,38634.372368225486,28230.975966975817,27940.24570858778
39469.517881589105,24746.853487865657,34565.24245286741,23850.351181627713,25975.08773387876,43791.13533374975,67858.63720347609,24565.119221229612,35662.17621002425,41933.35614003051,80060.36784668217,24748.165342105054,89539.58802253174,49155.620398683735,28433.395520290396,40578.469204118875,23992.4582022096,35514.297530495984,32360.125954861345,24572.2950896141,37378.00902990718,32844.23053095955,38541.91116166566,28144.548930549317,27901.260889170317
39469.517881589105,24580.95786000928,34143.19911011896,23754.975491727444,25975.08773387876,43791.13533374975,67193.15393188775,24415.20045480147,35438.06980757981,41696.9938950155,79940.79887146754,24736.612411423735,89414.70893673903,48755.27704380362,27385.56050984447,40578.469204118875,23600.718475498517,35010.09108738287,32188.79496430141,24532.151888408636,36049.24940838565,32844.23053095955,37242.8480077151,28144.548930549317,27659.7847901864
39092.73347247373,24580.95786000928,34143.19911011896,23719.541675906974,25975.08773387876,42977.766034696935,66748.85402090571,24239.62112668018,35438.06980757981,41696.9938950155,79713.88179552177,24701.13000856858,89410.43813762789,48621.44903437866,27385.56050984447,40578.469204118875,23600.718475498517,35010.09108738287,32188.79496430141,24368.843074182976,35088.78558880373,32306.343732042977,37242.8480077151,28144.548930549317,27624.981801482874
38908.43002799741,24337.146270841808,33821.20585822608,23719.541675906974,25699.510377131366,42977.766034696935,65828.12212898058,24221.35443150196,35438.06980757981,41696.9938950155,79330.38128572116,24433.990269631544,89410.43813762789,48229.193156158006,27385.56050984447,39903.09772602016,22900.841357291465,34943.214639866404,32095.96878699473,24368.843074182976,35088.78558880373,32306.343732042977,36621.763856544,28144.548930549317,26770.4373641825
38565.020708762495,24337.146270841808,33753.742239538056,23680.693862117372,25699.510377131366,41875.49821545638,65828.12212898058,24146.933791077743,35419.35698158772,41688.85984086968,78703.41200160382,24200.193274253706,89356.68290474832,48229.193156158006,27385.56050984447,39734.64752052781,22787.82857549798,34874.23795835939,32070.5388724134,24200.14505716883,34810.651051249326,32288.94405492137,36621.763856544,28144.548930549317,26770.4373641825
38093.76033156805,24181.7753393467,33735.40459040119,23592.60531993747,25674.50418123567,41399.84841159669,65828.12212898058,24146.923102946137,35047.46306002891,40704.09512025415,78703.41200160382,24192.73481004475,89356.36555541633,48003.01314513492,27385.56050984447,39449.793035417904,22787.82857549798,34874.23795835939,32070.5388724134,24119.723916097246,34810.651051249326,32288.94405492137,36120.465188742215,27923.699359346403,26684.315817338447
37639.48844519064,24089.912562782964,33659.05556715362,23548.05290994368,25674.50418123567,41260.69579430368,65828.12212898058,24146.923102946137,34713.867605437845,40704.09512025415,78631.0283710219,24191.82181800562,89229.4992876762,47214.69795746394,26531.094542509356,38647.84927481159,22635.193004398297,34718.45152723407,31003.86097591528,24112.992306974316,34485.78356203022,32288.94405492137,35457.8375426395,27923.699359346403,26684.315817338447
37509.68913368549,23625.710849862113,33550.69325775367,23459.77708643792,25573.84981452237,41074.286604650144,65828.12212898058,23789.993041158665,34700.47810487771,40665.258496803224,77647.76320432904,23874.786941854978,89081.2260550021,47214.69795746394,26531.094542509356,38248.252190219115,22376.082548839116,34718.45152723407,30819.36460162992,23576.449848153552,33867.48281579093,32288.94405492137,35041.43333399092,27876.94807884472,26647.709638424465
37509.68913368549,23328.16446508416,33471.44853635447,23348.73660623495,25573.84981452237,40867.57480396079,65255.037556133924,23700.585830446984,34448.243076729144,40665.258496803224,77647.76320432904,23874.786941854978,89081.2260550021,46560.414608407154,26261.230955592968,37783.55449965142,22318.36337899178,34718.45152723407,30819.36460162992,23499.314163560306,33739.959183284984,32288.94405492137,35041.43333399092,27627.42349977161,26512.49243838479
37280.2375514118,23312.040937694383,33299.10928172893,23348.73660623495,25573.84981452237,40737.71787109443,65064.58713907022,23294.097195664894,34089.97059043273,39522.835722873104,77647.76320432904,23791.376281150155,88940.54924984828,46059.65825392641,25376.474858816102,37622.49748858648,22318.36337899178,34514.58379422383,30819.36460162992,23245.9787327099,33739.959183284984,31983.984774341687,34330.07239716793,27554.49353137874,26370.404919858454
37127.74094734679,22882.733962540256,33244.20316781043,23348.73660623495,25570.9920782786,40544.116336245934,64619.19931759998,23294.097195664894,34089.97059043273,39522.835722873104,76680.32803861475,23632.95321938108,88897.85120055776,45813.77775544834,25063.04686655764,37037.2978179688,21982.267462291926,34447.88816109755,30254.379268008637,23015.31960573216,33739.959183284984,31983.984774341687,34330.07239716793,27552.741528180326,26149.524591045843
36287.06497498441,22541.611810700873,33139.38836506786,23328.46447062316,25567.26026610213,39177.59184638146,64390.586892076986,23294.097195664894,33960.85210398682,39522.835722873104,76680.32803861475,23472.786680177116,88810.27233782267,45494.755979201174,25063.04686655764,37037.2978179688,21639.741770997316,34326.44544607095,30254.379268008637,22490.27153179135,33219.99404798412,31807.664148907035,34053.82230169699,27438.563651434495,25855.23650507161
36144.97410195425,22541.611810700873,33056.5117282079,23239.028779211418,25417.427234397877,39177.59184638146,63533.68149576822,23294.097195664894,33600.137802990896,39096.28106327726,76495.71320900964,23472.786680177116,88753.22014360495,44636.65876783838,24604.594010178986,36198.24093614603,21564.433442817648,34326.44544607095,30254.379268008637,22288.48177471117,33010.58086421765,31428.488064070254,34053.82230169699,27333.148317738076,25740.717654340446
36144.97410195425,22069.249204775828,33008.63336212178,23237.505386469555,25370.32727522423,38842.85991787681,63533.68149576822,23057.122563091543,33599.61155804644,39096.28106327726,76495.71320900964,23407.572030407784,88753.22014360495,43604.98548935379,24371.868217196374,36143.74428279187,20893.968579089862,33998.45043392106,29958.029729271493,22223.205343331218,32790.07836118869,31428.488064070254,34002.448798498044,27333.148317738076,25740.717654340446
35898.882760724584,22069.249204775828,33008.63336212178,23149.912045556335,25244.010030993897,38113.64649409567,63246.91764033975,23043.951134316772,32981.102526188304,38346.900731980444,76495.71320900964,23293.60759333139,88560.80750945765,43604.98548935379,24333.48532474535,36143.74428279187,20893.968579089862,33998.45043392106,29903.88824660372,22166.68123214347,32768.65913883062,31424.377710761448,33898.22069351935,27323.15701078466,25465.067045694006
35854.39611236616,22069.249204775828,32854.73551048715,23077.612515604767,25163.572536590236,38113.64649409567,63157.74725067336,22687.395025544683,32335.653764406703,38346.900731980444,75676.26827437076,23281.778670992357,88498.33995620342,43097.732348148165,24263.107647206078,35278.28749969197,20893.968579089862,33968.152622872134,29903.88824660372,21701.178694941686,32768.65913883062,31293.039537377645,33898.22069351935,27104.852445695662,25427.592949522874
35693.87045797162,21342.53586103479,32807.55459340081,22931.65294174503,25149.48161240103,38113.64649409567,62690.60166886546,22619.201801116888,32294.294855044445,38346.900731980444,75410.24613819874,22881.53041691073,88498.33995620342,42770.946947913726,24263.107647206078,34402.28330217533,20893.968579089862,33968.152622872134,29903.88824660372,21701.178694941686,32681.479605243272,31280.751631214378,33767.77270900934,27104.852445695662,25373.515016071247
35507.13599514684,21342.53586103479,32807.55459340081,22924.691425215362,25018.04576333994,38051.89461035118,61155.04653085229,22598.0873854409,32294.294855044445,38346.900731980444,74636.31624188488,22807.26183639577,88328.15185953943,42609.040084843924,24221.141988241186,34084.30987440044,20893.968579089862,33828.677703468114,29604.95360280041,21279.65809020439,32253.36099544994,31176.020057863134,33442.0544887875,27022.708860896208,25040.57466754315
35507.13599514684,21334.712623518124,32787.79199260968,22924.691425215362,25018.04576333994,37119.39233731626,60744.104638611716,22553.663311732045,32287.794990809372,37516.49384741766,74433.3468225673,22807.26183639577,88246.47908259854,42609.040084843924,24096.20860630477,33855.638700451105,20691.510779826367,33482.490635645605,29586.08099664884,21279.65809020439,32253.36099544994,31172.863006305604,33094.555740027165,26995.582144344313,25040.57466754315
35153.304498736674,21334.712623518124,32584.19574596487,22864.759707582834,24874.239988990394,37119.39233731626,60744.104638611716,22283.626768269834,32053.461848124552,37455.69113068206,74408.02870109364,22770.123318582715,87994.38974287432,41536.22122833897,23704.434046383194,33433.86898585339,20691.510779826367,33482.490635645605,29364.89370226787,21221.397115544085,31732.98689816752,31163.091745471338,33094.555740027165,26939.300806345673,25040.57466754315
34550.207503343154,20687.220710900445,32584.19574596487,22827.16099634857,24874.239988990394,36533.22772018938,60744.104638611716,22127.98406727967,31845.60116113326,37455.69113068206,73098.24836680373,22770.123318582715,87973.9268117798,41536.22122833897,23664.117542427888,33433.86898585339,20691.510779826367,33304.06967529172,28982.621478003683,21147.366866326603,31692.72939665045,30823.466443845107,33094.555740027165,26814.09668648307,24920.96471290919
33961.169801230346,20687.220710900445,32584.19574596487,22781.64733237729,24736.091126840056,36533.22772018938,60082.790644272165,22071.896395991538,31679.698508757727,36956.49333945939,73098.24836680373,22592.848918697648,87916.53743328301,40541.17636969708,23368.66250596993,33425.837639953286,20525.832378225077,32811.71136189068,28982.621478003683,20634.29356619637,31560.472705126766,30799.34116832413,32846.93200188276,26814.09668648307,24766.700668512654
33794.918084170684,20687.220710900445,32426.48195205359,22673.779938492225,24603.141629584647,36140.82863367341,60008.112020609835,22071.896395991538,31636.11370842348,36956.49333945939,72573.53211055564,22592.848918697648,87916.53743328301,40541.17636969708,23275.081761188398,33403.50895077619,20525.832378225077,32811.71136189068,28982.621478003683,20634.29356619637,31313.965081860086,30658.03395696721,32846.93200188276,26746.815262004013,24766.700668512654
33632.400662440385,20667.905657757154,32426.48195205359,22673.779938492225,24476.984803203002,36011.39251303963,59461.22859237439,22011.990655333928,31412.065374984682,36367.831070250744,68951.09284713693,22417.576435318613,87786.33000486573,39769.77945468369,23275.081761188398,33273.49449042843,20525.832378225077,32295.48205126691,28912.403855255096,20592.03826601564,30782.127945988872,30550.79871762513,32335.800021333853,26746.815262004013,24766.700668512654
33344.54969544159,20246.737028404532,32229.29369455262,22673.779938492225,24314.932250708585,36011.39251303963,58594.137744380765,21981.708365171773,31231.064340598754,36166.99923541333,68951.09284713693,22294.794693727985,87761.90062240837,39223.09593813111,22782.199188756913,33236.99267106498,20525.832378225077,31977.083180325455,28724.577650967098,20171.07994923186,30782.127945988872,30405.34268825331,32315.000645491342,26710.285333536005,24721.93228395634
33344.54969544159,20157.839438251536,32196.22769741464,22604.025943617296,24304.308804221873,36011.39251303963,58594.137744380765,21670.233630267754,31013.8406412805,35665.90915146107,68951.09284713693,22171.19446793355,87515.6859487087,39011.52304540996,22782.199188756913,33137.0896076063,20487.084048924127,31972.95473278476,28721.931547166292,20124.70983395405,30782.127945988872,30360.136364440514,32088.396408191304,26675.340714413596,24721.93228395634
33159.570845232294,20148.512176548793,32196.22769741464,22604.025943617296,23998.515760911625,35615.344101211704,58418.512894646796,21606.299094990944,30811.454574928674,35279.925548312334,68573.81052828356,22122.23930066888,87405.91009715734,38747.354785056996,22690.73489226758,33048.18189528605,20138.057144759026,31972.95473278476,28677.36689859232,20093.252746370472,30523.760505851624,30206.191035622785,31895.73418779949,25935.48472192073,24469.21028576501
32995.25582947991,20069.90936711551,32138.058107909277,22551.262556698555,23998.515760911625,35615.344101211704,57476.86369202217,21518.744270695417,30775.40067274843,35193.32176717187,66714.71353718844,21906.05348933916,87405.91009715734,38747.354785056996,22690.73489226758,33048.18189528605,20138.057144759026,31763.420303831197,28650.69377137434,19987.84421455415,30476.871514215723,30022.258208212228,31669.229450094655,25587.31482830478,24461.470723831557
32995.25582947991,19757.18537413947,32016.929280504937,22493.101387094084,23648.678976227,34951.612286300035,57002.41465512023,21433.40272101477,30775.40067274843,34380.30512249743,66714.71353718844,21906.05348933916,87076.04002069963,38639.57596721037,22597.79467273893,32916.79876577559,20138.057144759026,31755.27523915722,28518.735808456655,19795.27947886638,30412.22918887066,29847.29904292302,31581.7430767848,25503.3775501065,24416.583185774034
32932.28638248517,19329.12476052244,31709.728976253202,22385.106711426568,23648.678976227,34441.25057653338,56047.35185889137,21421.502000165354,30214.92272244962,34380.30512249743,64474.67101997169,21607.101240241594,87019.8908774115,38505.80559180384,22589.58817145293,32822.83141645034,20138.057144759026,31436.82991352503,28378.527740136247,19795.27947886638,30332.034518812507,29847.29904292302,31561.750501130864,25221.170323315524,23995.91668768251
32591.38035578299,19329.12476052244,31709.728976253202,22252.602258441653,23237.926081430047,34302.876196759345,55229.11679938747,21391.93844057489,30214.92272244962,34380.30512249743,64474.67101997169,21521.84401317503,86869.1279164635,38188.16642898084,22589.58817145293,32806.499164349836,19903.42609795304,31408.20031614385,28077.622610986775,19795.27947886638,30254.891657113432,29473.244298620877,31279.895364690838,25092.498124455153,23995.91668768251
32591.38035578299,19329.12476052244,31699.77416430822,22252.602258441653,23237.926081430047,34165.57776328135,55229.11679938747,21176.864597819218,30109.039986592274,34364.82371035122,64474.67101997169,21521.84401317503,86609.44635295111,38131.93896453962,22223.58948068698,32711.1795213635,19783.44045619856,31282.555897580078,28077.622610986775,19525.99306751118,30254.891657113432,29473.244298620877,30972.394472427342,24893.75490419764,23777.603232883142
32591.38035578299,19119.3591457588,31611.672254759218,22252.602258441653,23078.664128662662,34151.81787446547,55229.11679938747,20914.91910546815,30109.039986592274,34321.05030753146,63315.93970865476,21521.84401317503,86609.44635295111,38063.568288450304,22011.341351277693,32501.798611655635,19769.603504559553,31225.85849766277,28067.500070715934,19516.45305404974,30101.10454368389,29033.244792005007,30150.872127029073,24893.75490419764,23704.99307623671
32533.517905178065,19119.3591457588,31385.02904006637,22020.47957880725,23059.38707215805,33783.7842987973,54083.19267578238,20914.91910546815,30109.039986592274,34247.11367632207,63299.34265408855,21521.84401317503,86260.99690121034,37709.99243183924,21421.233180404197,32501.798611655635,19769.603504559553,31165.943062767354,28067.500070715934,19463.495740315004,30100.921596739405,29033.244792005007,29970.931361569736,24855.336258180567,23499.411302876546
31572.327270028247,19079.498256108847,30960.557012220463,22020.352468115045,22840.657215617724,33768.9520364241,53295.38979951773,20871.781634628704,29918.158749190417,33999.23340867338,61408.86911067174,21384.464982933543,86260.99690121034,37709.99243183924,21421.233180404197,32381.13722427063,19335.761001988172,31160.063491199988,28060.862763318666,19312.29390875044,29942.965613303266,29033.244792005007,29970.931361569736,24855.336258180567,23302.17782467905
31125.237842833685,18885.59512226063,30918.321324526783,22004.76034852116,22512.22588276003,33491.19401060121,53295.38979951773,20780.207723262993,29886.916214465564,33999.23340867338,60643.13313945433,21369.884082021465,86168.69334671831,37709.99243183924,21421.233180404197,32351.19364769514,19050.130080189465,30956.47797297846,27821.907150044026,19132.578233451102,29648.33135445589,29029.41980883123,29846.816634138526,24765.765255647148,23247.956354951195
31125.237842833685,18882.26883665682,30918.321324526783,21895.87878422524,22212.333241788223,33491.19401060121,52931.626991000594,20780.207723262993,29877.030032864546,33933.77651199274,60348.160648581164,21218.803673830418,86049.24855989874,37021.41408971215,21421.233180404197,31985.804814008814,18790.37304433066,30942.570975279632,27821.907150044026,18970.678094661966,29648.33135445589,28715.275492103163,29846.816634138526,24731.24375846186,23247.956354951195
30627.323690220717,18764.67107255118,30658.245273264525,21783.09646538373,22097.687713720654,33376.82718347361,52034.27765379188,20746.73927170783,29868.268432357156,33850.09591534524,60348.160648581164,21174.429703792215,86049.24855989874,36892.02877350077,20709.54585933495,31985.804814008814,18790.37304433066,30728.10565015621,27522.96434691819,18970.678094661966,29583.645526774188,28656.686953654582,29589.236338883744,24731.24375846186,23146.86075985453
30331.082871167226,18694.083927977365,30649.46491490171,21631.06028750808,22097.687713720654,33009.84104239014,51784.41634758538,20746.73927170783,29582.820309714873,33748.598499621556,60219.882401244155,21174.429703792215,86039.33004037263,36892.02877350077,20709.54585933495,31848.94003748002,18790.37304433066,30587.274987544217,27522.96434691819,18970.678094661966,29333.264323856612,28656.686953654582,29411.209530750726,24504.640055739437,22666.926378975233
30273.937029052617,18614.32750944383,30627.163515069384,21628.105750338378,21932.280524078844,32940.342913470246,51415.226163082814,20742.679555818966,29283.40041049991,33351.137944008566,59005.45015806402,21174.429703792215,85695.88110261231,36804.302835439565,20284.98167646027,31564.54759093274,18424.815027859775,30581.47929443786,27522.96434691819,18901.851912696915,29118.871316394136,28312.607834235587,29335.269763231474,24352.46725912584,22666.926378975233
30273.937029052617,18303.56505845111,30463.35763782877,21408.91691945138,21932.280524078844,32647.127872068253,51351.64180062248,20652.14365459196,29283.40041049991,33295.49262356319,59005.45015806402,21174.429703792215,85660.56946020314,36685.88356644603,20284.98167646027,31434.54934957812,18385.456244376277,30581.47929443786,27522.96434691819,18882.529710191335,28796.12605192354,28120.338256083283,29169.70989529627,24204.6416883504,22559.45257094776
30273.937029052617,18268.38005539926,30285.504154399918,21335.484120628127,21932.280524078844,32647.127872068253,51351.64180062248,20477.21414406056,29168.288332817057,33286.59458511214,59005.45015806402,21038.778973584693,85660.56946020314,35996.73287931074,19999.631100967035,31370.55825223479,18229.16105716733,30537.911697234384,27502.1438885541,18745.89197921582,28796.12605192354,28120.338256083283,29115.909712654742,24204.6416883504,22512.572150726362
30273.937029052617,18057.72108295615,30179.65661349216,21335.484120628127,21902.826930662755,32074.88750766557,51097.518095169,20322.695910717244,29024.013195066895,33286.59458511214,58293.37356852405,21012.176871257332,85660.56946020314,35996.73287931074,19999.631100967035,31370.55825223479,18229.16105716733,30504.21072246177,27502.1438885541,18496.181163295012,28796.12605192354,28030.253020830256,29035.653423320724,23878.796253781988,22427.171111216685
30258.96126266057,18057.72108295615,29961.550761235525,21335.484120628127,21411.55880907179,32074.88750766557,50996.907530921046,20271.611885914226,29024.013195066895,33078.19840304176,58265.455727696426,20950.053645963755,85644.73140199445,35658.19894060348,19999.631100967035,31161.244921528272,18013.023678829493,30496.037694687006,27430.656998079263,18333.42844819427,28756.98470554996,28030.253020830256,28865.756115674012,23878.796253781988,22352.9926477827
29578.272361868338,18036.32687018378,29805.456635244493,21055.759510111304,21411.55880907179,32074.88750766557,50996.907530921046,20138.897236040888,28852.726699876337,33004.3962943611,57789.27652773474,20945.291244345623,85399.1733197932,35656.15091468807,19823.130610904278,31144.831782629077,17932.180612421544,30496.037694687006,27430.656998079263,18333.42844819427,28573.58713598784,27904.62814819731,28772.642064407737,23878.796253781988,22190.261082921035
29578.272361868338,17757.002300527216,29415.671727819783,21055.759510111304,21405.910096263855,31901.53038399277,50957.13096808563,20130.580756961128,28852.726699876337,32840.154023969124,57641.70593806081,20704.38110712579,85360.73203451073,35010.41720475204,19623.147597969986,30830.77397201334,17245.518479456732,30252.690423370615,27281.745217993557,18022.215560252836,28573.58713598784,27702.928541650064,28704.098699070088,23860.961555256898,22190.261082921035
29576.87519988076,17723.844890450266,29203.832118871152,21055.759510111304,21157.73457895597,31697.45961222687,50835.98661932967,19924.3095838734,28799.443845346206,32840.154023969124,57096.0690052364,20704.38110712579,85312.54635083058,34673.21580091069,19471.766070932896,30591.27481251544,17245.518479456732,30252.690423370615,27116.16479804651,17914.74886921454,28573.58713598784,27135.381118217567,28677.125871722685,23546.716049838335,22183.720985386553
29287.008594127296,17723.844890450266,29203.832118871152,21055.759510111304,21150.073401334605,31494.371774367417,50082.56617190894,19860.57802271177,28793.06341287023,32813.35068274506,57096.0690052364,20633.306637660196,85126.50721139001,34484.918254546865,19145.907588049795,30109.848844698787,17245.518479456732,30252.137416906495,27116.16479804651,17914.74886921454,28573.58713598784,27135.381118217567,28120.145464491085,23546.716049838335,22160.521627498718
29251.882194652782,17411.584782079677,29193.62634858166,20945.466305150538,21088.258783435107,31313.975867384288,50082.56617190894,19790.142578951887,28526.22311123184,32673.346517411286,56701.1927726049,20566.187541853717,85126.50721139001,34445.448023442834,19136.56462419407,29589.212075975403,17245.518479456732,30196.560818964055,26817.67964767933,17909.4044155346,28066.982812263737,27135.381118217567,28046.524245974248,23541.8785534043,21939.395009287327
29150.603364087467,17387.295686391364,28855.191652869416,20893.437731424776,21088.258783435107,31301.102096762188,49346.9319376522,19704.529816287817,28449.85583260626,32500.447414638827,56701.1927726049,20566.187541853717,85126.50721139001,33774.40285541104,18944.10505883786,29034.86869288819,16953.9863779435,30196.560818964055,26817.67964767933,17909.4044155346,28022.00285683726,27135.381118217567,27895.560796280915,23266.529915632884,21773.52887492317
29015.218740608554,17249.782829477746,28855.191652869416,20687.917401067247,20935.287713455837,31273.784094996416,49300.70333912573,19640.604934315954,28243.058382444404,32289.46000231048,55951.37528419801,20483.07764131996,85048.30342839487,33702.592814903895,18588.166954214852,28935.45272868314,16810.544861874703,30010.46425077254,26592.711751012077,17660.50354890027,27697.652196965493,27135.381118217567,27835.695628609763,23266.529915632884,21773.52887492317
29015.218740608554,17249.782829477746,28686.4718835648,20338.9574619829,20916.775927301987,30557.3411658251,49276.10769934312,19628.443447798265,28018.120591135175,31952.03655753342,55951.37528419801,20403.73993312384,84976.7586246117,33702.592814903895,18588.166954214852,28826.855625688087,16671.52274021097,30010.46425077254,26577.964798141667,17539.41319954113,27395.05687766894,27135.381118217567,27504.908139739546,23254.632813325934,21408.64557949682
29015.218740608554,17185.710084081467,28600.83127096913,20338.9574619829,20907.413750587206,30490.871081197227,49212.09224202829,19397.196764270055,27829.36330309072,31952.03655753342,55921.97733432825,20301.77425531625,84931.92254953735,33702.592814903895,18588.166954214852,27933.992781262037,15897.481029019385,29988.052394405386,26204.101496502615,17431.496188369652,27395.05687766894,26861.38209758525,27262.508327542968,23254.632813325934,21407.895830366233
28983.503894393623,17185.710084081467,28591.959614505726,20220.43289215422,20835.28562563631,30490.871081197227,49212.09224202829,19345.887599272715,27812.545177508764,31952.03655753342,54881.91233746743,20268.414088741403,84931.92254953735,32952.68906620163,18570.57264318548,27153.651713673935,15897.481029019385,29950.68455320866,26204.101496502615,17431.496188369652,27339.023181040622,26743.811423677897,26134.2463206183,23227.080648227715,21376.186621008677
28983.503894393623,17185.710084081467,28388.75736380152,20198.36727133703,20754.75242641296,30472.701704060637,49161.489308096694,19345.887599272715,27535.24782121279,31614.723975876117,54641.657000216255,20258.511115611047,84931.92254953735,32637.43259015078,17995.250013256024,26947.442714789897,15800.727986528844,29922.11316857567,26000.23526070415,17235.777007548517,27201.113756184932,26636.44091218491,25935.926117390587,23177.720212216547,21370.42272516986
28946.56449296837,17151.551807978423,28352.267387959648,19841.950017911648,20729.351113983947,30128.281201857844,49161.489308096694,19345.887599272715,27521.376001727716,31614.723975876117,53789.96996753951,20056.5369773977,84931.92254953735,32560.97288199148,17966.22435830693,26710.17750997485,15800.727986528844,29922.11316857567,25971.130869012188,17235.777007548517,27201.113756184932,26596.004705435604,24702.65599231066,23009.275972245967,21341.741246400157
28897.104934554387,17151.551807978423,28352.267387959648,19831.17935957701,20641.68739564414,30128.281201857844,49161.489308096694,19311.7573240036,27259.04554027143,31508.508255543646,53789.96996753951,20056.5369773977,84794.06377561786,32558.38156948999,17536.89407868309,26458.376888744748,15800.727986528844,29837.532990112933,25949.28635837563,17021.11391105315,26943.374743656183,26517.2082930249,24702.65599231066,22855.05609472037,21341.741246400157
28897.104934554387,17150.760705796318,28185.75618862317,19665.736359743794,20641.68739564414,29939.846183974703,48623.896444700484,19189.801397230483,27187.45897274575,30824.648637772516,53699.279611991566,19973.367244669887,84794.06377561786,32284.710630877533,17536.89407868309,26226.14481108639,15515.209942835983,29771.385957370036,25523.536547147163,17021.11391105315,26810.039604954578,26482.074564470564,23908.23553805161,22770.430734993664,21311.051835941398
28897.104934554387,16966.156548998268,27890.76042648018,19546.92063914943,20604.236432219564,29598.480651162885,48610.6562643278,19114.777741514717,26580.751262060465,30824.648637772516,52850.12590880281,19973.367244669887,84784.21302858126,32251.686941079406,17486.508170478905,26170.630623970836,15308.907055597587,29767.07986838723,25523.536547147163,16406.456868596084,26810.039604954578,26236.231817058713,23622.185314278955,22758.462560890355,21311.051835941398
28885.816715530797,16966.156548998268,27672.34743692421,19425.830805090987,20599.606722849665,29565.721965594686,48610.6562643278,19114.777741514717,26580.751262060465,30691.922402035587,52697.22621614406,19796.31621450943,84756.42878750619,32099.38550509797,17332.99342654396,25703.866028709304,15231.712063460891,29700.118291325532,25325.7403979807,16003.076414203144,26810.039604954578,26177.08379965927,23025.47335017621,22597.826967379922,21247.42548306282
28885.816715530797,16966.156548998268,27672.34743692421,19400.37704748843,20450.9935333468,29066.748724020847,47798.32013495674,19093.021118023695,26580.751262060465,30601.837406115763,52611.82771205892,19796.31621450943,84277.45463926344,31646.00150165083,17055.582587618374,25702.209039667785,15231.712063460891,29562.292661974036,24907.637542136996,16003.076414203144,26785.113402093968,25734.745894943604,23025.47335017621,22597.826967379922,21247.42548306282
28689.199090243856,16874.56325145236,27394.056850141707,19400.37704748843,20394.724855555196,29066.748724020847,47748.93342688546,19001.272984635292,26580.751262060465,30556.139361485923,51064.76154979632,19620.944076106087,84271.10085272817,31646.00150165083,17055.582587618374,25702.209039667785,15231.712063460891,29500.063294465213,24907.637542136996,15594.303406978295,26573.330050441527,25734.745894943604,22973.564275305886,22559.16638521899,21247.42548306282
28689.199090243856,16680.071600206014,27255.58229993811,19246.96706518937,20394.724855555196,28431.53443601416,47748.93342688546,18992.41697283233,26580.751262060465,30556.139361485923,50835.7843536596,19390.99414425649,83974.65521538758,31521.674683592522,17055.582587618374,25515.064847529153,15141.395233166748,29420.954488261952,24907.637542136996,15594.303406978295,26573.330050441527,25734.745894943604,21896.571166424797,22428.437086668848,21247.42548306282
28641.75766322142,16680.071600206014,27081.324712556645,19090.278056336912,20394.724855555196,27669.6258026966,46133.84793961133,18910.93083944971,26580.751262060465,29982.840997118044,49539.08576295678,19390.99414425649,83586.50126507856,31362.053087754997,17015.131463873622,25309.923755769978,15141.395233166748,29394.228715813006,24832.53851236885,15576.073979536895,26449.696171101084,25529.136702114087,21896.571166424797,22402.464683613205,21233.41049690797
28492.85998776472,16680.071600206014,27062.335741079412,19056.535839302913,20394.618180791753,27669.6258026966,45226.522774523546,18859.296651628458,26270.95077177091,29982.840997118044,49445.06534924456,19299.56710595926,83288.91378764404,31338.27566068178,17015.131463873622,25309.923755769978,15141.395233166748,29212.316259236733,24769.69874107529,15576.073979536895,26299.098823590015,25529.136702114087,20912.458763096834,22402.464683613205,21233.41049690797
28492.85998776472,16659.792391529318,26708.908111690118,19016.579173726295,20376.601167839257,26815.54221982275,44834.29672186053,18859.296651628458,26193.82090889054,29982.840997118044,49445.06534924456,19289.66508891529,83096.1271484551,31338.27566068178,17015.131463873622,25309.923755769978,14946.740324338156,29212.316259236733,24749.34964039087,15465.892575548638,26189.463819767745,25495.275508460953,20622.110037723036,22384.60669167924,21231.782531909772
28455.87024567208,16554.9133354458,26682.237744035305,19016.579173726295,20281.956754820632,26815.54221982275,44560.48699657128,18859.296651628458,26193.82090889054,29982.840997118044,49445.06534924456,19113.912973483904,83096.1271484551,30962.62213948178,17015.131463873622,25309.923755769978,14946.740324338156,29212.316259236733,24749.34964039087,15465.892575548638,26066.54386530374,25242.170266073575,20622.110037723036,22153.043059594176,21174.97492216969
28340.075223886575,16317.939565630013,26569.508384169403,18995.077190068718,20281.956754820632,26815.54221982275,44338.707153940646,18859.296651628458,26193.82090889054,29969.528966797254,47951.986824022395,19111.19016133982,82992.08765208932,30962.62213948178,17011.821377529875,25294.73437480735,14946.740324338156,29130.003675074284,24650.010970176936,15465.892575548638,26020.1184093407,25242.170266073575,20622.110037723036,22146.869136206427,21174.97492216969
28243.0544263558,16317.939565630013,26374.025144819716,18920.080778403633,20281.956754820632,26815.54221982275,44150.45427223614,18757.20722560815,26147.6611497521,29719.471466133997,47826.4387361372,19028.455030804438,82376.23376579714,30549.603712354135,16994.42466192632,25291.18594874669,14912.520851096137,29130.003675074284,24629.466847924625,15465.892575548638,25941.89683747477,25091.530223943817,20476.38485211052,22146.869136206427,21151.556057641403
28229.194451652358,16261.56700237872,26360.44264748121,18920.080778403633,20108.002282875226,26436.07211792608,43308.1724641712,18757.20722560815,26132.056888823317,29656.510302999926,47107.92399674972,18941.682518151705,82376.23376579714,30549.603712354135,16994.42466192632,25285.406166449106,14912.520851096137,29130.003675074284,24627.16776684262,15465.892575548638,25853.798498929133,25070.888207308493,20296.789645695346,22060.389506101637,21139.644628415037
28176.36517639205,16141.089800250955,26062.410399870874,18917.664562874965,20106.13261523587,26415.28225995072,43308.1724641712,18750.168411421608,25855.7016266293,29418.661713607846,45363.44486241919,18941.682518151705,82360.1816206939,30493.336524459522,16990.36285452194,25170.521881660694,14912.520851096137,28643.209960526437,24390.869311774535,15465.892575548638,25583.55353731946,25070.888207308493,20296.789645695346,22025.59360208656,21072.906806707193
27881.227751326016,15749.766600826317,26040.905168912534,18896.856954455292,19938.323688931854,26415.28225995072,43011.660958780274,18726.769690458084,25837.34549639266,29418.661713607846,45363.44486241919,18798.556988583696,82360.1816206939,30488.1395692438,16982.696585781185,25170.521881660694,14912.520851096137,28518.054541855618,24390.869311774535,15465.892575548638,25252.176414908554,25070.888207308493,20170.92374851052,21972.59253633034,21002.66709508777
27870.19398537893,15749.766600826317,25796.237314975377,18885.450576835392,19885.882177629686,26415.28225995072,42774.686676034515,18691.56759108292,25508.564030135458,29370.984974348547,45363.44486241919,18762.72976396364,81928.64099562904,30024.157012668733,16982.696585781185,25123.00643932706,14868.075508433283,28401.007812153475,24390.8453194499,15462.79505601818,25252.176414908554,25070.888207308493,19791.959795574086,21972.59253633034,20912.06390854668
27564.749933941344,15668.835761901877,25741.080881607748,18853.877365658795,19621.16928968924,26391.440047996755,41793.579916673596,18688.56657255307,25489.74049809607,29290.477645134775,45122.35125442644,18347.72573550607,81871.6318518525,30024.157012668733,16982.696585781185,25040.755144154875,14866.517281097264,28401.007812153475,24390.8453194499,15462.79505601818,25252.176414908554,24963.999915223274,19755.942015519104,21967.972047154915,20817.263466985183
27562.019858511,15398.640352078432,25391.318947912143,18853.877365658795,19621.16928968924,25861.18286000824,41437.28578003389,18688.56657255307,25035.518581575336,29290.396745102633,44988.13887910262,18347.72573550607,81743.95003243002,29964.49971599116,16982.696585781185,25040.755144154875,14695.8154826336,28139.30356852063,24284.641990461183,15391.901335245531,24922.684126292294,24962.109315148096,19047.447785993012,21951.504916819784,20802.32768153479
27481.07458064786,15398.640352078432,25391.318947912143,18853.287743330864,19621.16928968924,25616.65439040065,41299.881715669944,18688.56657255307,24863.158737286467,29290.396745102633,44967.52200862525,18321.963450500836,81192.43245989783,29886.62403127251,16952.69024704575,24958.512777522017,14695.8154826336,28033.702948315244,24278.843897921895,15344.509387417964,24922.684126292294,24886.966175658526,19047.447785993012,21848.735357716247,20716.02596858483
27375.31529333911,15398.640352078432,25391.318947912143,18584.011864861524,19606.015886666806,25614.893835341318,41299.881715669944,18626.682364159235,24863.158737286467,28789.73755257026,44967.52200862525,18137.52925529227,81167.58137751553,29556.546106699836,16952.69024704575,24937.630914846774,14695.8154826336,27924.213151343753,24131.950563002974,15317.569963762184,24488.350075776143,24835.568873140168,18966.46110085399,21841.87142903611,20543.729348370358
27163.67046168953,15398.640352078432,25358.789072178286,18584.011864861524,19480.64966372259,25075.118536830698,40755.55163299843,18558.8627989128,24526.65042448433,28789.73755257026,44967.52200862525,17975.107805084463,81167.58137751553,29499.789905036214,16952.69024704575,24791.243836506812,14695.8154826336,27610.207599305555,24131.950563002974,15317.569963762184,24465.884482727724,24807.972021405687,18732.353417058883,21518.656936282743,20534.06870377606
27163.67046168953,15398.640352078432,25305.685972521776,18584.011864861524,19480.64966372259,25075.118536830698,40307.31740953258,18549.663060321735,24399.06421283987,28324.830478464508,44910.67812748099,17936.89403045585,80824.15519639676,29499.789905036214,16946.515322782037,24773.61289202196,14695.8154826336,27442.801530804078,24114.013447875426,15317.569963762184,24432.122543683516,24630.24399081897,18699.56129608483,21518.656936282743,20529.662252758364
27163.67046168953,15398.640352078432,25305.685972521776,18584.011864861524,19480.64966372259,24719.714748350874,40183.09109190719,18486.426806004692,23787.168415664048,28312.49648966185,44721.612144893945,17803.2317277544,80636.89069338939,29396.041922414974,16945.545346814175,24773.61289202196,14695.8154826336,27442.801530804078,23921.21467058162,15317.569963762184,24345.630918451912,24505.090644123426,18690.88519727715,21498.36621270423,20403.267789199184
27162.340163089455,15151.526954574274,25242.29563921314,18450.287032312994,19383.56437543551,24570.52858990528,40183.09109190719,18404.95434284718,23787.168415664048,27967.21275218399,44279.37760976819,17803.2317277544,80232.44035419085,29396.041922414974,16936.295007506025,24461.746927144733,14695.8154826336,27224.800135190882,23921.21467058162,15317.569963762184,24073.667597174208,24505.090644123426,18690.88519727715,21321.730872445743,20343.119454884025
26710.517425957965,15151.526954574274,25111.566946389918,18333.381039421343,19277.949888484654,24570.52858990528,40177.33934434023,18278.495253355974,23622.28168193001,27906.267839200606,43808.31655707891,17688.03678400044,80232.44035419085,29396.041922414974,16925.616716818025,24352.260253947585,14695.8154826336,27224.800135190882,23898.417614621074,15317.569963762184,24028.058281882175,24198.28944388001,18310.09660695616,21278.87740261027,20326.673186742697
26710.517425957965,15151.526954574274,25076.511872630308,18333.381039421343,19277.949888484654,24570.52858990528,40065.10443420906,18156.737789688512,23622.28168193001,27888.03423550144,43779.12536616437,17688.03678400044,80086.34953089854,29317.25796422112,16925.616716818025,24335.94385710882,14695.8154826336,27021.272731142053,23638.192954130853,15296.020946972874,23818.350993176595,24194.648861854752,18081.428802125192,21185.600099500836,20326.673186742697
26343.502670308968,15151.526954574274,25059.10436043793,18280.726792743255,19226.382727279677,24337.460305425444,39197.77448873587,18156.737789688512,23369.70153049441,27691.071075618227,42674.18891050207,17391.97175369326,79514.61989722209,29203.251206859914,16918.885906914074,24279.834993876862,14695.8154826336,26958.836861693973,23638.192954130853,15223.931483788303,23728.782815326984,23412.159107154876,17991.92152208738,21179.52397529827,20267.71537282988
26229.79436101525,15151.526954574274,25015.23713359463,18162.64657972793,19124.728993243138,24337.460305425444,39197.77448873587,17970.83561209302,23311.5193875059,27634.5709156886,42674.18891050207,17391.97175369326,78888.32560911146,29008.244883150037,16918.885906914074,24244.82677668664,14640.87918327733,26282.69001266713,23508.49491147231,15210.142224549252,23609.76808427344,23412.159107154876,17865.92505834438,21163.14662589403,20267.71537282988
26229.79436101525,15151.526954574274,25015.23713359463,18162.64657972793,19092.93373246189,23911.553889094463,38775.55492256181,17891.65565358499,23182.75284420848,27284.46567702906,42507.12245521231,17391.97175369326,78687.52142872171,29003.111840784273,16794.446830203677,24221.002354065884,14632.255246442872,26282.69001266713,23508.49491147231,15138.207510107954,23556.12390585893,23412.159107154876,17733.563682089036,21086.228652766415,20087.66042416104
26229.79436101525,15145.873530260857,24995.582227322015,18090.514491674283,19045.29422985807,23671.08734970657,38775.55492256181,17852.30382735599,22817.83956128985,27210.663342196884,42304.56137077314,17239.15151400722,77268.72433243787,28822.369795813276,16794.446830203677,24221.002354065884,14629.292543485351,26090.428806723005,23508.49491147231,15138.207510107954,23556.12390585893,23359.461141075364,17679.67890508267,20544.70982280569,20084.905717418067
26201.49296527701,15076.952023431602,24995.582227322015,18072.923282973687,18848.389306945275,23124.99715052197,38738.068742778225,17733.962278555708,22718.07848384119,27135.129437261858,42257.45160193473,17199.653139670314,77268.72433243787,28822.369795813276,16794.446830203677,24155.002705263534,14560.0309122574,25994.289893307916,23362.366483489524,15071.878692516117,23339.500040628955,23090.777116674228,17570.93216641914,20498.445915165277,20009.665465765316
25736.367592912036,15076.952023431602,24983.73144322694,17862.155843569864,18824.114656257632,22646.271837180757,38027.05671837593,17640.014079817374,22660.50272616537,27033.103940482746,42167.11341363477,17199.653139670314,77268.72433243787,28750.669499472857,16794.446830203677,24089.12340714899,14540.189872550902,25860.303408900494,23335.38339879342,15071.878692516117,23281.10582958776,23090.777116674228,17553.326613330297,20498.445915165277,19765.477385133086
25736.367592912036,15066.941699666802,24708.844213506152,17862.155843569864,18599.495941413115,22591.44147182679,37799.70594962431,17581.645238295572,22434.866808333507,27033.103940482746,41775.02665522459,17129.469275827003,76998.95912398795,28616.971947214213,16794.446830203677,24087.316011452196,14540.189872550902,25742.389742323354,23335.38339879342,15022.681735158443,22865.47606683454,22846.515235213177,17553.326613330297,20170.898729623794,19765.477385133086
25679.18435244369,14513.957242944944,24708.844213506152,17715.18635645001,18599.495941413115,22072.887547879436,37594.27687261938,17581.645238295572,22434.866808333507,26807.769710572316,41511.90571309396,16923.008945896687,76597.33045902324,28616.971947214213,16794.446830203677,24003.810937000766,14395.277530426467,25528.142584439716,23335.38339879342,15022.681735158443,22865.47606683454,22846.515235213177,17445.034450790416,20170.898729623794,19737.667036923096
25679.18435244369,14260.77682116523,24541.81989812083,17630.131238100836,18582.334541791904,21868.307190513664,37503.7503312343,17420.25493164146,22434.866808333507,26554.958518017374,41405.375137411276,16865.797184650124,76533.51655571889,28207.366249574843,16794.446830203677,23717.398590555546,14395.277530426467,25528.142584439716,23224.69578761225,14922.143196646792,22769.678695481263,22756.358205709897,17197.94945750448,20170.898729623794,19622.056706818053
25554.751810973026,14099.227510608696,24535.023477913484,17571.911095399068,18582.334541791904,21814.74934644248,36890.8272381296,17353.760535211317,22248.855002542932,26476.03387206708,41375.87460862405,16827.489560632086,76473.90675710577,28070.571503798994,16794.446830203677,23586.819352684866,14365.053127858071,25426.265008141956,23219.616820089963,14895.45923049641,22769.678695481263,22594.42859439145,17197.94945750448,20001.635745596086,19490.902069732132
25486.54782981187,14099.227510608696,24525.580108283157,17523.731175831927,18430.746757623507,21734.005057674836,36890.8272381296,17353.760535211317,22191.299686418388,26476.03387206708,41108.650697463,16502.017004178608,75558.21266123359,28070.571503798994,16794.446830203677,23329.37128454876,14365.053127858071,25318.088783207004,23219.616820089963,14895.45923049641,22692.555658614518,22299.41629121241,16929.904241644617,20001.635745596086,19490.902069732132
25300.65846550553,14001.284074137864,24370.6586311047,17500.30839256996,18336.801099315737,21485.353752861018,35855.18000365185,17353.760535211317,21875.912202527332,26377.93651832362,41108.650697463,16292.963995519272,74961.0541911248,27807.681247167682,16642.885499329386,23329.37128454876,14365.053127858071,25149.416541512506,23095.13250461177,14823.296834531122,22332.306187749527,22299.41629121241,16929.904241644617,19955.765383131267,19490.902069732132
25282.08083953965,13795.477362129235,24330.902391130352,17350.41239446274,18336.801099315737,21485.353752861018,35855.18000365185,17281.40689799191,21595.2101314521,26377.93651832362,40762.72219714367,16292.963995519272,74961.0541911248,27537.499135058275,16642.885499329386,23307.546528884028,14365.053127858071,25010.57580392324,23055.176163998374,14823.296834531122,22332.306187749527,22299.41629121241,16790.110704269988,19955.765383131267,19321.936174021248
25012.679590529777,13795.477362129235,24330.902391130352,17350.41239446274,18333.5886451161,21001.931742536388,35855.18000365185,17251.259289467962,21595.2101314521,26328.985339479335,40762.72219714367,16005.298103495708,74961.0541911248,27537.499135058275,16642.885499329386,23307.546528884028,14333.234617225467,25010.57580392324,23055.176163998374,14802.20891136492,22210.079172522528,22299.41629121241,16790.110704269988,19955.765383131267,19321.936174021248
25012.679590529777,13785.315229556589,24321.571882146425,17269.743497247422,18333.5886451161,20940.502454121564,35207.57971941408,17223.372511057794,21595.2101314521,26327.665284065843,40577.88179396003,16005.298103495708,74961.0541911248,27537.499135058275,16372.856555872953,23043.8362050771,14262.80385903711,24988.610571085344,22969.223065204333,14736.097135294971,21984.06705683483,22206.802100284447,16655.224812404776,19851.139760925995,19278.693654694787
25012.679590529777,13592.742243479672,24321.571882146425,17243.124133858262,18257.165863117152,20855.61311735061,34338.137181649276,17223.372511057794,21348.713587143673,26071.099719029073,39909.87410558,16005.298103495708,74961.0541911248,27208.128958577036,16372.856555872953,23043.8362050771,14262.80385903711,24958.066748766316,22923.226435860117,14713.755634031571,21895.545918890144,22146.585642671234,16539.718620217714,19830.2790514154,19153.238488845553
24973.42666465061,13521.96578718145,24064.74022660215,17192.097313772065,18257.165863117152,20848.00173415557,34338.137181649276,17223.372511057794,21348.713587143673,26071.099719029073,39853.29649168124,15865.390534434318,74465.90672509247,27208.128958577036,16307.277746392032,22775.802802909522,14262.80385903711,24957.012727437803,22923.226435860117,14711.2464035265,21685.35021421695,22043.174955556788,16539.718620217714,19830.2790514154,19113.76847592911
24822.583516491133,13100.175897706273,24064.74022660215,17192.097313772065,18209.428990948483,20538.461737755526,32939.476590132705,17185.910967717355,21204.3433899054,26046.69687625878,39645.6600390102,15787.196945593687,74465.90672509247,27207.164382307452,16212.31769462103,22680.935805188157,14262.80385903711,24752.67026062568,22913.279343072347,14614.397664940452,21685.35021421695,22000.938424975848,16200.040644663719,19752.676797283973,19085.447879102634
24816.495354221715,12933.116779725295,24036.230479501533,17192.097313772065,18209.428990948483,20379.802625108652,32939.476590132705,17045.78963672161,21184.50888058389,25901.234378730907,39637.30167659739,15784.446407145546,74443.90122765221,27207.164382307452,16182.948196097701,22680.935805188157,14249.438776844136,24752.67026062568,22806.76294298575,14457.776581743648,21493.530580693343,21843.46843424809,16200.040644663719,19748.543949353374,18896.64042682167
24470.39436687193,12549.31415686622,23803.37565167906,17192.097313772065,18209.428990948483,20379.802625108652,32294.282027490142,17031.774322498663,20889.844274598854,25901.234378730907,39517.260354781945,15784.446407145546,74431.11324519667,27207.164382307452,15997.603864523811,22578.939401556392,14244.179482764403,24752.317886779354,22669.554314106863,14310.993090256923,21493.530580693343,21838.125219568057,15966.181652261772,19567.51380619239,18896.64042682167
24464.3239224759,12458.742475097411,23803.37565167906,17131.010864299722,18100.371574972458,20250.232435512982,30247.350460571277,16916.895549146684,20812.76241830078,25826.8888527295,39439.19601844563,15784.446407145546,74088.43332334359,27207.164382307452,15997.603864523811,22496.983679193814,14244.179482764403,24752.317886779354,22669.554314106863,14291.129743238762,21276.364004860494,21824.45074232056,15344.631799943498,19567.51380619239,18896.64042682167
24464.3239224759,12458.742475097411,23603.146274182738,17123.792435726144,18100.371574972458,20148.308102765648,30247.350460571277,16916.895549146684,20807.86511261224,25826.8888527295,39190.99396490593,15784.446407145546,73925.20883243644,26950.480237628723,15937.143191651578,22217.201811255247,14221.794636347098,24508.21514771424,22558.420893798357,14017.956009311574,21049.543763849677,21731.470742358455,15309.725364051868,19565.504552161463,18843.94821633917
24235.32170439468,12282.335851880845,23452.839526984848,17121.714370995738,18100.371574972458,19968.56273235007,30184.075783858258,16916.895549146684,20656.700820066362,25826.8888527295,38902.920448641875,15733.871020951045,73925.20883243644,26946.22516151777,15771.638813808528,22065.95744302866,14221.794636347098,24508.21514771424,22476.969338383413,13812.104796090569,20731.416262107352,21724.333305271593,15202.517654245321,19549.666166970255,18819.78982072358
24235.32170439468,12280.900913711277,23452.839526984848,17119.267901136685,17923.952960747923,19748.897846867218,30184.075783858258,16916.230821444886,20549.203585469357,25670.879507606147,38902.920448641875,15601.675589426526,73925.20883243644,26946.22516151777,15616.234769866976,21966.812246019897,14221.794636347098,24277.767389164957,22418.37646685807,13786.7307121755,20584.92315873487,21581.71721682688,15202.517654245321,19468.887512434856,18772.943519631357
24225.52005341546,11979.283157717568,23296.784298157298,17119.267901136685,17923.952960747923,19748.897846867218,29316.363888902506,16827.096447930795,20520.030755429696,25516.66671583768,38285.932665246866,15536.767539838316,73925.20883243644,26945.27369298788,15484.320959617706,21382.746717284946,14221.794636347098,24191.45864332424,22331.712897756097,13248.329073011075,20584.92315873487,21445.57929664327,14958.626295849817,19451.968459048912,18745.197606448528
24156.592842974784,11979.283157717568,23241.542418777823,17089.389131791846,17853.16258484956,19748.897846867218,27791.256705861128,16774.471044866972,20520.030755429696,25516.66671583768,38268.79680157295,15536.767539838316,72856.81373409969,26837.647307200292,15484.320959617706,21192.07758723484,14218.79396337299,23013.759058742955,22297.118845090383,12960.587729812718,20584.92315873487,21445.57929664327,14912.911972584468,19303.437458694818,18745.197606448528
24156.592842974784,11979.283157717568,23241.542418777823,17089.389131791846,17812.25134929384,19728.001996284343,27787.077455220053,16758.358109213965,20437.61169520413,25516.66671583768,37882.34592455602,15399.986998009177,71987.2962390717,26833.94814200331,15402.027657091716,21171.830087397346,14213.066285449422,22828.04304819878,22287.259802107164,12938.592050665471,20525.220614077316,21418.308657037473,14643.810998033037,19303.437458694818,18677.217391603044
24156.592842974784,11979.283157717568,23241.542418777823,17089.389131791846,17772.006807459562,19584.250992837093,27787.077455220053,16758.358109213965,20313.476092580575,25327.907783802708,37882.34592455602,15384.624072858449,71637.67685292798,26812.47351630393,15312.348483114987,20939.65741666339,14176.38526237668,22828.04304819878,22093.874791395447,12938.592050665471,20199.70685007709,21273.929880487194,14643.810998033037,19189.500939632013,18635.49256491352
24156.592842974784,11974.052740877036,23140.009517753184,17089.389131791846,17749.28455323704,19366.668122511004,27517.765932712802,16753.11361060517,20313.476092580575,25131.320505615255,37566.204035210605,15371.122603768268,70506.36914110114,26742.41159551983,15303.52126435594,20786.008724205334,14132.8836358124,22828.04304819878,22093.874791395447,12745.279974967933,20126.884235133308,21244.984280681707,14635.568550283857,19189.500939632013,18635.49256491352
24151.90228467739,11974.052740877036,23125.546501215875,17051.750786051984,17619.66850635956,19366.668122511004,27488.09254781854,16694.213355515436,20313.476092580575,25131.320505615255,37544.08238704535,15305.926088045766,70493.75167486478,26742.384452047638,15034.53439988547,20529.77815167414,14132.8836358124,22723.780030572285,22055.91069741656,12508.069190073395,20126.884235133308,21244.984280681707,14381.612832955798,19113.594354067143,18598.009037943215
24151.90228467739,11974.052740877036,23112.033874885972,16999.981020339106,17618.157554863454,19313.767564157006,27476.77374846828,16616.08680747047,20247.93188718081,25093.64307560597,37217.096872175796,15142.42159556366,68858.0657075213,26466.831930758002,14971.763808618982,20529.77815167414,14132.8836358124,22573.51111343212,22055.91069741656,12508.069190073395,20061.330775745948,21244.984280681707,14273.438745957168,19113.594354067143,18586.088362786162
24091.682372395047,11974.052740877036,23112.033874885972,16927.220037537103,17618.157554863454,19306.198880245647,27476.77374846828,16616.08680747047,20154.533649821893,25093.64307560597,37217.096872175796,15088.145875963075,68858.0657075213,26466.831930758002,14971.763808618982,20452.705285622123,14132.8836358124,22224.275118861497,22004.950126078897,12420.503931184541,19888.77717729973,21244.984280681707,14237.754657698628,19113.594354067143,18586.088362786162
24041.42477339214,11959.32847342774,23112.033874885972,16927.220037537103,17593.520811679184,18861.43425501503,27345.767457567552,16589.817022866402,20031.570929921025,25093.64307560597,37217.096872175796,14981.6496906011,68858.0657075213,26381.809076535465,14934.19553172377,20293.322185180998,14132.8836358124,21993.320505870324,22004.950126078897,12048.934796466381,19847.11292589609,21244.984280681707,14180.302148018942,19093.110357552374,18575.963153148165
23951.934917315837,11959.32847342774,23082.694813918723,16910.88601617529,17521.29061213762,18828.769098560777,27320.16617644719,16489.952832754403,19853.454704461325,25093.64307560597,36907.47477899417,14878.776635213448,68186.54527080414,26381.809076535465,14879.364379753415,20243.823676263895,14132.8836358124,21946.568630086655,21864.308073105167,11949.038266763824,19686.674140470903,21071.814379244326,14140.53091565578,19067.069128031,18554.765557445695
23951.934917315837,11959.32847342774,23048.20065965641,16910.88601617529,17521.29061213762,18665.401834611705,27225.6154118548,16368.23742718207,19853.454704461325,24879.78688886438,36561.78593139655,14815.184345956217,66635.38142793672,26381.809076535465,14854.404767191629,19872.13959749496,14118.758248730614,21895.28316025608,21862.584410669217,11597.207397425973,19686.674140470903,21071.814379244326,14140.53091565578,19011.001487878268,18554.765557445695
23898.278636338706,11959.32847342774,23048.20065965641,16882.00286556999,17521.29061213762,18665.401834611705,27223.89318944316,16368.23742718207,19500.80806899232,24859.560508555413,36561.78593139655,14813.017966285064,66027.53459263168,26381.809076535465,14664.967681242582,19872.13959749496,14118.758248730614,21804.09700900067,21764.998896334317,11597.207397425973,19686.674140470903,20975.50795595253,13945.314233192234,18943.03143300432,18551.020482217195
23831.608266315376,11959.32847342774,23048.20065965641,16810.92684648084,17405.391300139265,18665.401834611705,27223.89318944316,16368.23742718207,19500.80806899232,24816.51581766139,36104.41746370778,14702.771783669074,65442.69655177505,26381.809076535465,14619.653759637375,19816.529808417316,14118.758248730614,21475.335121480723,21720.937632127167,11597.207397425973,19684.373311703235,20966.138461761668,13945.314233192234,18932.396596167393,18551.020482217195
23666.115500654218,11959.32847342774,23040.45239837799,16773.80305292005,17405.391300139265,18404.688546733276,26289.135321026562,16358.659706234577,19405.282990512216,24628.792884334,36077.66431300734,14676.672191639102,65062.96764151709,26178.1349097358,14563.671862880381,19775.235578696625,14118.758248730614,21373.46147921499,21586.912303162884,11501.050511500474,19556.227340753943,20966.138461761668,13945.314233192234,18866.32416717289,18548.230492324794
23666.115500654218,11959.32847342774,22935.448807753255,16688.56539033585,17372.9932788419,18404.688546733276,26289.135321026562,16235.951604867174,19405.282990512216,24628.792884334,36077.66431300734,14660.686730708976,65062.96764151709,26161.59004464417,14563.671862880381,19611.121236427993,14118.758248730614,21373.46147921499,21545.277995499197,11367.711152530226,19467.146220277325,20860.932664058637,13945.314233192234,18797.87174788852,18463.008313175014
23502.75973585123,11805.020481960491,22889.666225754616,16688.56539033585,17358.985139915625,18349.580550342518,24828.99399251387,16209.314165949349,19320.48413601382,24548.659563358775,35862.1830377179,14388.232498767724,63763.64784716838,26161.59004464417,14350.139368672946,19611.121236427993,14118.758248730614,21033.270372662268,21545.277995499197,11317.507136397737,19400.195675115578,20754.996682556426,13912.729461901718,18733.60116155415,18410.893077271332
23454.675206553864,11805.020481960491,22889.666225754616,16636.738209786075,17241.8755659487,18349.580550342518,24828.99399251387,16209.314165949349,19284.5622124039,24346.202882733192,35862.1830377179,14388.232498767724,63763.64784716838,26096.76037704826,14350.139368672946,19538.190191168065,14118.060950010724,21019.98744305893,21276.1394684275,11317.507136397737,19162.833787969135,20754.996682556426,13730.112892256242,18729.809272063358,18392.47710099595
23419.165012277375,11804.809397248862,22855.023592988884,16481.65290516914,17241.8755659487,18268.648246443405,24710.527372643464,16153.335750211065,19154.448246719836,24272.214761563173,35787.2424930494,14359.737623372002,62932.453869524856,25864.463237332908,14350.139368672946,19392.665985567797,14109.99202118905,21019.98744305893,21127.87888800681,11317.507136397737,19145.89332066809,20651.717894731984,13730.112892256242,18633.479507035532,18391.003789114355
23419.165012277375,11804.809397248862,22769.932214014872,16439.66738566557,17130.55587091847,18135.436029999568,24387.473014710544,16112.191715102632,19138.20438668649,24214.631803001517,35787.2424930494,14298.695779166625,62750.029168330686,25694.122120475706,14350.139368672946,19226.2446351327,14109.690823234418,20758.4709594402,21024.481334260057,11317.507136397737,19145.89332066809,20601.116916287127,13730.112892256242,18632.66412715335,18251.141411264965
23343.636180190337,11804.809397248862,22769.932214014872,16297.98999599398,17130.55587091847,17880.759500242984,24183.26328440591,16101.739793591272,18837.416189050637,24158.687549820894,35629.34115538333,14289.841903621209,62600.313876662716,25405.39750279804,14350.139368672946,19226.2446351327,14063.628816130242,20758.4709594402,20929.512955001013,11148.651146389717,19145.89332066809,20563.976682199533,13499.368069140375,18525.306147174262,18225.907236833868
23323.867542606877,11804.809397248862,22767.660306784903,16288.974654140562,17047.139073278897,17880.759500242984,23643.27689108918,15942.067796281968,18837.416189050637,24122.209872052823,35363.301335507414,14265.638280831308,62316.11776399386,25405.39750279804,14350.139368672946,19226.2446351327,14042.00032418908,20743.957151680173,20929.512955001013,11148.651146389717,19145.89332066809,20551.350977798666,13465.602869795079,18525.306147174262,18225.907236833868
23238.035227230364,11641.171617198617,22698.749973003672,16071.061409770497,16847.125029551273,17880.759500242984,23643.27689108918,15910.561637792272,18832.79331991577,24050.467583824815,35205.95982748616,14170.601557892127,59641.30075346022,25357.790290154764,14350.139368672946,19226.2446351327,13962.67637001048,20601.70316902787,20743.572718878295,11148.651146389717,19134.102152051455,20412.413221555762,13231.294179491602,18508.794059861488,18127.763756473054
23214.25813325607,11641.171617198617,22684.804254017643,16062.157942098494,16847.125029551273,17880.759500242984,23563.132846242854,15795.540980269745,18832.79331991577,24050.467583824815,35184.14795661798,14094.553347326897,59641.30075346022,25218.478211703132,14350.139368672946,19226.2446351327,13646.030231255225,20573.866627115494,20651.51805705647,11095.269244174711,19134.102152051455,20412.413221555762,13175.76576248885,18508.794059861488,18052.590805023152
23141.027975570916,11598.991063244788,22637.27075910371,16041.091303365096,16676.609821010512,17880.759500242984,23054.140788041168,15733.460473290606,18705.824712603055,24050.467583824815,35137.257999284324,14084.76482743365,58661.00761686502,25028.866523184886,14315.38830750105,18899.167543527485,13646.030231255225,20477.843788281916,20645.627174491015,11014.490869131298,19119.33535844438,20287.454096826707,13175.76576248885,18460.76127048258,18050.2024843658
23102.51249433253,11598.991063244788,22637.27075910371,16035.129502185067,16650.321677730914,17762.85682885022,23054.140788041168,15717.191498916734,18504.260441905724,23970.977464526797,34738.30416248914,14084.76482743365,58661.00761686502,24754.116252977496,14226.70722925047,18899.167543527485,13557.70796924933,20477.843788281916,20546.955410067483,11014.490869131298,18885.869747685374,20097.170918788754,13175.76576248885,18424.602167415782,18027.32195507092
22934.512059631765,11598.991063244788,22594.894135354378,16035.129502185067,16650.321677730914,17689.845668278744,23054.140788041168,15632.902753031693,18497.436776093353,23970.977464526797,34725.06247844835,14003.764925376732,58592.66830699877,24561.997921059923,14189.205190343526,18629.001107207223,13557.70796924933,20260.99013558,20488.494790018573,11014.490869131298,18885.310417326364,19959.43596067336,13175.76576248885,18312.461786521475,17930.85463306193
22934.512059631765,11598.991063244788,22592.339024326837,15951.84053504404,16569.28627865215,17689.845668278744,22987.061183763057,15582.949308621395,18452.52799542839,23970.977464526797,34197.22977120867,13956.489799122422,58425.356867471884,24173.362449597942,14134.77965067693,18551.590276199102,13552.574093617723,20260.99013558,20488.494790018573,11014.490869131298,18864.645774992507,19959.43596067336,13175.76576248885,18116.750811983868,17889.50672048601
22836.47035409628,11598.991063244788,22592.339024326837,15907.402535247718,16353.538203686176,17599.06542617202,22850.521832394767,15436.183684004389,18452.52799542839,23970.977464526797,34163.594505932226,13956.489799122422,57437.75860305593,24009.9845572038,14134.77965067693,18446.765032930052,13552.574093617723,20260.99013558,20448.494027294786,10755.779475253841,18864.645774992507,19708.61363949555,13155.515536023759,18057.15815652487,17815.462648165863
22833.10608775604,11598.570344334172,22265.894068469643,15867.658095254003,16350.405818890731,17275.799327475408,22757.73155102281,15436.183684004389,18436.923069207587,23970.977464526797,34163.594505932226,13908.088596017891,57437.75860305593,23981.415249471687,13964.458647403317,18295.04151108896,13350.734706090521,20245.455334267805,20266.096694178123,10755.779475253841,18864.645774992507,19708.61363949555,13155.515536023759,18057.15815652487,17808.196574001955
22717.286300258467,11598.570344334172,22265.894068469643,15856.621387793753,16235.66668531764,17217.706211317432,22578.984938047543,15436.183684004389,18436.923069207587,23661.2660298391,33625.852836687736,13908.088596017891,57437.75860305593,23968.636752201684,13846.561052403113,18270.9463814477,12965.545431720426,20179.91687736168,20266.096694178123,10755.779475253841,18864.645774992507,19708.61363949555,13155.515536023759,18057.15815652487,17803.315988605827
22638.24266627749,11598.570344334172,22117.945719117983,15856.621387793753,16111.476399389776,17217.706211317432,22347.955101636362,15321.405783965261,18381.277036228188,23661.2660298391,33271.08171285936,13908.088596017891,56964.51709019129,23840.561267513996,13805.77741507549,18266.282865867095,12965.545431720426,20071.181366608107,20179.043729743633,10720.402109871888,18864.645774992507,19584.817667357074,13155.515536023759,17998.379363788517,17738.221201963264
22617.608591789012,11598.570344334172,22117.945719117983,15742.827658430697,15926.754890545646,17217.706211317432,22316.331602778147,15280.324524284806,18315.570812007012,23661.2660298391,32795.75411755376,13908.088596017891,56592.98174122102,23840.561267513996,13594.364634102549,17852.048138299244,12940.170989281929,19960.9658141956,20179.043729743633,10720.402109871888,18679.330780833807,19584.817667357074,13155.515536023759,17848.987913219706,17704.49152415184
22567.426271744116,11598.570344334172,21943.70210381138,15723.315122624337,15926.754890545646,17204.990239734052,22244.542237433667,15198.976509022672,18315.570812007012,23659.454405945744,32795.75411755376,13871.851622935055,55764.58434527855,23701.61122056512,13582.996725678573,17831.019813776766,12773.388262993907,19919.407342406244,20039.82980075096,10515.507558113393,18573.769763572396,19454.15780445725,13155.515536023759,17803.988141098358,17699.26993646374
22447.4227967164,11598.570344334172,21519.030899257163,15723.315122624337,15926.754890545646,17047.019235191627,22197.814612815637,15198.976509022672,18308.324338399536,23651.563548956456,32795.75411755376,13761.95948031668,54956.75973066186,23608.343437073494,13537.309374287277,17807.713957545417,12734.802543058342,19916.134139115773,19900.030617511435,10444.4210887125,18423.61134190712,19454.15780445725,13155.515536023759,17737.330266735473,17667.83987901215
22428.25943017721,11595.758078210532,21519.030899257163,15723.315122624337,15846.665924338633,17047.019235191627,22197.814612815637,15153.850619910694,18308.324338399536,23651.563548956456,32514.89893820584,13761.95948031668,54569.397795250676,23447.335042240444,13537.309374287277,17802.166237687445,12283.62142103827,19809.1056432092,19861.73567626431,10323.081882030187,18162.213012132284,19328.210529322918,13155.515536023759,17715.977019504713,17647.649508196802
22214.895254235176,11595.758078210532,21322.767165825862,15646.308882874779,15846.665924338633,17038.8468267777,22197.814612815637,15151.625226119819,18171.88122897561,23651.563548956456,32426.721370318253,13748.778189565915,54222.769163090925,23447.335042240444,13537.309374287277,17628.942313890824,12283.62142103827,19792.049150079176,19744.196604271838,10262.701869456378,18031.520542434264,19328.210529322918,13151.870067795697,17482.115753872466,17634.39160257036
22208.424157159847,11575.011376495378,21301.62386092874,15635.589453793453,15833.880539155029,17006.643548969165,22197.814612815637,15140.746569139881,18171.88122897561,23647.855743075586,32270.543512466527,13748.778189565915,54035.31412988886,23447.335042240444,13378.172501771965,17593.143938546964,12283.62142103827,19792.049150079176,19611.163068514496,10080.612311209974,18031.520542434264,19327.290080801282,13069.85851924016,17348.061390240102,17519.19288873564
22194.12597131266,11559.074714198861,21149.365022833823,15635.589453793453,15816.59628843789,16916.766609313934,22137.52451866071,15128.366832726775,18171.88122897561,23647.855743075586,32034.409781719132,13705.821660426283,54005.79012737624,23423.776015560736,13283.606748403452,17593.143938546964,12161.795984986029,19792.049150079176,19495.059526814188,10020.528816712545,17988.806009475542,19327.290080801282,13069.85851924016,17326.314344171384,17519.19288873564
22194.12597131266,11559.074714198861,20913.260291318966,15618.027929248075,15769.077575663172,16916.766609313934,21900.725238597926,15075.774316211373,18127.721117209876,23542.095551316652,32003.155195232564,13705.821660426283,53516.33998513112,23423.776015560736,13113.301045053871,17561.128771295243,12032.575610175672,19792.049150079176,19493.8378709809,9985.370196719989,17985.701700751328,19110.73999751263,12988.1805960792,17252.27998120866,17175.22936498213
22171.392473056498,11559.074714198861,20428.08125611795,15618.027929248075,15769.077575663172,16916.766609313934,21881.416359979412,15039.498534504635,18127.271541822243,23499.712935595988,31673.156317134388,13610.343692181663,53099.584040439644,23423.776015560736,13068.502379030291,17551.14431740925,11651.054099711537,19694.73243653132,19437.45950583336,9985.370196719989,17912.936015042527,19040.44374851632,12988.1805960792,17199.82975569297,17054.830623132977
22061.210880506354,11506.08315556597,20393.698336514226,15559.509920997467,15769.077575663172,16880.88863221013,21810.11762832745,15039.498534504635,18113.78301071225,23499.712935595988,31337.62623207133,13610.343692181663,53099.584040439644,23223.12307270503,13068.502379030291,17399.12349405158,11549.82952144734,19676.009543191914,19382.034322118583,9885.12610314231,17908.26152755153,18816.351142655938,12988.1805960792,17067.20305096458,17026.107079351754
21838.64551199811,11506.08315556597,20393.698336514226,15559.509920997467,15648.209822283236,16726.85512461583,21728.520641846946,15039.498534504635,18100.502824357554,23388.62651092685,31252.043534919525,13587.496937698497,52916.95001100146,23206.259077262992,12816.733740508009,17399.12349405158,11549.82952144734,19676.009543191914,19382.034322118583,9885.12610314231,17908.26152755153,18816.351142655938,12988.1805960792,16990.37945132912,16962.57837156058
21814.764322671195,11500.818758493684,20306.18900312614,15559.509920997467,15538.242416399966,16391.53869697742,21472.592176217375,14878.377854056049,18007.625184336488,23374.092800667066,31211.358062250234,13558.420731060422,51826.812627514184,23180.77577592013,12717.563824864628,17262.88413947766,11549.82952144734,19665.62891866791,19335.39346263259,9759.252279546115,17787.82961152733,18747.568159347393,12988.1805960792,16855.24738923742,16919.266912968393
21769.264763212777,11476.19156044323,20135.83652934939,15511.662920350402,15538.242416399966,16391.53869697742,21264.27267709545,14866.583842555077,18003.338762788237,23367.96230773945,30993.10279899072,13476.838887232285,50774.09983449578,23180.77577592013,12536.045451837079,17262.88413947766,11354.76384910185,19665.62891866791,19316.630355745838,9703.813216235734,17627.11229744028,18529.267183725802,12723.291234794877,16792.453521343898,16763.164197094116
21769.264763212777,11432.834196846814,20135.83652934939,15457.493921200552,15460.833618879695,16391.53869697742,21264.27267709545,14866.583842555077,17978.43526337036,23367.96230773945,30806.52551950459,13446.764131536598,49908.12528455603,23057.48643339634,12461.575532197658,17193.63311212531,11309.198391554182,19663.362788251885,19281.67882051239,9703.813216235734,17503.063916288193,18423.064026642216,12723.291234794877,16709.766048261255,16625.28227334519
21626.877321915003,11418.585030765827,20075.6688498407,15457.493921200552,15267.829089262495,16359.913183489674,21252.012326598564,14865.261502380656,17978.43526337036,23262.800720937128,30657.484156371855,13446.764131536598,49761.86087650968,23052.650745276296,12461.575532197658,17162.1048041213,11309.198391554182,19663.362788251885,19274.257080027903,9671.929136690023,17449.75463895795,18415.512481827944,12697.155708266968,16501.474828187806,16559.260573841828
21626.877321915003,11418.585030765827,19904.685998319204,15423.24889872877,15224.912875560098,16359.913183489674,21127.980687720246,14804.75769065388,17958.822539389195,23176.46775497035,30578.307791452266,13446.764131536598,49235.3936024884,23052.650745276296,12407.808230740133,17162.1048041213,11263.05162551101,19560.172257177477,19166.17981171356,9603.627636791201,17449.75463895795,18122.33049102083,12697.155708266968,16501.474828187806,16355.794172660293
21452.157831942986,11418.585030765827,19885.464197884117,15348.283352296376,15224.912875560098,16236.799264775847,21127.980687720246,14710.064519051535,17929.880619264673,23158.758988410882,30516.22545856164,13440.24869725044,49235.3936024884,22852.272333771427,12315.922999914643,17159.28690984631,10991.556931010538,19512.551883924614,19043.78285673178,9561.611251208145,17449.75463895795,18081.515565035,12611.23496446302,16501.474828187806,16304.770824631318
21452.157831942986,11397.101933951231,19885.464197884117,15147.332863759391,15061.324110897802,16212.620611905213,21127.980687720246,14673.983866382305,17912.28922009348,23158.758988410882,30501.56612020905,13382.274823902326,48089.01049948379,22852.272333771427,11922.25361911534,17002.568992906658,10991.556931010538,19487.890764148437,19043.78285673178,9561.611251208145,17338.83139503932,18081.515565035,12558.00793067869,16394.89128222152,16085.496136720893
21446.738376112145,11380.391910834676,19845.78444937304,15125.74897780656,15061.324110897802,16122.931591961446,20851.202710919824,14505.272179824535,17575.977050194415,23052.94690713418,30501.56612020905,13290.44574219435,48089.01049948379,22852.272333771427,11922.25361911534,16843.767026543304,10950.878666311859,19469.04650332375,18924.07837512369,9548.243138657921,17166.978217524113,18081.515565035,12540.49273498618,16345.921880322867,15893.046704215689
21199.91706270315,11360.66250147697,19682.663458615487,15090.38769913861,15061.324110897802,16072.739670271927,20831.003100627815,14455.331516385048,17518.354292400167,23052.94690713418,30142.987416654294,13290.44574219435,47382.47127723429,22841.32654736819,11745.618395954489,16843.767026543304,10828.010704668292,19396.84726673662,18924.07837512369,9462.02638872838,17131.692523005942,17982.020241956736,12458.86601123242,16208.422186910217,15776.56859048814
21189.263570930558,11351.862772667791,19635.598187411313,15041.314597658975,14948.992447823886,16063.998358614619,20831.003100627815,14333.112566804142,17518.354292400167,23010.58971628545,30142.987416654294,13283.767865733718,46411.02831222947,22562.359098819354,11745.618395954489,16814.35954463551,10795.577789918047,19393.011968603074,18924.07837512369,9462.02638872838,17012.56660616401,17909.775580562142,12416.141375476349,16149.058905266253,15764.99106871152
21189.263570930558,11319.567203248173,19612.881124086678,15041.314597658975,14922.958288328608,15815.387855062678,20781.98721145434,14333.112566804142,17481.035352331226,22884.14753359075,30139.240039232962,13267.33052609806,46411.02831222947,22556.726368343985,11745.618395954489,16673.76034005821,10795.577789918047,19386.482959916317,18861.80607707138,9433.757137039825,17012.56660616401,17797.88758414525,12354.340623932316,16149.058905266253,15690.867068237249
21189.263570930558,11283.983513348569,19612.881124086678,14974.162170931128,14681.26789962509,15640.335273713452,20728.49666569298,14333.112566804142,17365.357512038034,22874.285555323182,29995.615210453645,13222.236788885619,46411.02831222947,22528.187012870316,11745.618395954489,16673.76034005821,10682.750005698606,19275.624441343694,18843.194985252598,9349.420499804208,16996.413063827218,17760.504901370827,12325.086450336723,16100.598914192753,15676.789843959818
21024.11821232203,11111.762117240445,19397.213028101967,14924.766012952809,14681.26789962509,15640.335273713452,20612.9188102406,14202.517175852054,17365.357512038034,22786.20431574325,29995.615210453645,13186.359189000026,46399.757014697025,22375.5748253048,11502.850196883295,16673.76034005821,10682.750005698606,19215.056616980084,18734.528327121254,9348.829152061924,16957.286612228323,17577.765451070216,12072.640793666245,15882.598926222336,15511.821189363336
21024.11821232203,11111.762117240445,19397.213028101967,14846.128146739891,14608.32679999298,15640.335273713452,20611.367182305825,14125.503426093563,17175.387164659784,22698.44170731916,29995.615210453645,13186.359189000026,46399.757014697025,22235.145842553917,11502.850196883295,16642.67381011379,10673.264429282528,19148.494903310268,18734.528327121254,9348.829152061924,16944.24643299543,17577.765451070216,11937.920307660994,15864.878208757154,15501.47452014067
20994.019673951705,11065.373701146375,19397.213028101967,14836.95157283909,14600.24699552611,15472.76470728549,20593.78128703819,13729.292091205587,17123.0729840801,22680.349799799773,29967.28971171287,13186.359189000026,45431.185631857516,22221.513593289492,11470.828404432132,16642.67381011379,10673.264429282528,19103.13900102961,18670.500650613947,9252.578496543392,16897.455985961064,17577.765451070216,11659.682634914212,15753.141773064915,15348.557840399615
20994.019673951705,11031.29914738049,19140.899302853155,14821.066321568154,14600.24699552611,15406.544486299734,20544.79792577844,13695.350790195245,16951.918921996454,22606.756558770645,29842.267681600122,13132.202184406357,45431.185631857516,22221.513593289492,11470.828404432132,16642.67381011379,10609.77546362607,18942.229074976738,18645.43610558987,9244.72566310453,16869.131969142327,17484.465681187132,11652.261563980874,15690.441480945645,15348.557840399615
20962.004865605722,11028.70171815914,19140.899302853155,14796.0217726525,14600.24699552611,15354.621575346246,20328.426012157048,13695.350790195245,16951.918921996454,22405.319933421117,29842.267681600122,13132.202184406357,44942.191006340414,21931.055764679808,11470.828404432132,16625.50720030818,10609.77546362607,18687.550372207967,18623.405213368627,9244.72566310453,16869.131969142327,17475.346683083277,11652.261563980874,15653.933631998603,15333.349082856452
20751.67797819035,10915.356840387778,19030.43176974865,14788.097451423444,14323.280086022161,15354.621575346246,20328.426012157048,13498.78899737701,16951.918921996454,22397.44330466447,29694.38858807478,13108.538804183934,44386.28924639178,21862.350339734585,11470.828404432132,16608.256841737963,10609.77546362607,18541.976861788753,18552.333477545908,9232.748851586093,16614.271113835355,17475.346683083277,11562.230147440388,15653.933631998603,15333.349082856452
20744.275511848733,10894.777163538372,19030.43176974865,14742.630447000949,14323.280086022161,15194.080681703044,20328.426012157048,13498.78899737701,16951.456274726355,22340.342775417103,29694.38858807478,13096.380938343444,44006.577139999645,21558.297717730602,11351.800788871495,16561.115855601045,10595.378688187804,18541.976861788753,18552.333477545908,9232.748851586093,16407.324082308645,17425.2399619497,11421.915279217066,15653.933631998603,15319.142009345753
20558.97264251639,10863.878619055704,18816.32001011859,14730.565514645854,14319.230518722174,15175.26248146621,20041.81112095455,13476.196484509263,16925.674154240696,22223.026366385726,29514.174967366725,13096.380938343444,44006.577139999645,21541.679438255538,11351.800788871495,16485.77288227708,10595.378688187804,18541.976861788753,18552.333477545908,9232.748851586093,16224.612392695106,17425.2399619497,11310.995912222083,15615.298838379224,15319.142009345753
20558.97264251639,10640.666468569252,18655.98190809654,14730.565514645854,14274.273081760692,14951.835304959031,19871.129184655932,13283.536531485255,16771.158760840844,22125.51959432688,29425.46027860281,13076.134484902046,43845.526724471616,21424.885041664686,11323.06351040515,16480.049961661716,10595.378688187804,18413.961643851417,18527.922142738702,9232.748851586093,16224.612392695106,17425.2399619497,11293.95045111113,15584.216609055831,15275.435653245564
20521.792807422487,10622.449820741373,18618.030356393832,14703.311593550805,14209.562683385464,14951.835304959031,19824.54839416427,13258.844716647716,16757.92388508333,22084.041113399227,29425.46027860281,13025.607228257315,42989.93748678678,21253.03654812702,11274.641976024393,16480.049961661716,10592.481077996435,18413.961643851417,18453.99922937504,9224.799065288506,16224.612392695106,17281.658051491853,11223.52037084787,15535.21723718949,15275.435653245564
20176.969910478452,10580.700267028484,18618.030356393832,14682.107851525703,14182.449559775705,14951.835304959031,18940.57430602569,13224.027447896297,16742.53553637494,22084.041113399227,29395.90169179495,13025.607228257315,42811.87406733817,21079.772533790925,11262.842712457628,16480.049961661716,10592.481077996435,18412.622489969337,18453.99922937504,9224.799065288506,16222.307064381734,17281.658051491853,11061.386639963817,15512.36273942946,15264.28320765229
20176.969910478452,10453.065332615877,18528.96891990914,14682.107851525703,14164.050313004926,14831.78184971836,18940.57430602569,13211.254334103452,16741.1769736103,21923.630965411703,29379.350697561596,13004.91077425044,42811.87406733817,21079.772533790925,11205.291701534965,16445.102536779854,10583.383407606292,18293.050165416644,18388.83885452819,9221.619551571555,16185.221978977892,17281.658051491853,11032.970648497956,15341.67934325879,15250.000480725635
19986.454539094335,10453.065332615877,18510.664821930288,14654.434254829392,14134.644708899235,14831.78184971836,18940.57430602569,13161.048370199887,16669.28212078136,21906.649737383308,29193.96588902903,12964.405648689102,42811.87406733817,21079.772533790925,11184.079475221122,16395.507041538494,10581.257302301912,18279.641154399338,18334.278182190592,9218.938086054673,16128.804054491704,17245.562587921282,10864.701702754224,15341.67934325879,15238.063012919183
19802.805573247384,10434.448525464053,18375.126429239644,14654.434254829392,14134.644708899235,14831.78184971836,18940.57430602569,13089.482471244739,16508.14663388802,21756.9565148555,29171.252754441357,12964.405648689102,42811.87406733817,21078.835669457567,11138.167008018305,16390.37621369123,10575.854879810859,18104.08266752818,18190.135317707707,9218.938086054673,16004.992667832741,17245.562587921282,10820.290089792901,15338.787875542386,15210.311568751693
19802.805573247384,10343.902757220629,18097.148353729215,14636.319357009108,14104.162047878151,14831.78184971836,18670.289187310813,13050.519750191406,16508.14663388802,21756.9565148555,29023.8829262318,12956.298246971859,42531.11607701711,21044.925372041147,11138.167008018305,16390.37621369123,10575.854879810859,18104.08266752818,17987.08542053966,9210.11290520622,15963.293814633775,17175.4004776071,10579.266959792163,15034.995312260047,15155.389407192019
19746.982076861223,10343.902757220629,18060.21763556585,14614.39705703622,14009.005234006341,14800.021412585336,18383.396537507382,13012.4223966547,16433.581372838733,21694.42316553192,29023.8829262318,12956.298246971859,42194.817957484716,21044.925372041147,11138.167008018305,16346.716379576046,10575.854879810859,18097.189307836707,17902.651223931032,9210.11290520622,15906.974910588893,17111.497760675808,10575.886236732571,15034.995312260047,15110.231971227264
19551.001254500065,10151.943358679207,18001.18440912162,14583.894636865374,14009.005234006341,14753.451531337274,18383.396537507382,13012.4223966547,16405.590003172492,21590.126368127,29011.345359606275,12952.268507653353,42174.03347129717,20981.756966710134,11079.706853265701,16343.767296570844,10575.854879810859,18011.926882580738,17902.651223931032,9185.502244590261,15795.694302673764,17109.106258174856,10575.886236732571,14813.70166567283,15104.744586928578
19551.001254500065,10150.995031115603,17995.550735720586,14583.894636865374,14009.005234006341,14752.500931584702,18228.03556482528,12857.4826554584,16405.590003172492,21590.126368127,28979.281288313883,12929.794744725072,41781.485246931916,20772.96731323251,10982.785689716913,16342.96822343827,10575.854879810859,18007.84258585339,17878.148903896286,9182.010186197218,15749.414359631817,17083.70755286627,10575.886236732571,14771.472282949495,15104.744586928578
19550.760818230843,10150.995031115603,17958.64962593074,14583.894636865374,14009.005234006341,14752.500931584702,17973.000697818316,12857.4826554584,16272.614863470457,21567.079874186653,28889.975626658965,12929.794744725072,41781.485246931916,20579.31261661948,10982.785689716913,16328.05164013618,10575.854879810859,18007.84258585339,17785.00786124976,9182.010186197218,15749.414359631817,16940.070134483132,10447.961326972078,14771.472282949495,15104.744586928578
19163.222081132946,10067.286330523242,17958.64962593074,14527.893915430795,13878.804667907953,14752.500931584702,17636.75152528321,12857.4826554584,16272.614863470457,21567.079874186653,28699.481266344494,12929.794744725072,41781.485246931916,20576.867000968185,10936.647576205476,16270.150444779545,10575.854879810859,17884.79445862995,17785.00786124976,9181.460364417087,15749.414359631817,16939.87080983732,10447.961326972078,14771.472282949495,15062.697741320191
