trial_1,trial_2,trial_3,trial_4,trial_5,trial_6,trial_7,trial_8,trial_9,trial_10,trial_11,trial_12,trial_13,trial_14,trial_15,trial_16,trial_17,trial_18,trial_19,trial_20,trial_21,trial_22,trial_23,trial_24,trial_25
27826060985.229633,26140622237.334526,82143905191.91104,39103003637.19668,26609358726.35276,62283230022.83715,31122638101.18087,51395327907.93479,66154529334.30907,33092752749.794746,54849828498.37191,40947916108.7289,63398440897.038155,60223938807.56568,20444881957.077473,57098059941.71538,47541287885.38692,38882381737.367,54572513382.20092,32098014033.539635,47294486513.78519,16281998857.496616,48142099743.95961,69643913980.60309,48738754065.3619
27826060985.229633,26140622237.334526,16440524476.630344,39103003637.19668,26609358726.35276,62283230022.83715,31122638101.18087,51395327907.93479,66154529334.30907,32567447852.721386,54849828498.37191,40947916108.7289,63398440897.038155,60223938807.56568,20444881957.077473,51743711140.1186,47541287885.38692,38882381737.367,54572513382.20092,32098014033.539635,47294486513.78519,16281998857.496616,48142099743.95961,69643913980.60309,48738754065.3619
27826060985.229633,26140622237.334526,16440524476.630344,39103003637.19668,26609358726.35276,62283230022.83715,31122638101.18087,51395327907.93479,41766409889.3216,32567447852.721386,54849828498.37191,40947916108.7289,63398440897.038155,58664261996.74992,20444881957.077473,51743711140.1186,47541287885.38692,38882381737.367,54572513382.20092,32098014033.539635,47294486513.78519,16281998857.496616,40786914963.28569,69643913980.60309,48738754065.3619
27826060985.229633,26140622237.334526,16440524476.630344,39103003637.19668,26609358726.35276,44046046840.733185,31122638101.18087,26766515124.23399,41766409889.3216,32567447852.721386,54849828498.37191,40947916108.7289,63398440897.038155,58664261996.74992,20444881957.077473,51743711140.1186,47541287885.38692,38882381737.367,54572513382.20092,32098014033.539635,47294486513.78519,16281998857.496616,19996440932.84831,69643913980.60309,48738754065.3619
27826060985.229633,26140622237.334526,16440524476.630344,39103003637.19668,26609358726.35276,44046046840.733185,31122638101.18087,26766515124.23399,41766409889.3216,32567447852.721386,52289912731.97945,40947916108.7289,63398440897.038155,58664261996.74992,20444881957.077473,23712605210.16417,44923909456.898796,23696171098.272617,54572513382.20092,32098014033.539635,47294486513.78519,6995715157.795229,19996440932.84831,38107480146.51292,36123806430.88909
27826060985.229633,26140622237.334526,16440524476.630344,39103003637.19668,26609358726.35276,44046046840.733185,31122638101.18087,26766515124.23399,41766409889.3216,32567447852.721386,36944512680.62046,7493706309.748117,58756512455.39912,36443676777.34171,20444881957.077473,23712605210.16417,31114878565.36522,23696171098.272617,53663615429.27058,25742201381.421936,45030771793.69658,6995715157.795229,19996440932.84831,38107480146.51292,36123806430.88909
27826060985.229633,26140622237.334526,16440524476.630344,36059637763.35173,26609358726.35276,44046046840.733185,31122638101.18087,26766515124.23399,41766409889.3216,32567447852.721386,36944512680.62046,7493706309.748117,51984993689.82197,36443676777.34171,20444881957.077473,23712605210.16417,31114878565.36522,23696171098.272617,25180374061.865612,25742201381.421936,36232493495.87726,6995715157.795229,19996440932.84831,17976937669.26304,31874759835.996166
27826060985.229633,26140622237.334526,16440524476.630344,22020208822.654694,26609358726.35276,44046046840.733185,18997601910.862762,26766515124.23399,38315803790.70821,15012816049.579336,26336760839.251884,7493706309.748117,34364611267.62574,33013210080.49162,20444881957.077473,23712605210.16417,20011728248.276028,23696171098.272617,20226133069.349636,25742201381.421936,36232493495.87726,6995715157.795229,19996440932.84831,9364450604.394493,28426338255.66523
27826060985.229633,26140622237.334526,16440524476.630344,22020208822.654694,26609358726.35276,44046046840.733185,18997601910.862762,20493414860.54347,24665363848.419666,15012816049.579336,26336760839.251884,7493706309.748117,34364611267.62574,20557965069.4336,20444881957.077473,23712605210.16417,20011728248.276028,23696171098.272617,13832563122.228905,25742201381.421936,36232493495.87726,6995715157.795229,19996440932.84831,9364450604.394493,28426338255.66523
24421395560.406292,26140622237.334526,16440524476.630344,8430834219.090776,26609358726.35276,37585597074.00416,10081748041.578985,20493414860.54347,18379326034.014706,15012816049.579336,26336760839.251884,7493706309.748117,34364611267.62574,20557965069.4336,20444881957.077473,23712605210.16417,20011728248.276028,23696171098.272617,13832563122.228905,25742201381.421936,35865470860.37663,6995715157.795229,19996440932.84831,9364450604.394493,28426338255.66523
24421395560.406292,26140622237.334526,16440524476.630344,8430834219.090776,26609358726.35276,37585597074.00416,10081748041.578985,20493414860.54347,18379326034.014706,15012816049.579336,26336760839.251884,7493706309.748117,34364611267.62574,20557965069.4336,20444881957.077473,14782880881.573202,20011728248.276028,23696171098.272617,13832563122.228905,15004206650.214466,35865470860.37663,6995715157.795229,19996440932.84831,9364450604.394493,17088226717.422659
24421395560.406292,26140622237.334526,14648852199.35718,8430834219.090776,26609358726.35276,37585597074.00416,10081748041.578985,20493414860.54347,9981406083.316818,15012816049.579336,26336760839.251884,7493706309.748117,27094366431.188835,11581887374.143784,17347460600.99006,14782880881.573202,20011728248.276028,23696171098.272617,13832563122.228905,15004206650.214466,30508389671.43755,6995715157.795229,19996440932.84831,9364450604.394493,17088226717.422659
24421395560.406292,17105934272.491266,14648852199.35718,8430834219.090776,22622011395.116474,15572606152.16735,10081748041.578985,20493414860.54347,9981406083.316818,15012816049.579336,14841771101.336256,7493706309.748117,26595302647.904915,11581887374.143784,17347460600.99006,14782880881.573202,20011728248.276028,23696171098.272617,10807920126.749184,15004206650.214466,28587692847.39149,6995715157.795229,19996440932.84831,9364450604.394493,17088226717.422659
24421395560.406292,17105934272.491266,14648852199.35718,8430834219.090776,22622011395.116474,15572606152.16735,10081748041.578985,20493414860.54347,9981406083.316818,15012816049.579336,14841771101.336256,7493706309.748117,26595302647.904915,11581887374.143784,17347460600.99006,14782880881.573202,20011728248.276028,23696171098.272617,10807920126.749184,15004206650.214466,28587692847.39149,6995715157.795229,19996440932.84831,7245724957.342619,17088226717.422659
24421395560.406292,14684455372.337597,14648852199.35718,8430834219.090776,22321267466.51216,15572606152.16735,10081748041.578985,8121670646.33241,9981406083.316818,15012816049.579336,14841771101.336256,7493706309.748117,26595302647.904915,11581887374.143784,17347460600.99006,13650640673.276316,20011728248.276028,23696171098.272617,10807920126.749184,15004206650.214466,28587692847.39149,6995715157.795229,19996440932.84831,7245724957.342619,17008822287.02982
17591909500.838528,14684455372.337597,14648852199.35718,8430834219.090776,10240018080.669777,15572606152.16735,10081748041.578985,8121670646.33241,9981406083.316818,15012816049.579336,14841771101.336256,7493706309.748117,17265899300.063854,11581887374.143784,5317156411.458102,13650640673.276316,20011728248.276028,14839561880.057156,10807920126.749184,15004206650.214466,28587692847.39149,6995715157.795229,19996440932.84831,7245724957.342619,17008822287.02982
12844631344.762014,14684455372.337597,14648852199.35718,8430834219.090776,10240018080.669777,14010945498.193134,10081748041.578985,8121670646.33241,9981406083.316818,15012816049.579336,14841771101.336256,7493706309.748117,17265899300.063854,11025307148.356108,5317156411.458102,13650640673.276316,20011728248.276028,14839561880.057156,10807920126.749184,15004206650.214466,28587692847.39149,6995715157.795229,15908772960.568935,7245724957.342619,15484643925.344702
12844631344.762014,8117791958.854641,14103216517.652636,8430834219.090776,10240018080.669777,14010945498.193134,10081748041.578985,3633092499.732323,9981406083.316818,15012816049.579336,14841771101.336256,7493706309.748117,17265899300.063854,1147132500.9427571,5317156411.458102,13650640673.276316,20011728248.276028,14839561880.057156,10807920126.749184,15004206650.214466,11255018076.489584,6995715157.795229,15908772960.568935,7245724957.342619,10590057470.479342
11558301245.79652,8117791958.854641,14103216517.652636,8430834219.090776,10240018080.669777,14010945498.193134,10081748041.578985,3633092499.732323,9981406083.316818,15012816049.579336,14841771101.336256,7493706309.748117,17265899300.063854,1147132500.9427571,5317156411.458102,13650640673.276316,20011728248.276028,9315805644.493118,10807920126.749184,14001146643.29808,11255018076.489584,6995715157.795229,15908772960.568935,7245724957.342619,10590057470.479342
11558301245.79652,8117791958.854641,14103216517.652636,8430834219.090776,10240018080.669777,14010945498.193134,10081748041.578985,3633092499.732323,9981406083.316818,15012816049.579336,14841771101.336256,7493706309.748117,17265899300.063854,1147132500.9427571,5317156411.458102,13650640673.276316,20011728248.276028,9315805644.493118,10807920126.749184,14001146643.29808,8008991958.406911,6995715157.795229,15908772960.568935,7245724957.342619,10590057470.479342
11558301245.79652,8117791958.854641,6113146577.703623,8430834219.090776,6435219064.569621,14010945498.193134,10081748041.578985,3633092499.732323,9981406083.316818,15012816049.579336,14841771101.336256,7493706309.748117,17265899300.063854,1147132500.9427571,4106739751.0819855,13650640673.276316,20011728248.276028,9315805644.493118,10629908540.574581,14001146643.29808,8008991958.406911,6995715157.795229,15908772960.568935,7245724957.342619,10590057470.479342
11558301245.79652,8117791958.854641,6113146577.703623,8430834219.090776,6435219064.569621,14010945498.193134,10081748041.578985,3633092499.732323,9981406083.316818,14797905952.829176,14841771101.336256,7493706309.748117,15423862111.109867,1147132500.9427571,4106739751.0819855,13650640673.276316,20011728248.276028,8914636082.163364,10629908540.574581,8568346454.837282,8008991958.406911,6995715157.795229,15908772960.568935,7245724957.342619,10590057470.479342
10971693195.06485,8117791958.854641,6113146577.703623,8430834219.090776,6435219064.569621,10736954829.712172,10080518229.806557,3633092499.732323,9981406083.316818,14797905952.829176,9270200508.025747,7493706309.748117,15423862111.109867,1147132500.9427571,4106739751.0819855,13650640673.276316,20011728248.276028,8914636082.163364,10629908540.574581,7932658643.620742,8008991958.406911,6995715157.795229,11908501004.50257,7245724957.342619,10590057470.479342
10971693195.06485,8117791958.854641,6113146577.703623,8430834219.090776,6435219064.569621,10736954829.712172,10080518229.806557,3633092499.732323,9303003537.176912,14797905952.829176,9270200508.025747,7493706309.748117,15423862111.109867,1147132500.9427571,4106739751.0819855,5551764154.2885895,16205032974.940609,8914636082.163364,10629908540.574581,7932658643.620742,8008991958.406911,6995715157.795229,11908501004.50257,7245724957.342619,5478293885.370716
10971693195.06485,8117791958.854641,6113146577.703623,8430834219.090776,4371121814.809146,10736954829.712172,6380270460.023951,3633092499.732323,6519239956.1784725,14797905952.829176,9270200508.025747,7493706309.748117,15423862111.109867,1147132500.9427571,1896832232.02405,5551764154.2885895,16205032974.940609,8914636082.163364,6862338105.528009,7932658643.620742,8008991958.406911,5750240581.2122755,8125906852.442897,7245724957.342619,5478293885.370716
10971693195.06485,8117791958.854641,6113146577.703623,8430834219.090776,4371121814.809146,10736954829.712172,3647774541.1169534,3633092499.732323,6519239956.1784725,14211863600.148136,9270200508.025747,7493706309.748117,15423862111.109867,1147132500.9427571,1896832232.02405,5551764154.2885895,16205032974.940609,8914636082.163364,6862338105.528009,3435611862.6344547,8008991958.406911,5549626181.218595,8125906852.442897,7245724957.342619,5478293885.370716
10971693195.06485,8117791958.854641,6113146577.703623,8430834219.090776,4371121814.809146,10736954829.712172,3647774541.1169534,3633092499.732323,6224668939.076789,14211863600.148136,9270200508.025747,7493706309.748117,15423862111.109867,1147132500.9427571,1896832232.02405,5551764154.2885895,16205032974.940609,8914636082.163364,6862338105.528009,3435611862.6344547,8008991958.406911,5549626181.218595,8125906852.442897,7245724957.342619,5478293885.370716
10624639360.724031,8117791958.854641,4299116523.79628,4731583465.791709,4371121814.809146,5728519155.815236,3647774541.1169534,3633092499.732323,6224668939.076789,14211863600.148136,1141325449.360326,7493706309.748117,15423862111.109867,1147132500.9427571,1896832232.02405,5551764154.2885895,10551116452.746311,8914636082.163364,6862338105.528009,3435611862.6344547,8008991958.406911,5549626181.218595,8125906852.442897,7245724957.342619,5478293885.370716
10624639360.724031,8117791958.854641,4299116523.79628,4731583465.791709,4371121814.809146,5728519155.815236,3647774541.1169534,3633092499.732323,6224668939.076789,14211863600.148136,1141325449.360326,6465277689.737848,15423862111.109867,1147132500.9427571,1896832232.02405,5551764154.2885895,10551116452.746311,8914636082.163364,6862338105.528009,3435611862.6344547,8008991958.406911,5549626181.218595,8125906852.442897,7245724957.342619,5478293885.370716
10624639360.724031,8117791958.854641,4299116523.79628,3893653269.222172,4371121814.809146,5728519155.815236,3647774541.1169534,3633092499.732323,6224668939.076789,7912413945.766884,1141325449.360326,6465277689.737848,14406154013.267502,1147132500.9427571,1896832232.02405,5551764154.2885895,6613478954.102079,8914636082.163364,6862338105.528009,3435611862.6344547,6197539199.957318,5549626181.218595,7726458455.399656,7245724957.342619,5478293885.370716
6129453498.316995,8117791958.854641,4299116523.79628,3893653269.222172,4371121814.809146,5728519155.815236,3647774541.1169534,3633092499.732323,6224668939.076789,5538199796.24931,1141325449.360326,6465277689.737848,14406154013.267502,1147132500.9427571,1896832232.02405,5551764154.2885895,6613478954.102079,8914636082.163364,6862338105.528009,3435611862.6344547,6197539199.957318,5549626181.218595,7726458455.399656,6277315242.074302,5478293885.370716
6129453498.316995,8117791958.854641,4299116523.79628,3893653269.222172,4371121814.809146,5728519155.815236,3647774541.1169534,3633092499.732323,2922675511.135919,5538199796.24931,1141325449.360326,6465277689.737848,12120602797.396282,1147132500.9427571,1896832232.02405,5551764154.2885895,6613478954.102079,5194239731.839964,6862338105.528009,3435611862.6344547,6197539199.957318,4503024167.443389,7726458455.399656,6277315242.074302,5478293885.370716
6129453498.316995,8117791958.854641,4299116523.79628,3893653269.222172,4371121814.809146,5728519155.815236,3647774541.1169534,3014221525.1497397,2922675511.135919,5538199796.24931,1141325449.360326,6465277689.737848,12120602797.396282,1147132500.9427571,1896832232.02405,5551764154.2885895,6613478954.102079,5194239731.839964,6862338105.528009,3435611862.6344547,6197539199.957318,1845766529.6149,7726458455.399656,6277315242.074302,5478293885.370716
6129453498.316995,8117791958.854641,4299116523.79628,3893653269.222172,4371121814.809146,5728519155.815236,3647774541.1169534,3014221525.1497397,2922675511.135919,5538199796.24931,1141325449.360326,6465277689.737848,12120602797.396282,1147132500.9427571,1896832232.02405,5551764154.2885895,6613478954.102079,5194239731.839964,6862338105.528009,3435611862.6344547,6197539199.957318,1343925234.0703397,7726458455.399656,5445753791.641407,5478293885.370716
6129453498.316995,7740544358.898385,4299116523.79628,3893653269.222172,4371121814.809146,5728519155.815236,3647774541.1169534,3014221525.1497397,2922675511.135919,5538199796.24931,1141325449.360326,6465277689.737848,10484022479.452448,1147132500.9427571,1896832232.02405,5551764154.2885895,6613478954.102079,5194239731.839964,1711693593.9793653,3435611862.6344547,6197539199.957318,1343925234.0703397,4261346453.4869256,2971223096.1227446,5478293885.370716
6129453498.316995,7740544358.898385,4299116523.79628,3893653269.222172,4371121814.809146,5728519155.815236,3647774541.1169534,3014221525.1497397,2922675511.135919,3205203457.774122,1141325449.360326,6465277689.737848,10484022479.452448,1147132500.9427571,1896832232.02405,5551764154.2885895,6613478954.102079,5194239731.839964,1711693593.9793653,3435611862.6344547,6197539199.957318,1343925234.0703397,4261346453.4869256,2971223096.1227446,3809308672.206711
6129453498.316995,7740544358.898385,4299116523.79628,3893653269.222172,4371121814.809146,5728519155.815236,3647774541.1169534,3014221525.1497397,2922675511.135919,3205203457.774122,1141325449.360326,6465277689.737848,6763484046.584699,1147132500.9427571,1896832232.02405,5551764154.2885895,6613478954.102079,5194239731.839964,1711693593.9793653,3435611862.6344547,4397666068.116526,1343925234.0703397,4261346453.4869256,2971223096.1227446,3809308672.206711
6129453498.316995,7740544358.898385,4299116523.79628,3893653269.222172,4371121814.809146,3753141201.403132,3647774541.1169534,3014221525.1497397,2922675511.135919,3205203457.774122,1141325449.360326,6465277689.737848,6763484046.584699,1147132500.9427571,1896832232.02405,5215328082.501225,6613478954.102079,5194239731.839964,1711693593.9793653,1580712806.7128236,4397666068.116526,1343925234.0703397,4261346453.4869256,2943751718.4108796,1714751304.438768
3253126925.320543,7740544358.898385,4299116523.79628,3893653269.222172,4371121814.809146,3753141201.403132,3647774541.1169534,3014221525.1497397,2922675511.135919,3205203457.774122,1141325449.360326,6465277689.737848,6471523409.986819,1147132500.9427571,1896832232.02405,5215328082.501225,6613478954.102079,4123684003.882852,1711693593.9793653,1580712806.7128236,4397666068.116526,1343925234.0703397,4261346453.4869256,2943751718.4108796,1714751304.438768
3253126925.320543,7740544358.898385,2866516620.870971,3893653269.222172,4371121814.809146,3753141201.403132,2261808670.503715,3014221525.1497397,2922675511.135919,3205203457.774122,1141325449.360326,6465277689.737848,6471523409.986819,1147132500.9427571,1896832232.02405,5215328082.501225,6613478954.102079,4123684003.882852,1711693593.9793653,1580712806.7128236,4397666068.116526,1343925234.0703397,4261346453.4869256,2943751718.4108796,1714751304.438768
3253126925.320543,7740544358.898385,2866516620.870971,3893653269.222172,4371121814.809146,3753141201.403132,2261808670.503715,3014221525.1497397,2922675511.135919,3205203457.774122,1141325449.360326,6465277689.737848,6471523409.986819,1147132500.9427571,1896832232.02405,5215328082.501225,6613478954.102079,4123684003.882852,1711693593.9793653,1580712806.7128236,4397666068.116526,1343925234.0703397,4261346453.4869256,2943751718.4108796,1714751304.438768
3253126925.320543,2950018454.2991543,2866516620.870971,3893653269.222172,2876885106.474677,3753141201.403132,2261808670.503715,3014221525.1497397,2922675511.135919,3205203457.774122,1141325449.360326,6465277689.737848,6471523409.986819,1147132500.9427571,1896832232.02405,5056186239.372092,6613478954.102079,1336964039.0158892,1711693593.9793653,1580712806.7128236,4397666068.116526,1343925234.0703397,4261346453.4869256,2943751718.4108796,1714751304.438768
3253126925.320543,2950018454.2991543,2866516620.870971,3281024351.742838,2876885106.474677,3753141201.403132,2261808670.503715,3014221525.1497397,2922675511.135919,3205203457.774122,1141325449.360326,6465277689.737848,6107968947.186996,1147132500.9427571,1896832232.02405,4309796030.020333,6613478954.102079,1336964039.0158892,1711693593.9793653,1580712806.7128236,3656375581.0443945,1343925234.0703397,4261346453.4869256,2943751718.4108796,1714751304.438768
3253126925.320543,2950018454.2991543,2866516620.870971,3281024351.742838,1824467847.0674136,3753141201.403132,2261808670.503715,3014221525.1497397,2922675511.135919,3205203457.774122,1141325449.360326,6465277689.737848,6107968947.186996,1147132500.9427571,1896832232.02405,4309796030.020333,6613478954.102079,1336964039.0158892,1711693593.9793653,1580712806.7128236,3656375581.0443945,1343925234.0703397,4261346453.4869256,1502493680.7962432,1714751304.438768
3253126925.320543,2950018454.2991543,1049682224.7656089,3281024351.742838,1824467847.0674136,3753141201.403132,2261808670.503715,3014221525.1497397,2922675511.135919,3205203457.774122,1141325449.360326,6465277689.737848,6107968947.186996,1147132500.9427571,1896832232.02405,4309796030.020333,6613478954.102079,1336964039.0158892,1711693593.9793653,1580712806.7128236,3656375581.0443945,1343925234.0703397,4261346453.4869256,1502493680.7962432,1714751304.438768
3043458551.019024,2950018454.2991543,1049682224.7656089,2386182367.390452,1824467847.0674136,3753141201.403132,2261808670.503715,3014221525.1497397,2922675511.135919,3205203457.774122,1141325449.360326,4583887571.487114,5847677759.269756,1147132500.9427571,1896832232.02405,4309796030.020333,6613478954.102079,1336964039.0158892,1711693593.9793653,1580712806.7128236,2044771879.4909124,1343925234.0703397,4261346453.4869256,1502493680.7962432,1714751304.438768
3043458551.019024,2950018454.2991543,1049682224.7656089,2386182367.390452,1824467847.0674136,3753141201.403132,2261808670.503715,3014221525.1497397,2922675511.135919,1824533633.2643101,1141325449.360326,4583887571.487114,5847677759.269756,1147132500.9427571,1896832232.02405,3840115182.82543,4667027506.427518,1336964039.0158892,1711693593.9793653,1580712806.7128236,2044771879.4909124,1343925234.0703397,4261346453.4869256,1502493680.7962432,1714751304.438768
3043458551.019024,1626543966.0614893,1049682224.7656089,2386182367.390452,1824467847.0674136,3753141201.403132,2261808670.503715,3014221525.1497397,2922675511.135919,1824533633.2643101,1141325449.360326,4583887571.487114,2052426240.2988713,1147132500.9427571,1896832232.02405,3840115182.82543,3656240325.026605,1336964039.0158892,1711693593.9793653,1580712806.7128236,2044771879.4909124,1343925234.0703397,4261346453.4869256,1502493680.7962432,1714751304.438768
3043458551.019024,1626543966.0614893,1049682224.7656089,2386182367.390452,1824467847.0674136,3753141201.403132,2261808670.503715,3014221525.1497397,2922675511.135919,1824533633.2643101,1141325449.360326,4583887571.487114,2052426240.2988713,1147132500.9427571,1549511847.1822286,3840115182.82543,3656240325.026605,1336964039.0158892,1711693593.9793653,1580712806.7128236,2044771879.4909124,1343925234.0703397,4261346453.4869256,1502493680.7962432,1714751304.438768
3030063893.536376,1626543966.0614893,1049682224.7656089,2386182367.390452,1824467847.0674136,3753141201.403132,2261808670.503715,3014221525.1497397,2922675511.135919,1824533633.2643101,1141325449.360326,4583887571.487114,2052426240.2988713,1147132500.9427571,1549511847.1822286,754250235.2659272,2255912522.5533085,908202370.3008946,1711693593.9793653,1580712806.7128236,2044771879.4909124,1343925234.0703397,4261346453.4869256,1502493680.7962432,1714751304.438768
3030063893.536376,1626543966.0614893,1049682224.7656089,2386182367.390452,1824467847.0674136,3753141201.403132,2261808670.503715,3014221525.1497397,2922675511.135919,1824533633.2643101,987135505.3323706,4583887571.487114,2052426240.2988713,1147132500.9427571,665524939.8675857,754250235.2659272,2255912522.5533085,908202370.3008946,1711693593.9793653,1580712806.7128236,2044771879.4909124,1343925234.0703397,4261346453.4869256,1502493680.7962432,1714751304.438768
3030063893.536376,1626543966.0614893,768848923.9782524,2386182367.390452,1824467847.0674136,3679529780.6383014,2261808670.503715,3014221525.1497397,2922675511.135919,495704406.466166,987135505.3323706,4583887571.487114,2052426240.2988713,1147132500.9427571,665524939.8675857,754250235.2659272,2255912522.5533085,908202370.3008946,1711693593.9793653,1580712806.7128236,2044771879.4909124,1343925234.0703397,4261346453.4869256,1502493680.7962432,1714751304.438768
3030063893.536376,1626543966.0614893,768848923.9782524,2386182367.390452,1824467847.0674136,3679529780.6383014,2261808670.503715,3014221525.1497397,2922675511.135919,495704406.466166,987135505.3323706,4583887571.487114,2052426240.2988713,1147132500.9427571,665524939.8675857,754250235.2659272,2255912522.5533085,908202370.3008946,1711693593.9793653,1580712806.7128236,2044771879.4909124,1343925234.0703397,3219071760.137956,1502493680.7962432,1714751304.438768
3030063893.536376,1626543966.0614893,768848923.9782524,2386182367.390452,1824467847.0674136,3679529780.6383014,2261808670.503715,3014221525.1497397,2922675511.135919,495704406.466166,987135505.3323706,4583887571.487114,1546620592.1716335,1147132500.9427571,665524939.8675857,754250235.2659272,2255912522.5533085,908202370.3008946,1711693593.9793653,1580712806.7128236,2044771879.4909124,1343925234.0703397,2145729844.5437288,1502493680.7962432,1714751304.438768
1704742241.2557378,1626543966.0614893,768848923.9782524,2386182367.390452,1824467847.0674136,2467957945.262439,2261808670.503715,1647218213.8918464,2922675511.135919,495704406.466166,987135505.3323706,4583887571.487114,1546620592.1716335,1147132500.9427571,665524939.8675857,754250235.2659272,2255912522.5533085,908202370.3008946,1711693593.9793653,1580712806.7128236,2044771879.4909124,1343925234.0703397,2145729844.5437288,1502493680.7962432,1714751304.438768
1704742241.2557378,1626543966.0614893,768848923.9782524,2386182367.390452,1824467847.0674136,2467957945.262439,1836916847.3705869,1647218213.8918464,2922675511.135919,495704406.466166,987135505.3323706,2121201301.8521016,1546620592.1716335,1147132500.9427571,665524939.8675857,754250235.2659272,2255912522.5533085,908202370.3008946,1711693593.9793653,1580712806.7128236,2044771879.4909124,1343925234.0703397,2145729844.5437288,1502493680.7962432,1714751304.438768
1704742241.2557378,1626543966.0614893,768848923.9782524,2386182367.390452,1824467847.0674136,2467957945.262439,1836916847.3705869,1647218213.8918464,1920385604.1403751,495704406.466166,987135505.3323706,2121201301.8521016,1546620592.1716335,1147132500.9427571,665524939.8675857,754250235.2659272,2255912522.5533085,908202370.3008946,1711693593.9793653,1580712806.7128236,2044771879.4909124,1343925234.0703397,2145729844.5437288,1502493680.7962432,1714751304.438768
1704742241.2557378,1626543966.0614893,768848923.9782524,2386182367.390452,1643382377.5889628,2467957945.262439,1388923296.4169207,1647218213.8918464,1920385604.1403751,495704406.466166,987135505.3323706,2121201301.8521016,1546620592.1716335,1147132500.9427571,665524939.8675857,751897370.4045737,2255912522.5533085,908202370.3008946,1711693593.9793653,1580712806.7128236,2044771879.4909124,1343925234.0703397,2145729844.5437288,1502493680.7962432,1714751304.438768
1704742241.2557378,1626543966.0614893,768848923.9782524,2386182367.390452,1643382377.5889628,2467957945.262439,1388923296.4169207,1647218213.8918464,1751075809.280413,495704406.466166,987135505.3323706,1635803832.6833522,1546620592.1716335,1147132500.9427571,665524939.8675857,751897370.4045737,2255912522.5533085,908202370.3008946,1711693593.9793653,1580712806.7128236,2044771879.4909124,1343925234.0703397,1523616865.634048,1502493680.7962432,1714751304.438768
1704742241.2557378,1182901091.439157,768848923.9782524,2386182367.390452,1643382377.5889628,2467957945.262439,1388923296.4169207,1647218213.8918464,1751075809.280413,495704406.466166,987135505.3323706,1635803832.6833522,1546620592.1716335,1147132500.9427571,665524939.8675857,751897370.4045737,2255912522.5533085,908202370.3008946,1711693593.9793653,1580712806.7128236,2044771879.4909124,1343925234.0703397,1523616865.634048,1502493680.7962432,1714751304.438768
1221849166.3570566,1182901091.439157,768848923.9782524,2386182367.390452,1643382377.5889628,2467957945.262439,1388923296.4169207,1647218213.8918464,1751075809.280413,495704406.466166,987135505.3323706,1635803832.6833522,1546620592.1716335,1147132500.9427571,665524939.8675857,751897370.4045737,2255912522.5533085,908202370.3008946,1711693593.9793653,1580712806.7128236,2044771879.4909124,1343925234.0703397,1523616865.634048,1502493680.7962432,1714751304.438768
1221849166.3570566,1182901091.439157,768848923.9782524,2386182367.390452,1643382377.5889628,2467957945.262439,1388923296.4169207,1647218213.8918464,1751075809.280413,495704406.466166,987135505.3323706,1635803832.6833522,1546620592.1716335,1147132500.9427571,665524939.8675857,751897370.4045737,2255912522.5533085,908202370.3008946,1711693593.9793653,1580712806.7128236,2044771879.4909124,1343925234.0703397,1523616865.634048,1502493680.7962432,1714751304.438768
1221849166.3570566,1182901091.439157,768848923.9782524,712987127.6977164,1643382377.5889628,2467957945.262439,1388923296.4169207,1647218213.8918464,1751075809.280413,495704406.466166,987135505.3323706,1635803832.6833522,1546620592.1716335,1147132500.9427571,665524939.8675857,751897370.4045737,2255912522.5533085,908202370.3008946,1711693593.9793653,647867310.6806536,2044771879.4909124,1343925234.0703397,1523616865.634048,1502493680.7962432,1714751304.438768
1221849166.3570566,1182901091.439157,768848923.9782524,712987127.6977164,1643382377.5889628,2467957945.262439,1388923296.4169207,1647218213.8918464,1751075809.280413,495704406.466166,987135505.3323706,1635803832.6833522,1546620592.1716335,1147132500.9427571,665524939.8675857,751897370.4045737,2255912522.5533085,908202370.3008946,1711693593.9793653,647867310.6806536,2044771879.4909124,1343925234.0703397,1523616865.634048,1502493680.7962432,1714751304.438768
1221849166.3570566,1182901091.439157,768848923.9782524,712987127.6977164,1643382377.5889628,2467957945.262439,1388923296.4169207,1647218213.8918464,1751075809.280413,495704406.466166,987135505.3323706,1635803832.6833522,1546620592.1716335,1147132500.9427571,665524939.8675857,751897370.4045737,2255912522.5533085,908202370.3008946,1711693593.9793653,647867310.6806536,2044771879.4909124,1343925234.0703397,1523616865.634048,1229444435.6354694,1714751304.438768
1221849166.3570566,1182901091.439157,768848923.9782524,712987127.6977164,1643382377.5889628,2467957945.262439,923849553.9129518,1647218213.8918464,1751075809.280413,495704406.466166,987135505.3323706,1635803832.6833522,1546620592.1716335,1147132500.9427571,665524939.8675857,751897370.4045737,2255912522.5533085,908202370.3008946,1711693593.9793653,647867310.6806536,2044771879.4909124,1343925234.0703397,1523616865.634048,1229444435.6354694,1714751304.438768
1221849166.3570566,1182901091.439157,768848923.9782524,712987127.6977164,1643382377.5889628,2467957945.262439,923849553.9129518,1647218213.8918464,1751075809.280413,495704406.466166,987135505.3323706,1635803832.6833522,1546620592.1716335,1147132500.9427571,665524939.8675857,751897370.4045737,2255912522.5533085,908202370.3008946,1711693593.9793653,647867310.6806536,1546023738.2400904,1343925234.0703397,1523616865.634048,1229444435.6354694,1714751304.438768
1221849166.3570566,1182901091.439157,768848923.9782524,712987127.6977164,1643382377.5889628,2467957945.262439,923849553.9129518,1647218213.8918464,1751075809.280413,495704406.466166,987135505.3323706,1635803832.6833522,1546620592.1716335,1147132500.9427571,665524939.8675857,751897370.4045737,2255912522.5533085,908202370.3008946,1711693593.9793653,647867310.6806536,1546023738.2400904,759727922.8689257,1523616865.634048,1229444435.6354694,1714751304.438768
578968812.0729814,1182901091.439157,768848923.9782524,712987127.6977164,1643382377.5889628,2467957945.262439,923849553.9129518,1475645322.8136966,1265768977.030658,495704406.466166,987135505.3323706,1635803832.6833522,1546620592.1716335,1147132500.9427571,665524939.8675857,751897370.4045737,1331516653.696578,908202370.3008946,1711693593.9793653,647867310.6806536,1546023738.2400904,759727922.8689257,1523616865.634048,1229444435.6354694,1714751304.438768
578968812.0729814,1182901091.439157,768848923.9782524,712987127.6977164,1643382377.5889628,2467957945.262439,923849553.9129518,1475645322.8136966,1265768977.030658,495704406.466166,987135505.3323706,1635803832.6833522,1546620592.1716335,1147132500.9427571,665524939.8675857,751897370.4045737,1331516653.696578,908202370.3008946,1711693593.9793653,647867310.6806536,1546023738.2400904,759727922.8689257,1523616865.634048,1229444435.6354694,1714751304.438768
578968812.0729814,1182901091.439157,768848923.9782524,712987127.6977164,1643382377.5889628,2467957945.262439,923849553.9129518,1475645322.8136966,1265768977.030658,495704406.466166,987135505.3323706,1635803832.6833522,1442802610.302354,1147132500.9427571,665524939.8675857,751897370.4045737,1331516653.696578,908202370.3008946,1711693593.9793653,647867310.6806536,984537971.0126988,759727922.8689257,1523616865.634048,1229444435.6354694,1590731112.362218
578968812.0729814,1182901091.439157,768848923.9782524,712987127.6977164,1643382377.5889628,2372615130.7034473,923849553.9129518,1475645322.8136966,1265768977.030658,495704406.466166,987135505.3323706,1635803832.6833522,1442802610.302354,1147132500.9427571,665524939.8675857,751897370.4045737,1331516653.696578,908202370.3008946,1711693593.9793653,647867310.6806536,984537971.0126988,759727922.8689257,1523616865.634048,1229444435.6354694,1590731112.362218
578968812.0729814,1182901091.439157,768848923.9782524,712987127.6977164,1643382377.5889628,2372615130.7034473,923849553.9129518,1475645322.8136966,1265768977.030658,495704406.466166,987135505.3323706,1635803832.6833522,1442802610.302354,326745561.2773625,665524939.8675857,751897370.4045737,1331516653.696578,908202370.3008946,1711693593.9793653,647867310.6806536,984537971.0126988,759727922.8689257,1523616865.634048,1229444435.6354694,1590731112.362218
360231442.7628369,1182901091.439157,768848923.9782524,712987127.6977164,1643382377.5889628,2165703386.0841575,923849553.9129518,1475645322.8136966,1265768977.030658,495704406.466166,987135505.3323706,1387892698.6876538,1442802610.302354,326745561.2773625,665524939.8675857,751897370.4045737,1331516653.696578,908202370.3008946,1711693593.9793653,647867310.6806536,984537971.0126988,759727922.8689257,1523616865.634048,1229444435.6354694,1590731112.362218
360231442.7628369,1182901091.439157,768848923.9782524,712987127.6977164,1643382377.5889628,2165703386.0841575,923849553.9129518,1475645322.8136966,1265768977.030658,495704406.466166,987135505.3323706,1387892698.6876538,1442802610.302354,326745561.2773625,665524939.8675857,751897370.4045737,1331516653.696578,908202370.3008946,1711693593.9793653,539205701.361499,984537971.0126988,759727922.8689257,1523616865.634048,1229444435.6354694,1590731112.362218
360231442.7628369,1182901091.439157,768848923.9782524,712987127.6977164,1643382377.5889628,2165703386.0841575,923849553.9129518,1475645322.8136966,1265768977.030658,495704406.466166,987135505.3323706,1387892698.6876538,1442802610.302354,326745561.2773625,665524939.8675857,751897370.4045737,1331516653.696578,908202370.3008946,1711693593.9793653,539205701.361499,984537971.0126988,759727922.8689257,1523616865.634048,1229444435.6354694,1590731112.362218
360231442.7628369,1164606161.548806,768848923.9782524,275649294.9331777,1643382377.5889628,1071198214.6751846,923849553.9129518,1475645322.8136966,1165161107.4539676,495704406.466166,987135505.3323706,1387892698.6876538,1442802610.302354,326745561.2773625,665524939.8675857,751897370.4045737,1331516653.696578,908202370.3008946,1711693593.9793653,539205701.361499,984537971.0126988,759727922.8689257,1523616865.634048,1229444435.6354694,1590731112.362218
360231442.7628369,1164606161.548806,768848923.9782524,275649294.9331777,1643382377.5889628,1071198214.6751846,923849553.9129518,1475645322.8136966,1165161107.4539676,495704406.466166,987135505.3323706,1387892698.6876538,1442802610.302354,326745561.2773625,665524939.8675857,751897370.4045737,1331516653.696578,908202370.3008946,1432809796.2044573,539205701.361499,984537971.0126988,759727922.8689257,1523616865.634048,1229444435.6354694,1590731112.362218
360231442.7628369,1164606161.548806,768848923.9782524,275649294.9331777,1555119322.5837393,1071198214.6751846,923849553.9129518,1475645322.8136966,1165161107.4539676,495704406.466166,987135505.3323706,1387892698.6876538,1442802610.302354,326745561.2773625,665524939.8675857,751897370.4045737,1331516653.696578,908202370.3008946,1432809796.2044573,539205701.361499,984537971.0126988,759727922.8689257,1523616865.634048,1229444435.6354694,1590731112.362218
360231442.7628369,1164606161.548806,768848923.9782524,275649294.9331777,813957284.3229835,1071198214.6751846,923849553.9129518,1475645322.8136966,1165161107.4539676,495704406.466166,987135505.3323706,1387892698.6876538,856212254.0175855,326745561.2773625,665524939.8675857,751897370.4045737,1331516653.696578,908202370.3008946,1432809796.2044573,539205701.361499,984537971.0126988,759727922.8689257,1507972165.920584,1229444435.6354694,1590731112.362218
360231442.7628369,1164606161.548806,768848923.9782524,275649294.9331777,813957284.3229835,1071198214.6751846,923849553.9129518,1475645322.8136966,1165161107.4539676,495704406.466166,987135505.3323706,1387892698.6876538,856212254.0175855,326745561.2773625,665524939.8675857,751897370.4045737,1331516653.696578,908202370.3008946,1432809796.2044573,539205701.361499,984537971.0126988,759727922.8689257,1507972165.920584,1229444435.6354694,1590731112.362218
360231442.7628369,1164606161.548806,768848923.9782524,275649294.9331777,684196402.5774567,1071198214.6751846,923849553.9129518,1475645322.8136966,1165161107.4539676,495704406.466166,987135505.3323706,1387892698.6876538,856212254.0175855,326745561.2773625,665524939.8675857,751897370.4045737,1331516653.696578,908202370.3008946,1432809796.2044573,539205701.361499,984537971.0126988,759727922.8689257,1507972165.920584,1229444435.6354694,1590731112.362218
360231442.7628369,825066318.3706137,768848923.9782524,275649294.9331777,684196402.5774567,1071198214.6751846,923849553.9129518,1475645322.8136966,1165161107.4539676,495704406.466166,987135505.3323706,1387892698.6876538,856212254.0175855,326745561.2773625,665524939.8675857,751897370.4045737,1331516653.696578,908202370.3008946,521554792.76363635,539205701.361499,984537971.0126988,759727922.8689257,1507972165.920584,1229444435.6354694,1590731112.362218
360231442.7628369,825066318.3706137,768848923.9782524,275649294.9331777,684196402.5774567,1071198214.6751846,923849553.9129518,1475645322.8136966,1165161107.4539676,495704406.466166,987135505.3323706,1387892698.6876538,856212254.0175855,326745561.2773625,665524939.8675857,751897370.4045737,1331516653.696578,908202370.3008946,521554792.76363635,539205701.361499,984537971.0126988,759727922.8689257,755014096.5172739,1229444435.6354694,1590731112.362218
360231442.7628369,825066318.3706137,768848923.9782524,275649294.9331777,684196402.5774567,1071198214.6751846,923849553.9129518,1475645322.8136966,1165161107.4539676,495704406.466166,987135505.3323706,1387892698.6876538,856212254.0175855,326745561.2773625,665524939.8675857,751897370.4045737,1331516653.696578,908202370.3008946,521554792.76363635,539205701.361499,984537971.0126988,759727922.8689257,755014096.5172739,1229444435.6354694,1590731112.362218
360231442.7628369,825066318.3706137,768848923.9782524,275649294.9331777,684196402.5774567,1071198214.6751846,923849553.9129518,1475645322.8136966,1165161107.4539676,495704406.466166,987135505.3323706,1387892698.6876538,825830380.3444381,326745561.2773625,519303354.52631885,751897370.4045737,1331516653.696578,908202370.3008946,521554792.76363635,539205701.361499,984537971.0126988,759727922.8689257,755014096.5172739,1229444435.6354694,1590731112.362218
360231442.7628369,825066318.3706137,768848923.9782524,275649294.9331777,684196402.5774567,1071198214.6751846,923849553.9129518,1475645322.8136966,1165161107.4539676,495704406.466166,987135505.3323706,1387892698.6876538,825830380.3444381,326745561.2773625,519303354.52631885,751897370.4045737,1331516653.696578,908202370.3008946,521554792.76363635,539205701.361499,984537971.0126988,759727922.8689257,755014096.5172739,1229444435.6354694,1590731112.362218
360231442.7628369,825066318.3706137,768848923.9782524,275649294.9331777,684196402.5774567,1071198214.6751846,923849553.9129518,1475645322.8136966,1165161107.4539676,495704406.466166,820764340.809357,1387892698.6876538,825830380.3444381,326745561.2773625,519303354.52631885,731331213.7048998,1331516653.696578,908202370.3008946,521554792.76363635,539205701.361499,984537971.0126988,759727922.8689257,755014096.5172739,1229444435.6354694,1590731112.362218
360231442.7628369,825066318.3706137,768848923.9782524,275649294.9331777,684196402.5774567,618743710.1741292,923849553.9129518,1383198563.0525405,1165161107.4539676,495704406.466166,820764340.809357,1387892698.6876538,825830380.3444381,326745561.2773625,519303354.52631885,731331213.7048998,1331516653.696578,908202370.3008946,521554792.76363635,539205701.361499,984537971.0126988,759727922.8689257,755014096.5172739,1229444435.6354694,1590731112.362218
360231442.7628369,825066318.3706137,768848923.9782524,275649294.9331777,684196402.5774567,618743710.1741292,923849553.9129518,1383198563.0525405,1165161107.4539676,495704406.466166,820764340.809357,1387892698.6876538,825830380.3444381,326745561.2773625,519303354.52631885,731331213.7048998,1331516653.696578,908202370.3008946,521554792.76363635,539205701.361499,984537971.0126988,759727922.8689257,755014096.5172739,1229444435.6354694,1590731112.362218
360231442.7628369,825066318.3706137,768848923.9782524,275649294.9331777,684196402.5774567,618743710.1741292,923849553.9129518,1383198563.0525405,1165161107.4539676,495704406.466166,820764340.809357,1387892698.6876538,825830380.3444381,326745561.2773625,480378271.2045131,731331213.7048998,1331516653.696578,908202370.3008946,521554792.76363635,539205701.361499,774209361.1044481,759727922.8689257,671219974.3437753,1229444435.6354694,1590731112.362218
360231442.7628369,825066318.3706137,768848923.9782524,275649294.9331777,684196402.5774567,618743710.1741292,923849553.9129518,820229998.3191831,1165161107.4539676,495704406.466166,820764340.809357,1387892698.6876538,825830380.3444381,326745561.2773625,480378271.2045131,731331213.7048998,1331516653.696578,908202370.3008946,521554792.76363635,539205701.361499,774209361.1044481,759727922.8689257,671219974.3437753,1229444435.6354694,1590731112.362218
360231442.7628369,825066318.3706137,768848923.9782524,275649294.9331777,684196402.5774567,618743710.1741292,923849553.9129518,820229998.3191831,1165161107.4539676,495704406.466166,703995305.9588157,1297625862.5855374,342326058.41867036,326745561.2773625,480378271.2045131,731331213.7048998,1331516653.696578,908202370.3008946,521554792.76363635,539205701.361499,774209361.1044481,759727922.8689257,671219974.3437753,1229444435.6354694,1590731112.362218
360231442.7628369,825066318.3706137,768848923.9782524,275649294.9331777,684196402.5774567,618743710.1741292,923849553.9129518,820229998.3191831,1165161107.4539676,495704406.466166,703995305.9588157,1100286717.336672,342326058.41867036,326745561.2773625,480378271.2045131,731331213.7048998,1331516653.696578,908202370.3008946,521554792.76363635,539205701.361499,774209361.1044481,759727922.8689257,671219974.3437753,1229444435.6354694,1590731112.362218
360231442.7628369,825066318.3706137,768848923.9782524,275649294.9331777,684196402.5774567,618743710.1741292,923849553.9129518,820229998.3191831,1165161107.4539676,495704406.466166,703995305.9588157,1100286717.336672,342326058.41867036,326745561.2773625,480378271.2045131,731331213.7048998,1331516653.696578,908202370.3008946,521554792.76363635,539205701.361499,774209361.1044481,759727922.8689257,671219974.3437753,1229444435.6354694,1590731112.362218
360231442.7628369,825066318.3706137,768848923.9782524,275649294.9331777,684196402.5774567,618743710.1741292,923849553.9129518,820229998.3191831,1165161107.4539676,495704406.466166,703995305.9588157,1100286717.336672,342326058.41867036,326745561.2773625,480378271.2045131,731331213.7048998,1331516653.696578,908202370.3008946,521554792.76363635,539205701.361499,774209361.1044481,759727922.8689257,671219974.3437753,1229444435.6354694,1590731112.362218
360231442.7628369,825066318.3706137,768848923.9782524,275649294.9331777,684196402.5774567,618743710.1741292,923849553.9129518,820229998.3191831,1165161107.4539676,495704406.466166,703995305.9588157,1100286717.336672,342326058.41867036,326745561.2773625,480378271.2045131,731331213.7048998,1173021376.0822968,908202370.3008946,521554792.76363635,539205701.361499,774209361.1044481,759727922.8689257,671219974.3437753,637747707.9000294,1590731112.362218
360231442.7628369,825066318.3706137,768848923.9782524,275649294.9331777,684196402.5774567,618743710.1741292,923849553.9129518,633679687.4961513,878853061.0584512,495704406.466166,703995305.9588157,1100286717.336672,342326058.41867036,326745561.2773625,480378271.2045131,731331213.7048998,1173021376.0822968,908202370.3008946,521554792.76363635,539205701.361499,774209361.1044481,460760666.85549587,671219974.3437753,637747707.9000294,1590731112.362218
360231442.7628369,825066318.3706137,768848923.9782524,275649294.9331777,684196402.5774567,618743710.1741292,923849553.9129518,633679687.4961513,878853061.0584512,495704406.466166,703995305.9588157,1100286717.336672,342326058.41867036,326745561.2773625,480378271.2045131,731331213.7048998,1173021376.0822968,908202370.3008946,521554792.76363635,539205701.361499,774209361.1044481,460760666.85549587,671219974.3437753,637747707.9000294,1426856890.8453753
360231442.7628369,825066318.3706137,768848923.9782524,275649294.9331777,684196402.5774567,618743710.1741292,923849553.9129518,633679687.4961513,878853061.0584512,495704406.466166,703995305.9588157,1100286717.336672,342326058.41867036,326745561.2773625,480378271.2045131,731331213.7048998,1173021376.0822968,908202370.3008946,521554792.76363635,539205701.361499,688790262.0672086,460760666.85549587,671219974.3437753,637747707.9000294,1426856890.8453753
360231442.7628369,825066318.3706137,768848923.9782524,275649294.9331777,684196402.5774567,618743710.1741292,923849553.9129518,633679687.4961513,858993078.9826005,426614669.9587744,703995305.9588157,1100286717.336672,342326058.41867036,326745561.2773625,408888605.78837544,731331213.7048998,1173021376.0822968,908202370.3008946,521554792.76363635,539205701.361499,688790262.0672086,460760666.85549587,671219974.3437753,637747707.9000294,1426856890.8453753
360231442.7628369,825066318.3706137,768848923.9782524,275649294.9331777,684196402.5774567,618743710.1741292,923849553.9129518,633679687.4961513,858993078.9826005,426614669.9587744,703995305.9588157,1100286717.336672,342326058.41867036,326745561.2773625,408888605.78837544,731331213.7048998,1173021376.0822968,908202370.3008946,521554792.76363635,539205701.361499,688790262.0672086,460760666.85549587,671219974.3437753,637747707.9000294,1426856890.8453753
360231442.7628369,825066318.3706137,768848923.9782524,275649294.9331777,684196402.5774567,618743710.1741292,865621090.3199761,633679687.4961513,858993078.9826005,426614669.9587744,703995305.9588157,1100286717.336672,342326058.41867036,326745561.2773625,408888605.78837544,731331213.7048998,1173021376.0822968,908202370.3008946,521554792.76363635,539205701.361499,688790262.0672086,460760666.85549587,671219974.3437753,637747707.9000294,1426856890.8453753
360231442.7628369,825066318.3706137,768848923.9782524,275649294.9331777,356432349.0345319,618743710.1741292,865621090.3199761,633679687.4961513,858993078.9826005,426614669.9587744,703995305.9588157,956623855.7480974,342326058.41867036,326745561.2773625,408888605.78837544,731331213.7048998,1173021376.0822968,908202370.3008946,521554792.76363635,539205701.361499,688790262.0672086,460760666.85549587,671219974.3437753,637747707.9000294,1426856890.8453753
360231442.7628369,825066318.3706137,768848923.9782524,275649294.9331777,356432349.0345319,618743710.1741292,865621090.3199761,633679687.4961513,858993078.9826005,426614669.9587744,703995305.9588157,956623855.7480974,342326058.41867036,326745561.2773625,408888605.78837544,731331213.7048998,1173021376.0822968,908202370.3008946,521554792.76363635,539205701.361499,688790262.0672086,460760666.85549587,671219974.3437753,637747707.9000294,667406555.9052747
360231442.7628369,825066318.3706137,663024914.7060958,275649294.9331777,356432349.0345319,618743710.1741292,865621090.3199761,633679687.4961513,858993078.9826005,426614669.9587744,703995305.9588157,956623855.7480974,342326058.41867036,326745561.2773625,408888605.78837544,731331213.7048998,1173021376.0822968,908202370.3008946,521554792.76363635,539205701.361499,688790262.0672086,460760666.85549587,671219974.3437753,637747707.9000294,667406555.9052747
360231442.7628369,825066318.3706137,663024914.7060958,275649294.9331777,356432349.0345319,618743710.1741292,865621090.3199761,633679687.4961513,858993078.9826005,426614669.9587744,703995305.9588157,606027970.813306,342326058.41867036,326745561.2773625,408888605.78837544,731331213.7048998,1103608701.6429024,908202370.3008946,521554792.76363635,539205701.361499,688790262.0672086,460760666.85549587,671219974.3437753,637747707.9000294,667406555.9052747
360231442.7628369,825066318.3706137,663024914.7060958,275649294.9331777,356432349.0345319,618743710.1741292,865621090.3199761,633679687.4961513,858993078.9826005,426614669.9587744,703995305.9588157,606027970.813306,342326058.41867036,326745561.2773625,408888605.78837544,731331213.7048998,1103608701.6429024,908202370.3008946,521554792.76363635,539205701.361499,688790262.0672086,460760666.85549587,671219974.3437753,637747707.9000294,667406555.9052747
360231442.7628369,825066318.3706137,663024914.7060958,275649294.9331777,356432349.0345319,618743710.1741292,865621090.3199761,633679687.4961513,858993078.9826005,426614669.9587744,703995305.9588157,606027970.813306,342326058.41867036,326745561.2773625,408888605.78837544,731331213.7048998,1103608701.6429024,908202370.3008946,521554792.76363635,539205701.361499,688790262.0672086,43098672.36478205,671219974.3437753,637747707.9000294,667406555.9052747
360231442.7628369,825066318.3706137,663024914.7060958,275649294.9331777,356432349.0345319,618743710.1741292,865621090.3199761,633679687.4961513,858993078.9826005,426614669.9587744,703995305.9588157,606027970.813306,342326058.41867036,326745561.2773625,408888605.78837544,731331213.7048998,1103608701.6429024,908202370.3008946,521554792.76363635,539205701.361499,688790262.0672086,43098672.36478205,671219974.3437753,637747707.9000294,667406555.9052747
360231442.7628369,825066318.3706137,663024914.7060958,275649294.9331777,356432349.0345319,618743710.1741292,865621090.3199761,633679687.4961513,858993078.9826005,426614669.9587744,703995305.9588157,606027970.813306,342326058.41867036,326745561.2773625,408888605.78837544,731331213.7048998,1103608701.6429024,908202370.3008946,521554792.76363635,539205701.361499,688790262.0672086,43098672.36478205,671219974.3437753,637747707.9000294,667406555.9052747
360231442.7628369,825066318.3706137,406182331.7438792,275649294.9331777,356432349.0345319,618743710.1741292,865621090.3199761,633679687.4961513,858993078.9826005,426614669.9587744,703995305.9588157,606027970.813306,342326058.41867036,326745561.2773625,408888605.78837544,731331213.7048998,1103608701.6429024,908202370.3008946,521554792.76363635,539205701.361499,688790262.0672086,43098672.36478205,671219974.3437753,637747707.9000294,667406555.9052747
360231442.7628369,825066318.3706137,406182331.7438792,275649294.9331777,356432349.0345319,618743710.1741292,865621090.3199761,633679687.4961513,437537873.6835666,426614669.9587744,703995305.9588157,606027970.813306,342326058.41867036,326745561.2773625,408888605.78837544,731331213.7048998,1103608701.6429024,908202370.3008946,521554792.76363635,246614935.9413268,688790262.0672086,43098672.36478205,671219974.3437753,481405218.01087403,667406555.9052747
360231442.7628369,824485113.3384664,406182331.7438792,275649294.9331777,356432349.0345319,256018352.9030601,865621090.3199761,633679687.4961513,437537873.6835666,426614669.9587744,703995305.9588157,606027970.813306,342326058.41867036,326745561.2773625,408888605.78837544,731331213.7048998,1103608701.6429024,624331340.485177,521554792.76363635,246614935.9413268,688790262.0672086,43098672.36478205,671219974.3437753,481405218.01087403,667406555.9052747
360231442.7628369,824485113.3384664,406182331.7438792,275649294.9331777,356432349.0345319,256018352.9030601,865621090.3199761,633679687.4961513,437537873.6835666,426614669.9587744,703995305.9588157,431941007.207275,342326058.41867036,326745561.2773625,408888605.78837544,731331213.7048998,1103608701.6429024,624331340.485177,521554792.76363635,246614935.9413268,688790262.0672086,43098672.36478205,671219974.3437753,481405218.01087403,667406555.9052747
360231442.7628369,824485113.3384664,406182331.7438792,275649294.9331777,356432349.0345319,256018352.9030601,865621090.3199761,633679687.4961513,437537873.6835666,426614669.9587744,703995305.9588157,431941007.207275,342326058.41867036,326745561.2773625,408888605.78837544,731331213.7048998,1103608701.6429024,624331340.485177,521554792.76363635,246614935.9413268,688790262.0672086,43098672.36478205,671219974.3437753,481405218.01087403,667406555.9052747
360231442.7628369,824485113.3384664,406182331.7438792,275649294.9331777,356432349.0345319,256018352.9030601,319598201.78092414,633679687.4961513,437537873.6835666,426614669.9587744,703995305.9588157,431941007.207275,342326058.41867036,326745561.2773625,408888605.78837544,731331213.7048998,555624813.2640245,624331340.485177,521554792.76363635,246614935.9413268,688790262.0672086,43098672.36478205,671219974.3437753,481405218.01087403,667406555.9052747
360231442.7628369,824485113.3384664,156017208.16808572,275649294.9331777,356432349.0345319,256018352.9030601,319598201.78092414,633679687.4961513,437537873.6835666,426614669.9587744,546118757.5696499,217065960.77217945,342326058.41867036,326745561.2773625,408888605.78837544,731331213.7048998,555624813.2640245,624331340.485177,521554792.76363635,246614935.9413268,688790262.0672086,43098672.36478205,671219974.3437753,481405218.01087403,667406555.9052747
360231442.7628369,824485113.3384664,156017208.16808572,275649294.9331777,356432349.0345319,256018352.9030601,319598201.78092414,633679687.4961513,437537873.6835666,426614669.9587744,546118757.5696499,217065960.77217945,342326058.41867036,326745561.2773625,408888605.78837544,731331213.7048998,555624813.2640245,624331340.485177,521554792.76363635,246614935.9413268,688790262.0672086,43098672.36478205,452580131.6404963,481405218.01087403,191537377.33789143
360231442.7628369,778889433.7965535,156017208.16808572,275649294.9331777,356432349.0345319,256018352.9030601,319598201.78092414,633679687.4961513,437537873.6835666,426614669.9587744,546118757.5696499,217065960.77217945,342326058.41867036,326745561.2773625,408888605.78837544,731331213.7048998,555624813.2640245,624331340.485177,521554792.76363635,246614935.9413268,688790262.0672086,43098672.36478205,452580131.6404963,312359826.4298546,191537377.33789143
265648507.4917538,778889433.7965535,156017208.16808572,275649294.9331777,356432349.0345319,256018352.9030601,319598201.78092414,633679687.4961513,437537873.6835666,426614669.9587744,546118757.5696499,217065960.77217945,342326058.41867036,326745561.2773625,408888605.78837544,731331213.7048998,555624813.2640245,624331340.485177,521554792.76363635,246614935.9413268,688790262.0672086,43098672.36478205,452580131.6404963,312359826.4298546,191537377.33789143
265648507.4917538,778889433.7965535,156017208.16808572,275649294.9331777,356432349.0345319,256018352.9030601,319598201.78092414,633679687.4961513,386246688.6347532,426614669.9587744,546118757.5696499,217065960.77217945,342326058.41867036,326745561.2773625,408888605.78837544,731331213.7048998,555624813.2640245,624331340.485177,521554792.76363635,246614935.9413268,688790262.0672086,43098672.36478205,452580131.6404963,312359826.4298546,191537377.33789143
265648507.4917538,778889433.7965535,156017208.16808572,275649294.9331777,356432349.0345319,256018352.9030601,319598201.78092414,633679687.4961513,386246688.6347532,426614669.9587744,546118757.5696499,217065960.77217945,342326058.41867036,326745561.2773625,408888605.78837544,731331213.7048998,555624813.2640245,291111206.1537066,521554792.76363635,246614935.9413268,688790262.0672086,43098672.36478205,452580131.6404963,312359826.4298546,191537377.33789143
265648507.4917538,778889433.7965535,156017208.16808572,275649294.9331777,356432349.0345319,256018352.9030601,319598201.78092414,633679687.4961513,386246688.6347532,426614669.9587744,546118757.5696499,217065960.77217945,342326058.41867036,326745561.2773625,408888605.78837544,731331213.7048998,555624813.2640245,291111206.1537066,521554792.76363635,246614935.9413268,688790262.0672086,43098672.36478205,452580131.6404963,312359826.4298546,191537377.33789143
265648507.4917538,778889433.7965535,156017208.16808572,275649294.9331777,356432349.0345319,256018352.9030601,319598201.78092414,633679687.4961513,386246688.6347532,426614669.9587744,546118757.5696499,217065960.77217945,342326058.41867036,326745561.2773625,408888605.78837544,731331213.7048998,555624813.2640245,291111206.1537066,521554792.76363635,246614935.9413268,688790262.0672086,43098672.36478205,452580131.6404963,312359826.4298546,191537377.33789143
265648507.4917538,778889433.7965535,156017208.16808572,275649294.9331777,296965482.6494237,256018352.9030601,319598201.78092414,633679687.4961513,386246688.6347532,426614669.9587744,546118757.5696499,217065960.77217945,342326058.41867036,326745561.2773625,226406454.60905254,731331213.7048998,555624813.2640245,291111206.1537066,521554792.76363635,246614935.9413268,688790262.0672086,43098672.36478205,452580131.6404963,312359826.4298546,191537377.33789143
265648507.4917538,778889433.7965535,156017208.16808572,275649294.9331777,296965482.6494237,256018352.9030601,319598201.78092414,633679687.4961513,386246688.6347532,426614669.9587744,546118757.5696499,217065960.77217945,342326058.41867036,326745561.2773625,226406454.60905254,731331213.7048998,555624813.2640245,291111206.1537066,521554792.76363635,246614935.9413268,688790262.0672086,43098672.36478205,452580131.6404963,312359826.4298546,191537377.33789143
265648507.4917538,778889433.7965535,156017208.16808572,275649294.9331777,296965482.6494237,256018352.9030601,319598201.78092414,633679687.4961513,386246688.6347532,426614669.9587744,495822738.14956224,217065960.77217945,342326058.41867036,326745561.2773625,226406454.60905254,731331213.7048998,555624813.2640245,291111206.1537066,521554792.76363635,246614935.9413268,688790262.0672086,43098672.36478205,452580131.6404963,312359826.4298546,191537377.33789143
265648507.4917538,778889433.7965535,156017208.16808572,275649294.9331777,296965482.6494237,256018352.9030601,319598201.78092414,633679687.4961513,386246688.6347532,426614669.9587744,495822738.14956224,217065960.77217945,342326058.41867036,326745561.2773625,226406454.60905254,731331213.7048998,302262952.23368645,291111206.1537066,521554792.76363635,246614935.9413268,688790262.0672086,43098672.36478205,452580131.6404963,312359826.4298546,191537377.33789143
265648507.4917538,778889433.7965535,156017208.16808572,275649294.9331777,296965482.6494237,256018352.9030601,319598201.78092414,633679687.4961513,386246688.6347532,426614669.9587744,495822738.14956224,217065960.77217945,342326058.41867036,326745561.2773625,226406454.60905254,731331213.7048998,302262952.23368645,291111206.1537066,521554792.76363635,246614935.9413268,688790262.0672086,43098672.36478205,372140641.643818,312359826.4298546,191537377.33789143
265648507.4917538,778889433.7965535,156017208.16808572,275649294.9331777,296965482.6494237,256018352.9030601,319598201.78092414,633679687.4961513,386246688.6347532,426614669.9587744,495822738.14956224,217065960.77217945,317863298.52449304,326745561.2773625,226406454.60905254,731331213.7048998,302262952.23368645,291111206.1537066,521554792.76363635,246614935.9413268,688790262.0672086,43098672.36478205,372140641.643818,312359826.4298546,191537377.33789143
265648507.4917538,778889433.7965535,156017208.16808572,275649294.9331777,296965482.6494237,256018352.9030601,319598201.78092414,320473652.72231615,386246688.6347532,426614669.9587744,495822738.14956224,217065960.77217945,317863298.52449304,326745561.2773625,226406454.60905254,731331213.7048998,302262952.23368645,291111206.1537066,521554792.76363635,246614935.9413268,189145277.09081566,43098672.36478205,372140641.643818,312359826.4298546,191537377.33789143
265648507.4917538,778889433.7965535,156017208.16808572,275649294.9331777,296965482.6494237,256018352.9030601,319598201.78092414,320473652.72231615,386246688.6347532,426614669.9587744,495822738.14956224,217065960.77217945,317863298.52449304,326745561.2773625,226406454.60905254,731331213.7048998,302262952.23368645,291111206.1537066,521554792.76363635,246614935.9413268,189145277.09081566,43098672.36478205,372140641.643818,312359826.4298546,191537377.33789143
265648507.4917538,778889433.7965535,156017208.16808572,275649294.9331777,296965482.6494237,256018352.9030601,319598201.78092414,320473652.72231615,386246688.6347532,426614669.9587744,495822738.14956224,217065960.77217945,317863298.52449304,326745561.2773625,226406454.60905254,731331213.7048998,302262952.23368645,291111206.1537066,521554792.76363635,246614935.9413268,189145277.09081566,43098672.36478205,372140641.643818,312359826.4298546,191537377.33789143
265648507.4917538,778889433.7965535,156017208.16808572,275649294.9331777,296965482.6494237,256018352.9030601,319598201.78092414,320473652.72231615,386246688.6347532,426614669.9587744,495822738.14956224,217065960.77217945,317863298.52449304,326745561.2773625,226406454.60905254,731331213.7048998,302262952.23368645,291111206.1537066,521554792.76363635,246614935.9413268,189145277.09081566,43098672.36478205,372140641.643818,217348806.06759092,191537377.33789143
265648507.4917538,726939755.7918847,150569710.11045977,275649294.9331777,296965482.6494237,256018352.9030601,319598201.78092414,320473652.72231615,386246688.6347532,426614669.9587744,495822738.14956224,217065960.77217945,317863298.52449304,326745561.2773625,226406454.60905254,731331213.7048998,302262952.23368645,291111206.1537066,521554792.76363635,246614935.9413268,189145277.09081566,43098672.36478205,372140641.643818,217348806.06759092,191537377.33789143
265648507.4917538,726939755.7918847,150569710.11045977,275649294.9331777,296965482.6494237,256018352.9030601,319598201.78092414,320473652.72231615,386246688.6347532,426614669.9587744,495822738.14956224,217065960.77217945,317863298.52449304,326745561.2773625,226406454.60905254,731331213.7048998,302262952.23368645,291111206.1537066,521554792.76363635,246614935.9413268,189145277.09081566,43098672.36478205,372140641.643818,217348806.06759092,191537377.33789143
265648507.4917538,726939755.7918847,150569710.11045977,275649294.9331777,296965482.6494237,256018352.9030601,319598201.78092414,320473652.72231615,386246688.6347532,426614669.9587744,495822738.14956224,217065960.77217945,317863298.52449304,326745561.2773625,226406454.60905254,731331213.7048998,302262952.23368645,291111206.1537066,516788747.2500481,246614935.9413268,189145277.09081566,43098672.36478205,372140641.643818,217348806.06759092,191537377.33789143
265648507.4917538,726939755.7918847,150569710.11045977,275649294.9331777,296965482.6494237,256018352.9030601,319598201.78092414,320473652.72231615,386246688.6347532,426614669.9587744,495822738.14956224,217065960.77217945,317863298.52449304,326745561.2773625,226406454.60905254,731331213.7048998,302262952.23368645,291111206.1537066,516788747.2500481,246614935.9413268,189145277.09081566,43098672.36478205,372140641.643818,217348806.06759092,191537377.33789143
265648507.4917538,726939755.7918847,150569710.11045977,275649294.9331777,296965482.6494237,256018352.9030601,319598201.78092414,320473652.72231615,386246688.6347532,426614669.9587744,495822738.14956224,217065960.77217945,317863298.52449304,326745561.2773625,226406454.60905254,731331213.7048998,302262952.23368645,291111206.1537066,442974384.6483362,246614935.9413268,189145277.09081566,43098672.36478205,372140641.643818,217348806.06759092,191537377.33789143
265648507.4917538,726939755.7918847,150569710.11045977,275649294.9331777,296965482.6494237,256018352.9030601,319598201.78092414,320473652.72231615,346225612.3555744,426614669.9587744,495822738.14956224,217065960.77217945,317863298.52449304,326745561.2773625,226406454.60905254,731331213.7048998,302262952.23368645,291111206.1537066,384067902.4793775,246614935.9413268,189145277.09081566,43098672.36478205,372140641.643818,217348806.06759092,191537377.33789143
265648507.4917538,726939755.7918847,150569710.11045977,275649294.9331777,296965482.6494237,226724071.47116578,319598201.78092414,320473652.72231615,346225612.3555744,426614669.9587744,427922411.3739197,217065960.77217945,317863298.52449304,326745561.2773625,226406454.60905254,731331213.7048998,302262952.23368645,291111206.1537066,384067902.4793775,246614935.9413268,189145277.09081566,43098672.36478205,372140641.643818,217348806.06759092,191537377.33789143
265648507.4917538,550533907.8398105,150569710.11045977,275649294.9331777,296965482.6494237,226724071.47116578,319598201.78092414,320473652.72231615,346225612.3555744,426614669.9587744,427922411.3739197,217065960.77217945,317863298.52449304,326745561.2773625,226406454.60905254,731331213.7048998,302262952.23368645,291111206.1537066,384067902.4793775,246614935.9413268,189145277.09081566,43098672.36478205,372140641.643818,217348806.06759092,191537377.33789143
265648507.4917538,550533907.8398105,150569710.11045977,275649294.9331777,296965482.6494237,226724071.47116578,319598201.78092414,320473652.72231615,346225612.3555744,426614669.9587744,427922411.3739197,217065960.77217945,317863298.52449304,326745561.2773625,226406454.60905254,731331213.7048998,302262952.23368645,291111206.1537066,384067902.4793775,246614935.9413268,189145277.09081566,43098672.36478205,372140641.643818,217348806.06759092,191537377.33789143
265648507.4917538,550533907.8398105,150569710.11045977,275649294.9331777,296965482.6494237,226724071.47116578,319598201.78092414,320473652.72231615,346225612.3555744,426614669.9587744,427922411.3739197,217065960.77217945,317863298.52449304,326745561.2773625,226406454.60905254,719554021.3140785,302262952.23368645,291111206.1537066,384067902.4793775,246614935.9413268,189145277.09081566,43098672.36478205,372140641.643818,217348806.06759092,191537377.33789143
265648507.4917538,550533907.8398105,150569710.11045977,275649294.9331777,296965482.6494237,226724071.47116578,319598201.78092414,320473652.72231615,346225612.3555744,426614669.9587744,427922411.3739197,217065960.77217945,317863298.52449304,326745561.2773625,226406454.60905254,719554021.3140785,302262952.23368645,291111206.1537066,384067902.4793775,246614935.9413268,189145277.09081566,43098672.36478205,274533629.11526966,217348806.06759092,191537377.33789143
265648507.4917538,550533907.8398105,150569710.11045977,275649294.9331777,296965482.6494237,226724071.47116578,319598201.78092414,320473652.72231615,346225612.3555744,426614669.9587744,337543442.31762135,203026980.71849695,317863298.52449304,326745561.2773625,226406454.60905254,656250241.1544285,302262952.23368645,219430110.2590611,384067902.4793775,246614935.9413268,189145277.09081566,43098672.36478205,274533629.11526966,217348806.06759092,191537377.33789143
265648507.4917538,460404845.0819651,150569710.11045977,275649294.9331777,296965482.6494237,226724071.47116578,293209900.1063599,320473652.72231615,346225612.3555744,426614669.9587744,337543442.31762135,203026980.71849695,317863298.52449304,326745561.2773625,226406454.60905254,656250241.1544285,302262952.23368645,219430110.2590611,384067902.4793775,246614935.9413268,189145277.09081566,43098672.36478205,274533629.11526966,217348806.06759092,191537377.33789143
265648507.4917538,460404845.0819651,150569710.11045977,275649294.9331777,296965482.6494237,226724071.47116578,293209900.1063599,320473652.72231615,346225612.3555744,426614669.9587744,337543442.31762135,203026980.71849695,317863298.52449304,326745561.2773625,226406454.60905254,656250241.1544285,302262952.23368645,219430110.2590611,384067902.4793775,246614935.9413268,189145277.09081566,43098672.36478205,274533629.11526966,217348806.06759092,191537377.33789143
265648507.4917538,460404845.0819651,150569710.11045977,275649294.9331777,296965482.6494237,226724071.47116578,293209900.1063599,320473652.72231615,346225612.3555744,426614669.9587744,337543442.31762135,203026980.71849695,317863298.52449304,326745561.2773625,226406454.60905254,256087334.94953597,302262952.23368645,219430110.2590611,384067902.4793775,246614935.9413268,189145277.09081566,43098672.36478205,274533629.11526966,217348806.06759092,191537377.33789143
265648507.4917538,460404845.0819651,150569710.11045977,275649294.9331777,296965482.6494237,226724071.47116578,293209900.1063599,320473652.72231615,346225612.3555744,426614669.9587744,337543442.31762135,203026980.71849695,317863298.52449304,326745561.2773625,226406454.60905254,256087334.94953597,302262952.23368645,219430110.2590611,123339968.11260025,246614935.9413268,189145277.09081566,43098672.36478205,274533629.11526966,217348806.06759092,191537377.33789143
265648507.4917538,460404845.0819651,150569710.11045977,275649294.9331777,296965482.6494237,226724071.47116578,293209900.1063599,320473652.72231615,346225612.3555744,426614669.9587744,337543442.31762135,203026980.71849695,261267719.9509429,326745561.2773625,226406454.60905254,256087334.94953597,302262952.23368645,219430110.2590611,123339968.11260025,246614935.9413268,189145277.09081566,43098672.36478205,274533629.11526966,125374437.18717584,191537377.33789143
265648507.4917538,460404845.0819651,150569710.11045977,275649294.9331777,296965482.6494237,226724071.47116578,293209900.1063599,320473652.72231615,346225612.3555744,426614669.9587744,337543442.31762135,203026980.71849695,261267719.9509429,326745561.2773625,226406454.60905254,256087334.94953597,302262952.23368645,219430110.2590611,123339968.11260025,246614935.9413268,189145277.09081566,43098672.36478205,274533629.11526966,125374437.18717584,191537377.33789143
265648507.4917538,460404845.0819651,150569710.11045977,275649294.9331777,296965482.6494237,226724071.47116578,293209900.1063599,320473652.72231615,346225612.3555744,426614669.9587744,337543442.31762135,203026980.71849695,261267719.9509429,326745561.2773625,226406454.60905254,256087334.94953597,302262952.23368645,219430110.2590611,123339968.11260025,246614935.9413268,189145277.09081566,43098672.36478205,274533629.11526966,125374437.18717584,191537377.33789143
265648507.4917538,81957549.02972852,150569710.11045977,275649294.9331777,296965482.6494237,226724071.47116578,293209900.1063599,320473652.72231615,346225612.3555744,426614669.9587744,337543442.31762135,203026980.71849695,261267719.9509429,326745561.2773625,226406454.60905254,256087334.94953597,302262952.23368645,219430110.2590611,123339968.11260025,246614935.9413268,189145277.09081566,43098672.36478205,274533629.11526966,125374437.18717584,191537377.33789143
265648507.4917538,81957549.02972852,150569710.11045977,275649294.9331777,296965482.6494237,226724071.47116578,94885919.06826665,320473652.72231615,346225612.3555744,426614669.9587744,337543442.31762135,203026980.71849695,261267719.9509429,326745561.2773625,226406454.60905254,256087334.94953597,302262952.23368645,219430110.2590611,123339968.11260025,246614935.9413268,189145277.09081566,43098672.36478205,274533629.11526966,125374437.18717584,191537377.33789143
265648507.4917538,81957549.02972852,150569710.11045977,275649294.9331777,296965482.6494237,226724071.47116578,94885919.06826665,320473652.72231615,346225612.3555744,417917680.2349373,337543442.31762135,203026980.71849695,261267719.9509429,326745561.2773625,226406454.60905254,256087334.94953597,302262952.23368645,219430110.2590611,123339968.11260025,219105009.31284901,189145277.09081566,43098672.36478205,274533629.11526966,125374437.18717584,191537377.33789143
265648507.4917538,81957549.02972852,150569710.11045977,275649294.9331777,296965482.6494237,226724071.47116578,94885919.06826665,320473652.72231615,346225612.3555744,417917680.2349373,337543442.31762135,203026980.71849695,261267719.9509429,326745561.2773625,226406454.60905254,256087334.94953597,302262952.23368645,219430110.2590611,123339968.11260025,219105009.31284901,189145277.09081566,43098672.36478205,274533629.11526966,125374437.18717584,191537377.33789143
265648507.4917538,81957549.02972852,150569710.11045977,275649294.9331777,296965482.6494237,226724071.47116578,94885919.06826665,320473652.72231615,346225612.3555744,417917680.2349373,337543442.31762135,203026980.71849695,261267719.9509429,326745561.2773625,226406454.60905254,256087334.94953597,302262952.23368645,219430110.2590611,123339968.11260025,219105009.31284901,189145277.09081566,43098672.36478205,274533629.11526966,125374437.18717584,191537377.33789143
265648507.4917538,81957549.02972852,150569710.11045977,275649294.9331777,296965482.6494237,226724071.47116578,94885919.06826665,320473652.72231615,346225612.3555744,417917680.2349373,65724346.02622163,203026980.71849695,261267719.9509429,326745561.2773625,83668771.63881405,256087334.94953597,302262952.23368645,219430110.2590611,123339968.11260025,219105009.31284901,189145277.09081566,43098672.36478205,274533629.11526966,125374437.18717584,191537377.33789143
265648507.4917538,81957549.02972852,150569710.11045977,275649294.9331777,296965482.6494237,226724071.47116578,94885919.06826665,320473652.72231615,346225612.3555744,417917680.2349373,65724346.02622163,203026980.71849695,261267719.9509429,326745561.2773625,83668771.63881405,256087334.94953597,302262952.23368645,219430110.2590611,123339968.11260025,219105009.31284901,189145277.09081566,43098672.36478205,223591709.79664993,125374437.18717584,191537377.33789143
265648507.4917538,81957549.02972852,150569710.11045977,275649294.9331777,296965482.6494237,226724071.47116578,94885919.06826665,320473652.72231615,346225612.3555744,417917680.2349373,65724346.02622163,203026980.71849695,261267719.9509429,326745561.2773625,83668771.63881405,256087334.94953597,302262952.23368645,219430110.2590611,123339968.11260025,219105009.31284901,189145277.09081566,43098672.36478205,223591709.79664993,125374437.18717584,191537377.33789143
265648507.4917538,81957549.02972852,150569710.11045977,275649294.9331777,296965482.6494237,226724071.47116578,94885919.06826665,320473652.72231615,346225612.3555744,417917680.2349373,65724346.02622163,203026980.71849695,261267719.9509429,326745561.2773625,83668771.63881405,256087334.94953597,302262952.23368645,219430110.2590611,123339968.11260025,219105009.31284901,189145277.09081566,43098672.36478205,223591709.79664993,125374437.18717584,191537377.33789143
265648507.4917538,81957549.02972852,150569710.11045977,275649294.9331777,296965482.6494237,226724071.47116578,94885919.06826665,320473652.72231615,346225612.3555744,417917680.2349373,65724346.02622163,203026980.71849695,261267719.9509429,304924205.3950537,83668771.63881405,256087334.94953597,302262952.23368645,219430110.2590611,123339968.11260025,219105009.31284901,189145277.09081566,43098672.36478205,223591709.79664993,125374437.18717584,191537377.33789143
265648507.4917538,81957549.02972852,150569710.11045977,255986866.73978528,296965482.6494237,226724071.47116578,94885919.06826665,320473652.72231615,346225612.3555744,417917680.2349373,65724346.02622163,203026980.71849695,261267719.9509429,304924205.3950537,83668771.63881405,256087334.94953597,285901595.07175994,219430110.2590611,123339968.11260025,219105009.31284901,189145277.09081566,43098672.36478205,223591709.79664993,125374437.18717584,191537377.33789143
265648507.4917538,81957549.02972852,150569710.11045977,255986866.73978528,296965482.6494237,226724071.47116578,94885919.06826665,320473652.72231615,346225612.3555744,417917680.2349373,65724346.02622163,203026980.71849695,261267719.9509429,304924205.3950537,83668771.63881405,256087334.94953597,285901595.07175994,219430110.2590611,123339968.11260025,219105009.31284901,189145277.09081566,43098672.36478205,223591709.79664993,125374437.18717584,191537377.33789143
265648507.4917538,81957549.02972852,150569710.11045977,255986866.73978528,296965482.6494237,226724071.47116578,94885919.06826665,320473652.72231615,346225612.3555744,417917680.2349373,65724346.02622163,96921695.57818055,261267719.9509429,304924205.3950537,83668771.63881405,256087334.94953597,285901595.07175994,219430110.2590611,123339968.11260025,219105009.31284901,189145277.09081566,43098672.36478205,223591709.79664993,125374437.18717584,191537377.33789143
265648507.4917538,81957549.02972852,150569710.11045977,255986866.73978528,296965482.6494237,226724071.47116578,94885919.06826665,320473652.72231615,346225612.3555744,417917680.2349373,65724346.02622163,96921695.57818055,261267719.9509429,202926085.90949416,83668771.63881405,256087334.94953597,285901595.07175994,219430110.2590611,123339968.11260025,219105009.31284901,189145277.09081566,43098672.36478205,223591709.79664993,125374437.18717584,191537377.33789143
265648507.4917538,81957549.02972852,150569710.11045977,228699815.26256227,296965482.6494237,226724071.47116578,94885919.06826665,320473652.72231615,346225612.3555744,417917680.2349373,65724346.02622163,96921695.57818055,261267719.9509429,202926085.90949416,83668771.63881405,256087334.94953597,282737559.06403273,219430110.2590611,123339968.11260025,219105009.31284901,189145277.09081566,43098672.36478205,223591709.79664993,125374437.18717584,191537377.33789143
184162862.4522897,81957549.02972852,150569710.11045977,228699815.26256227,296965482.6494237,226724071.47116578,94885919.06826665,320473652.72231615,346225612.3555744,417917680.2349373,65724346.02622163,96921695.57818055,261267719.9509429,202926085.90949416,83668771.63881405,256087334.94953597,245399968.540312,219430110.2590611,123339968.11260025,219105009.31284901,189145277.09081566,43098672.36478205,223591709.79664993,125374437.18717584,191537377.33789143
184162862.4522897,81957549.02972852,150569710.11045977,228699815.26256227,296965482.6494237,226724071.47116578,94885919.06826665,320473652.72231615,346225612.3555744,417917680.2349373,65724346.02622163,96921695.57818055,261267719.9509429,202926085.90949416,83668771.63881405,256087334.94953597,245399968.540312,219430110.2590611,123339968.11260025,219105009.31284901,189145277.09081566,43098672.36478205,223591709.79664993,125374437.18717584,191537377.33789143
184162862.4522897,81957549.02972852,150569710.11045977,228699815.26256227,296965482.6494237,226724071.47116578,94885919.06826665,320473652.72231615,346225612.3555744,417917680.2349373,65724346.02622163,96921695.57818055,261267719.9509429,202926085.90949416,83668771.63881405,256087334.94953597,245399968.540312,219430110.2590611,123339968.11260025,219105009.31284901,189145277.09081566,43098672.36478205,223591709.79664993,125374437.18717584,191537377.33789143
184162862.4522897,81957549.02972852,150569710.11045977,228699815.26256227,296965482.6494237,226724071.47116578,94885919.06826665,320473652.72231615,346225612.3555744,417917680.2349373,65724346.02622163,96921695.57818055,261267719.9509429,202926085.90949416,83668771.63881405,256087334.94953597,245399968.540312,219430110.2590611,123339968.11260025,219105009.31284901,189145277.09081566,43098672.36478205,223591709.79664993,125374437.18717584,191537377.33789143
184162862.4522897,81957549.02972852,150569710.11045977,228699815.26256227,296965482.6494237,226724071.47116578,94885919.06826665,320473652.72231615,346225612.3555744,417917680.2349373,65724346.02622163,96921695.57818055,261267719.9509429,202926085.90949416,83668771.63881405,256087334.94953597,245399968.540312,131632661.93783289,123339968.11260025,219105009.31284901,189145277.09081566,43098672.36478205,141685019.8625644,125374437.18717584,191537377.33789143
184162862.4522897,81957549.02972852,150569710.11045977,228699815.26256227,260051035.66847557,226724071.47116578,94885919.06826665,320473652.72231615,346225612.3555744,413240738.1620468,65724346.02622163,96921695.57818055,261267719.9509429,202926085.90949416,83668771.63881405,256087334.94953597,245399968.540312,131632661.93783289,123339968.11260025,219105009.31284901,189145277.09081566,43098672.36478205,141685019.8625644,72430690.42565042,191537377.33789143
184162862.4522897,81957549.02972852,150569710.11045977,228699815.26256227,260051035.66847557,226724071.47116578,94885919.06826665,320473652.72231615,346225612.3555744,413240738.1620468,65724346.02622163,96921695.57818055,261267719.9509429,202926085.90949416,83668771.63881405,256087334.94953597,245399968.540312,131632661.93783289,123339968.11260025,219105009.31284901,189145277.09081566,43098672.36478205,141685019.8625644,72430690.42565042,191537377.33789143
184162862.4522897,81957549.02972852,150569710.11045977,228699815.26256227,260051035.66847557,141972110.03676084,94885919.06826665,320473652.72231615,346225612.3555744,413240738.1620468,65724346.02622163,96921695.57818055,261267719.9509429,202926085.90949416,83668771.63881405,256087334.94953597,245399968.540312,131632661.93783289,123339968.11260025,219105009.31284901,189145277.09081566,43098672.36478205,141685019.8625644,72430690.42565042,191537377.33789143
175230536.6078144,81957549.02972852,150569710.11045977,228699815.26256227,260051035.66847557,141972110.03676084,94885919.06826665,320473652.72231615,346225612.3555744,413240738.1620468,65724346.02622163,96921695.57818055,261267719.9509429,202926085.90949416,83668771.63881405,256087334.94953597,245399968.540312,131632661.93783289,123339968.11260025,219105009.31284901,189145277.09081566,43098672.36478205,141685019.8625644,72430690.42565042,116276842.01676089
175230536.6078144,81957549.02972852,150569710.11045977,228699815.26256227,260051035.66847557,141972110.03676084,94885919.06826665,81873445.36468196,346225612.3555744,413240738.1620468,65724346.02622163,96921695.57818055,261267719.9509429,202926085.90949416,83668771.63881405,256087334.94953597,245399968.540312,131632661.93783289,123339968.11260025,219105009.31284901,189145277.09081566,43098672.36478205,141685019.8625644,72430690.42565042,116276842.01676089
175230536.6078144,81957549.02972852,150569710.11045977,228699815.26256227,260051035.66847557,141972110.03676084,94885919.06826665,81873445.36468196,346225612.3555744,413240738.1620468,65724346.02622163,96921695.57818055,261267719.9509429,202926085.90949416,83668771.63881405,256087334.94953597,245399968.540312,131632661.93783289,123339968.11260025,219105009.31284901,189145277.09081566,43098672.36478205,141685019.8625644,72430690.42565042,116276842.01676089
175230536.6078144,81957549.02972852,150569710.11045977,186417903.4410075,260051035.66847557,141972110.03676084,94885919.06826665,81873445.36468196,346225612.3555744,413240738.1620468,65724346.02622163,96921695.57818055,261267719.9509429,202926085.90949416,83668771.63881405,256087334.94953597,245399968.540312,131632661.93783289,123339968.11260025,219105009.31284901,189145277.09081566,43098672.36478205,141685019.8625644,72430690.42565042,116276842.01676089
175230536.6078144,81957549.02972852,150569710.11045977,186417903.4410075,260051035.66847557,141972110.03676084,94885919.06826665,81873445.36468196,235908884.0791203,286802425.550016,65724346.02622163,96921695.57818055,261267719.9509429,202926085.90949416,83668771.63881405,256087334.94953597,245399968.540312,131632661.93783289,123339968.11260025,219105009.31284901,189145277.09081566,43098672.36478205,141685019.8625644,72430690.42565042,116276842.01676089
175230536.6078144,81957549.02972852,141148666.12995595,186417903.4410075,260051035.66847557,141972110.03676084,94885919.06826665,81873445.36468196,235908884.0791203,286802425.550016,65724346.02622163,96921695.57818055,261267719.9509429,202926085.90949416,83668771.63881405,256087334.94953597,245399968.540312,131632661.93783289,123339968.11260025,219105009.31284901,189145277.09081566,43098672.36478205,141685019.8625644,72430690.42565042,116276842.01676089
175230536.6078144,81957549.02972852,141148666.12995595,186417903.4410075,256789855.7587822,141972110.03676084,94885919.06826665,81873445.36468196,235908884.0791203,286802425.550016,65724346.02622163,96921695.57818055,261267719.9509429,202926085.90949416,83668771.63881405,256087334.94953597,245399968.540312,131632661.93783289,123339968.11260025,219105009.31284901,189145277.09081566,43098672.36478205,134954075.13122043,72430690.42565042,116276842.01676089
175230536.6078144,81957549.02972852,141148666.12995595,186417903.4410075,256789855.7587822,141972110.03676084,94885919.06826665,81873445.36468196,235908884.0791203,286802425.550016,65724346.02622163,96921695.57818055,261267719.9509429,202926085.90949416,83668771.63881405,256087334.94953597,245399968.540312,131632661.93783289,123339968.11260025,219105009.31284901,189145277.09081566,43098672.36478205,134954075.13122043,72430690.42565042,116276842.01676089
175230536.6078144,81957549.02972852,141148666.12995595,186417903.4410075,256789855.7587822,141972110.03676084,94885919.06826665,81873445.36468196,235908884.0791203,286802425.550016,65724346.02622163,96921695.57818055,261267719.9509429,202926085.90949416,83668771.63881405,256087334.94953597,245399968.540312,131632661.93783289,123339968.11260025,219105009.31284901,189145277.09081566,43098672.36478205,134954075.13122043,72430690.42565042,116276842.01676089
175230536.6078144,81957549.02972852,141148666.12995595,186417903.4410075,256789855.7587822,141972110.03676084,94885919.06826665,81873445.36468196,235908884.0791203,286802425.550016,65724346.02622163,96921695.57818055,261267719.9509429,202926085.90949416,83668771.63881405,256087334.94953597,245399968.540312,131632661.93783289,123339968.11260025,219105009.31284901,189145277.09081566,43098672.36478205,134954075.13122043,72430690.42565042,116276842.01676089
175230536.6078144,81957549.02972852,141148666.12995595,186417903.4410075,256789855.7587822,141972110.03676084,94885919.06826665,81873445.36468196,235908884.0791203,286802425.550016,65724346.02622163,96921695.57818055,261267719.9509429,182672229.83313024,83668771.63881405,256087334.94953597,245399968.540312,131632661.93783289,123339968.11260025,219105009.31284901,189145277.09081566,43098672.36478205,134954075.13122043,72430690.42565042,116276842.01676089
175230536.6078144,81957549.02972852,141148666.12995595,186417903.4410075,256789855.7587822,141972110.03676084,94885919.06826665,81873445.36468196,235908884.0791203,286802425.550016,65724346.02622163,96921695.57818055,261267719.9509429,182672229.83313024,83668771.63881405,256087334.94953597,245399968.540312,131632661.93783289,123339968.11260025,219105009.31284901,189145277.09081566,43098672.36478205,134954075.13122043,72430690.42565042,116276842.01676089
175230536.6078144,81957549.02972852,112725966.70759472,152460250.85426328,256789855.7587822,141972110.03676084,94885919.06826665,81873445.36468196,235908884.0791203,286802425.550016,65724346.02622163,96921695.57818055,261267719.9509429,182672229.83313024,83668771.63881405,256087334.94953597,245399968.540312,131632661.93783289,123339968.11260025,219105009.31284901,189145277.09081566,43098672.36478205,134954075.13122043,72430690.42565042,116276842.01676089
175230536.6078144,81957549.02972852,112725966.70759472,114084687.01054972,157805267.98437932,141972110.03676084,94885919.06826665,81873445.36468196,235908884.0791203,286802425.550016,65724346.02622163,96921695.57818055,261267719.9509429,182672229.83313024,83668771.63881405,256087334.94953597,245399968.540312,60601108.039187096,123339968.11260025,219105009.31284901,189145277.09081566,43098672.36478205,134954075.13122043,72430690.42565042,116276842.01676089
175230536.6078144,81957549.02972852,112725966.70759472,43992824.897617176,157805267.98437932,141972110.03676084,94885919.06826665,81873445.36468196,235908884.0791203,286802425.550016,65724346.02622163,96921695.57818055,261267719.9509429,182672229.83313024,83668771.63881405,256087334.94953597,245399968.540312,60601108.039187096,123339968.11260025,219105009.31284901,189145277.09081566,43098672.36478205,134954075.13122043,72430690.42565042,116276842.01676089
175230536.6078144,81957549.02972852,112725966.70759472,43992824.897617176,157805267.98437932,141972110.03676084,94885919.06826665,81873445.36468196,235908884.0791203,286802425.550016,65724346.02622163,96921695.57818055,261267719.9509429,182672229.83313024,83668771.63881405,256087334.94953597,245399968.540312,60601108.039187096,123339968.11260025,219105009.31284901,189145277.09081566,43098672.36478205,134954075.13122043,72430690.42565042,116276842.01676089
175230536.6078144,81957549.02972852,112725966.70759472,43992824.897617176,157805267.98437932,141972110.03676084,94885919.06826665,81873445.36468196,235908884.0791203,232785834.18946004,65724346.02622163,96921695.57818055,261267719.9509429,182672229.83313024,83668771.63881405,256087334.94953597,245399968.540312,60601108.039187096,123339968.11260025,219105009.31284901,189145277.09081566,43098672.36478205,134954075.13122043,72430690.42565042,116276842.01676089
175230536.6078144,81957549.02972852,112725966.70759472,43992824.897617176,157805267.98437932,141972110.03676084,94885919.06826665,81873445.36468196,235908884.0791203,232785834.18946004,65724346.02622163,96921695.57818055,261267719.9509429,182672229.83313024,83668771.63881405,256087334.94953597,245399968.540312,60601108.039187096,123339968.11260025,219105009.31284901,189145277.09081566,43098672.36478205,134954075.13122043,72430690.42565042,116276842.01676089
175230536.6078144,81957549.02972852,112725966.70759472,43992824.897617176,157805267.98437932,141972110.03676084,94885919.06826665,81873445.36468196,235908884.0791203,232785834.18946004,65724346.02622163,96921695.57818055,261267719.9509429,182672229.83313024,83668771.63881405,256087334.94953597,245399968.540312,60601108.039187096,123339968.11260025,219105009.31284901,189145277.09081566,43098672.36478205,134954075.13122043,72430690.42565042,116276842.01676089
175230536.6078144,81957549.02972852,112725966.70759472,43992824.897617176,157805267.98437932,141972110.03676084,94885919.06826665,81873445.36468196,235908884.0791203,232785834.18946004,65724346.02622163,96921695.57818055,261267719.9509429,182672229.83313024,83668771.63881405,256087334.94953597,245399968.540312,60601108.039187096,123339968.11260025,219105009.31284901,189145277.09081566,43098672.36478205,134954075.13122043,72430690.42565042,116276842.01676089
175230536.6078144,81957549.02972852,112725966.70759472,43992824.897617176,157805267.98437932,141972110.03676084,94885919.06826665,81873445.36468196,235908884.0791203,232785834.18946004,65724346.02622163,96921695.57818055,261267719.9509429,182672229.83313024,83668771.63881405,256087334.94953597,245399968.540312,60601108.039187096,123339968.11260025,219105009.31284901,189145277.09081566,43098672.36478205,134954075.13122043,72430690.42565042,116276842.01676089
175230536.6078144,81957549.02972852,112725966.70759472,43992824.897617176,157805267.98437932,141972110.03676084,94885919.06826665,81873445.36468196,235908884.0791203,232785834.18946004,65724346.02622163,96921695.57818055,261267719.9509429,182672229.83313024,83668771.63881405,256087334.94953597,245399968.540312,60601108.039187096,123339968.11260025,219105009.31284901,189145277.09081566,43098672.36478205,134954075.13122043,72430690.42565042,116276842.01676089
150801733.471565,81957549.02972852,112725966.70759472,43992824.897617176,157805267.98437932,141972110.03676084,94885919.06826665,81873445.36468196,235908884.0791203,232785834.18946004,65724346.02622163,96921695.57818055,261267719.9509429,182672229.83313024,83668771.63881405,256087334.94953597,245399968.540312,60601108.039187096,123339968.11260025,219105009.31284901,189145277.09081566,43098672.36478205,134954075.13122043,72430690.42565042,116276842.01676089
150801733.471565,81957549.02972852,112725966.70759472,43992824.897617176,157805267.98437932,141972110.03676084,94885919.06826665,81873445.36468196,235908884.0791203,232785834.18946004,65724346.02622163,96921695.57818055,261267719.9509429,182672229.83313024,83668771.63881405,256087334.94953597,245399968.540312,60601108.039187096,123339968.11260025,219105009.31284901,189145277.09081566,43098672.36478205,134954075.13122043,72430690.42565042,116276842.01676089
150801733.471565,81957549.02972852,112725966.70759472,43992824.897617176,157805267.98437932,141972110.03676084,94885919.06826665,81873445.36468196,235908884.0791203,232785834.18946004,65724346.02622163,96921695.57818055,261267719.9509429,54648364.29690775,83668771.63881405,130055953.91213578,245399968.540312,60601108.039187096,123339968.11260025,219105009.31284901,189145277.09081566,43098672.36478205,134954075.13122043,72430690.42565042,116276842.01676089
150801733.471565,81957549.02972852,112725966.70759472,43992824.897617176,157805267.98437932,141972110.03676084,94885919.06826665,81873445.36468196,235908884.0791203,232565882.25196496,65724346.02622163,96921695.57818055,261267719.9509429,54648364.29690775,83668771.63881405,130055953.91213578,245399968.540312,60601108.039187096,123339968.11260025,219105009.31284901,189145277.09081566,43098672.36478205,134954075.13122043,72430690.42565042,116276842.01676089
150801733.471565,81957549.02972852,112725966.70759472,43992824.897617176,157805267.98437932,141972110.03676084,94885919.06826665,81873445.36468196,235908884.0791203,232565882.25196496,65724346.02622163,96921695.57818055,261267719.9509429,54648364.29690775,83668771.63881405,130055953.91213578,245399968.540312,60601108.039187096,123339968.11260025,219105009.31284901,189145277.09081566,43098672.36478205,134954075.13122043,72430690.42565042,116276842.01676089
150801733.471565,81957549.02972852,112725966.70759472,43992824.897617176,157805267.98437932,141972110.03676084,94885919.06826665,81873445.36468196,235908884.0791203,232565882.25196496,65724346.02622163,96921695.57818055,261267719.9509429,54648364.29690775,83668771.63881405,130055953.91213578,245399968.540312,60601108.039187096,123339968.11260025,219105009.31284901,189145277.09081566,43098672.36478205,134954075.13122043,72430690.42565042,116276842.01676089
150801733.471565,81957549.02972852,112725966.70759472,43992824.897617176,157805267.98437932,141972110.03676084,94885919.06826665,81873445.36468196,235908884.0791203,232565882.25196496,65724346.02622163,96921695.57818055,156490840.21169862,54648364.29690775,83668771.63881405,130055953.91213578,245399968.540312,60601108.039187096,123339968.11260025,219105009.31284901,189145277.09081566,43098672.36478205,134954075.13122043,72430690.42565042,116276842.01676089
150801733.471565,81957549.02972852,112725966.70759472,43992824.897617176,157805267.98437932,141972110.03676084,94885919.06826665,81873445.36468196,235908884.0791203,232565882.25196496,65724346.02622163,96921695.57818055,156490840.21169862,54648364.29690775,83668771.63881405,130055953.91213578,245399968.540312,60601108.039187096,123339968.11260025,219105009.31284901,189145277.09081566,43098672.36478205,134954075.13122043,72430690.42565042,116276842.01676089
150801733.471565,81957549.02972852,112725966.70759472,43992824.897617176,157805267.98437932,141972110.03676084,94885919.06826665,81873445.36468196,235908884.0791203,232565882.25196496,65724346.02622163,96921695.57818055,156490840.21169862,54648364.29690775,83668771.63881405,130055953.91213578,245399968.540312,60601108.039187096,123339968.11260025,219105009.31284901,189145277.09081566,43098672.36478205,134954075.13122043,72430690.42565042,116276842.01676089
150801733.471565,81957549.02972852,112725966.70759472,43992824.897617176,157805267.98437932,141972110.03676084,94885919.06826665,81873445.36468196,235908884.0791203,232565882.25196496,65724346.02622163,96921695.57818055,156490840.21169862,54648364.29690775,83668771.63881405,130055953.91213578,245399968.540312,60601108.039187096,123339968.11260025,219105009.31284901,189145277.09081566,43098672.36478205,134954075.13122043,72430690.42565042,116276842.01676089
150801733.471565,81957549.02972852,112725966.70759472,43992824.897617176,157805267.98437932,141972110.03676084,94885919.06826665,81873445.36468196,235908884.0791203,232565882.25196496,65724346.02622163,96921695.57818055,156490840.21169862,54648364.29690775,83668771.63881405,130055953.91213578,245399968.540312,60601108.039187096,123339968.11260025,219105009.31284901,189145277.09081566,43098672.36478205,134954075.13122043,72430690.42565042,116276842.01676089
150801733.471565,81957549.02972852,112725966.70759472,43992824.897617176,157805267.98437932,141972110.03676084,94885919.06826665,81873445.36468196,235908884.0791203,232565882.25196496,65724346.02622163,96921695.57818055,156490840.21169862,54648364.29690775,83668771.63881405,130055953.91213578,245399968.540312,60601108.039187096,123339968.11260025,219105009.31284901,189145277.09081566,43098672.36478205,134954075.13122043,72430690.42565042,116276842.01676089
150801733.471565,81957549.02972852,112725966.70759472,43992824.897617176,157805267.98437932,141972110.03676084,94885919.06826665,81873445.36468196,235908884.0791203,232565882.25196496,65724346.02622163,96921695.57818055,156490840.21169862,54648364.29690775,83668771.63881405,130055953.91213578,245399968.540312,60601108.039187096,123339968.11260025,219105009.31284901,189145277.09081566,43098672.36478205,134954075.13122043,72430690.42565042,116276842.01676089
150801733.471565,81957549.02972852,112725966.70759472,43992824.897617176,157805267.98437932,141972110.03676084,94885919.06826665,81873445.36468196,235908884.0791203,232565882.25196496,65724346.02622163,96921695.57818055,156490840.21169862,54648364.29690775,83668771.63881405,130055953.91213578,245399968.540312,60601108.039187096,123339968.11260025,219105009.31284901,189145277.09081566,43098672.36478205,134954075.13122043,72430690.42565042,116276842.01676089
150801733.471565,81957549.02972852,112725966.70759472,43992824.897617176,140892316.25642434,141972110.03676084,94885919.06826665,81873445.36468196,235908884.0791203,232565882.25196496,65724346.02622163,96921695.57818055,156490840.21169862,54648364.29690775,83668771.63881405,130055953.91213578,245399968.540312,60601108.039187096,123339968.11260025,219105009.31284901,189145277.09081566,43098672.36478205,134954075.13122043,72430690.42565042,116276842.01676089
150801733.471565,81957549.02972852,112725966.70759472,43992824.897617176,140892316.25642434,141972110.03676084,94885919.06826665,81873445.36468196,235908884.0791203,232565882.25196496,65724346.02622163,96921695.57818055,156490840.21169862,54648364.29690775,83668771.63881405,130055953.91213578,245399968.540312,60601108.039187096,123339968.11260025,219105009.31284901,189145277.09081566,43098672.36478205,134954075.13122043,72430690.42565042,116276842.01676089
150801733.471565,81957549.02972852,112725966.70759472,43992824.897617176,140892316.25642434,141972110.03676084,94885919.06826665,81873445.36468196,235908884.0791203,232565882.25196496,65724346.02622163,96921695.57818055,156490840.21169862,54648364.29690775,83668771.63881405,130055953.91213578,245399968.540312,60601108.039187096,123339968.11260025,219105009.31284901,189145277.09081566,43098672.36478205,134954075.13122043,72430690.42565042,116276842.01676089
150801733.471565,81957549.02972852,112725966.70759472,43992824.897617176,140892316.25642434,141972110.03676084,94885919.06826665,81873445.36468196,235908884.0791203,232565882.25196496,65724346.02622163,96921695.57818055,156490840.21169862,54648364.29690775,83668771.63881405,130055953.91213578,245399968.540312,60601108.039187096,123339968.11260025,219105009.31284901,189145277.09081566,43098672.36478205,134954075.13122043,72430690.42565042,116276842.01676089
150801733.471565,81957549.02972852,112725966.70759472,43992824.897617176,140892316.25642434,141972110.03676084,58843742.771499544,81873445.36468196,235908884.0791203,232565882.25196496,65724346.02622163,96921695.57818055,156490840.21169862,54648364.29690775,83668771.63881405,130055953.91213578,245399968.540312,60601108.039187096,123339968.11260025,219105009.31284901,189145277.09081566,43098672.36478205,134954075.13122043,72430690.42565042,116276842.01676089
150801733.471565,81957549.02972852,112725966.70759472,43992824.897617176,140892316.25642434,141972110.03676084,58843742.771499544,81873445.36468196,235908884.0791203,232565882.25196496,65724346.02622163,96921695.57818055,156490840.21169862,54648364.29690775,83668771.63881405,130055953.91213578,245399968.540312,60601108.039187096,123339968.11260025,219105009.31284901,189145277.09081566,43098672.36478205,134954075.13122043,72430690.42565042,116276842.01676089
150801733.471565,81957549.02972852,112725966.70759472,43992824.897617176,140892316.25642434,141972110.03676084,58843742.771499544,81873445.36468196,235908884.0791203,232565882.25196496,65724346.02622163,96921695.57818055,156490840.21169862,54648364.29690775,83668771.63881405,130055953.91213578,245399968.540312,60601108.039187096,123339968.11260025,219105009.31284901,189145277.09081566,43098672.36478205,134954075.13122043,72430690.42565042,116276842.01676089
150801733.471565,81957549.02972852,112725966.70759472,43992824.897617176,140892316.25642434,141972110.03676084,58843742.771499544,81873445.36468196,235908884.0791203,232565882.25196496,65724346.02622163,96921695.57818055,156490840.21169862,54648364.29690775,83668771.63881405,130055953.91213578,245399968.540312,60601108.039187096,123339968.11260025,219105009.31284901,189145277.09081566,43098672.36478205,134954075.13122043,72430690.42565042,116276842.01676089
150801733.471565,81957549.02972852,112725966.70759472,43992824.897617176,140892316.25642434,141972110.03676084,58843742.771499544,81873445.36468196,235908884.0791203,232565882.25196496,65724346.02622163,96921695.57818055,156490840.21169862,54648364.29690775,83668771.63881405,130055953.91213578,245399968.540312,60601108.039187096,123339968.11260025,219105009.31284901,189145277.09081566,43098672.36478205,134954075.13122043,72430690.42565042,116276842.01676089
150801733.471565,81957549.02972852,112725966.70759472,43992824.897617176,140892316.25642434,141972110.03676084,58843742.771499544,81873445.36468196,235908884.0791203,232565882.25196496,65724346.02622163,96921695.57818055,156490840.21169862,54648364.29690775,83668771.63881405,130055953.91213578,245399968.540312,60601108.039187096,123339968.11260025,219105009.31284901,189145277.09081566,43098672.36478205,134954075.13122043,72430690.42565042,116276842.01676089
150801733.471565,81957549.02972852,112725966.70759472,43992824.897617176,140892316.25642434,141972110.03676084,58843742.771499544,81873445.36468196,235908884.0791203,232565882.25196496,65724346.02622163,96921695.57818055,156490840.21169862,54648364.29690775,83668771.63881405,130055953.91213578,245399968.540312,60601108.039187096,123339968.11260025,219105009.31284901,136657458.83754793,43098672.36478205,134954075.13122043,72430690.42565042,116276842.01676089
150801733.471565,81957549.02972852,112725966.70759472,43992824.897617176,140892316.25642434,141972110.03676084,58843742.771499544,81873445.36468196,235908884.0791203,232565882.25196496,65724346.02622163,96921695.57818055,156490840.21169862,54648364.29690775,83668771.63881405,130055953.91213578,245399968.540312,60601108.039187096,123339968.11260025,219105009.31284901,136657458.83754793,43098672.36478205,134954075.13122043,72430690.42565042,116276842.01676089
150801733.471565,81957549.02972852,112725966.70759472,43992824.897617176,140892316.25642434,126784311.36303854,58843742.771499544,81873445.36468196,235908884.0791203,232565882.25196496,65724346.02622163,96921695.57818055,156490840.21169862,54648364.29690775,83668771.63881405,130055953.91213578,148556171.9909341,60601108.039187096,123339968.11260025,219105009.31284901,136657458.83754793,43098672.36478205,134954075.13122043,72430690.42565042,116276842.01676089
150801733.471565,81957549.02972852,112725966.70759472,43992824.897617176,140892316.25642434,126784311.36303854,58843742.771499544,81873445.36468196,235908884.0791203,232565882.25196496,65724346.02622163,96921695.57818055,156490840.21169862,54648364.29690775,83668771.63881405,130055953.91213578,148556171.9909341,60601108.039187096,123339968.11260025,219105009.31284901,136657458.83754793,43098672.36478205,134954075.13122043,72430690.42565042,116276842.01676089
150801733.471565,81957549.02972852,112725966.70759472,43992824.897617176,140892316.25642434,126784311.36303854,58843742.771499544,81873445.36468196,235908884.0791203,232565882.25196496,65724346.02622163,96921695.57818055,156490840.21169862,54648364.29690775,83668771.63881405,130055953.91213578,148556171.9909341,60601108.039187096,88845632.1843168,219105009.31284901,136657458.83754793,43098672.36478205,134954075.13122043,72430690.42565042,116276842.01676089
150801733.471565,81957549.02972852,112725966.70759472,43992824.897617176,140892316.25642434,126784311.36303854,58843742.771499544,81873445.36468196,235908884.0791203,232565882.25196496,65724346.02622163,96921695.57818055,156490840.21169862,54648364.29690775,83668771.63881405,130055953.91213578,148556171.9909341,60601108.039187096,88845632.1843168,219105009.31284901,136657458.83754793,43098672.36478205,134954075.13122043,72430690.42565042,116276842.01676089
150801733.471565,81957549.02972852,112725966.70759472,43992824.897617176,117597972.44753614,117724266.96059938,58843742.771499544,81873445.36468196,235908884.0791203,232565882.25196496,65724346.02622163,96921695.57818055,156490840.21169862,54648364.29690775,83668771.63881405,130055953.91213578,148556171.9909341,60601108.039187096,88845632.1843168,219105009.31284901,136657458.83754793,43098672.36478205,134954075.13122043,72430690.42565042,116276842.01676089
150801733.471565,81957549.02972852,112725966.70759472,43992824.897617176,108612428.37706226,117724266.96059938,29344270.7731024,81873445.36468196,235908884.0791203,232565882.25196496,65724346.02622163,96921695.57818055,156490840.21169862,54648364.29690775,83668771.63881405,130055953.91213578,148556171.9909341,60601108.039187096,88845632.1843168,219105009.31284901,136657458.83754793,43098672.36478205,134954075.13122043,72430690.42565042,116276842.01676089
150801733.471565,81957549.02972852,112725966.70759472,43992824.897617176,108612428.37706226,117724266.96059938,29344270.7731024,81873445.36468196,235908884.0791203,232565882.25196496,65724346.02622163,96921695.57818055,156490840.21169862,54648364.29690775,83668771.63881405,130055953.91213578,148556171.9909341,60601108.039187096,88845632.1843168,219105009.31284901,136657458.83754793,43098672.36478205,134954075.13122043,72430690.42565042,116276842.01676089
117868446.20657663,81957549.02972852,112725966.70759472,43992824.897617176,108612428.37706226,117724266.96059938,29344270.7731024,81873445.36468196,235908884.0791203,232565882.25196496,65724346.02622163,96921695.57818055,94691310.78909536,54648364.29690775,83668771.63881405,130055953.91213578,148556171.9909341,60601108.039187096,88845632.1843168,172036649.68492165,136657458.83754793,43098672.36478205,134954075.13122043,72430690.42565042,116276842.01676089
117868446.20657663,81957549.02972852,112725966.70759472,43992824.897617176,108612428.37706226,117724266.96059938,29344270.7731024,81873445.36468196,235908884.0791203,232565882.25196496,65724346.02622163,96921695.57818055,94691310.78909536,54648364.29690775,83668771.63881405,130055953.91213578,148556171.9909341,60601108.039187096,88845632.1843168,172036649.68492165,136657458.83754793,43098672.36478205,134954075.13122043,72430690.42565042,116276842.01676089
117868446.20657663,81957549.02972852,112725966.70759472,43992824.897617176,108612428.37706226,117724266.96059938,29344270.7731024,81873445.36468196,235908884.0791203,232565882.25196496,65724346.02622163,96921695.57818055,94691310.78909536,54648364.29690775,83668771.63881405,130055953.91213578,148556171.9909341,60601108.039187096,88845632.1843168,172036649.68492165,136657458.83754793,43098672.36478205,134954075.13122043,72430690.42565042,116276842.01676089
117868446.20657663,81957549.02972852,112725966.70759472,43992824.897617176,66115772.69457069,117724266.96059938,29344270.7731024,81873445.36468196,235908884.0791203,232565882.25196496,65724346.02622163,96921695.57818055,94691310.78909536,54648364.29690775,83668771.63881405,130055953.91213578,148556171.9909341,60601108.039187096,88845632.1843168,172036649.68492165,136657458.83754793,43098672.36478205,134954075.13122043,72430690.42565042,116276842.01676089
117868446.20657663,81957549.02972852,112725966.70759472,43992824.897617176,66115772.69457069,117724266.96059938,29344270.7731024,81873445.36468196,235908884.0791203,232565882.25196496,65724346.02622163,96921695.57818055,94691310.78909536,54648364.29690775,83668771.63881405,130055953.91213578,148556171.9909341,60601108.039187096,88845632.1843168,172036649.68492165,136657458.83754793,43098672.36478205,134954075.13122043,72430690.42565042,116276842.01676089
117868446.20657663,81957549.02972852,112725966.70759472,43992824.897617176,66115772.69457069,80504228.64693968,29344270.7731024,81873445.36468196,235908884.0791203,232565882.25196496,65724346.02622163,66462414.21685162,94691310.78909536,54648364.29690775,83668771.63881405,130055953.91213578,148556171.9909341,60601108.039187096,88845632.1843168,172036649.68492165,136657458.83754793,43098672.36478205,134954075.13122043,72430690.42565042,116276842.01676089
117868446.20657663,81957549.02972852,112725966.70759472,43992824.897617176,66115772.69457069,80504228.64693968,29344270.7731024,81873445.36468196,235908884.0791203,194003124.97527096,65724346.02622163,66462414.21685162,94691310.78909536,54648364.29690775,83668771.63881405,130055953.91213578,148556171.9909341,60601108.039187096,88845632.1843168,172036649.68492165,136657458.83754793,43098672.36478205,134954075.13122043,72430690.42565042,116276842.01676089
117868446.20657663,81957549.02972852,112725966.70759472,43992824.897617176,66115772.69457069,80504228.64693968,29344270.7731024,81873445.36468196,205583348.21733418,194003124.97527096,65724346.02622163,66462414.21685162,94691310.78909536,54648364.29690775,83668771.63881405,130055953.91213578,148556171.9909341,60601108.039187096,88845632.1843168,172036649.68492165,136657458.83754793,43098672.36478205,134954075.13122043,72430690.42565042,116276842.01676089
117868446.20657663,81957549.02972852,112725966.70759472,43992824.897617176,66115772.69457069,80504228.64693968,29344270.7731024,81873445.36468196,205583348.21733418,194003124.97527096,65724346.02622163,66462414.21685162,94691310.78909536,54648364.29690775,83668771.63881405,130055953.91213578,148556171.9909341,60601108.039187096,88845632.1843168,172036649.68492165,136657458.83754793,43098672.36478205,134954075.13122043,72430690.42565042,116276842.01676089
117868446.20657663,81957549.02972852,112725966.70759472,43992824.897617176,66115772.69457069,80504228.64693968,29344270.7731024,81873445.36468196,205583348.21733418,194003124.97527096,65724346.02622163,66462414.21685162,94691310.78909536,54648364.29690775,83668771.63881405,130055953.91213578,148556171.9909341,60601108.039187096,88845632.1843168,172036649.68492165,116091600.07341737,43098672.36478205,134954075.13122043,72430690.42565042,116276842.01676089
117868446.20657663,81957549.02972852,112725966.70759472,43992824.897617176,66115772.69457069,80504228.64693968,29344270.7731024,81873445.36468196,205583348.21733418,194003124.97527096,65724346.02622163,66462414.21685162,94691310.78909536,54648364.29690775,83668771.63881405,130055953.91213578,148556171.9909341,60601108.039187096,88845632.1843168,172036649.68492165,116091600.07341737,43098672.36478205,134954075.13122043,72430690.42565042,116276842.01676089
117868446.20657663,81957549.02972852,112725966.70759472,43992824.897617176,66115772.69457069,80504228.64693968,29344270.7731024,81873445.36468196,205583348.21733418,194003124.97527096,65724346.02622163,66462414.21685162,94512811.86892511,54648364.29690775,83668771.63881405,130055953.91213578,148556171.9909341,60601108.039187096,88845632.1843168,172036649.68492165,116091600.07341737,43098672.36478205,134954075.13122043,72430690.42565042,116276842.01676089
117868446.20657663,81957549.02972852,112725966.70759472,43992824.897617176,66115772.69457069,80504228.64693968,29344270.7731024,81873445.36468196,205583348.21733418,154930615.36922327,65724346.02622163,66462414.21685162,94512811.86892511,54648364.29690775,83668771.63881405,130055953.91213578,148556171.9909341,60601108.039187096,88845632.1843168,172036649.68492165,116091600.07341737,43098672.36478205,134954075.13122043,72430690.42565042,116276842.01676089
117868446.20657663,81957549.02972852,42729372.43106562,43992824.897617176,66115772.69457069,80504228.64693968,29344270.7731024,81873445.36468196,205583348.21733418,154930615.36922327,65724346.02622163,66462414.21685162,94512811.86892511,54648364.29690775,83668771.63881405,130055953.91213578,148556171.9909341,60601108.039187096,88845632.1843168,172036649.68492165,116091600.07341737,43098672.36478205,134954075.13122043,72430690.42565042,116276842.01676089
117868446.20657663,81957549.02972852,42729372.43106562,43992824.897617176,66115772.69457069,45579176.62871266,29344270.7731024,81873445.36468196,205583348.21733418,154930615.36922327,65724346.02622163,66462414.21685162,94512811.86892511,54648364.29690775,30415433.99563478,130055953.91213578,148556171.9909341,60601108.039187096,88845632.1843168,172036649.68492165,116091600.07341737,43098672.36478205,134954075.13122043,72430690.42565042,116276842.01676089
117868446.20657663,81957549.02972852,42729372.43106562,43992824.897617176,66115772.69457069,45579176.62871266,29344270.7731024,81873445.36468196,205583348.21733418,154930615.36922327,65724346.02622163,66462414.21685162,94512811.86892511,54648364.29690775,30415433.99563478,130055953.91213578,148556171.9909341,60601108.039187096,88845632.1843168,172036649.68492165,116091600.07341737,43098672.36478205,134954075.13122043,72430690.42565042,116276842.01676089
117868446.20657663,81957549.02972852,42729372.43106562,43992824.897617176,66115772.69457069,45579176.62871266,29344270.7731024,81873445.36468196,205583348.21733418,154930615.36922327,65724346.02622163,66462414.21685162,94512811.86892511,54648364.29690775,30415433.99563478,130055953.91213578,148556171.9909341,60601108.039187096,88845632.1843168,172036649.68492165,116091600.07341737,43098672.36478205,134954075.13122043,72430690.42565042,116276842.01676089
117868446.20657663,81957549.02972852,42729372.43106562,43992824.897617176,66115772.69457069,45579176.62871266,29344270.7731024,81873445.36468196,205583348.21733418,154930615.36922327,65724346.02622163,66462414.21685162,94512811.86892511,54648364.29690775,30415433.99563478,130055953.91213578,148556171.9909341,60601108.039187096,88845632.1843168,172036649.68492165,116091600.07341737,43098672.36478205,134954075.13122043,72430690.42565042,116276842.01676089
117868446.20657663,81957549.02972852,42729372.43106562,43992824.897617176,66115772.69457069,45579176.62871266,29344270.7731024,81873445.36468196,205583348.21733418,154930615.36922327,65724346.02622163,66462414.21685162,94512811.86892511,54648364.29690775,30415433.99563478,130055953.91213578,148556171.9909341,60601108.039187096,88845632.1843168,172036649.68492165,116091600.07341737,43098672.36478205,134954075.13122043,72430690.42565042,116276842.01676089
117868446.20657663,81957549.02972852,42729372.43106562,43992824.897617176,66115772.69457069,45579176.62871266,29344270.7731024,81873445.36468196,205583348.21733418,154930615.36922327,65724346.02622163,66462414.21685162,94512811.86892511,27818507.503785737,30415433.99563478,130055953.91213578,148556171.9909341,60601108.039187096,88845632.1843168,172036649.68492165,116091600.07341737,43098672.36478205,134954075.13122043,72430690.42565042,116276842.01676089
117868446.20657663,81957549.02972852,42729372.43106562,43992824.897617176,66115772.69457069,45579176.62871266,29344270.7731024,81873445.36468196,120914976.01989171,154930615.36922327,65724346.02622163,66462414.21685162,94512811.86892511,27818507.503785737,30415433.99563478,130055953.91213578,121337182.3974651,60601108.039187096,88845632.1843168,172036649.68492165,116091600.07341737,43098672.36478205,134954075.13122043,72430690.42565042,116276842.01676089
117868446.20657663,81957549.02972852,42729372.43106562,43992824.897617176,66115772.69457069,45579176.62871266,29344270.7731024,81873445.36468196,120914976.01989171,154930615.36922327,65724346.02622163,66462414.21685162,94512811.86892511,27818507.503785737,30415433.99563478,130055953.91213578,121337182.3974651,60601108.039187096,88845632.1843168,172036649.68492165,116091600.07341737,43098672.36478205,134954075.13122043,72430690.42565042,116276842.01676089
117868446.20657663,81957549.02972852,42729372.43106562,43992824.897617176,66115772.69457069,45579176.62871266,29344270.7731024,81873445.36468196,120914976.01989171,154930615.36922327,65724346.02622163,66462414.21685162,94512811.86892511,27818507.503785737,30415433.99563478,130055953.91213578,121020638.68874088,60601108.039187096,88845632.1843168,172036649.68492165,116091600.07341737,43098672.36478205,134954075.13122043,72430690.42565042,116276842.01676089
117868446.20657663,81957549.02972852,42729372.43106562,43992824.897617176,66115772.69457069,45579176.62871266,29344270.7731024,81873445.36468196,120914976.01989171,154930615.36922327,65724346.02622163,66462414.21685162,94512811.86892511,27818507.503785737,30415433.99563478,130055953.91213578,121020638.68874088,60601108.039187096,88845632.1843168,172036649.68492165,116091600.07341737,43098672.36478205,134954075.13122043,72430690.42565042,116276842.01676089
117868446.20657663,81957549.02972852,42729372.43106562,43992824.897617176,66115772.69457069,45579176.62871266,29344270.7731024,81873445.36468196,120914976.01989171,154930615.36922327,65724346.02622163,66462414.21685162,94512811.86892511,27818507.503785737,30415433.99563478,130055953.91213578,121020638.68874088,60601108.039187096,88845632.1843168,172036649.68492165,116091600.07341737,43098672.36478205,134954075.13122043,72430690.42565042,116276842.01676089
117868446.20657663,81957549.02972852,42729372.43106562,43992824.897617176,66115772.69457069,45579176.62871266,29344270.7731024,81873445.36468196,120914976.01989171,154930615.36922327,65724346.02622163,66462414.21685162,94512811.86892511,27818507.503785737,30415433.99563478,130055953.91213578,121020638.68874088,60601108.039187096,88845632.1843168,172036649.68492165,116091600.07341737,43098672.36478205,134954075.13122043,72430690.42565042,116276842.01676089
117868446.20657663,81957549.02972852,42729372.43106562,43992824.897617176,66115772.69457069,45579176.62871266,29344270.7731024,81873445.36468196,120914976.01989171,154930615.36922327,65724346.02622163,66462414.21685162,94512811.86892511,27818507.503785737,30415433.99563478,130055953.91213578,121020638.68874088,60601108.039187096,88845632.1843168,172036649.68492165,116091600.07341737,43098672.36478205,134954075.13122043,72430690.42565042,116276842.01676089
117868446.20657663,81957549.02972852,42729372.43106562,43992824.897617176,66115772.69457069,45579176.62871266,29344270.7731024,81873445.36468196,120914976.01989171,154930615.36922327,65724346.02622163,66462414.21685162,94512811.86892511,27818507.503785737,30415433.99563478,130055953.91213578,121020638.68874088,60601108.039187096,88845632.1843168,172036649.68492165,116091600.07341737,43098672.36478205,134954075.13122043,72430690.42565042,116276842.01676089
117868446.20657663,81957549.02972852,42729372.43106562,43992824.897617176,66115772.69457069,45579176.62871266,29344270.7731024,81873445.36468196,120914976.01989171,154930615.36922327,65724346.02622163,66462414.21685162,94512811.86892511,27818507.503785737,30415433.99563478,130055953.91213578,121020638.68874088,60601108.039187096,88845632.1843168,172036649.68492165,116091600.07341737,43098672.36478205,134954075.13122043,72430690.42565042,116276842.01676089
117868446.20657663,81957549.02972852,42729372.43106562,43992824.897617176,66115772.69457069,45579176.62871266,29344270.7731024,81873445.36468196,120914976.01989171,154930615.36922327,65724346.02622163,66462414.21685162,94512811.86892511,27818507.503785737,30415433.99563478,130055953.91213578,121020638.68874088,60601108.039187096,88845632.1843168,172036649.68492165,116091600.07341737,43098672.36478205,134954075.13122043,72430690.42565042,116276842.01676089
117868446.20657663,81957549.02972852,42729372.43106562,43992824.897617176,66115772.69457069,45579176.62871266,29344270.7731024,81873445.36468196,120914976.01989171,154930615.36922327,65724346.02622163,66462414.21685162,94512811.86892511,27818507.503785737,30415433.99563478,130055953.91213578,121020638.68874088,60601108.039187096,88845632.1843168,172036649.68492165,116091600.07341737,43098672.36478205,134954075.13122043,72430690.42565042,116276842.01676089
117868446.20657663,81957549.02972852,42729372.43106562,43992824.897617176,66115772.69457069,45579176.62871266,29344270.7731024,81873445.36468196,120914976.01989171,154930615.36922327,65724346.02622163,66462414.21685162,94512811.86892511,27818507.503785737,30415433.99563478,91066354.77395263,82261224.42331827,60601108.039187096,88845632.1843168,172036649.68492165,116091600.07341737,43098672.36478205,134954075.13122043,72430690.42565042,116276842.01676089
117868446.20657663,81957549.02972852,42729372.43106562,43992824.897617176,66115772.69457069,45579176.62871266,29344270.7731024,81873445.36468196,120914976.01989171,154930615.36922327,65724346.02622163,66462414.21685162,94512811.86892511,27818507.503785737,30415433.99563478,91066354.77395263,82261224.42331827,60601108.039187096,88845632.1843168,172036649.68492165,116091600.07341737,43098672.36478205,134954075.13122043,72430690.42565042,116276842.01676089
117868446.20657663,81957549.02972852,42729372.43106562,43992824.897617176,66115772.69457069,45579176.62871266,29344270.7731024,81873445.36468196,120914976.01989171,154930615.36922327,65724346.02622163,66462414.21685162,94512811.86892511,27818507.503785737,30415433.99563478,91066354.77395263,82261224.42331827,60601108.039187096,88845632.1843168,172036649.68492165,116091600.07341737,43098672.36478205,134954075.13122043,72430690.42565042,116276842.01676089
117868446.20657663,81957549.02972852,42729372.43106562,43992824.897617176,66115772.69457069,45579176.62871266,29344270.7731024,81873445.36468196,120914976.01989171,154930615.36922327,65724346.02622163,66462414.21685162,94512811.86892511,27818507.503785737,30415433.99563478,91066354.77395263,82261224.42331827,60601108.039187096,88845632.1843168,172036649.68492165,116091600.07341737,43098672.36478205,134954075.13122043,72430690.42565042,116276842.01676089
117868446.20657663,81957549.02972852,42729372.43106562,43992824.897617176,66115772.69457069,23185740.93027585,29344270.7731024,81873445.36468196,120914976.01989171,154930615.36922327,65724346.02622163,66462414.21685162,94512811.86892511,27818507.503785737,30415433.99563478,91066354.77395263,35919347.0320753,60601108.039187096,88845632.1843168,172036649.68492165,116091600.07341737,43098672.36478205,134954075.13122043,72430690.42565042,116276842.01676089
117868446.20657663,81957549.02972852,42729372.43106562,43992824.897617176,66115772.69457069,23185740.93027585,29344270.7731024,81873445.36468196,120914976.01989171,154930615.36922327,65724346.02622163,66462414.21685162,94512811.86892511,27818507.503785737,30415433.99563478,91066354.77395263,35919347.0320753,60601108.039187096,88845632.1843168,172036649.68492165,116091600.07341737,43098672.36478205,134954075.13122043,72430690.42565042,116276842.01676089
117868446.20657663,79000809.8650505,42729372.43106562,43992824.897617176,66115772.69457069,23185740.93027585,29344270.7731024,81873445.36468196,120914976.01989171,154930615.36922327,40662572.88091845,66462414.21685162,94512811.86892511,27818507.503785737,30415433.99563478,91066354.77395263,35919347.0320753,60601108.039187096,88845632.1843168,172036649.68492165,116091600.07341737,43098672.36478205,134954075.13122043,72430690.42565042,116276842.01676089
117868446.20657663,79000809.8650505,42729372.43106562,43992824.897617176,66115772.69457069,23185740.93027585,29344270.7731024,81873445.36468196,120914976.01989171,154930615.36922327,40662572.88091845,66462414.21685162,94512811.86892511,27818507.503785737,30415433.99563478,91066354.77395263,35919347.0320753,60601108.039187096,88845632.1843168,172036649.68492165,116091600.07341737,43098672.36478205,134954075.13122043,72430690.42565042,116276842.01676089
117868446.20657663,79000809.8650505,42729372.43106562,43992824.897617176,66115772.69457069,23185740.93027585,29344270.7731024,81873445.36468196,120914976.01989171,154930615.36922327,40662572.88091845,66462414.21685162,94512811.86892511,27818507.503785737,30415433.99563478,91066354.77395263,35919347.0320753,60601108.039187096,88845632.1843168,172036649.68492165,116091600.07341737,43098672.36478205,134954075.13122043,72430690.42565042,116276842.01676089
117868446.20657663,79000809.8650505,42729372.43106562,43992824.897617176,66115772.69457069,23185740.93027585,29344270.7731024,81873445.36468196,120914976.01989171,154930615.36922327,40662572.88091845,66462414.21685162,94512811.86892511,27818507.503785737,30415433.99563478,91066354.77395263,35919347.0320753,60601108.039187096,88845632.1843168,172036649.68492165,116091600.07341737,43098672.36478205,134954075.13122043,72430690.42565042,116276842.01676089
117868446.20657663,79000809.8650505,42729372.43106562,43992824.897617176,66115772.69457069,23185740.93027585,29344270.7731024,81873445.36468196,120914976.01989171,154930615.36922327,40662572.88091845,66462414.21685162,94512811.86892511,27818507.503785737,30415433.99563478,91066354.77395263,35919347.0320753,60601108.039187096,88845632.1843168,172036649.68492165,116091600.07341737,43098672.36478205,134954075.13122043,72430690.42565042,116276842.01676089
117868446.20657663,79000809.8650505,42729372.43106562,43992824.897617176,66115772.69457069,23185740.93027585,29344270.7731024,81873445.36468196,120914976.01989171,154930615.36922327,40662572.88091845,66462414.21685162,94512811.86892511,27818507.503785737,30415433.99563478,91066354.77395263,35919347.0320753,60601108.039187096,88845632.1843168,172036649.68492165,116091600.07341737,43098672.36478205,134954075.13122043,72430690.42565042,116276842.01676089
117868446.20657663,79000809.8650505,42729372.43106562,43992824.897617176,66115772.69457069,23185740.93027585,29344270.7731024,69512779.67580685,120914976.01989171,154930615.36922327,40662572.88091845,66462414.21685162,94512811.86892511,27818507.503785737,30415433.99563478,91066354.77395263,35919347.0320753,60601108.039187096,88845632.1843168,172036649.68492165,116091600.07341737,43098672.36478205,134954075.13122043,72430690.42565042,116276842.01676089
117868446.20657663,79000809.8650505,42729372.43106562,43992824.897617176,66115772.69457069,23185740.93027585,29344270.7731024,69512779.67580685,120914976.01989171,154930615.36922327,40662572.88091845,66462414.21685162,94512811.86892511,27818507.503785737,30415433.99563478,91066354.77395263,35919347.0320753,60601108.039187096,88845632.1843168,172036649.68492165,116091600.07341737,43098672.36478205,134954075.13122043,72430690.42565042,116276842.01676089
117868446.20657663,79000809.8650505,42729372.43106562,43992824.897617176,66115772.69457069,23185740.93027585,29344270.7731024,69512779.67580685,120914976.01989171,154930615.36922327,40662572.88091845,66462414.21685162,94512811.86892511,27818507.503785737,30415433.99563478,91066354.77395263,35919347.0320753,60601108.039187096,88845632.1843168,172036649.68492165,116091600.07341737,43098672.36478205,134954075.13122043,72430690.42565042,116276842.01676089
117868446.20657663,79000809.8650505,42729372.43106562,43992824.897617176,66115772.69457069,23185740.93027585,29344270.7731024,69512779.67580685,120914976.01989171,154930615.36922327,40662572.88091845,66462414.21685162,94512811.86892511,27818507.503785737,30415433.99563478,91066354.77395263,35919347.0320753,60601108.039187096,88845632.1843168,172036649.68492165,116091600.07341737,43098672.36478205,134954075.13122043,72430690.42565042,35623107.64749173
117868446.20657663,79000809.8650505,42729372.43106562,43992824.897617176,66115772.69457069,23185740.93027585,29344270.7731024,69512779.67580685,120914976.01989171,154930615.36922327,40662572.88091845,66462414.21685162,94512811.86892511,27818507.503785737,30415433.99563478,91066354.77395263,35919347.0320753,60601108.039187096,88845632.1843168,172036649.68492165,92501327.40995707,43098672.36478205,134954075.13122043,72430690.42565042,35623107.64749173
117868446.20657663,79000809.8650505,42729372.43106562,43992824.897617176,66115772.69457069,23185740.93027585,29344270.7731024,69512779.67580685,120914976.01989171,154930615.36922327,40662572.88091845,66462414.21685162,94512811.86892511,27818507.503785737,30415433.99563478,91066354.77395263,35919347.0320753,60601108.039187096,88845632.1843168,172036649.68492165,92501327.40995707,43098672.36478205,134954075.13122043,72430690.42565042,35623107.64749173
117868446.20657663,79000809.8650505,42729372.43106562,43992824.897617176,66115772.69457069,23185740.93027585,29344270.7731024,69512779.67580685,120914976.01989171,154930615.36922327,40662572.88091845,66462414.21685162,94512811.86892511,27818507.503785737,30415433.99563478,91066354.77395263,35919347.0320753,60601108.039187096,88845632.1843168,172036649.68492165,92501327.40995707,43098672.36478205,134954075.13122043,72430690.42565042,35623107.64749173
117868446.20657663,79000809.8650505,42729372.43106562,16256067.360395266,66115772.69457069,23185740.93027585,29344270.7731024,69512779.67580685,120914976.01989171,154930615.36922327,40662572.88091845,66462414.21685162,94512811.86892511,27818507.503785737,30415433.99563478,91066354.77395263,35919347.0320753,60601108.039187096,88845632.1843168,172036649.68492165,92501327.40995707,43098672.36478205,134954075.13122043,72430690.42565042,35623107.64749173
117868446.20657663,79000809.8650505,42729372.43106562,16256067.360395266,66115772.69457069,23185740.93027585,29344270.7731024,69512779.67580685,120914976.01989171,154930615.36922327,40662572.88091845,66462414.21685162,94512811.86892511,27818507.503785737,30415433.99563478,91066354.77395263,35919347.0320753,60601108.039187096,88845632.1843168,172036649.68492165,92501327.40995707,43098672.36478205,134954075.13122043,72430690.42565042,35623107.64749173
117868446.20657663,79000809.8650505,42729372.43106562,16256067.360395266,66115772.69457069,23185740.93027585,29344270.7731024,69512779.67580685,120914976.01989171,154930615.36922327,40662572.88091845,66462414.21685162,94512811.86892511,27818507.503785737,30415433.99563478,91066354.77395263,35919347.0320753,60601108.039187096,88845632.1843168,172036649.68492165,92501327.40995707,43098672.36478205,65176576.197879,72430690.42565042,35623107.64749173
91388980.77446093,79000809.8650505,42729372.43106562,16256067.360395266,66115772.69457069,23185740.93027585,29344270.7731024,69512779.67580685,120914976.01989171,154930615.36922327,40662572.88091845,66462414.21685162,94512811.86892511,27818507.503785737,30415433.99563478,91066354.77395263,35919347.0320753,60601108.039187096,88845632.1843168,172036649.68492165,92501327.40995707,43098672.36478205,65176576.197879,72430690.42565042,35623107.64749173
91388980.77446093,79000809.8650505,42729372.43106562,16256067.360395266,66115772.69457069,23185740.93027585,29344270.7731024,69512779.67580685,120914976.01989171,154930615.36922327,40662572.88091845,66462414.21685162,94512811.86892511,27818507.503785737,30415433.99563478,91066354.77395263,35919347.0320753,60601108.039187096,88845632.1843168,172036649.68492165,92501327.40995707,43098672.36478205,65176576.197879,72430690.42565042,35623107.64749173
91388980.77446093,79000809.8650505,42729372.43106562,16256067.360395266,66115772.69457069,23185740.93027585,29344270.7731024,69512779.67580685,120914976.01989171,154930615.36922327,40662572.88091845,66462414.21685162,94512811.86892511,27818507.503785737,30415433.99563478,91066354.77395263,35919347.0320753,60601108.039187096,88845632.1843168,172036649.68492165,92501327.40995707,43098672.36478205,65176576.197879,72430690.42565042,35623107.64749173
91388980.77446093,43956624.52378335,42729372.43106562,16256067.360395266,66115772.69457069,23185740.93027585,29344270.7731024,69512779.67580685,120914976.01989171,154930615.36922327,40662572.88091845,60374439.443835646,94512811.86892511,27818507.503785737,30415433.99563478,91066354.77395263,35919347.0320753,60601108.039187096,88845632.1843168,172036649.68492165,92501327.40995707,43098672.36478205,65176576.197879,72430690.42565042,35623107.64749173
91388980.77446093,43956624.52378335,42729372.43106562,16256067.360395266,66115772.69457069,23185740.93027585,29344270.7731024,69512779.67580685,120914976.01989171,154930615.36922327,40662572.88091845,60374439.443835646,94512811.86892511,27818507.503785737,30415433.99563478,91066354.77395263,35919347.0320753,60601108.039187096,88845632.1843168,172036649.68492165,92501327.40995707,43098672.36478205,65176576.197879,72430690.42565042,35623107.64749173
91388980.77446093,43956624.52378335,42729372.43106562,16256067.360395266,66115772.69457069,23185740.93027585,29344270.7731024,69512779.67580685,120914976.01989171,154930615.36922327,40662572.88091845,60374439.443835646,94512811.86892511,27818507.503785737,30415433.99563478,91066354.77395263,35919347.0320753,60601108.039187096,88845632.1843168,172036649.68492165,92501327.40995707,43098672.36478205,65176576.197879,72430690.42565042,35623107.64749173
91388980.77446093,43956624.52378335,42729372.43106562,16256067.360395266,66115772.69457069,23185740.93027585,29344270.7731024,69512779.67580685,120914976.01989171,154930615.36922327,40662572.88091845,60374439.443835646,94512811.86892511,27818507.503785737,30415433.99563478,91066354.77395263,35919347.0320753,60601108.039187096,88845632.1843168,172036649.68492165,92501327.40995707,43098672.36478205,65176576.197879,72430690.42565042,35623107.64749173
91388980.77446093,43956624.52378335,42729372.43106562,16256067.360395266,66115772.69457069,23185740.93027585,29344270.7731024,69512779.67580685,120914976.01989171,154930615.36922327,40662572.88091845,60374439.443835646,94512811.86892511,27818507.503785737,30415433.99563478,91066354.77395263,35919347.0320753,60601108.039187096,88845632.1843168,172036649.68492165,92501327.40995707,43098672.36478205,65176576.197879,72430690.42565042,35623107.64749173
91388980.77446093,43956624.52378335,42729372.43106562,16256067.360395266,66115772.69457069,23185740.93027585,29344270.7731024,69512779.67580685,120914976.01989171,137974392.06008565,40662572.88091845,60374439.443835646,94512811.86892511,27818507.503785737,30415433.99563478,91066354.77395263,35919347.0320753,60601108.039187096,88845632.1843168,172036649.68492165,92501327.40995707,43098672.36478205,65176576.197879,72430690.42565042,35623107.64749173
91388980.77446093,43956624.52378335,42729372.43106562,16256067.360395266,66115772.69457069,23185740.93027585,29344270.7731024,69512779.67580685,120914976.01989171,134091023.59076159,40662572.88091845,60374439.443835646,94512811.86892511,27818507.503785737,30415433.99563478,91066354.77395263,35919347.0320753,60601108.039187096,88845632.1843168,172036649.68492165,92501327.40995707,43098672.36478205,65176576.197879,72430690.42565042,35623107.64749173
91388980.77446093,43956624.52378335,42729372.43106562,16256067.360395266,66115772.69457069,23185740.93027585,29344270.7731024,69512779.67580685,120914976.01989171,134091023.59076159,40662572.88091845,60374439.443835646,94512811.86892511,27818507.503785737,30415433.99563478,91066354.77395263,35919347.0320753,60601108.039187096,88845632.1843168,172036649.68492165,92501327.40995707,43098672.36478205,65176576.197879,72430690.42565042,35623107.64749173
85530729.78142317,43956624.52378335,42729372.43106562,16256067.360395266,66115772.69457069,23185740.93027585,29344270.7731024,69512779.67580685,120914976.01989171,134091023.59076159,40662572.88091845,60374439.443835646,94512811.86892511,27818507.503785737,30415433.99563478,91066354.77395263,35919347.0320753,60601108.039187096,88845632.1843168,172036649.68492165,92501327.40995707,43098672.36478205,65176576.197879,72430690.42565042,35623107.64749173
85530729.78142317,43956624.52378335,42729372.43106562,16256067.360395266,66115772.69457069,23185740.93027585,29344270.7731024,69512779.67580685,120914976.01989171,134091023.59076159,40662572.88091845,60374439.443835646,94512811.86892511,27818507.503785737,30415433.99563478,91066354.77395263,35919347.0320753,60601108.039187096,88845632.1843168,172036649.68492165,92501327.40995707,43098672.36478205,65176576.197879,72430690.42565042,35623107.64749173
85530729.78142317,43956624.52378335,42729372.43106562,16256067.360395266,66115772.69457069,23185740.93027585,29344270.7731024,37807474.513693765,120914976.01989171,134091023.59076159,40662572.88091845,60374439.443835646,94512811.86892511,27818507.503785737,30415433.99563478,91066354.77395263,35919347.0320753,60601108.039187096,88845632.1843168,172036649.68492165,92501327.40995707,43098672.36478205,65176576.197879,72430690.42565042,35623107.64749173
85530729.78142317,43956624.52378335,42729372.43106562,16256067.360395266,66115772.69457069,23185740.93027585,29344270.7731024,37807474.513693765,120914976.01989171,134091023.59076159,40662572.88091845,60374439.443835646,94512811.86892511,27818507.503785737,30415433.99563478,91066354.77395263,35919347.0320753,60601108.039187096,88845632.1843168,172036649.68492165,92501327.40995707,43098672.36478205,65176576.197879,72430690.42565042,35623107.64749173
85530729.78142317,43956624.52378335,42729372.43106562,16256067.360395266,66115772.69457069,23185740.93027585,29344270.7731024,37807474.513693765,120914976.01989171,134091023.59076159,40662572.88091845,60374439.443835646,94512811.86892511,27818507.503785737,30415433.99563478,91066354.77395263,35919347.0320753,60601108.039187096,88845632.1843168,172036649.68492165,92501327.40995707,43098672.36478205,65176576.197879,72430690.42565042,35623107.64749173
85530729.78142317,43956624.52378335,42729372.43106562,16256067.360395266,66115772.69457069,23185740.93027585,29344270.7731024,37807474.513693765,120914976.01989171,134091023.59076159,40662572.88091845,60374439.443835646,94512811.86892511,27818507.503785737,30415433.99563478,91066354.77395263,35919347.0320753,60601108.039187096,88845632.1843168,172036649.68492165,92501327.40995707,43098672.36478205,65176576.197879,72430690.42565042,35623107.64749173
85530729.78142317,43956624.52378335,42729372.43106562,16256067.360395266,66115772.69457069,23185740.93027585,29344270.7731024,37807474.513693765,120914976.01989171,134091023.59076159,40662572.88091845,60374439.443835646,94512811.86892511,27818507.503785737,30415433.99563478,91066354.77395263,35919347.0320753,60601108.039187096,88845632.1843168,172036649.68492165,92501327.40995707,43098672.36478205,65176576.197879,72430690.42565042,35623107.64749173
85530729.78142317,43956624.52378335,42729372.43106562,16256067.360395266,66115772.69457069,23185740.93027585,29344270.7731024,37807474.513693765,120914976.01989171,134091023.59076159,40662572.88091845,60374439.443835646,94512811.86892511,27818507.503785737,30415433.99563478,91066354.77395263,35919347.0320753,60601108.039187096,88845632.1843168,157146609.76678237,92501327.40995707,43098672.36478205,65176576.197879,72430690.42565042,35623107.64749173
85530729.78142317,43956624.52378335,42729372.43106562,16256067.360395266,66115772.69457069,23185740.93027585,29344270.7731024,37807474.513693765,120914976.01989171,134091023.59076159,40662572.88091845,60374439.443835646,94512811.86892511,27818507.503785737,30415433.99563478,91066354.77395263,35919347.0320753,60601108.039187096,88845632.1843168,157146609.76678237,92501327.40995707,43098672.36478205,65176576.197879,72430690.42565042,35623107.64749173
85530729.78142317,43956624.52378335,42729372.43106562,16256067.360395266,66115772.69457069,23185740.93027585,29344270.7731024,37807474.513693765,120914976.01989171,134091023.59076159,40662572.88091845,60374439.443835646,94512811.86892511,27818507.503785737,30415433.99563478,91066354.77395263,35919347.0320753,60601108.039187096,88845632.1843168,157146609.76678237,92501327.40995707,43098672.36478205,65176576.197879,72430690.42565042,35623107.64749173
85530729.78142317,43956624.52378335,42729372.43106562,16256067.360395266,66115772.69457069,23185740.93027585,29344270.7731024,37807474.513693765,120914976.01989171,134091023.59076159,40662572.88091845,60374439.443835646,94512811.86892511,27818507.503785737,30415433.99563478,91066354.77395263,35919347.0320753,60601108.039187096,88845632.1843168,157146609.76678237,92501327.40995707,43098672.36478205,65176576.197879,72430690.42565042,35623107.64749173
85530729.78142317,43956624.52378335,42729372.43106562,16256067.360395266,66115772.69457069,23185740.93027585,29344270.7731024,37807474.513693765,120914976.01989171,134091023.59076159,40662572.88091845,60374439.443835646,94512811.86892511,27818507.503785737,30415433.99563478,45007842.81279697,35919347.0320753,60601108.039187096,88845632.1843168,157146609.76678237,92501327.40995707,43098672.36478205,65176576.197879,72430690.42565042,35623107.64749173
85530729.78142317,43956624.52378335,42729372.43106562,16256067.360395266,66115772.69457069,23185740.93027585,29344270.7731024,37807474.513693765,120914976.01989171,134091023.59076159,40662572.88091845,60374439.443835646,94512811.86892511,27818507.503785737,30415433.99563478,45007842.81279697,35919347.0320753,60601108.039187096,88845632.1843168,122536585.69709215,92501327.40995707,43098672.36478205,65176576.197879,72430690.42565042,35623107.64749173
85530729.78142317,43956624.52378335,42729372.43106562,16256067.360395266,66115772.69457069,23185740.93027585,29344270.7731024,37807474.513693765,120914976.01989171,134091023.59076159,40662572.88091845,60374439.443835646,94512811.86892511,27818507.503785737,30415433.99563478,45007842.81279697,35919347.0320753,60601108.039187096,88845632.1843168,122536585.69709215,92501327.40995707,43098672.36478205,65176576.197879,72430690.42565042,35623107.64749173
85530729.78142317,43956624.52378335,42729372.43106562,16256067.360395266,66115772.69457069,23185740.93027585,29344270.7731024,37807474.513693765,120914976.01989171,134091023.59076159,40662572.88091845,60374439.443835646,94512811.86892511,27818507.503785737,30415433.99563478,45007842.81279697,35919347.0320753,60601108.039187096,88845632.1843168,122536585.69709215,92501327.40995707,43098672.36478205,65176576.197879,72430690.42565042,35623107.64749173
85530729.78142317,43956624.52378335,42729372.43106562,16256067.360395266,66115772.69457069,23185740.93027585,29344270.7731024,37807474.513693765,120914976.01989171,134091023.59076159,40662572.88091845,60374439.443835646,94512811.86892511,27818507.503785737,30415433.99563478,45007842.81279697,35919347.0320753,60601108.039187096,88845632.1843168,122536585.69709215,92501327.40995707,43098672.36478205,65176576.197879,72430690.42565042,35623107.64749173
85530729.78142317,43956624.52378335,42729372.43106562,16256067.360395266,66115772.69457069,23185740.93027585,29344270.7731024,37807474.513693765,120914976.01989171,134091023.59076159,40662572.88091845,60374439.443835646,94512811.86892511,27818507.503785737,30415433.99563478,45007842.81279697,35919347.0320753,60601108.039187096,88845632.1843168,122536585.69709215,92501327.40995707,43098672.36478205,65176576.197879,72430690.42565042,35623107.64749173
85530729.78142317,43956624.52378335,42729372.43106562,16256067.360395266,66115772.69457069,23185740.93027585,29344270.7731024,37807474.513693765,120914976.01989171,134091023.59076159,40662572.88091845,60374439.443835646,94512811.86892511,27818507.503785737,30415433.99563478,45007842.81279697,35919347.0320753,60601108.039187096,88845632.1843168,122536585.69709215,92501327.40995707,43098672.36478205,65176576.197879,72430690.42565042,35623107.64749173
85530729.78142317,43956624.52378335,42729372.43106562,16256067.360395266,66115772.69457069,23185740.93027585,29344270.7731024,37807474.513693765,120914976.01989171,134091023.59076159,40662572.88091845,60374439.443835646,94512811.86892511,27818507.503785737,30415433.99563478,45007842.81279697,35919347.0320753,60601108.039187096,88845632.1843168,122536585.69709215,92501327.40995707,43098672.36478205,65176576.197879,72430690.42565042,35623107.64749173
85530729.78142317,43956624.52378335,42729372.43106562,16256067.360395266,66115772.69457069,23185740.93027585,29344270.7731024,37807474.513693765,120914976.01989171,134091023.59076159,40662572.88091845,60374439.443835646,94512811.86892511,27818507.503785737,30415433.99563478,45007842.81279697,35919347.0320753,60601108.039187096,88845632.1843168,122536585.69709215,92501327.40995707,43098672.36478205,65176576.197879,72430690.42565042,35623107.64749173
85530729.78142317,43956624.52378335,42729372.43106562,16256067.360395266,66115772.69457069,23185740.93027585,29344270.7731024,37807474.513693765,120914976.01989171,134091023.59076159,40662572.88091845,60374439.443835646,94512811.86892511,27818507.503785737,30415433.99563478,45007842.81279697,35919347.0320753,60601108.039187096,88845632.1843168,122536585.69709215,92501327.40995707,43098672.36478205,65176576.197879,72430690.42565042,35623107.64749173
85530729.78142317,43956624.52378335,42729372.43106562,16256067.360395266,66115772.69457069,23185740.93027585,29344270.7731024,37807474.513693765,120914976.01989171,134091023.59076159,40662572.88091845,60374439.443835646,94512811.86892511,27818507.503785737,30415433.99563478,45007842.81279697,35919347.0320753,60601108.039187096,88845632.1843168,122536585.69709215,92501327.40995707,43098672.36478205,65176576.197879,72430690.42565042,35623107.64749173
85530729.78142317,43956624.52378335,42729372.43106562,16256067.360395266,66115772.69457069,23185740.93027585,29344270.7731024,37807474.513693765,120914976.01989171,134091023.59076159,40662572.88091845,60374439.443835646,94512811.86892511,27818507.503785737,30415433.99563478,45007842.81279697,35919347.0320753,30450606.898130868,88845632.1843168,122536585.69709215,92501327.40995707,43098672.36478205,65176576.197879,72430690.42565042,35623107.64749173
85530729.78142317,43956624.52378335,42729372.43106562,16256067.360395266,66115772.69457069,23185740.93027585,29344270.7731024,37807474.513693765,120914976.01989171,134091023.59076159,40662572.88091845,60374439.443835646,94512811.86892511,27818507.503785737,30415433.99563478,45007842.81279697,35919347.0320753,30450606.898130868,88845632.1843168,118236433.09996015,92501327.40995707,43098672.36478205,65176576.197879,72430690.42565042,35623107.64749173
85530729.78142317,43956624.52378335,42729372.43106562,16256067.360395266,66115772.69457069,23185740.93027585,29344270.7731024,37807474.513693765,120914976.01989171,134091023.59076159,40662572.88091845,60374439.443835646,94512811.86892511,27818507.503785737,30415433.99563478,45007842.81279697,35919347.0320753,30450606.898130868,88845632.1843168,118236433.09996015,92501327.40995707,43098672.36478205,65176576.197879,72430690.42565042,35623107.64749173
85530729.78142317,43956624.52378335,42729372.43106562,16256067.360395266,66115772.69457069,23185740.93027585,29344270.7731024,37807474.513693765,120914976.01989171,134091023.59076159,40662572.88091845,60374439.443835646,94512811.86892511,27818507.503785737,30415433.99563478,45007842.81279697,35919347.0320753,30450606.898130868,88845632.1843168,118236433.09996015,92501327.40995707,43098672.36478205,65176576.197879,65214968.28752314,35623107.64749173
85530729.78142317,43956624.52378335,42729372.43106562,16256067.360395266,66115772.69457069,23185740.93027585,29344270.7731024,37807474.513693765,120914976.01989171,134091023.59076159,40662572.88091845,60374439.443835646,94512811.86892511,27818507.503785737,30415433.99563478,45007842.81279697,35919347.0320753,30450606.898130868,88845632.1843168,118236433.09996015,92501327.40995707,43098672.36478205,65176576.197879,65214968.28752314,35623107.64749173
85530729.78142317,43956624.52378335,42729372.43106562,16256067.360395266,66115772.69457069,23185740.93027585,29344270.7731024,37807474.513693765,120914976.01989171,134091023.59076159,40662572.88091845,60374439.443835646,94512811.86892511,27818507.503785737,30415433.99563478,45007842.81279697,35919347.0320753,30450606.898130868,88845632.1843168,118236433.09996015,92501327.40995707,43098672.36478205,65176576.197879,65214968.28752314,35623107.64749173
85530729.78142317,43956624.52378335,42729372.43106562,16256067.360395266,66115772.69457069,23185740.93027585,29344270.7731024,37807474.513693765,120914976.01989171,134091023.59076159,40662572.88091845,60374439.443835646,94512811.86892511,27818507.503785737,30415433.99563478,45007842.81279697,35919347.0320753,30450606.898130868,88845632.1843168,118236433.09996015,92501327.40995707,43098672.36478205,65176576.197879,65214968.28752314,35623107.64749173
85530729.78142317,43956624.52378335,42729372.43106562,16256067.360395266,66115772.69457069,23185740.93027585,29344270.7731024,37807474.513693765,120914976.01989171,134091023.59076159,40662572.88091845,60374439.443835646,94512811.86892511,27818507.503785737,30415433.99563478,45007842.81279697,35919347.0320753,30450606.898130868,88845632.1843168,118236433.09996015,92501327.40995707,43098672.36478205,65176576.197879,65214968.28752314,35623107.64749173
85530729.78142317,43956624.52378335,42729372.43106562,16256067.360395266,66115772.69457069,23185740.93027585,29344270.7731024,37807474.513693765,120914976.01989171,134091023.59076159,40662572.88091845,60374439.443835646,94512811.86892511,27818507.503785737,30415433.99563478,45007842.81279697,35919347.0320753,30450606.898130868,88845632.1843168,118236433.09996015,92501327.40995707,43098672.36478205,65176576.197879,65214968.28752314,35623107.64749173
85530729.78142317,43956624.52378335,42729372.43106562,16256067.360395266,66115772.69457069,23185740.93027585,29344270.7731024,37807474.513693765,120914976.01989171,134091023.59076159,40662572.88091845,60374439.443835646,94512811.86892511,27818507.503785737,30415433.99563478,45007842.81279697,35919347.0320753,30450606.898130868,88845632.1843168,118236433.09996015,92501327.40995707,43098672.36478205,65176576.197879,65214968.28752314,35623107.64749173
85530729.78142317,43956624.52378335,42729372.43106562,16256067.360395266,66115772.69457069,23185740.93027585,29344270.7731024,37807474.513693765,120914976.01989171,134091023.59076159,40662572.88091845,60374439.443835646,94512811.86892511,27818507.503785737,30415433.99563478,45007842.81279697,35919347.0320753,30450606.898130868,88845632.1843168,118236433.09996015,92501327.40995707,43098672.36478205,65176576.197879,65214968.28752314,35623107.64749173
85530729.78142317,43956624.52378335,42729372.43106562,16256067.360395266,66115772.69457069,23185740.93027585,29344270.7731024,37807474.513693765,120914976.01989171,134091023.59076159,40662572.88091845,60374439.443835646,94512811.86892511,27818507.503785737,30415433.99563478,45007842.81279697,35919347.0320753,30450606.898130868,88845632.1843168,118236433.09996015,92501327.40995707,43098672.36478205,65176576.197879,65214968.28752314,35623107.64749173
85530729.78142317,43956624.52378335,42729372.43106562,16256067.360395266,66115772.69457069,23185740.93027585,29344270.7731024,37807474.513693765,120914976.01989171,134091023.59076159,40662572.88091845,60374439.443835646,94512811.86892511,27818507.503785737,30415433.99563478,45007842.81279697,35919347.0320753,30450606.898130868,88845632.1843168,118236433.09996015,92501327.40995707,43098672.36478205,65176576.197879,65214968.28752314,35623107.64749173
85530729.78142317,43956624.52378335,42729372.43106562,16256067.360395266,66115772.69457069,23185740.93027585,29344270.7731024,37807474.513693765,120914976.01989171,134091023.59076159,40662572.88091845,60374439.443835646,94512811.86892511,27818507.503785737,30415433.99563478,45007842.81279697,35919347.0320753,30450606.898130868,88845632.1843168,118236433.09996015,92501327.40995707,43098672.36478205,65176576.197879,65214968.28752314,35623107.64749173
85530729.78142317,43956624.52378335,42729372.43106562,16256067.360395266,66115772.69457069,23185740.93027585,29344270.7731024,37807474.513693765,120914976.01989171,134091023.59076159,40662572.88091845,60374439.443835646,94512811.86892511,27818507.503785737,30415433.99563478,45007842.81279697,35919347.0320753,30450606.898130868,88845632.1843168,118236433.09996015,92501327.40995707,43098672.36478205,65176576.197879,65214968.28752314,35623107.64749173
85530729.78142317,43956624.52378335,42729372.43106562,16256067.360395266,66115772.69457069,23185740.93027585,29344270.7731024,37807474.513693765,120914976.01989171,134091023.59076159,40662572.88091845,60374439.443835646,94512811.86892511,27818507.503785737,30415433.99563478,45007842.81279697,35919347.0320753,30450606.898130868,88845632.1843168,118236433.09996015,92501327.40995707,43098672.36478205,65176576.197879,65214968.28752314,35623107.64749173
85530729.78142317,43956624.52378335,42729372.43106562,16256067.360395266,66115772.69457069,23185740.93027585,29344270.7731024,37807474.513693765,120914976.01989171,134091023.59076159,40662572.88091845,60374439.443835646,94512811.86892511,27818507.503785737,30415433.99563478,45007842.81279697,35919347.0320753,30450606.898130868,88845632.1843168,118236433.09996015,92501327.40995707,43098672.36478205,65176576.197879,65214968.28752314,35623107.64749173
85530729.78142317,43956624.52378335,42729372.43106562,16256067.360395266,66115772.69457069,23185740.93027585,29344270.7731024,37807474.513693765,88112959.46033135,134091023.59076159,40662572.88091845,60374439.443835646,94512811.86892511,27818507.503785737,30415433.99563478,45007842.81279697,35919347.0320753,30450606.898130868,88845632.1843168,118236433.09996015,92501327.40995707,43098672.36478205,65176576.197879,65214968.28752314,35623107.64749173
85530729.78142317,43956624.52378335,42729372.43106562,16256067.360395266,66115772.69457069,23185740.93027585,29344270.7731024,37807474.513693765,88112959.46033135,134091023.59076159,40662572.88091845,60374439.443835646,94512811.86892511,27818507.503785737,30415433.99563478,45007842.81279697,35919347.0320753,30450606.898130868,88845632.1843168,118236433.09996015,92501327.40995707,43098672.36478205,65176576.197879,65214968.28752314,35623107.64749173
85530729.78142317,43956624.52378335,42729372.43106562,16256067.360395266,66115772.69457069,23185740.93027585,29344270.7731024,37807474.513693765,88112959.46033135,134091023.59076159,40662572.88091845,60374439.443835646,94512811.86892511,27818507.503785737,30415433.99563478,45007842.81279697,35919347.0320753,30450606.898130868,88845632.1843168,118236433.09996015,92501327.40995707,43098672.36478205,65176576.197879,65214968.28752314,35623107.64749173
85530729.78142317,43956624.52378335,42729372.43106562,16256067.360395266,66115772.69457069,23185740.93027585,29344270.7731024,37807474.513693765,88112959.46033135,134091023.59076159,40662572.88091845,60374439.443835646,69798463.56037733,27818507.503785737,30415433.99563478,45007842.81279697,35919347.0320753,30450606.898130868,88845632.1843168,118236433.09996015,92501327.40995707,43098672.36478205,65176576.197879,65214968.28752314,35623107.64749173
85530729.78142317,43956624.52378335,42729372.43106562,16256067.360395266,66115772.69457069,23185740.93027585,29344270.7731024,37807474.513693765,88112959.46033135,134091023.59076159,40662572.88091845,60374439.443835646,69798463.56037733,27818507.503785737,30415433.99563478,45007842.81279697,35919347.0320753,30450606.898130868,88845632.1843168,118236433.09996015,92501327.40995707,43098672.36478205,65176576.197879,65214968.28752314,35623107.64749173
85530729.78142317,43956624.52378335,42729372.43106562,16256067.360395266,66115772.69457069,23185740.93027585,29344270.7731024,37807474.513693765,61651520.87907423,134091023.59076159,40662572.88091845,60374439.443835646,69798463.56037733,27818507.503785737,30415433.99563478,45007842.81279697,35919347.0320753,30450606.898130868,88845632.1843168,118236433.09996015,92501327.40995707,43098672.36478205,65176576.197879,65214968.28752314,35623107.64749173
85530729.78142317,43956624.52378335,42729372.43106562,16256067.360395266,66115772.69457069,23185740.93027585,29344270.7731024,37807474.513693765,61651520.87907423,134091023.59076159,40662572.88091845,60374439.443835646,69798463.56037733,27818507.503785737,30415433.99563478,45007842.81279697,27542525.363353748,30450606.898130868,48989493.07012424,118236433.09996015,92501327.40995707,43098672.36478205,65176576.197879,65214968.28752314,35623107.64749173
85530729.78142317,43956624.52378335,42729372.43106562,16256067.360395266,66115772.69457069,23185740.93027585,29344270.7731024,37807474.513693765,61651520.87907423,134091023.59076159,40662572.88091845,60374439.443835646,69798463.56037733,27818507.503785737,30415433.99563478,45007842.81279697,27542525.363353748,30450606.898130868,48989493.07012424,118236433.09996015,92501327.40995707,43098672.36478205,65176576.197879,65214968.28752314,35623107.64749173
85530729.78142317,43956624.52378335,42729372.43106562,16256067.360395266,66115772.69457069,23185740.93027585,29344270.7731024,37807474.513693765,61651520.87907423,134091023.59076159,40662572.88091845,60374439.443835646,69798463.56037733,27818507.503785737,30415433.99563478,45007842.81279697,27542525.363353748,30450606.898130868,48989493.07012424,118236433.09996015,92501327.40995707,43098672.36478205,65176576.197879,65214968.28752314,35623107.64749173
85530729.78142317,43956624.52378335,42729372.43106562,16256067.360395266,66115772.69457069,23185740.93027585,29344270.7731024,37807474.513693765,61651520.87907423,134091023.59076159,40662572.88091845,60374439.443835646,69798463.56037733,27818507.503785737,30415433.99563478,45007842.81279697,27542525.363353748,30450606.898130868,48989493.07012424,118236433.09996015,92501327.40995707,43098672.36478205,65176576.197879,65214968.28752314,35623107.64749173
85530729.78142317,43956624.52378335,42729372.43106562,16256067.360395266,66115772.69457069,23185740.93027585,29344270.7731024,37807474.513693765,61651520.87907423,134091023.59076159,40662572.88091845,60374439.443835646,69798463.56037733,27818507.503785737,30415433.99563478,45007842.81279697,27542525.363353748,30450606.898130868,48989493.07012424,118236433.09996015,92501327.40995707,43098672.36478205,65176576.197879,65214968.28752314,35623107.64749173
85530729.78142317,43956624.52378335,42729372.43106562,16256067.360395266,66115772.69457069,23185740.93027585,29344270.7731024,37807474.513693765,61651520.87907423,134091023.59076159,40662572.88091845,60374439.443835646,69798463.56037733,27818507.503785737,30415433.99563478,45007842.81279697,27542525.363353748,30450606.898130868,48989493.07012424,118236433.09996015,92501327.40995707,43098672.36478205,65176576.197879,65214968.28752314,35623107.64749173
85530729.78142317,43956624.52378335,42729372.43106562,16256067.360395266,66115772.69457069,23185740.93027585,29344270.7731024,37807474.513693765,61651520.87907423,134091023.59076159,40662572.88091845,60374439.443835646,69798463.56037733,27818507.503785737,30415433.99563478,45007842.81279697,27542525.363353748,30450606.898130868,48989493.07012424,118236433.09996015,92501327.40995707,43098672.36478205,65176576.197879,65214968.28752314,35623107.64749173
85530729.78142317,43956624.52378335,42729372.43106562,16256067.360395266,66115772.69457069,23185740.93027585,29344270.7731024,37807474.513693765,61651520.87907423,134091023.59076159,40662572.88091845,60374439.443835646,69798463.56037733,27818507.503785737,30415433.99563478,45007842.81279697,27542525.363353748,30450606.898130868,48989493.07012424,118236433.09996015,92501327.40995707,43098672.36478205,65176576.197879,65214968.28752314,35623107.64749173
85530729.78142317,43956624.52378335,42729372.43106562,16256067.360395266,66115772.69457069,23185740.93027585,29344270.7731024,37807474.513693765,61651520.87907423,90484547.69546811,40662572.88091845,60374439.443835646,69798463.56037733,27818507.503785737,30415433.99563478,45007842.81279697,27542525.363353748,30450606.898130868,48989493.07012424,118236433.09996015,92501327.40995707,43098672.36478205,65176576.197879,65214968.28752314,35623107.64749173
85530729.78142317,43956624.52378335,42729372.43106562,16256067.360395266,66115772.69457069,13022465.646904672,29344270.7731024,37807474.513693765,61651520.87907423,90484547.69546811,40662572.88091845,60374439.443835646,69798463.56037733,27818507.503785737,30415433.99563478,45007842.81279697,27542525.363353748,30450606.898130868,48989493.07012424,118236433.09996015,92501327.40995707,43098672.36478205,65176576.197879,65214968.28752314,35623107.64749173
85530729.78142317,43956624.52378335,42729372.43106562,16256067.360395266,66115772.69457069,13022465.646904672,29344270.7731024,37807474.513693765,61651520.87907423,90484547.69546811,40662572.88091845,60374439.443835646,69798463.56037733,27818507.503785737,30415433.99563478,45007842.81279697,27542525.363353748,30450606.898130868,48989493.07012424,118236433.09996015,92501327.40995707,43098672.36478205,65176576.197879,65214968.28752314,35623107.64749173
85530729.78142317,43956624.52378335,42729372.43106562,16256067.360395266,66115772.69457069,13022465.646904672,29344270.7731024,37807474.513693765,61651520.87907423,90484547.69546811,40662572.88091845,60374439.443835646,69798463.56037733,27818507.503785737,24617602.10769884,45007842.81279697,27542525.363353748,30450606.898130868,48989493.07012424,118236433.09996015,92501327.40995707,43098672.36478205,65176576.197879,65214968.28752314,35623107.64749173
85530729.78142317,43956624.52378335,42729372.43106562,16256067.360395266,66115772.69457069,13022465.646904672,29344270.7731024,37807474.513693765,61651520.87907423,90484547.69546811,40662572.88091845,60374439.443835646,69798463.56037733,27818507.503785737,24617602.10769884,45007842.81279697,27542525.363353748,30450606.898130868,48989493.07012424,118236433.09996015,92501327.40995707,43098672.36478205,65176576.197879,65214968.28752314,35623107.64749173
85530729.78142317,43956624.52378335,42729372.43106562,16256067.360395266,66115772.69457069,13022465.646904672,29344270.7731024,37807474.513693765,61651520.87907423,90484547.69546811,40662572.88091845,60374439.443835646,69798463.56037733,27818507.503785737,24617602.10769884,45007842.81279697,27542525.363353748,30450606.898130868,48989493.07012424,118236433.09996015,92501327.40995707,43098672.36478205,65176576.197879,65214968.28752314,35623107.64749173
85530729.78142317,43956624.52378335,42729372.43106562,16256067.360395266,66115772.69457069,13022465.646904672,29344270.7731024,37807474.513693765,61651520.87907423,90484547.69546811,40662572.88091845,60374439.443835646,69798463.56037733,27818507.503785737,24617602.10769884,45007842.81279697,27542525.363353748,30450606.898130868,48989493.07012424,118236433.09996015,92501327.40995707,43098672.36478205,65176576.197879,65214968.28752314,35623107.64749173
85530729.78142317,43956624.52378335,42729372.43106562,16256067.360395266,66115772.69457069,13022465.646904672,29344270.7731024,37807474.513693765,61651520.87907423,90484547.69546811,40662572.88091845,60374439.443835646,69798463.56037733,27818507.503785737,24617602.10769884,45007842.81279697,27542525.363353748,30450606.898130868,48989493.07012424,118236433.09996015,92501327.40995707,43098672.36478205,65176576.197879,65214968.28752314,35623107.64749173
85530729.78142317,43956624.52378335,42729372.43106562,16256067.360395266,66115772.69457069,13022465.646904672,29344270.7731024,37807474.513693765,61651520.87907423,90484547.69546811,40662572.88091845,60374439.443835646,69798463.56037733,27818507.503785737,24617602.10769884,45007842.81279697,27542525.363353748,30450606.898130868,48989493.07012424,118236433.09996015,92501327.40995707,43098672.36478205,65176576.197879,65214968.28752314,35623107.64749173
85530729.78142317,43956624.52378335,42729372.43106562,16256067.360395266,66115772.69457069,13022465.646904672,29344270.7731024,37807474.513693765,61651520.87907423,90484547.69546811,40662572.88091845,60374439.443835646,69798463.56037733,27818507.503785737,24617602.10769884,45007842.81279697,27542525.363353748,30450606.898130868,48989493.07012424,118236433.09996015,92501327.40995707,43098672.36478205,65176576.197879,65214968.28752314,35623107.64749173
85530729.78142317,43956624.52378335,42729372.43106562,16256067.360395266,66115772.69457069,13022465.646904672,29344270.7731024,37807474.513693765,61651520.87907423,90484547.69546811,40662572.88091845,60374439.443835646,69798463.56037733,27818507.503785737,24617602.10769884,45007842.81279697,27542525.363353748,30450606.898130868,48989493.07012424,118236433.09996015,92501327.40995707,43098672.36478205,65176576.197879,65214968.28752314,35623107.64749173
85530729.78142317,43956624.52378335,42729372.43106562,16256067.360395266,66115772.69457069,13022465.646904672,29344270.7731024,37807474.513693765,61651520.87907423,90484547.69546811,40662572.88091845,50303061.0603282,69798463.56037733,27818507.503785737,24617602.10769884,45007842.81279697,27542525.363353748,30450606.898130868,48989493.07012424,118236433.09996015,86951572.53771193,43098672.36478205,65176576.197879,65214968.28752314,35623107.64749173
85530729.78142317,43956624.52378335,42729372.43106562,16256067.360395266,37701051.474569224,13022465.646904672,29344270.7731024,37807474.513693765,61651520.87907423,90484547.69546811,40662572.88091845,50303061.0603282,69798463.56037733,27818507.503785737,24617602.10769884,45007842.81279697,27542525.363353748,30450606.898130868,48989493.07012424,118236433.09996015,86951572.53771193,43098672.36478205,65176576.197879,65214968.28752314,35623107.64749173
85530729.78142317,43956624.52378335,42729372.43106562,16256067.360395266,37701051.474569224,13022465.646904672,29344270.7731024,37807474.513693765,61651520.87907423,90484547.69546811,40662572.88091845,50303061.0603282,69798463.56037733,27818507.503785737,24617602.10769884,45007842.81279697,27542525.363353748,30450606.898130868,48989493.07012424,77935899.6041974,86951572.53771193,43098672.36478205,65176576.197879,65214968.28752314,35623107.64749173
85530729.78142317,43956624.52378335,42729372.43106562,16256067.360395266,37701051.474569224,13022465.646904672,29344270.7731024,37807474.513693765,61651520.87907423,90484547.69546811,40662572.88091845,50303061.0603282,69798463.56037733,27818507.503785737,24617602.10769884,45007842.81279697,27542525.363353748,30450606.898130868,48989493.07012424,71877579.91285379,86951572.53771193,43098672.36478205,65176576.197879,65214968.28752314,35623107.64749173
85530729.78142317,43956624.52378335,42729372.43106562,16256067.360395266,37701051.474569224,13022465.646904672,29344270.7731024,37807474.513693765,61651520.87907423,90484547.69546811,40662572.88091845,50303061.0603282,69798463.56037733,27818507.503785737,24617602.10769884,45007842.81279697,27542525.363353748,30450606.898130868,48989493.07012424,71877579.91285379,86951572.53771193,43098672.36478205,65176576.197879,65214968.28752314,35623107.64749173
85530729.78142317,43956624.52378335,42729372.43106562,16256067.360395266,37701051.474569224,13022465.646904672,29344270.7731024,37807474.513693765,61651520.87907423,90484547.69546811,40662572.88091845,50303061.0603282,69798463.56037733,27818507.503785737,24617602.10769884,45007842.81279697,27542525.363353748,30450606.898130868,48989493.07012424,71877579.91285379,86951572.53771193,43098672.36478205,65176576.197879,65214968.28752314,35623107.64749173
85530729.78142317,43956624.52378335,42729372.43106562,16256067.360395266,37701051.474569224,13022465.646904672,29344270.7731024,37807474.513693765,61651520.87907423,90484547.69546811,40662572.88091845,50303061.0603282,69798463.56037733,27818507.503785737,24617602.10769884,40966366.560195714,27542525.363353748,30450606.898130868,48989493.07012424,71877579.91285379,86951572.53771193,43098672.36478205,65176576.197879,65214968.28752314,35623107.64749173
85530729.78142317,43956624.52378335,42729372.43106562,16256067.360395266,37701051.474569224,13022465.646904672,29344270.7731024,37807474.513693765,61651520.87907423,90484547.69546811,40662572.88091845,50303061.0603282,69798463.56037733,27818507.503785737,24617602.10769884,40966366.560195714,27542525.363353748,30450606.898130868,48989493.07012424,71877579.91285379,86951572.53771193,43098672.36478205,62711995.40317303,61863750.00819475,35623107.64749173
85530729.78142317,43956624.52378335,42729372.43106562,16256067.360395266,37701051.474569224,13022465.646904672,29344270.7731024,37807474.513693765,61651520.87907423,90484547.69546811,40662572.88091845,50303061.0603282,69798463.56037733,27818507.503785737,24617602.10769884,40966366.560195714,27542525.363353748,30450606.898130868,48989493.07012424,71877579.91285379,86951572.53771193,43098672.36478205,62711995.40317303,61863750.00819475,35623107.64749173
85530729.78142317,43956624.52378335,42729372.43106562,16256067.360395266,37701051.474569224,13022465.646904672,29344270.7731024,37807474.513693765,61651520.87907423,90484547.69546811,40662572.88091845,50303061.0603282,69798463.56037733,27818507.503785737,24617602.10769884,40966366.560195714,27542525.363353748,30450606.898130868,48989493.07012424,71877579.91285379,86951572.53771193,43098672.36478205,62711995.40317303,61863750.00819475,35623107.64749173
85530729.78142317,43956624.52378335,42729372.43106562,16256067.360395266,37701051.474569224,13022465.646904672,29344270.7731024,37807474.513693765,61651520.87907423,90484547.69546811,40662572.88091845,50303061.0603282,69798463.56037733,27818507.503785737,24617602.10769884,40966366.560195714,27542525.363353748,30450606.898130868,48989493.07012424,71877579.91285379,86951572.53771193,43098672.36478205,62711995.40317303,61863750.00819475,35623107.64749173
85530729.78142317,43956624.52378335,42729372.43106562,16256067.360395266,24539379.004061926,13022465.646904672,29344270.7731024,37807474.513693765,61651520.87907423,90484547.69546811,40662572.88091845,50303061.0603282,69798463.56037733,27818507.503785737,24617602.10769884,40966366.560195714,27542525.363353748,30450606.898130868,48989493.07012424,71877579.91285379,86951572.53771193,43098672.36478205,62711995.40317303,61863750.00819475,35623107.64749173
85530729.78142317,43956624.52378335,42729372.43106562,16256067.360395266,24539379.004061926,13022465.646904672,29344270.7731024,37807474.513693765,61651520.87907423,90484547.69546811,40662572.88091845,50303061.0603282,61197981.00754354,27818507.503785737,24617602.10769884,40966366.560195714,27542525.363353748,30450606.898130868,48989493.07012424,71877579.91285379,86951572.53771193,43098672.36478205,62711995.40317303,61863750.00819475,35623107.64749173
85530729.78142317,43956624.52378335,42729372.43106562,16256067.360395266,24539379.004061926,13022465.646904672,29344270.7731024,37807474.513693765,50494579.152870595,90484547.69546811,40662572.88091845,50303061.0603282,61197981.00754354,27818507.503785737,23392608.875528462,40966366.560195714,27542525.363353748,30450606.898130868,48989493.07012424,71877579.91285379,86951572.53771193,43098672.36478205,62711995.40317303,61863750.00819475,35623107.64749173
85530729.78142317,43956624.52378335,42729372.43106562,16256067.360395266,24539379.004061926,13022465.646904672,29344270.7731024,37807474.513693765,50494579.152870595,90484547.69546811,40662572.88091845,50303061.0603282,61197981.00754354,27818507.503785737,23392608.875528462,40966366.560195714,27542525.363353748,30450606.898130868,48989493.07012424,71877579.91285379,86951572.53771193,43098672.36478205,62711995.40317303,61863750.00819475,35623107.64749173
85530729.78142317,43956624.52378335,42729372.43106562,16256067.360395266,24539379.004061926,13022465.646904672,29344270.7731024,37807474.513693765,50494579.152870595,90484547.69546811,40662572.88091845,50303061.0603282,61197981.00754354,27818507.503785737,15572899.546851102,40966366.560195714,27542525.363353748,30450606.898130868,48989493.07012424,71877579.91285379,86951572.53771193,43098672.36478205,62711995.40317303,61863750.00819475,35623107.64749173
85530729.78142317,43956624.52378335,42729372.43106562,16256067.360395266,24539379.004061926,13022465.646904672,29344270.7731024,37807474.513693765,50494579.152870595,90484547.69546811,40662572.88091845,50303061.0603282,61197981.00754354,27818507.503785737,15572899.546851102,40966366.560195714,27542525.363353748,30450606.898130868,48989493.07012424,71877579.91285379,86951572.53771193,43098672.36478205,62711995.40317303,61863750.00819475,35623107.64749173
85530729.78142317,43956624.52378335,42729372.43106562,16256067.360395266,24539379.004061926,13022465.646904672,16991789.336112,37807474.513693765,50494579.152870595,90484547.69546811,40662572.88091845,50303061.0603282,61197981.00754354,27818507.503785737,15572899.546851102,40966366.560195714,27542525.363353748,30450606.898130868,48989493.07012424,71877579.91285379,86951572.53771193,43098672.36478205,62711995.40317303,36873834.54504659,35623107.64749173
85530729.78142317,43956624.52378335,42729372.43106562,16256067.360395266,24539379.004061926,13022465.646904672,16991789.336112,37807474.513693765,50494579.152870595,90484547.69546811,40662572.88091845,50303061.0603282,61197981.00754354,27818507.503785737,15572899.546851102,40966366.560195714,27542525.363353748,30450606.898130868,48989493.07012424,71877579.91285379,86951572.53771193,43098672.36478205,62711995.40317303,36873834.54504659,35623107.64749173
85530729.78142317,43956624.52378335,42729372.43106562,16256067.360395266,24539379.004061926,13022465.646904672,16991789.336112,37807474.513693765,50494579.152870595,90484547.69546811,40662572.88091845,50303061.0603282,61197981.00754354,27818507.503785737,15572899.546851102,40966366.560195714,27542525.363353748,30450606.898130868,48989493.07012424,71877579.91285379,86951572.53771193,43098672.36478205,62711995.40317303,36873834.54504659,35623107.64749173
85530729.78142317,43956624.52378335,42729372.43106562,16256067.360395266,24539379.004061926,13022465.646904672,16991789.336112,37807474.513693765,50494579.152870595,90484547.69546811,40662572.88091845,50303061.0603282,61197981.00754354,27818507.503785737,15572899.546851102,40966366.560195714,27542525.363353748,30450606.898130868,48989493.07012424,71877579.91285379,24372938.698872507,43098672.36478205,62711995.40317303,36873834.54504659,35623107.64749173
85530729.78142317,43956624.52378335,42729372.43106562,16256067.360395266,24539379.004061926,13022465.646904672,16991789.336112,37807474.513693765,50494579.152870595,90484547.69546811,40662572.88091845,50303061.0603282,61197981.00754354,27818507.503785737,15572899.546851102,40966366.560195714,27542525.363353748,30450606.898130868,48989493.07012424,55828981.975419275,24372938.698872507,43098672.36478205,62711995.40317303,36873834.54504659,35623107.64749173
85530729.78142317,43956624.52378335,42729372.43106562,16256067.360395266,24539379.004061926,13022465.646904672,16991789.336112,37807474.513693765,50494579.152870595,90484547.69546811,40662572.88091845,50303061.0603282,61197981.00754354,27818507.503785737,15572899.546851102,40966366.560195714,27542525.363353748,30450606.898130868,48989493.07012424,55828981.975419275,24372938.698872507,43098672.36478205,62711995.40317303,36873834.54504659,35623107.64749173
85530729.78142317,43956624.52378335,42729372.43106562,16256067.360395266,24539379.004061926,13022465.646904672,16991789.336112,37807474.513693765,50494579.152870595,90484547.69546811,40662572.88091845,50303061.0603282,61197981.00754354,27818507.503785737,15572899.546851102,40966366.560195714,27542525.363353748,30450606.898130868,48989493.07012424,55828981.975419275,24372938.698872507,43098672.36478205,62711995.40317303,36873834.54504659,35623107.64749173
85530729.78142317,43956624.52378335,42729372.43106562,16256067.360395266,24539379.004061926,13022465.646904672,16991789.336112,37807474.513693765,50494579.152870595,90484547.69546811,40662572.88091845,50303061.0603282,61197981.00754354,27818507.503785737,15572899.546851102,40966366.560195714,27542525.363353748,30450606.898130868,48989493.07012424,55828981.975419275,24372938.698872507,43098672.36478205,62711995.40317303,36873834.54504659,35623107.64749173
85530729.78142317,43956624.52378335,42729372.43106562,16256067.360395266,24539379.004061926,13022465.646904672,16991789.336112,37807474.513693765,50494579.152870595,90484547.69546811,40662572.88091845,50303061.0603282,61197981.00754354,27818507.503785737,15572899.546851102,40966366.560195714,27542525.363353748,30450606.898130868,48989493.07012424,53623339.45534252,24372938.698872507,43098672.36478205,62711995.40317303,36873834.54504659,35623107.64749173
85530729.78142317,43956624.52378335,42729372.43106562,16256067.360395266,24539379.004061926,13022465.646904672,16991789.336112,37807474.513693765,50494579.152870595,90484547.69546811,40662572.88091845,50303061.0603282,34749417.4054744,27818507.503785737,15572899.546851102,40966366.560195714,27542525.363353748,30450606.898130868,48989493.07012424,53623339.45534252,24372938.698872507,43098672.36478205,62711995.40317303,36873834.54504659,35623107.64749173
85530729.78142317,43956624.52378335,42729372.43106562,16256067.360395266,24539379.004061926,13022465.646904672,16991789.336112,37807474.513693765,50494579.152870595,90484547.69546811,40662572.88091845,50303061.0603282,34749417.4054744,27818507.503785737,15572899.546851102,40966366.560195714,27542525.363353748,30450606.898130868,48989493.07012424,53623339.45534252,24372938.698872507,43098672.36478205,62711995.40317303,36873834.54504659,35623107.64749173
85530729.78142317,43956624.52378335,42729372.43106562,16256067.360395266,24539379.004061926,13022465.646904672,16991789.336112,37807474.513693765,50494579.152870595,90484547.69546811,40662572.88091845,50303061.0603282,34749417.4054744,27818507.503785737,15572899.546851102,40966366.560195714,27542525.363353748,30450606.898130868,48989493.07012424,53623339.45534252,24372938.698872507,43098672.36478205,62711995.40317303,36873834.54504659,35623107.64749173
85530729.78142317,43956624.52378335,42729372.43106562,16256067.360395266,24539379.004061926,13022465.646904672,16991789.336112,37807474.513693765,50494579.152870595,90484547.69546811,40662572.88091845,50303061.0603282,34749417.4054744,27818507.503785737,15572899.546851102,40966366.560195714,27542525.363353748,30450606.898130868,48989493.07012424,53623339.45534252,24372938.698872507,43098672.36478205,62711995.40317303,36873834.54504659,35623107.64749173
85530729.78142317,43956624.52378335,42729372.43106562,16256067.360395266,24539379.004061926,13022465.646904672,16991789.336112,37807474.513693765,50494579.152870595,90484547.69546811,40662572.88091845,50303061.0603282,34749417.4054744,27818507.503785737,15572899.546851102,40966366.560195714,27542525.363353748,30450606.898130868,48989493.07012424,53623339.45534252,24372938.698872507,43098672.36478205,62711995.40317303,36873834.54504659,35623107.64749173
85530729.78142317,30047269.9499614,42729372.43106562,16256067.360395266,24539379.004061926,13022465.646904672,16991789.336112,37807474.513693765,50494579.152870595,90484547.69546811,40662572.88091845,50303061.0603282,34749417.4054744,27818507.503785737,15572899.546851102,40966366.560195714,27542525.363353748,30450606.898130868,48989493.07012424,53623339.45534252,24372938.698872507,43098672.36478205,62711995.40317303,36873834.54504659,35623107.64749173
85530729.78142317,30047269.9499614,42729372.43106562,16256067.360395266,24539379.004061926,13022465.646904672,16991789.336112,37807474.513693765,50494579.152870595,90484547.69546811,40662572.88091845,50303061.0603282,34749417.4054744,27818507.503785737,15572899.546851102,40966366.560195714,27542525.363353748,30450606.898130868,27030992.311580177,53623339.45534252,24372938.698872507,43098672.36478205,62711995.40317303,36873834.54504659,35623107.64749173
85530729.78142317,30047269.9499614,42729372.43106562,16256067.360395266,24539379.004061926,13022465.646904672,16991789.336112,37807474.513693765,50494579.152870595,90484547.69546811,40662572.88091845,50303061.0603282,34749417.4054744,27818507.503785737,15572899.546851102,40966366.560195714,27542525.363353748,30450606.898130868,27030992.311580177,53623339.45534252,24372938.698872507,43098672.36478205,62711995.40317303,36873834.54504659,35623107.64749173
85530729.78142317,30047269.9499614,42729372.43106562,16256067.360395266,24539379.004061926,13022465.646904672,16991789.336112,37807474.513693765,50494579.152870595,90484547.69546811,40662572.88091845,50303061.0603282,34749417.4054744,27818507.503785737,15572899.546851102,40966366.560195714,27542525.363353748,30450606.898130868,27030992.311580177,53623339.45534252,24372938.698872507,43098672.36478205,62711995.40317303,36873834.54504659,35623107.64749173
85530729.78142317,30047269.9499614,42729372.43106562,16256067.360395266,24539379.004061926,13022465.646904672,16991789.336112,37807474.513693765,50494579.152870595,90484547.69546811,20186190.36359969,50303061.0603282,34749417.4054744,27818507.503785737,15572899.546851102,40966366.560195714,27542525.363353748,30450606.898130868,27030992.311580177,53623339.45534252,24372938.698872507,43098672.36478205,62711995.40317303,36873834.54504659,35623107.64749173
85530729.78142317,30047269.9499614,42729372.43106562,16256067.360395266,24539379.004061926,13022465.646904672,16991789.336112,37807474.513693765,50494579.152870595,90484547.69546811,20186190.36359969,50303061.0603282,34749417.4054744,27818507.503785737,15572899.546851102,40966366.560195714,27542525.363353748,30450606.898130868,27030992.311580177,53623339.45534252,24372938.698872507,43098672.36478205,62711995.40317303,36873834.54504659,35623107.64749173
85530729.78142317,30047269.9499614,42729372.43106562,16256067.360395266,24539379.004061926,13022465.646904672,16991789.336112,37807474.513693765,50494579.152870595,90484547.69546811,20186190.36359969,50303061.0603282,34749417.4054744,27818507.503785737,15572899.546851102,40966366.560195714,27542525.363353748,30450606.898130868,27030992.311580177,53623339.45534252,24372938.698872507,43098672.36478205,62711995.40317303,36873834.54504659,35623107.64749173
85530729.78142317,30047269.9499614,42729372.43106562,16256067.360395266,24539379.004061926,13022465.646904672,16991789.336112,37807474.513693765,50494579.152870595,90484547.69546811,20186190.36359969,50303061.0603282,34749417.4054744,27818507.503785737,15572899.546851102,40966366.560195714,27542525.363353748,30450606.898130868,27030992.311580177,53623339.45534252,24372938.698872507,43098672.36478205,62711995.40317303,36873834.54504659,35623107.64749173
85530729.78142317,30047269.9499614,42729372.43106562,16256067.360395266,24539379.004061926,13022465.646904672,16991789.336112,37807474.513693765,50494579.152870595,90484547.69546811,20186190.36359969,50303061.0603282,34749417.4054744,14733821.223538917,15572899.546851102,40966366.560195714,27542525.363353748,30450606.898130868,27030992.311580177,53623339.45534252,24372938.698872507,43098672.36478205,62711995.40317303,36873834.54504659,35623107.64749173
