trial_1,trial_2,trial_3,trial_4,trial_5,trial_6,trial_7,trial_8,trial_9,trial_10,trial_11,trial_12,trial_13,trial_14,trial_15,trial_16,trial_17,trial_18,trial_19,trial_20,trial_21,trial_22,trial_23,trial_24,trial_25
29590.44589855638,31403.47130712086,29649.000898071627,31282.009072341854,27491.98423642959,31622.849447099215,31679.764423098834,29413.797329154026,30966.075377594425,31577.344093177897,31116.296782211994,30660.475350319284,31580.640952175825,32258.211985614027,31932.436771399305,30638.36543307214,33226.67605411594,29334.951361773292,30436.959573032353,29348.606044876316,32027.22270995,32878.22634327655,31559.11888201708,30674.341456572383,31502.441739636335
29590.44589855638,31403.47130712086,29649.000898071627,30120.1362419919,27491.98423642959,31622.849447099215,31679.764423098834,29413.797329154026,30966.075377594425,31207.70348216698,31116.296782211994,30660.475350319284,31580.640952175825,32258.211985614027,31246.43990499017,28896.812385542456,32317.953978642225,28326.525913232676,29223.237734286533,29348.606044876316,31158.509976185116,32392.6880147427,31387.60394617868,30674.341456572383,31502.441739636335
29590.44589855638,31403.47130712086,29649.000898071627,30120.1362419919,27491.98423642959,31622.849447099215,31679.764423098834,29413.797329154026,28721.52915320766,31207.70348216698,30063.401658074807,30170.30186459797,30726.585727031328,30223.962034464916,31246.43990499017,27643.97545429632,32317.953978642225,28326.525913232676,28813.069190080503,29348.606044876316,31158.509976185116,32207.981938425823,30949.81897894894,30674.341456572383,31502.441739636335
29590.44589855638,31403.47130712086,29649.000898071627,28545.524915674338,27491.98423642959,31622.849447099215,30329.788221026105,29413.797329154026,28721.52915320766,31207.70348216698,30063.401658074807,30170.30186459797,30726.585727031328,30223.962034464916,31246.43990499017,27643.97545429632,31226.717274279166,26849.00048359135,28813.069190080503,29348.606044876316,31158.509976185116,32207.981938425823,30949.81897894894,30674.341456572383,31502.441739636335
29590.44589855638,31403.47130712086,29649.000898071627,28545.524915674338,27491.98423642959,31622.849447099215,30329.788221026105,29413.797329154026,28721.52915320766,30888.65232922444,30063.401658074807,30170.30186459797,30726.585727031328,29497.459643559952,31246.43990499017,27643.97545429632,28436.239701673512,26849.00048359135,28813.069190080503,29348.606044876316,31158.509976185116,32207.981938425823,30949.81897894894,30674.341456572383,31502.441739636335
29590.44589855638,31403.47130712086,29649.000898071627,28545.524915674338,27491.98423642959,31622.849447099215,30329.788221026105,29413.797329154026,28721.52915320766,30444.458100482505,27209.586195207587,30170.30186459797,30726.585727031328,29497.459643559952,31246.43990499017,27643.97545429632,28436.239701673512,26849.00048359135,28413.74456552763,29348.606044876316,31158.509976185116,32207.981938425823,30243.994703426637,30674.341456572383,30996.452786548776
29590.44589855638,31403.47130712086,29649.000898071627,28545.524915674338,27491.98423642959,31622.849447099215,30329.788221026105,29413.797329154026,28721.52915320766,30444.458100482505,27209.586195207587,30170.30186459797,30726.585727031328,29497.459643559952,31246.43990499017,26060.42092623418,28436.239701673512,26849.00048359135,28413.74456552763,29348.606044876316,31158.509976185116,31706.28157976355,30243.994703426637,30674.341456572383,30996.452786548776
29590.44589855638,31403.47130712086,29649.000898071627,28164.324840636553,27491.98423642959,31622.849447099215,30329.788221026105,29130.28429588575,28721.52915320766,30444.458100482505,27209.586195207587,30170.30186459797,28364.796063813563,29497.459643559952,31246.43990499017,26060.42092623418,28436.239701673512,26849.00048359135,28413.74456552763,29348.606044876316,31158.509976185116,31706.28157976355,30243.994703426637,30674.341456572383,30996.452786548776
29590.44589855638,31216.04950036453,29649.000898071627,28164.324840636553,27491.98423642959,31622.849447099215,30329.788221026105,29130.28429588575,28721.52915320766,30444.458100482505,27209.586195207587,30170.30186459797,28364.796063813563,29497.459643559952,31246.43990499017,26060.42092623418,28436.239701673512,26849.00048359135,28413.74456552763,29348.606044876316,31158.509976185116,31706.28157976355,30243.994703426637,30674.341456572383,30996.452786548776
26856.989249999726,31216.04950036453,29649.000898071627,28164.324840636553,27491.98423642959,31622.849447099215,30329.788221026105,29130.28429588575,28721.52915320766,30444.458100482505,27209.586195207587,30170.30186459797,28364.796063813563,25998.74463492606,31246.43990499017,26060.42092623418,28436.239701673512,26849.00048359135,28413.74456552763,29348.606044876316,31158.509976185116,26866.782578950006,30243.994703426637,30674.341456572383,30996.452786548776
26856.989249999726,31216.04950036453,29649.000898071627,28164.324840636553,27491.98423642959,31622.849447099215,30329.788221026105,29130.28429588575,28721.52915320766,30444.458100482505,27209.586195207587,30170.30186459797,28364.796063813563,25998.74463492606,31246.43990499017,26060.42092623418,28436.239701673512,26849.00048359135,28413.74456552763,29348.606044876316,31158.509976185116,26866.782578950006,30243.994703426637,30566.913896534577,30996.452786548776
26856.989249999726,31216.04950036453,29649.000898071627,28164.324840636553,27491.98423642959,31622.849447099215,30329.788221026105,29130.28429588575,28721.52915320766,30444.458100482505,27209.586195207587,30170.30186459797,28364.796063813563,25998.74463492606,27822.32808054517,26060.42092623418,28436.239701673512,26849.00048359135,28413.74456552763,29348.606044876316,31158.509976185116,26866.782578950006,30243.994703426637,28388.579751192774,30996.452786548776
26856.989249999726,31216.04950036453,28825.886130089657,28164.324840636553,27491.98423642959,30322.801755216115,30329.788221026105,29130.28429588575,28721.52915320766,30444.458100482505,27209.586195207587,30170.30186459797,28364.796063813563,25998.74463492606,27822.32808054517,26060.42092623418,28436.239701673512,26849.00048359135,28413.74456552763,29348.606044876316,31158.509976185116,26866.782578950006,30243.994703426637,28388.579751192774,30996.452786548776
26856.989249999726,30709.072726745137,28825.886130089657,28164.324840636553,27491.98423642959,30322.801755216115,30066.188182119633,29130.28429588575,28721.52915320766,30444.458100482505,27209.586195207587,30170.30186459797,28364.796063813563,25998.74463492606,27822.32808054517,26060.42092623418,28436.239701673512,26849.00048359135,28413.74456552763,29348.606044876316,31158.509976185116,26866.782578950006,30243.994703426637,26568.358245582192,29745.74405798622
26856.989249999726,30709.072726745137,28825.886130089657,28164.324840636553,27491.98423642959,30322.801755216115,30066.188182119633,29130.28429588575,28721.52915320766,30444.458100482505,27209.586195207587,30170.30186459797,28364.796063813563,25998.74463492606,27822.32808054517,26060.42092623418,28436.239701673512,26849.00048359135,28413.74456552763,29348.606044876316,31158.509976185116,26866.782578950006,30243.994703426637,26568.358245582192,29745.74405798622
26856.989249999726,30709.072726745137,28825.886130089657,28164.324840636553,27491.98423642959,30322.801755216115,30066.188182119633,29130.28429588575,28721.52915320766,30444.458100482505,27209.586195207587,30170.30186459797,28364.796063813563,25998.74463492606,27822.32808054517,26060.42092623418,28436.239701673512,26849.00048359135,28413.74456552763,29348.606044876316,31158.509976185116,26866.782578950006,30243.994703426637,26568.358245582192,29745.74405798622
26856.989249999726,30709.072726745137,28825.886130089657,28164.324840636553,27491.98423642959,30322.801755216115,30066.188182119633,29130.28429588575,28721.52915320766,30444.458100482505,27209.586195207587,30170.30186459797,28364.796063813563,25998.74463492606,27822.32808054517,26060.42092623418,28436.239701673512,26849.00048359135,28413.74456552763,29348.606044876316,31158.509976185116,26866.782578950006,30243.994703426637,26568.358245582192,29745.74405798622
26856.989249999726,30709.072726745137,28825.886130089657,28164.324840636553,27491.98423642959,30322.801755216115,30066.188182119633,28554.356743617092,28721.52915320766,30444.458100482505,25666.93877845462,30170.30186459797,28364.796063813563,25998.74463492606,27822.32808054517,26060.42092623418,28436.239701673512,26849.00048359135,28413.74456552763,29348.606044876316,31158.509976185116,26866.782578950006,30243.994703426637,26568.358245582192,29745.74405798622
26856.989249999726,30709.072726745137,28825.886130089657,28164.324840636553,27491.98423642959,30322.801755216115,30066.188182119633,28554.356743617092,28721.52915320766,30444.458100482505,25666.93877845462,30170.30186459797,28364.796063813563,25998.74463492606,27822.32808054517,26060.42092623418,28436.239701673512,26849.00048359135,28413.74456552763,29348.606044876316,31158.509976185116,26866.782578950006,30243.994703426637,26568.358245582192,29745.74405798622
26856.989249999726,30709.072726745137,28825.886130089657,28164.324840636553,27491.98423642959,30322.801755216115,30066.188182119633,28554.356743617092,28721.52915320766,30444.458100482505,25666.93877845462,30170.30186459797,28364.796063813563,25998.74463492606,27822.32808054517,26060.42092623418,28436.239701673512,26849.00048359135,28413.74456552763,29348.606044876316,29111.755076501217,26866.782578950006,30243.994703426637,26568.358245582192,29745.74405798622
26856.989249999726,30709.072726745137,28825.886130089657,28164.324840636553,27491.98423642959,30322.801755216115,30066.188182119633,28554.356743617092,28721.52915320766,30444.458100482505,25666.93877845462,30170.30186459797,28364.796063813563,25998.74463492606,27822.32808054517,26060.42092623418,28436.239701673512,26849.00048359135,28413.74456552763,29348.606044876316,29111.755076501217,26866.782578950006,30243.994703426637,26568.358245582192,29745.74405798622
26856.989249999726,30701.854143945617,28825.886130089657,28164.324840636553,27491.98423642959,28754.582572885858,30066.188182119633,28554.356743617092,28721.52915320766,30444.458100482505,25666.93877845462,30170.30186459797,28364.796063813563,25998.74463492606,27822.32808054517,26060.42092623418,28436.239701673512,26849.00048359135,28413.74456552763,29348.606044876316,27941.78641148557,26866.782578950006,30243.994703426637,26568.358245582192,29745.74405798622
26856.989249999726,30701.854143945617,28825.886130089657,28164.324840636553,27491.98423642959,28754.582572885858,30066.188182119633,28554.356743617092,28721.52915320766,30444.458100482505,25666.93877845462,30170.30186459797,28364.796063813563,25998.74463492606,27822.32808054517,26060.42092623418,28436.239701673512,26849.00048359135,28413.74456552763,29348.606044876316,27941.78641148557,26866.782578950006,30243.994703426637,26568.358245582192,29745.74405798622
26856.989249999726,30701.854143945617,28825.886130089657,28164.324840636553,27491.98423642959,28754.582572885858,30066.188182119633,28554.356743617092,28721.52915320766,30444.458100482505,25666.93877845462,30170.30186459797,28364.796063813563,25998.74463492606,27822.32808054517,26060.42092623418,28436.239701673512,26849.00048359135,28413.74456552763,29348.606044876316,27941.78641148557,26866.782578950006,30243.994703426637,26568.358245582192,29745.74405798622
26856.989249999726,30701.854143945617,28825.886130089657,28164.324840636553,27491.98423642959,28754.582572885858,30066.188182119633,28554.356743617092,28721.52915320766,30444.458100482505,25666.93877845462,30170.30186459797,28364.796063813563,25998.74463492606,27822.32808054517,26060.42092623418,28436.239701673512,26849.00048359135,28413.74456552763,29348.606044876316,27941.78641148557,26866.782578950006,30243.994703426637,26568.358245582192,29745.74405798622
26856.989249999726,30701.854143945617,28825.886130089657,28164.324840636553,26216.350990865136,28754.582572885858,30066.188182119633,28554.356743617092,28721.52915320766,30444.458100482505,25666.93877845462,30170.30186459797,28364.796063813563,25998.74463492606,27822.32808054517,26060.42092623418,28436.239701673512,26849.00048359135,28413.74456552763,29348.606044876316,27941.78641148557,26866.782578950006,30243.994703426637,26568.358245582192,29745.74405798622
26856.989249999726,30701.854143945617,28825.886130089657,28164.324840636553,26216.350990865136,28754.582572885858,30066.188182119633,28554.356743617092,28721.52915320766,30444.458100482505,25666.93877845462,30170.30186459797,28364.796063813563,25998.74463492606,27822.32808054517,26060.42092623418,28436.239701673512,26849.00048359135,28413.74456552763,29348.606044876316,27941.78641148557,26866.782578950006,30243.994703426637,26568.358245582192,29745.74405798622
26856.989249999726,30701.854143945617,28825.886130089657,28164.324840636553,26216.350990865136,28754.582572885858,30066.188182119633,28554.356743617092,28721.52915320766,30444.458100482505,25666.93877845462,30170.30186459797,28364.796063813563,25998.74463492606,27822.32808054517,26060.42092623418,28436.239701673512,26849.00048359135,28413.74456552763,29348.606044876316,27941.78641148557,26866.782578950006,30243.994703426637,26568.358245582192,29745.74405798622
26856.989249999726,30701.854143945617,28825.886130089657,28164.324840636553,26216.350990865136,28754.582572885858,30066.188182119633,28554.356743617092,28721.52915320766,30444.458100482505,25666.93877845462,28690.37799404049,28364.796063813563,25998.74463492606,27822.32808054517,26060.42092623418,28436.239701673512,26849.00048359135,28413.74456552763,29348.606044876316,27941.78641148557,26866.782578950006,30243.994703426637,26568.358245582192,29745.74405798622
26856.989249999726,30701.854143945617,28825.886130089657,28164.324840636553,26216.350990865136,28754.582572885858,30066.188182119633,28554.356743617092,28721.52915320766,29757.845998531353,25666.93877845462,28690.37799404049,28364.796063813563,25998.74463492606,27822.32808054517,26060.42092623418,28436.239701673512,26849.00048359135,28413.74456552763,29348.606044876316,27941.78641148557,26866.782578950006,30243.994703426637,26568.358245582192,29745.74405798622
26856.989249999726,30701.854143945617,28825.886130089657,28164.324840636553,26216.350990865136,28754.582572885858,30066.188182119633,28554.356743617092,28721.52915320766,29757.845998531353,25666.93877845462,28690.37799404049,28364.796063813563,25998.74463492606,27822.32808054517,26060.42092623418,28436.239701673512,26849.00048359135,28413.74456552763,29348.606044876316,27941.78641148557,26866.782578950006,30243.994703426637,26568.358245582192,29745.74405798622
26856.989249999726,30701.854143945617,28825.886130089657,28164.324840636553,26216.350990865136,28754.582572885858,30066.188182119633,28554.356743617092,28721.52915320766,29757.845998531353,25666.93877845462,28690.37799404049,28364.796063813563,25998.74463492606,27822.32808054517,26060.42092623418,28436.239701673512,26849.00048359135,28413.74456552763,29348.606044876316,27941.78641148557,26866.782578950006,30243.994703426637,26568.358245582192,29745.74405798622
26856.989249999726,30701.854143945617,28825.886130089657,28164.324840636553,26216.350990865136,28754.582572885858,30066.188182119633,28554.356743617092,28721.52915320766,29757.845998531353,25666.93877845462,28690.37799404049,28364.796063813563,25998.74463492606,27822.32808054517,26060.42092623418,28436.239701673512,26849.00048359135,28413.74456552763,29348.606044876316,27941.78641148557,26866.782578950006,30243.994703426637,26568.358245582192,29745.74405798622
26856.989249999726,30701.854143945617,28825.886130089657,28164.324840636553,26216.350990865136,28754.582572885858,30066.188182119633,28554.356743617092,28721.52915320766,29757.845998531353,25666.93877845462,28690.37799404049,28364.796063813563,25998.74463492606,27822.32808054517,26060.42092623418,28436.239701673512,26849.00048359135,28413.74456552763,29348.606044876316,27941.78641148557,26866.782578950006,30243.994703426637,26568.358245582192,29745.74405798622
26856.989249999726,30701.854143945617,28825.886130089657,28164.324840636553,26216.350990865136,28754.582572885858,29501.250192600666,28554.356743617092,28380.796295904605,29757.845998531353,25666.93877845462,28690.37799404049,28364.796063813563,25998.74463492606,27822.32808054517,26060.42092623418,28436.239701673512,26849.00048359135,28413.74456552763,29348.606044876316,27941.78641148557,26866.782578950006,30243.994703426637,26568.358245582192,29745.74405798622
26856.989249999726,30701.854143945617,28825.886130089657,28164.324840636553,26216.350990865136,28754.582572885858,29501.250192600666,28554.356743617092,28380.796295904605,29757.845998531353,25666.93877845462,28690.37799404049,28364.796063813563,25998.74463492606,27822.32808054517,26060.42092623418,28436.239701673512,26849.00048359135,28413.74456552763,29348.606044876316,27941.78641148557,26866.782578950006,30243.994703426637,26568.358245582192,29745.74405798622
26856.989249999726,30701.854143945617,28825.886130089657,28164.324840636553,26216.350990865136,28754.582572885858,29501.250192600666,28554.356743617092,28380.796295904605,29757.845998531353,25666.93877845462,28690.37799404049,28364.796063813563,25998.74463492606,27822.32808054517,26060.42092623418,28436.239701673512,26849.00048359135,28413.74456552763,29348.606044876316,27941.78641148557,26866.782578950006,30243.994703426637,26568.358245582192,29745.74405798622
26856.989249999726,30701.854143945617,28825.886130089657,28164.324840636553,26216.350990865136,28754.582572885858,29501.250192600666,28554.356743617092,28380.796295904605,29757.845998531353,25666.93877845462,28690.37799404049,28364.796063813563,25998.74463492606,27822.32808054517,26060.42092623418,28436.239701673512,26849.00048359135,28413.74456552763,29348.606044876316,27941.78641148557,26866.782578950006,30243.994703426637,26568.358245582192,29745.74405798622
26856.989249999726,30319.89375855775,28825.886130089657,28164.324840636553,26216.350990865136,28754.582572885858,29501.250192600666,28554.356743617092,28380.796295904605,29757.845998531353,25666.93877845462,28690.37799404049,28364.796063813563,25998.74463492606,27822.32808054517,26060.42092623418,28436.239701673512,26849.00048359135,28413.74456552763,29348.606044876316,27941.78641148557,26866.782578950006,30243.994703426637,26568.358245582192,29745.74405798622
26856.989249999726,30319.89375855775,28825.886130089657,28164.324840636553,26216.350990865136,28754.582572885858,29501.250192600666,28554.356743617092,28380.796295904605,29757.845998531353,25666.93877845462,28690.37799404049,28364.796063813563,25998.74463492606,27822.32808054517,26060.42092623418,28436.239701673512,26849.00048359135,28413.74456552763,29348.606044876316,27941.78641148557,26866.782578950006,30243.994703426637,26568.358245582192,29745.74405798622
26856.989249999726,30319.89375855775,28825.886130089657,28164.324840636553,26216.350990865136,28754.582572885858,29501.250192600666,28554.356743617092,28380.796295904605,29757.845998531353,25666.93877845462,28690.37799404049,28364.796063813563,25998.74463492606,27822.32808054517,26060.42092623418,28436.239701673512,26849.00048359135,28413.74456552763,29348.606044876316,27941.78641148557,26866.782578950006,30243.994703426637,26568.358245582192,28717.94579105725
26856.989249999726,30319.89375855775,28825.886130089657,28164.324840636553,26216.350990865136,28754.582572885858,29501.250192600666,28554.356743617092,28380.796295904605,29757.845998531353,25666.93877845462,28690.37799404049,28364.796063813563,25998.74463492606,27822.32808054517,26060.42092623418,28436.239701673512,26849.00048359135,28413.74456552763,29348.606044876316,27941.78641148557,26866.782578950006,30243.994703426637,26568.358245582192,28717.94579105725
26856.989249999726,30319.89375855775,28825.886130089657,28164.324840636553,26216.350990865136,28754.582572885858,29501.250192600666,26945.48365152789,28380.796295904605,29757.845998531353,25666.93877845462,28690.37799404049,28364.796063813563,25998.74463492606,27822.32808054517,26060.42092623418,28436.239701673512,26849.00048359135,28413.74456552763,29348.606044876316,27941.78641148557,26866.782578950006,30243.994703426637,26568.358245582192,28717.94579105725
26856.989249999726,30319.89375855775,28825.886130089657,28164.324840636553,26216.350990865136,28754.582572885858,29501.250192600666,26945.48365152789,28380.796295904605,29757.845998531353,25666.93877845462,28690.37799404049,28364.796063813563,25998.74463492606,27822.32808054517,26060.42092623418,28436.239701673512,26849.00048359135,28413.74456552763,29348.606044876316,27941.78641148557,26866.782578950006,30243.994703426637,26568.358245582192,28717.94579105725
26856.989249999726,30319.89375855775,28825.886130089657,28164.324840636553,26216.350990865136,28754.582572885858,29501.250192600666,26945.48365152789,28380.796295904605,29757.845998531353,25666.93877845462,28690.37799404049,28364.796063813563,25998.74463492606,27822.32808054517,26060.42092623418,26099.771802954543,26849.00048359135,27316.346489434378,29348.606044876316,27941.78641148557,26866.782578950006,24875.203233295113,26568.358245582192,28717.94579105725
26856.989249999726,29653.828070790507,28825.886130089657,28164.324840636553,26216.350990865136,28754.582572885858,29501.250192600666,26945.48365152789,28380.796295904605,29757.845998531353,25666.93877845462,28690.37799404049,28364.796063813563,25998.74463492606,27822.32808054517,26060.42092623418,26099.771802954543,26849.00048359135,27316.346489434378,29348.606044876316,27941.78641148557,26866.782578950006,24875.203233295113,26568.358245582192,28717.94579105725
26856.989249999726,29653.828070790507,28825.886130089657,28164.324840636553,26216.350990865136,28754.582572885858,29501.250192600666,26945.48365152789,28380.796295904605,29277.915135433068,25666.93877845462,28690.37799404049,28364.796063813563,25998.74463492606,27822.32808054517,26060.42092623418,26099.771802954543,26849.00048359135,27316.346489434378,29348.606044876316,27941.78641148557,26866.782578950006,24875.203233295113,26568.358245582192,28717.94579105725
26856.989249999726,29653.828070790507,28825.886130089657,28164.324840636553,26216.350990865136,28754.582572885858,29501.250192600666,26945.48365152789,28380.796295904605,29277.915135433068,25666.93877845462,28690.37799404049,28364.796063813563,25998.74463492606,27822.32808054517,26060.42092623418,26099.771802954543,26849.00048359135,27316.346489434378,29348.606044876316,27941.78641148557,26866.782578950006,24875.203233295113,26568.358245582192,28717.94579105725
26856.989249999726,29653.828070790507,28825.886130089657,28164.324840636553,26216.350990865136,28754.582572885858,29501.250192600666,26945.48365152789,28380.796295904605,29277.915135433068,25666.93877845462,28690.37799404049,28364.796063813563,25998.74463492606,27822.32808054517,26060.42092623418,26099.771802954543,26849.00048359135,27316.346489434378,29348.606044876316,27941.78641148557,26866.782578950006,24875.203233295113,26568.358245582192,28717.94579105725
26856.989249999726,29653.828070790507,28825.886130089657,28164.324840636553,26216.350990865136,28754.582572885858,29501.250192600666,26945.48365152789,28380.796295904605,29277.915135433068,25666.93877845462,28690.37799404049,28364.796063813563,25998.74463492606,27822.32808054517,26060.42092623418,26099.771802954543,26849.00048359135,27316.346489434378,29348.606044876316,27941.78641148557,26866.782578950006,24875.203233295113,26568.358245582192,28717.94579105725
26856.989249999726,29653.828070790507,28825.886130089657,28164.324840636553,26216.350990865136,28754.582572885858,29501.250192600666,26945.48365152789,28380.796295904605,29277.915135433068,25666.93877845462,28690.37799404049,28364.796063813563,25998.74463492606,27822.32808054517,26060.42092623418,26099.771802954543,26849.00048359135,27316.346489434378,29348.606044876316,27941.78641148557,26866.782578950006,24875.203233295113,26568.358245582192,28717.94579105725
26856.989249999726,29653.828070790507,28825.886130089657,28164.324840636553,26216.350990865136,28754.582572885858,29501.250192600666,26945.48365152789,28380.796295904605,29277.915135433068,25666.93877845462,28690.37799404049,28364.796063813563,25998.74463492606,27822.32808054517,26060.42092623418,26099.771802954543,26849.00048359135,27316.346489434378,29348.606044876316,27941.78641148557,26866.782578950006,24875.203233295113,26568.358245582192,28717.94579105725
26856.989249999726,29653.828070790507,28825.886130089657,28164.324840636553,26216.350990865136,28754.582572885858,28159.14257969526,26945.48365152789,28380.796295904605,29277.915135433068,25666.93877845462,28690.37799404049,28364.796063813563,25998.74463492606,27822.32808054517,26060.42092623418,26099.771802954543,26849.00048359135,27316.346489434378,29348.606044876316,27941.78641148557,26866.782578950006,24875.203233295113,26568.358245582192,28717.94579105725
26856.989249999726,29653.828070790507,28825.886130089657,28164.324840636553,26216.350990865136,28754.582572885858,28159.14257969526,26945.48365152789,28380.796295904605,29277.915135433068,25666.93877845462,28690.37799404049,28364.796063813563,25998.74463492606,27822.32808054517,26060.42092623418,26099.771802954543,26849.00048359135,27316.346489434378,29348.606044876316,27941.78641148557,26866.782578950006,24875.203233295113,26568.358245582192,28717.94579105725
26856.989249999726,29653.828070790507,28825.886130089657,28164.324840636553,26216.350990865136,28754.582572885858,28159.14257969526,26945.48365152789,28380.796295904605,29277.915135433068,25666.93877845462,28690.37799404049,28364.796063813563,25998.74463492606,27822.32808054517,26060.42092623418,26099.771802954543,26849.00048359135,27316.346489434378,29348.606044876316,27941.78641148557,26866.782578950006,24875.203233295113,26568.358245582192,28717.94579105725
26856.989249999726,29653.828070790507,28825.886130089657,28164.324840636553,26216.350990865136,28754.582572885858,28159.14257969526,26945.48365152789,28380.796295904605,29277.915135433068,25666.93877845462,28690.37799404049,28364.796063813563,25998.74463492606,27822.32808054517,26060.42092623418,26099.771802954543,26849.00048359135,27316.346489434378,29348.606044876316,27941.78641148557,26866.782578950006,24875.203233295113,26568.358245582192,28717.94579105725
26856.989249999726,29653.828070790507,28825.886130089657,28164.324840636553,26216.350990865136,28754.582572885858,28159.14257969526,26945.48365152789,28380.796295904605,29277.915135433068,25666.93877845462,28690.37799404049,28364.796063813563,25998.74463492606,27822.32808054517,26060.42092623418,26099.771802954543,26849.00048359135,27316.346489434378,29348.606044876316,27941.78641148557,26866.782578950006,24875.203233295113,26568.358245582192,28717.94579105725
26856.989249999726,29653.828070790507,28825.886130089657,28164.324840636553,26216.350990865136,28754.582572885858,28159.14257969526,26945.48365152789,28380.796295904605,29277.915135433068,25666.93877845462,28690.37799404049,28364.796063813563,25998.74463492606,27822.32808054517,26060.42092623418,26099.771802954543,26849.00048359135,27316.346489434378,29348.606044876316,27941.78641148557,26866.782578950006,24875.203233295113,26568.358245582192,28717.94579105725
26856.989249999726,29653.828070790507,28825.886130089657,28164.324840636553,26216.350990865136,28754.582572885858,28159.14257969526,26945.48365152789,28380.796295904605,29277.915135433068,25666.93877845462,28690.37799404049,28364.796063813563,25998.74463492606,27822.32808054517,26060.42092623418,26099.771802954543,26849.00048359135,27316.346489434378,29348.606044876316,27941.78641148557,26866.782578950006,24875.203233295113,26568.358245582192,28717.94579105725
26856.989249999726,29653.828070790507,28825.886130089657,28164.324840636553,26216.350990865136,28754.582572885858,28159.14257969526,26945.48365152789,28380.796295904605,28467.381639778505,25666.93877845462,28690.37799404049,28364.796063813563,25998.74463492606,27822.32808054517,26060.42092623418,26099.771802954543,26849.00048359135,27316.346489434378,29348.606044876316,27941.78641148557,26866.782578950006,24875.203233295113,26568.358245582192,28717.94579105725
26856.989249999726,29653.828070790507,28825.886130089657,28164.324840636553,26216.350990865136,28754.582572885858,28159.14257969526,26945.48365152789,28380.796295904605,28467.381639778505,25666.93877845462,28690.37799404049,28364.796063813563,25998.74463492606,27822.32808054517,26060.42092623418,26099.771802954543,26849.00048359135,27316.346489434378,29348.606044876316,27941.78641148557,26866.782578950006,24875.203233295113,26568.358245582192,28717.94579105725
26856.989249999726,29653.828070790507,28825.886130089657,28164.324840636553,26216.350990865136,28754.582572885858,28159.14257969526,26945.48365152789,28380.796295904605,28467.381639778505,25666.93877845462,28690.37799404049,28364.796063813563,25998.74463492606,27822.32808054517,26060.42092623418,26099.771802954543,26849.00048359135,27316.346489434378,29348.606044876316,27941.78641148557,26866.782578950006,24875.203233295113,26568.358245582192,28717.94579105725
26856.989249999726,29653.828070790507,28825.886130089657,28164.324840636553,26216.350990865136,28754.582572885858,28159.14257969526,26945.48365152789,28380.796295904605,28467.381639778505,25666.93877845462,28690.37799404049,28364.796063813563,25998.74463492606,27822.32808054517,26060.42092623418,26099.771802954543,26849.00048359135,27316.346489434378,29348.606044876316,27941.78641148557,26866.782578950006,24875.203233295113,26568.358245582192,28717.94579105725
26856.989249999726,29653.828070790507,28825.886130089657,28164.324840636553,26216.350990865136,28754.582572885858,28159.14257969526,26945.48365152789,28380.796295904605,28467.381639778505,25666.93877845462,28690.37799404049,28364.796063813563,25998.74463492606,27822.32808054517,26060.42092623418,26099.771802954543,26849.00048359135,27316.346489434378,29348.606044876316,27941.78641148557,26866.782578950006,24875.203233295113,26568.358245582192,28717.94579105725
26856.989249999726,29653.828070790507,28825.886130089657,28164.324840636553,26216.350990865136,28754.582572885858,28159.14257969526,26945.48365152789,28380.796295904605,28467.381639778505,25666.93877845462,28690.37799404049,28364.796063813563,25998.74463492606,27822.32808054517,26060.42092623418,26099.771802954543,26849.00048359135,27316.346489434378,29348.606044876316,27941.78641148557,26866.782578950006,24875.203233295113,26568.358245582192,28717.94579105725
26856.989249999726,29653.828070790507,28825.886130089657,28164.324840636553,26216.350990865136,28754.582572885858,28159.14257969526,26945.48365152789,28380.796295904605,28467.381639778505,25666.93877845462,28690.37799404049,28364.796063813563,25998.74463492606,27822.32808054517,26060.42092623418,26099.771802954543,26849.00048359135,27316.346489434378,29348.606044876316,27941.78641148557,26866.782578950006,24875.203233295113,26568.358245582192,28717.94579105725
26856.989249999726,29653.828070790507,28825.886130089657,28164.324840636553,26216.350990865136,28754.582572885858,28159.14257969526,26205.185665487024,28380.796295904605,28467.381639778505,25666.93877845462,28690.37799404049,28364.796063813563,25998.74463492606,27822.32808054517,26060.42092623418,26099.771802954543,26849.00048359135,27316.346489434378,29348.606044876316,27941.78641148557,26866.782578950006,24875.203233295113,26568.358245582192,28717.94579105725
26856.989249999726,29653.828070790507,28825.886130089657,28164.324840636553,26216.350990865136,28754.582572885858,28159.14257969526,26205.185665487024,28380.796295904605,28467.381639778505,25666.93877845462,28690.37799404049,28364.796063813563,25998.74463492606,27822.32808054517,26060.42092623418,26099.771802954543,26849.00048359135,27316.346489434378,29348.606044876316,27941.78641148557,26866.782578950006,24875.203233295113,26568.358245582192,28717.94579105725
26856.989249999726,29653.828070790507,28825.886130089657,28164.324840636553,26216.350990865136,28754.582572885858,28159.14257969526,26205.185665487024,28380.796295904605,28467.381639778505,25666.93877845462,28690.37799404049,28364.796063813563,25998.74463492606,27822.32808054517,26060.42092623418,26099.771802954543,26849.00048359135,27316.346489434378,29348.606044876316,27941.78641148557,26866.782578950006,24875.203233295113,26568.358245582192,28717.94579105725
26856.989249999726,29653.828070790507,28825.886130089657,28164.324840636553,26216.350990865136,28754.582572885858,28159.14257969526,26205.185665487024,28380.796295904605,28467.381639778505,25666.93877845462,28690.37799404049,28364.796063813563,25998.74463492606,27822.32808054517,26060.42092623418,26099.771802954543,26849.00048359135,27316.346489434378,29348.606044876316,27941.78641148557,26866.782578950006,24875.203233295113,26568.358245582192,28717.94579105725
26856.989249999726,29653.828070790507,28825.886130089657,28164.324840636553,26216.350990865136,28754.582572885858,28159.14257969526,26205.185665487024,28380.796295904605,28467.381639778505,25666.93877845462,28690.37799404049,28364.796063813563,25998.74463492606,27822.32808054517,26060.42092623418,26099.771802954543,26849.00048359135,27316.346489434378,29348.606044876316,27941.78641148557,26866.782578950006,24875.203233295113,26568.358245582192,28717.94579105725
26856.989249999726,29653.828070790507,28825.886130089657,28164.324840636553,26216.350990865136,28754.582572885858,28159.14257969526,26205.185665487024,28380.796295904605,28467.381639778505,25666.93877845462,28690.37799404049,28364.796063813563,25998.74463492606,27822.32808054517,26060.42092623418,26099.771802954543,26849.00048359135,27316.346489434378,29348.606044876316,27941.78641148557,26866.782578950006,24875.203233295113,26568.358245582192,28717.94579105725
26856.989249999726,29653.828070790507,28825.886130089657,28164.324840636553,26216.350990865136,28754.582572885858,28159.14257969526,26205.185665487024,28380.796295904605,28311.778661980545,25666.93877845462,28690.37799404049,28364.796063813563,25998.74463492606,27822.32808054517,26060.42092623418,26099.771802954543,26849.00048359135,27316.346489434378,29348.606044876316,27941.78641148557,26866.782578950006,24875.203233295113,26568.358245582192,28717.94579105725
26856.989249999726,29653.828070790507,28825.886130089657,28164.324840636553,26216.350990865136,28754.582572885858,28159.14257969526,26205.185665487024,28380.796295904605,28311.778661980545,25666.93877845462,28690.37799404049,28364.796063813563,25998.74463492606,27822.32808054517,26060.42092623418,26099.771802954543,26849.00048359135,27316.346489434378,29348.606044876316,27941.78641148557,26866.782578950006,24875.203233295113,26568.358245582192,28717.94579105725
26856.989249999726,29653.828070790507,28825.886130089657,28164.324840636553,26216.350990865136,28754.582572885858,28159.14257969526,26205.185665487024,28380.796295904605,28311.778661980545,25666.93877845462,28690.37799404049,28364.796063813563,25998.74463492606,27822.32808054517,26060.42092623418,26099.771802954543,26849.00048359135,27316.346489434378,29348.606044876316,27941.78641148557,26866.782578950006,24875.203233295113,26568.358245582192,28717.94579105725
26856.989249999726,29653.828070790507,28825.886130089657,28164.324840636553,26216.350990865136,28754.582572885858,28159.14257969526,26205.185665487024,28380.796295904605,28311.778661980545,25666.93877845462,28690.37799404049,28364.796063813563,25998.74463492606,27822.32808054517,26060.42092623418,26099.771802954543,26849.00048359135,27316.346489434378,29348.606044876316,27941.78641148557,26866.782578950006,24875.203233295113,26568.358245582192,28717.94579105725
26856.989249999726,29653.828070790507,28825.886130089657,28164.324840636553,26216.350990865136,28754.582572885858,28159.14257969526,26205.185665487024,28380.796295904605,28311.778661980545,25666.93877845462,28690.37799404049,28364.796063813563,25998.74463492606,27822.32808054517,26060.42092623418,26099.771802954543,26849.00048359135,27316.346489434378,29348.606044876316,27941.78641148557,26866.782578950006,24875.203233295113,26568.358245582192,28717.94579105725
26856.989249999726,29653.828070790507,28825.886130089657,28164.324840636553,26216.350990865136,28754.582572885858,28159.14257969526,26205.185665487024,28380.796295904605,28311.778661980545,25666.93877845462,28690.37799404049,28364.796063813563,25998.74463492606,27822.32808054517,26060.42092623418,26099.771802954543,26849.00048359135,27316.346489434378,29348.606044876316,27941.78641148557,26866.782578950006,24875.203233295113,26568.358245582192,28717.94579105725
26856.989249999726,29653.828070790507,28825.886130089657,28164.324840636553,26216.350990865136,28754.582572885858,28159.14257969526,26205.185665487024,28380.796295904605,28311.778661980545,25666.93877845462,28690.37799404049,28364.796063813563,25998.74463492606,27822.32808054517,26060.42092623418,26099.771802954543,26849.00048359135,27316.346489434378,29348.606044876316,27941.78641148557,26866.782578950006,24875.203233295113,26568.358245582192,28717.94579105725
26856.989249999726,29653.828070790507,28825.886130089657,28164.324840636553,26216.350990865136,28754.582572885858,28159.14257969526,26205.185665487024,28380.796295904605,28311.778661980545,25666.93877845462,28690.37799404049,28364.796063813563,25998.74463492606,27822.32808054517,26060.42092623418,26099.771802954543,26849.00048359135,27316.346489434378,29348.606044876316,27941.78641148557,26866.782578950006,24875.203233295113,26568.358245582192,28717.94579105725
26856.989249999726,29653.828070790507,28825.886130089657,28164.324840636553,26216.350990865136,28754.582572885858,28159.14257969526,26205.185665487024,28380.796295904605,28311.778661980545,25666.93877845462,28690.37799404049,28364.796063813563,25998.74463492606,27822.32808054517,26060.42092623418,26099.771802954543,26849.00048359135,27316.346489434378,29348.606044876316,27941.78641148557,26866.782578950006,24875.203233295113,26568.358245582192,28717.94579105725
26856.989249999726,29653.828070790507,28825.886130089657,28164.324840636553,26216.350990865136,28754.582572885858,28159.14257969526,26205.185665487024,28380.796295904605,28311.778661980545,25666.93877845462,28690.37799404049,28364.796063813563,25998.74463492606,27822.32808054517,26060.42092623418,26099.771802954543,26849.00048359135,27316.346489434378,29348.606044876316,27941.78641148557,26866.782578950006,24875.203233295113,26568.358245582192,28717.94579105725
26856.989249999726,29653.828070790507,28825.886130089657,28164.324840636553,26216.350990865136,28754.582572885858,28159.14257969526,26205.185665487024,28380.796295904605,28311.778661980545,25666.93877845462,28690.37799404049,28364.796063813563,25998.74463492606,27822.32808054517,26060.42092623418,26099.771802954543,26849.00048359135,27316.346489434378,29348.606044876316,27941.78641148557,26866.782578950006,24875.203233295113,26568.358245582192,28717.94579105725
26856.989249999726,28724.750900083745,28825.886130089657,28164.324840636553,26216.350990865136,28754.582572885858,28159.14257969526,26205.185665487024,28380.796295904605,28311.778661980545,25666.93877845462,28690.37799404049,28364.796063813563,25998.74463492606,27822.32808054517,26060.42092623418,26099.771802954543,26849.00048359135,27316.346489434378,29348.606044876316,27941.78641148557,26866.782578950006,24875.203233295113,26568.358245582192,28717.94579105725
26856.989249999726,28724.750900083745,28825.886130089657,28164.324840636553,26216.350990865136,28754.582572885858,28159.14257969526,26205.185665487024,28380.796295904605,28311.778661980545,25666.93877845462,28690.37799404049,28364.796063813563,25998.74463492606,27822.32808054517,26060.42092623418,26099.771802954543,26849.00048359135,27316.346489434378,29348.606044876316,27941.78641148557,26866.782578950006,24875.203233295113,26568.358245582192,28717.94579105725
26856.989249999726,28724.750900083745,28825.886130089657,28164.324840636553,26216.350990865136,28754.582572885858,28159.14257969526,26205.185665487024,28380.796295904605,26380.422244897476,25666.93877845462,28690.37799404049,28364.796063813563,25998.74463492606,27822.32808054517,26060.42092623418,26099.771802954543,26849.00048359135,27316.346489434378,29348.606044876316,27941.78641148557,26866.782578950006,24875.203233295113,26568.358245582192,28717.94579105725
26856.989249999726,28724.750900083745,28825.886130089657,28164.324840636553,26216.350990865136,28754.582572885858,28159.14257969526,26205.185665487024,28380.796295904605,26380.422244897476,25666.93877845462,28690.37799404049,28364.796063813563,25998.74463492606,27822.32808054517,26060.42092623418,26099.771802954543,26849.00048359135,27316.346489434378,29348.606044876316,27866.418163382645,26866.782578950006,24875.203233295113,26568.358245582192,28717.94579105725
26856.989249999726,28724.750900083745,28825.886130089657,28164.324840636553,26216.350990865136,28754.582572885858,28159.14257969526,26205.185665487024,28380.796295904605,26380.422244897476,25666.93877845462,28690.37799404049,28364.796063813563,25998.74463492606,27822.32808054517,26060.42092623418,26099.771802954543,26849.00048359135,27316.346489434378,29348.606044876316,27866.418163382645,26866.782578950006,24875.203233295113,26568.358245582192,28717.94579105725
26856.989249999726,28724.750900083745,28825.886130089657,28164.324840636553,26216.350990865136,28754.582572885858,28159.14257969526,26205.185665487024,28380.796295904605,26380.422244897476,25666.93877845462,28690.37799404049,28364.796063813563,25998.74463492606,27822.32808054517,26060.42092623418,26099.771802954543,26849.00048359135,27316.346489434378,28718.781105997303,25867.273934013465,26866.782578950006,24875.203233295113,26568.358245582192,28717.94579105725
26856.989249999726,28724.750900083745,28825.886130089657,28164.324840636553,26216.350990865136,28754.582572885858,28159.14257969526,26205.185665487024,28380.796295904605,26380.422244897476,25666.93877845462,28690.37799404049,28364.796063813563,25998.74463492606,27822.32808054517,26060.42092623418,26099.771802954543,26849.00048359135,27316.346489434378,28718.781105997303,25867.273934013465,26866.782578950006,24875.203233295113,26568.358245582192,28717.94579105725
26856.989249999726,28724.750900083745,28825.886130089657,28164.324840636553,26216.350990865136,28754.582572885858,28159.14257969526,26205.185665487024,28380.796295904605,26380.422244897476,25666.93877845462,28690.37799404049,28364.796063813563,25998.74463492606,27822.32808054517,26060.42092623418,26099.771802954543,26849.00048359135,27316.346489434378,28718.781105997303,25867.273934013465,26866.782578950006,24875.203233295113,26568.358245582192,28717.94579105725
26856.989249999726,28724.750900083745,28825.886130089657,28164.324840636553,26216.350990865136,28754.582572885858,28159.14257969526,26205.185665487024,28380.796295904605,26380.422244897476,25666.93877845462,28690.37799404049,28364.796063813563,25998.74463492606,27822.32808054517,26060.42092623418,26099.771802954543,26849.00048359135,27316.346489434378,28718.781105997303,25867.273934013465,26866.782578950006,24875.203233295113,26568.358245582192,28717.94579105725
26856.989249999726,28724.750900083745,28825.886130089657,28164.324840636553,26216.350990865136,28754.582572885858,28159.14257969526,26205.185665487024,28380.796295904605,26380.422244897476,25666.93877845462,28690.37799404049,28364.796063813563,25998.74463492606,27822.32808054517,26060.42092623418,26099.771802954543,26849.00048359135,27316.346489434378,28718.781105997303,25867.273934013465,26866.782578950006,24875.203233295113,26568.358245582192,28717.94579105725
26856.989249999726,28724.750900083745,28825.886130089657,28164.324840636553,26216.350990865136,28754.582572885858,28159.14257969526,26205.185665487024,28380.796295904605,26380.422244897476,25666.93877845462,28690.37799404049,28364.796063813563,25998.74463492606,27822.32808054517,26060.42092623418,26099.771802954543,26849.00048359135,27316.346489434378,28718.781105997303,25867.273934013465,26866.782578950006,24875.203233295113,26568.358245582192,28717.94579105725
26856.989249999726,28724.750900083745,28811.29779915826,28164.324840636553,26216.350990865136,28754.582572885858,28159.14257969526,26205.185665487024,28380.796295904605,26380.422244897476,25666.93877845462,28690.37799404049,28364.796063813563,25998.74463492606,27822.32808054517,26060.42092623418,26099.771802954543,26849.00048359135,27316.346489434378,28718.781105997303,25867.273934013465,26866.782578950006,24875.203233295113,26568.358245582192,28717.94579105725
26856.989249999726,28724.750900083745,28811.29779915826,28164.324840636553,26216.350990865136,28754.582572885858,28159.14257969526,26205.185665487024,28380.796295904605,26380.422244897476,25666.93877845462,28690.37799404049,28364.796063813563,25998.74463492606,27822.32808054517,26060.42092623418,26099.771802954543,26849.00048359135,27316.346489434378,28718.781105997303,25867.273934013465,26866.782578950006,24875.203233295113,26568.358245582192,28717.94579105725
26856.989249999726,28724.750900083745,28811.29779915826,28164.324840636553,26216.350990865136,28754.582572885858,28159.14257969526,26205.185665487024,28380.796295904605,26380.422244897476,25666.93877845462,28690.37799404049,28364.796063813563,25998.74463492606,27822.32808054517,26060.42092623418,26099.771802954543,26849.00048359135,27316.346489434378,28718.781105997303,25867.273934013465,26866.782578950006,24875.203233295113,26568.358245582192,28717.94579105725
26856.989249999726,28724.750900083745,28811.29779915826,28164.324840636553,26216.350990865136,28754.582572885858,28159.14257969526,26205.185665487024,28380.796295904605,26380.422244897476,25666.93877845462,28690.37799404049,28364.796063813563,25998.74463492606,27822.32808054517,26060.42092623418,26099.771802954543,26849.00048359135,27316.346489434378,28718.781105997303,25867.273934013465,26866.782578950006,24875.203233295113,26568.358245582192,28717.94579105725
26856.989249999726,28724.750900083745,28811.29779915826,28164.324840636553,26216.350990865136,28754.582572885858,28159.14257969526,26205.185665487024,28380.796295904605,26380.422244897476,25666.93877845462,28690.37799404049,28364.796063813563,25998.74463492606,27822.32808054517,26060.42092623418,26099.771802954543,26849.00048359135,27316.346489434378,28718.781105997303,25867.273934013465,26866.782578950006,24875.203233295113,26568.358245582192,28717.94579105725
26856.989249999726,28724.750900083745,28811.29779915826,28164.324840636553,26216.350990865136,28754.582572885858,28159.14257969526,26205.185665487024,28380.796295904605,26380.422244897476,25666.93877845462,28690.37799404049,28364.796063813563,25998.74463492606,27822.32808054517,26060.42092623418,26099.771802954543,26849.00048359135,27316.346489434378,28718.781105997303,25867.273934013465,26866.782578950006,24875.203233295113,26568.358245582192,28717.94579105725
26856.989249999726,28724.750900083745,28811.29779915826,28164.324840636553,26216.350990865136,28754.582572885858,28159.14257969526,26205.185665487024,28380.796295904605,26380.422244897476,25666.93877845462,28690.37799404049,28364.796063813563,25998.74463492606,27822.32808054517,26060.42092623418,26099.771802954543,26849.00048359135,27316.346489434378,28718.781105997303,25867.273934013465,26866.782578950006,24875.203233295113,26568.358245582192,28717.94579105725
26856.989249999726,28724.750900083745,28811.29779915826,28164.324840636553,26216.350990865136,28754.582572885858,28159.14257969526,26205.185665487024,28380.796295904605,26380.422244897476,25666.93877845462,28690.37799404049,28364.796063813563,25998.74463492606,27633.943894169694,26060.42092623418,26099.771802954543,26849.00048359135,27316.346489434378,28718.781105997303,25867.273934013465,26866.782578950006,24875.203233295113,26568.358245582192,28717.94579105725
26856.989249999726,28724.750900083745,28811.29779915826,28164.324840636553,26216.350990865136,28754.582572885858,28159.14257969526,26205.185665487024,28380.796295904605,26380.422244897476,25666.93877845462,28690.37799404049,28364.796063813563,25998.74463492606,27633.943894169694,26060.42092623418,26099.771802954543,26849.00048359135,27316.346489434378,28718.781105997303,25867.273934013465,26866.782578950006,24875.203233295113,26568.358245582192,28717.94579105725
26856.989249999726,28724.750900083745,28811.29779915826,28164.324840636553,26216.350990865136,28754.582572885858,28159.14257969526,26205.185665487024,28380.796295904605,26380.422244897476,25666.93877845462,28690.37799404049,28364.796063813563,25998.74463492606,27633.943894169694,26060.42092623418,26099.771802954543,26849.00048359135,27316.346489434378,28718.781105997303,25867.273934013465,26866.782578950006,24875.203233295113,26568.358245582192,28717.94579105725
26856.989249999726,28724.750900083745,28811.29779915826,28164.324840636553,26216.350990865136,28754.582572885858,28159.14257969526,26205.185665487024,28380.796295904605,26380.422244897476,25666.93877845462,28690.37799404049,28364.796063813563,25998.74463492606,27633.943894169694,26060.42092623418,26099.771802954543,26849.00048359135,27316.346489434378,28718.781105997303,25867.273934013465,26866.782578950006,24875.203233295113,26568.358245582192,28717.94579105725
26856.989249999726,28724.750900083745,28811.29779915826,28164.324840636553,26216.350990865136,28754.582572885858,28159.14257969526,26205.185665487024,28380.796295904605,26380.422244897476,25666.93877845462,28690.37799404049,28364.796063813563,25998.74463492606,27633.943894169694,26060.42092623418,26099.771802954543,26849.00048359135,27316.346489434378,28718.781105997303,25867.273934013465,26866.782578950006,24875.203233295113,26568.358245582192,28717.94579105725
26856.989249999726,28724.750900083745,28811.29779915826,28164.324840636553,26216.350990865136,28754.582572885858,28159.14257969526,26205.185665487024,28380.796295904605,26380.422244897476,25666.93877845462,28690.37799404049,28364.796063813563,25998.74463492606,27633.943894169694,26060.42092623418,26099.771802954543,26849.00048359135,27316.346489434378,28718.781105997303,25867.273934013465,26866.782578950006,24719.066546878483,26568.358245582192,28717.94579105725
26489.40971460469,28724.750900083745,28811.29779915826,28164.324840636553,26216.350990865136,28754.582572885858,28159.14257969526,26205.185665487024,28380.796295904605,26380.422244897476,25666.93877845462,28690.37799404049,28364.796063813563,25998.74463492606,27633.943894169694,26060.42092623418,26099.771802954543,26849.00048359135,27316.346489434378,28718.781105997303,25867.273934013465,26866.782578950006,24719.066546878483,26568.358245582192,28717.94579105725
26489.40971460469,28724.750900083745,28811.29779915826,28164.324840636553,26216.350990865136,28754.582572885858,28159.14257969526,26205.185665487024,28380.796295904605,26380.422244897476,25666.93877845462,28690.37799404049,28364.796063813563,25998.74463492606,27633.943894169694,26060.42092623418,26099.771802954543,26849.00048359135,27316.346489434378,28718.781105997303,25867.273934013465,26866.782578950006,24719.066546878483,26568.358245582192,28717.94579105725
26489.40971460469,28724.750900083745,28811.29779915826,28164.324840636553,26216.350990865136,28754.582572885858,28159.14257969526,26205.185665487024,28380.796295904605,26380.422244897476,25666.93877845462,28690.37799404049,28364.796063813563,25998.74463492606,27633.943894169694,26060.42092623418,26099.771802954543,26849.00048359135,27316.346489434378,28718.781105997303,25867.273934013465,26866.782578950006,24719.066546878483,26568.358245582192,28717.94579105725
26489.40971460469,28724.750900083745,28811.29779915826,28164.324840636553,26216.350990865136,28754.582572885858,28159.14257969526,26205.185665487024,28380.796295904605,26380.422244897476,25666.93877845462,28690.37799404049,28364.796063813563,25998.74463492606,27633.943894169694,26060.42092623418,26099.771802954543,26849.00048359135,27316.346489434378,28718.781105997303,25867.273934013465,26866.782578950006,24719.066546878483,26568.358245582192,28717.94579105725
26489.40971460469,28724.750900083745,28811.29779915826,28164.324840636553,26216.350990865136,28754.582572885858,28159.14257969526,26205.185665487024,28380.796295904605,26380.422244897476,25666.93877845462,28690.37799404049,28364.796063813563,25998.74463492606,27633.943894169694,26060.42092623418,26099.771802954543,26849.00048359135,27316.346489434378,28718.781105997303,25867.273934013465,26866.782578950006,24719.066546878483,26568.358245582192,28717.94579105725
26489.40971460469,28724.750900083745,26517.891195063377,28164.324840636553,26216.350990865136,28754.582572885858,28159.14257969526,26205.185665487024,28380.796295904605,26380.422244897476,25666.93877845462,28690.37799404049,28364.796063813563,25998.74463492606,27633.943894169694,26060.42092623418,26099.771802954543,26849.00048359135,27316.346489434378,28718.781105997303,25867.273934013465,26866.782578950006,24719.066546878483,26568.358245582192,28717.94579105725
26489.40971460469,28724.750900083745,26517.891195063377,28164.324840636553,26216.350990865136,28754.582572885858,28159.14257969526,26205.185665487024,28380.796295904605,26380.422244897476,25666.93877845462,28690.37799404049,28364.796063813563,25998.74463492606,27633.943894169694,26060.42092623418,26099.771802954543,26849.00048359135,27316.346489434378,28718.781105997303,25867.273934013465,26866.782578950006,24719.066546878483,26568.358245582192,27366.94699529328
26489.40971460469,28724.750900083745,26517.891195063377,28003.630083285487,26216.350990865136,28754.582572885858,28159.14257969526,26205.185665487024,28380.796295904605,26380.422244897476,25666.93877845462,28690.37799404049,28364.796063813563,25998.74463492606,27199.05378271637,26060.42092623418,26099.771802954543,26849.00048359135,27316.346489434378,28718.781105997303,25867.273934013465,26866.782578950006,24719.066546878483,26568.358245582192,27366.94699529328
26489.40971460469,28724.750900083745,26517.891195063377,28003.630083285487,26216.350990865136,28754.582572885858,28159.14257969526,26205.185665487024,28380.796295904605,26380.422244897476,25666.93877845462,28690.37799404049,28364.796063813563,25998.74463492606,27199.05378271637,26060.42092623418,26099.771802954543,26849.00048359135,27316.346489434378,28718.781105997303,25867.273934013465,26866.782578950006,24719.066546878483,26568.358245582192,27366.94699529328
26489.40971460469,28724.750900083745,26517.891195063377,28003.630083285487,26216.350990865136,28754.582572885858,28159.14257969526,26205.185665487024,28380.796295904605,26380.422244897476,25666.93877845462,28690.37799404049,28364.796063813563,25998.74463492606,27199.05378271637,26060.42092623418,26099.771802954543,26849.00048359135,27316.346489434378,28718.781105997303,25867.273934013465,26866.782578950006,24719.066546878483,26568.358245582192,27366.94699529328
26489.40971460469,28724.750900083745,26517.891195063377,28003.630083285487,26216.350990865136,28754.582572885858,28159.14257969526,26205.185665487024,28380.796295904605,26380.422244897476,25666.93877845462,28690.37799404049,28364.796063813563,25998.74463492606,27199.05378271637,26060.42092623418,26099.771802954543,26849.00048359135,27316.346489434378,28718.781105997303,25867.273934013465,26866.782578950006,24719.066546878483,26568.358245582192,27366.94699529328
26489.40971460469,28724.750900083745,26517.891195063377,28003.630083285487,26216.350990865136,28754.582572885858,28159.14257969526,26205.185665487024,28380.796295904605,26380.422244897476,25666.93877845462,28690.37799404049,28364.796063813563,25998.74463492606,27199.05378271637,26060.42092623418,26099.771802954543,26849.00048359135,27316.346489434378,28718.781105997303,25867.273934013465,26866.782578950006,24719.066546878483,26568.358245582192,27366.94699529328
26489.40971460469,28724.750900083745,26517.891195063377,28003.630083285487,26216.350990865136,28754.582572885858,28159.14257969526,26205.185665487024,28380.796295904605,26380.422244897476,25666.93877845462,28690.37799404049,28364.796063813563,25998.74463492606,27199.05378271637,26060.42092623418,26099.771802954543,26849.00048359135,27316.346489434378,28718.781105997303,25867.273934013465,26866.782578950006,24719.066546878483,26568.358245582192,27366.94699529328
26489.40971460469,28724.750900083745,26517.891195063377,28003.630083285487,26216.350990865136,28754.582572885858,28159.14257969526,26205.185665487024,28380.796295904605,26380.422244897476,25666.93877845462,28690.37799404049,28364.796063813563,25998.74463492606,24849.672855384193,26060.42092623418,26099.771802954543,26849.00048359135,27316.346489434378,28718.781105997303,25867.273934013465,26866.782578950006,24719.066546878483,26568.358245582192,27366.94699529328
26489.40971460469,28724.750900083745,26517.891195063377,28003.630083285487,26216.350990865136,28754.582572885858,28159.14257969526,26205.185665487024,28380.796295904605,26380.422244897476,25666.93877845462,28690.37799404049,28364.796063813563,25998.74463492606,24849.672855384193,26060.42092623418,26099.771802954543,26849.00048359135,27316.346489434378,28718.781105997303,25867.273934013465,26866.782578950006,24719.066546878483,26568.358245582192,27366.94699529328
26489.40971460469,28724.750900083745,26517.891195063377,28003.630083285487,26216.350990865136,28754.582572885858,28159.14257969526,26205.185665487024,28380.796295904605,26380.422244897476,25666.93877845462,28690.37799404049,28364.796063813563,25998.74463492606,24849.672855384193,26060.42092623418,26099.771802954543,26849.00048359135,27219.08844918475,28112.151418661488,25867.273934013465,26866.782578950006,24719.066546878483,26568.358245582192,27366.94699529328
26489.40971460469,28724.750900083745,26517.891195063377,28003.630083285487,26216.350990865136,28754.582572885858,28159.14257969526,26205.185665487024,28380.796295904605,26380.422244897476,25666.93877845462,28690.37799404049,28364.796063813563,25998.74463492606,24849.672855384193,26060.42092623418,26099.771802954543,26849.00048359135,27219.08844918475,28112.151418661488,25867.273934013465,26866.782578950006,24719.066546878483,26568.358245582192,27366.94699529328
26489.40971460469,28724.750900083745,26517.891195063377,28003.630083285487,26216.350990865136,28754.582572885858,28159.14257969526,26205.185665487024,28380.796295904605,26380.422244897476,25666.93877845462,28690.37799404049,28364.796063813563,25998.74463492606,24849.672855384193,26060.42092623418,26099.771802954543,26849.00048359135,27219.08844918475,28112.151418661488,25867.273934013465,26866.782578950006,24719.066546878483,26568.358245582192,27366.94699529328
26489.40971460469,28724.750900083745,26517.891195063377,28003.630083285487,26216.350990865136,28754.582572885858,28159.14257969526,26205.185665487024,28380.796295904605,26380.422244897476,25666.93877845462,28690.37799404049,28364.796063813563,25998.74463492606,24849.672855384193,26060.42092623418,26099.771802954543,26849.00048359135,27219.08844918475,28112.151418661488,25867.273934013465,26866.782578950006,24719.066546878483,26568.358245582192,27366.94699529328
26489.40971460469,28724.750900083745,26517.891195063377,28003.630083285487,26216.350990865136,28754.582572885858,28159.14257969526,26205.185665487024,28380.796295904605,26380.422244897476,25666.93877845462,28690.37799404049,28364.796063813563,25998.74463492606,24849.672855384193,26060.42092623418,26099.771802954543,26849.00048359135,27219.08844918475,28112.151418661488,25867.273934013465,26866.782578950006,24719.066546878483,26568.358245582192,27366.94699529328
26489.40971460469,28724.750900083745,26517.891195063377,28003.630083285487,26216.350990865136,28754.582572885858,28159.14257969526,26205.185665487024,28380.796295904605,26380.422244897476,25666.93877845462,28690.37799404049,28364.796063813563,25998.74463492606,24849.672855384193,26060.42092623418,26099.771802954543,26849.00048359135,27219.08844918475,28112.151418661488,25867.273934013465,26866.782578950006,24719.066546878483,26568.358245582192,27366.94699529328
26489.40971460469,28724.750900083745,26517.891195063377,28003.630083285487,26216.350990865136,28754.582572885858,28159.14257969526,26205.185665487024,28380.796295904605,26380.422244897476,25666.93877845462,28690.37799404049,28364.796063813563,25998.74463492606,24849.672855384193,26060.42092623418,26099.771802954543,26849.00048359135,27219.08844918475,28112.151418661488,25867.273934013465,26866.782578950006,24719.066546878483,26568.358245582192,27366.94699529328
26489.40971460469,28724.750900083745,26517.891195063377,28003.630083285487,26216.350990865136,28754.582572885858,28159.14257969526,26205.185665487024,27548.062001163868,26380.422244897476,25666.93877845462,28690.37799404049,28364.796063813563,25998.74463492606,24849.672855384193,26060.42092623418,26099.771802954543,26849.00048359135,27219.08844918475,28112.151418661488,25867.273934013465,26866.782578950006,24719.066546878483,26568.358245582192,27366.94699529328
26489.40971460469,28724.750900083745,26517.891195063377,28003.630083285487,26216.350990865136,28754.582572885858,28159.14257969526,26205.185665487024,27548.062001163868,26380.422244897476,25666.93877845462,28690.37799404049,24991.643181235948,25998.74463492606,24849.672855384193,26060.42092623418,26099.771802954543,26849.00048359135,27219.08844918475,28112.151418661488,25867.273934013465,26866.782578950006,24719.066546878483,26568.358245582192,27366.94699529328
26489.40971460469,28724.750900083745,26517.891195063377,28003.630083285487,26216.350990865136,28754.582572885858,28159.14257969526,26205.185665487024,27548.062001163868,26380.422244897476,25666.93877845462,28690.37799404049,24991.643181235948,25998.74463492606,24849.672855384193,26060.42092623418,26099.771802954543,26849.00048359135,27219.08844918475,28112.151418661488,25867.273934013465,26866.782578950006,24719.066546878483,26568.358245582192,27366.94699529328
26489.40971460469,28724.750900083745,26517.891195063377,28003.630083285487,26216.350990865136,28754.582572885858,28159.14257969526,26205.185665487024,27548.062001163868,26380.422244897476,25666.93877845462,28690.37799404049,24991.643181235948,25998.74463492606,24849.672855384193,26060.42092623418,26099.771802954543,26849.00048359135,27219.08844918475,28112.151418661488,25867.273934013465,26866.782578950006,24719.066546878483,26568.358245582192,27366.94699529328
26489.40971460469,28724.750900083745,26517.891195063377,28003.630083285487,26216.350990865136,28754.582572885858,28159.14257969526,26205.185665487024,27548.062001163868,26380.422244897476,25666.93877845462,28690.37799404049,24991.643181235948,25998.74463492606,24849.672855384193,26060.42092623418,26099.771802954543,26849.00048359135,27219.08844918475,28112.151418661488,25867.273934013465,26866.782578950006,24719.066546878483,26568.358245582192,27366.94699529328
26489.40971460469,28724.750900083745,26517.891195063377,28003.630083285487,26216.350990865136,28754.582572885858,28159.14257969526,26205.185665487024,27548.062001163868,26380.422244897476,25666.93877845462,28690.37799404049,24991.643181235948,25998.74463492606,24849.672855384193,26060.42092623418,26099.771802954543,26849.00048359135,27219.08844918475,28112.151418661488,25867.273934013465,26866.782578950006,24719.066546878483,26568.358245582192,27366.94699529328
26489.40971460469,28724.750900083745,26517.891195063377,28003.630083285487,26216.350990865136,28754.582572885858,28159.14257969526,26205.185665487024,27548.062001163868,26380.422244897476,25666.93877845462,28690.37799404049,24991.643181235948,25998.74463492606,24849.672855384193,26060.42092623418,26099.771802954543,26849.00048359135,27219.08844918475,28112.151418661488,25867.273934013465,26866.782578950006,24719.066546878483,26568.358245582192,27366.94699529328
26489.40971460469,28724.750900083745,26517.891195063377,28003.630083285487,26216.350990865136,28754.582572885858,28159.14257969526,26205.185665487024,27548.062001163868,26380.422244897476,25666.93877845462,28690.37799404049,24991.643181235948,25998.74463492606,24849.672855384193,26060.42092623418,26099.771802954543,26849.00048359135,27219.08844918475,28112.151418661488,25867.273934013465,26866.782578950006,24719.066546878483,26568.358245582192,27366.94699529328
26489.40971460469,28724.750900083745,26517.891195063377,28003.630083285487,26216.350990865136,28754.582572885858,28159.14257969526,26205.185665487024,27548.062001163868,26380.422244897476,25666.93877845462,28690.37799404049,24991.643181235948,25998.74463492606,24849.672855384193,26060.42092623418,26099.771802954543,26849.00048359135,27219.08844918475,28112.151418661488,25867.273934013465,26866.782578950006,24719.066546878483,26568.358245582192,27366.94699529328
26489.40971460469,28724.750900083745,26517.891195063377,27790.119130657396,26216.350990865136,28754.582572885858,28159.14257969526,26205.185665487024,27548.062001163868,26380.422244897476,25666.93877845462,28690.37799404049,24991.643181235948,25998.74463492606,24849.672855384193,26060.42092623418,26099.771802954543,26849.00048359135,27219.08844918475,28112.151418661488,25867.273934013465,26866.782578950006,24719.066546878483,26568.358245582192,27366.94699529328
26489.40971460469,28724.750900083745,26517.891195063377,27790.119130657396,26216.350990865136,28754.582572885858,28159.14257969526,26205.185665487024,27548.062001163868,26380.422244897476,25666.93877845462,28690.37799404049,24991.643181235948,25998.74463492606,24849.672855384193,26060.42092623418,26099.771802954543,26849.00048359135,27219.08844918475,28112.151418661488,25867.273934013465,26866.782578950006,24719.066546878483,26568.358245582192,27366.94699529328
26489.40971460469,28724.750900083745,26517.891195063377,27790.119130657396,26216.350990865136,28754.582572885858,28159.14257969526,26205.185665487024,27548.062001163868,26380.422244897476,25666.93877845462,28690.37799404049,24991.643181235948,25998.74463492606,24849.672855384193,26060.42092623418,26099.771802954543,26849.00048359135,27219.08844918475,28112.151418661488,25867.273934013465,26866.782578950006,24719.066546878483,26568.358245582192,27366.94699529328
26489.40971460469,28724.750900083745,26517.891195063377,27790.119130657396,26216.350990865136,28754.582572885858,28159.14257969526,26205.185665487024,27548.062001163868,26380.422244897476,25666.93877845462,28690.37799404049,24991.643181235948,25998.74463492606,24849.672855384193,26060.42092623418,26099.771802954543,26849.00048359135,27219.08844918475,28112.151418661488,25867.273934013465,26866.782578950006,24719.066546878483,26568.358245582192,27366.94699529328
26489.40971460469,28724.750900083745,26517.891195063377,27790.119130657396,26216.350990865136,28754.582572885858,28159.14257969526,26205.185665487024,27548.062001163868,26380.422244897476,25666.93877845462,28690.37799404049,24991.643181235948,25998.74463492606,24849.672855384193,26060.42092623418,26099.771802954543,26849.00048359135,26413.356162663626,26309.045102583703,25867.273934013465,26866.782578950006,24719.066546878483,26568.358245582192,27366.94699529328
26489.40971460469,28724.750900083745,26517.891195063377,27790.119130657396,26216.350990865136,28754.582572885858,28159.14257969526,26205.185665487024,27548.062001163868,26380.422244897476,25666.93877845462,28690.37799404049,24991.643181235948,25998.74463492606,24849.672855384193,26060.42092623418,26099.771802954543,26849.00048359135,26413.356162663626,26309.045102583703,25867.273934013465,26866.782578950006,24719.066546878483,26568.358245582192,27366.94699529328
26489.40971460469,28724.750900083745,26517.891195063377,27790.119130657396,26216.350990865136,28754.582572885858,28159.14257969526,26205.185665487024,27548.062001163868,26380.422244897476,25666.93877845462,28690.37799404049,24991.643181235948,25998.74463492606,24849.672855384193,26060.42092623418,26099.771802954543,26849.00048359135,26413.356162663626,26309.045102583703,25867.273934013465,26866.782578950006,24719.066546878483,26568.358245582192,27366.94699529328
26489.40971460469,28724.750900083745,26517.891195063377,27790.119130657396,26216.350990865136,28754.582572885858,28159.14257969526,26205.185665487024,27548.062001163868,26380.422244897476,25666.93877845462,28690.37799404049,24991.643181235948,25998.74463492606,24849.672855384193,26060.42092623418,26099.771802954543,26849.00048359135,26413.356162663626,26309.045102583703,25867.273934013465,26866.782578950006,24719.066546878483,26568.358245582192,27366.94699529328
26489.40971460469,28724.750900083745,26517.891195063377,27790.119130657396,26216.350990865136,28754.582572885858,28159.14257969526,26205.185665487024,27548.062001163868,26380.422244897476,25666.93877845462,28690.37799404049,24991.643181235948,25998.74463492606,24849.672855384193,26060.42092623418,26099.771802954543,26849.00048359135,26413.356162663626,26309.045102583703,25867.273934013465,26866.782578950006,24719.066546878483,26568.358245582192,27366.94699529328
26489.40971460469,28724.750900083745,26517.891195063377,27790.119130657396,26216.350990865136,28754.582572885858,28159.14257969526,26205.185665487024,27548.062001163868,26380.422244897476,25666.93877845462,28690.37799404049,24991.643181235948,25998.74463492606,24849.672855384193,26060.42092623418,26099.771802954543,26849.00048359135,26413.356162663626,26309.045102583703,25867.273934013465,26866.782578950006,24719.066546878483,26568.358245582192,27366.94699529328
26489.40971460469,28724.750900083745,26517.891195063377,27790.119130657396,26216.350990865136,28754.582572885858,28159.14257969526,26205.185665487024,27548.062001163868,26380.422244897476,25666.93877845462,28690.37799404049,24991.643181235948,25998.74463492606,24849.672855384193,26060.42092623418,26099.771802954543,26849.00048359135,26413.356162663626,26309.045102583703,25867.273934013465,26866.782578950006,24719.066546878483,26568.358245582192,27366.94699529328
26489.40971460469,28304.70762152179,26517.891195063377,27790.119130657396,26216.350990865136,28754.582572885858,28159.14257969526,26205.185665487024,27548.062001163868,26380.422244897476,25666.93877845462,28690.37799404049,24991.643181235948,25998.74463492606,24849.672855384193,26060.42092623418,26099.771802954543,26849.00048359135,26413.356162663626,26309.045102583703,25867.273934013465,26866.782578950006,24719.066546878483,26568.358245582192,27366.94699529328
26489.40971460469,28304.70762152179,26517.891195063377,27790.119130657396,26216.350990865136,28754.582572885858,28159.14257969526,26205.185665487024,27548.062001163868,26380.422244897476,25666.93877845462,28690.37799404049,24991.643181235948,25998.74463492606,24849.672855384193,26060.42092623418,26099.771802954543,26849.00048359135,26413.356162663626,26309.045102583703,25867.273934013465,26866.782578950006,24719.066546878483,26568.358245582192,27366.94699529328
26489.40971460469,28304.70762152179,26517.891195063377,27790.119130657396,26216.350990865136,28754.582572885858,28159.14257969526,26205.185665487024,27548.062001163868,26380.422244897476,25666.93877845462,28690.37799404049,24991.643181235948,25998.74463492606,24849.672855384193,26060.42092623418,26099.771802954543,26849.00048359135,24374.575190129184,26309.045102583703,25867.273934013465,26866.782578950006,24719.066546878483,26568.358245582192,27366.94699529328
26489.40971460469,28304.70762152179,26517.891195063377,27790.119130657396,26216.350990865136,28754.582572885858,28159.14257969526,26205.185665487024,27548.062001163868,26380.422244897476,25666.93877845462,28690.37799404049,24991.643181235948,25998.74463492606,24849.672855384193,26060.42092623418,26099.771802954543,26849.00048359135,24374.575190129184,26309.045102583703,25867.273934013465,26866.782578950006,24719.066546878483,26568.358245582192,27366.94699529328
26489.40971460469,28304.70762152179,26517.891195063377,27790.119130657396,26216.350990865136,28754.582572885858,28159.14257969526,26205.185665487024,27548.062001163868,26380.422244897476,25666.93877845462,28690.37799404049,24991.643181235948,25998.74463492606,24849.672855384193,26060.42092623418,26099.771802954543,26849.00048359135,24374.575190129184,26309.045102583703,25867.273934013465,26866.782578950006,24719.066546878483,26568.358245582192,27366.94699529328
26489.40971460469,28304.70762152179,26517.891195063377,27790.119130657396,26216.350990865136,28754.582572885858,28159.14257969526,26205.185665487024,27548.062001163868,26380.422244897476,25666.93877845462,28690.37799404049,24991.643181235948,25998.74463492606,24849.672855384193,26060.42092623418,26099.771802954543,26849.00048359135,24374.575190129184,26309.045102583703,25867.273934013465,26866.782578950006,24719.066546878483,26568.358245582192,27366.94699529328
26489.40971460469,28304.70762152179,26517.891195063377,27790.119130657396,26216.350990865136,28754.582572885858,28159.14257969526,26205.185665487024,27548.062001163868,26380.422244897476,25666.93877845462,28690.37799404049,24991.643181235948,25998.74463492606,24849.672855384193,26060.42092623418,26099.771802954543,26849.00048359135,24374.575190129184,26309.045102583703,25867.273934013465,26866.782578950006,24719.066546878483,26568.358245582192,27366.94699529328
26489.40971460469,28304.70762152179,26517.891195063377,27790.119130657396,26216.350990865136,28754.582572885858,28159.14257969526,26205.185665487024,27548.062001163868,26380.422244897476,25666.93877845462,28690.37799404049,24991.643181235948,25998.74463492606,24849.672855384193,26060.42092623418,26099.771802954543,26849.00048359135,24374.575190129184,26309.045102583703,25867.273934013465,26866.782578950006,24719.066546878483,26568.358245582192,27366.94699529328
26489.40971460469,28304.70762152179,26517.891195063377,27790.119130657396,26216.350990865136,28754.582572885858,28159.14257969526,26205.185665487024,27548.062001163868,26380.422244897476,25666.93877845462,28690.37799404049,24991.643181235948,25998.74463492606,24849.672855384193,26060.42092623418,26099.771802954543,26849.00048359135,24374.575190129184,26309.045102583703,25867.273934013465,26866.782578950006,24719.066546878483,26568.358245582192,27366.94699529328
26489.40971460469,28304.70762152179,26517.891195063377,27790.119130657396,26216.350990865136,28754.582572885858,28159.14257969526,26205.185665487024,27548.062001163868,26380.422244897476,25666.93877845462,28690.37799404049,24991.643181235948,25998.74463492606,24849.672855384193,26060.42092623418,26099.771802954543,26849.00048359135,24374.575190129184,26309.045102583703,25867.273934013465,26866.782578950006,24719.066546878483,26568.358245582192,27366.94699529328
26489.40971460469,28304.70762152179,26517.891195063377,27790.119130657396,26216.350990865136,28754.582572885858,28159.14257969526,26205.185665487024,27548.062001163868,26380.422244897476,25666.93877845462,28690.37799404049,24991.643181235948,25998.74463492606,24849.672855384193,26060.42092623418,26099.771802954543,26849.00048359135,24374.575190129184,26309.045102583703,25867.273934013465,26866.782578950006,24719.066546878483,26568.358245582192,27366.94699529328
26489.40971460469,28304.70762152179,26517.891195063377,27790.119130657396,26216.350990865136,28754.582572885858,28159.14257969526,26205.185665487024,27548.062001163868,26380.422244897476,25666.93877845462,28690.37799404049,24991.643181235948,25998.74463492606,24849.672855384193,26060.42092623418,26099.771802954543,26849.00048359135,24374.575190129184,26309.045102583703,25867.273934013465,26866.782578950006,24719.066546878483,26568.358245582192,27366.94699529328
26489.40971460469,28304.70762152179,26517.891195063377,27790.119130657396,26216.350990865136,28754.582572885858,28159.14257969526,26205.185665487024,27548.062001163868,26380.422244897476,25666.93877845462,28690.37799404049,24991.643181235948,25998.74463492606,24849.672855384193,26060.42092623418,26099.771802954543,26849.00048359135,24374.575190129184,26309.045102583703,25867.273934013465,26866.782578950006,24719.066546878483,26568.358245582192,27366.94699529328
26489.40971460469,28304.70762152179,26517.891195063377,27790.119130657396,26216.350990865136,28754.582572885858,28159.14257969526,26205.185665487024,27548.062001163868,26380.422244897476,25666.93877845462,28690.37799404049,24991.643181235948,25998.74463492606,24849.672855384193,26060.42092623418,26099.771802954543,26849.00048359135,24374.575190129184,26309.045102583703,25867.273934013465,26866.782578950006,24719.066546878483,26568.358245582192,27366.94699529328
26489.40971460469,28304.70762152179,26517.891195063377,27790.119130657396,26216.350990865136,28754.582572885858,28159.14257969526,26205.185665487024,27548.062001163868,26380.422244897476,25666.93877845462,28690.37799404049,24991.643181235948,25998.74463492606,24849.672855384193,26060.42092623418,26099.771802954543,26849.00048359135,24374.575190129184,26309.045102583703,25867.273934013465,26866.782578950006,24719.066546878483,26568.358245582192,27366.94699529328
26489.40971460469,28304.70762152179,26517.891195063377,27790.119130657396,26216.350990865136,28754.582572885858,28159.14257969526,26205.185665487024,27548.062001163868,26380.422244897476,25666.93877845462,28690.37799404049,24991.643181235948,25998.74463492606,24849.672855384193,26060.42092623418,26099.771802954543,26849.00048359135,24374.575190129184,26309.045102583703,25867.273934013465,26866.782578950006,24719.066546878483,26568.358245582192,27366.94699529328
26489.40971460469,28304.70762152179,26517.891195063377,27790.119130657396,26216.350990865136,28754.582572885858,28159.14257969526,26205.185665487024,27548.062001163868,26380.422244897476,25666.93877845462,28690.37799404049,24991.643181235948,25998.74463492606,24849.672855384193,26060.42092623418,26099.771802954543,26849.00048359135,24374.575190129184,26309.045102583703,25867.273934013465,26866.782578950006,24719.066546878483,26568.358245582192,27366.94699529328
26489.40971460469,28304.70762152179,26517.891195063377,27790.119130657396,26216.350990865136,28754.582572885858,28159.14257969526,26205.185665487024,27548.062001163868,26380.422244897476,25666.93877845462,28690.37799404049,24991.643181235948,25998.74463492606,24849.672855384193,26060.42092623418,26099.771802954543,26849.00048359135,24374.575190129184,26309.045102583703,25867.273934013465,26866.782578950006,24719.066546878483,26568.358245582192,27366.94699529328
26489.40971460469,28304.70762152179,26517.891195063377,27790.119130657396,26216.350990865136,28754.582572885858,28159.14257969526,26205.185665487024,27548.062001163868,26380.422244897476,25666.93877845462,28690.37799404049,24991.643181235948,25998.74463492606,24849.672855384193,26060.42092623418,26099.771802954543,26849.00048359135,24374.575190129184,26309.045102583703,25867.273934013465,26866.782578950006,24719.066546878483,26568.358245582192,27366.94699529328
26489.40971460469,28304.70762152179,26517.891195063377,27790.119130657396,26216.350990865136,28754.582572885858,28159.14257969526,26205.185665487024,27548.062001163868,26380.422244897476,25666.93877845462,28690.37799404049,24991.643181235948,25998.74463492606,24849.672855384193,26060.42092623418,26099.771802954543,26849.00048359135,24374.575190129184,26309.045102583703,25867.273934013465,26866.782578950006,24719.066546878483,26568.358245582192,27366.94699529328
26489.40971460469,28304.70762152179,26517.891195063377,27790.119130657396,26216.350990865136,28754.582572885858,28159.14257969526,26205.185665487024,27548.062001163868,26380.422244897476,25666.93877845462,28690.37799404049,24991.643181235948,25998.74463492606,24849.672855384193,26060.42092623418,26099.771802954543,26849.00048359135,24374.575190129184,26309.045102583703,25867.273934013465,26866.782578950006,24719.066546878483,26568.358245582192,27366.94699529328
26489.40971460469,28304.70762152179,26517.891195063377,27790.119130657396,26216.350990865136,28754.582572885858,28159.14257969526,26205.185665487024,27548.062001163868,26380.422244897476,25666.93877845462,28690.37799404049,24991.643181235948,25998.74463492606,24849.672855384193,26060.42092623418,26099.771802954543,26849.00048359135,24374.575190129184,26309.045102583703,25867.273934013465,26866.782578950006,24719.066546878483,26568.358245582192,27366.94699529328
26489.40971460469,28304.70762152179,26517.891195063377,27790.119130657396,26216.350990865136,28754.582572885858,28159.14257969526,26205.185665487024,27548.062001163868,26380.422244897476,25666.93877845462,28690.37799404049,24991.643181235948,25998.74463492606,24849.672855384193,26060.42092623418,26099.771802954543,26849.00048359135,24374.575190129184,26309.045102583703,25867.273934013465,26866.782578950006,24719.066546878483,26568.358245582192,27366.94699529328
26489.40971460469,28304.70762152179,26517.891195063377,27790.119130657396,26216.350990865136,28754.582572885858,28159.14257969526,26205.185665487024,27548.062001163868,26380.422244897476,25666.93877845462,28690.37799404049,24991.643181235948,25998.74463492606,24849.672855384193,26060.42092623418,26099.771802954543,26849.00048359135,24374.575190129184,26309.045102583703,25867.273934013465,26866.782578950006,24719.066546878483,26568.358245582192,27366.94699529328
26489.40971460469,28304.70762152179,26517.891195063377,27790.119130657396,26216.350990865136,28754.582572885858,28159.14257969526,26205.185665487024,27548.062001163868,26380.422244897476,25666.93877845462,28690.37799404049,24991.643181235948,25998.74463492606,24849.672855384193,26060.42092623418,26099.771802954543,26849.00048359135,24374.575190129184,26309.045102583703,25867.273934013465,26866.782578950006,24719.066546878483,26568.358245582192,27366.94699529328
26489.40971460469,28304.70762152179,26517.891195063377,27790.119130657396,26216.350990865136,28754.582572885858,28159.14257969526,26205.185665487024,27548.062001163868,26380.422244897476,25666.93877845462,28690.37799404049,24991.643181235948,25998.74463492606,24849.672855384193,26060.42092623418,26099.771802954543,26849.00048359135,24374.575190129184,26309.045102583703,25867.273934013465,26866.782578950006,24719.066546878483,26568.358245582192,27366.94699529328
26489.40971460469,28304.70762152179,26517.891195063377,27790.119130657396,26216.350990865136,28754.582572885858,28159.14257969526,26205.185665487024,27548.062001163868,26380.422244897476,25666.93877845462,28690.37799404049,24991.643181235948,25998.74463492606,24849.672855384193,26060.42092623418,26099.771802954543,26849.00048359135,24374.575190129184,26309.045102583703,25867.273934013465,26866.782578950006,24719.066546878483,26568.358245582192,27366.94699529328
26489.40971460469,28304.70762152179,26517.891195063377,27790.119130657396,26216.350990865136,28754.582572885858,28159.14257969526,26205.185665487024,27548.062001163868,26380.422244897476,25666.93877845462,28690.37799404049,24991.643181235948,25998.74463492606,24849.672855384193,26060.42092623418,26099.771802954543,26849.00048359135,24374.575190129184,26309.045102583703,25867.273934013465,26866.782578950006,24719.066546878483,26568.358245582192,27366.94699529328
26489.40971460469,28304.70762152179,26517.891195063377,27790.119130657396,26216.350990865136,28754.582572885858,28159.14257969526,26205.185665487024,27548.062001163868,26380.422244897476,25666.93877845462,28690.37799404049,24991.643181235948,25998.74463492606,24849.672855384193,26060.42092623418,26099.771802954543,26849.00048359135,24374.575190129184,26309.045102583703,25867.273934013465,26866.782578950006,24719.066546878483,26568.358245582192,27366.94699529328
26489.40971460469,28304.70762152179,26517.891195063377,27790.119130657396,26216.350990865136,28754.582572885858,28159.14257969526,26205.185665487024,27548.062001163868,26380.422244897476,25666.93877845462,28690.37799404049,24991.643181235948,25998.74463492606,24849.672855384193,26060.42092623418,26099.771802954543,26849.00048359135,24374.575190129184,26309.045102583703,25867.273934013465,26866.782578950006,24719.066546878483,26568.358245582192,27366.94699529328
26489.40971460469,28304.70762152179,26517.891195063377,27790.119130657396,26216.350990865136,28754.582572885858,28159.14257969526,26205.185665487024,27548.062001163868,26380.422244897476,25666.93877845462,28690.37799404049,24991.643181235948,25998.74463492606,24849.672855384193,26060.42092623418,26099.771802954543,26849.00048359135,24374.575190129184,26309.045102583703,25867.273934013465,26866.782578950006,24719.066546878483,26568.358245582192,27366.94699529328
26489.40971460469,28304.70762152179,26517.891195063377,27790.119130657396,26216.350990865136,28754.582572885858,28159.14257969526,26205.185665487024,27548.062001163868,26380.422244897476,25666.93877845462,28690.37799404049,24991.643181235948,25998.74463492606,24849.672855384193,26060.42092623418,26099.771802954543,26849.00048359135,24374.575190129184,26309.045102583703,25867.273934013465,26866.782578950006,24719.066546878483,26568.358245582192,27366.94699529328
26489.40971460469,28304.70762152179,26517.891195063377,27790.119130657396,26216.350990865136,28754.582572885858,28159.14257969526,26205.185665487024,27548.062001163868,26380.422244897476,25666.93877845462,28690.37799404049,24991.643181235948,25998.74463492606,24849.672855384193,26060.42092623418,26099.771802954543,26849.00048359135,24374.575190129184,26309.045102583703,25867.273934013465,26866.782578950006,24719.066546878483,26568.358245582192,27366.94699529328
26489.40971460469,28304.70762152179,26517.891195063377,27790.119130657396,26216.350990865136,28754.582572885858,28159.14257969526,26205.185665487024,27548.062001163868,26380.422244897476,25666.93877845462,28690.37799404049,24991.643181235948,25998.74463492606,24849.672855384193,26060.42092623418,26099.771802954543,26849.00048359135,24374.575190129184,26309.045102583703,25867.273934013465,26866.782578950006,24719.066546878483,26568.358245582192,27366.94699529328
26489.40971460469,28304.70762152179,26517.891195063377,27790.119130657396,26216.350990865136,28754.582572885858,28159.14257969526,26205.185665487024,27548.062001163868,26380.422244897476,25666.93877845462,28690.37799404049,24991.643181235948,25998.74463492606,24849.672855384193,26060.42092623418,26099.771802954543,26849.00048359135,24374.575190129184,26309.045102583703,25867.273934013465,26866.782578950006,24719.066546878483,26568.358245582192,27366.94699529328
26489.40971460469,28304.70762152179,26517.891195063377,27790.119130657396,26216.350990865136,28754.582572885858,28159.14257969526,26205.185665487024,27548.062001163868,26380.422244897476,25666.93877845462,28690.37799404049,24991.643181235948,25998.74463492606,24849.672855384193,26060.42092623418,26099.771802954543,26849.00048359135,24374.575190129184,26309.045102583703,25867.273934013465,26866.782578950006,24719.066546878483,26568.358245582192,27366.94699529328
26489.40971460469,28304.70762152179,26517.891195063377,27790.119130657396,26216.350990865136,28754.582572885858,28159.14257969526,26205.185665487024,27548.062001163868,26380.422244897476,25666.93877845462,28690.37799404049,24991.643181235948,25998.74463492606,24849.672855384193,26060.42092623418,26099.771802954543,26849.00048359135,24374.575190129184,26309.045102583703,25867.273934013465,26866.782578950006,24719.066546878483,26568.358245582192,27366.94699529328
26489.40971460469,28304.70762152179,26517.891195063377,27790.119130657396,26216.350990865136,28754.582572885858,28159.14257969526,26205.185665487024,27548.062001163868,26380.422244897476,25666.93877845462,28690.37799404049,24991.643181235948,25998.74463492606,24849.672855384193,26060.42092623418,26099.771802954543,26849.00048359135,24374.575190129184,26309.045102583703,25867.273934013465,26866.782578950006,24719.066546878483,26568.358245582192,27366.94699529328
26489.40971460469,28304.70762152179,26517.891195063377,27790.119130657396,26216.350990865136,28754.582572885858,28159.14257969526,26205.185665487024,27548.062001163868,26380.422244897476,25666.93877845462,28690.37799404049,24991.643181235948,25998.74463492606,24849.672855384193,26060.42092623418,26099.771802954543,26849.00048359135,24374.575190129184,26309.045102583703,25867.273934013465,26866.782578950006,24719.066546878483,26568.358245582192,27366.94699529328
26489.40971460469,28304.70762152179,26517.891195063377,27790.119130657396,26216.350990865136,28754.582572885858,28159.14257969526,26205.185665487024,27548.062001163868,26380.422244897476,25666.93877845462,28690.37799404049,24991.643181235948,25998.74463492606,24849.672855384193,26060.42092623418,26099.771802954543,26849.00048359135,24374.575190129184,26309.045102583703,25867.273934013465,26866.782578950006,24719.066546878483,26568.358245582192,27366.94699529328
26489.40971460469,28304.70762152179,26517.891195063377,27790.119130657396,26216.350990865136,28754.582572885858,28159.14257969526,26205.185665487024,27548.062001163868,26380.422244897476,25666.93877845462,28690.37799404049,24991.643181235948,25998.74463492606,24849.672855384193,26060.42092623418,26099.771802954543,26849.00048359135,24374.575190129184,26309.045102583703,25867.273934013465,26866.782578950006,24719.066546878483,26568.358245582192,27366.94699529328
26489.40971460469,28304.70762152179,26517.891195063377,27790.119130657396,26216.350990865136,28754.582572885858,28159.14257969526,26205.185665487024,27548.062001163868,26380.422244897476,25666.93877845462,28173.78380810246,24991.643181235948,25998.74463492606,24849.672855384193,26060.42092623418,26099.771802954543,26849.00048359135,24374.575190129184,26309.045102583703,25867.273934013465,26866.782578950006,24719.066546878483,26568.358245582192,27366.94699529328
26489.40971460469,28304.70762152179,26517.891195063377,27790.119130657396,26216.350990865136,28754.582572885858,28159.14257969526,26205.185665487024,27548.062001163868,26380.422244897476,25666.93877845462,28173.78380810246,24991.643181235948,25998.74463492606,24849.672855384193,26060.42092623418,26099.771802954543,26849.00048359135,24374.575190129184,26309.045102583703,25867.273934013465,26866.782578950006,24719.066546878483,26568.358245582192,27366.94699529328
26489.40971460469,28304.70762152179,26517.891195063377,27790.119130657396,26216.350990865136,28754.582572885858,28159.14257969526,26205.185665487024,27548.062001163868,26380.422244897476,25666.93877845462,28173.78380810246,24991.643181235948,25998.74463492606,24849.672855384193,26060.42092623418,26099.771802954543,26849.00048359135,24374.575190129184,26309.045102583703,25867.273934013465,26866.782578950006,24719.066546878483,26568.358245582192,27366.94699529328
26489.40971460469,28304.70762152179,26517.891195063377,27790.119130657396,26216.350990865136,28754.582572885858,28159.14257969526,26205.185665487024,27548.062001163868,26380.422244897476,25666.93877845462,28173.78380810246,24991.643181235948,25998.74463492606,24849.672855384193,26060.42092623418,26099.771802954543,26849.00048359135,24374.575190129184,26309.045102583703,25867.273934013465,26866.782578950006,24719.066546878483,26568.358245582192,27366.94699529328
26489.40971460469,28304.70762152179,26517.891195063377,27790.119130657396,26216.350990865136,28754.582572885858,28159.14257969526,26205.185665487024,27548.062001163868,26380.422244897476,25666.93877845462,28173.78380810246,24991.643181235948,25998.74463492606,24849.672855384193,26060.42092623418,26099.771802954543,26849.00048359135,24374.575190129184,26309.045102583703,25867.273934013465,26866.782578950006,24719.066546878483,26568.358245582192,27366.94699529328
26489.40971460469,28304.70762152179,26517.891195063377,27790.119130657396,26216.350990865136,28754.582572885858,28159.14257969526,26205.185665487024,27548.062001163868,26380.422244897476,25666.93877845462,28173.78380810246,24991.643181235948,25998.74463492606,24849.672855384193,26060.42092623418,26099.771802954543,26849.00048359135,24374.575190129184,26309.045102583703,25867.273934013465,26866.782578950006,24719.066546878483,26568.358245582192,27366.94699529328
26489.40971460469,28304.70762152179,26517.891195063377,27790.119130657396,26216.350990865136,28754.582572885858,28159.14257969526,26205.185665487024,27548.062001163868,26380.422244897476,25666.93877845462,28173.78380810246,24991.643181235948,25998.74463492606,24849.672855384193,26060.42092623418,26099.771802954543,26849.00048359135,24374.575190129184,26309.045102583703,25867.273934013465,26866.782578950006,24719.066546878483,26568.358245582192,27366.94699529328
26489.40971460469,28304.70762152179,26517.891195063377,27790.119130657396,26216.350990865136,28754.582572885858,28159.14257969526,26205.185665487024,27548.062001163868,26380.422244897476,25666.93877845462,28173.78380810246,24991.643181235948,25998.74463492606,24849.672855384193,26060.42092623418,26099.771802954543,26849.00048359135,24374.575190129184,26309.045102583703,25867.273934013465,26866.782578950006,24719.066546878483,26568.358245582192,27366.94699529328
26489.40971460469,28304.70762152179,26517.891195063377,27790.119130657396,26216.350990865136,28754.582572885858,28159.14257969526,26205.185665487024,27548.062001163868,26380.422244897476,25666.93877845462,28173.78380810246,24991.643181235948,25998.74463492606,24849.672855384193,26060.42092623418,26099.771802954543,26849.00048359135,24374.575190129184,26309.045102583703,25867.273934013465,26866.782578950006,24719.066546878483,26568.358245582192,27366.94699529328
26489.40971460469,28304.70762152179,26517.891195063377,27790.119130657396,26216.350990865136,28754.582572885858,28159.14257969526,26205.185665487024,27548.062001163868,26380.422244897476,25666.93877845462,28173.78380810246,24991.643181235948,25998.74463492606,24849.672855384193,26060.42092623418,26099.771802954543,26849.00048359135,24374.575190129184,26309.045102583703,25867.273934013465,26866.782578950006,24719.066546878483,26568.358245582192,27366.94699529328
26489.40971460469,28304.70762152179,26517.891195063377,27790.119130657396,26216.350990865136,28754.582572885858,28159.14257969526,26205.185665487024,27548.062001163868,26380.422244897476,25666.93877845462,28173.78380810246,24991.643181235948,25998.74463492606,24849.672855384193,26060.42092623418,26099.771802954543,26849.00048359135,24374.575190129184,26309.045102583703,25867.273934013465,26866.782578950006,24719.066546878483,26568.358245582192,27366.94699529328
26489.40971460469,28304.70762152179,26517.891195063377,27790.119130657396,26216.350990865136,28754.582572885858,28159.14257969526,26205.185665487024,27548.062001163868,26380.422244897476,25666.93877845462,28173.78380810246,24991.643181235948,25998.74463492606,24849.672855384193,26060.42092623418,26099.771802954543,26849.00048359135,24374.575190129184,26309.045102583703,25867.273934013465,26866.782578950006,24719.066546878483,26568.358245582192,27366.94699529328
26489.40971460469,28304.70762152179,26517.891195063377,27790.119130657396,26216.350990865136,28754.582572885858,28159.14257969526,26205.185665487024,27548.062001163868,26380.422244897476,25666.93877845462,28173.78380810246,24991.643181235948,25998.74463492606,24849.672855384193,26060.42092623418,26099.771802954543,26849.00048359135,24374.575190129184,26309.045102583703,25867.273934013465,26866.782578950006,24719.066546878483,26568.358245582192,27366.94699529328
26489.40971460469,28304.70762152179,26517.891195063377,27790.119130657396,26216.350990865136,28754.582572885858,28159.14257969526,26205.185665487024,27548.062001163868,26380.422244897476,25666.93877845462,28173.78380810246,24991.643181235948,25998.74463492606,24849.672855384193,26060.42092623418,26099.771802954543,26849.00048359135,24374.575190129184,26309.045102583703,25867.273934013465,26866.782578950006,24719.066546878483,26568.358245582192,27366.94699529328
26489.40971460469,28304.70762152179,26517.891195063377,27790.119130657396,26216.350990865136,28754.582572885858,28159.14257969526,26205.185665487024,27548.062001163868,26380.422244897476,25666.93877845462,28173.78380810246,24991.643181235948,25998.74463492606,24849.672855384193,26060.42092623418,26099.771802954543,26849.00048359135,24374.575190129184,26309.045102583703,25867.273934013465,26866.782578950006,24719.066546878483,26568.358245582192,27366.94699529328
26489.40971460469,28304.70762152179,26517.891195063377,27790.119130657396,26216.350990865136,28754.582572885858,28159.14257969526,26205.185665487024,27548.062001163868,26380.422244897476,25666.93877845462,28173.78380810246,24991.643181235948,25998.74463492606,24849.672855384193,26060.42092623418,26099.771802954543,26849.00048359135,24374.575190129184,26309.045102583703,25867.273934013465,26866.782578950006,24719.066546878483,26568.358245582192,27366.94699529328
26489.40971460469,28304.70762152179,26517.891195063377,27790.119130657396,26216.350990865136,28754.582572885858,28159.14257969526,26205.185665487024,27548.062001163868,26380.422244897476,25666.93877845462,28173.78380810246,24991.643181235948,25998.74463492606,24849.672855384193,26060.42092623418,26099.771802954543,26849.00048359135,24374.575190129184,26309.045102583703,25867.273934013465,26866.782578950006,24719.066546878483,26568.358245582192,27366.94699529328
26489.40971460469,28304.70762152179,26517.891195063377,27790.119130657396,26216.350990865136,28754.582572885858,28159.14257969526,26205.185665487024,27548.062001163868,26380.422244897476,25666.93877845462,28173.78380810246,24991.643181235948,25998.74463492606,24849.672855384193,26060.42092623418,26099.771802954543,26849.00048359135,24374.575190129184,26309.045102583703,25867.273934013465,26866.782578950006,24719.066546878483,26568.358245582192,27366.94699529328
26489.40971460469,28304.70762152179,26517.891195063377,27416.65357556167,26216.350990865136,28754.582572885858,28159.14257969526,26205.185665487024,27548.062001163868,26380.422244897476,25666.93877845462,28173.78380810246,24991.643181235948,25998.74463492606,24849.672855384193,26060.42092623418,26099.771802954543,26849.00048359135,24374.575190129184,26309.045102583703,25375.961874449287,26866.782578950006,24719.066546878483,26568.358245582192,27366.94699529328
26489.40971460469,28304.70762152179,26517.891195063377,27416.65357556167,26216.350990865136,28754.582572885858,28159.14257969526,26205.185665487024,27548.062001163868,26380.422244897476,25666.93877845462,28173.78380810246,24991.643181235948,25998.74463492606,24849.672855384193,26060.42092623418,26099.771802954543,26849.00048359135,24374.575190129184,26309.045102583703,25375.961874449287,26866.782578950006,24719.066546878483,26568.358245582192,27366.94699529328
26489.40971460469,28304.70762152179,26517.891195063377,27416.65357556167,26216.350990865136,28754.582572885858,28159.14257969526,26205.185665487024,27548.062001163868,26380.422244897476,25666.93877845462,28173.78380810246,24991.643181235948,25998.74463492606,24849.672855384193,26060.42092623418,26099.771802954543,26849.00048359135,24374.575190129184,26309.045102583703,25375.961874449287,26866.782578950006,24719.066546878483,26568.358245582192,27366.94699529328
26489.40971460469,28304.70762152179,26517.891195063377,27416.65357556167,26216.350990865136,28754.582572885858,28159.14257969526,26205.185665487024,27548.062001163868,26380.422244897476,25666.93877845462,28173.78380810246,24991.643181235948,25998.74463492606,24099.401886409352,26060.42092623418,26099.771802954543,26849.00048359135,24374.575190129184,26309.045102583703,25375.961874449287,26866.782578950006,24719.066546878483,26568.358245582192,27111.261707525933
26489.40971460469,28304.70762152179,26517.891195063377,27416.65357556167,26216.350990865136,28754.582572885858,28149.89923975248,26205.185665487024,27548.062001163868,26380.422244897476,25666.93877845462,28173.78380810246,24991.643181235948,25998.74463492606,24099.401886409352,26060.42092623418,26099.771802954543,26849.00048359135,24374.575190129184,26309.045102583703,25375.961874449287,26866.782578950006,24719.066546878483,26568.358245582192,26966.59491429541
26489.40971460469,28160.97312342371,26517.891195063377,27416.65357556167,26216.350990865136,28754.582572885858,28149.89923975248,26205.185665487024,27548.062001163868,26380.422244897476,25666.93877845462,28173.78380810246,24991.643181235948,25998.74463492606,24099.401886409352,26060.42092623418,26099.771802954543,26849.00048359135,24374.575190129184,26309.045102583703,25375.961874449287,26866.782578950006,24719.066546878483,26568.358245582192,26966.59491429541
26489.40971460469,28160.97312342371,26517.891195063377,27416.65357556167,26216.350990865136,28754.582572885858,28149.89923975248,26205.185665487024,27548.062001163868,26380.422244897476,25666.93877845462,28173.78380810246,24991.643181235948,25998.74463492606,24099.401886409352,26060.42092623418,26099.771802954543,26849.00048359135,24374.575190129184,26309.045102583703,25375.961874449287,26866.782578950006,24719.066546878483,26568.358245582192,26966.59491429541
26489.40971460469,28160.97312342371,26517.891195063377,27416.65357556167,26216.350990865136,28754.582572885858,28149.89923975248,26205.185665487024,27548.062001163868,26380.422244897476,25666.93877845462,28173.78380810246,24991.643181235948,25998.74463492606,24099.401886409352,26060.42092623418,26099.771802954543,26849.00048359135,24374.575190129184,26309.045102583703,25375.961874449287,26866.782578950006,24202.031082402318,26568.358245582192,26966.59491429541
26489.40971460469,28160.97312342371,26517.891195063377,27416.65357556167,26216.350990865136,28754.582572885858,28149.89923975248,26205.185665487024,27548.062001163868,26380.422244897476,25666.93877845462,26260.10106134071,24991.643181235948,25998.74463492606,24099.401886409352,26060.42092623418,26099.771802954543,26849.00048359135,24374.575190129184,26309.045102583703,25375.961874449287,26866.782578950006,24202.031082402318,26568.358245582192,26966.59491429541
26489.40971460469,27048.152592137092,26517.891195063377,27416.65357556167,26216.350990865136,28148.0821634279,28149.89923975248,26205.185665487024,27192.60181236315,26380.422244897476,25666.93877845462,26260.10106134071,24991.643181235948,25998.74463492606,24099.401886409352,26060.42092623418,26099.771802954543,26849.00048359135,24374.575190129184,26309.045102583703,25375.961874449287,26866.782578950006,24202.031082402318,26568.358245582192,26966.59491429541
26489.40971460469,27048.152592137092,26517.891195063377,27416.65357556167,26216.350990865136,28148.0821634279,28149.89923975248,26205.185665487024,27192.60181236315,26380.422244897476,25666.93877845462,26260.10106134071,24991.643181235948,25998.74463492606,24099.401886409352,26060.42092623418,26099.771802954543,24458.786070330378,24374.575190129184,26309.045102583703,25375.961874449287,26866.782578950006,24202.031082402318,26568.358245582192,26966.59491429541
26489.40971460469,27048.152592137092,26517.891195063377,27416.65357556167,26216.350990865136,28148.0821634279,28149.89923975248,26205.185665487024,27192.60181236315,26380.422244897476,25666.93877845462,26260.10106134071,24991.643181235948,25998.74463492606,24099.401886409352,26060.42092623418,26099.771802954543,24458.786070330378,24374.575190129184,26309.045102583703,25375.961874449287,26866.782578950006,24202.031082402318,26568.358245582192,26966.59491429541
26489.40971460469,27048.152592137092,26517.891195063377,27416.65357556167,26216.350990865136,28148.0821634279,28149.89923975248,26205.185665487024,27192.60181236315,26380.422244897476,25666.93877845462,26260.10106134071,24991.643181235948,25998.74463492606,24099.401886409352,26060.42092623418,26099.771802954543,24458.786070330378,24374.575190129184,26309.045102583703,25375.961874449287,26866.782578950006,24202.031082402318,26568.358245582192,26966.59491429541
26489.40971460469,27048.152592137092,26517.891195063377,27416.65357556167,26216.350990865136,28148.0821634279,28149.89923975248,26205.185665487024,27192.60181236315,26380.422244897476,25666.93877845462,26260.10106134071,24991.643181235948,25998.74463492606,24099.401886409352,26060.42092623418,26099.771802954543,24458.786070330378,24374.575190129184,26309.045102583703,25375.961874449287,26866.782578950006,24202.031082402318,26568.358245582192,26966.59491429541
26489.40971460469,27048.152592137092,26517.891195063377,27416.65357556167,26216.350990865136,28148.0821634279,28149.89923975248,26205.185665487024,27192.60181236315,26380.422244897476,25666.93877845462,26260.10106134071,24991.643181235948,25998.74463492606,24099.401886409352,26060.42092623418,26099.771802954543,24458.786070330378,24374.575190129184,26309.045102583703,25375.961874449287,26866.782578950006,24202.031082402318,26568.358245582192,26966.59491429541
26489.40971460469,27048.152592137092,26517.891195063377,27416.65357556167,26216.350990865136,28148.0821634279,28149.89923975248,26205.185665487024,27192.60181236315,26380.422244897476,25666.93877845462,26260.10106134071,24991.643181235948,25998.74463492606,24099.401886409352,26060.42092623418,26099.771802954543,24458.786070330378,24374.575190129184,26309.045102583703,25375.961874449287,26866.782578950006,24202.031082402318,26568.358245582192,26966.59491429541
26489.40971460469,27048.152592137092,26517.891195063377,27416.65357556167,26216.350990865136,28148.0821634279,28149.89923975248,26205.185665487024,27192.60181236315,26380.422244897476,25657.334040386828,26260.10106134071,24991.643181235948,25998.74463492606,24099.401886409352,26060.42092623418,26099.771802954543,24458.786070330378,24374.575190129184,26309.045102583703,25375.961874449287,26866.782578950006,24202.031082402318,26568.358245582192,26966.59491429541
26489.40971460469,27048.152592137092,26517.891195063377,27416.65357556167,26216.350990865136,28148.0821634279,28149.89923975248,26205.185665487024,27192.60181236315,26380.422244897476,25657.334040386828,26260.10106134071,24991.643181235948,25998.74463492606,24099.401886409352,26060.42092623418,26048.276602072197,24458.786070330378,24374.575190129184,26309.045102583703,25375.961874449287,26866.782578950006,24202.031082402318,26568.358245582192,26966.59491429541
26489.40971460469,27048.152592137092,26517.891195063377,27416.65357556167,26216.350990865136,28148.0821634279,28149.89923975248,23464.246667030482,27192.60181236315,26380.422244897476,25657.334040386828,26260.10106134071,24991.643181235948,25998.74463492606,24099.401886409352,26060.42092623418,26048.276602072197,24458.786070330378,24374.575190129184,26309.045102583703,25375.961874449287,26866.782578950006,24202.031082402318,26568.358245582192,26966.59491429541
26489.40971460469,27048.152592137092,26517.891195063377,27416.65357556167,26216.350990865136,28148.0821634279,28149.89923975248,23464.246667030482,27192.60181236315,26380.422244897476,25657.334040386828,26260.10106134071,24991.643181235948,25998.74463492606,24099.401886409352,26060.42092623418,26048.276602072197,24458.786070330378,24374.575190129184,26309.045102583703,25375.961874449287,26866.782578950006,22815.43144588334,26568.358245582192,26966.59491429541
26489.40971460469,26584.86685602679,26517.891195063377,27416.65357556167,26216.350990865136,27288.118127506536,28149.89923975248,23464.246667030482,27192.60181236315,26380.422244897476,25657.334040386828,26260.10106134071,24991.643181235948,25998.74463492606,24099.401886409352,26060.42092623418,26048.276602072197,24458.786070330378,24374.575190129184,25589.890628820332,25375.961874449287,26866.782578950006,22815.43144588334,26568.358245582192,26966.59491429541
26489.40971460469,26584.86685602679,26517.891195063377,27416.65357556167,26216.350990865136,27288.118127506536,28149.89923975248,23464.246667030482,27192.60181236315,26380.422244897476,25657.334040386828,26260.10106134071,24991.643181235948,25998.74463492606,24099.401886409352,26060.42092623418,26048.276602072197,24458.786070330378,24374.575190129184,25589.890628820332,25375.961874449287,26866.782578950006,22815.43144588334,26322.373666655592,26882.089142736906
26489.40971460469,26584.86685602679,26517.891195063377,27416.65357556167,26216.350990865136,27288.118127506536,28149.89923975248,23464.246667030482,23040.855564438483,26380.422244897476,25657.334040386828,26260.10106134071,24991.643181235948,25998.74463492606,24099.401886409352,26060.42092623418,26048.276602072197,24458.786070330378,24374.575190129184,25589.890628820332,25375.961874449287,26866.782578950006,22815.43144588334,26322.373666655592,26882.089142736906
26489.40971460469,26584.86685602679,26517.891195063377,26814.281527002622,25391.613955077613,27288.118127506536,28149.89923975248,22954.724936541705,23040.855564438483,26380.422244897476,25657.334040386828,26260.10106134071,24991.643181235948,25998.74463492606,24099.401886409352,26060.42092623418,26048.276602072197,24410.243954238562,24374.575190129184,25589.890628820332,25375.961874449287,26866.782578950006,22815.43144588334,26322.373666655592,26882.089142736906
26489.40971460469,26584.86685602679,26517.891195063377,26814.281527002622,25391.613955077613,24636.330598635494,28149.89923975248,22954.724936541705,22681.460763870946,26380.422244897476,25657.334040386828,26260.10106134071,24991.643181235948,25998.74463492606,24099.401886409352,26060.42092623418,26048.276602072197,24410.243954238562,23184.31213964066,25589.890628820332,25375.961874449287,26866.782578950006,22815.43144588334,26100.026070153937,26882.089142736906
26489.40971460469,26584.86685602679,26517.891195063377,26814.281527002622,25391.613955077613,24636.330598635494,28129.75854440651,22954.724936541705,22681.460763870946,26380.422244897476,25657.334040386828,26260.10106134071,24991.643181235948,25998.74463492606,24099.401886409352,26060.42092623418,26048.276602072197,24410.243954238562,23184.31213964066,25589.890628820332,25375.961874449287,26866.782578950006,22815.43144588334,26100.026070153937,26882.089142736906
26489.40971460469,26584.86685602679,26517.891195063377,26599.20968919161,25391.613955077613,24636.330598635494,27866.311669309605,22954.724936541705,22681.460763870946,26380.422244897476,25657.334040386828,26260.10106134071,24991.643181235948,25998.74463492606,24099.401886409352,26060.42092623418,26048.276602072197,24410.243954238562,23184.31213964066,25589.890628820332,25375.961874449287,26866.782578950006,22815.43144588334,25543.72247499472,26522.537346749705
26489.40971460469,26584.86685602679,26517.891195063377,25290.506099337745,24757.910599170802,24636.330598635494,25178.170029880483,22954.724936541705,22681.460763870946,26380.422244897476,24723.242568962174,26260.10106134071,24991.643181235948,25998.74463492606,24099.401886409352,26060.42092623418,26048.276602072197,24410.243954238562,23184.31213964066,25589.890628820332,25375.961874449287,26866.782578950006,22815.43144588334,25543.72247499472,26522.537346749705
26489.40971460469,26584.86685602679,26517.891195063377,25290.506099337745,24757.910599170802,24636.330598635494,25178.170029880483,22954.724936541705,22681.460763870946,25033.833568491358,24723.242568962174,26260.10106134071,24991.643181235948,25998.74463492606,23919.382262927968,24630.072140367174,26048.276602072197,24410.243954238562,23184.31213964066,25589.890628820332,25375.961874449287,26866.782578950006,22815.43144588334,25543.72247499472,26522.537346749705
26075.085097809188,26584.86685602679,26517.891195063377,25290.506099337745,24288.942614667827,24636.330598635494,25178.170029880483,22954.724936541705,22681.460763870946,25033.833568491358,24723.242568962174,26260.10106134071,24991.643181235948,25998.74463492606,23919.382262927968,24630.072140367174,26048.276602072197,24410.243954238562,23184.31213964066,25589.890628820332,25375.961874449287,26866.782578950006,22815.43144588334,25543.72247499472,26522.537346749705
25489.49264490971,26584.86685602679,26517.891195063377,25290.506099337745,24288.942614667827,24636.330598635494,25178.170029880483,22954.724936541705,22681.460763870946,25033.833568491358,24723.242568962174,26260.10106134071,24991.643181235948,23739.780630136724,23919.382262927968,24630.072140367174,26048.276602072197,24410.243954238562,23184.31213964066,25589.890628820332,25280.5053121167,26866.782578950006,22815.43144588334,25543.72247499472,26522.537346749705
25489.49264490971,26584.86685602679,26517.891195063377,24402.88492701386,24288.942614667827,24636.330598635494,25178.170029880483,22954.724936541705,22681.460763870946,25033.833568491358,24723.242568962174,26260.10106134071,24991.643181235948,23739.780630136724,23919.382262927968,24630.072140367174,26048.276602072197,24410.243954238562,23184.31213964066,25589.890628820332,25280.5053121167,26866.782578950006,22815.43144588334,25543.72247499472,26522.537346749705
25489.49264490971,26584.86685602679,26517.891195063377,24402.88492701386,24288.942614667827,24636.330598635494,25178.170029880483,22954.724936541705,22681.460763870946,25033.833568491358,24723.242568962174,26260.10106134071,24991.643181235948,23739.780630136724,23919.382262927968,24630.072140367174,26048.276602072197,24410.243954238562,20667.161997093877,25589.890628820332,22110.73622554379,26866.782578950006,22815.43144588334,25543.72247499472,26522.537346749705
25489.49264490971,26584.86685602679,26517.891195063377,24402.88492701386,24288.942614667827,24636.330598635494,25178.170029880483,22954.724936541705,22681.460763870946,25033.833568491358,24723.242568962174,26260.10106134071,24991.643181235948,23739.780630136724,23919.382262927968,23781.496393248315,25101.919180797282,24410.243954238562,19988.067097503255,25589.890628820332,22110.73622554379,26866.782578950006,22815.43144588334,25126.169554343192,26226.167711572332
25489.49264490971,26584.86685602679,26517.891195063377,24402.88492701386,24288.942614667827,24636.330598635494,25178.170029880483,22954.724936541705,22681.460763870946,25033.833568491358,24723.242568962174,26260.10106134071,24991.643181235948,23739.780630136724,23919.382262927968,23781.496393248315,25101.919180797282,24410.243954238562,19988.067097503255,25589.890628820332,22110.73622554379,26863.40994419855,19216.986620930107,24211.485722619054,26226.167711572332
25489.49264490971,26584.86685602679,26517.891195063377,24402.88492701386,24221.60303790977,24636.330598635494,25178.170029880483,22954.724936541705,22186.130424632804,25033.833568491358,24723.242568962174,26260.10106134071,24991.643181235948,23739.780630136724,23919.382262927968,23781.496393248315,25101.919180797282,24410.243954238562,19988.067097503255,25430.501591396973,22110.73622554379,26863.40994419855,19216.986620930107,24211.485722619054,26226.167711572332
25489.49264490971,26584.86685602679,26517.891195063377,24097.380273981114,24221.60303790977,24023.67493145407,25178.170029880483,22954.724936541705,22186.130424632804,24638.08482959377,24304.356820272096,26260.10106134071,24991.643181235948,23739.780630136724,23919.382262927968,23781.496393248315,25101.919180797282,24410.243954238562,19988.067097503255,25430.501591396973,22110.73622554379,26863.40994419855,19216.986620930107,24211.485722619054,26226.167711572332
25489.49264490971,26454.995241729674,26517.891195063377,24049.911762110158,24221.60303790977,24023.67493145407,25178.170029880483,22954.724936541705,22186.130424632804,24638.08482959377,23747.134477348485,26260.10106134071,24081.50723679067,23739.780630136724,23919.382262927968,22768.390763531224,25101.919180797282,24410.243954238562,19988.067097503255,25430.501591396973,22110.73622554379,22452.66341912464,19216.986620930107,24211.485722619054,26226.167711572332
25308.945744926248,26454.995241729674,26517.891195063377,24049.911762110158,24133.07689540212,24023.67493145407,25178.170029880483,22679.364825746845,22186.130424632804,23564.51373040993,23747.134477348485,26260.10106134071,21556.55380390903,23739.780630136724,22285.13935843612,22768.390763531224,25101.919180797282,24410.243954238562,19988.067097503255,25430.501591396973,20404.73576880489,22452.66341912464,19216.986620930107,24211.485722619054,26226.167711572332
22899.91957553399,24214.587251112545,26517.891195063377,22713.752483131204,24133.07689540212,24023.67493145407,24023.24317063118,22679.364825746845,22186.130424632804,23564.51373040993,23747.134477348485,26260.10106134071,20189.489381593885,23128.72051580848,22285.13935843612,22768.390763531224,25101.919180797282,24339.019181954165,19988.067097503255,25430.501591396973,20404.73576880489,21812.570880317628,19216.986620930107,24211.485722619054,26226.167711572332
22899.91957553399,24214.587251112545,25663.66541236569,22713.752483131204,24133.07689540212,24023.67493145407,22948.78075170579,22679.364825746845,22186.130424632804,23564.51373040993,23747.134477348485,26260.10106134071,18358.543250634568,23128.72051580848,19238.111518100428,22768.390763531224,25101.919180797282,24199.468166526192,19988.067097503255,25430.501591396973,20404.73576880489,20984.736898676583,19216.986620930107,24211.485722619054,26226.167711572332
22899.91957553399,24214.587251112545,25663.66541236569,22713.752483131204,24133.07689540212,23240.6249941416,21132.913414104052,22679.364825746845,21113.163870331176,23564.51373040993,23478.20152589069,26260.10106134071,18358.543250634568,23128.72051580848,19238.111518100428,22768.390763531224,24528.688379883683,24199.468166526192,19988.067097503255,25430.501591396973,20404.73576880489,20984.736898676583,19216.986620930107,24211.485722619054,26226.167711572332
22899.91957553399,24214.587251112545,23839.77335348123,22713.752483131204,24133.07689540212,23240.6249941416,21132.913414104052,22068.1908172638,21113.163870331176,23564.51373040993,23478.20152589069,26129.90877392666,18358.543250634568,23128.72051580848,19238.111518100428,22768.390763531224,24528.688379883683,23424.74539335845,19988.067097503255,25430.501591396973,20404.73576880489,20984.736898676583,17566.653056434883,24211.485722619054,26226.167711572332
22653.135206082858,24214.587251112545,23839.77335348123,22713.752483131204,24133.07689540212,23240.6249941416,21132.913414104052,22068.1908172638,21113.163870331176,23564.51373040993,23478.20152589069,26129.90877392666,18358.543250634568,23128.72051580848,19238.111518100428,22768.390763531224,24528.688379883683,23270.107992024605,19988.067097503255,25430.501591396973,20404.73576880489,20984.736898676583,17566.653056434883,24211.485722619054,23826.323352993062
21575.782272309767,21285.17390675722,23839.77335348123,22384.766989893178,24133.07689540212,23240.6249941416,21132.913414104052,22068.1908172638,21113.163870331176,23564.51373040993,23478.20152589069,26129.90877392666,18358.543250634568,23128.72051580848,19238.111518100428,22768.390763531224,24528.688379883683,23270.107992024605,19988.067097503255,25430.501591396973,20191.375729373147,20984.736898676583,17566.653056434883,24211.485722619054,23480.88174003913
21575.782272309767,21285.17390675722,23839.77335348123,22384.766989893178,24133.07689540212,21480.179032637556,21132.913414104052,22068.1908172638,20756.484231557995,22052.38881569202,23089.645961991777,25193.03132657021,16760.673387018967,23128.72051580848,19238.111518100428,22768.390763531224,24528.688379883683,23270.107992024605,19988.067097503255,24865.49958290844,20191.375729373147,20984.736898676583,14205.401991825074,24066.04671028268,21019.086460789385
21238.209791333185,21285.17390675722,23839.77335348123,22058.350628249897,24133.07689540212,21480.179032637556,21132.913414104052,22068.1908172638,20756.484231557995,22052.38881569202,20795.503555078067,23480.60155485281,16760.673387018967,21472.74217805803,19238.111518100428,22768.390763531224,24528.688379883683,22708.797483983268,19988.067097503255,21818.165515486933,18051.267346808476,20984.736898676583,14205.401991825074,21530.834030634083,21019.086460789385
21238.209791333185,21285.17390675722,23839.77335348123,22058.350628249897,24133.07689540212,21480.179032637556,20290.088977966116,21649.84760822434,20756.484231557995,22052.38881569202,20795.503555078067,22892.593174017275,16760.673387018967,21472.74217805803,19238.111518100428,22768.390763531224,24528.688379883683,22708.797483983268,19606.015180107028,21818.165515486933,18051.267346808476,20984.736898676583,14205.401991825074,21530.834030634083,21019.086460789385
21238.209791333185,21285.17390675722,23839.77335348123,22058.350628249897,24133.07689540212,21480.179032637556,20290.088977966116,21619.881687339515,20756.484231557995,22052.38881569202,18528.199844769722,22892.593174017275,16760.673387018967,21472.74217805803,19238.111518100428,22768.390763531224,24528.688379883683,22708.797483983268,16893.538188516934,20959.349570424612,16784.914790539955,20984.736898676583,14205.401991825074,21530.834030634083,21019.086460789385
21238.209791333185,21285.17390675722,23477.00479427793,21712.21271599012,23943.624822872047,21480.179032637556,20290.088977966116,19569.368240313583,20756.484231557995,22052.38881569202,17995.56668332352,22892.593174017275,16760.673387018967,21472.74217805803,19238.111518100428,22768.390763531224,24528.688379883683,22708.797483983268,16893.538188516934,20346.277586223623,16784.914790539955,19503.154830305004,14205.401991825074,20683.60068231516,21019.086460789385
19357.2545017683,21285.17390675722,23013.547135233573,21712.21271599012,22999.48144867428,21480.179032637556,20290.088977966116,19569.368240313583,20756.484231557995,22052.38881569202,17887.410370376718,22892.593174017275,15680.994708650207,21472.74217805803,19238.111518100428,22768.390763531224,24528.688379883683,20545.403117175723,16893.538188516934,20346.277586223623,16784.914790539955,19503.154830305004,14205.401991825074,20683.60068231516,20703.769995522685
18778.083041839407,20801.704646608552,23013.547135233573,20727.440976212685,22999.48144867428,21480.179032637556,20231.226198265023,19569.368240313583,20756.484231557995,22052.38881569202,17267.673901243183,22892.593174017275,15680.994708650207,21472.74217805803,19238.111518100428,22067.274662671676,24528.688379883683,20545.403117175723,16893.538188516934,20346.277586223623,16784.914790539955,19503.154830305004,12472.627253184179,20683.60068231516,20515.54388427541
18778.083041839407,20565.530066204356,20500.341744735553,18546.18171469259,22367.569968297496,21480.179032637556,20231.226198265023,19569.368240313583,20499.634257180543,21605.90214111136,17267.673901243183,22892.593174017275,15680.994708650207,20472.30400035007,19238.111518100428,22067.274662671676,24458.49261925231,20545.403117175723,14946.80520392576,20346.277586223623,16784.914790539955,19392.002805784334,12472.627253184179,20683.60068231516,20515.54388427541
18778.083041839407,20565.530066204356,20500.341744735553,18546.18171469259,22191.080845924902,21480.179032637556,20231.226198265023,19569.368240313583,20499.634257180543,21605.90214111136,17267.673901243183,22892.593174017275,15680.994708650207,20472.30400035007,19238.111518100428,22067.274662671676,24458.49261925231,20545.403117175723,14946.80520392576,20346.277586223623,16784.914790539955,19392.002805784334,12472.627253184179,20683.60068231516,20212.873937608863
18778.083041839407,16190.874236504176,20500.341744735553,18546.18171469259,21137.495209759447,21224.551441694155,19175.939667317416,19569.368240313583,20499.634257180543,20990.572296173843,17267.673901243183,22892.593174017275,15124.896933537017,20472.30400035007,19238.111518100428,22067.274662671676,23475.66319880839,20545.403117175723,14946.80520392576,20210.82702046666,16784.914790539955,18783.686604441707,12472.627253184179,20683.60068231516,20212.873937608863
18165.799952057383,16190.874236504176,20500.341744735553,18546.18171469259,21137.495209759447,21224.551441694155,17138.882974106036,19569.368240313583,19675.025193770703,20778.875593132052,17267.673901243183,22892.593174017275,15124.896933537017,20472.30400035007,19238.111518100428,21845.837883096243,22893.57171736895,20545.403117175723,14946.80520392576,18837.400283135474,16196.461753275162,17901.79183586577,12472.627253184179,20190.495758280398,17438.46642273986
18113.612390555965,16190.874236504176,18374.898669270555,18546.18171469259,20015.643512130806,21224.551441694155,17138.882974106036,19304.14471363202,18560.519698883905,20375.641806721083,17048.854466269015,22892.593174017275,15124.896933537017,20472.30400035007,19238.111518100428,21375.062028096265,20095.33377861453,20545.403117175723,14946.80520392576,18837.400283135474,16196.461753275162,17901.79183586577,12472.627253184179,19722.470355071586,17438.46642273986
18113.612390555965,16190.874236504176,18374.898669270555,18546.18171469259,19984.03120471728,21224.551441694155,17138.882974106036,18946.952617959763,18005.240262154835,19607.82547434444,17048.854466269015,22892.593174017275,15124.896933537017,18904.342880911736,19238.111518100428,21375.062028096265,19660.69783606039,20545.403117175723,14946.80520392576,18837.400283135474,16196.461753275162,17901.79183586577,12472.627253184179,19457.620232337074,17127.979372864807
18007.90027369618,16190.874236504176,18374.898669270555,17519.153566576824,18537.154543926194,21224.551441694155,17138.882974106036,18233.99865561052,17664.527292300707,19524.481252583606,17048.854466269015,21996.803255969,15124.896933537017,18904.342880911736,19238.111518100428,21375.062028096265,19660.69783606039,20545.403117175723,14946.80520392576,18837.400283135474,14315.500510597616,17901.79183586577,12472.627253184179,19457.620232337074,17127.979372864807
18007.90027369618,16190.874236504176,18374.898669270555,17519.153566576824,13341.648196749855,20981.054254669754,17138.882974106036,18233.99865561052,17664.527292300707,17415.84611039181,16961.994695643094,21996.803255969,15124.896933537017,18904.342880911736,19238.111518100428,20814.839016846305,19660.69783606039,20545.403117175723,13981.479812762522,18257.06224077853,14099.276081268014,17901.79183586577,12472.627253184179,19014.3728709612,15395.931584211005
18007.90027369618,16190.874236504176,17317.272895978273,17041.972354974132,13341.648196749855,20713.516834513197,17138.882974106036,18233.99865561052,17664.527292300707,16267.944819844546,16961.994695643094,21996.803255969,15124.896933537017,18904.342880911736,19238.111518100428,20224.38059279488,19043.854742243537,20545.403117175723,13981.479812762522,17430.54213124688,14099.276081268014,17901.79183586577,11830.18412097617,18737.76086230209,15395.931584211005
16485.507553285133,16190.874236504176,16778.85987325216,16280.711937264638,13341.648196749855,20713.516834513197,17108.383850608174,18233.99865561052,17664.527292300707,16267.944819844546,16961.994695643094,20627.72252422177,15124.896933537017,18904.342880911736,19238.111518100428,20224.38059279488,19037.843365572164,20545.403117175723,13981.479812762522,17430.54213124688,14099.276081268014,17901.79183586577,10621.579160892274,18737.76086230209,15395.931584211005
16482.539006685765,16190.874236504176,15592.389182784165,16280.711937264638,13341.648196749855,20713.516834513197,17108.383850608174,18233.99865561052,17111.420913701717,15803.01356903591,16872.386341837468,20072.398003602008,15124.896933537017,18904.342880911736,19238.111518100428,20224.38059279488,19037.843365572164,20545.403117175723,13981.479812762522,17430.54213124688,14099.276081268014,17901.79183586577,10621.579160892274,18737.76086230209,15395.931584211005
16482.539006685765,16190.874236504176,15592.389182784165,16280.711937264638,12827.128947473087,20713.516834513197,17108.383850608174,15125.592491506955,17111.420913701717,15803.01356903591,16872.386341837468,19711.279748603472,15124.896933537017,18904.342880911736,19238.111518100428,20224.38059279488,17048.13787676045,20545.403117175723,13981.479812762522,17430.54213124688,14099.276081268014,17746.883858167006,10621.579160892274,17750.42177902851,15395.931584211005
15913.81935147744,16190.874236504176,15319.55629467035,16078.35974071038,12827.128947473087,20713.516834513197,17108.383850608174,15125.592491506955,17111.420913701717,15803.01356903591,16126.201061955282,19711.279748603472,15124.896933537017,18904.342880911736,19238.111518100428,20224.38059279488,17048.13787676045,20545.403117175723,13981.479812762522,17430.54213124688,14099.276081268014,17366.86071089411,10621.579160892274,17445.783977202354,15081.84784732234
15612.478897846548,16190.874236504176,14264.16867751658,15370.04150675418,12827.128947473087,20713.516834513197,16188.291690458122,15125.592491506955,17111.420913701717,15803.01356903591,16126.201061955282,19421.621426140602,14092.393801634586,18904.342880911736,19238.111518100428,20224.38059279488,17048.13787676045,20545.403117175723,13981.479812762522,17269.134706391953,13604.806038773786,16628.94279437153,10621.579160892274,15581.130958408634,14122.223764594917
15612.478897846548,16190.874236504176,14264.16867751658,15163.228192194321,12827.128947473087,20713.516834513197,15329.515348034995,15125.592491506955,16976.061366414335,15803.01356903591,16126.201061955282,17400.361009036904,13598.686964624063,18565.60766242764,19238.111518100428,20224.38059279488,17048.13787676045,20545.403117175723,13981.479812762522,16637.170350258282,13604.806038773786,16628.94279437153,10621.579160892274,15581.130958408634,14122.223764594917
15612.478897846548,16190.874236504176,13545.606117565516,15009.021513852931,12827.128947473087,20713.516834513197,14920.424197002183,15125.592491506955,16830.615018012257,15803.01356903591,16126.201061955282,17400.361009036904,13598.686964624063,17679.820395134397,19121.96313937991,20224.38059279488,17048.13787676045,20545.403117175723,12708.16555090616,16637.170350258282,13604.806038773786,16628.94279437153,10044.681056335648,14623.546952770419,14122.223764594917
15612.478897846548,16190.874236504176,13545.606117565516,14702.557525138716,12827.128947473087,20713.516834513197,14401.940726541307,15125.592491506955,16830.615018012257,15803.01356903591,16126.201061955282,16999.57662286848,13598.686964624063,16648.082024965694,19033.317591680432,20224.38059279488,17048.13787676045,19838.576268573295,12708.16555090616,16637.170350258282,12949.498475123317,16628.94279437153,10044.681056335648,14623.546952770419,14122.223764594917
15612.478897846548,16190.874236504176,13545.606117565516,14702.557525138716,12827.128947473087,20713.516834513197,14377.854301627518,15125.592491506955,16808.19405190363,15803.01356903591,15659.569407557148,16999.57662286848,13035.084029048383,15957.481343124426,18730.709887470133,19994.17002555781,16769.056890008054,19137.098663492747,12708.16555090616,16485.097300836438,12949.498475123317,16628.94279437153,10044.681056335648,14623.546952770419,14122.223764594917
15479.995544892474,16190.874236504176,13545.606117565516,14702.557525138716,12827.128947473087,20196.13358360868,13145.979802997332,15125.592491506955,16172.277222570669,15803.01356903591,14674.334084640672,16999.57662286848,13035.084029048383,15064.304011644672,18730.709887470133,19994.17002555781,16769.056890008054,19137.098663492747,11964.691912946477,16264.900954882389,12949.498475123317,15490.20689411067,10044.681056335648,13723.57906002814,14122.223764594917
15479.995544892474,16190.874236504176,12958.196629694881,14429.39943974949,12159.99931543248,20196.13358360868,13145.979802997332,15125.592491506955,15681.712333363768,15324.952304535105,14674.334084640672,16903.55562963354,13035.084029048383,13782.73087829211,18730.709887470133,19197.20254852338,16769.056890008054,19025.1657844578,11053.043858912763,16165.582860972721,12949.498475123317,15147.354882451436,10044.681056335648,13334.26521151709,14014.278052950358
15479.995544892474,16190.874236504176,11623.471725277628,13485.833080797558,12159.99931543248,20196.13358360868,12986.358342329393,15125.592491506955,15301.69393401761,15324.952304535105,14674.334084640672,16903.55562963354,12927.321073578845,13782.73087829211,18730.709887470133,19197.20254852338,16709.910197434936,17876.65002465136,11005.688187158386,14017.774086140038,12949.498475123317,15055.082794767179,10044.681056335648,12505.673107166709,12688.523254831718
15479.995544892474,16190.874236504176,11623.471725277628,12953.749108263735,12159.99931543248,20196.13358360868,12701.020839926216,15125.592491506955,14561.28388591525,15324.952304535105,14674.334084640672,16903.55562963354,11765.164920642928,13678.110877806332,18730.709887470133,18695.851065352268,16082.5565815964,17642.883655720743,10539.136237240757,14014.264808226875,12949.498475123317,15055.082794767179,9704.802442888242,11698.197868720836,12688.523254831718
15479.995544892474,15761.038993864575,10989.508337759034,12395.756462519246,11753.489733561288,19747.814604221614,12701.020839926216,15125.592491506955,13091.833345021394,15324.952304535105,14397.341153015954,16903.55562963354,9584.631895766557,13678.110877806332,18730.709887470133,18695.851065352268,15560.94526676026,17642.883655720743,9163.268444167836,13538.414168338299,12949.498475123317,14558.749821172547,9704.802442888242,11166.921526457012,12206.425263747984
15479.995544892474,15761.038993864575,10989.508337759034,12046.96793777883,11753.489733561288,19747.814604221614,11699.497059330548,15125.592491506955,13062.073611670865,15072.589340914215,14397.341153015954,16626.915818588866,8354.791093640139,13678.110877806332,18730.709887470133,18695.851065352268,14559.497802723417,17642.883655720743,8546.247709202828,12978.631575335661,12949.498475123317,13528.016303158962,8586.315081019871,11041.447740474468,11827.05294874125
15105.254721384339,15761.038993864575,10989.508337759034,11442.726619003854,11753.489733561288,19747.814604221614,11699.497059330548,15125.592491506955,13012.600693213608,15072.589340914215,13693.843003456692,16626.915818588866,8354.791093640139,13416.224897898057,18582.73207309212,18695.851065352268,14476.227418073864,17642.883655720743,8546.247709202828,12978.631575335661,12949.498475123317,13528.016303158962,8586.315081019871,10745.23191654544,11827.05294874125
15105.254721384339,15761.038993864575,10989.508337759034,10525.682680885133,11753.489733561288,19747.814604221614,11699.497059330548,15125.592491506955,13012.600693213608,15072.589340914215,13693.843003456692,16626.915818588866,8354.791093640139,12970.337945835774,17681.060402936473,18344.511914267532,14476.227418073864,17642.883655720743,8111.9124326921155,12044.91450424031,12949.498475123317,13528.016303158962,8241.046058727734,10175.047924593411,11405.96318264421
15105.254721384339,15761.038993864575,10989.508337759034,10525.682680885133,11753.489733561288,19031.305228102516,11699.497059330548,15066.138365371884,13012.600693213608,14761.312835310338,13693.843003456692,16326.144272322264,8354.791093640139,12970.337945835774,17681.060402936473,17894.10798350055,14476.227418073864,17167.735715218223,7159.454980506496,11773.662654425698,12949.498475123317,13528.016303158962,8230.994074857255,9427.935408408637,11334.145209367809
15105.254721384339,15761.038993864575,10556.480005123609,10525.682680885133,11753.489733561288,18579.680075734133,10777.539971663653,14589.208468234818,12604.353771820253,14761.312835310338,13693.843003456692,15894.862739733362,8354.791093640139,12970.337945835774,17681.060402936473,17894.10798350055,14394.795511103719,17167.735715218223,7159.454980506496,11688.79651446574,12730.738400041599,13365.723571992072,7424.878476745835,9427.935408408637,11334.145209367809
15105.254721384339,15761.038993864575,10385.075030075743,10525.682680885133,11753.489733561288,18579.680075734133,10777.539971663653,13708.45039175405,12604.353771820253,14288.434463121659,13693.843003456692,15781.983439304226,8354.791093640139,12970.337945835774,17440.545035646304,17894.10798350055,14341.576548578298,16907.126775973873,6062.261698565511,11688.79651446574,12730.738400041599,12458.677726351507,6789.039111508617,9416.813715037228,11334.145209367809
14617.721786867416,15479.068027546207,9477.121950033834,9243.940237761366,11753.489733561288,18108.30604994448,10777.539971663653,13708.45039175405,12604.353771820253,13597.935274204425,12503.079319553552,15147.585139855728,8354.791093640139,12962.670380134557,17427.022210557207,17490.136624318526,14332.693118893221,16713.05373595629,6062.261698565511,11447.808767747356,12536.51419573354,11599.51660542818,6516.909866438757,9413.436433817056,11334.145209367809
14169.360576233354,15127.25601225927,9477.121950033834,8541.803102127466,11753.489733561288,18108.30604994448,10777.539971663653,13708.45039175405,12604.353771820253,13597.935274204425,12276.35402524738,15147.585139855728,8354.791093640139,12962.670380134557,16659.37123194092,17490.136624318526,13325.090456451293,16713.05373595629,6062.261698565511,11075.537363436535,12536.51419573354,11599.51660542818,6516.909866438757,9394.51213198356,11145.730532705573
13807.315065368999,15127.25601225927,9477.121950033834,8375.304931540479,11753.489733561288,17824.46961782026,10777.539971663653,13708.45039175405,12294.661670785455,13597.935274204425,12122.419591249065,14150.608174169258,8354.791093640139,12485.73225603997,15830.92590132646,16489.906369727854,13325.090456451293,16713.05373595629,6062.261698565511,11075.537363436535,12536.51419573354,11571.164408088644,6516.909866438757,9288.723644636477,10901.601428554859
13807.315065368999,13883.293766824652,9477.121950033834,8189.530412355118,11753.489733561288,17824.46961782026,10337.85447487902,13708.45039175405,11718.802974269267,13597.935274204425,12122.419591249065,14150.608174169258,7353.5584386196715,12282.81665371211,15231.23513816349,16489.906369727854,12859.607055846369,15649.801482173989,6062.261698565511,10931.464691167595,12536.51419573354,11571.164408088644,6334.0802712476725,8534.379096043456,10901.601428554859
13317.392896624282,13883.293766824652,9139.139680610606,7901.135527581522,11753.489733561288,16822.550618275687,10202.042165332765,13708.45039175405,11529.00749838891,13597.935274204425,12122.419591249065,13731.491869221521,7353.5584386196715,12008.322051263738,15231.23513816349,16489.906369727854,12174.836887567766,15522.021725230501,6062.261698565511,10460.086851428103,12536.51419573354,10756.979942507416,5956.082271574669,8534.379096043456,10842.117212830311
13104.135085294733,13883.293766824652,8248.082884221112,7606.597785994491,11753.489733561288,16719.816582904463,10202.042165332765,13708.45039175405,11223.027942008557,13352.769574512487,12122.419591249065,13435.853586348654,7258.827439203553,11830.698750235795,15231.23513816349,16489.906369727854,12174.836887567766,15522.021725230501,5538.937984377044,10460.086851428103,11941.479532231544,10756.979942507416,5694.519200762792,8257.524749535347,10842.117212830311
13081.898832724451,13857.09023304121,8248.082884221112,7074.14533428182,11753.489733561288,16387.210082345006,10202.042165332765,13708.45039175405,11067.431412631344,13352.769574512487,12122.419591249065,13435.853586348654,6231.317657433596,11016.637918411332,15231.23513816349,16489.906369727854,12174.836887567766,15522.021725230501,5090.03855732263,10460.086851428103,11941.479532231544,10610.022793808395,5562.988631267668,8257.524749535347,10842.117212830311
13081.898832724451,13282.186713223091,8248.082884221112,6816.876057071291,11753.489733561288,15813.628011547313,10202.042165332765,13708.45039175405,10833.612401207949,13352.769574512487,11846.000797091598,12634.856773618223,5938.031324438569,10755.013779677141,15231.23513816349,16103.379805606157,11732.675180349168,15522.021725230501,5086.452185908369,10002.353533869886,11358.20767126888,9919.704896713352,5238.946731542252,7741.306428604796,10842.117212830311
12827.53472538149,13282.186713223091,8248.082884221112,6789.971904320366,11753.489733561288,14636.594368843653,9970.090384855204,13708.45039175405,10124.335178192952,13352.769574512487,11779.216652012921,12634.856773618223,5938.031324438569,10755.013779677141,14584.600175007337,16103.379805606157,11694.583674180874,14950.87180272249,4996.015876934645,10002.353533869886,11029.829089489755,9787.977309839014,4679.205631420795,7476.420367363346,10842.117212830311
12827.53472538149,11555.592251909336,8248.082884221112,6349.090891961307,11753.489733561288,14636.594368843653,9970.090384855204,13178.699417711869,9311.38908697851,12815.202121178394,11779.216652012921,12236.954531497915,5938.031324438569,10323.8542895274,14214.146941358733,16103.379805606157,11491.389180077484,14950.87180272249,4996.015876934645,9839.831173279847,10618.2021549255,9787.977309839014,4679.205631420795,6959.710877988407,10842.117212830311
12827.53472538149,11555.592251909336,7886.600703188073,5829.870512231253,11753.489733561288,14336.095787970371,9970.090384855204,13178.699417711869,9302.279525430684,12562.43200669355,11543.36122595609,11492.589549074415,5938.031324438569,10323.8542895274,14214.146941358733,16103.379805606157,10550.057566125543,14950.87180272249,4940.310237739723,9619.091825125033,10435.527701412986,9787.977309839014,4679.205631420795,6864.058803294429,10677.468282102684
12459.237347592647,11555.592251909336,7761.356411555411,5732.20190026387,11563.19073408351,14336.095787970371,9970.090384855204,12644.206015731157,9084.838630912884,12562.43200669355,11503.30233533799,11230.378804622247,5938.031324438569,9864.688688566624,14214.146941358733,15921.218662434589,10399.993997621565,14915.099170819856,4497.596388063757,9542.996701560834,10183.718494529727,9616.89792516677,4640.0725650721215,6864.058803294429,10494.788093772291
12459.237347592647,11418.985698275286,7558.849884194919,5387.122028363883,11373.058227251826,14336.095787970371,9970.090384855204,12170.56343352584,8755.90591086269,11740.400674046115,11503.30233533799,10697.217867318279,5938.031324438569,9106.946091913604,14214.146941358733,15921.218662434589,10347.15452825098,14864.400830170991,3735.3535800591926,9362.202450098986,10085.762659389235,9464.980684028975,4544.969903525307,6599.59859853104,9967.639973151061
12342.084470657112,11418.985698275286,7533.52249183294,4994.262312157989,11373.058227251826,14051.594147536944,9946.96898103504,10672.032934794865,8554.193216356354,11740.400674046115,11086.34806290394,10286.410194100317,5938.031324438569,9002.355780211874,14214.146941358733,15921.218662434589,10347.15452825098,14297.312133795851,3735.3535800591926,9179.565046700416,9688.025213643916,9368.638081943165,4281.804843754406,6474.275373841912,9798.16507500536
11720.731629254238,11418.985698275286,7448.484939802853,4783.585503107759,11250.472260924136,14051.594147536944,9928.653209301352,10672.032934794865,8357.01534481872,11225.550590771003,11057.90633043489,9823.951116290831,5938.031324438569,9002.355780211874,13368.25868049543,15561.765958748372,9898.283850311956,14297.312133795851,3735.3535800591926,9097.444622221417,9688.025213643916,9368.638081943165,4277.473733439227,6293.77407093138,9798.16507500536
11584.157749988506,11418.985698275286,6947.0222462920065,4341.675818200674,10631.722920222484,14008.661402832491,9802.165750793632,10672.032934794865,8230.205979022976,11225.550590771003,10586.054161673826,9498.113135807253,5938.031324438569,8650.032854484474,13120.9015489944,15561.765958748372,9792.997685027978,14297.312133795851,3275.046149485461,9097.444622221417,9620.19817009804,9164.025641296896,4183.0363264318,6007.699762661643,9594.92484779346
11100.12281232782,11418.985698275286,6869.305315190926,3891.5316944638325,10411.48679247277,13430.891151631877,9399.839076823147,10672.032934794865,7720.97679935499,11225.550590771003,10507.503731722423,9389.837262563917,5920.666996656328,8513.978550209154,13120.9015489944,15561.765958748372,9792.997685027978,14297.312133795851,3275.046149485461,8784.377989634006,9620.19817009804,9164.025641296896,4183.0363264318,5737.040960696402,9408.80002367877
11100.12281232782,11418.985698275286,6003.2603957228275,3815.3938708813002,10411.48679247277,13430.891151631877,9189.666684209624,10672.032934794865,7626.754531419923,11225.550590771003,10507.503731722423,9281.194770902555,5478.191207773962,8406.929587714585,12458.680366267676,15561.765958748372,9583.820341182778,14297.312133795851,3228.0512277859452,8492.85774078405,9620.19817009804,9164.025641296896,4183.0363264318,5713.271729914544,9263.551642714374
10512.225465561492,11411.278251459513,5972.558320412572,3703.7199614842248,10411.48679247277,13196.117609743884,9120.475411272288,10672.032934794865,7399.897020932134,11091.427198642887,9813.077859941208,9134.93824141135,5478.191207773962,8208.058638930073,12458.680366267676,15561.765958748372,9583.820341182778,14251.334938232969,3228.0512277859452,8347.984656998087,9620.19817009804,8818.959948263451,4036.9636525053284,5554.755835060816,9132.233295398313
10512.225465561492,11411.278251459513,5561.145600614611,3434.490295583484,9904.889002411415,13187.957712148585,8798.747527492538,10667.177032491287,7339.592235746961,10938.756832010127,9623.366682717351,8857.630527704001,5065.3700778476705,7784.273241805029,12458.680366267676,15561.765958748372,9583.820341182778,14178.557010908393,3163.034918571524,8068.660476074874,9620.19817009804,8709.870622055962,3688.9489567387427,5554.755835060816,8655.525241659663
10432.578119151181,11411.278251459513,5295.700008089079,3424.927107918862,9618.607600498908,12828.213797224937,8641.676746592326,9914.470045700327,7308.587561595465,10938.756832010127,9400.9399330921,8857.630527704001,4959.283939326051,7719.682248462857,12347.392705693968,15561.765958748372,9188.776299934565,13922.104884857075,2581.5862788857703,7784.958537795836,9620.19817009804,8406.93579593124,3489.4862679692887,5554.755835060816,8655.525241659663
10325.9712678914,11411.278251459513,5188.517010785465,3250.763216745676,9618.607600498908,12654.090837086085,8388.710230381279,9914.470045700327,7199.522686134587,10938.756832010127,9136.408437804974,8539.683441846617,3880.14662366586,7641.211540694727,12347.392705693968,15561.765958748372,8832.435026220533,13671.843666675537,2129.4777365220143,7784.958537795836,9569.437585707987,8381.459485254447,3446.1715444326546,5554.755835060816,8453.871983257086
10135.261010872666,11411.278251459513,5188.517010785465,3047.2578550166945,9618.607600498908,12465.397010795947,8196.071904178127,9914.470045700327,7083.976835524256,10768.448282922065,8849.983233161314,8259.029372374469,3845.2288272950973,7305.882229094677,12246.602295027202,15561.765958748372,8682.701121184582,13378.239552495037,1819.2709880548937,7688.7708969720625,9457.256062249857,8151.465776297089,3371.299222718517,5290.378325606282,8057.882742874943
9226.379779153656,11193.159325963516,5188.517010785465,2879.0731949378896,9618.607600498908,12352.746026985315,7763.794905689996,9840.155249316427,7008.845310236902,10675.37961383654,8703.987539078298,8023.136345529521,3519.2250493400934,7092.836326875768,11342.007581717815,15561.765958748372,8494.401196651772,13052.94985786299,1819.2709880548937,7688.7708969720625,9179.618174905125,8151.465776297089,3186.986662655014,5113.405310490154,7870.317899870475
9210.069574041903,11193.159325963516,5188.517010785465,2816.1158796005693,9618.607600498908,12274.052702614885,7700.274233474862,9593.84043082381,6812.713016163078,10246.456867148012,8703.987539078298,7840.578921321852,3317.4177381198024,7092.44113352205,10808.62878968543,15519.16871787555,8182.068163812488,12930.576301916266,1789.6346204473302,7522.11292074903,9079.624825743806,8151.465776297089,3174.162741205342,5017.277850386767,7802.457109802155
9210.069574041903,10613.820795638458,5175.767424427067,2730.6444006614547,9618.607600498908,11976.962716408303,7411.422256255872,9593.84043082381,6568.658459879734,10246.456867148012,8419.823672648272,7799.811170786183,3317.4177381198024,7092.44113352205,10808.62878968543,15431.10988817037,8017.336428875962,12713.637253076035,1522.8288924226072,7512.4415004749535,8893.112505677316,8151.465776297089,3129.862698267272,4841.868080426953,7802.457109802155
8987.426011124953,10583.343388678797,4749.478704062443,2616.783107247851,9511.347414597105,11746.13585004364,7267.055163987425,9496.434650646945,6553.605324885662,10182.17335084,8419.823672648272,7799.811170786183,3248.169122578067,6742.163341908563,10622.325706331678,15322.82276240638,7663.953958612823,12436.992315526364,1230.1838646915785,7504.308931289743,8881.850332027789,8042.4487132433205,3010.0631260017035,4550.397881430727,7556.520598906951
8987.426011124953,10205.514534709313,4424.358532210979,2502.2202511240175,9093.350498758504,11655.617320141686,7047.688171541835,9371.283568860323,6243.15405758252,10166.951443954385,8136.338702261899,7495.535250988658,2889.4242666416612,6438.725159043381,10513.575329561696,15289.315527674167,7597.35077103816,12422.65640746109,983.2674880460763,7446.477517416577,8881.850332027789,7879.83448361911,2965.067411666554,4304.56584082426,7101.00399243908
8929.451502482414,10205.514534709313,4270.833798555861,2390.906559208306,9093.350498758504,11528.932377912177,6676.652212791807,8987.485158760115,6083.208967699677,10136.334999247665,8034.352993012013,7061.499071586266,2305.632184823291,6224.962082231206,9935.669034739702,15284.560878473181,7597.35077103816,12163.822888946852,983.2674880460763,7235.348675690904,8826.46150613227,7412.152559400674,2818.3583073641857,4115.079722382667,7101.00399243908
8702.898295683743,10205.514534709313,3913.1834607207347,2287.6168492641445,9093.350498758504,11245.82237835418,6502.702137622022,8984.762696612393,6004.020314034664,10136.334999247665,7979.523996523312,6900.365098922921,1940.7359551967966,5857.568084560531,9691.940151672796,14763.076567031647,7597.35077103816,11730.884488616488,827.6525490720451,7210.014263721343,8686.977064518287,7199.238221178704,2570.991848656726,4115.079722382667,7101.00399243908
8525.104038894962,9848.281387931718,3811.102619301142,2164.9776832059506,9060.215846730833,10763.43738545521,6226.538186933496,8852.08045359586,5942.901010018781,10055.034635720374,7738.799885346154,6900.365098922921,1920.5039103664749,5635.658972709993,9055.358212499843,14763.076567031647,7299.409550188182,11730.884488616488,776.3007939340314,7058.890909588496,8686.977064518287,7104.516554568654,2549.8621274066027,4115.079722382667,7101.00399243908
8252.892176206464,9654.613302992708,3759.871832687444,1988.2672696361406,9060.215846730833,10738.869884886131,5942.165013792808,8680.251576012874,5779.860642029329,9871.27406794246,7659.131612035169,6889.097070674514,1920.5039103664749,5519.350292698931,8813.866168735789,14580.254561494832,7190.743185470354,11498.941257427334,431.2022997079912,6989.009969207065,8578.82738857693,7104.516554568654,2391.2360025948947,4049.0849832327367,7101.00399243908
8113.586879299808,9521.499257498443,3572.6147882386285,1869.3594990212368,9060.215846730833,10634.416273576568,5684.645303640216,8479.340887230734,5536.5308701903705,9694.379475633425,7567.555088705361,6697.90086252406,1857.5942897204513,5396.780896617885,8540.88234955888,14425.04566176442,6993.6559357165315,11498.941257427334,418.8668463499489,6802.6428379313,8538.84938921246,6907.808169726202,2381.1915494739005,4023.980768642854,6990.292369900912
7992.094647737758,9476.03192226139,3450.4085021017236,1763.9563074724647,9060.215846730833,10634.416273576568,5623.444030397521,8413.433734056693,5307.827210839852,9681.518084906907,7217.186604280891,6697.90086252406,1468.4457094166282,5273.060448290424,8349.837416312053,14109.645420859593,6837.879494067245,11353.261650187476,418.8668463499489,6453.027815610803,8389.024991710903,6890.887268538478,2302.9015273945843,3945.9172878728496,6990.292369900912
7918.8979217030355,9359.96451547517,3423.3811311547033,1756.8660709215837,9060.215846730833,10505.543279080295,5443.3020042563,8185.360444527745,5100.868433796022,9451.341862679546,7176.697209064492,6697.90086252406,1377.831082548335,5178.632398930044,8213.858130205299,13973.536751573181,6598.9613862366095,11148.454557209632,336.9693060733043,6338.5694836104885,8213.887395457634,6661.966019521082,2182.3122193969175,3901.0057587492265,6938.505204553316
7697.157088772132,9048.729329760834,3423.3811311547033,1666.6968613258068,8961.946611080071,10327.612990180427,5283.345040088607,7965.820216574233,4958.548875341163,9451.341862679546,7136.06288677916,6659.865355774004,1289.4702660265248,5006.468143214348,8097.087600936997,13597.515179746188,6481.404785268918,11148.454557209632,229.3298167571993,6245.118723068903,8129.3946229638605,6652.738773077777,2026.0020138370382,3803.1736465382055,6686.572245995281
7642.463064053933,9016.144907562026,3423.3811311547033,1579.1617085536927,8713.173562035605,10135.219603056496,5163.116294064661,7894.062673440305,4905.005486113907,9451.341862679546,6816.811408020898,6599.9825750163145,1157.637931333731,4907.975334289513,7596.035509507325,13481.98502618989,6463.067289048828,11082.80015312681,158.48628268651373,6177.282723880533,8086.418742569083,6536.705239578492,1998.2210689671701,3499.5681619661045,6675.281123131281
7642.463064053933,8953.480739146333,3423.3811311547033,1473.0639296527443,8697.752034280187,10061.01460349124,5126.142438407944,7629.600307794768,4749.925549552354,9322.322623698245,6629.452087555874,6574.00572477762,1157.637931333731,4758.710965657439,7512.913000209854,13481.98502618989,6302.820508296187,10984.668788879193,-26.154325110248465,6157.514735833363,7772.521135893687,6410.06188402362,1998.2210689671701,3335.7109033334564,6576.874962382062
7465.118600461028,8780.598645227481,3400.343511760504,1325.8588344631353,8610.762325366712,9989.859004241152,4972.167716661737,7551.334906226621,4713.7936036560495,9198.705235110174,6544.857175849342,6394.53605060422,1105.3006592937963,4674.023220541218,7287.3990748165015,13481.98502618989,6270.673402503708,10754.073985284125,-115.25802081653092,6157.514735833363,7626.047483510803,6271.9317100592525,1883.9129694738367,3242.6445621803505,6390.792442307022
7385.076748221953,8690.258806100486,3400.343511760504,1239.8378961329581,8216.512393263372,9793.162024223922,4816.335437480622,7452.169637070387,4508.71927278689,8978.414643369077,6375.546756180578,6127.515797483757,919.7158139283565,4568.092405280644,7222.262600361821,13373.504341790762,6270.673402503708,10723.098142488237,-279.16462435069116,6157.514735833363,7529.131852468257,6117.4959825037295,1832.6705800273703,3182.695455442845,6376.3970902910005
7319.178489148078,8608.81503262368,3241.471320227982,1148.1860579437707,7827.236532665789,9671.392724766112,4672.503665645658,7452.169637070387,4469.449830983336,8881.08562098346,6375.546756180578,5925.201239826689,791.0503034023786,4444.999075725151,6954.496921705715,13222.745265092926,6189.418970692277,10607.323080310493,-371.8789408688026,6083.46482939741,7442.349684053821,6026.6660556266215,1738.3623350348425,3177.7484331293163,6289.028897017648
7266.897693050851,8445.430215162203,3186.547205717623,1030.445001702763,7655.99320690443,9631.128459263295,4588.209173737734,7336.669328280914,4411.00831548946,8880.023578828746,6268.69052156245,5880.387461706763,791.0503034023786,4319.418200149499,6610.67116142864,13193.990311853653,6044.94790357571,10548.962830077526,-480.1846219468862,5962.790603311769,7325.183912060362,5884.701908531715,1584.2706224033245,3046.981398683907,6139.368557871378
7148.833347518237,8445.430215162203,3139.060888309512,912.925690213975,7434.219368664395,9442.257058715659,4485.584897872162,7336.669328280914,4302.654878091867,8671.382638354495,6191.322358105965,5754.264600157956,788.4202950046238,4179.033887329904,6610.67116142864,13173.964849514778,5929.237191272878,10460.531326991237,-541.7750832239108,5892.269383494277,7123.115811043659,5792.753167438961,1503.3898003421637,2946.6654041928196,6122.788905330533
6951.59914954078,8384.577605469261,3103.2328504472825,841.5882359891984,7339.0846377315465,9409.382905005965,4368.527903344126,7160.5980480118305,4184.690999510021,8527.811969126029,6111.647549993504,5690.049737129993,771.9245885898199,4149.016519293378,6610.67116142864,12997.273638700932,5782.700375884568,10451.211444121669,-604.5047166602671,5892.269383494277,7001.998796735577,5646.175081606918,1442.8769287991745,2876.086213695715,6069.376884266785
6802.9127461794415,8171.293972818523,3078.5996265608046,753.8167551763108,7283.138333460287,9330.830832692598,4307.872374383311,7051.97098856113,4077.1432724400365,8470.389549885775,6072.158802838829,5631.532553702309,644.5694694280028,4092.5027881819115,6610.67116142864,12973.059672168882,5621.04327851344,10340.208282133179,-675.385398048129,5799.858155092799,6954.927058892965,5607.207951786288,1434.7439030703608,2876.086213695715,5923.104074745112
6739.971345845654,8171.293972818523,3076.9826088182454,708.2597751674984,7265.747612828054,9217.686845144337,4239.985794560613,7051.97098856113,3997.7494664644328,8327.116638001207,5941.888138365401,5561.571880576143,591.0928002752698,4030.3532439818227,6610.67116142864,12807.635526518934,5559.583084304104,10311.48454108042,-790.4645209496084,5692.43168424334,6889.821375151092,5492.369755249099,1363.2062712992993,2744.3865145305826,5854.894103161532
6664.739732708214,8121.304021001153,3010.4754199470553,641.6190694453908,7122.037843057107,9068.47796375319,4232.241695314369,6965.449373247255,3958.2158310598097,8211.039251145121,5851.433180868982,5493.905019611499,346.12604397619725,3849.5303231158105,6610.67116142864,12628.430750972897,5391.679655889391,10311.48454108042,-963.446804566709,5601.751159181156,6787.608082899133,5321.807852533551,1259.8336891884246,2744.3865145305826,5815.538862330308
6615.091081195082,8067.598075254908,2852.386750587226,576.2203670917661,6989.529508792482,8944.940222925303,4149.30539119224,6956.606573919642,3868.002379680016,8147.634321814396,5846.556427372219,5470.989293778279,346.12604397619725,3755.251898126029,6573.273117055782,12389.240785383128,5244.239685235581,10175.689134844477,-1013.4482532273469,5485.884356365197,6712.8133203745965,5208.373300089588,1208.8031534127003,2735.2054403311995,5754.424028582689
6501.742930173066,7989.397603714118,2827.8580086910442,533.3607811627662,6836.927736879479,8870.471973866799,3975.5065047684257,6761.021232081883,3746.7008168827524,8102.416029606473,5803.359619632138,5270.711425918853,299.78157207532786,3704.1867836047386,6485.252434103604,12230.67716434259,5129.1709021150455,10075.50984973667,-1051.0292936988335,5388.54493729493,6580.993858983966,5141.644544478979,1172.668942072014,2656.5306078900103,5689.035788040594
6429.514675418723,7917.244884886386,2724.9481218542132,505.79767828247714,6697.297922499078,8751.349304845491,3896.7461214487266,6585.3936696542805,3656.1929512488423,8065.485465762729,5755.855460716448,5204.129394698968,154.521055302459,3593.4118813704627,6463.668350869855,12005.935770369324,4984.1300274439345,10015.209724656379,-1116.8091195232846,5257.44138347033,6555.021556318097,5075.624654633051,1086.6194066416138,2542.315429199807,5635.437781503402
6313.280996390815,7822.18985493284,2619.156669590011,476.2849846267709,6612.604947665714,8639.565510032793,3798.4779183277496,6506.80503132927,3620.9395702065667,7943.954478774016,5674.438227951563,5043.195165512334,74.65166226157453,3537.9180853717116,6175.888134729925,11797.397755747512,4791.959561384363,10011.552429522468,-1151.057144598155,5150.681832606206,6451.913838378248,4910.854412990484,1059.7792827109515,2482.782966725892,5547.934286136668
6207.871030531227,7694.190864856391,2545.887562555821,405.46794115639204,6439.571196509831,8582.289968742567,3752.7830612039907,6407.14582828436,3543.2140266866336,7895.2193688844345,5562.368351927726,4967.099164864361,-58.647022906043276,3441.443267891591,6126.335117518007,11735.586609104816,4764.950883294288,9941.736659836955,-1237.3172983022378,5072.849966928719,6447.871157279835,4896.133519602234,973.1622902313684,2398.3548404206813,5454.279875179942
6193.343463442601,7610.694800500765,2543.3209550577594,361.60025913327263,6401.095851010294,8521.56997862293,3691.5556116940134,6311.036392939575,3507.051073676048,7804.544155429481,5562.368351927726,4899.958528067436,-104.6226565064062,3441.443267891591,6034.414012756359,11672.49998298318,4698.356408241569,9888.49601802708,-1307.387653903912,4972.272029405009,6409.282231179743,4824.348946610655,923.8794674089004,2380.1538521464827,5361.920328679182
6141.254236695488,7538.970008720586,2489.1978215192576,296.55682508150494,6319.953430662012,8483.79936965077,3573.5794010870595,6259.455451411741,3437.5873775681976,7708.375290163836,5510.58911910592,4799.134890329005,-178.68832981369633,3370.3464475501823,5944.462950604648,11577.168127943489,4617.422854006829,9820.39344393219,-1384.285988624346,4913.811006005759,6348.338525681604,4708.4116260182855,872.6506042756737,2323.676014925586,5314.0841659028665
6026.890378983298,7495.79936875173,2400.923357458727,250.79688319495472,6205.459286055608,8462.107418216845,3523.0617873006267,6184.258444338615,3387.4157091370435,7634.564542000444,5419.819500423553,4679.140911960989,-266.44631917569495,3341.4603326006472,5814.3677798026765,11513.796274532477,4473.878895045003,9796.003420037996,-1384.285988624346,4851.439641430035,6294.272788954186,4673.541376848079,851.3569151642587,2259.831998020738,5171.546461756232
5947.1764194408825,7461.380710169353,2353.117249157767,223.5941132703374,6108.643428493604,8426.576677718847,3484.9050078543587,6131.434033008714,3332.951847385768,7602.205436481447,5319.891749942311,4613.6270856556,-454.05174992376124,3299.1146052533004,5663.134297174227,11461.237996545387,4375.721466788673,9725.237092839277,-1459.5058295057243,4725.303144200239,6185.627804657255,4592.155549824383,752.7341388089335,2204.9004716972413,5132.606729073741
5905.231923820131,7427.600668204483,2288.6932039490275,201.06797983057913,6108.643428493604,8357.666661846059,3431.11122456898,6062.514385525079,3314.047304649386,7483.426590783129,5293.689605079366,4487.670760009787,-523.0330170432571,3245.456333802802,5541.853800929071,11320.74691729507,4296.823758283288,9682.040035961509,-1504.0753067224432,4682.275751538422,6140.176870851785,4526.3963569946645,704.132911093584,2147.378416629421,5088.070633261741
5841.293445362804,7349.446482862302,2253.4844827607812,178.36696254470007,6065.35416605803,8309.029064993258,3371.8615179806657,5974.876415943065,3281.3954485502036,7414.900018316395,5259.712810235251,4421.455466893276,-561.8431221247592,3234.321768385904,5453.048649712102,11198.130612484572,4261.967067208694,9587.762795225033,-1587.9742785336566,4629.536794986729,6057.542397839701,4481.396089818372,655.0524522616906,2116.894783697906,4991.513131861604
5791.50155965591,7287.337131290224,2193.0723397684196,101.83589492666215,5998.1537400454035,8184.404222863064,3287.7164668249607,5910.138432741689,3251.227053856157,7371.840796308992,5180.263152377505,4346.793891121313,-569.6056401522583,3205.954128789912,5387.087198111956,11139.105491323957,4201.714516139844,9515.369568823495,-1644.6281877030997,4579.90417417312,6021.986339927527,4373.297597225086,618.3657593255193,2068.1820168735067,4957.301063259227
5686.157962570891,7187.170782446628,2142.6458745419586,79.20260812270135,5961.919602836759,8145.837838725376,3204.601206633997,5787.563959738487,3223.509038777047,7232.085075836447,5113.810828115682,4278.102190767102,-733.8238627978862,3138.4730099027947,5313.2133697586105,11050.279630259782,4133.259035102863,9451.927360316076,-1728.7580223784607,4540.2425326406665,5958.248130523258,4302.439854126773,596.3588765263412,2027.4198656296285,4891.192514469098
5639.0962259770895,7157.910552419824,2100.518996788225,37.8173449413589,5902.682622809669,8115.599960200227,3131.1449633127704,5672.3705688686605,3152.566470715763,7177.901429597769,5043.34292120186,4183.601697963939,-752.6091424994229,3115.6671348059026,5240.05128456861,10941.359718937401,4090.751536553471,9439.569960311761,-1795.6077353551882,4500.215961605405,5878.158666521413,4268.355900204879,551.0768632969557,1982.7503149414479,4844.877271096579
5593.762681221007,7110.897697897752,2035.6978429042429,5.361523368148482,5870.028989463215,8072.290251830265,3034.702273168725,5632.307782819429,3090.8482202168743,7136.894684138977,5016.8506009610865,4134.18809390071,-774.8797639318364,3115.6671348059026,5181.062597310331,10865.589854889142,4019.0848175698266,9363.363434800405,-1880.071403009788,4441.814264089,5847.778060979072,4210.518488243542,549.2897203730681,1944.6877805574113,4782.583166329867
5587.337065873224,7029.990531394906,1984.6459318444831,-34.016565337871725,5837.712372582988,8042.3149862944265,2968.80141713583,5588.777382602755,3039.843236783847,7085.133745272076,4986.735363955864,4080.6226960968415,-842.7923807331681,3095.534231876016,5144.9266541126635,10797.163849132641,3970.833041269252,9301.839826340052,-1925.160687053256,4390.149589883338,5820.053504589625,4178.39966987291,518.7097717796642,1904.5404637145402,4770.039780953943
5515.771398441502,6963.728555896647,1933.773690169328,-64.34824087218294,5809.247967564035,7998.506263001742,2932.8879164919344,5497.510932849451,3014.0876504072658,7031.6557379978185,4954.58418797746,4041.919517039918,-929.8067848043574,3062.904505703271,5089.152743276434,10738.848896700812,3905.25406339053,9298.916549568741,-1970.967638738548,4347.084695978876,5804.48905487579,4129.437212314289,502.5873216315158,1882.5707326308766,4741.0256192506495
5453.1145808632355,6909.467706634496,1899.7888837911378,-96.9579689377133,5775.2657604604465,7937.784347575369,2876.8476392667217,5438.5437727715325,2977.199641189116,7005.939118009963,4930.511397253802,3964.4399804916975,-944.7132926240156,3043.242127436817,5074.83171703972,10616.080624455557,3868.6653957549715,9273.4386988552,-2006.323290938155,4311.769282521389,5759.951408610061,4079.012338859313,476.10289125785494,1865.0738341950637,4715.201058927829
5407.322341531486,6891.070488004087,1862.7623894298085,-122.83022616425296,5725.2263291607815,7857.181112732134,2818.9313815422283,5371.714039734892,2954.091034481906,6950.176566304312,4882.282002133492,3917.4808221228595,-1029.9068936559852,2998.306351807587,5032.842396676504,10582.19555651407,3781.9025432533817,9239.107031940148,-2057.012567977734,4290.212753469372,5693.150271548395,4038.6610875297265,435.3007314460265,1841.4889285743338,4693.866749568246
5357.014477688295,6850.317951041456,1830.1888025476583,-145.15918806088303,5690.10435990242,7827.823450386779,2784.358794582251,5331.547931885856,2913.9729776342065,6911.358685747895,4830.621231949568,3894.6940846744255,-1076.6102501451824,2964.056454070269,4951.926546511379,10536.97986983721,3752.6993719445672,9161.020260331701,-2142.2048933540937,4243.554364033655,5643.680574188344,3973.242908044158,407.5456321956299,1816.6142810385718,4640.520181362168
5327.440249131985,6800.6509353497895,1800.4503413829298,-170.0139915705804,5663.910703561705,7797.202534186057,2766.4905151593193,5304.377554243903,2845.2164789539747,6880.551312811847,4751.72630265577,3853.045172779355,-1093.1445643873012,2933.0161602554217,4893.946953481478,10473.372875695175,3728.440591295046,9153.120534748537,-2193.393371014645,4219.926545510323,5611.914520760794,3893.4147919064053,388.03062289961963,1803.195662102742,4613.7857912877225
5262.234736750521,6730.157464182026,1763.6251054390232,-195.98037514771568,5561.344060493771,7796.905586660025,2752.533957436688,5274.017989182859,2825.6809884756585,6847.7269274080245,4700.789668907542,3798.810726799631,-1151.5399095494504,2931.4005603779515,4861.257304138126,10443.577447050666,3696.81527982805,9091.377184139048,-2221.6042687416557,4187.924375555391,5562.994696091533,3852.0603008178514,362.5743721869803,1789.5475238032232,4591.804311909356
5211.554062527452,6701.370016729597,1715.1977325411863,-221.08731374191848,5523.605338217785,7760.600920729572,2729.133464617844,5219.698394379557,2788.468961826009,6807.650532413754,4661.66114256368,3775.6332747821725,-1199.4606547607764,2910.4562174255916,4795.705184935789,10403.418941593605,3654.0670010591566,9059.566654418792,-2255.297316448261,4140.247500826816,5516.082809184896,3788.239491367327,350.34799562023545,1774.6914132753227,4567.359739493491
5170.48949070627,6654.722628756637,1681.5090219353515,-237.29553704235877,5460.195440214025,7726.916114584732,2682.457854160217,5193.033529250664,2747.7241852607112,6784.7959167949375,4615.34787937544,3746.827485663962,-1262.2717290787477,2853.672408712977,4774.8624028513,10373.046399374642,3606.55984011064,9032.769792596315,-2292.6808200872183,4103.6680232730505,5485.358892996708,3743.3648059903353,327.5846457960215,1732.2665981934915,4518.3486677073815
5143.729937177697,6610.500800529102,1652.3041715190702,-256.8553036388839,5402.176994140522,7684.547913264236,2639.931765732188,5137.711213086652,2715.3913462813,6750.062389230639,4587.195200454567,3706.203755693161,-1321.8762735321143,2823.932691001646,4702.01028729463,10310.308902410576,3565.418122820709,9032.769792596315,-2311.816645185987,4060.582844210825,5446.589149711734,3719.4483584394984,304.224141245606,1720.265320850347,4495.124823744969
5110.156131621501,6563.328473960755,1629.6060712965336,-279.0370776371783,5382.231070667171,7644.626302910103,2617.9482898131973,5066.318269170239,2692.2829755870334,6717.462198527603,4558.620534012247,3652.5828168087173,-1369.3119854732213,2803.7092224035223,4649.604940551042,10274.546464007759,3542.7484824650455,8989.59864109748,-2335.031867750091,4044.7822216111817,5410.310966365985,3685.9690422426575,282.05192139936116,1700.475252048709,4463.288595924241
5084.806670840189,6542.238328203799,1607.322172002845,-294.7531340691712,5325.0145736303675,7600.916878800963,2591.8136132361033,5003.980007357648,2685.4987652658165,6680.807707344036,4529.372546739229,3603.030711161424,-1401.996634636438,2792.7500750711188,4617.713662710237,10246.909705090991,3516.7440217543844,8968.56893520541,-2362.4610597176143,4008.927528461252,5382.292132904309,3651.5120252409106,260.92829962283577,1684.878433585458,4434.118821197808
5040.347902535694,6509.815382219771,1576.6217069041595,-310.6182018147738,5301.080874391933,7569.912002850797,2568.3068733031105,4965.864729160654,2646.842064618613,6643.742847214162,4507.0300626914905,3569.2622070475118,-1447.0095952714837,2752.08200221703,4587.489571522201,10205.421561645846,3458.2771121241094,8949.617012856099,-2396.0379161085366,3971.326978719284,5343.379408348577,3632.6950643628516,254.60180792726896,1663.7808149113625,4412.411357925164
5019.3257450422825,6479.144883482375,1555.382817097685,-325.3623402070516,5261.4953464701175,7541.332399548213,2553.6942742923857,4934.778596742144,2623.147333308807,6618.916215003075,4471.320866437774,3546.9337234308987,-1533.0304149101503,2714.9607691932615,4516.212556513194,10156.989088705399,3437.4494748538273,8922.503676924687,-2414.4748141088057,3948.725103026991,5315.3299825175345,3608.6819650913094,227.68782519766683,1644.7584555708454,4386.234619517301
4996.177561929042,6448.688242888136,1531.7026540784573,-340.359004076352,5217.849847114761,7530.276481615598,2529.4113751307523,4887.893984403381,2607.4811062450244,6566.7124474013835,4452.675912546998,3519.3823702515583,-1545.6318646630752,2681.148121528029,4471.8417885021845,10114.5243149679,3404.546049187673,8904.00069924895,-2430.611279100209,3904.143812215596,5294.22480307793,3598.1052699911306,206.04991748202883,1630.2419058981613,4370.336937214495
4964.9953492837885,6442.735823541509,1514.8999132767422,-351.96045163880626,5177.065557195339,7509.981571699413,2503.9956613984614,4848.063089179064,2583.0831093341694,6535.93202919051,4438.699823633389,3491.510118076243,-1576.8681562231359,2664.7766957830027,4429.518113744969,10098.984373482017,3375.733737045084,8886.849268172671,-2461.886259269595,3879.666638626484,5271.048701005529,3548.4179442642417,200.88658024454344,1617.5505091152008,4350.709721755527
4940.378042920587,6427.233260462541,1505.0899907858766,-367.2542409761154,5158.375171434651,7497.101444760738,2469.661548550801,4811.143940006303,2563.2446599743926,6503.464654917392,4425.244958647265,3454.269995247443,-1618.9659412487745,2649.0722562138108,4410.187978491791,10045.713807129396,3348.5545683198798,8849.642291977223,-2482.9623139679534,3852.8141049000988,5252.392663124483,3511.852362860074,175.85094032161578,1598.950275715746,4333.7400548341175
4917.714449673542,6412.3434429698245,1487.0961235232026,-389.27881573312334,5126.773259598805,7477.1465164093315,2455.274750694538,4797.158150248193,2544.8325667636454,6483.414264953673,4405.944280637399,3439.0740175872997,-1631.1179521543527,2632.269319884035,4393.024371155618,10018.80476811366,3316.6353117960607,8827.546860683913,-2509.238041691715,3828.4322650800023,5233.6725373935915,3487.6837078571043,155.08823181850312,1584.9977752521954,4314.197725210259
4891.289775591846,6383.102826149407,1464.1272989292265,-402.0550891190869,5098.477481993323,7462.108162089913,2442.7225773832834,4777.529302327137,2533.0999361152644,6457.826110257745,4387.8664756886865,3416.349098271967,-1671.861505473964,2618.492738092653,4369.8340776117475,9988.732580451819,3293.327556286975,8804.592718359934,-2527.0883160508965,3797.1753168937357,5214.990017729106,3464.548399262945,137.0891292340675,1575.3955472850066,4296.306867160827
4863.779415374964,6358.263675848022,1446.7673232257948,-416.4481465727149,5083.914695910804,7445.760265387144,2417.22203497211,4756.588029615785,2513.5360458723735,6433.62241740006,4376.338937403525,3392.8805654199896,-1677.7701732903297,2599.831285000393,4355.42148755864,9958.598513883982,3267.0563511703876,8790.147969601821,-2539.8602063033613,3778.694206143853,5195.492970120751,3444.815005643002,126.84479842039582,1563.910859909971,4284.200450471537
4844.945734614608,6333.997563329613,1429.5448983371462,-433.3488592220383,5053.376742582623,7430.429693426566,2382.728259904463,4729.073232442206,2497.7496059725163,6418.325013884918,4356.680671660761,3340.5919354249854,-1691.1339401538935,2593.5360063468906,4319.672454829444,9936.836146019617,3234.6708819545893,8773.416395245149,-2553.960623795545,3766.8722731641683,5178.7198232982555,3410.061883092865,105.10387884364172,1547.9634987932586,4268.442696257007
4806.535498391735,6305.984120664885,1419.3165888518197,-446.7779749532201,5025.527126101319,7415.4306357859605,2368.554796738368,4679.427567475897,2486.624445972695,6394.477514977538,4348.0111359972,3312.9407730479506,-1722.6929076726665,2579.8909815327206,4286.891602502314,9905.802343614108,3222.9632533232725,8748.456908836015,-2572.9926566507056,3754.3568874919292,5157.971195794853,3386.96086711307,92.35399119659996,1537.5732163983193,4251.253597317496
4781.44871224941,6292.83229499439,1398.535616893947,-457.89498870028183,5009.389694967074,7400.969101559429,2350.6392997535368,4641.492231011034,2469.64201702681,6383.148057647675,4326.1231164424025,3294.3319239719276,-1747.6430256396561,2565.9769255814826,4253.36545010093,9888.339456873451,3196.8021119003533,8733.10108389124,-2595.4496689820517,3737.0103218730583,5142.279760300349,3359.8455502425277,78.63680202927935,1522.0074026023867,4234.527913125348
4760.763050355214,6267.121467268844,1390.0578035509388,-469.24826625955757,4980.23640923253,7388.512057497814,2331.201527478792,4607.924472704333,2454.642720038435,6364.3786192689,4307.208167967881,3275.8698136844905,-1758.1909326629102,2544.6349953004246,4232.022972550738,9854.425845423575,3177.7924703042445,8719.654140883024,-2617.871610257549,3721.681680816073,5129.036311581804,3339.975685753794,62.64115148696146,1511.5223458708278,4215.667599931374
4743.704492568671,6251.821195460463,1374.0137181386453,-483.2329586822889,4954.443126637212,7376.158433996687,2307.209069066579,4585.441899304482,2439.0218136737894,6337.936384111272,4301.220038214255,3266.209712107695,-1773.103155338009,2531.702620823926,4216.545843581473,9831.774299701727,3169.122422582899,8718.161729387619,-2628.773280988171,3714.9119219505155,5112.793356229857,3322.786121556128,53.23300894739805,1494.5386916484058,4198.603500006466
4726.569040555936,6220.749439247949,1355.328771214794,-490.7880518552629,4930.095820487528,7355.542642945518,2286.089246489064,4558.441552269418,2427.8995634812745,6319.045709935504,4289.5161192335145,3240.214382646838,-1794.0026941380493,2513.315573839318,4200.6549943663995,9806.349816889437,3144.247977372892,8693.098256797202,-2648.4840872036584,3702.6364794349283,5101.501922169984,3304.9441352060603,42.796254927976406,1481.382625512444,4184.854296310652
4712.049985329948,6204.2554472025295,1339.2168964178563,-504.94575337335846,4911.114459892939,7344.265653923816,2269.0315272961816,4519.040086174311,2414.242920988996,6302.446506883214,4268.382493862657,3217.5847408280533,-1815.8020110110374,2505.524130653401,4179.005658680042,9778.139610897488,3132.9616855761487,8679.417831047394,-2657.0357657015484,3689.7300219484896,5083.345422001563,3291.241917585612,33.42254050314659,1472.0869693751447,4171.2250599566905
4697.206267378715,6181.6762739216065,1321.4080890926998,-514.3859788712507,4879.864593370206,7332.3509668436745,2251.514009921826,4500.346937808463,2397.4749138047337,6284.501376300424,4255.577685212957,3195.430413969778,-1823.477413323948,2494.0632185239883,4152.934793002205,9761.142061163868,3098.659825377894,8662.904159136742,-2676.161233671781,3673.921101579821,5071.640013687393,3276.4087250694865,20.042605695656675,1462.793406818244,4162.379342370121
4681.57464191605,6169.401852417417,1313.2607541488323,-524.9199651722956,4866.014213814386,7320.571608839782,2233.7390670916284,4483.0208193460785,2389.1241548624675,6257.474627183656,4241.882359641997,3181.2262884537413,-1847.969313771122,2482.724316597909,4128.367556368386,9746.507663762422,3079.216002514302,8649.084663195288,-2688.597939571526,3665.5638181186805,5056.969334122863,3264.4829945187157,6.860126184175897,1453.1827876874886,4153.365362810509
4671.54197394105,6150.089822986141,1304.7627860653374,-532.0775186874525,4861.728101613437,7306.07125337117,2220.0927345744276,4461.645789641552,2366.1873990061868,6242.0660351448605,4231.641644621697,3169.0037254130366,-1876.239002460934,2467.771408355846,4102.932543061375,9713.208988118284,3065.6390752578736,8631.107130098811,-2703.4277764750805,3654.252602654771,5040.188944210306,3248.849831805215,-10.060693542545778,1444.9852622507024,4143.036385349675
4661.893329534105,6133.632013855931,1295.8166235163444,-543.6082782963858,4840.179096452004,7295.370492792259,2210.5646586711664,4443.886547571208,2350.605109386299,6229.638633975665,4222.890506393618,3158.1310910933826,-1886.2421675583028,2461.1556477631093,4091.9952129256344,9695.427218351164,3050.7650189312917,8624.090992524863,-2710.7529364896764,3635.2869325937427,5030.477616915079,3229.0363735589053,-16.24729986870807,1436.6331331550755,4131.163518100351
4646.1080225340775,6121.367833857184,1287.6132382643336,-553.0691786218013,4828.590992466045,7274.03169924931,2192.3794072993696,4426.507196979801,2337.8750781692797,6214.763754269261,4207.475254600031,3147.618303862255,-1897.258813839304,2460.409815806932,4070.3318640472207,9686.377370570961,3036.627969087225,8617.1166664251,-2724.0757034831477,3624.953833345513,5014.413403185528,3215.531701291584,-25.154218804811535,1428.3473558734477,4119.669491393062
4631.711771958959,6112.466970485126,1278.0117708006583,-557.0615090435822,4807.4951796310415,7262.293191744211,2178.470444882514,4416.989041402587,2328.1350749928606,6205.279749946792,4199.572429229178,3127.932733381931,-1907.9524314114242,2457.102762561306,4059.470199333431,9666.931350515973,3026.862838779489,8608.842333259687,-2743.8695840277433,3619.1547911382513,5001.068092727044,3207.063218621006,-42.408892107334395,1420.2378333363595,4107.21230437894
4620.6684555094835,6096.227010184026,1271.4478661860267,-562.7589927183071,4802.592412601625,7252.412975395724,2169.563796222479,4401.123247015508,2321.9018952963743,6196.923857480986,4187.613855321433,3119.505655775116,-1923.3055743100122,2446.6143411526937,4048.4677129053453,9653.18889043438,3010.820786110635,8596.033814341637,-2752.029382936111,3613.8365056745897,4991.121937041491,3191.467541151658,-51.996789438679116,1413.481063664185,4099.685184321454
4608.006988706751,6077.585065243591,1267.5686282815368,-565.7147060277275,4788.080219506715,7240.310122226641,2153.8846077256967,4383.993433102034,2314.190362444242,6187.175217283759,4180.432606935217,3114.0808161039968,-1931.1745255596907,2433.8065397283863,4025.271026417773,9636.673182274972,2998.696945717151,8583.72178537058,-2758.4014258849493,3607.8515468540936,4982.258620860761,3182.2467293478985,-59.66774195575999,1410.0998127934508,4090.627781870593
4595.52939468831,6068.172937100688,1261.5313804619218,-569.560652866363,4775.504384561078,7222.533735271456,2141.7498441416756,4370.166112175066,2304.258512642431,6173.739722581806,4170.816092428948,3104.414475370846,-1941.7313774926733,2429.830777384137,4001.621852711214,9628.443758597678,2985.152232397333,8577.736057877373,-2768.8190090380085,3600.478326958342,4976.212190112958,3174.1124983387563,-62.27176883997163,1403.8390444054894,4082.488694443222
4581.683113696054,6060.667697913304,1254.459251055152,-572.6677162094784,4763.7193969687505,7211.66880829868,2135.810489424519,4355.962008168186,2297.068088659711,6166.617370832653,4165.401800993815,3094.755752714591,-1955.190471474205,2421.903978347036,3989.1981144171004,9613.806673888568,2979.612431089721,8573.054409952892,-2777.6151853103947,3594.2591444391437,4968.1901653438035,3162.726880131464,-70.20657261188899,1401.8203141391277,4069.698959235844
4570.466878814041,6050.95163691265,1245.6726253429442,-578.621762125018,4752.541024955113,7199.873077122626,2127.4007503682515,4347.305532750157,2291.731540522029,6161.852031252842,4158.053400571283,3084.3938520364172,-1966.704103735443,2408.6835998366005,3973.5477540712163,9604.395545410865,2972.5156471056907,8561.010297973859,-2784.4781882341704,3587.3164803430845,4956.967143960763,3152.2807972197625,-75.96081353397312,1399.472222214361,4060.1172805277747
4560.241536077352,6041.698291813627,1233.773679198188,-584.2595216361078,4743.211634040483,7192.970359960789,2116.601544262201,4332.178396878997,2286.389834217698,6154.6517213952175,4145.957751853421,3074.3331920758865,-1977.376990378063,2400.8153810387375,3958.395879541182,9583.747556756702,2963.8278065896593,8551.328560193178,-2788.3176920105834,3583.8748370083485,4951.93789196133,3145.240698226342,-78.56833522178931,1397.1354444230237,4049.4649472391247
4553.173653331956,6033.497041037117,1225.6292578270513,-591.1595377865233,4736.620920518486,7183.993683997665,2104.7776983830336,4318.058478743413,2276.573512503135,6143.503945163371,4137.835088677617,3065.2159333303352,-1987.2721901982732,2391.018171128926,3948.5359513142685,9573.173569717146,2953.4229239722335,8540.660136638835,-2793.5381847277313,3578.352208720913,4942.668327407824,3136.385097950675,-84.44011693193897,1390.1739716597658,4044.2580948887335
4544.695493859341,6027.78322571233,1221.1956073805122,-594.3184574140323,4727.785163034576,7171.372478708887,2097.320710963417,4303.129352691911,2267.658970373137,6137.781787886357,4133.0903585093765,3057.184544604381,-1999.6717966198776,2382.2889697892097,3932.5832190653455,9560.20360954196,2948.8612439821154,8531.950344194578,-2801.782901276143,3571.7582913485167,4936.547324034298,3131.5490316868236,-86.98172876058379,1388.9575218044556,4039.8549750556194
4538.891543053505,6019.844117105815,1211.783971614277,-599.4243591864943,4718.644431784996,7161.766311979336,2090.5129989616325,4292.216278304055,2262.2602966251798,6126.234468993396,4128.886163306241,3046.494520073982,-2006.8466504967728,2374.608211770399,3921.0125954152827,9548.711478176745,2944.456264003864,8522.32857405283,-2815.069507546308,3566.304309118248,4931.327913703724,3124.5584731219933,-87.96511764141906,1384.4274176850886,4033.6230354129366
4532.256948344475,6012.706693484586,1205.9366996121244,-603.6623608144437,4711.427647300807,7156.905639625889,2082.8341679521327,4281.8708788591175,2256.608477381269,6116.525288880031,4120.123609859482,3043.077033978974,-2019.3528511930344,2367.0902012461665,3913.4008116717087,9540.790252229686,2939.531747781395,8508.611161589593,-2820.2990747315052,3561.99308841685,4924.277620635781,3119.8153889141468,-93.96863094784203,1381.09737186235,4026.7141491202055
4523.181980186382,6008.109877186042,1199.625321736683,-607.9608185208708,4702.138469004152,7148.255237435398,2072.3666878074946,4269.029595843349,2250.3640125335223,6108.008741823236,4115.406546457394,3033.128790432769,-2027.6476775257252,2364.7665419626283,3901.503967598386,9527.077956927205,2931.2763195969383,8503.907565487301,-2826.044577521432,3555.804115882529,4916.065324929121,3114.068408321182,-100.50074892504199,1376.7867144266784,4020.1600510634235
4516.632551005678,5999.996647415952,1194.5053002278073,-611.770754417732,4692.393607170488,7141.170592379829,2065.856638259167,4261.006453139184,2243.5220366178037,6102.885247933758,4109.119554294899,3026.8532947030617,-2041.115972954125,2360.55005685339,3891.435337847157,9520.762068178192,2921.9129731655994,8499.736965283584,-2835.7446659228153,3549.757432257771,4911.829707784025,3107.552227020089,-106.25470186337043,1371.4192493684532,4013.9490123870055
4509.5703550891485,5994.283720562795,1188.2741249197134,-617.4110512313782,4687.040064349785,7134.782876868187,2058.485534026666,4253.618440971601,2240.146420333287,6094.130391378938,4105.002452361339,3020.877712586771,-2048.8212255499457,2355.273111127659,3879.5670433867344,9513.93492690361,2915.1329734175742,8493.595673399133,-2839.6774197654304,3545.2758754297465,4905.818008608869,3101.7609703367707,-110.64559274696512,1369.1628467070914,4012.1163702916674
4501.730217128214,5989.788079992846,1183.4605506241496,-621.7961048474317,4680.410653188199,7129.8554680363595,2052.9449236008004,4250.667234330089,2233.6323862101053,6089.998965260631,4099.606551147641,3016.0546627092626,-2056.5337343085484,2351.2671691208598,3871.143082797411,9508.33624436862,2910.7699969391615,8488.66719309205,-2849.5473838820617,3542.903245466907,4899.122744590444,3095.276657723465,-112.64831047176995,1367.376676149419,4004.2490885821535
4491.918354123089,5982.154423348569,1179.3856879266168,-625.491115581608,4673.903930048829,7124.218512435145,2046.9286836960964,4241.723707841491,2230.6000762591575,6083.966762797041,4093.6168902083737,3010.576767615261,-2061.320507044795,2343.464468530874,3862.207212656933,9496.618567220634,2905.112532428131,8484.653962779943,-2853.6220288187105,3537.3819773308423,4893.952766738141,3086.9852567540947,-117.51473049989727,1366.7472474835886,4001.4851208582695
4487.703309269673,5976.583831638942,1175.7209257875293,-628.3826706356267,4668.745396681508,7120.697091868897,2042.0005455168139,4232.729557794752,2224.4211390126366,6077.367790023782,4088.702642074124,3007.028347769934,-2066.595486455204,2340.441245296308,3855.8654580884686,9486.887986940754,2899.1509769439217,8478.595476866227,-2856.7875347683876,3531.912273652124,4885.745499268058,3080.1137263616693,-124.3266313103959,1364.8633608161108,3994.0039337018316
4483.270911625623,5972.480308055667,1170.8332114202494,-632.0045552060401,4663.809820983675,7113.688741272563,2037.804406116913,4227.726292373525,2219.27243132906,6072.289830099828,4082.4851650622077,3003.1827031349167,-2072.5911749335355,2336.2703556060587,3847.2189478570654,9480.345071704985,2893.945511840262,8473.58254597574,-2859.3194633824533,3528.8868208882923,4881.5465235891825,3075.3250529319484,-129.57120468607172,1362.6505037488314,3990.8607942929884
4477.950827022338,5966.850587907778,1168.1743974159835,-635.2023964411637,4657.773485506368,7109.635245787795,2031.657237880885,4220.010431783987,2214.7471747267336,6068.116063585076,4079.75876032019,2999.7899240297775,-2076.885674695659,2330.9973389570805,3840.930305935559,9470.452497316102,2887.983192978514,8469.236151276462,-2864.8400122692983,3526.1504997919837,4878.580399714505,3070.5297496486237,-134.30757579956844,1362.1794221033488,3986.2992482789923
4472.996752337189,5962.097158055083,1165.0063148356494,-639.4720077277598,4655.259048093489,7106.581988211481,2028.3637030261816,4214.024450179066,2211.3344161266796,6063.309348185605,4075.7141359367015,2995.9053989767417,-2081.695282034445,2329.127174150257,3833.403577736659,9464.656491921494,2883.720525338489,8464.603854169036,-2869.954259491031,3521.1942860217314,4875.5229937194745,3066.4659179286027,-137.45334884699696,1359.378386866054,3983.907043361265
4469.919933320947,5958.256291216319,1162.3695627773996,-642.4464159478448,4649.20287111956,7102.968516215697,2022.0592697252578,4208.344374109598,2205.3262616784923,6057.179501897866,4069.8044516122536,2990.505817149504,-2086.907619828671,2326.665480959069,3826.325128049968,9457.72425284759,2878.4141064102005,8458.364302839233,-2874.934780251431,3519.1617935973773,4870.836052880477,3062.176098267897,-140.39865542449115,1357.9581402315816,3978.604172264968
4465.306450135213,5955.240094030094,1157.8039006753243,-644.9720471678229,4644.440620038535,7098.20747404945,2018.6876768981892,4204.910462847765,2201.5421527718354,6054.0052195073295,4065.6083188256016,2986.495929515935,-2094.203740246252,2322.2078425136715,3820.3703948838593,9451.204560409176,2873.6321423647823,8455.242870381313,-2877.2208173270556,3516.4830553531647,4867.874702068526,3056.4466385297637,-145.1202996825159,1356.0831316087133,3976.348054458118
4460.842635190631,5950.542079327417,1154.7444747985137,-646.772118179586,4640.592069498147,7093.913415867268,2015.2116703385618,4201.936882460257,2198.8177790841582,6050.812501915629,4061.551728147766,2982.5010877129753,-2100.4660693616024,2318.300391524841,3813.631537990157,9445.870572426109,2870.2787708425676,8450.71319693837,-2880.750775484492,3513.941120880285,4864.545535811121,3052.861155245082,-147.0031838933064,1353.2439149325583,3974.145186805181
4458.2732276169845,5946.13071520003,1151.2287555979274,-649.7324196694244,4636.064510556651,7090.7748349739995,2010.7269547856777,4195.671810311993,2195.653656998111,6046.8060747547715,4056.874805621068,2977.5918598078497,-2104.9835675892828,2315.1001449958712,3809.3025941955566,9440.27907082253,2866.548250559572,8447.452540288148,-2884.7227281003143,3511.44209504452,4860.79095973324,3048.9892586435017,-149.4004450355933,1351.5903354019465,3971.3607777397774
4454.164388691068,5939.778226159004,1147.7774201604043,-651.1410041128474,4633.2311970481605,7088.740878866534,2006.667121258928,4190.75844916905,2193.5356778778296,6042.306673518549,4051.406824136262,2976.031027856312,-2108.985017648047,2310.9210533614023,3803.039865347775,9432.558905266917,2864.384899104676,8445.86354856228,-2888.11496401934,3508.3401419054353,4855.607885750105,3046.8022893228626,-151.1794592719598,1348.624845028884,3968.615166498079
4451.1712194826105,5936.949759005547,1145.0569850886968,-654.6036445530626,4629.64048232841,7084.619607571112,2002.7855979118322,4184.599128702175,2191.3200357183887,6039.152513229907,4049.0882882956066,2972.9206804431233,-2112.9238590147506,2308.99744303686,3798.9587532474834,9429.988580349083,2861.88222428046,8443.301972377863,-2891.4688833161345,3505.777338422973,4852.154635954066,3043.114663988483,-152.97238813670265,1346.711030357481,3966.4427605785822
4448.583482554306,5931.968850898207,1141.5853367156597,-656.3549151281986,4624.838448924624,7082.415708626962,2000.141768559166,4179.654702857857,2187.373932573959,6036.027355499769,4044.9867280080725,2970.652285505399,-2116.331557920472,2306.5056857923773,3792.9875371447342,9425.943433122484,2857.633135137381,8440.502970067297,-2893.781517411633,3501.546296441731,4849.958035206604,3038.986319743868,-155.49127621558,1344.6111430952878,3965.255163446098
4445.721417417022,5927.936400860475,1138.7508136965553,-658.0286350735696,4622.5943784673655,7078.541088364844,1995.5818975997536,4172.592639323419,2185.2333114232315,6032.2958058624135,4041.1252187258287,2966.2158785489737,-2119.5035625925666,2304.6408229942754,3787.982458341663,9422.458989147104,2855.680977695396,8437.266722248482,-2897.407609842332,3496.807038369472,4847.315448252259,3038.3547110376603,-157.67375433166308,1343.1543254278004,3962.6539755483245
4441.465836728996,5924.514875593653,1136.8063436641678,-659.1384442538838,4618.717822573504,7076.407556634724,1993.019490611281,4169.767393956594,2182.6701471067718,6028.740967492311,4038.7215847619227,2962.339963093131,-2124.9241412630727,2301.5406997697646,3783.6425528728723,9418.809935370715,2853.9815778674238,8434.501219207428,-2899.6164657223853,3493.358314071862,4844.5690617837245,3035.815557561713,-159.11473695687891,1340.5177088656274,3961.4278522701425
4437.727838412393,5920.957833289693,1134.6961957457388,-660.3314096758186,4614.996499614244,7074.080144636231,1989.4919370270509,4166.941572094787,2180.574017611456,6025.385777921692,4036.3443803715563,2960.855795067786,-2129.4428384218045,2300.2147554706316,3779.2783223315782,9415.352762271505,2850.7340714317834,8431.341484579796,-2902.6344892982524,3491.0899114568747,4842.214976712625,3033.2804142430687,-160.213639417605,1338.5699339673447,3960.191230660428
4434.880552515591,5918.5189550271025,1132.5956987378959,-661.5792594120285,4610.446139660169,7071.1519602523185,1986.8732214603806,4163.871600221981,2178.4811343136535,6021.834417354548,4033.8877755837166,2958.7013700840034,-2133.318506047479,2298.4744807331663,3777.0122766948843,9409.850368686792,2847.7946091505,8430.528769690478,-2905.064050307614,3488.5669675235986,4840.223450257232,3031.294013924249,-162.05714244975388,1337.7972486954677,3958.2397686582553
4431.706273852607,5915.988665169476,1131.0924308172544,-663.478338784822,4608.053868931478,7068.093964790147,1984.800424459434,4159.785547199019,2176.893062868221,6018.802651070298,4032.3810964123477,2954.544183098151,-2137.4659987681807,2294.896191500906,3772.822454477093,9405.631522701515,2845.5060708154633,8427.626883105622,-2907.3709910246107,3485.8860313160767,4838.436066438218,3028.3677192807736,-163.86590735647042,1336.3294006082942,3956.375365256703
4428.365136138782,5913.662380616028,1129.4837351831884,-664.2007685567442,4606.017708146857,7065.551004294779,1982.0941204117262,4154.528460408292,2175.5857126543415,6015.620785267987,4030.0472482773985,2952.1069107570947,-2141.6551293647135,2292.9024171190686,3768.598111020001,9400.878683102434,2843.1371762807103,8427.342328474399,-2910.6592963011935,3484.1153531273885,4836.793237858707,3025.964671469803,-166.82437789769756,1335.3673299834336,3954.952350547668
4424.5915204990015,5911.526819689199,1127.652361673623,-665.7934832741084,4603.000443805351,7063.743096771606,1979.5648639194987,4152.19971240103,2174.0510606036987,6012.722583622584,4028.3556454512072,2949.9274639283103,-2144.9556459512896,2289.353487188797,3764.735406388929,9398.14637597368,2840.5960589022507,8425.832627542739,-2913.7604786517186,3482.5809033674086,4835.112488489634,3023.3732625638004,-167.78343828501966,1334.0973352244473,3953.4341215603126
4421.947056010715,5909.168896043913,1125.50614070164,-667.0323418067637,4601.367679888375,7060.967280225297,1978.007201638764,4149.701793981651,2172.9958930047724,6010.5225923925245,4026.6876647995014,2947.7814799522093,-2148.841105004154,2287.2494160859205,3760.49873359537,9395.432612412442,2837.6746287661663,8424.32612907108,-2916.3087709017564,3481.034214050531,4833.1390833599435,3020.080567365054,-168.86132727253425,1333.5588237942575,3952.0678262301517
4420.295104886063,5907.251832985457,1123.9938666215457,-667.7882896358278,4597.684022865906,7059.315221272023,1975.836195733813,4146.3435798671635,2171.8207110869553,6007.669297326836,4024.6851189407535,2946.2822036899524,-2151.5275495894894,2284.909970993045,3757.505367468759,9393.298059166736,2835.4279984294044,8422.111373198117,-2919.0169932407152,3479.0822226361342,4831.383779272182,3018.0231328252994,-170.35755371968844,1333.4043080430492,3949.4206501162917
4418.467548172455,5905.197713343536,1122.0594786840375,-669.320067698085,4594.618824242076,7057.621284287132,1973.9228753307689,4143.724474588969,2170.478036431843,6005.228693840094,4022.077428449513,2944.462681444267,-2153.0583557683713,2283.1753092113577,3755.224024238618,9391.698774302662,2834.1816351781818,8420.580109363713,-2920.00261747701,3476.7190090020013,4829.801516294181,3016.8904859306713,-171.4564344060127,1332.0347182875485,3948.0397322779536
4416.631948214257,5903.001378366185,1119.9739413405914,-671.0193199383211,4591.950236741723,7054.744598979618,1972.2447925168308,4140.301130626438,2169.566113687557,6003.5499245268,4019.8269052470205,2942.180511342078,-2155.440126959067,2282.5938285298325,3752.6863253733754,9390.325789697206,2831.9556617533817,8419.444262847552,-2921.7433364910903,3475.432508575803,4828.328840379734,3014.1531603994736,-172.75049423742894,1331.0538602163724,3946.6269744536767
4415.186859379173,5900.732502803912,1118.9013617452947,-672.4250391395544,4588.992287137276,7053.524239713581,1970.954315202369,4137.424914358853,2168.229679381737,6001.743424291322,4018.0312357891016,2941.1201098949896,-2157.57059500429,2281.36704912228,3750.825946873345,9387.544975605946,2830.988898519732,8417.702740370063,-2923.656120128995,3474.300953338119,4826.649164874951,3012.7443974840426,-174.99172628664383,1330.476430373703,3944.134116688103
4414.133496582144,5899.029527021521,1117.484058136375,-673.9443607923677,4586.619287755508,7051.344713702798,1969.6845163918697,4133.79129763446,2166.8920565818044,6000.4549861798805,4016.637669999647,2939.443000476371,-2159.6946299469782,2279.7927548966763,3748.1233591706914,9385.465198402533,2828.801853998346,8416.392791104714,-2925.9598016399614,3472.983823452945,4825.537044352779,3010.4007114272026,-176.21702097250818,1330.2331207156385,3942.2365656360053
4412.605271761073,5897.433219535233,1116.3733996759256,-674.820574729165,4584.503361855677,7049.981353406525,1968.092220056591,4131.463936229855,2165.2667530829494,5998.367196801191,4015.162940323731,2937.054838472315,-2161.4305458319795,2278.5052715462516,3746.1176707680643,9383.404984904293,2827.7790746880637,8414.736599671822,-2927.2383623859714,3472.2096987140176,4824.490216809158,3009.364219492534,-177.28602180595044,1329.7415883894428,3940.724108120601
4411.114466334882,5895.817366344199,1115.132612258145,-675.4017413948895,4582.971836095065,7048.9194637376495,1966.3195329358641,4129.126438016552,2164.341928363705,5997.031574257824,4013.6214001855114,2935.384206484414,-2162.7064425080607,2277.5194516602787,3744.0638103439996,9380.76790689434,2826.096587302425,8413.291572913971,-2928.898917972874,3470.3275337172745,4823.38516748268,3008.448076947803,-178.48030600180937,1328.9947294728408,3939.9742329673463
4410.0829904866405,5894.406052568054,1113.2617492667705,-676.1331474875115,4581.117062399782,7047.501856061914,1964.7898632809301,4126.995653558981,2163.7838811048277,5995.351997115809,4011.5858739299,2933.5419679277766,-2164.724107510774,2276.541239579863,3739.5366735262432,9379.046819882926,2824.0326851418504,8411.896554649662,-2929.8504909657495,3469.3169411744457,4822.084803856364,3007.376238653036,-181.0593696096039,1328.844400971895,3939.030951023502
4408.759155861226,5892.679873145382,1111.4892964945684,-677.0907394387687,4579.387565828278,7046.374777784877,1963.2753886807695,4124.596511838288,2162.8867062002028,5994.279664933099,4010.366664287678,2931.6043221839936,-2166.8240928235828,2275.105557371331,3737.549970938213,9376.669898727036,2823.1497426420246,8410.760954405683,-2931.1392098668075,3468.282889152819,4821.023212592772,3006.047603778359,-181.75768984236493,1328.5004528768623,3937.98564145164
4407.726481085447,5891.4843702430735,1109.9510115415032,-677.8418966300378,4578.045903739505,7045.301610957416,1962.4008240653493,4123.395341655138,2162.0371801129295,5992.639509166016,4008.5807448260166,2930.9148678174533,-2168.8535987429495,2273.4683296917865,3735.1606561350345,9374.727891148767,2821.870517057301,8409.30903216762,-2932.644089042369,3467.2971317413685,4819.863129311845,3005.1327676079673,-182.51586749348644,1327.2652873773186,3936.7784620475795
4406.67464966121,5890.2148288844255,1108.7370414214602,-678.7699697403805,4577.459152132193,7043.422348104192,1961.4536524236391,4121.855385186245,2160.8290098465222,5991.35374422968,4007.7268556034032,2929.7108600082793,-2169.9530040234895,2272.5004592877085,3733.435945338417,9372.905121710726,2820.913436793133,8408.529592276536,-2933.951679280588,3465.8405933463364,4819.101908628756,3004.2519993186506,-183.41292539697315,1326.2011057031923,3935.9447518201923
4405.0025981098515,5888.780675396563,1107.7815279126226,-679.5973950952321,4576.410343656615,7042.100848939175,1960.2387793939124,4120.723239219202,2160.3814695900655,5990.026790159587,4006.916674805252,2928.5135844460456,-2171.416618775351,2270.978925710151,3731.8024951060943,9371.128835161777,2819.9599024272175,8407.177011886975,-2935.2843246822304,3464.7761178298024,4818.362392085692,3002.5687750697107,-184.08705131452734,1325.539391727063,3935.1953017528213
4403.496489934463,5888.045585152846,1106.7024427922515,-680.2400137321456,4574.922666331906,7041.346056613249,1959.1068196143824,4119.163540773974,2159.5134861101615,5989.177216755896,4005.7016784049047,2927.2476111558135,-2173.29419163055,2270.1945928258574,3730.285355692933,9369.539907413127,2818.5058333149645,8406.206389224724,-2936.4750582721463,3463.88573302803,4817.76531134775,3001.5709903512034,-184.6668082805263,1325.2671435483644,3934.343108326255
4402.680037202277,5886.711027338293,1105.8201104182735,-680.9429283226345,4574.178152711414,7040.706821506807,1957.8896443448248,4118.015341747239,2158.894681299673,5987.993283144038,4004.492709879676,2926.6510662557994,-2174.4787239673024,2269.2328176948795,3729.2808929234816,9368.908155294223,2817.5981636641154,8405.242671991393,-2937.363345525133,3462.8753848776396,4817.014385315037,3000.2900856384804,-185.57283913499123,1325.0188719173675,3933.5011554855446
4401.87148827123,5885.773966746732,1105.0173553910208,-681.423565403471,4573.560351336957,7039.653455862244,1957.1504082876709,4116.4449692632625,2157.9800200934114,5986.953366515423,4004.05567614187,2925.4760558986745,-2176.023642213666,2268.2452588184096,3728.1373508808756,9367.794402401887,2816.229550412696,8404.148456431212,-2938.3162505136715,3461.915247615958,4816.058785006229,2999.0699440993485,-186.24563330056844,1324.546595443193,3932.696358792673
4401.080015826032,5884.5253866838175,1103.970229001512,-681.8450265196516,4572.966879934742,7039.067003685508,1956.0442324519972,4115.0207148792615,2157.534016982201,5985.964793691834,4003.3066536898405,2924.192487107204,-2176.763091584551,2267.618799428674,3726.740422252864,9365.93785652922,2815.2643309836712,8403.400801712654,-2939.3315957739396,3461.2062257045254,4815.262891540151,2998.7359405353054,-186.64213568129344,1324.1241361674984,3931.5827916429334
4400.156358304172,5883.7615588426925,1102.9355863848104,-682.4542301796027,4571.954986581033,7038.183495935715,1955.4091037507533,4113.849872055995,2156.8857982901536,5985.394612722019,4002.3112539126378,2923.0140395432245,-2177.6377054962795,2266.860253362611,3725.612714994102,9364.983317017897,2814.0609801702885,8402.500504727774,-2940.194265698934,3460.61540040424,4814.67434971637,2998.171378257168,-187.05487909386284,1323.7020749312796,3930.6869658176292
4399.524411638966,5882.988888562228,1102.3199602285022,-683.110686019565,4571.284861927197,7037.581341754441,1954.7231090144633,4112.884911887544,2156.511782982445,5984.202034772352,4001.825428973796,2922.192996708385,-2178.542020192159,2266.210517607389,3724.233329985298,9363.493643781847,2813.064017390083,8401.53655380413,-2940.75223354606,3460.078736886404,4814.177140225838,2997.3394470863277,-187.47019828495104,1323.2207289096987,3929.82744804291
4398.9765948025015,5881.908723934197,1101.9017467547237,-683.5561816136033,4570.3940745274085,7037.038217920766,1954.148752951005,4111.652696038305,2155.87220785104,5983.65866844586,4001.187850457063,2921.672704334829,-2179.482654961139,2265.209495980933,3722.9554300488016,9362.679503016137,2812.248793467603,8400.90515473322,-2941.6225270078066,3459.2600955308444,4813.658447275549,2996.7461410790347,-188.18468069237133,1322.823314672074,3929.143331208841
4398.252418064185,5881.420828477356,1101.261162204486,-684.0694650263613,4569.629345547881,7036.265679828386,1953.6486053892731,4111.076608885589,2155.1698802457104,5983.034727344559,4000.4425778225195,2920.983076307042,-2181.2313285016135,2264.48143559257,3721.4503607509178,9361.662700902387,2811.3446175320205,8400.038907004404,-2942.1661477386297,3458.815212748661,4812.746547429539,2996.0194716828846,-188.69217272924288,1322.2806005967868,3928.217963197618
4397.580071048156,5880.82981671884,1100.6358768335922,-684.5892324661763,4568.768743902925,7035.308203590837,1952.9667622576017,4110.143307302591,2154.6491853744665,5982.301274467987,3999.6578141751816,2920.13064678073,-2181.961460856939,2263.9539677145804,3719.9238489916897,9360.066225569099,2810.657648197259,8399.714092378199,-2942.7915552616832,3458.222292985578,4812.103826301063,2995.2225538485436,-189.27858171922708,1321.9789740992564,3927.790635452584
4396.795740858179,5880.087978809221,1099.9924170542363,-685.0093255867687,4568.037291089822,7034.778438321402,1952.332169646128,4109.173319311667,2154.0926836194267,5981.486972108323,3998.788452239314,2919.4316028223548,-2182.6190022394294,2263.0091777555717,3719.169223953628,9359.021220630282,2809.946318609509,8399.276571233699,-2943.324676176475,3457.6806481114763,4811.416589290478,2994.7672242566987,-190.1691139922259,1321.5264347221164,3927.355870666892
4396.092478211067,5879.291933433291,1099.4429110823112,-685.4125356430013,4567.373051352995,7034.099417995596,1951.736682839568,4108.209104278103,2153.3310328710286,5980.792863225455,3998.2308727462005,2918.9418728817036,-2183.582587424178,2262.6037082716866,3718.3686168514614,9357.891628369689,2809.514680449094,8398.834326652563,-2943.8885278525195,3457.107944765332,4810.547215449653,2994.2145750146883,-190.5578163025857,1321.134351246801,3926.5608218776106
4395.2314494362145,5878.513698114526,1098.7462028825103,-685.6153519219661,4566.357293235451,7033.640579228668,1951.308161087778,4107.034788807905,2152.9631925844733,5980.151866892331,3997.887148816153,2918.2800493100585,-2184.386340625737,2262.193926811575,3717.081759610919,9357.046041109003,2808.5483676220465,8398.54115538171,-2944.2429454308003,3456.676353270246,4810.058418053064,2993.5607207119174,-190.97744388363208,1320.9021248705394,3925.9569334915723
4394.62479547265,5877.83908963795,1098.4992922399688,-685.9074492607979,4565.5839213112195,7032.849055976716,1950.8343812739477,4106.142662477454,2152.650922811881,5979.6066103383055,3997.3313002186915,2917.755822862535,-2184.9884201573877,2261.6154798383723,3716.4463282173674,9355.923023378251,2808.007757903084,8398.038902077744,-2944.5917834116044,3456.3530268212126,4809.658513561473,2993.078585684154,-191.36657242369256,1320.671874944208,3925.5674772793936
4394.139235890165,5877.357605732999,1098.2024179640357,-686.3582734218217,4565.092540450183,7032.42418792456,1950.1783758230886,4105.505926546954,2152.3261526842543,5978.902072806879,3996.849198070129,2917.269700049117,-2185.5426755829903,2261.18040207828,3715.482964235416,9354.819536770694,2807.3355995783786,8397.281038749832,-2944.8652754881477,3455.755095389737,4809.158146862326,2992.6199857279207,-191.937727932469,1320.563584431482,3925.3004525501965
4393.614351582408,5876.711358539607,1097.7886921787285,-686.5747513027018,4564.550221641817,7032.129147132313,1949.9016758833823,4104.570060389713,2151.877933851887,5978.314501070214,3996.444601592826,2916.9644926259352,-2186.0056489807102,2260.7816988158884,3714.448986281808,9354.20489437996,2806.7512742379913,8396.617146080614,-2945.5298110309595,3455.5290109852867,4808.546069761229,2992.114735817071,-192.26514008147205,1320.2829920466102,3925.0667569702564
4393.031050998448,5876.214630131413,1097.4231258440486,-686.8972328338496,4563.913679434234,7031.5140024082575,1949.6527957579383,4103.797398574934,2151.539855699455,5977.628238136371,3996.108509623904,2916.6285334793356,-2186.782097805626,2260.2247242556987,3713.557817060464,9353.645940946335,2806.2809170807814,8396.301147477869,-2945.954998849833,3455.1272091175633,4808.12813996998,2991.4513997342074,-192.58563342749403,1319.8585201126116,3924.6201201474905
4392.341901059772,5875.730483088766,1096.9131725052794,-687.088297678587,4563.144926350164,7031.027827241152,1949.3559748578627,4103.3777302387025,2151.03791670753,5977.172693783075,3995.8659259319975,2916.2580288175595,-2187.302859917734,2259.721110915394,3712.616374128411,9352.915078698883,2805.416466134884,8395.960083566184,-2946.324815502725,3454.827519600185,4807.80546191465,2991.1135626653995,-192.85430402685597,1319.66420609122,3924.2066940063087
4391.957492189373,5875.300855675145,1096.5218675576616,-687.303067721652,4562.602605095111,7030.470882933048,1949.1074842743328,4102.7143207828485,2150.7385012534432,5976.777577562352,3995.3478980844448,2915.5987834012267,-2187.8253939518545,2259.303881747277,3712.190528237057,9352.179450175288,2805.055426737199,8395.758917698608,-2946.758586033924,3454.652291799175,4807.277982723463,2990.7284204397874,-193.07386029659392,1319.43559180601,3923.942053320934
4391.533923386589,5874.925751190975,1096.348876647935,-687.4868272875465,4562.301908459667,7030.228210274894,1948.8316785707138,4101.84569279939,2150.4300352288483,5976.359754178768,3995.055393793453,2915.233292604724,-2188.4110443749087,2258.9938235949376,3711.417077844635,9351.86676723716,2804.6636358285687,8395.592834101313,-2947.0215472404525,3454.281643185692,4806.907522727452,2990.47436276426,-193.3223959744064,1319.3116145801978,3923.4992897264965
4391.130175689963,5874.60294268062,1096.1691192559301,-687.7804985949479,4561.8318413222805,7029.789623909972,1948.4474530903317,4101.345506179925,2150.0498144502853,5976.016959184286,3994.6901276260614,2914.88565553035,-2188.8792086912363,2258.704466091818,3710.723559269012,9351.269570860146,2804.15048492809,8395.454352999477,-2947.2915837954642,3453.8500657083932,4806.495278580005,2990.242782000343,-193.4858494827422,1319.0132741114503,3923.2654966280534
4390.719181121138,5874.142915697506,1095.738328991647,-687.9917638980551,4561.487397293386,7029.507656462651,1947.9046619591536,4100.8963967386735,2149.796024398398,5975.303668715547,3994.295975267458,2914.5670417614892,-2189.2274136713822,2258.259807336879,3710.07742523458,9350.847128034868,2803.718302575864,8395.089553171718,-2947.6109000067954,3453.5852696666916,4806.260657431063,2989.79124910471,-193.58625129372376,1318.8475617165168,3923.0150171306377
4390.431095512569,5873.83906950058,1095.4647967861602,-688.1821391514313,4560.988958475398,7029.205902257454,1947.6829843053201,4100.541945560595,2149.553233940547,5974.768320846742,3994.0786064093045,2914.1954769385775,-2189.696084322488,2257.878768251634,3709.6068974314403,9350.149567497712,2803.37924673871,8394.875623108193,-2947.9329008084605,3453.2144719561693,4806.038487549915,2989.534435609421,-193.69502929507144,1318.693954243543,3922.813176924821
4390.02839811545,5873.479485452655,1095.2842659296366,-688.434527085672,4560.351906803939,7028.882081968826,1947.4653916917086,4100.1595408521025,2149.353248439773,5974.347466234845,3993.788533234052,2913.9801330870323,-2190.276750155943,2257.6081561516985,3709.1388538639294,9349.54356035305,2803.1018112268575,8394.585188271623,-2948.1924686039056,3452.8992894404655,4805.669655825615,2989.2981626743567,-193.9637272897453,1318.5516253274254,3922.5982288605446
4389.695864047739,5873.099423409549,1094.8887366844428,-688.6185613519629,4559.901173475031,7028.649018257936,1947.122017582944,4099.718882948931,2149.1351616128377,5973.94736437637,3993.498148243729,2913.7546084373316,-2190.5695804022325,2257.303069965965,3708.57449453335,9349.13677716202,2802.7354145527715,8394.372846828657,-2948.368212544272,3452.636598673984,4805.409806073549,2988.9360063533677,-194.0723714597334,1318.3289412589438,3922.4405622574704
4389.45347409504,5872.856732340995,1094.6046418709811,-688.7782301410334,4559.628255443087,7028.394095441945,1946.8606270767268,4099.41633732507,2148.9681636018504,5973.639983458917,3993.2664587465333,2913.2639593710046,-2190.8294839137234,2257.051934890238,3708.1223856579672,9348.91381898943,2802.5543154144543,8394.126674648316,-2948.549914076386,3452.274338422925,4805.142892089243,2988.7605839578537,-194.28070149031555,1318.1957374011545,3922.2347084737994
4389.248891184849,5872.596698901325,1094.4564377472707,-688.8848085659702,4559.232999565436,7028.052147678267,1946.5400368793853,4099.19464006005,2148.820121070734,5973.360132523456,3993.0182070735973,2912.9873644254476,-2191.179257112133,2256.850049590197,3707.843332265649,9348.523938997998,2802.304070655664,8393.961002883487,-2948.85708772832,3451.992997351379,4804.911434444155,2988.546835148889,-194.574592832716,1318.0774850021626,3922.047129579012
4388.980153473807,5872.290093995543,1094.316051615424,-688.9715299560994,4558.894178617244,7027.841811726306,1946.4352233582758,4098.877872211691,2148.701052806151,5973.139027057361,3992.8886820421176,2912.7378736923856,-2191.4400641234315,2256.590993443642,3707.6021927965194,9348.080308060627,2802.0524937761365,8393.618216372386,-2949.0266605507204,3451.8964852333665,4804.662572179441,2988.3722055560356,-194.7630376995512,1317.8864783560493,3921.878641777628
4388.751742279237,5871.981764050484,1094.1634691204017,-689.1251381757902,4558.58359807518,7027.565525697624,1946.2017662963553,4098.523203376637,2148.487311160534,5972.851629576777,3992.693999033683,2912.5683634074812,-2191.727305914894,2256.3312067906154,3707.290036619015,9347.788426383282,2801.8201890886485,8393.373329088994,-2949.169474657261,3451.730608060803,4804.3158031143685,2988.215333199769,-194.94051501248032,1317.7810864207568,3921.731878016115
4388.537512743176,5871.724317542386,1093.940555185669,-689.2665402716884,4558.225689358267,7027.2631583453185,1945.9543379292008,4098.188029709367,2148.316463720963,5972.720597992491,3992.4867786379837,2912.319871247215,-2191.919404817767,2256.0641014962384,3706.911273671576,9347.484148362404,2801.5443757684843,8393.172937347343,-2949.4276494222504,3451.4814879150363,4804.021019599866,2988.008722262588,-195.06643018290924,1317.6589797682245,3921.5470973786214
4388.349741950144,5871.450812041738,1093.8111908646388,-689.4027119212988,4557.990864409003,7027.026559573278,1945.7087743378215,4098.052552434179,2148.263004598288,5972.454840251441,3992.2686055955564,2912.1303558490254,-2192.1268824515137,2255.889085330811,3706.63777487271,9347.202008020191,2801.3410421505614,8393.071705115057,-2949.6572085941298,3451.30185089766,4803.876071236511,2987.7393902241747,-195.22225842673652,1317.5094834809206,3921.4636390089145
4388.162971194266,5871.254155888368,1093.632088521088,-689.5169619136286,4557.737371779891,7026.788245845033,1945.5586634132487,4097.789287488107,2148.1528782241367,5972.239336621205,3992.094175747494,2911.910738526931,-2192.3578851275524,2255.7462957114403,3706.1419782396333,9346.961530378023,2801.0838073762643,8392.90597561116,-2949.964731771368,3451.179556292591,4803.693081329795,2987.520993132697,-195.32829935711925,1317.4000415948612,3921.2989813840322
4388.02248927141,5871.085226299518,1093.541726022464,-689.6232745280504,4557.578512436652,7026.558877735952,1945.3309449203953,4097.532386647392,2148.05312889372,5972.0435936396825,3991.9648392712115,2911.731761749201,-2192.5053106048363,2255.638378984513,3705.782350748057,9346.757898949727,2800.880870621266,8392.769285742324,-2950.14653868365,3451.043234901699,4803.509570998671,2987.243914378574,-195.4755839048521,1317.2822752713037,3921.1043075067355
4387.884305232597,5870.937237945407,1093.4696261128847,-689.665615437385,4557.296793628957,7026.4113900027805,1945.18731542334,4097.379820648137,2147.9072868062867,5971.818565425805,3991.7948622151234,2911.593990701869,-2192.751615412468,2255.472404562417,3705.4510311222475,9346.575767917784,2800.7226379783024,8392.581688281658,-2950.3144864158603,3450.8546130746327,4803.291227035603,2987.0648541409755,-195.63238365992584,1317.1794144689848,3920.873242440088
4387.726427843707,5870.808465799026,1093.3967007526735,-689.7648940442232,4557.06016143164,7026.266732780321,1945.00616738783,4097.156537200455,2147.7898084145563,5971.626694667255,3991.6453564743642,2911.3907058658806,-2192.9101685112328,2255.382778971354,3705.133922592977,9346.420410669089,2800.569028032194,8392.382802518492,-2950.4284553252874,3450.7509565951405,4803.159446324251,2986.8850868402587,-195.79918283031293,1317.0135698809536,3920.8172951440647
4387.582576573688,5870.606577316372,1093.2260259854374,-689.8662505121392,4556.794695367687,7026.097994872049,1944.8308431919068,4096.9648702821,2147.6978314119406,5971.448685462536,3991.5254027090123,2911.2932674525364,-2193.1060323724378,2255.230211670314,3704.828237022317,9346.154320603637,2800.4028077956827,8392.250020531981,-2950.5255911400454,3450.610218607573,4803.008713706011,2986.7562954827154,-195.8755853239054,1316.9461483358973,3920.6332574268235
4387.434892386045,5870.453730134264,1093.120029189573,-689.9665484268116,4556.615872927709,7025.950868022395,1944.6983859822576,4096.7418764122485,2147.6134894194547,5971.252607564842,3991.3047550771007,2911.1406734224365,-2193.295681229778,2255.111676717861,3704.60394675946,9345.925804182327,2800.2477181734794,8392.173050810095,-2950.703005296302,3450.476352829988,4802.943789625984,2986.6615652709297,-195.98150473579153,1316.865457047279,3920.439810162876
4387.271061554675,5870.329498215891,1093.001087472032,-690.0433798317536,4556.483666693639,7025.83832138055,1944.5569722792134,4096.571211599512,2147.5027773796173,5971.136467475932,3991.136901060265,2911.004455367678,-2193.474426452507,2254.9588006263366,3704.4510364195376,9345.717533054172,2800.1128352287196,8392.005799092163,-2950.901747938369,3450.3310487455747,4802.852599466736,2986.526339968186,-196.08575430428755,1316.815789729968,3920.3538013692014
4387.111975544161,5870.213561855242,1092.8995290176754,-690.1361137509957,4556.316966868995,7025.647911113716,1944.4355887816346,4096.4211242019155,2147.3853832389213,5970.9866762143065,3990.984770661533,2910.8863541111277,-2193.6151266539673,2254.8172362476253,3704.2328187814273,9345.557295831073,2799.9280735249704,8391.910986337454,-2951.0074392554816,3450.2192664998292,4802.780238340383,2986.403460385678,-196.22209321163245,1316.7674458389301,3920.2661173763263
4387.012419622297,5870.107903844881,1092.7832635984523,-690.2054621164934,4556.183802257088,7025.5055650762515,1944.3508068710653,4096.224642811496,2147.3165996526295,5970.850124339297,3990.857003032317,2910.7824930135903,-2193.703797602946,2254.680673903211,3704.1124046829646,9345.40581354047,2799.650577375287,8391.768529172834,-2951.140883119624,3450.1205455777235,4802.710132934066,2986.296938670923,-196.3469282760634,1316.7167889778357,3920.093193014858
4386.8971036337025,5869.959780111232,1092.672051110334,-690.2565723080916,4556.032045910164,7025.419530844854,1944.264038307192,4096.11082502237,2147.230352292616,5970.7555382228675,3990.7434748933156,2910.625137804287,-2193.887329057514,2254.5754844359544,3703.95158006157,9345.263740634648,2799.532638575787,8391.704294264979,-2951.2327491564065,3449.9785095667467,4802.62196651991,2986.1739845201737,-196.39725723521406,1316.7075866071755,3919.971600291319
4386.79789586796,5869.830701439423,1092.596460628818,-690.3062774355494,4555.923824202582,7025.347237069895,1944.1121889440037,4095.906728410213,2147.109107756114,5970.636691213127,3990.6619949771703,2910.554856066148,-2194.020488952825,2254.487268870522,3703.7773251368853,9345.12184188544,2799.4014397948195,8391.632112915991,-2951.309537639165,3449.869921343976,4802.516615120599,2986.033494469273,-196.48462861533335,1316.6559853105064,3919.8402141141196
4386.677762584513,5869.74546614346,1092.5428462307173,-690.3672430165607,4555.85186437075,7025.253685592121,1944.0218732121066,4095.804377663597,2147.0069999002226,5970.553896853926,3990.5438860232825,2910.4396699262943,-2194.127066138062,2254.3771526780693,3703.540572289581,9344.965639445552,2799.271557077518,8391.556670039798,-2951.389898834328,3449.801460651368,4802.39888045421,2985.956174152685,-196.5513672735833,1316.6234418774256,3919.7280186763455
4386.561163354541,5869.654090583201,1092.4950742564324,-690.4210525360031,4555.74093868288,7025.17117091627,1943.9610930486378,4095.641591617452,2146.9125124534767,5970.444756741468,3990.4566432129286,2910.3884272958603,-2194.2632111267158,2254.2776588182387,3703.4217203607914,9344.828002445312,2799.1753884810387,8391.505675639513,-2951.4542386101893,3449.7406213147333,4802.298300255556,2985.8594793906595,-196.6517774071326,1316.5827991799015,3919.6706041380094
4386.440943973626,5869.513939296077,1092.421385949594,-690.4810967496596,4555.621472203886,7025.121545722577,1943.895568115695,4095.51472557136,2146.8731863666326,5970.358327078859,3990.4167029715973,2910.2549803024813,-2194.3748670861532,2254.189444227326,3703.275103368651,9344.695634428856,2799.0439431539853,8391.460093202753,-2951.5329745892886,3449.667480938777,4802.2387758771365,2985.786337484671,-196.73548436861165,1316.5390282393637,3919.593627768816
4386.355757015743,5869.370404825386,1092.3613976425695,-690.5566600700695,4555.554718181687,7025.016801772785,1943.7977167699355,4095.407730014187,2146.784477427529,5970.279318801382,3990.357252902657,2910.2023744079634,-2194.530084672275,2254.102536022605,3703.1262487072017,9344.590449689538,2798.959563503311,8391.372956094769,-2951.6982685894764,3449.6066885884866,4802.18438783435,2985.6671170127665,-196.79373364961066,1316.4917278943685,3919.5293149476274
4386.264539136006,5869.268996633487,1092.292824596254,-690.6007992381128,4555.437644884827,7024.932229495804,1943.7383692908625,4095.282373400136,2146.7560881864483,5970.206235891528,3990.276990823608,2910.136246249145,-2194.617617842421,2254.0424606517918,3702.9698595874725,9344.483556354826,2798.8164965401593,8391.321598958893,-2951.778229316791,3449.5830141443003,4802.126859567448,2985.5760616542393,-196.8369811442608,1316.450161248329,3919.466526299904
4386.167849609745,5869.177078137487,1092.2312213419063,-690.6462782107701,4555.306364343771,7024.866779681732,1943.6550083784023,4095.182112523653,2146.695231387981,5970.089596346261,3990.236021684199,2910.0716104362727,-2194.7459982613364,2253.970005563031,3702.872511345231,9344.406941498652,2798.7119320545826,8391.25547427823,-2951.827347797458,3449.5128833757553,4802.051410997556,2985.498003996603,-196.91992735894019,1316.450161248329,3919.396264113886
4386.107748592673,5869.124329467828,1092.182350845047,-690.6878659961512,4555.22712251317,7024.806708692697,1943.605922898445,4095.0744889581256,2146.649938962175,5970.015920142912,3990.188958161969,2909.9900554703054,-2194.8576399561207,2253.879417552118,3702.750539628003,9344.313813650704,2798.6005807613183,8391.16383752614,-2951.891887774953,3449.4530721739065,4801.988361588403,2985.4603968725787,-196.96752087150526,1316.4324177566523,3919.3631715545052
4386.026248058144,5869.068950301575,1092.136629835688,-690.7168326961619,4555.170545516608,7024.724860856157,1943.5411490424594,4094.9607673029896,2146.597544433782,5969.942039984133,3990.130483501991,2909.9342721252688,-2194.9363842172097,2253.8315619316636,3702.6294110697563,9344.248886995141,2798.5301470289705,8391.107098494766,-2951.952303336737,3449.40893028993,4801.951435137402,2985.382859021971,-196.98318935036514,1316.3757994169428,3919.328722174345
4385.966945077867,5869.017174927714,1092.0829275877331,-690.7615185093309,4555.067714584249,7024.654693098899,1943.48702471266,4094.843218314214,2146.5614137618177,5969.820548130709,3990.068981688608,2909.860153498179,-2195.0033167544316,2253.772667710902,3702.5344193243,9344.149890461827,2798.459494797622,8391.017193479944,-2952.025586166201,3449.331705588025,4801.916177889427,2985.306642912641,-197.03231754889566,1316.334397743536,3919.271502875039
4385.89431436485,5868.938177811571,1092.0273161990117,-690.7970184894002,4555.014816420618,7024.6150481112345,1943.4223575774013,4094.754980497295,2146.533031022169,5969.767488888014,3990.0066902503895,2909.7817939172746,-2195.0828805932615,2253.7094861018486,3702.4559377186815,9344.065494202092,2798.4122558222007,8390.956364718484,-2952.0799174745553,3449.2883303605995,4801.864107952308,2985.24538920771,-197.08247807234875,1316.2854208426143,3919.213860885524
4385.848851315961,5868.879058585386,1091.9685945368838,-690.8177960464382,4554.950973968291,7024.567860505536,1943.3729113290246,4094.689943427671,2146.500052525749,5969.709242921061,3989.9363843313113,2909.7335999532734,-2195.17087333581,2253.647736262341,3702.397503574335,9343.974421916166,2798.358752629014,8390.908167670808,-2952.147458947853,3449.250849498385,4801.821774248965,2985.1825299597476,-197.13784737628885,1316.2404405000343,3919.173984859466
4385.8049097344265,5868.817958458014,1091.9123028430186,-690.8411900909778,4554.896410117668,7024.496611153627,1943.3277308190154,4094.6157751133505,2146.453861476577,5969.625769465347,3989.8929599497496,2909.711598898117,-2195.260952124074,2253.590545922292,3702.334150498107,9343.906727741545,2798.309532203755,8390.879295106206,-2952.1939787195297,3449.2313920334564,4801.7828885365525,2985.1125822287795,-197.16969747890835,1316.2222839155293,3919.1094974379375
4385.7431627141705,5868.769647286725,1091.8664523623593,-690.8873786872282,4554.822250764897,7024.464778275185,1943.2887838212991,4094.5587131270586,2146.4302967361073,5969.59228726961,3989.83354134189,2909.6612446325234,-2195.317688450821,2253.5510196977775,3702.2636310568923,9343.814214477752,2798.277075641461,8390.819264899408,-2952.2498431127897,3449.2042160841665,4801.729316348115,2985.0596907920917,-197.20213201091246,1316.1898427989217,3919.0831593626426
4385.705098231643,5868.72413669181,1091.8318561269261,-690.916552798335,4554.75577222999,7024.410427810297,1943.2569167443944,4094.4822115353018,2146.393307977698,5969.535313538734,3989.7940468075685,2909.594749482698,-2195.3718430045556,2253.4982576828916,3702.192981895292,9343.742528880393,2798.214191957086,8390.783462727886,-2952.3046509835913,3449.177228269058,4801.6939588067835,2985.0261993680033,-197.24999027742888,1316.1688569654216,3919.053684276907
4385.6517942185965,5868.688341548528,1091.7853166949935,-690.9456751652906,4554.708418421898,7024.359838775483,1943.2244923005128,4094.399416692213,2146.3696206400928,5969.500595478574,3989.7541133604464,2909.55287862313,-2195.44109747481,2253.468474605077,3702.126392226477,9343.684072871554,2798.142618000951,8390.743348046577,-2952.3374768326976,3449.1546891538455,4801.652470429275,2984.985891165037,-197.27337635389995,1316.1478580549592,3919.025248261052
4385.6198732295525,5868.631716858399,1091.7336789947367,-690.9629909246796,4554.669160505575,7024.321282602134,1943.1788728920728,4094.332130209841,2146.3522856308773,5969.469426648233,3989.7091863503083,2909.506424647756,-2195.479959468197,2253.436374305238,3702.056653197491,9343.593649534312,2798.1104647061,8390.71296258235,-2952.393197887104,3449.122970201337,4801.611352962405,2984.947939385187,-197.29746107287792,1316.1118505463528,3918.9967076902467
4385.582664455607,5868.594055702517,1091.692514964394,-690.9822944279367,4554.621221355046,7024.269852098238,1943.1323709708377,4094.3026852344847,2146.334294777924,5969.431857337891,3989.6805397238277,2909.477346416992,-2195.5475149475315,2253.3920870267684,3701.9840701680732,9343.519557304608,2798.0688130917697,8390.678497844361,-2952.4256776794136,3449.0824267764765,4801.564278695434,2984.9219307531093,-197.33202629597508,1316.094077555179,3918.968599814041
4385.545730587954,5868.562663822217,1091.6604478959416,-691.0016450206676,4554.57848120472,7024.228527519685,1943.0887073811318,4094.2473695840235,2146.3147969575366,5969.371978132178,3989.648021833549,2909.42014800811,-2195.589543184171,2253.3664709839722,3701.9099440733844,9343.452197687744,2798.0321627328885,8390.647612364053,-2952.449793629028,3449.0448642081756,4801.5348333096845,2984.900069823976,-197.3507186500574,1316.0866352079756,3918.9335134775683
4385.497113057143,5868.529281767231,1091.6337230329664,-691.0143571381268,4554.534114680566,7024.190672875855,1943.055290611359,4094.1911499590497,2146.3013032361705,5969.338044093289,3989.6044433526404,2909.3950522677624,-2195.640371569054,2253.340814024159,3701.8494990376057,9343.407282676832,2798.0107060647715,8390.60766733758,-2952.4731398754448,3449.004802186486,4801.505883294412,2984.858657190831,-197.36800310367107,1316.0789079630558,3918.908943484239
4385.465049439663,5868.499859250871,1091.60728579235,-691.0338471670475,4554.509878713157,7024.165631290489,1943.0228496146083,4094.1676432287495,2146.27822702963,5969.300087428135,3989.5799815924693,2909.3682480937277,-2195.6946646130164,2253.3076663261018,3701.8181780003943,9343.362280352238,2797.9709265460915,8390.582692930766,-2952.51496726372,3448.977437371468,4801.473637569055,2984.8254895581777,-197.38974013668485,1316.054789123591,3918.8856479333845
4385.435883395883,5868.4796979554085,1091.5821929061422,-691.0456935572802,4554.463424173213,7024.148854195249,1942.9834330371887,4094.1219676386245,2146.261948280495,5969.271954908145,3989.5576828245685,2909.3360164843834,-2195.7292441492827,2253.2900198757925,3701.7779282836564,9343.31480867642,2797.944745232213,8390.550497406119,-2952.540113940282,3448.9643943816263,4801.447518609981,2984.7920111108106,-197.40648667661299,1316.041443091577,3918.8416478861473
4385.403788667441,5868.457942199988,1091.5509751905774,-691.0652346718925,4554.427815912248,7024.112731138754,1942.9568412249573,4094.0924691455293,2146.242224109803,5969.235789159269,3989.520935338056,2909.306211201292,-2195.7688314248517,2253.256942875778,3701.748027570873,9343.277170805755,2797.8896944421867,8390.528499338805,-2952.5623753706823,3448.9432988440603,4801.424826575043,2984.769252970764,-197.42569716605794,1316.0360041525564,3918.8083118987342
4385.371870971358,5868.427168401147,1091.533819985867,-691.0819821247933,4554.421154511947,7024.074864196453,1942.9182487678045,4094.052175335535,2146.2299158578026,5969.206155983309,3989.4972010338024,2909.2732435234066,-2195.7931147415875,2253.2163543127317,3701.715657942448,9343.242009104062,2797.870993034354,8390.499552121095,-2952.5964686242805,3448.910002562261,4801.407537297317,2984.7332641323665,-197.4448480451465,1316.0259713691994,3918.7878571574547
4385.3444360408685,5868.408108239048,1091.5122069657737,-691.0940946081464,4554.399390133673,7024.060366867619,1942.8907524554015,4094.001886914928,2146.2066893968804,5969.172387774524,3989.4740513835786,2909.246242047797,-2195.8273189885367,2253.1930937529614,3701.686328734082,9343.213051161023,2797.8413124645667,8390.463546821185,-2952.626721797613,3448.885794362046,4801.385732906703,2984.7171843134856,-197.4550486581429,1316.0102108766805,3918.763373986578
4385.320868686125,5868.382608841552,1091.491719718484,-691.102216567655,4554.375384337436,7024.032767430923,1942.868466213018,4093.975278690923,2146.189795563965,5969.150551668819,3989.46349855265,2909.2269212858155,-2195.853981472763,2253.1693966115126,3701.6607944390707,9343.178821921232,2797.8142982185454,8390.439783930182,-2952.64670336416,3448.8706055004877,4801.36915961044,2984.697417366602,-197.46934780433367,1315.996461607312,3918.7304607211845
4385.291098491973,5868.352469680438,1091.4769045076537,-691.1188162556864,4554.345313065591,7024.016596175854,1942.8437002649007,4093.945466678051,2146.1771273119957,5969.121704533616,3989.443518705615,2909.1889858222057,-2195.8712943759238,2253.1508082847286,3701.6252503316427,9343.159426096921,2797.7931906637386,8390.421076487313,-2952.661975562449,3448.8647987492877,4801.355612153733,2984.6771159282507,-197.48369876183278,1315.973027648426,3918.7118748828652
4385.270177691695,5868.324705596271,1091.4634673696855,-691.1296624285387,4554.3177287623985,7024.004238897825,1942.8318452527164,4093.9215843513593,2146.1616929533266,5969.103153826349,3989.4222997483666,2909.1673421966843,-2195.9008546679615,2253.1275483459176,3701.605955209605,9343.130149738703,2797.7640397606665,8390.393548828833,-2952.684193942776,3448.8597034176346,4801.340943459421,2984.660252925736,-197.50179290047527,1315.9545946859216,3918.6995927424796
4385.245892285544,5868.289052635919,1091.44340292571,-691.141561583303,4554.292343905385,7023.9832646175055,1942.806952834624,4093.8926051987146,2146.1493207062304,5969.083394829591,3989.4015640446305,2909.140729134546,-2195.9239941042033,2253.111123077033,3701.5793761192617,9343.098115891218,2797.742313984185,8390.37268017634,-2952.7118283599048,3448.8457896695836,4801.3224599306195,2984.630992983919,-197.51280718635826,1315.945516877604,3918.675295022942
4385.225387594328,5868.267776888351,1091.429300771233,-691.1482108681303,4554.278923651465,7023.966717280207,1942.787542011145,4093.874571969318,2146.137529032967,5969.070044384949,3989.3859084220603,2909.1255819456856,-2195.9547051409972,2253.091864779002,3701.5508851402774,9343.082451955219,2797.723485587354,8390.363723811919,-2952.7316557575614,3448.8332830566724,4801.304691583864,2984.615628162195,-197.5219541344777,1315.9338437927945,3918.655805035247
