trial_1,trial_2,trial_3,trial_4,trial_5,trial_6,trial_7,trial_8,trial_9,trial_10,trial_11,trial_12,trial_13,trial_14,trial_15,trial_16,trial_17,trial_18,trial_19,trial_20,trial_21,trial_22,trial_23,trial_24,trial_25
331240.08455886395,317127.7368060989,280071.2598165961,307226.22463421855,307063.05798763275,310714.6201529496,320379.35567053343,301943.58313284547,310884.29996897804,315708.2562905339,322310.7600729791,337800.99305084563,308166.6600848996,323074.91346889886,325403.75724199787,337160.2486469398,327172.127499398,313129.87896830624,304235.0926766615,309968.40371808707,332044.56349313864,344614.1480816854,311247.82362926204,316060.67472804757,330993.9122990526
258269.5710897106,249780.17613764026,242838.46820403458,210152.47812432543,259032.70385616127,252994.93270655745,256130.48228356452,259176.1032501745,251435.91081707913,254771.25028760973,267199.4841286209,248871.75633422713,248671.36954920078,260527.07657643783,243756.56230789487,253877.73937362045,248796.81132951126,262584.05056241085,239366.52725585058,241192.07483232152,244106.62636083976,251047.95687619894,269975.8784833535,256717.22157162186,227413.96159718544
248554.70985190157,233896.39408295203,227817.67486033158,210152.47812432543,259032.70385616127,248581.2203430244,243580.00834394098,237181.5565546002,224135.83686288094,244751.1339464392,238951.10876479195,248091.51535868685,248671.36954920078,226610.8189952637,243756.56230789487,243243.94120670037,221801.76930411631,235256.7599665307,236406.3469134483,231034.79775250965,229960.13631952196,248377.62112851936,249062.5164939429,239458.6488163426,227413.96159718544
214739.77009811197,214667.93653605945,204552.38987453905,210152.47812432543,225993.97061972597,220686.53244828983,217861.4231085973,208185.71322525706,202455.8488554706,217134.36108380757,219281.11294966302,202704.9507696045,210063.7978282812,206538.07087934963,216504.70163369205,207976.23304923394,208795.9548311159,209806.22747710862,193663.32071030297,204772.39863254948,206403.1989731164,202030.18937539094,210881.50726743985,213502.48013346124,227413.96159718544
202983.34517780354,195475.17550093922,181635.07286583597,189853.9663606438,221180.6956048164,200242.54108319245,199003.2887156181,208185.71322525706,199378.5062382501,201009.35205905556,210420.2899384647,202704.9507696045,197984.69509441438,206538.07087934963,206586.49158641024,196749.38906763867,195835.8790025735,200133.62948375367,189559.6868219635,196241.94674342955,195956.3196682899,202030.18937539094,210881.50726743985,196226.86578792203,193690.50138917624
202983.34517780354,195475.17550093922,181635.07286583597,189853.9663606438,216982.25199680065,200242.54108319245,199003.2887156181,204882.15763685098,199378.5062382501,192413.2568333921,208594.87691607763,187233.53189238618,193611.43766104983,199661.14790921376,199810.64177169025,196749.38906763867,195835.8790025735,197528.6647454816,189559.6868219635,196241.94674342955,194852.8104330013,196959.82867988676,210881.50726743985,196226.86578792203,193690.50138917624
202983.34517780354,192583.84978945143,181635.07286583597,189853.9663606438,215863.0566954363,196781.75716309022,199003.2887156181,192284.96773726435,191861.55186741133,192413.2568333921,206061.46115895332,187233.53189238618,193611.43766104983,193839.039901535,199810.64177169025,196749.38906763867,195835.8790025735,192335.2237206882,189559.6868219635,196241.94674342955,194852.8104330013,196959.82867988676,210881.50726743985,196226.86578792203,193029.67323813678
202752.729251462,192583.84978945143,181635.07286583597,180225.31275266115,207158.12131960434,196781.75716309022,199003.2887156181,192284.96773726435,191861.55186741133,188026.33302024714,203269.3647574553,187233.53189238618,193611.43766104983,190509.2643377199,193157.19086239074,196749.38906763867,190447.45880869546,188030.81310715023,189559.6868219635,191524.2619305557,194852.8104330013,190753.66327365977,205831.15093056345,195961.02701037782,193029.67323813678
201611.6516165009,192583.84978945143,181635.07286583597,180225.31275266115,207158.12131960434,196781.75716309022,199003.2887156181,192284.96773726435,191861.55186741133,188026.33302024714,195585.14301056383,187233.53189238618,190411.94512335715,189770.56048088218,193157.19086239074,196749.38906763867,190447.45880869546,188030.81310715023,189559.6868219635,191524.2619305557,189463.7559099972,190753.66327365977,205831.15093056345,195961.02701037782,193029.67323813678
197888.49563882244,192583.84978945143,181635.07286583597,180225.31275266115,207158.12131960434,196781.75716309022,199003.2887156181,192284.96773726435,188050.29229675233,188026.33302024714,192464.81740884614,187233.53189238618,190411.94512335715,189770.56048088218,193157.19086239074,191733.12791065188,187512.46810863697,187046.210894294,183081.18382051092,189117.2452018975,189463.7559099972,190753.66327365977,203317.43342423826,195961.02701037782,193029.67323813678
197888.49563882244,192583.84978945143,181635.07286583597,180225.31275266115,207158.12131960434,196437.83463496494,199003.2887156181,192284.96773726435,188050.29229675233,188026.33302024714,192464.81740884614,187233.53189238618,190411.94512335715,189770.56048088218,193157.19086239074,191733.12791065188,187512.46810863697,187046.210894294,183081.18382051092,186935.18820881745,189463.7559099972,190753.66327365977,197977.60402516724,195961.02701037782,193029.67323813678
197888.49563882244,192583.84978945143,181635.07286583597,180225.31275266115,207158.12131960434,196437.83463496494,199003.2887156181,192284.96773726435,188050.29229675233,188026.33302024714,192464.81740884614,187233.53189238618,190411.94512335715,189770.56048088218,193157.19086239074,190828.08482181054,187512.46810863697,187046.210894294,181095.21593653035,186935.18820881745,189463.7559099972,190474.60335547623,197977.60402516724,195961.02701037782,193029.67323813678
197888.49563882244,192583.84978945143,179618.50060528726,180225.31275266115,207158.12131960434,196437.83463496494,199003.2887156181,192284.96773726435,188050.29229675233,188026.33302024714,192464.81740884614,187233.53189238618,190411.94512335715,189770.56048088218,193157.19086239074,190828.08482181054,187512.46810863697,187046.210894294,181095.21593653035,186935.18820881745,189463.7559099972,186981.1534881476,197977.60402516724,192179.37541447039,193029.67323813678
197888.49563882244,192583.84978945143,175608.00260177953,180225.31275266115,207158.12131960434,196437.83463496494,188607.1489535041,192284.96773726435,188050.29229675233,188026.33302024714,192464.81740884614,187233.53189238618,190411.94512335715,189770.56048088218,193157.19086239074,190828.08482181054,187512.46810863697,187046.210894294,181095.21593653035,186935.18820881745,189463.7559099972,186981.1534881476,197977.60402516724,192179.37541447039,193029.67323813678
197888.49563882244,191873.6912018655,175608.00260177953,180225.31275266115,207158.12131960434,196437.83463496494,188607.1489535041,192284.96773726435,188050.29229675233,188026.33302024714,192464.81740884614,187233.53189238618,185880.37041917158,189770.56048088218,193157.19086239074,190828.08482181054,187512.46810863697,187046.210894294,181095.21593653035,186935.18820881745,189463.7559099972,186981.1534881476,197977.60402516724,192179.37541447039,193029.67323813678
197888.49563882244,191873.6912018655,175608.00260177953,180225.31275266115,207158.12131960434,196437.83463496494,188607.1489535041,192284.96773726435,188050.29229675233,188026.33302024714,192464.81740884614,187233.53189238618,185070.20759647115,189770.56048088218,193157.19086239074,190828.08482181054,187512.46810863697,187046.210894294,181095.21593653035,186935.18820881745,189463.7559099972,186981.1534881476,197977.60402516724,192179.37541447039,193029.67323813678
197888.49563882244,191873.6912018655,175608.00260177953,180225.31275266115,207158.12131960434,196437.83463496494,188607.1489535041,192284.96773726435,188050.29229675233,188026.33302024714,192464.81740884614,187233.53189238618,185070.20759647115,189770.56048088218,193157.19086239074,190828.08482181054,187512.46810863697,187046.210894294,181095.21593653035,186935.18820881745,187450.2359663589,186981.1534881476,197977.60402516724,192179.37541447039,193029.67323813678
197888.49563882244,191873.6912018655,175608.00260177953,180225.31275266115,207158.12131960434,196437.83463496494,188607.1489535041,192284.96773726435,188050.29229675233,188026.33302024714,192464.81740884614,187233.53189238618,185070.20759647115,189770.56048088218,193157.19086239074,190828.08482181054,187512.46810863697,187046.210894294,181095.21593653035,186935.18820881745,187450.2359663589,186981.1534881476,197977.60402516724,192179.37541447039,193029.67323813678
197888.49563882244,191873.6912018655,175608.00260177953,180225.31275266115,207158.12131960434,196437.83463496494,188607.1489535041,192284.96773726435,188050.29229675233,188026.33302024714,192464.81740884614,187233.53189238618,185070.20759647115,189770.56048088218,193157.19086239074,190828.08482181054,187512.46810863697,187046.210894294,181095.21593653035,186935.18820881745,187450.2359663589,186981.1534881476,197977.60402516724,192179.37541447039,193029.67323813678
197888.49563882244,191873.6912018655,175608.00260177953,180225.31275266115,207158.12131960434,196437.83463496494,188607.1489535041,192284.96773726435,188050.29229675233,188026.33302024714,192464.81740884614,187233.53189238618,185070.20759647115,189770.56048088218,193157.19086239074,190828.08482181054,187512.46810863697,187046.210894294,181095.21593653035,186935.18820881745,187450.2359663589,186981.1534881476,197977.60402516724,192179.37541447039,193029.67323813678
197888.49563882244,191873.6912018655,175608.00260177953,180225.31275266115,207158.12131960434,196437.83463496494,188607.1489535041,192284.96773726435,188050.29229675233,188026.33302024714,192464.81740884614,187233.53189238618,185070.20759647115,189770.56048088218,193157.19086239074,190828.08482181054,187512.46810863697,187046.210894294,181095.21593653035,186935.18820881745,187450.2359663589,186981.1534881476,197977.60402516724,192179.37541447039,193029.67323813678
197888.49563882244,191873.6912018655,175608.00260177953,180225.31275266115,207158.12131960434,196437.83463496494,188607.1489535041,192284.96773726435,188050.29229675233,188026.33302024714,192464.81740884614,187233.53189238618,185070.20759647115,189770.56048088218,193157.19086239074,190828.08482181054,187512.46810863697,187046.210894294,181095.21593653035,186935.18820881745,187450.2359663589,186981.1534881476,197977.60402516724,192179.37541447039,193029.67323813678
197888.49563882244,191873.6912018655,175608.00260177953,180225.31275266115,207158.12131960434,196437.83463496494,188607.1489535041,192284.96773726435,188050.29229675233,188026.33302024714,192464.81740884614,187233.53189238618,185070.20759647115,189770.56048088218,193157.19086239074,190828.08482181054,187512.46810863697,187046.210894294,181095.21593653035,186935.18820881745,187450.2359663589,186981.1534881476,197977.60402516724,192179.37541447039,193029.67323813678
197888.49563882244,191873.6912018655,175608.00260177953,180225.31275266115,207158.12131960434,196437.83463496494,188607.1489535041,192284.96773726435,188050.29229675233,188026.33302024714,192464.81740884614,187233.53189238618,185070.20759647115,189770.56048088218,193157.19086239074,188472.35110876142,187512.46810863697,187046.210894294,181095.21593653035,186935.18820881745,187450.2359663589,186981.1534881476,197977.60402516724,192179.37541447039,193029.67323813678
197888.49563882244,191873.6912018655,175608.00260177953,180225.31275266115,207158.12131960434,196437.83463496494,188607.1489535041,192284.96773726435,188050.29229675233,188026.33302024714,192464.81740884614,187233.53189238618,185070.20759647115,189770.56048088218,193157.19086239074,188472.35110876142,187512.46810863697,187046.210894294,181095.21593653035,186935.18820881745,187450.2359663589,186981.1534881476,197977.60402516724,192179.37541447039,193029.67323813678
197888.49563882244,191873.6912018655,175608.00260177953,180225.31275266115,206898.57507245563,196437.83463496494,188607.1489535041,192284.96773726435,188050.29229675233,188026.33302024714,192464.81740884614,187233.53189238618,185070.20759647115,189770.56048088218,193157.19086239074,188472.35110876142,187512.46810863697,187046.210894294,181095.21593653035,186935.18820881745,187450.2359663589,186981.1534881476,197977.60402516724,192179.37541447039,193029.67323813678
197888.49563882244,191873.6912018655,175608.00260177953,180225.31275266115,206898.57507245563,196437.83463496494,188607.1489535041,192284.96773726435,188050.29229675233,188026.33302024714,192464.81740884614,187233.53189238618,185070.20759647115,189770.56048088218,193157.19086239074,188472.35110876142,187512.46810863697,187046.210894294,181095.21593653035,186935.18820881745,187450.2359663589,186981.1534881476,197977.60402516724,192179.37541447039,193029.67323813678
197888.49563882244,191873.6912018655,175608.00260177953,180225.31275266115,206898.57507245563,196437.83463496494,188607.1489535041,192284.96773726435,188050.29229675233,188026.33302024714,192464.81740884614,187233.53189238618,185070.20759647115,189770.56048088218,193157.19086239074,188472.35110876142,187512.46810863697,187046.210894294,181095.21593653035,186935.18820881745,187450.2359663589,186981.1534881476,197977.60402516724,192179.37541447039,193029.67323813678
197888.49563882244,191873.6912018655,175608.00260177953,180225.31275266115,206898.57507245563,196437.83463496494,188607.1489535041,192284.96773726435,188050.29229675233,188026.33302024714,192464.81740884614,187233.53189238618,185070.20759647115,189770.56048088218,193157.19086239074,188472.35110876142,187512.46810863697,187046.210894294,181095.21593653035,186935.18820881745,187450.2359663589,186981.1534881476,197977.60402516724,192179.37541447039,193029.67323813678
197888.49563882244,191873.6912018655,175608.00260177953,180225.31275266115,206898.57507245563,196437.83463496494,188607.1489535041,192284.96773726435,188050.29229675233,188026.33302024714,192464.81740884614,187233.53189238618,185070.20759647115,189770.56048088218,193157.19086239074,188472.35110876142,187512.46810863697,187046.210894294,181095.21593653035,186935.18820881745,187450.2359663589,186981.1534881476,197977.60402516724,192179.37541447039,193029.67323813678
197888.49563882244,191873.6912018655,175608.00260177953,180225.31275266115,206898.57507245563,196437.83463496494,188607.1489535041,192284.96773726435,188050.29229675233,188026.33302024714,192464.81740884614,187233.53189238618,185070.20759647115,189770.56048088218,193157.19086239074,188472.35110876142,187512.46810863697,187046.210894294,181095.21593653035,186935.18820881745,187450.2359663589,186981.1534881476,197977.60402516724,192179.37541447039,193029.67323813678
197888.49563882244,191873.6912018655,175608.00260177953,180225.31275266115,206898.57507245563,196437.83463496494,188607.1489535041,192284.96773726435,188050.29229675233,188026.33302024714,192464.81740884614,187233.53189238618,185070.20759647115,189770.56048088218,193157.19086239074,188472.35110876142,187512.46810863697,187046.210894294,181095.21593653035,186935.18820881745,187450.2359663589,186981.1534881476,197977.60402516724,192179.37541447039,193029.67323813678
197888.49563882244,191873.6912018655,175608.00260177953,180225.31275266115,206898.57507245563,196437.83463496494,188607.1489535041,192284.96773726435,188050.29229675233,188026.33302024714,192464.81740884614,187233.53189238618,185070.20759647115,189770.56048088218,193157.19086239074,188472.35110876142,187512.46810863697,187046.210894294,181095.21593653035,186935.18820881745,187450.2359663589,186981.1534881476,197977.60402516724,192179.37541447039,193029.67323813678
197888.49563882244,191873.6912018655,175608.00260177953,180225.31275266115,206898.57507245563,196437.83463496494,188607.1489535041,192284.96773726435,188050.29229675233,188026.33302024714,192464.81740884614,187233.53189238618,185070.20759647115,189770.56048088218,193157.19086239074,188472.35110876142,187512.46810863697,187046.210894294,181095.21593653035,186935.18820881745,187450.2359663589,186981.1534881476,197977.60402516724,192179.37541447039,193029.67323813678
197888.49563882244,191873.6912018655,175608.00260177953,180225.31275266115,206898.57507245563,196437.83463496494,188607.1489535041,192284.96773726435,188050.29229675233,188026.33302024714,192464.81740884614,187233.53189238618,185070.20759647115,189770.56048088218,193157.19086239074,188472.35110876142,187512.46810863697,187046.210894294,181095.21593653035,186935.18820881745,187450.2359663589,186981.1534881476,197977.60402516724,192179.37541447039,193029.67323813678
197888.49563882244,191873.6912018655,175608.00260177953,180225.31275266115,206898.57507245563,196437.83463496494,188607.1489535041,192284.96773726435,188050.29229675233,188026.33302024714,192464.81740884614,187233.53189238618,185070.20759647115,189770.56048088218,193157.19086239074,188472.35110876142,187512.46810863697,187046.210894294,181095.21593653035,186935.18820881745,187450.2359663589,186981.1534881476,197977.60402516724,192179.37541447039,193029.67323813678
197888.49563882244,191873.6912018655,175608.00260177953,180225.31275266115,206898.57507245563,196437.83463496494,188607.1489535041,192284.96773726435,188050.29229675233,188026.33302024714,192464.81740884614,187233.53189238618,185070.20759647115,189770.56048088218,193157.19086239074,188472.35110876142,187512.46810863697,187046.210894294,181095.21593653035,186935.18820881745,187450.2359663589,186981.1534881476,197977.60402516724,192179.37541447039,193029.67323813678
197888.49563882244,191873.6912018655,175608.00260177953,180225.31275266115,206898.57507245563,196437.83463496494,188607.1489535041,192284.96773726435,188050.29229675233,188026.33302024714,192464.81740884614,187233.53189238618,185070.20759647115,189770.56048088218,193157.19086239074,188472.35110876142,187512.46810863697,187046.210894294,181095.21593653035,186935.18820881745,187450.2359663589,186981.1534881476,197977.60402516724,192179.37541447039,193029.67323813678
197888.49563882244,191873.6912018655,175608.00260177953,180225.31275266115,206898.57507245563,196437.83463496494,188607.1489535041,192284.96773726435,188050.29229675233,188026.33302024714,192464.81740884614,187233.53189238618,185070.20759647115,189770.56048088218,193157.19086239074,188472.35110876142,187512.46810863697,187046.210894294,181095.21593653035,186935.18820881745,187450.2359663589,186981.1534881476,197977.60402516724,192179.37541447039,193029.67323813678
197888.49563882244,191873.6912018655,175608.00260177953,180225.31275266115,206898.57507245563,196437.83463496494,188607.1489535041,192284.96773726435,188050.29229675233,188026.33302024714,192464.81740884614,187233.53189238618,185070.20759647115,189770.56048088218,193157.19086239074,188472.35110876142,187512.46810863697,187046.210894294,181095.21593653035,186935.18820881745,187450.2359663589,186981.1534881476,197977.60402516724,192179.37541447039,193029.67323813678
197888.49563882244,191873.6912018655,175608.00260177953,180225.31275266115,206898.57507245563,196437.83463496494,188607.1489535041,192284.96773726435,188050.29229675233,188026.33302024714,192464.81740884614,187233.53189238618,185070.20759647115,189770.56048088218,193157.19086239074,188472.35110876142,187512.46810863697,187046.210894294,181095.21593653035,186935.18820881745,187450.2359663589,186981.1534881476,197977.60402516724,192179.37541447039,193029.67323813678
197888.49563882244,191873.6912018655,175608.00260177953,180225.31275266115,206898.57507245563,196437.83463496494,188607.1489535041,192284.96773726435,188050.29229675233,188026.33302024714,192464.81740884614,187233.53189238618,185070.20759647115,189770.56048088218,193157.19086239074,188472.35110876142,187512.46810863697,187046.210894294,181095.21593653035,186935.18820881745,187450.2359663589,186981.1534881476,197977.60402516724,192179.37541447039,193029.67323813678
197888.49563882244,191873.6912018655,175608.00260177953,180225.31275266115,206898.57507245563,196437.83463496494,188607.1489535041,192284.96773726435,188050.29229675233,188026.33302024714,192464.81740884614,187233.53189238618,185070.20759647115,189770.56048088218,193157.19086239074,188472.35110876142,187512.46810863697,187046.210894294,181095.21593653035,186935.18820881745,187450.2359663589,186981.1534881476,197977.60402516724,192179.37541447039,193029.67323813678
197888.49563882244,191873.6912018655,175608.00260177953,180225.31275266115,206898.57507245563,196437.83463496494,188607.1489535041,192284.96773726435,188050.29229675233,188026.33302024714,192464.81740884614,187233.53189238618,185070.20759647115,189770.56048088218,193157.19086239074,188472.35110876142,187512.46810863697,187046.210894294,181095.21593653035,186935.18820881745,187450.2359663589,186981.1534881476,197977.60402516724,192179.37541447039,193029.67323813678
197888.49563882244,191873.6912018655,175608.00260177953,180225.31275266115,206898.57507245563,196437.83463496494,188607.1489535041,192284.96773726435,188050.29229675233,188026.33302024714,192464.81740884614,187233.53189238618,185070.20759647115,189770.56048088218,193157.19086239074,188472.35110876142,187512.46810863697,187046.210894294,181095.21593653035,186935.18820881745,187450.2359663589,186981.1534881476,197977.60402516724,192179.37541447039,193029.67323813678
197888.49563882244,191873.6912018655,175608.00260177953,180225.31275266115,206898.57507245563,196437.83463496494,188607.1489535041,192284.96773726435,188050.29229675233,188026.33302024714,192464.81740884614,187233.53189238618,185070.20759647115,189770.56048088218,193157.19086239074,188472.35110876142,187512.46810863697,187046.210894294,181095.21593653035,186935.18820881745,187450.2359663589,186981.1534881476,197977.60402516724,192179.37541447039,193029.67323813678
197888.49563882244,191873.6912018655,175608.00260177953,180225.31275266115,206898.57507245563,196437.83463496494,188607.1489535041,192284.96773726435,188050.29229675233,188026.33302024714,192464.81740884614,187233.53189238618,185070.20759647115,189770.56048088218,193157.19086239074,188472.35110876142,187512.46810863697,187046.210894294,181095.21593653035,186935.18820881745,187450.2359663589,186981.1534881476,197977.60402516724,192179.37541447039,193029.67323813678
197888.49563882244,191873.6912018655,175608.00260177953,180225.31275266115,206898.57507245563,196437.83463496494,188607.1489535041,192284.96773726435,188050.29229675233,188026.33302024714,192464.81740884614,187233.53189238618,185070.20759647115,189770.56048088218,193157.19086239074,188472.35110876142,187512.46810863697,187046.210894294,181095.21593653035,186935.18820881745,187450.2359663589,186981.1534881476,197977.60402516724,192179.37541447039,193029.67323813678
197888.49563882244,191873.6912018655,175608.00260177953,180225.31275266115,206898.57507245563,196437.83463496494,188607.1489535041,192284.96773726435,188050.29229675233,188026.33302024714,192464.81740884614,187233.53189238618,185070.20759647115,189770.56048088218,193157.19086239074,188472.35110876142,187512.46810863697,187046.210894294,181095.21593653035,186935.18820881745,187450.2359663589,186981.1534881476,197977.60402516724,192179.37541447039,193029.67323813678
197888.49563882244,191873.6912018655,175608.00260177953,180225.31275266115,206898.57507245563,196437.83463496494,188607.1489535041,192284.96773726435,188050.29229675233,188026.33302024714,192464.81740884614,187233.53189238618,185070.20759647115,189770.56048088218,193157.19086239074,188472.35110876142,187512.46810863697,187046.210894294,181095.21593653035,186935.18820881745,187450.2359663589,186981.1534881476,197977.60402516724,192179.37541447039,193029.67323813678
197888.49563882244,191873.6912018655,175608.00260177953,180225.31275266115,206898.57507245563,196437.83463496494,188607.1489535041,192284.96773726435,188050.29229675233,188026.33302024714,192464.81740884614,187233.53189238618,185070.20759647115,189770.56048088218,193157.19086239074,188472.35110876142,187512.46810863697,187046.210894294,181095.21593653035,186935.18820881745,187450.2359663589,186981.1534881476,197977.60402516724,192179.37541447039,193029.67323813678
197888.49563882244,191873.6912018655,175608.00260177953,180225.31275266115,206898.57507245563,196437.83463496494,188607.1489535041,192284.96773726435,188050.29229675233,188026.33302024714,192464.81740884614,187233.53189238618,185070.20759647115,189770.56048088218,193157.19086239074,188472.35110876142,187512.46810863697,187046.210894294,181095.21593653035,186935.18820881745,187450.2359663589,186981.1534881476,197977.60402516724,192179.37541447039,193029.67323813678
197888.49563882244,191873.6912018655,175608.00260177953,180225.31275266115,206898.57507245563,196437.83463496494,188607.1489535041,192284.96773726435,188050.29229675233,188026.33302024714,192464.81740884614,187233.53189238618,185070.20759647115,189770.56048088218,193157.19086239074,188472.35110876142,187512.46810863697,187046.210894294,181095.21593653035,186935.18820881745,187450.2359663589,186981.1534881476,197977.60402516724,192179.37541447039,193029.67323813678
197888.49563882244,191873.6912018655,175608.00260177953,180225.31275266115,206898.57507245563,196437.83463496494,188607.1489535041,192284.96773726435,188050.29229675233,188026.33302024714,192464.81740884614,187233.53189238618,185070.20759647115,189770.56048088218,193157.19086239074,188472.35110876142,187512.46810863697,187046.210894294,181095.21593653035,186935.18820881745,187450.2359663589,186981.1534881476,197977.60402516724,192179.37541447039,193029.67323813678
197888.49563882244,191873.6912018655,175608.00260177953,180225.31275266115,206898.57507245563,196437.83463496494,188607.1489535041,192284.96773726435,188050.29229675233,188026.33302024714,192464.81740884614,187233.53189238618,185070.20759647115,189770.56048088218,193157.19086239074,188472.35110876142,187512.46810863697,187046.210894294,181095.21593653035,186935.18820881745,187450.2359663589,186981.1534881476,197977.60402516724,192179.37541447039,193029.67323813678
197888.49563882244,191873.6912018655,175608.00260177953,180225.31275266115,206898.57507245563,196437.83463496494,188607.1489535041,192284.96773726435,188050.29229675233,188026.33302024714,192464.81740884614,187233.53189238618,185070.20759647115,189770.56048088218,193157.19086239074,188472.35110876142,187512.46810863697,187046.210894294,181095.21593653035,186935.18820881745,187450.2359663589,186981.1534881476,197977.60402516724,192179.37541447039,193029.67323813678
197888.49563882244,191873.6912018655,175608.00260177953,180225.31275266115,206898.57507245563,196437.83463496494,188607.1489535041,192284.96773726435,188050.29229675233,188026.33302024714,192464.81740884614,187233.53189238618,185070.20759647115,189770.56048088218,193157.19086239074,188472.35110876142,187512.46810863697,187046.210894294,181095.21593653035,186935.18820881745,187450.2359663589,186981.1534881476,197977.60402516724,192179.37541447039,193029.67323813678
197888.49563882244,191873.6912018655,175608.00260177953,180225.31275266115,206898.57507245563,196437.83463496494,188607.1489535041,192284.96773726435,188050.29229675233,188026.33302024714,192464.81740884614,187233.53189238618,185070.20759647115,189770.56048088218,193157.19086239074,188472.35110876142,187512.46810863697,187046.210894294,181095.21593653035,186935.18820881745,187450.2359663589,186981.1534881476,197977.60402516724,192179.37541447039,193029.67323813678
197888.49563882244,191873.6912018655,175608.00260177953,180225.31275266115,206898.57507245563,196437.83463496494,188607.1489535041,192284.96773726435,188050.29229675233,188026.33302024714,192464.81740884614,187233.53189238618,185070.20759647115,189770.56048088218,193157.19086239074,188472.35110876142,187512.46810863697,187046.210894294,181095.21593653035,186935.18820881745,187450.2359663589,186981.1534881476,197977.60402516724,192179.37541447039,193029.67323813678
197888.49563882244,191873.6912018655,175608.00260177953,180225.31275266115,206898.57507245563,196437.83463496494,188607.1489535041,192284.96773726435,188050.29229675233,188026.33302024714,192464.81740884614,187233.53189238618,185070.20759647115,189770.56048088218,193157.19086239074,188472.35110876142,187512.46810863697,187046.210894294,181095.21593653035,186935.18820881745,187450.2359663589,186981.1534881476,197977.60402516724,192179.37541447039,193029.67323813678
197888.49563882244,191873.6912018655,175608.00260177953,180225.31275266115,206898.57507245563,196437.83463496494,188607.1489535041,192284.96773726435,188050.29229675233,188026.33302024714,192464.81740884614,187233.53189238618,185070.20759647115,189770.56048088218,193157.19086239074,188472.35110876142,187512.46810863697,187046.210894294,181095.21593653035,186935.18820881745,187450.2359663589,186981.1534881476,197977.60402516724,192179.37541447039,193029.67323813678
197888.49563882244,191873.6912018655,175608.00260177953,180225.31275266115,206898.57507245563,196437.83463496494,188607.1489535041,192284.96773726435,188050.29229675233,188026.33302024714,192464.81740884614,187233.53189238618,185070.20759647115,189770.56048088218,193157.19086239074,188472.35110876142,187512.46810863697,187046.210894294,181095.21593653035,186935.18820881745,187450.2359663589,186981.1534881476,197977.60402516724,192179.37541447039,193029.67323813678
197888.49563882244,191873.6912018655,175608.00260177953,180225.31275266115,206898.57507245563,196437.83463496494,188607.1489535041,192284.96773726435,188050.29229675233,188026.33302024714,192464.81740884614,187233.53189238618,185070.20759647115,189770.56048088218,193157.19086239074,188472.35110876142,187512.46810863697,187046.210894294,181095.21593653035,186935.18820881745,187450.2359663589,186981.1534881476,197977.60402516724,192179.37541447039,193029.67323813678
197888.49563882244,191873.6912018655,175608.00260177953,180225.31275266115,206898.57507245563,196437.83463496494,188607.1489535041,192284.96773726435,188050.29229675233,188026.33302024714,192464.81740884614,187233.53189238618,185070.20759647115,189770.56048088218,193157.19086239074,188472.35110876142,187512.46810863697,187046.210894294,181095.21593653035,186935.18820881745,187450.2359663589,186981.1534881476,197977.60402516724,192179.37541447039,193029.67323813678
197888.49563882244,191873.6912018655,175608.00260177953,180225.31275266115,206898.57507245563,196437.83463496494,188607.1489535041,192284.96773726435,188050.29229675233,188026.33302024714,192464.81740884614,187233.53189238618,185070.20759647115,189770.56048088218,193157.19086239074,188472.35110876142,187512.46810863697,187046.210894294,181095.21593653035,186935.18820881745,187450.2359663589,186981.1534881476,197977.60402516724,192179.37541447039,193029.67323813678
197888.49563882244,191873.6912018655,175608.00260177953,180225.31275266115,206898.57507245563,196437.83463496494,188607.1489535041,192284.96773726435,188050.29229675233,188026.33302024714,192464.81740884614,187233.53189238618,185070.20759647115,189770.56048088218,193157.19086239074,188472.35110876142,187512.46810863697,187046.210894294,181095.21593653035,186935.18820881745,187450.2359663589,186981.1534881476,197977.60402516724,192179.37541447039,193029.67323813678
197888.49563882244,191873.6912018655,175608.00260177953,180225.31275266115,206898.57507245563,196437.83463496494,188607.1489535041,192284.96773726435,188050.29229675233,188026.33302024714,192464.81740884614,187233.53189238618,185070.20759647115,189770.56048088218,193157.19086239074,188472.35110876142,187512.46810863697,187046.210894294,181095.21593653035,186935.18820881745,187450.2359663589,186981.1534881476,197977.60402516724,192179.37541447039,193029.67323813678
197888.49563882244,191873.6912018655,175608.00260177953,180225.31275266115,206898.57507245563,196437.83463496494,188607.1489535041,192284.96773726435,188050.29229675233,188026.33302024714,192464.81740884614,187233.53189238618,185070.20759647115,189770.56048088218,193157.19086239074,188472.35110876142,187512.46810863697,187046.210894294,181095.21593653035,186935.18820881745,187450.2359663589,186981.1534881476,197977.60402516724,192179.37541447039,193029.67323813678
197888.49563882244,191873.6912018655,175608.00260177953,180225.31275266115,206898.57507245563,196437.83463496494,188607.1489535041,192284.96773726435,188050.29229675233,188026.33302024714,192464.81740884614,187233.53189238618,185070.20759647115,189770.56048088218,193157.19086239074,188472.35110876142,187512.46810863697,187046.210894294,181095.21593653035,186935.18820881745,187450.2359663589,186981.1534881476,197977.60402516724,192179.37541447039,193029.67323813678
197888.49563882244,191873.6912018655,175608.00260177953,180225.31275266115,206898.57507245563,196437.83463496494,188607.1489535041,192284.96773726435,188050.29229675233,188026.33302024714,192464.81740884614,187233.53189238618,185070.20759647115,189770.56048088218,193157.19086239074,188472.35110876142,187512.46810863697,187046.210894294,181095.21593653035,186935.18820881745,187450.2359663589,186981.1534881476,197977.60402516724,192179.37541447039,193029.67323813678
197888.49563882244,191873.6912018655,175608.00260177953,180225.31275266115,206898.57507245563,196437.83463496494,188607.1489535041,192284.96773726435,188050.29229675233,188026.33302024714,192464.81740884614,187233.53189238618,185070.20759647115,189770.56048088218,193157.19086239074,188472.35110876142,187512.46810863697,187046.210894294,181095.21593653035,186935.18820881745,187450.2359663589,186981.1534881476,197977.60402516724,192179.37541447039,193029.67323813678
197888.49563882244,191873.6912018655,175608.00260177953,180225.31275266115,206898.57507245563,196437.83463496494,188607.1489535041,192284.96773726435,188050.29229675233,188026.33302024714,192464.81740884614,187233.53189238618,185070.20759647115,189770.56048088218,193157.19086239074,188472.35110876142,187512.46810863697,187046.210894294,181095.21593653035,186935.18820881745,187450.2359663589,186981.1534881476,197977.60402516724,192179.37541447039,193029.67323813678
197888.49563882244,191873.6912018655,175608.00260177953,180225.31275266115,206898.57507245563,196437.83463496494,188607.1489535041,192284.96773726435,188050.29229675233,188026.33302024714,192464.81740884614,187233.53189238618,185070.20759647115,189770.56048088218,193157.19086239074,188472.35110876142,187512.46810863697,187046.210894294,181095.21593653035,186935.18820881745,187450.2359663589,186981.1534881476,197977.60402516724,192179.37541447039,193029.67323813678
197888.49563882244,191873.6912018655,175608.00260177953,180225.31275266115,206898.57507245563,196437.83463496494,188607.1489535041,192284.96773726435,188050.29229675233,188026.33302024714,192464.81740884614,187233.53189238618,185070.20759647115,189770.56048088218,193157.19086239074,188472.35110876142,187512.46810863697,187046.210894294,181095.21593653035,186935.18820881745,187450.2359663589,186981.1534881476,197977.60402516724,192179.37541447039,193029.67323813678
197888.49563882244,191873.6912018655,175608.00260177953,180225.31275266115,206898.57507245563,196437.83463496494,188607.1489535041,192284.96773726435,188050.29229675233,188026.33302024714,192464.81740884614,187233.53189238618,185070.20759647115,189770.56048088218,193157.19086239074,188472.35110876142,187512.46810863697,187046.210894294,181095.21593653035,186935.18820881745,187450.2359663589,186981.1534881476,197977.60402516724,192179.37541447039,193029.67323813678
197888.49563882244,191873.6912018655,175608.00260177953,180225.31275266115,206898.57507245563,196437.83463496494,188607.1489535041,192284.96773726435,188050.29229675233,188026.33302024714,192464.81740884614,187233.53189238618,185070.20759647115,189770.56048088218,193157.19086239074,188472.35110876142,187512.46810863697,187046.210894294,181095.21593653035,186935.18820881745,187450.2359663589,186981.1534881476,197977.60402516724,192179.37541447039,193029.67323813678
197888.49563882244,191873.6912018655,175608.00260177953,180225.31275266115,206898.57507245563,196437.83463496494,188607.1489535041,192284.96773726435,188050.29229675233,188026.33302024714,192464.81740884614,187233.53189238618,185070.20759647115,189770.56048088218,193157.19086239074,188472.35110876142,187512.46810863697,187046.210894294,181095.21593653035,186935.18820881745,187450.2359663589,186981.1534881476,197977.60402516724,192179.37541447039,193029.67323813678
197888.49563882244,191873.6912018655,175608.00260177953,180225.31275266115,206898.57507245563,196437.83463496494,188607.1489535041,192284.96773726435,188050.29229675233,188026.33302024714,192464.81740884614,187233.53189238618,185070.20759647115,189770.56048088218,193157.19086239074,188472.35110876142,187512.46810863697,187046.210894294,181095.21593653035,186935.18820881745,187450.2359663589,186981.1534881476,197977.60402516724,192179.37541447039,193029.67323813678
197888.49563882244,191873.6912018655,175608.00260177953,180225.31275266115,206898.57507245563,196437.83463496494,188607.1489535041,192284.96773726435,188050.29229675233,188026.33302024714,192464.81740884614,187233.53189238618,185070.20759647115,189770.56048088218,193157.19086239074,188472.35110876142,187512.46810863697,187046.210894294,181095.21593653035,186935.18820881745,187450.2359663589,186981.1534881476,197977.60402516724,192179.37541447039,193029.67323813678
197888.49563882244,191873.6912018655,175608.00260177953,180225.31275266115,206898.57507245563,196437.83463496494,188607.1489535041,192284.96773726435,188050.29229675233,188026.33302024714,192464.81740884614,187233.53189238618,185070.20759647115,189770.56048088218,193157.19086239074,188472.35110876142,187512.46810863697,187046.210894294,181095.21593653035,186935.18820881745,187450.2359663589,186981.1534881476,197977.60402516724,192179.37541447039,193029.67323813678
197888.49563882244,191873.6912018655,175608.00260177953,180225.31275266115,206898.57507245563,196437.83463496494,188607.1489535041,192284.96773726435,188050.29229675233,188026.33302024714,192464.81740884614,187233.53189238618,185070.20759647115,189770.56048088218,193157.19086239074,188472.35110876142,187512.46810863697,187046.210894294,181095.21593653035,186935.18820881745,187450.2359663589,186981.1534881476,197977.60402516724,192179.37541447039,193029.67323813678
197888.49563882244,191873.6912018655,175608.00260177953,180225.31275266115,206898.57507245563,196437.83463496494,188607.1489535041,192284.96773726435,188050.29229675233,188026.33302024714,192464.81740884614,187233.53189238618,185070.20759647115,189770.56048088218,193157.19086239074,188472.35110876142,187512.46810863697,187046.210894294,181095.21593653035,186935.18820881745,187450.2359663589,186981.1534881476,197977.60402516724,192179.37541447039,193029.67323813678
197888.49563882244,191873.6912018655,175608.00260177953,180225.31275266115,206898.57507245563,196437.83463496494,188607.1489535041,192284.96773726435,188050.29229675233,188026.33302024714,192464.81740884614,187233.53189238618,185070.20759647115,189770.56048088218,193157.19086239074,188472.35110876142,187512.46810863697,187046.210894294,181095.21593653035,186935.18820881745,187450.2359663589,186981.1534881476,197977.60402516724,192179.37541447039,193029.67323813678
197888.49563882244,191873.6912018655,175608.00260177953,180225.31275266115,206898.57507245563,196437.83463496494,188607.1489535041,192284.96773726435,188050.29229675233,188026.33302024714,192464.81740884614,187233.53189238618,185070.20759647115,189770.56048088218,193157.19086239074,188472.35110876142,187512.46810863697,187046.210894294,181095.21593653035,186935.18820881745,187450.2359663589,186981.1534881476,197977.60402516724,192179.37541447039,193029.67323813678
197888.49563882244,191873.6912018655,175608.00260177953,180225.31275266115,206898.57507245563,196437.83463496494,188607.1489535041,192284.96773726435,188050.29229675233,188026.33302024714,192464.81740884614,187233.53189238618,185070.20759647115,189770.56048088218,193157.19086239074,188472.35110876142,187512.46810863697,187046.210894294,181095.21593653035,186935.18820881745,187450.2359663589,186981.1534881476,197977.60402516724,192179.37541447039,193029.67323813678
197888.49563882244,191873.6912018655,175608.00260177953,180225.31275266115,206898.57507245563,196437.83463496494,188607.1489535041,192284.96773726435,188050.29229675233,188026.33302024714,192464.81740884614,187233.53189238618,185070.20759647115,189770.56048088218,193157.19086239074,188472.35110876142,187512.46810863697,187046.210894294,181095.21593653035,186935.18820881745,187450.2359663589,186981.1534881476,197977.60402516724,192179.37541447039,193029.67323813678
197888.49563882244,191873.6912018655,175608.00260177953,180225.31275266115,206898.57507245563,196437.83463496494,188607.1489535041,192284.96773726435,188050.29229675233,188026.33302024714,192464.81740884614,187233.53189238618,185070.20759647115,189770.56048088218,193157.19086239074,188472.35110876142,187512.46810863697,187046.210894294,181095.21593653035,186935.18820881745,187450.2359663589,186981.1534881476,197977.60402516724,192179.37541447039,193029.67323813678
197888.49563882244,191873.6912018655,175608.00260177953,180225.31275266115,206898.57507245563,196437.83463496494,188607.1489535041,192284.96773726435,188050.29229675233,188026.33302024714,192464.81740884614,187233.53189238618,185070.20759647115,189770.56048088218,193157.19086239074,188472.35110876142,187512.46810863697,187046.210894294,181095.21593653035,186935.18820881745,187450.2359663589,186981.1534881476,197977.60402516724,192179.37541447039,193029.67323813678
197888.49563882244,191873.6912018655,175608.00260177953,180225.31275266115,206898.57507245563,196437.83463496494,188607.1489535041,192284.96773726435,188050.29229675233,188026.33302024714,192464.81740884614,187233.53189238618,185070.20759647115,189770.56048088218,193157.19086239074,188472.35110876142,187512.46810863697,187046.210894294,181095.21593653035,186935.18820881745,187450.2359663589,186981.1534881476,197977.60402516724,192179.37541447039,193029.67323813678
197888.49563882244,191873.6912018655,175608.00260177953,180225.31275266115,206898.57507245563,196437.83463496494,188607.1489535041,192284.96773726435,188050.29229675233,188026.33302024714,192464.81740884614,187233.53189238618,185070.20759647115,189770.56048088218,193157.19086239074,188472.35110876142,187512.46810863697,187046.210894294,181095.21593653035,186935.18820881745,187450.2359663589,186981.1534881476,197977.60402516724,192179.37541447039,193029.67323813678
197888.49563882244,191873.6912018655,175608.00260177953,180225.31275266115,206898.57507245563,196437.83463496494,188607.1489535041,192284.96773726435,188050.29229675233,188026.33302024714,192464.81740884614,187233.53189238618,185070.20759647115,189770.56048088218,193157.19086239074,188472.35110876142,187512.46810863697,187046.210894294,181095.21593653035,186935.18820881745,187450.2359663589,186981.1534881476,197977.60402516724,192179.37541447039,193029.67323813678
197888.49563882244,191873.6912018655,175608.00260177953,180225.31275266115,206898.57507245563,196437.83463496494,188607.1489535041,192284.96773726435,188050.29229675233,188026.33302024714,192464.81740884614,187233.53189238618,185070.20759647115,189770.56048088218,193157.19086239074,188472.35110876142,187512.46810863697,187046.210894294,181095.21593653035,186935.18820881745,187450.2359663589,186981.1534881476,197977.60402516724,192179.37541447039,193029.67323813678
197888.49563882244,191873.6912018655,175608.00260177953,180225.31275266115,206898.57507245563,196437.83463496494,188607.1489535041,192284.96773726435,188050.29229675233,188026.33302024714,192464.81740884614,187233.53189238618,185070.20759647115,189770.56048088218,193157.19086239074,188472.35110876142,187512.46810863697,187046.210894294,181095.21593653035,186935.18820881745,187450.2359663589,186981.1534881476,197977.60402516724,192179.37541447039,193029.67323813678
197888.49563882244,191873.6912018655,175608.00260177953,180225.31275266115,206898.57507245563,196437.83463496494,188607.1489535041,192284.96773726435,188050.29229675233,188026.33302024714,192464.81740884614,187233.53189238618,185070.20759647115,189770.56048088218,193157.19086239074,188472.35110876142,187512.46810863697,187046.210894294,181095.21593653035,186935.18820881745,187450.2359663589,186981.1534881476,197977.60402516724,192179.37541447039,193029.67323813678
197888.49563882244,191873.6912018655,175608.00260177953,180225.31275266115,206898.57507245563,196437.83463496494,188607.1489535041,192284.96773726435,188050.29229675233,188026.33302024714,192464.81740884614,187233.53189238618,185070.20759647115,189770.56048088218,193157.19086239074,188472.35110876142,187512.46810863697,187046.210894294,181095.21593653035,186935.18820881745,187450.2359663589,186981.1534881476,197977.60402516724,192179.37541447039,193029.67323813678
197888.49563882244,191873.6912018655,175608.00260177953,180225.31275266115,206898.57507245563,196437.83463496494,188607.1489535041,192284.96773726435,188050.29229675233,188026.33302024714,192464.81740884614,187233.53189238618,185070.20759647115,189770.56048088218,193157.19086239074,188472.35110876142,187512.46810863697,187046.210894294,181095.21593653035,186935.18820881745,187450.2359663589,186981.1534881476,197977.60402516724,192179.37541447039,193029.67323813678
197888.49563882244,191873.6912018655,175608.00260177953,180225.31275266115,206898.57507245563,196437.83463496494,188607.1489535041,192284.96773726435,188050.29229675233,188026.33302024714,192464.81740884614,187233.53189238618,185070.20759647115,189770.56048088218,193157.19086239074,188472.35110876142,187512.46810863697,187046.210894294,181095.21593653035,186935.18820881745,187450.2359663589,186981.1534881476,197977.60402516724,192179.37541447039,193029.67323813678
197888.49563882244,191873.6912018655,175608.00260177953,180225.31275266115,206898.57507245563,196437.83463496494,188607.1489535041,192284.96773726435,188050.29229675233,188026.33302024714,192464.81740884614,187233.53189238618,185070.20759647115,189770.56048088218,193157.19086239074,188472.35110876142,187512.46810863697,187046.210894294,181095.21593653035,186935.18820881745,187450.2359663589,186981.1534881476,197977.60402516724,192179.37541447039,193029.67323813678
197888.49563882244,191873.6912018655,175608.00260177953,180225.31275266115,206898.57507245563,196437.83463496494,188607.1489535041,192284.96773726435,188050.29229675233,188026.33302024714,192464.81740884614,187233.53189238618,185070.20759647115,189770.56048088218,193157.19086239074,188472.35110876142,187512.46810863697,187046.210894294,181095.21593653035,186935.18820881745,187450.2359663589,186981.1534881476,197977.60402516724,192179.37541447039,193029.67323813678
197888.49563882244,191873.6912018655,175608.00260177953,180225.31275266115,206898.57507245563,196437.83463496494,188607.1489535041,192284.96773726435,188050.29229675233,188026.33302024714,192464.81740884614,187233.53189238618,185070.20759647115,189770.56048088218,193157.19086239074,188472.35110876142,187512.46810863697,187046.210894294,181095.21593653035,186935.18820881745,187450.2359663589,186981.1534881476,197977.60402516724,192179.37541447039,193029.67323813678
197888.49563882244,191873.6912018655,175608.00260177953,180225.31275266115,206898.57507245563,196437.83463496494,188607.1489535041,192284.96773726435,188050.29229675233,188026.33302024714,192464.81740884614,187233.53189238618,185070.20759647115,189770.56048088218,193157.19086239074,188472.35110876142,187512.46810863697,187046.210894294,181095.21593653035,186935.18820881745,187450.2359663589,186981.1534881476,197977.60402516724,192179.37541447039,193029.67323813678
197888.49563882244,191873.6912018655,175608.00260177953,180225.31275266115,206898.57507245563,196437.83463496494,188607.1489535041,192284.96773726435,188050.29229675233,188026.33302024714,192464.81740884614,187233.53189238618,185070.20759647115,189770.56048088218,193157.19086239074,188472.35110876142,187512.46810863697,187046.210894294,181095.21593653035,186935.18820881745,187450.2359663589,186981.1534881476,197977.60402516724,192179.37541447039,193029.67323813678
197888.49563882244,191873.6912018655,175608.00260177953,180225.31275266115,206898.57507245563,196437.83463496494,188607.1489535041,192284.96773726435,188050.29229675233,188026.33302024714,192464.81740884614,187233.53189238618,185070.20759647115,189770.56048088218,193157.19086239074,188472.35110876142,187512.46810863697,187046.210894294,181095.21593653035,186935.18820881745,187450.2359663589,186981.1534881476,197977.60402516724,192179.37541447039,193029.67323813678
197888.49563882244,191873.6912018655,175608.00260177953,180225.31275266115,206898.57507245563,196437.83463496494,188607.1489535041,192284.96773726435,188050.29229675233,188026.33302024714,192464.81740884614,187233.53189238618,185070.20759647115,189770.56048088218,193157.19086239074,188472.35110876142,187512.46810863697,187046.210894294,181095.21593653035,186935.18820881745,187450.2359663589,186981.1534881476,197977.60402516724,192179.37541447039,193029.67323813678
197888.49563882244,191873.6912018655,175608.00260177953,180225.31275266115,206898.57507245563,196437.83463496494,188607.1489535041,192284.96773726435,188050.29229675233,188026.33302024714,192464.81740884614,187233.53189238618,185070.20759647115,189770.56048088218,193157.19086239074,188472.35110876142,187512.46810863697,187046.210894294,181095.21593653035,186935.18820881745,187450.2359663589,186981.1534881476,197977.60402516724,192179.37541447039,193029.67323813678
197888.49563882244,191873.6912018655,175608.00260177953,180225.31275266115,206898.57507245563,196437.83463496494,188607.1489535041,192284.96773726435,188050.29229675233,188026.33302024714,192464.81740884614,187233.53189238618,185070.20759647115,189770.56048088218,193157.19086239074,188472.35110876142,187512.46810863697,187046.210894294,181095.21593653035,186935.18820881745,187450.2359663589,186981.1534881476,197977.60402516724,192179.37541447039,193029.67323813678
197888.49563882244,191873.6912018655,175608.00260177953,180225.31275266115,206898.57507245563,196437.83463496494,188607.1489535041,192284.96773726435,188050.29229675233,188026.33302024714,192464.81740884614,187233.53189238618,185070.20759647115,189770.56048088218,193157.19086239074,188472.35110876142,187512.46810863697,187046.210894294,181095.21593653035,186935.18820881745,187450.2359663589,186981.1534881476,197977.60402516724,192179.37541447039,193029.67323813678
197888.49563882244,191873.6912018655,175608.00260177953,180225.31275266115,206898.57507245563,196437.83463496494,188607.1489535041,192284.96773726435,188050.29229675233,188026.33302024714,192464.81740884614,187233.53189238618,185070.20759647115,189770.56048088218,193157.19086239074,188472.35110876142,187512.46810863697,187046.210894294,181095.21593653035,186935.18820881745,187450.2359663589,186981.1534881476,197977.60402516724,192179.37541447039,193029.67323813678
197888.49563882244,191873.6912018655,175608.00260177953,180225.31275266115,206898.57507245563,196437.83463496494,188607.1489535041,192284.96773726435,188050.29229675233,188026.33302024714,192464.81740884614,187233.53189238618,185070.20759647115,189770.56048088218,193157.19086239074,188472.35110876142,187512.46810863697,187046.210894294,181095.21593653035,186935.18820881745,187450.2359663589,186981.1534881476,197977.60402516724,192179.37541447039,193029.67323813678
197888.49563882244,191873.6912018655,175608.00260177953,180225.31275266115,206898.57507245563,196437.83463496494,188607.1489535041,192284.96773726435,188050.29229675233,188026.33302024714,192464.81740884614,187233.53189238618,185070.20759647115,189770.56048088218,193157.19086239074,188472.35110876142,187512.46810863697,187046.210894294,181095.21593653035,186935.18820881745,187450.2359663589,186981.1534881476,197977.60402516724,192179.37541447039,193029.67323813678
197888.49563882244,191873.6912018655,175608.00260177953,180225.31275266115,206898.57507245563,196437.83463496494,188607.1489535041,192284.96773726435,188050.29229675233,188026.33302024714,192464.81740884614,187233.53189238618,185070.20759647115,189770.56048088218,193157.19086239074,188472.35110876142,187512.46810863697,187046.210894294,181095.21593653035,186935.18820881745,187450.2359663589,186981.1534881476,197977.60402516724,192179.37541447039,193029.67323813678
197888.49563882244,191873.6912018655,175608.00260177953,180225.31275266115,206898.57507245563,196437.83463496494,188607.1489535041,192284.96773726435,188050.29229675233,188026.33302024714,192464.81740884614,187233.53189238618,185070.20759647115,189770.56048088218,193157.19086239074,188472.35110876142,187512.46810863697,187046.210894294,181095.21593653035,186935.18820881745,187450.2359663589,186981.1534881476,197977.60402516724,192179.37541447039,193029.67323813678
197888.49563882244,191873.6912018655,175608.00260177953,180225.31275266115,206898.57507245563,196437.83463496494,188607.1489535041,192284.96773726435,188050.29229675233,188026.33302024714,192464.81740884614,187233.53189238618,185070.20759647115,189770.56048088218,193157.19086239074,188472.35110876142,187512.46810863697,187046.210894294,181095.21593653035,186935.18820881745,187450.2359663589,186981.1534881476,197977.60402516724,192179.37541447039,193029.67323813678
197888.49563882244,191873.6912018655,175608.00260177953,180225.31275266115,206898.57507245563,196437.83463496494,188607.1489535041,192284.96773726435,188050.29229675233,188026.33302024714,192464.81740884614,187233.53189238618,185070.20759647115,189770.56048088218,193157.19086239074,188472.35110876142,187512.46810863697,187046.210894294,181095.21593653035,186935.18820881745,187450.2359663589,186981.1534881476,197977.60402516724,192179.37541447039,193029.67323813678
197888.49563882244,191873.6912018655,175608.00260177953,180225.31275266115,206898.57507245563,196437.83463496494,188607.1489535041,192284.96773726435,188050.29229675233,188026.33302024714,192464.81740884614,187233.53189238618,185070.20759647115,189770.56048088218,193157.19086239074,188472.35110876142,187512.46810863697,187046.210894294,181095.21593653035,186935.18820881745,187450.2359663589,186981.1534881476,197977.60402516724,192179.37541447039,193029.67323813678
197888.49563882244,191873.6912018655,175608.00260177953,180225.31275266115,206898.57507245563,196437.83463496494,188607.1489535041,192284.96773726435,188050.29229675233,188026.33302024714,192464.81740884614,187233.53189238618,185070.20759647115,189770.56048088218,193157.19086239074,188472.35110876142,187512.46810863697,187046.210894294,181095.21593653035,186935.18820881745,187450.2359663589,186981.1534881476,197977.60402516724,192179.37541447039,193029.67323813678
197888.49563882244,191873.6912018655,175608.00260177953,180225.31275266115,206898.57507245563,196437.83463496494,188607.1489535041,192284.96773726435,188050.29229675233,188026.33302024714,192464.81740884614,187233.53189238618,185070.20759647115,189770.56048088218,193157.19086239074,188472.35110876142,187512.46810863697,187046.210894294,181095.21593653035,186935.18820881745,187450.2359663589,186981.1534881476,197977.60402516724,192179.37541447039,193029.67323813678
197888.49563882244,191873.6912018655,175608.00260177953,180225.31275266115,206898.57507245563,196437.83463496494,188607.1489535041,192284.96773726435,188050.29229675233,188026.33302024714,192464.81740884614,187233.53189238618,185070.20759647115,189770.56048088218,193157.19086239074,188472.35110876142,187512.46810863697,187046.210894294,181095.21593653035,186935.18820881745,187450.2359663589,186981.1534881476,197977.60402516724,192179.37541447039,193029.67323813678
197888.49563882244,191873.6912018655,175608.00260177953,180225.31275266115,206898.57507245563,196437.83463496494,188607.1489535041,192284.96773726435,188050.29229675233,188026.33302024714,192464.81740884614,187233.53189238618,185070.20759647115,189770.56048088218,193157.19086239074,188472.35110876142,187512.46810863697,187046.210894294,181095.21593653035,186935.18820881745,187450.2359663589,186981.1534881476,197977.60402516724,192179.37541447039,193029.67323813678
197888.49563882244,191873.6912018655,175608.00260177953,180225.31275266115,206898.57507245563,196437.83463496494,188607.1489535041,192284.96773726435,188050.29229675233,188026.33302024714,192464.81740884614,187233.53189238618,185070.20759647115,189770.56048088218,193157.19086239074,188472.35110876142,187512.46810863697,187046.210894294,181095.21593653035,186935.18820881745,187450.2359663589,186981.1534881476,197977.60402516724,192179.37541447039,193029.67323813678
197888.49563882244,191873.6912018655,175608.00260177953,180225.31275266115,206898.57507245563,196437.83463496494,188607.1489535041,192284.96773726435,188050.29229675233,188026.33302024714,192464.81740884614,187233.53189238618,185070.20759647115,189770.56048088218,193157.19086239074,188472.35110876142,187512.46810863697,187046.210894294,181095.21593653035,186935.18820881745,187450.2359663589,186981.1534881476,197977.60402516724,192179.37541447039,193029.67323813678
197888.49563882244,191873.6912018655,175608.00260177953,180225.31275266115,206898.57507245563,196437.83463496494,188607.1489535041,192284.96773726435,188050.29229675233,188026.33302024714,192464.81740884614,187233.53189238618,185070.20759647115,189770.56048088218,193157.19086239074,188472.35110876142,187512.46810863697,187046.210894294,181095.21593653035,186935.18820881745,187450.2359663589,186981.1534881476,197977.60402516724,192179.37541447039,193029.67323813678
197888.49563882244,191873.6912018655,175608.00260177953,180225.31275266115,206898.57507245563,196437.83463496494,188607.1489535041,192284.96773726435,188050.29229675233,188026.33302024714,192464.81740884614,187233.53189238618,185070.20759647115,189770.56048088218,193157.19086239074,188472.35110876142,187512.46810863697,187046.210894294,181095.21593653035,186935.18820881745,187450.2359663589,186981.1534881476,197977.60402516724,192179.37541447039,193029.67323813678
197888.49563882244,191873.6912018655,175608.00260177953,180225.31275266115,206898.57507245563,196437.83463496494,188607.1489535041,192284.96773726435,188050.29229675233,188026.33302024714,192464.81740884614,187233.53189238618,185070.20759647115,189770.56048088218,193157.19086239074,188472.35110876142,187512.46810863697,187046.210894294,181095.21593653035,186935.18820881745,187450.2359663589,186981.1534881476,197977.60402516724,192179.37541447039,193029.67323813678
197888.49563882244,191873.6912018655,175608.00260177953,180225.31275266115,206898.57507245563,196437.83463496494,188607.1489535041,192284.96773726435,188050.29229675233,188026.33302024714,192464.81740884614,187233.53189238618,185070.20759647115,189770.56048088218,193157.19086239074,188472.35110876142,187512.46810863697,187046.210894294,181095.21593653035,186935.18820881745,187450.2359663589,186981.1534881476,197977.60402516724,192179.37541447039,193029.67323813678
197888.49563882244,191873.6912018655,175608.00260177953,180225.31275266115,206898.57507245563,196437.83463496494,188607.1489535041,192284.96773726435,188050.29229675233,188026.33302024714,192464.81740884614,187233.53189238618,185070.20759647115,189770.56048088218,193157.19086239074,188472.35110876142,187512.46810863697,187046.210894294,181095.21593653035,186935.18820881745,187450.2359663589,186981.1534881476,197977.60402516724,192179.37541447039,193029.67323813678
197888.49563882244,191873.6912018655,175608.00260177953,180225.31275266115,206898.57507245563,196437.83463496494,188607.1489535041,192284.96773726435,188050.29229675233,188026.33302024714,192464.81740884614,187233.53189238618,185070.20759647115,189770.56048088218,193157.19086239074,188472.35110876142,187512.46810863697,187046.210894294,181095.21593653035,186935.18820881745,187450.2359663589,186981.1534881476,197977.60402516724,192179.37541447039,193029.67323813678
197888.49563882244,191873.6912018655,175608.00260177953,180225.31275266115,206898.57507245563,196437.83463496494,188607.1489535041,192284.96773726435,188050.29229675233,188026.33302024714,192464.81740884614,187233.53189238618,185070.20759647115,189770.56048088218,193157.19086239074,188472.35110876142,187512.46810863697,187046.210894294,181095.21593653035,186935.18820881745,187450.2359663589,186981.1534881476,197977.60402516724,192179.37541447039,193029.67323813678
197888.49563882244,191873.6912018655,175608.00260177953,180225.31275266115,206898.57507245563,196437.83463496494,188607.1489535041,192284.96773726435,188050.29229675233,188026.33302024714,192464.81740884614,187233.53189238618,185070.20759647115,189770.56048088218,193157.19086239074,188472.35110876142,187512.46810863697,187046.210894294,181095.21593653035,186935.18820881745,187450.2359663589,186981.1534881476,197977.60402516724,192179.37541447039,193029.67323813678
197888.49563882244,191873.6912018655,175608.00260177953,180225.31275266115,206898.57507245563,196437.83463496494,188607.1489535041,192284.96773726435,188050.29229675233,188026.33302024714,192464.81740884614,187233.53189238618,185070.20759647115,189770.56048088218,193157.19086239074,188472.35110876142,187512.46810863697,187046.210894294,181095.21593653035,186935.18820881745,187450.2359663589,186981.1534881476,197977.60402516724,192179.37541447039,193029.67323813678
197888.49563882244,191873.6912018655,175608.00260177953,180225.31275266115,206898.57507245563,196437.83463496494,188607.1489535041,192284.96773726435,188050.29229675233,188026.33302024714,192464.81740884614,187233.53189238618,185070.20759647115,189770.56048088218,193157.19086239074,188472.35110876142,187512.46810863697,187046.210894294,181095.21593653035,186935.18820881745,187450.2359663589,186981.1534881476,197977.60402516724,192179.37541447039,193029.67323813678
197888.49563882244,191873.6912018655,175608.00260177953,180225.31275266115,206898.57507245563,196437.83463496494,188607.1489535041,192284.96773726435,188050.29229675233,188026.33302024714,192464.81740884614,187233.53189238618,185070.20759647115,189770.56048088218,193157.19086239074,188472.35110876142,187512.46810863697,187046.210894294,181095.21593653035,186935.18820881745,187450.2359663589,186981.1534881476,197977.60402516724,192179.37541447039,193029.67323813678
197888.49563882244,191873.6912018655,175608.00260177953,180225.31275266115,206898.57507245563,196437.83463496494,188607.1489535041,192284.96773726435,188050.29229675233,188026.33302024714,192464.81740884614,187233.53189238618,185070.20759647115,189770.56048088218,193157.19086239074,188472.35110876142,187512.46810863697,187046.210894294,181095.21593653035,186935.18820881745,187450.2359663589,186981.1534881476,197977.60402516724,192179.37541447039,193029.67323813678
197888.49563882244,191873.6912018655,175608.00260177953,180225.31275266115,206898.57507245563,196437.83463496494,188607.1489535041,192284.96773726435,188050.29229675233,188026.33302024714,192464.81740884614,187233.53189238618,185070.20759647115,189770.56048088218,193157.19086239074,188472.35110876142,187512.46810863697,187046.210894294,181095.21593653035,186935.18820881745,187450.2359663589,186981.1534881476,197977.60402516724,192179.37541447039,193029.67323813678
197888.49563882244,191873.6912018655,175608.00260177953,180225.31275266115,206898.57507245563,196437.83463496494,188607.1489535041,192284.96773726435,188050.29229675233,188026.33302024714,192464.81740884614,187233.53189238618,185070.20759647115,189770.56048088218,193157.19086239074,188472.35110876142,187512.46810863697,187046.210894294,181095.21593653035,186935.18820881745,187450.2359663589,186981.1534881476,197977.60402516724,192179.37541447039,193029.67323813678
197888.49563882244,191873.6912018655,175608.00260177953,180225.31275266115,206898.57507245563,196437.83463496494,188607.1489535041,192284.96773726435,188050.29229675233,188026.33302024714,192464.81740884614,187233.53189238618,185070.20759647115,189770.56048088218,193157.19086239074,188472.35110876142,187512.46810863697,187046.210894294,181095.21593653035,186935.18820881745,187450.2359663589,186981.1534881476,197977.60402516724,192179.37541447039,193029.67323813678
197888.49563882244,191873.6912018655,175608.00260177953,180225.31275266115,206898.57507245563,196437.83463496494,188607.1489535041,192284.96773726435,188050.29229675233,188026.33302024714,192464.81740884614,187233.53189238618,185070.20759647115,189770.56048088218,193157.19086239074,188472.35110876142,187512.46810863697,187046.210894294,181095.21593653035,186935.18820881745,187450.2359663589,186981.1534881476,197977.60402516724,192179.37541447039,193029.67323813678
197888.49563882244,191873.6912018655,175608.00260177953,180225.31275266115,206898.57507245563,196437.83463496494,188607.1489535041,192284.96773726435,188050.29229675233,188026.33302024714,192464.81740884614,187233.53189238618,185070.20759647115,189770.56048088218,193157.19086239074,188472.35110876142,187512.46810863697,187046.210894294,181095.21593653035,186935.18820881745,187450.2359663589,186981.1534881476,197977.60402516724,192179.37541447039,193029.67323813678
197888.49563882244,191873.6912018655,175608.00260177953,180225.31275266115,206898.57507245563,196437.83463496494,188607.1489535041,192284.96773726435,188050.29229675233,188026.33302024714,192464.81740884614,187233.53189238618,185070.20759647115,189770.56048088218,193157.19086239074,188472.35110876142,187512.46810863697,187046.210894294,181095.21593653035,186935.18820881745,187450.2359663589,186981.1534881476,197977.60402516724,192179.37541447039,193029.67323813678
197888.49563882244,191873.6912018655,175608.00260177953,180225.31275266115,206898.57507245563,196437.83463496494,188607.1489535041,192284.96773726435,188050.29229675233,188026.33302024714,192464.81740884614,187233.53189238618,185070.20759647115,189770.56048088218,193157.19086239074,188472.35110876142,187512.46810863697,187046.210894294,181095.21593653035,186935.18820881745,187450.2359663589,186981.1534881476,197977.60402516724,192179.37541447039,193029.67323813678
197888.49563882244,191873.6912018655,175608.00260177953,180225.31275266115,206898.57507245563,196437.83463496494,188607.1489535041,192284.96773726435,188050.29229675233,188026.33302024714,192464.81740884614,187233.53189238618,185070.20759647115,189770.56048088218,193157.19086239074,188472.35110876142,187512.46810863697,187046.210894294,181095.21593653035,186935.18820881745,187450.2359663589,186981.1534881476,197977.60402516724,192179.37541447039,193029.67323813678
197888.49563882244,191873.6912018655,175608.00260177953,180225.31275266115,206898.57507245563,196437.83463496494,188607.1489535041,192284.96773726435,188050.29229675233,188026.33302024714,192464.81740884614,187233.53189238618,185070.20759647115,189770.56048088218,193157.19086239074,188472.35110876142,187512.46810863697,187046.210894294,181095.21593653035,186935.18820881745,187450.2359663589,186981.1534881476,197977.60402516724,192179.37541447039,193029.67323813678
197888.49563882244,191873.6912018655,175608.00260177953,180225.31275266115,206898.57507245563,196437.83463496494,188607.1489535041,192284.96773726435,188050.29229675233,188026.33302024714,192464.81740884614,187233.53189238618,185070.20759647115,189770.56048088218,193157.19086239074,188472.35110876142,187512.46810863697,187046.210894294,181095.21593653035,186935.18820881745,187450.2359663589,186981.1534881476,197977.60402516724,192179.37541447039,193029.67323813678
197888.49563882244,191873.6912018655,175608.00260177953,180225.31275266115,206898.57507245563,196437.83463496494,188607.1489535041,192284.96773726435,188050.29229675233,188026.33302024714,192464.81740884614,187233.53189238618,185070.20759647115,189770.56048088218,193157.19086239074,188472.35110876142,187512.46810863697,187046.210894294,181095.21593653035,186935.18820881745,187450.2359663589,186981.1534881476,197977.60402516724,192179.37541447039,193029.67323813678
197888.49563882244,191873.6912018655,175608.00260177953,180225.31275266115,206898.57507245563,196437.83463496494,188607.1489535041,192284.96773726435,188050.29229675233,188026.33302024714,192464.81740884614,187233.53189238618,185070.20759647115,189770.56048088218,193157.19086239074,188472.35110876142,187512.46810863697,187046.210894294,181095.21593653035,186935.18820881745,187450.2359663589,186981.1534881476,197977.60402516724,192179.37541447039,193029.67323813678
197888.49563882244,191873.6912018655,175608.00260177953,180225.31275266115,206898.57507245563,196437.83463496494,188607.1489535041,192284.96773726435,188050.29229675233,188026.33302024714,192464.81740884614,187233.53189238618,185070.20759647115,189770.56048088218,193157.19086239074,188472.35110876142,187512.46810863697,187046.210894294,181095.21593653035,186935.18820881745,187450.2359663589,186981.1534881476,197977.60402516724,192179.37541447039,193029.67323813678
197888.49563882244,191873.6912018655,175608.00260177953,180225.31275266115,206898.57507245563,196437.83463496494,188607.1489535041,192284.96773726435,188050.29229675233,188026.33302024714,192464.81740884614,187233.53189238618,185070.20759647115,189770.56048088218,193157.19086239074,188472.35110876142,187512.46810863697,187046.210894294,181095.21593653035,186935.18820881745,187450.2359663589,186981.1534881476,197977.60402516724,192179.37541447039,193029.67323813678
197888.49563882244,191873.6912018655,175608.00260177953,180225.31275266115,206898.57507245563,196437.83463496494,188607.1489535041,192284.96773726435,188050.29229675233,188026.33302024714,192464.81740884614,187233.53189238618,185070.20759647115,189770.56048088218,193157.19086239074,188472.35110876142,187512.46810863697,187046.210894294,181095.21593653035,186935.18820881745,187450.2359663589,186981.1534881476,197977.60402516724,192179.37541447039,193029.67323813678
197888.49563882244,191873.6912018655,175608.00260177953,180225.31275266115,206898.57507245563,196437.83463496494,188607.1489535041,192284.96773726435,188050.29229675233,188026.33302024714,192464.81740884614,187233.53189238618,185070.20759647115,189770.56048088218,193157.19086239074,188472.35110876142,187512.46810863697,187046.210894294,181095.21593653035,186935.18820881745,187450.2359663589,186981.1534881476,197977.60402516724,192179.37541447039,193029.67323813678
197888.49563882244,191873.6912018655,175608.00260177953,180225.31275266115,206898.57507245563,196437.83463496494,188607.1489535041,192284.96773726435,188050.29229675233,188026.33302024714,192464.81740884614,187233.53189238618,185070.20759647115,189770.56048088218,193157.19086239074,188472.35110876142,187512.46810863697,187046.210894294,181095.21593653035,186935.18820881745,187450.2359663589,186981.1534881476,197977.60402516724,192179.37541447039,193029.67323813678
197888.49563882244,191873.6912018655,175608.00260177953,180225.31275266115,206898.57507245563,196437.83463496494,188607.1489535041,192284.96773726435,188050.29229675233,188026.33302024714,192464.81740884614,187233.53189238618,185070.20759647115,189770.56048088218,193157.19086239074,188472.35110876142,187512.46810863697,187046.210894294,181095.21593653035,186935.18820881745,187450.2359663589,186981.1534881476,197977.60402516724,192179.37541447039,193029.67323813678
197888.49563882244,191873.6912018655,175608.00260177953,180225.31275266115,206898.57507245563,196437.83463496494,188607.1489535041,192284.96773726435,188050.29229675233,188026.33302024714,192464.81740884614,187233.53189238618,185070.20759647115,189770.56048088218,193157.19086239074,188472.35110876142,187512.46810863697,187046.210894294,181095.21593653035,186935.18820881745,187450.2359663589,186981.1534881476,197977.60402516724,192179.37541447039,193029.67323813678
197888.49563882244,191873.6912018655,175608.00260177953,180225.31275266115,206898.57507245563,196437.83463496494,188607.1489535041,192284.96773726435,188050.29229675233,188026.33302024714,192464.81740884614,187233.53189238618,185070.20759647115,189770.56048088218,193157.19086239074,188472.35110876142,187512.46810863697,187046.210894294,181095.21593653035,186935.18820881745,187450.2359663589,186981.1534881476,197977.60402516724,192179.37541447039,193029.67323813678
197888.49563882244,191873.6912018655,175608.00260177953,180225.31275266115,206898.57507245563,196437.83463496494,188607.1489535041,192284.96773726435,188050.29229675233,188026.33302024714,192464.81740884614,187233.53189238618,185070.20759647115,189770.56048088218,193157.19086239074,188472.35110876142,187512.46810863697,187046.210894294,181095.21593653035,186935.18820881745,187450.2359663589,186981.1534881476,197977.60402516724,192179.37541447039,193029.67323813678
197888.49563882244,191873.6912018655,175608.00260177953,180225.31275266115,206898.57507245563,196437.83463496494,188607.1489535041,192284.96773726435,188050.29229675233,188026.33302024714,192464.81740884614,187233.53189238618,185070.20759647115,189770.56048088218,193157.19086239074,188472.35110876142,187512.46810863697,187046.210894294,181095.21593653035,186935.18820881745,187450.2359663589,186981.1534881476,197977.60402516724,192179.37541447039,193029.67323813678
197888.49563882244,191873.6912018655,175608.00260177953,180225.31275266115,206898.57507245563,196437.83463496494,188607.1489535041,192284.96773726435,188050.29229675233,188026.33302024714,192464.81740884614,187233.53189238618,185070.20759647115,189770.56048088218,193157.19086239074,188472.35110876142,187512.46810863697,187046.210894294,181095.21593653035,186935.18820881745,187450.2359663589,186981.1534881476,197977.60402516724,192179.37541447039,193029.67323813678
197888.49563882244,191873.6912018655,175608.00260177953,180225.31275266115,206898.57507245563,196437.83463496494,188607.1489535041,192284.96773726435,188050.29229675233,188026.33302024714,192464.81740884614,187233.53189238618,185070.20759647115,189770.56048088218,193157.19086239074,188472.35110876142,187512.46810863697,187046.210894294,181095.21593653035,186935.18820881745,187450.2359663589,186981.1534881476,197977.60402516724,192179.37541447039,193029.67323813678
197888.49563882244,178151.25333136163,175608.00260177953,180225.31275266115,206898.57507245563,196437.83463496494,188607.1489535041,192284.96773726435,188050.29229675233,188026.33302024714,192464.81740884614,187233.53189238618,185070.20759647115,189770.56048088218,193157.19086239074,188472.35110876142,187512.46810863697,187046.210894294,181095.21593653035,186935.18820881745,187450.2359663589,186981.1534881476,197977.60402516724,192179.37541447039,193029.67323813678
197888.49563882244,178151.25333136163,175608.00260177953,180225.31275266115,206898.57507245563,196437.83463496494,188607.1489535041,192284.96773726435,188050.29229675233,188026.33302024714,192464.81740884614,187233.53189238618,185070.20759647115,189770.56048088218,193157.19086239074,188472.35110876142,187512.46810863697,187046.210894294,181095.21593653035,186935.18820881745,187450.2359663589,186981.1534881476,197977.60402516724,192179.37541447039,193029.67323813678
197888.49563882244,178151.25333136163,175608.00260177953,180225.31275266115,206898.57507245563,188492.9199241418,188607.1489535041,192284.96773726435,188050.29229675233,188026.33302024714,192464.81740884614,187233.53189238618,185070.20759647115,189770.56048088218,193157.19086239074,188472.35110876142,187512.46810863697,187046.210894294,181095.21593653035,186935.18820881745,187450.2359663589,186981.1534881476,197977.60402516724,192179.37541447039,193029.67323813678
197888.49563882244,178151.25333136163,175608.00260177953,180225.31275266115,206898.57507245563,188492.9199241418,188607.1489535041,192284.96773726435,188050.29229675233,188026.33302024714,192464.81740884614,187233.53189238618,185070.20759647115,189770.56048088218,193157.19086239074,188472.35110876142,187512.46810863697,187046.210894294,181095.21593653035,186935.18820881745,187450.2359663589,186981.1534881476,197977.60402516724,192179.37541447039,193029.67323813678
197888.49563882244,178151.25333136163,175608.00260177953,180225.31275266115,206898.57507245563,188492.9199241418,188607.1489535041,192284.96773726435,188050.29229675233,188026.33302024714,192464.81740884614,187233.53189238618,176482.09421936114,189770.56048088218,193157.19086239074,188472.35110876142,187512.46810863697,187046.210894294,181095.21593653035,186935.18820881745,187450.2359663589,186981.1534881476,197977.60402516724,192179.37541447039,193029.67323813678
197888.49563882244,178151.25333136163,175608.00260177953,180225.31275266115,206898.57507245563,188492.9199241418,188607.1489535041,192284.96773726435,188050.29229675233,188026.33302024714,192464.81740884614,187233.53189238618,176482.09421936114,189770.56048088218,193157.19086239074,188472.35110876142,187512.46810863697,187046.210894294,181095.21593653035,186935.18820881745,187450.2359663589,186981.1534881476,197977.60402516724,192179.37541447039,193029.67323813678
197888.49563882244,178151.25333136163,175608.00260177953,180225.31275266115,206898.57507245563,188492.9199241418,188607.1489535041,192284.96773726435,188050.29229675233,188026.33302024714,192464.81740884614,187233.53189238618,172334.42558622535,189770.56048088218,193157.19086239074,188472.35110876142,187512.46810863697,187046.210894294,181095.21593653035,186935.18820881745,187450.2359663589,186981.1534881476,193353.9674471913,192179.37541447039,193029.67323813678
197888.49563882244,178151.25333136163,175608.00260177953,180225.31275266115,206898.57507245563,183951.95673572956,188607.1489535041,192284.96773726435,188050.29229675233,188026.33302024714,192464.81740884614,187233.53189238618,172334.42558622535,189770.56048088218,191285.30590917583,188472.35110876142,187512.46810863697,187046.210894294,181095.21593653035,186935.18820881745,187450.2359663589,186981.1534881476,193353.9674471913,192179.37541447039,193029.67323813678
197888.49563882244,178151.25333136163,175608.00260177953,180225.31275266115,206898.57507245563,165508.41980921742,187473.28402405538,192284.96773726435,188050.29229675233,188026.33302024714,192464.81740884614,187233.53189238618,167528.61926237404,189770.56048088218,191285.30590917583,188472.35110876142,187512.46810863697,187046.210894294,181095.21593653035,186935.18820881745,187450.2359663589,186981.1534881476,193353.9674471913,192179.37541447039,193029.67323813678
197888.49563882244,178151.25333136163,175608.00260177953,180225.31275266115,206898.57507245563,157039.39094695047,187473.28402405538,192284.96773726435,188050.29229675233,188026.33302024714,192464.81740884614,187233.53189238618,167528.61926237404,189770.56048088218,191285.30590917583,188472.35110876142,187512.46810863697,187046.210894294,181095.21593653035,186935.18820881745,187450.2359663589,186981.1534881476,193353.9674471913,192179.37541447039,193029.67323813678
197888.49563882244,178151.25333136163,175608.00260177953,180225.31275266115,206898.57507245563,157039.39094695047,187473.28402405538,192284.96773726435,188050.29229675233,188026.33302024714,192464.81740884614,187233.53189238618,167528.61926237404,189770.56048088218,191285.30590917583,188472.35110876142,187512.46810863697,187046.210894294,181095.21593653035,186935.18820881745,187450.2359663589,186981.1534881476,189186.42564099017,192179.37541447039,193029.67323813678
197888.49563882244,178151.25333136163,175608.00260177953,180225.31275266115,206898.57507245563,156130.93125953645,187196.20113618489,192284.96773726435,188050.29229675233,188026.33302024714,192464.81740884614,187233.53189238618,160847.92782907898,189770.56048088218,191285.30590917583,188472.35110876142,187512.46810863697,187046.210894294,181095.21593653035,186935.18820881745,187450.2359663589,186981.1534881476,189186.42564099017,192179.37541447039,193029.67323813678
197888.49563882244,178151.25333136163,175608.00260177953,180225.31275266115,206898.57507245563,149874.578553428,187196.20113618489,182453.00252211638,179978.8164934298,188026.33302024714,184615.80796225087,187233.53189238618,160847.92782907898,189770.56048088218,191285.30590917583,188472.35110876142,187512.46810863697,187046.210894294,181095.21593653035,186935.18820881745,187450.2359663589,186981.1534881476,189186.42564099017,192179.37541447039,193029.67323813678
197888.49563882244,178151.25333136163,175608.00260177953,180225.31275266115,201051.81740265837,135994.9423924551,187196.20113618489,178021.664031616,179978.8164934298,188026.33302024714,184615.80796225087,187233.53189238618,160847.92782907898,189770.56048088218,191285.30590917583,181921.5373296764,187512.46810863697,187046.210894294,179965.08653097507,186935.18820881745,187450.2359663589,178776.30775733272,171262.39761514528,192179.37541447039,193029.67323813678
197888.49563882244,178151.25333136163,175608.00260177953,180225.31275266115,200543.5103674632,135994.9423924551,187196.20113618489,178021.664031616,179978.8164934298,188026.33302024714,184615.80796225087,187233.53189238618,160847.92782907898,189770.56048088218,191285.30590917583,181921.5373296764,187512.46810863697,187046.210894294,179965.08653097507,186935.18820881745,187450.2359663589,178776.30775733272,171262.39761514528,192179.37541447039,193029.67323813678
197888.49563882244,178151.25333136163,175608.00260177953,180225.31275266115,200384.80774498422,135896.29474280518,187196.20113618489,159349.23102784838,179258.3414477002,188026.33302024714,184615.80796225087,187233.53189238618,158030.71806145806,189770.56048088218,191285.30590917583,181921.5373296764,187512.46810863697,187046.210894294,179965.08653097507,181700.4249317533,187450.2359663589,178776.30775733272,171262.39761514528,192179.37541447039,193029.67323813678
196735.1082002956,175011.6680348891,175608.00260177953,180225.31275266115,195395.11992293983,130014.25625546837,187196.20113618489,159349.23102784838,179258.3414477002,187814.83409419094,184615.80796225087,187233.53189238618,147684.65616249078,189499.8190547346,191285.30590917583,181921.5373296764,186512.67673884422,184948.3828892244,179965.08653097507,181700.4249317533,187450.2359663589,178776.30775733272,171262.39761514528,192179.37541447039,192779.63089362872
187531.79123208515,175011.6680348891,175608.00260177953,180225.31275266115,191031.45341139054,126530.87763710249,187196.20113618489,159349.23102784838,179258.3414477002,187814.83409419094,181343.9509748021,186050.86252459444,145212.49722096138,189499.8190547346,188846.63093986857,179747.33046747558,182354.805943894,184948.3828892244,179965.08653097507,181700.4249317533,187450.2359663589,178630.84946139407,171262.39761514528,192179.37541447039,192779.63089362872
187531.79123208515,175011.6680348891,175608.00260177953,180225.31275266115,186619.77079746468,122377.04233625096,187196.20113618489,159349.23102784838,179258.3414477002,187814.83409419094,181343.9509748021,186050.86252459444,144757.4962464496,188755.30602065762,188846.63093986857,179747.33046747558,181059.11712591824,184948.3828892244,179965.08653097507,176499.15345591167,187450.2359663589,178630.84946139407,171262.39761514528,190212.28766077512,192779.63089362872
187531.79123208515,175011.6680348891,175608.00260177953,177961.65254908078,184351.498894693,116801.13852641467,187196.20113618489,159349.23102784838,179258.3414477002,183751.10682819155,170329.2471329718,167539.99611205468,140492.42538051403,182409.78460827895,188846.63093986857,172458.89645533363,181059.11712591824,184948.3828892244,179965.08653097507,176499.15345591167,181610.18833485653,178630.84946139407,171262.39761514528,190212.28766077512,192779.63089362872
179668.71382047643,171091.02017274508,175608.00260177953,166504.89845888835,175766.0344767195,114735.96296186653,184193.6076979066,159349.23102784838,177809.88415990325,183751.10682819155,168898.2370652723,167539.99611205468,139367.97181259934,182409.78460827895,188846.63093986857,172458.89645533363,181059.11712591824,184948.3828892244,173019.28128762823,176499.15345591167,181610.18833485653,173705.44193806834,168591.6520659244,185215.5107364397,192779.63089362872
179668.71382047643,166415.1010306558,175608.00260177953,166504.89845888835,175766.0344767195,112296.91808688728,184193.6076979066,159349.23102784838,177809.88415990325,170056.09310874526,160168.4021277363,162499.11900642532,139367.97181259934,182409.78460827895,188846.63093986857,163419.27293279956,176407.4126305779,184948.3828892244,173019.28128762823,176499.15345591167,181610.18833485653,173705.44193806834,163805.9030265148,185215.5107364397,192779.63089362872
179455.60970283445,162165.1494739621,175608.00260177953,164910.720499653,175766.0344767195,101729.71641482608,181741.86003381526,159349.23102784838,177809.88415990325,170056.09310874526,160168.4021277363,162499.11900642532,135429.3034287572,169147.67244808472,188843.1718496058,163419.27293279956,176015.18342308595,184948.3828892244,171818.6696945111,176499.15345591167,177301.7800011337,171902.70907600963,163805.9030265148,176049.91767513304,192779.63089362872
172002.79930526926,162165.1494739621,175608.00260177953,161388.1922457076,175766.0344767195,101729.71641482608,178956.94499867933,155834.3946377784,172389.46685495184,169504.70353774595,151719.81386811088,162499.11900642532,134598.29375604933,169147.67244808472,188384.65837784248,163419.27293279956,176015.18342308595,184948.3828892244,167708.18988184986,167826.2620325503,175488.47880723854,168242.34450169248,160465.3264007576,165498.062190604,181642.8472722943
171461.27415104536,157515.59886488735,175608.00260177953,158415.16828828037,172611.8995788776,100745.80075403399,170016.38318342878,155834.3946377784,168699.69750146396,167164.7411591531,151719.81386811088,158949.41216931582,132763.83760003693,169147.67244808472,182768.6755746305,159031.31843984895,156724.57823860523,184948.3828892244,161500.49884593696,167826.2620325503,175488.47880723854,167607.90090391497,160465.3264007576,165498.062190604,177278.07416807147
163127.81552847315,157515.59886488735,175608.00260177953,150223.8321820274,172611.8995788776,99487.41118305511,170016.38318342878,152372.9303952069,168699.69750146396,164105.9009338388,151719.81386811088,158866.5659073768,132391.65025985005,163173.17639680376,182768.6755746305,154942.07203884076,156724.57823860523,184948.3828892244,158984.8728442602,164065.34568743996,167036.13121878135,157784.0216624484,158663.60345222548,165321.06009540078,177278.07416807147
160997.45340960164,156083.60992380834,172022.23386720216,150002.0226102602,172183.50112994201,94911.94206380693,165836.6708056307,151431.64364759656,161756.16295813338,161360.1469123698,146266.0700945515,154924.68032904132,129719.10421580804,163173.17639680376,182768.6755746305,153129.63944190933,156034.233759413,180685.71115427688,155406.72817222483,164065.34568743996,166614.89598607292,154114.39335476604,157517.6693167928,165321.06009540078,177278.07416807147
160997.45340960164,153813.4576209454,172022.23386720216,145408.16102630523,167307.1187157904,93210.11471654146,165365.95156438492,151431.64364759656,161756.16295813338,158054.4940961923,146266.0700945515,152702.64727796102,117040.03415384263,162140.84439990018,162523.75260959673,148838.14247172742,156034.233759413,180685.71115427688,152106.02099865314,164065.34568743996,161580.03345012013,154114.39335476604,150869.7290785275,164650.19245175418,169947.73082887108
156739.37263683364,150027.2232737907,172022.23386720216,132833.2702640111,166747.79432399955,91659.8733042676,163339.31662883435,150167.28875623003,159752.8509198968,153170.76313061564,142344.6676492345,145965.45545335338,114259.34343065684,160566.9580257702,155416.6402340855,148838.14247172742,153746.76392948773,180685.71115427688,145247.92767050368,164065.34568743996,159350.67356047535,152413.75857222165,150213.04996024922,159483.45996882647,169947.73082887108
156739.37263683364,150027.2232737907,168955.47597382843,132833.2702640111,162560.10487286974,90970.0268499862,161982.06485998965,140523.05753750497,153318.14007212906,153170.76313061564,139019.82707207705,138587.99137990337,113419.62771240178,155285.6114507602,155416.6402340855,145495.4745208559,149583.5729674591,175076.37319805362,144686.3964223914,159589.75805718842,154188.54988360294,149887.33858246973,150213.04996024922,156542.38741924157,166863.95401261185
151851.34804053308,148339.3409735136,166393.14325997522,126684.25250028816,156709.62462586773,90228.56219757962,160980.0801486353,140523.05753750497,151777.86611151078,149287.49813709743,138264.44851042653,138587.99137990337,109706.22388222563,154283.46178500864,155416.6402340855,144131.99832363141,149583.5729674591,174241.625407576,139628.85159215488,158870.91263313044,152670.1799692998,146140.23104497048,150213.04996024922,154741.18181044058,153052.0929928339
151147.52435121287,147456.16741941936,163811.15975197693,125292.7330166443,155523.02264182968,88897.24110193703,156712.92581403404,140523.05753750497,149180.40181106125,149142.78319455977,132902.87209337633,135957.67233194053,106438.74431369905,149468.44878543433,154807.01327416184,143719.39608461142,147067.1256861047,171042.9040972271,138401.15297935545,155946.05861027553,145114.46111480857,144995.64766285033,147984.60092733876,149884.13400661977,153052.0929928339
150438.66608897195,146849.15355146475,162461.59164540397,125292.7330166443,150923.45182145666,87893.83811114043,146777.05199031424,139948.16194410936,147299.71788521842,147117.31343348467,132902.87209337633,133978.80923257244,100245.3923847842,145320.3637045321,153740.5206757329,140806.3764839546,145569.73425402603,166916.92205254067,135384.66535378323,153590.77592001378,141343.63533711687,143094.29257305473,145627.78538975623,147044.6535797527,152513.65916970215
148773.2667535566,146849.15355146475,159185.1742456954,118457.2009124147,150542.61521982166,83113.53585136242,146777.05199031424,139948.16194410936,146699.93835773476,143813.90053279555,129374.56996139423,133704.0143877301,100245.3923847842,142162.08382333152,146604.4230753098,139690.92785026715,141633.6551523551,165669.57623854702,134475.985890064,152841.90069001936,140030.2127718434,141085.44003896648,145627.78538975623,147044.6535797527,152513.65916970215
148773.2667535566,145126.35387344417,151874.61221877023,114806.63461732387,145577.0766862155,78773.39916413133,146777.05199031424,135768.6257351288,142948.74347889493,142296.06158618446,127456.21689505663,131091.53306526647,98844.01046251769,139699.89809850696,144964.40127873147,139160.63358149253,141633.6551523551,163540.49263569005,130551.07371287435,152215.4459856094,134778.76489168705,141085.44003896648,138862.3676061334,146993.2610056092,150388.73771888507
141977.11380238598,143461.95829157837,144942.81552954676,112803.2738460106,140927.86666755565,77884.8970312444,143893.97341734066,132607.6211577953,140637.49118045394,142095.50914413866,120290.95093549797,130143.26416940156,94454.99247932072,138309.7751788507,144964.40127873147,137102.68736020225,137050.4214469308,156682.69896490598,129521.4003102046,149196.97555259345,132790.27141832415,138830.9359686173,134939.01977047062,146993.2610056092,149454.3559201984
139090.8139208334,141954.6526644383,144599.18485878655,110568.20547992781,139618.55349152038,76716.22346613288,141729.69806815492,132607.6211577953,138110.1546988595,142095.50914413866,120290.95093549797,130143.26416940156,89062.14985902271,138309.7751788507,141028.8349958969,134718.0880160559,136491.2182474857,153022.2592632851,124216.9644880327,147498.4382318503,126647.67728792898,136429.6270998138,134939.01977047062,144803.3662726199,143665.44593510038
138585.60826397582,141954.6526644383,141341.83516400674,105416.33859337255,138818.30220094675,74863.43174942258,140281.2069211726,132607.6211577953,137202.13101258894,142095.50914413866,120290.95093549797,128204.84024580882,87502.61802058428,133089.03890544502,141028.8349958969,132338.0804718197,134636.28484056727,153022.2592632851,112742.23769676701,143949.858035142,126647.67728792898,134931.53131404397,132486.43123155413,140664.27858156493,141672.01634915126
136231.63082491246,141954.6526644383,133698.65551098794,104636.35388179233,137057.28446264358,70491.01132301732,138553.05843546567,130623.79545961432,135058.07960493973,142095.50914413866,118313.61365940064,128204.84024580882,83363.04762653117,132568.81084398553,137880.637156236,130796.2766505251,133170.85658785273,150893.12879711797,110047.11453006265,143949.858035142,120574.33924938404,133188.855990678,129201.67931074434,139828.77243563844,136323.33524318872
133922.92685131903,139733.53069698781,133698.65551098794,102213.41437565107,133622.31310280444,69345.96716696316,136403.022896633,129683.5227037401,133543.55999203038,138638.34474921227,118313.61365940064,120656.0088555713,79527.94650140178,132150.55960932543,132140.82361227652,130591.9849927541,130888.44740926079,149405.03042790806,105959.61905783127,141421.17794768244,115033.96557075533,133188.855990678,127178.51063393246,134680.1383821767,129877.55185575897
133211.84439394285,136287.46525437885,133419.90050728858,99779.13885589963,133622.31310280444,65487.82120508452,136403.022896633,125156.22284472786,133543.55999203038,138638.34474921227,115173.27462516232,120656.0088555713,77168.70990866006,131366.08176438755,131846.4249201056,129339.93205659238,129591.00775887957,147055.87696472395,103898.6290030714,141421.17794768244,111635.34311304637,128853.54322182466,124328.09069558381,133670.08001275972,127537.12320640782
131440.79386259356,133815.94004341302,129129.80147390162,99344.05371761558,132906.69705507497,64830.005758819236,134758.24434800638,125156.22284472786,133543.55999203038,136935.75124176464,111029.10775878033,120656.0088555713,76537.25837546363,128348.78077521447,131779.51223864162,126653.14751819636,125878.24617444216,144874.79500503428,98852.80439223965,141241.39908114972,109179.19390948882,128853.54322182466,124328.09069558381,133466.33989726094,120500.10104307406
129296.83342056729,133815.94004341302,126440.20922185777,98221.18663427664,132104.84626744635,61045.9890609057,133128.83777970605,121851.42786837535,132147.42186451124,134583.3716768623,111029.10775878033,120656.0088555713,75133.5173856048,128348.78077521447,129776.16001155513,123253.09156656712,124054.59941960838,138385.7571990546,97886.88491045267,139656.43753658512,101837.58767639841,126752.26630600604,120293.20251624132,130402.8722616468,117586.15444428698
128679.16346419544,129063.16984515495,123649.38006366791,96281.9595418091,130520.41024556954,60594.97505556943,133128.83777970605,121481.61089678478,131859.03367745312,131918.6671213761,103111.52531470178,116901.78659842374,73809.75651721911,127492.48025187457,127362.03271775153,120993.88134131453,122769.7525615507,135056.71658359433,95891.20721341463,138304.98225354587,97346.44211871723,126105.65009521904,116568.1801786325,129785.75807288307,114288.55294788911
128679.16346419544,127830.2632517895,117346.50827597053,94751.04496992896,128306.37142504199,59151.49493440043,131056.31938776787,121381.18377982249,131859.03367745312,130609.86663523794,99633.14518719674,116901.78659842374,71887.81181888662,125388.99218635428,124377.02430897186,120993.88134131453,122769.7525615507,134743.01277288282,90638.64106917263,137746.4272071833,93822.24341433975,126105.65009521904,111822.6437179214,127222.63232163075,113240.70770517626
126807.6261921412,125737.51347639492,113883.42285026601,94649.94908879002,127054.33433363323,57722.34400791456,129870.014443005,120293.47619973877,131455.8437155102,127093.0540292634,95137.4706998998,115098.98159466904,65186.64417416244,124116.26870641488,122381.90733310368,119344.9761210739,120567.63457920897,131683.20330276943,85491.59860973689,137005.2871375085,92740.00982124005,123085.1353368344,107162.08719359041,125457.07546311815,112308.10143149421
122534.84346771732,125725.56428633316,108446.96851404599,89516.62174286917,123974.66677783082,56254.24503925328,123364.1621931657,118336.88607277111,128872.52267170332,125953.9784871982,92386.94256375589,114059.5022214882,63337.313987475,122842.9585418546,121656.27894607438,118307.67925421568,118088.96831254286,131224.94829056686,80898.42758151412,136685.59219363573,89671.69693991849,121509.2127618032,106495.52402491008,124525.5462139825,106459.57358221595
122424.95738552467,122485.64743324879,101050.11155696832,88520.27540106507,122233.03320638067,55419.01915756489,122111.36719927657,117785.46011441408,123638.32875646932,123714.73935600714,90304.04650660387,111680.83212340085,62236.018523521394,122423.15995775137,121656.27894607438,117557.3123404501,116386.46112664894,125034.0899109797,78395.31682346904,136014.21457101876,87442.90610101943,119791.42663074104,101724.37912525662,121804.18900065728,103786.7251976793
121106.44315193288,120926.80840607372,95092.25106041365,86894.45635762475,120390.40666678477,54847.36794411747,119416.65986568072,113484.77957234574,123638.32875646932,122128.2248896567,90304.04650660387,110771.88367891424,62236.018523521394,118436.94816460603,120208.32848693916,113243.19261622544,113006.31866910894,123281.72392055907,74820.56735324908,134555.02953160286,83049.5302763438,119374.07640231328,99999.4051290405,121803.1334664548,98467.47815698576
120315.94088279855,118540.74221283238,92698.94477153962,84779.58658995036,118438.49286222945,53343.78673046683,117165.40406339095,112410.56228497505,122124.88052684537,117513.00296456201,88539.91893343643,109255.78985557667,59523.86244378664,118227.50828917339,118442.51226800637,110606.38014510548,112571.33406204332,120183.82250609441,72626.69661265035,131829.00617440938,81400.85728325743,118168.53837381893,95647.6388880328,119626.97775925384,93282.93898650748
119403.4984066953,118540.74221283238,85661.73522514777,80583.97140511594,115581.03223016148,52150.39038570691,114498.21124551735,112410.56228497505,120069.02701549191,115861.72976099045,85759.26506210212,109255.78985557667,59352.33111670597,117221.27314236821,115066.110402221,109109.27515193247,111850.83319900447,117951.09781407753,70397.13010148838,129235.46022186139,79297.3569560475,115344.32054139719,91847.92947634943,119626.97775925384,89343.86511636528
115483.6849712494,118540.74221283238,84306.37604958106,76032.70711364053,111698.6780415217,49963.69302079669,111122.92674586491,108367.8843071328,119192.85681938924,111947.59788490525,80944.85378933298,107597.46780668378,56309.63607289146,117007.41363294491,115066.110402221,104677.16182130123,108603.40185363656,115247.75801472222,67261.74197537453,126529.21876269141,77710.16544993335,115215.27686375867,87213.33403512153,118732.00819959596,88184.47289242716
115072.54175120866,114862.92696627243,81226.36500001547,73249.7782208914,109849.38419031056,47340.60460103124,111122.92674586491,107525.32135032036,118916.63635837247,108249.92212569142,80474.14846334133,104235.75521401745,56309.63607289146,113660.82082981318,112734.46079318745,103301.14266037507,102567.31171249493,111071.50390338476,66222.84767018765,122411.75823869777,74169.12206867064,112638.99605422243,84559.81706592867,118732.00819959596,85468.05522268472
113363.38313068378,114225.33405124318,79428.71212382687,68826.80916019804,107959.20286897456,45413.49918761496,110308.37918669787,105080.44038432477,117486.9333606762,107977.03895521458,76569.49036586075,103328.26159429696,56104.055593921155,112542.40971366892,111727.8469142826,99934.37673337196,101368.49112053183,104498.04830381986,63067.427794526244,120534.61528787712,71236.79060137834,110804.02229636452,82646.94278239233,116474.23735024354,82161.1623530311
111591.60369140931,114133.42185963613,77367.74675561566,66372.05215447127,105476.79987466663,43843.17915626337,110276.37970831529,102596.78218310066,116928.39150626316,106096.8297823674,74767.89278105766,101719.53676868993,54884.138262086606,111910.38483793198,109207.08063490686,97419.62757123007,97008.45869781294,101135.04799136515,60517.81061687525,119598.12589724806,68816.94063753836,106286.72129509778,81452.94781708828,116474.23735024354,79349.62012755239
109867.42453878495,113804.76183700166,74553.43006964134,64083.3160269724,101989.48809876603,43446.50496624302,109109.73163962508,102596.78218310066,115856.82763635476,104046.16600294638,71202.28126098764,100331.27150132018,54154.881806146535,109193.71187575765,108327.56294997543,93834.49497938227,94879.5226134554,97267.40100791986,58583.67995152417,117243.58479932959,67219.47192775251,104901.45931240503,79626.01951836796,114477.62780203487,76690.94446453263
107249.52474815177,112253.8170389128,73408.71099552314,62597.51184812317,100336.0337755466,42536.499037302885,107369.31768464136,100823.6601173503,113213.09673225947,104046.16600294638,68716.02913815544,99346.58307581472,51425.678069342364,108788.25543820688,108274.63091264288,92100.86760676456,93617.3783501902,92693.0736466374,57473.024503431945,114673.0193481259,66046.28253717523,104269.34704990398,72790.0711877017,113429.23968387514,72808.69670690085
103849.43682761388,108315.81001459532,70651.98201824087,60232.34715158811,97777.2239406761,41674.690143766165,104432.02575046742,96758.86166184442,113213.09673225947,101895.25536895906,66229.69240123685,97863.83586987053,51407.46872331235,107642.68482019442,106416.19392134061,90263.4168672948,90177.02347567276,90622.4921487453,56521.925659190274,111089.59703256437,64309.6609637441,102018.5603786967,71242.05064867885,109644.7363504652,71781.70253909162
103788.70608965198,107783.50527570857,65858.93437486878,56752.8495208372,95259.22580218816,41480.24828374912,103551.16768686635,94088.21065576005,113149.19325598404,100370.79591838944,63586.92470932447,95972.54280269291,50435.15298119659,105859.94876650225,106155.68261865564,86423.9026807884,86041.45341789848,86587.35405584099,54891.8409501393,106594.9989796855,62745.86258803916,100832.87920226537,67289.67560673467,109283.9664859671,67043.64848303312
103138.24351645177,107783.50527570857,63573.46236862622,50968.952555949836,93178.69943125677,40853.243323044866,102871.02657802732,91896.95285121808,111970.26736055725,96859.34392511798,61935.866917172876,92878.40656579362,50017.38533105285,103624.03479051033,104580.14731734157,84117.13555519591,83694.07013434233,83602.07262019123,53109.91999114797,104232.14413457026,59421.12126357343,98438.65483064571,66695.25429333671,107412.20328343702,64137.24631286694
102654.55292429608,104846.49926086335,61420.17427798547,48726.845052208686,90084.59946457883,40071.50299851614,99732.80568328823,90101.7876123671,111580.182999618,95395.67686671804,60360.92933007996,91905.01796576724,48208.609389968384,103017.63129996185,103301.10105058215,80805.12441668673,79153.59269542088,82254.3040017517,50457.355007956285,101097.25330660913,56221.71215095391,95962.35218042208,64440.78551594719,107412.20328343702,62829.4876946865
102041.29203578361,102791.17340049491,59510.645123049384,47472.98342037734,88135.75605262641,39533.25055161194,95579.70314996607,89937.38535500926,110740.68268791873,92599.99449636767,59456.749562812445,89899.88182700958,46833.92402113131,101854.76625644071,101629.03201433741,77674.99827208456,78372.66107793085,78789.31886988363,48744.26284472965,99865.0937654244,55672.39115363934,93705.75363001192,62700.3178336049,106064.24396514299,61884.72383108811
100328.58473885474,99168.65342184465,55880.67857756639,46682.18673621982,86521.20788984957,38296.77800150036,93509.59303915012,89606.86696898147,108716.37995360322,90649.70339794789,55768.21663026504,88443.31823484074,44350.792874141334,101854.76625644071,99808.30164099154,75487.41463565367,72477.4069236572,74911.30964870054,48556.03489873399,97856.56057287887,53662.035869374806,92697.14198566247,61961.77839423591,105475.23844121303,60771.47591009821
98426.60644149744,97036.51165931934,54600.41143892547,46369.25575563232,84472.94952491384,37850.219294666334,92276.9610846372,85922.76086803361,107680.15195682776,87470.92138443359,54185.00755834276,86214.5556142553,42421.501343527845,99981.17942224978,95395.49014661879,70997.89828068212,71082.03880765778,72765.83970638733,47107.096756483064,95786.48374418468,52654.59531666734,89894.35812877835,60166.32145876105,105475.23844121303,58947.71651105072
96109.61903209773,97004.80860520566,52575.01955484693,44547.381003049915,82773.85624742776,36645.61492369413,90366.65015098269,84395.65915355347,105960.4922457382,85826.76466269561,53237.118019201596,84353.5978259668,42187.84913995285,98253.44141487252,93408.17426233986,67506.07197030325,68913.62732670968,70305.51941146006,45529.042512788306,94051.94630740123,50944.45521848434,87269.88096956638,58060.92939118264,104953.60775245637,57896.46428935361
93655.36680247424,95144.4246792397,50539.14660010824,43228.719030722175,81237.41447626917,35678.161391372996,88315.78572123611,83464.84291586153,105428.8731810288,83821.38581361555,51200.14733464309,81893.8098739701,40844.95997932486,96925.97360702569,93170.85212195586,66989.10190924433,67097.55590571386,67452.60921718692,43596.91418658817,92089.67000681753,50194.73095167213,84616.43090239899,56740.5200323413,104502.75701636061,56473.08137898947
92279.5473158758,94763.36918014135,48436.3750384134,42226.34551787345,78590.79363278508,34810.04545734181,87035.16227148054,80658.99434999598,104951.71591093815,80373.11301243637,50121.20238106647,80755.88242767676,40393.00299531844,93715.74672330555,91731.55785990125,64712.43096236655,64058.45373202612,64977.938708642156,41924.28418771319,88786.76799830334,49541.0408193329,82305.10226112699,55574.49713278152,102902.53576630347,55221.48386782447
91315.98609184138,93068.33902092869,47544.4921871094,40568.01710240504,75971.43581845723,34227.4973542497,86322.46946517666,79939.32171608215,104510.23485803632,76580.6119412144,48938.3043041932,78157.59458976463,39610.188382344,90997.78371141579,87475.08477954844,62423.73457143303,62571.84223656857,62481.95110142508,40835.94300215509,87051.72156124927,48128.31845497412,78608.06729498954,53594.90074182335,102237.15762243618,53363.21269407939
90019.4945862053,91867.57524487755,46446.21264946081,38850.668352121575,73729.6717300498,33871.46685635337,84651.45627556213,78069.84871999091,104193.52290222385,73972.42010477601,46109.00369182505,76102.688391012,38647.286979913915,90017.01722225864,86231.15757750854,62386.20010350064,59471.07253946376,60413.742869162146,39809.717459016414,85370.57454609075,47003.81426486496,77830.77446680893,53310.91599496895,100630.51519775335,51960.254733701004
88350.155818339,89121.6808927148,45102.46278655305,38438.80418289239,72005.38279497168,33871.46685635337,82648.88375504999,75545.07204296975,103977.67765385099,72095.17722693249,44400.0755576593,74990.69596517152,38025.097431122,87098.54628614218,85228.32069129225,59875.6957814351,56868.25103389372,59198.08149010408,39782.43379263073,84311.42499386545,45583.66143450614,75239.75775767685,52238.438234042354,98693.9970526788,50575.033294136374
85964.66553771685,86106.67440390876,43494.903369110965,37697.15416065081,70943.87731307476,32933.30928209393,80324.84347908899,73717.32052068022,103513.09660280273,69230.03851289873,43478.37974876356,73533.6725114568,37881.99486768175,85567.55222961023,83487.28248158185,57968.997444874134,55290.82617353603,57570.83738187469,39254.96424242768,82122.30350057517,44200.07886430303,73326.34004090376,51726.83459269615,97649.05178373368,49912.67921047384
84146.87413626697,84224.94229900661,42012.710207641256,37051.110944281805,69679.49331384979,32636.012366857314,77697.9555281027,72054.14290758788,102976.24264679375,66139.04093288537,42496.66723576345,71269.62942064593,36336.36387239396,83868.03417657528,82417.79319299641,55781.06188677513,53853.78613693408,55548.73437408429,37705.90646631672,80422.55055375586,43163.42765302401,69968.3170058302,49207.91917667862,96069.84560265065,47513.06222871033
81816.7682834059,81196.03923459456,40668.135273138054,35733.04214884984,67808.27935559035,32264.502742151588,76500.05766914875,70159.92509814542,102112.81082179694,64033.53876425853,40565.20617890938,69076.14052464251,35824.84558635649,80622.9137210224,78631.65036161874,54000.904830033316,51666.28764831016,54448.5255513468,37395.46631781546,78638.05819067423,42398.13738504079,67821.39377455277,48353.05609335012,94680.45893925191,45681.38809110173
80944.52412349917,78053.21845384613,39536.194134413854,35224.98070330412,65151.14516663545,31525.79645631356,75075.2763764125,68719.75095553689,101498.72796799052,61774.00518382065,39243.738601996905,66608.88975238659,34771.92350942229,78912.44345428796,75384.09339183575,52442.190163237385,49752.432696248834,53141.658115713195,37395.46631781546,75898.36612995785,42127.587675861476,65784.06704129945,47568.0257147822,92835.53971601574,44576.46599120856
79417.4815781783,75765.44669517342,38791.17577800254,35078.34214190546,63054.248459968876,31343.897803446427,73638.92204628643,67833.64515031037,100703.65954007072,59123.5397396447,37391.56261392069,65131.00504105503,34431.20011696276,76048.0532262,72979.62137622437,51344.90209977118,48404.438475372954,51465.17975297367,36658.1278407212,72760.19387608737,41116.970742565965,63456.30568886977,46481.05038142029,92152.66493511347,43733.65450412195
77703.59331681559,73088.81825630367,37576.711936926076,34394.403566583176,60942.840762593885,30736.067182454673,71680.4696469765,65632.9411882369,100535.19718719632,58076.44943982751,35997.97996616272,62954.7472335494,34005.992333439244,74476.5121517109,70835.39336991704,49408.8150786402,45940.71123528281,50488.82020152845,36278.59692862178,72006.3739422232,40207.03937742124,61509.83173065076,44676.723389158076,90675.46606981041,42534.53107865813
75898.75272351629,71306.88114862639,36789.10222504654,34104.05455321993,58050.27288648409,30493.97473958018,68931.06398175184,64487.932082498286,100291.03231080272,56488.74275857421,35207.675232176065,61032.712772401275,33341.79064461035,73025.54543039405,67863.7721193054,48685.44441642358,42914.279251258275,49070.69177293047,34882.53087964609,70389.96031566335,39540.556113899715,58889.552144693036,43052.41426745127,88809.96851361843,41919.260792053436
74828.85376491431,68659.3353276377,35898.37714213418,33946.54781048334,56493.31267290031,29645.385319492245,67317.40016018278,61778.90964167838,98967.87012712577,54572.10262297628,33831.257062335586,59332.89971879238,32805.5754696494,70498.72755730129,66580.29497001576,48137.08078615638,41116.18125118677,48327.42277683421,34609.33519911411,68715.11674600528,38753.28176626116,57023.68145880031,41632.357812408896,87253.47018762183,41595.2639846804
73839.13659568626,66820.28462231022,35437.22971265446,33363.871315798555,54920.357630428814,28809.16752614833,65171.69632527777,59785.57790125113,98967.87012712577,52652.327382294156,33203.27770992492,57070.8187664358,32467.705831265568,68714.26871531786,64095.219629198036,45977.09731018107,38365.31751154903,47633.492176734835,34262.606079809746,67004.61125465081,37579.20116360455,55536.00324697908,40626.596373052555,86788.48232495374,41133.08138768626
71698.66973684636,65240.59307403868,34848.11548859458,33151.333799959204,53363.93882584093,27853.60805797732,62696.93521085174,58383.36809476934,98600.72630601223,51664.926977026735,32339.136551747328,55493.9375564762,30863.997933741328,66206.108274122,62213.126209258255,45109.50220898983,37893.70884103946,46305.462723392295,33316.50978591559,65423.07299364259,36410.525691545736,53866.91868712186,40331.65366268169,85696.71356104,40554.266694210266
70143.06526623102,63267.35405908758,34228.21103861332,32276.318351750262,52153.97289216262,26532.53234760441,60153.14310323484,56856.51645139499,97864.66250850778,49767.10641584072,31791.708163356012,53383.232972835904,30241.422791190267,64069.31196576404,60068.85119886899,43478.33420396177,35913.93799338832,45020.051356681935,32554.823788502807,64306.87938739201,35176.72553140254,51320.2700645823,39357.897582089354,83507.85853454437,40152.611250403024
69898.30229147252,60899.59041023682,33386.496547519804,31633.992621734946,51366.96802878167,26210.15730461574,58139.926790072794,55859.26001643748,97171.1948132968,48592.34896611509,30742.16955690026,52250.158199034384,29908.493079857137,62837.9712776132,58563.10409308156,42311.794238943265,35222.29846895992,43789.88570887733,31334.855086667496,62083.20517743344,34682.62996672465,49966.84631808359,38690.35268743885,81759.77039372592,39407.943441090676
67934.25703957642,59718.7951609016,32689.791461310546,30892.932267170923,49217.001222316205,25927.78065936487,56724.103400334134,54145.41024425286,96686.60580076188,46968.05759676106,30299.21789654148,50208.27648791712,29215.39927589263,61431.65929614137,56914.856360074285,41115.080325412484,33595.18530125186,42175.974245214114,30788.959756916778,60961.65853397119,34311.70983146543,48422.18092702784,37816.08228134196,80585.58912185385,38476.03679996927
66631.29235625976,57783.96706859217,32173.958586116918,30344.45518678358,47392.67765428983,25334.27728613376,55743.72040378847,52753.35476228312,95459.48140581163,45479.28231307694,29737.31994427426,49074.60245309822,28872.409340949584,59530.016557327195,56179.724324308496,39731.78977992091,32057.4577831779,40828.790274161256,30400.422240207456,60286.0071271109,33860.269057696045,46510.72678491544,37265.97520476072,78756.81676202545,37613.45975820598
63058.120981024025,54942.811088025526,31977.08584803435,29784.67766530836,46176.61427035179,24557.83273902807,54558.11461937594,51387.83021470806,93983.10706623491,44262.91256417524,29442.849125106717,48126.99009260981,28304.16704012004,58313.10260087723,55755.70651339101,39330.08149227246,29936.611088223974,40188.48309795563,28751.047506641513,58658.23729821182,32997.99817238681,44508.22251433645,35907.099618273074,77463.4701883791,36923.23494508225
61556.011283271306,53780.39057127188,31725.38767604965,29418.384626659994,45070.11461339765,24200.874974492108,53421.991246066646,49765.407964992235,92911.57901818256,43324.63167166761,29055.82670656787,46323.56088589455,28059.257767367122,56671.92914811381,54156.20145938833,38409.068424621604,28494.639273471126,39134.673528704116,28331.55847479787,57552.26805523137,32568.925266222166,42427.79210949923,35066.16267351633,75342.89440415644,36392.79351387396
60020.33458932605,52839.17703622015,31241.059401013976,28745.9386187804,44381.60796395168,23919.158351502152,51805.703447517946,47979.520766207424,91759.41493261082,41242.78002106084,28587.725323493334,45069.988577624295,27276.574954087235,54730.12409491389,52593.730424819536,37687.9726002456,27122.880921531632,38254.27307041124,27794.706263266653,55903.27234462473,32107.204575998792,40952.62566016231,33588.43917629096,73812.9140282454,35473.545866275876
57677.235503745476,52219.38483368283,30807.84807648622,28248.82458344557,43189.18622087348,23454.125692122376,50065.5965997116,45654.33143948533,91056.29949944801,39875.63858534607,28028.46116159102,43078.61520714832,27030.81794762844,53241.8095122507,51750.52537721502,37119.428150611224,26048.985540537044,37517.137176061406,27537.10775670685,54916.160582090626,31509.76913060619,40152.79092231884,32638.155717085396,73103.55870278167,34468.7693707623
56580.31383642237,51356.81328777685,30351.46900162409,27637.626162037435,42173.288274269114,23311.034037475125,48781.28944860094,44312.55250678788,90408.97169083853,38446.1742660822,27526.22086371732,41308.92604376503,26622.4663155053,51878.659007817805,50578.36761750759,35869.82962036098,25337.843270589434,36342.36684396893,27091.3781758463,53151.82368824294,31034.82166841442,39532.41327634531,31802.863337663744,71510.45555496786,34041.934555943255
54583.672444080505,50355.74621155732,29515.83267729226,26826.43331751081,41006.50001470276,22970.29275711499,46812.393702965346,43599.911445225,89837.33718574309,37545.56866793809,26954.958800884837,40594.32694551792,26507.513702209126,50888.74097522186,49747.39466519223,35263.38898097281,24155.68871205787,35851.58792547368,26843.895494919157,51914.06588786955,30361.36306671807,38757.62849312094,31467.373082206108,70600.86472348777,33352.10769562061
52886.48185969824,49362.58336257167,28988.631040672502,26448.353286186328,40140.314480208945,22815.877375388714,45091.19337780231,42104.558521947285,89456.79785697494,37048.44618756225,26323.39400106492,40002.329145257194,25920.381734771272,49903.513248870724,48386.822601454616,34419.27740459738,23672.985298479274,34892.69289789449,26426.741995281307,50725.306110879494,29692.152615689676,37793.74176682553,30852.303946594413,69184.35127616716,33011.45729730722
51171.8583559606,47902.953656759164,28254.776787066003,25926.460041805487,39358.05660656552,21818.04233266176,43524.35206619695,40232.79918133299,88285.87144469668,35563.0468921269,25587.316833739675,38859.437783104644,25481.004604359496,48944.410543376536,47343.96130909749,33548.27413185872,23457.713862484536,34500.13602667417,25590.008082843404,49281.43065174352,29028.174267776798,37210.36621520092,30469.011231826764,67402.6273857133,32814.32875913176
49127.93950364803,46679.63109460851,27880.22599201205,25523.737412050796,38322.55102624433,21522.97096575112,42768.70988410734,39312.81645149675,87655.96241080415,33672.03728006018,25104.49761324915,37480.80964018892,24709.865049936787,48176.269277870015,46361.831944596604,33025.28811939579,22400.97822385797,33674.90145054739,25028.975142319094,48176.19980221724,28375.284050298895,35824.731319677725,30140.27370923601,66044.56642176461,32072.936430781112
47566.84018871167,45835.78959724875,27516.4222859147,24849.62245016096,37415.12102211232,21149.42610399769,41611.12994995454,38463.57846492012,87237.34276089449,31988.18089335279,24582.22918689202,36567.72129169825,24494.063187966345,47754.69252709733,45295.10285065698,32022.945996849456,21840.80425729396,33052.12691802895,24847.4274447195,47493.61769158752,27776.437178070682,35011.61944818449,29934.01857812058,65446.11806714048,31252.56116489915
46003.92690964973,44535.256205621154,27000.476385618273,24220.50689816538,36890.71804939396,21044.61971990758,40403.90483932826,37145.13731314341,86500.45607005051,30520.19371317034,24211.133976545196,34921.93108439269,24092.545999384107,46858.42669441101,43851.88606844369,31450.077455200324,21375.603586817484,32720.097683024655,24357.797180423746,46672.96431012937,27441.27518130273,34657.10182312095,29069.4278339973,64702.69082001804,30520.50853229634
45015.51186627859,42559.19778837091,26558.462937601093,24036.473891081852,36308.3792021269,20796.011745116823,39428.655130206804,35465.811088936374,85668.40100323346,30041.016332623316,23590.296208637184,33490.871528147094,23804.158233066628,45623.004103291736,42885.35282683171,31014.507851751747,20916.616018830755,32102.63895073131,24079.99122184338,45833.91794322647,27055.27815865053,34194.89350946421,28225.540951458108,63754.23127894264,30243.33330224656
44129.95943246259,41681.234807555404,26106.948593600755,23520.13498707866,35323.74839731997,20313.36495532085,37969.53883672662,34876.33099044893,84985.1301034128,29390.04439345162,22929.560838820602,32522.13448923591,23574.44199623282,44644.38254441704,42055.699831050566,30457.501955168384,20048.207372394612,31500.95175491461,23384.000996287334,45035.43992544236,26715.221953843695,33302.04793472534,27696.51351160666,62732.60693295303,29519.753915275403
43337.041972960455,40667.77832488916,25738.644544204653,23108.788973794144,34630.72878983371,20147.55794763259,37284.29219140362,34023.824980271194,83751.82694942855,28559.426404215686,22667.517263718044,31571.498665766063,23035.614585093826,43653.50375914247,41415.15698890624,29654.495119955318,19627.094183834484,30911.294986025707,22909.675224220024,44092.66128996372,26249.83509458713,32704.008470496494,27229.289358753853,61504.42712785249,29095.57256713701
42526.847344504604,39825.034450478895,25299.423469904414,22563.436899066954,34136.48004988581,19712.119252209734,36564.691376586605,33285.07621940512,82925.51779607669,27693.43492241618,22403.932454162783,29932.88281032498,22656.649067950995,43078.25863061421,39900.74266014467,29067.550895120636,19064.68867889905,30497.520822060495,22660.673447620895,43535.742758537344,25608.425169526705,32280.276736649153,26759.43151213128,60569.349064678194,28737.353739153732
41399.996221985995,39521.50709038659,25076.702731306916,22089.258015248455,33472.069552779154,18976.05379925859,36005.22004291164,32632.934492246117,81618.84702488831,27363.447619296327,21861.509065433034,29053.723088504692,22607.889052927978,42446.69161657427,39041.55047098191,28542.4162999823,18547.649202175016,30084.459654987622,22358.319112050005,42731.328425920874,25062.448838026427,31812.41831131127,26400.093931689895,59996.015553992365,28222.57602466175
39673.99128780296,38386.751129490316,24438.495196982498,21767.58479229515,32259.971800915653,18674.308554935116,35374.69008354291,32074.584965296508,81204.12199916225,26587.03275161539,21523.215266597592,28780.836035710538,22474.55908540138,41361.87531131574,38157.91076512528,27840.732909906328,18050.511585771375,29825.550364633986,22074.27883558175,42049.09038397082,24716.177903409796,31276.974513999157,26049.926536417912,59251.837218904366,27952.611812699874
38788.27089337448,37672.687530241,24110.38992301969,21534.915184652913,31831.294119815768,18048.173606586723,34136.362945387555,31316.549101169636,80203.4216825105,25944.393241256705,21111.921080284625,27855.78781951597,22002.82400873067,40900.436437944496,36654.46504084431,27412.965058157843,17700.473988933165,29145.11002842434,21554.849575854547,41524.052315391236,24529.60175313167,30759.16234853195,25674.261289339232,58246.08886362195,27347.238265291147
38092.88950863564,36988.79029239195,23755.26909245935,21111.479780104048,31380.730447554746,17672.782973760535,33224.614077480284,30674.904182315982,79388.39039575213,25143.901041386533,20847.58451395635,27094.5103756517,21559.62065368182,40254.84224879467,35728.73249509442,26754.830819494986,16903.80026011204,28743.46136308754,20944.654764055806,40868.375149356405,24255.08016041293,29904.385171816928,25282.33172064566,57092.01507723658,26982.64153986762
37256.40498259089,36024.083334852876,23399.689550548617,20814.632495912185,30972.983270597073,16996.122578235263,32523.11185443238,29739.817343208917,78768.08576664454,24734.448372672854,20133.01856956334,26312.297414003595,21201.360064726,39760.27374525964,35042.96664172098,26338.573382175186,16343.698238692888,28222.705276826535,20514.012896402954,40037.66845053157,23810.957788687985,29324.57755929535,24614.182942285628,56041.111141189016,26374.456774461643
36700.18621626401,35311.58382293068,22938.701104558273,20669.85534338337,30330.112211636322,16512.514007528862,31701.820180155355,28710.784385811745,77563.17906032475,23823.7948579454,19805.68292763893,25859.954629696786,20841.571940301234,39170.37280987619,34528.54341284922,25851.971374713732,16017.989769536322,27750.29409645832,20214.230485589815,39671.76681599029,23486.2573407641,28761.578163113943,24466.355339186422,55036.346767167444,25900.90397978706
35895.85666694153,34362.11403375657,22729.187953698638,20224.729387589236,29949.905065145373,16381.25284191159,31234.026777052255,27951.178015979734,76924.48150883579,23447.1890321424,19358.946135317026,25038.22983292969,20590.252031405988,38413.2348956303,33441.20369071451,25398.16251307907,15604.057634386863,27180.34589725361,19949.017112570014,39030.58331826272,23035.243248663213,28228.843580485696,24145.046204777656,54395.92188036977,25496.538276930398
34731.686670752715,33792.62868689461,22442.923276347698,20021.26763595578,29408.18512622892,16103.79962995038,30814.479789138622,27341.87746733312,75894.47763798566,22746.23437118986,19236.109126838546,24459.31853170666,20361.722694703563,37890.50763240445,32764.012017765595,25017.81035440925,15459.707646337807,26783.358855996055,19738.65952226311,38574.73948065889,22927.623052069237,27826.293246729027,23654.68331364975,53412.35145837923,25060.20274483588
34051.59759483237,32909.02284279531,22049.322713827823,19706.84471403662,28889.57950737008,15771.689489492861,30015.16553999159,26619.14364494576,75041.50552234115,22139.660164262557,18542.78768890479,23736.32242071847,20008.191474650754,37481.4725353193,31707.190870548595,24670.359144655296,14978.474020964193,26480.48868464308,19376.57999039239,38038.80059347793,22552.669280890375,27440.29943713316,23416.32345471082,52412.993369767755,24866.31477676346
33560.22102437452,32520.436199539778,21637.072846490802,19020.74680378697,28318.65109438001,15666.810034760227,29334.44023602646,26035.878948019024,74532.78051994636,21495.81169029452,18132.97612272195,23340.493208254724,19689.77509491165,37086.48665428036,31140.80383165538,24275.04398985379,14520.319109529284,25980.389331468672,19209.280746564727,37294.362760171105,22204.336046229906,27012.519378761186,23039.560387103178,51654.920077997485,24592.916958351714
32903.87927710351,31835.789084075284,21318.18062440055,18629.747821211662,27791.10713120702,15403.164254890373,28762.910366591514,25561.181174137513,73943.34428250114,20562.669958294788,17829.752071972747,22898.110659433492,19388.50588878111,36280.75266395272,30218.465345418914,23910.736379461418,14181.790768975576,25522.611883065812,18838.48247476377,36494.41871582387,21894.933129101442,26348.50488973066,22745.676971762197,51006.18372068189,24376.090290385837
32591.25783177781,31411.96165131959,20992.14900437503,18336.334901161164,27325.29264089938,14726.18272972193,27935.986247418514,25086.293764812202,73033.43531804124,20136.75617310399,17639.011341251586,22517.30370103027,19170.188421000716,35778.65448798281,29633.45423869088,23577.97337971654,13902.80853005033,25253.476118908246,18334.87175532166,36012.68457582483,21533.496742831958,25764.638248145016,22393.319010234678,50191.33836919802,24114.399919784388
32347.302909925384,30732.84745240788,20627.910292688408,18008.32206815361,26857.29501341331,14481.850874029857,27417.019780280407,24636.749948964974,72481.5814762689,19616.184065807014,17420.786103978375,21931.927892332977,18753.964122752084,35180.58825713245,29148.802003857563,23170.09162997134,13668.019193795915,24947.225569574635,17878.3156013075,35578.88089335612,21216.306494122226,25392.459147401227,22018.697773074244,49538.75664755509,23798.549403794448
31718.536644547683,29698.110012790803,20338.24602929129,17767.882570101785,26604.10599460905,14263.514347896977,26997.490574446507,23836.766882788575,71724.82793198558,19099.13897522456,17019.01970498763,21314.996522944977,18239.29398895178,34898.608190498606,28268.628396761094,22830.550165218872,13192.364733255043,24589.895787211844,17724.811158535627,35031.534990423526,20944.408627452074,24914.507082905027,21714.804664971965,48989.54447292421,23424.1838330109
30791.021920610645,29170.96967172685,20093.621493847906,17487.874071412458,26134.067162487645,13891.208617882512,26293.66289500536,23325.269696348398,71276.55284136935,18358.089333211716,16758.892240166213,20751.708891385708,17932.708291852505,34393.50559582184,27778.77383062062,22444.81303669171,13041.72174970375,24323.721133088344,17553.820103394737,34692.45186627944,20717.715650436796,24556.625270887624,21349.075066539142,48182.15057768061,23083.03280513274
30358.27481244834,28314.897113946136,19886.293874730985,17294.652076614653,25677.671622495876,13639.50876786094,25913.63790699341,22572.94064381198,70643.82997282443,17865.862666872177,16541.313128988055,20220.767567592244,17698.429788600013,33999.15527280669,27248.848984615594,22167.382591310547,12786.250135417009,23704.688985883542,17252.41051611026,34290.94163583708,20499.56985017045,24279.38010534665,21121.147016428407,47244.771154599825,22743.470864786563
29868.995851261676,27909.72079666426,19585.185828908106,16967.28128768645,25394.608092766015,13359.806148638821,25480.51552032783,22374.278760210513,69679.28801156202,17747.817447694513,16317.234129666733,19952.17097995476,17395.44520512617,33684.095468343636,26726.369668818716,21756.912233726067,12483.290155462924,23339.953769398813,17039.533469407303,33916.67426373101,20229.137088156443,23726.559323880014,20773.93657992977,46279.04309120525,22439.401676087546
29423.59009450367,27070.56311232397,19270.495619445534,16719.075010054017,24967.533708603758,13041.187622513933,25032.314400321386,21880.686106548532,69182.63254155377,17295.80210575107,16026.245084169997,19721.67128763996,17128.18936305649,33153.67134376212,26330.656946342846,21366.06721645751,12389.09970531427,23064.485394451727,16780.41883703454,33512.874385769464,19993.473608349916,23504.606780210375,20535.611592768557,45939.832610041754,22297.10790787311
28958.006135713855,26720.601214166927,18871.742460156645,16522.7576395626,24427.04299207256,12635.20083585166,24636.708908999335,21521.033372060385,68341.27437127606,16867.84896098129,15764.550099351782,19462.038033438992,16854.677245320134,32764.63623991502,25854.04495833184,21117.364739529723,12207.560084799468,22661.645778262053,16510.230032759446,33145.09963954494,19778.458806684604,23089.60600522836,20295.490882360144,45435.21600428113,22152.72942455113
28427.111997607455,26558.272760185195,18606.060563558283,16298.252002251018,24227.437398574584,12590.934390872306,24240.215542050497,21003.867599295216,67915.48900455092,16559.67506617582,15530.090451441534,19082.372593980966,16624.619714171095,32536.66023801358,25298.72802535323,20712.75194027824,11987.250815443147,22269.3863978959,16226.281262231128,32727.364203714526,19573.16831016909,22821.12612693126,19953.676580386244,45066.91424797658,21820.21649219619
27960.638397237413,26161.31360192295,18379.642263864338,16014.156155410723,23870.120874634093,12517.763100684584,23913.521455474627,20423.39923508873,67390.54922566852,16343.922489771103,14946.358034740235,18715.38670545342,16445.633718305588,32298.148967937494,24924.37109688376,20313.05734583828,11909.618216980498,21935.89091732867,15762.593977317942,32388.14743294844,19070.004187367093,22570.674037036908,19565.722649089006,44811.15745341993,21516.780532830915
27496.082551349187,25613.85727052326,18188.91509816434,15705.379896548739,23429.524979957285,12316.957914271818,23248.031785844054,20126.77900700487,66758.01543599216,16249.737255638634,14789.791584647417,18588.811979377526,16270.965999048327,31853.931293127447,24398.575502096657,19918.42439892421,11729.665109923844,21741.612335264403,15525.761220606566,31944.519700891487,18863.64151804209,22323.508358066738,19305.267113597944,44397.966563005786,21034.72991439458
27143.455851128456,25321.767647533863,17838.942650636483,15464.505580595942,22975.712108450436,12185.359106061276,22521.880118005094,19568.463913706084,65993.78084344804,15928.359209403226,14479.129989253928,18285.75310485658,15976.882699464048,31501.258513501543,24137.47160850127,19679.6220802285,11575.534185542816,21438.954946628775,15090.4321742401,31702.678859308024,18721.40233207338,22138.74144500177,19077.527667252467,44008.765163965516,20869.128600061744
26742.38814359356,25099.496675769144,17456.23361747429,15320.347154942183,22672.357465228786,11974.136228700041,22066.665159959575,19117.024741814665,65687.0865017276,15675.480376256002,14293.88510968511,17728.97967491037,15692.907928739936,31134.899231214953,23683.954125945053,19318.802706091705,11370.514348584646,21114.97186208364,14894.273594478958,31409.03787769688,18468.61144141211,21776.447009491436,18888.944451823696,43742.36650287201,20579.62229054592
26263.324724437847,25048.190154006665,17103.105341834584,15043.275702120525,22438.95506358436,11818.738310602997,21869.36011663959,18579.210278335166,64988.26897497387,15466.881789504112,13925.62309908067,17514.526478361768,15506.575532840221,30823.38897985026,23281.39166224675,19146.50497155587,11261.156253289744,20900.672906648,14790.318294532965,31156.906030287624,18254.16591083633,21501.94772493793,18700.11009994099,43301.23097340204,20463.28137458678
26046.813876036424,24635.222958527374,17010.408283757068,14857.486244386702,22034.771346944468,11708.649520210518,21703.17892091483,18254.521211986386,64654.102460778784,15130.179278247284,13666.884603918712,17160.582821156066,15251.448405399711,30662.772056129084,22870.041996418706,18888.159747792317,11136.408350834545,20641.68263696718,14550.364225049774,30921.790302162186,18065.705770523495,21305.48643259141,18415.032820148404,43069.868830850624,20194.57775042419
25788.115808219056,24465.587437223356,16716.907526311108,14784.856567403871,21832.681180495725,11489.940440319851,21007.20532198515,17946.57139690371,64324.198114083476,14814.0623165481,13387.340436668517,16907.15645537686,15080.939032884136,30395.142962710095,22387.302204659645,18566.13779300466,10995.069541891888,20391.53732257287,14297.309781747894,30648.345980745064,17811.75999892871,21059.543089259463,18210.83234988637,42802.898527583835,19867.45426113646
25249.59299365924,24198.053664194525,16560.183786473703,14634.79507069088,21693.189082305667,11317.264972047244,20558.43952248639,17705.204066538725,63636.5424806724,14607.418069590694,13297.723859198808,16594.091265254276,14973.223058972599,30159.497956739386,22080.291436730186,18404.42810012152,10747.31311935049,20211.921763053142,14088.505492438166,30290.223801074786,17677.76910599693,20923.444812421825,17906.19942320587,42348.24001789131,19577.294365482856
24929.600585909124,23836.48220263725,16369.298910713069,14386.270089573094,21417.625653157542,11203.03672755342,20341.683764513014,17483.966525328244,63041.07625655982,14543.139029978625,13161.600111854248,16500.87371831665,14845.640226079078,29919.8046003563,21537.130157277148,18207.88057771186,10682.079267543138,19939.625759109145,13742.709060203468,29801.889368191434,17528.985887248808,20676.772427421063,17545.77624752857,41958.32720369892,19353.03785530685
24639.908294211822,23521.53310911547,16281.028601811468,14169.159284177778,21194.509495225542,11004.723489625449,20136.16230057903,17001.845571366255,62875.930066168585,14283.510710804621,13000.731777646213,16232.08002314548,14621.343468312903,29737.130361071875,21281.388189980386,17981.033700389147,10430.277702568172,19789.17091183749,13503.963430688325,29492.122157156344,17263.797809460368,20305.452467871644,17355.404026879598,41557.54713669355,19142.95608513763
24443.136381200817,23147.391742569976,16092.021182731023,13957.16944833429,20863.937944854348,10872.328152037491,19881.680057993195,16746.152516162896,62401.4613881441,14121.026178953074,12713.065591641058,15894.979582953321,14443.897004355347,29489.913958678208,21147.91118188736,17900.381708660003,10354.931237666748,19584.714464829663,13356.96865429216,29250.12115789082,16947.377507221638,20112.2362437484,17257.45717744212,41229.31517653919,19008.04955982327
24175.080584265237,23046.68945696264,15962.750293709416,13852.848550831495,20691.708205570038,10764.749625267432,19615.273107785095,16515.441870739563,62051.50427283506,13900.858110978379,12426.534236600855,15653.28260070317,14206.449312407203,29240.296454193453,21003.679790076236,17693.469220519066,10268.925945500636,19353.759869073,13061.250366733277,28904.510974437715,16821.76602554308,19892.807309492342,17084.52436653022,40913.74632793086,18804.247435306475
23872.801442126423,22797.07975735711,15805.79598769575,13674.760545332269,20520.142155428737,10711.846244992039,19384.92480510061,16328.264253440446,61524.68203036621,13763.40740480851,12293.09445168731,15421.337841219818,14090.011025458643,29034.007066548485,20804.742788619733,17519.606047074092,10164.609053109894,19158.64991986125,12860.480773163174,28693.607602325836,16636.07027201647,19671.025112447212,16876.280983489884,40604.847817813534,18637.232015522888
23619.338879484054,22629.336909715657,15658.59554090726,13504.735758250672,20299.73987457915,10432.359605394127,19161.023431438927,16080.086174861124,61031.90242398462,13598.668954277375,12093.217666725204,15116.981724113564,13928.630424925706,28857.959967125335,20556.79811716939,17260.690652702622,10164.609053109894,18973.566991239295,12685.523494807281,28400.67045070332,16437.379545569373,19429.652396942318,16665.80494804137,40308.10695973835,18436.25603331122
23423.654569505234,22604.13634028815,15483.02050538135,13346.211486085243,20076.748348855937,10312.801029505834,18988.70963305478,16043.425419734484,60727.36533120601,13478.044344224456,11977.021155633407,14697.161099115865,13808.33987659507,28739.301990167256,20292.502331127453,17085.78583834436,10142.582360211505,18809.26103129455,12458.3042500008,28125.003240682767,16356.046948227739,19236.937185742776,16404.544467107917,39953.64643207166,18205.10513457122
22988.56505349232,22332.605126203325,15290.285628600941,13144.215652572817,19804.877754657267,10149.85175806663,18625.801823309987,15942.82678840163,60387.287772375115,13295.36480246846,11844.854367700298,14576.740787423741,13676.390585557787,28542.75447988183,20007.79703321807,16848.336641671274,10047.763866171099,18651.775355276273,12322.591074253854,27687.360788394326,16232.498601519863,19050.18442194009,16262.28998238149,39704.96363888684,18066.43656671262
22759.893981877358,22104.686550680424,15148.585187729139,13030.101080098184,19511.61941718081,9952.483261962858,18425.67655789145,15765.18864984087,60006.816058683034,13102.18798728826,11705.851287841844,14316.843519111504,13505.729926801925,28306.877356721758,19750.83850672424,16701.307200105824,9946.370478270332,18402.285447226495,12135.393335735118,27564.501705083323,16071.102337199016,18898.271554483013,16044.107690930148,39470.25803068176,17771.66108289283
22745.4418801658,21923.031244631307,15043.258537813448,12931.884810617392,19111.52855999532,9797.154285112407,18289.459098769268,15413.53866263638,59811.60441888518,12963.254433208629,11403.672981598205,14248.940221445819,13344.148500077556,28094.159486106506,19586.49474893995,16473.59483170087,9896.227316412602,18248.24406562309,12053.91293565948,27263.684087951107,15976.121599955555,18740.863765291408,15850.163326661404,39085.01522896827,17627.290245171273
22399.179726013565,21499.626111855607,14941.789818957075,12797.080073641275,18960.842736979626,9673.39297485514,18105.180868965257,15312.889040934451,59626.42949530783,12794.388114243944,11147.725069478922,14207.149490084,13244.044198151147,27944.29351225729,19548.043697098245,16351.932165251352,9820.327463788206,18003.52852843664,11832.984963326277,27061.851819412917,15851.42538609098,18572.702069583156,15686.18080286146,38710.68857676432,17435.00014046942
22304.557869708366,21499.626111855607,14787.652579129928,12550.453712734872,18824.725749685345,9432.473955367508,17913.81489813112,15140.01480299278,59338.13965526551,12706.612705481313,10975.42647424545,14037.91817560003,13150.182145964825,27826.143831705365,19319.74927604313,16198.38507475228,9754.146419477835,17851.959665643888,11619.625999241807,26821.088988805055,15721.293966951336,18400.139439325074,15562.298893649062,38517.50439765505,17314.062503909416
22231.13491343791,21485.563189239925,14598.703173528724,12331.418555847093,18753.2068356371,9261.632099723185,17824.360130141406,15114.853612812856,59252.47892480864,12577.934994320207,10862.829192940793,13865.0406653725,13071.474034669502,27717.589641753893,19281.4531675789,16053.671854579921,9609.067835405229,17622.097637086954,11507.802527948803,26638.951188345975,15570.894868843987,18240.006214024506,15386.586974289861,38365.91576854897,17170.960755961627
22035.17974124404,21343.03128770557,14336.189449773852,12135.628697481377,18628.513943600752,9206.442157681176,17628.27491520607,14975.729404408612,58987.70571574251,12544.791636653896,10690.669692072534,13704.038555282237,12910.01793688278,27493.409590516927,19202.44717632093,15908.709844429402,9576.954818599414,17452.041858801476,11337.745016363077,26475.715610687217,15464.573875629138,18018.750836538275,15294.42524251424,38183.857405953015,17055.137172230705
21933.04183795615,21184.060959280083,14248.6334192869,12023.69332746542,18410.904621515696,9102.40218738377,17549.278088882944,14802.351555305986,58573.4450194313,12352.961966170793,10576.355815882747,13704.038555282237,12830.580849501053,27387.886253891917,19157.922542440792,15740.841246609582,9456.435335933553,17348.802033755615,11167.764836467797,26251.19627880887,15290.672498859418,17857.099382632798,15146.09982197281,37853.15779576792,16880.161765344208
21787.524208501512,21002.737881035067,14133.154532126147,11910.9544603144,18256.971586566026,8980.962385975898,17347.347405394747,14688.79300378303,58438.62064290717,12346.360659988528,10450.884640091997,13651.992964954643,12719.138934560908,27190.787924552413,19009.35305966332,15587.255545100967,9373.690955061273,17164.009505133552,11044.914306441544,26028.206750756606,15176.549275195346,17646.3769815637,14954.327205143269,37674.53996240514,16704.81132105937
21569.763562806413,20872.69881812034,14040.196964703413,11783.840591236793,18177.091121348025,8888.568222942718,17155.123658094577,14591.65112044662,58249.91819375609,12183.485778057813,10273.390681285113,13651.992964954643,12589.820388612445,26959.420371684664,18841.89070354987,15481.504282058477,9349.9639925687,17045.002681864084,10919.720228428603,25909.350422267187,15065.813724912781,17514.18274686276,14843.214515206892,37495.33552688855,16587.240824306435
21406.92814871979,20816.33963612877,13983.468544001456,11611.98481490111,18067.035561898258,8758.276520383602,17069.228630936712,14401.921617339378,57916.18587254538,12074.905699625178,10203.694582053991,13559.688854555001,12477.540313878082,26831.78622090122,18662.83699693298,15333.910163682469,9349.9639925687,16938.037577401417,10828.304496576333,25772.861467258004,14991.34678646805,17400.111397155808,14733.554755495192,37348.925360159694,16499.61488709166
21143.09259130982,20693.039828780704,13861.38022469775,11496.774813094587,17957.558154863982,8678.629809896094,16798.048428218055,14389.35701900496,57634.642214947395,12004.911642840028,10034.13733549763,13462.689151743605,12285.593920539222,26715.624462735963,18582.728760516056,15225.150366491758,9349.9639925687,16779.35167881767,10736.192459211243,25634.301396095416,14886.054154850932,17276.311888279764,14619.808508450089,37217.988439272245,16383.525006780115
21039.925285421134,20425.350415191355,13719.90725864187,11395.911682832164,17817.785508594374,8537.269633509335,16709.104609092497,14231.242687486876,57337.52919435737,11982.052134448768,9874.242067854108,13337.978665267938,12118.532688526726,26631.46570618092,18455.587994901653,15035.976849587842,9232.361357316593,16673.20871706587,10581.335209473033,25455.134768480624,14799.755093486678,17165.04782281084,14435.018480209212,37056.77840085806,16217.939557789463
20976.939537980874,20241.381908855376,13594.553586230559,11279.739036911304,17657.706750506608,8402.840281069819,16588.570686939318,14069.686617612324,57132.40774427819,11939.50240130533,9743.282407314566,13241.002527169087,12034.35513819064,26552.432011523277,18366.16496956863,14950.356438087447,9232.361357316593,16572.045497143696,10500.422761842821,25316.377722095775,14660.551598656495,17066.2287207346,14369.329836200093,36911.220735402974,16061.848151043276
20912.70945443483,20099.498680146076,13459.420135220094,11168.64549057448,17503.207235821515,8329.37438336265,16509.53437100558,13862.70605901258,56836.614831352956,11862.094468977237,9647.25691591387,13182.377430331278,11941.94822320415,26423.561607626332,18340.280080431592,14769.105781523727,9232.361357316593,16441.233270439974,10345.220925242116,25201.860789499908,14515.291395276698,16975.672816008475,14221.882954010976,36777.76723984525,15963.881926675078
20790.386835974226,19954.794716564622,13356.132794233165,11046.428303842127,17344.14578608664,8307.254253029188,16392.33723045534,13821.076643542707,56665.68452911286,11787.254899450412,9531.50251951758,13118.548193467841,11852.23438746823,26254.542055338872,18265.627391908438,14687.057592002611,9232.361357316593,16313.007761954368,10262.712725721898,25050.14936919163,14423.900396065666,16879.54019446245,14107.707154590626,36668.76780680398,15843.107579412557
20774.3545356673,19954.794716564622,13243.759303377214,10893.912989787183,17258.99108145885,8184.783387558586,16139.756808614567,13711.25978732475,56536.35837592347,11679.693564872829,9489.94842509607,13033.811039314398,11698.360399029709,26083.930025490197,18265.627391908438,14584.868201639258,9232.361357316593,16162.519152990768,10187.644167574574,24915.6563229139,14312.314465707783,16776.511886992623,14003.514707447026,36577.600133031076,15758.134191281004
20624.65327124409,19954.794716564622,13143.040301535813,10829.37350133695,17128.428647251774,8031.273943479324,16030.56151142264,13689.535413013675,56365.14158097115,11679.693564872829,9408.114344099005,12927.588871321215,11611.004473670182,25964.740263882413,18230.659741455464,14451.00492758563,9232.361357316593,16038.916702619754,10087.248955649302,24760.598760037425,14227.546966121701,16689.0375932156,13935.983455827869,36463.610139301105,15647.567227587639
20591.44762954489,19930.409595535657,13039.07966371238,10747.614921196695,17020.13064404527,7927.6652923684505,16009.912708306478,13639.56446812503,56245.37257399048,11653.971507852231,9263.196580975531,12858.56152688786,11531.616948163397,25889.126414339,18194.341879086565,14343.79402180087,9232.361357316593,15939.097884877308,9993.115840789209,24666.634279112684,14129.747505621805,16605.74543309825,13838.90221133266,36340.749150433694,15558.299529857055
20366.57594015049,19901.15698415737,12954.889536999586,10637.338956283334,16914.22017764547,7876.88617366993,15988.133486801835,13609.828447894452,56035.72354947982,11641.850487098603,9116.907999545761,12793.78676906625,11459.329089924388,25777.87025103005,18162.002225606608,14203.20899470574,9230.692259923228,15859.147319621023,9938.702085110808,24530.62875520323,14034.887750006295,16437.195672339803,13716.944967947264,36228.63775129778,15478.83969866323
20366.57594015049,19821.046574763193,12893.749081459766,10566.40554778415,16816.205763133727,7804.805994144605,15967.132016815349,13608.44199198512,55938.1472190145,11632.212906813837,9034.76305687048,12728.703140066258,11393.951127996088,25677.13916309409,18127.819640376554,14122.034789395535,9230.692259923228,15765.742000516122,9798.820242489473,24371.424295214365,13979.243603766008,16352.856893257751,13577.828599359958,36109.23084388382,15378.093855632367
20366.57594015049,19794.028280099817,12814.106226565485,10413.367841704254,16700.213967508877,7734.887175428273,15796.858587041112,13533.842877111672,55755.28794095896,11632.212906813837,8942.020442158122,12728.703140066258,11264.428273248659,25583.634684608347,18054.997558828,14073.4496669796,9218.667443887629,15696.998493136989,9740.765881248393,24291.60446341574,13900.999690531758,16229.386577744583,13485.830560970244,35987.71243924387,15323.108066922645
20336.85005424174,19682.59217377758,12724.132836547278,10300.87223024801,16642.347358847546,7678.2511260279425,15731.02999011341,13512.258738411057,55614.86111749711,11622.02516102101,8877.800114981372,12680.384702948091,11172.457690973271,25486.1845226757,17914.696751536005,14016.71454221562,9176.026121224699,15582.105216035867,9612.40995097367,24199.945280045773,13801.905375284185,16155.12639519544,13391.616297505856,35867.401287088396,15239.410906365838
20336.85005424174,19566.489737143762,12638.222741331454,10177.882596545285,16541.15527878006,7620.139782491477,15658.38957173742,13462.343749579339,55590.26399398881,11594.331562195492,8790.255294526716,12660.514913692727,11100.52435051419,25416.892029275295,17868.28544911364,13903.03723535778,9130.743120571155,15500.6817719961,9541.969847832592,24101.84999473142,13698.902705679964,16061.391024952049,13266.435621601566,35753.45496805211,15124.348531251777
20293.41619290024,19533.773336308375,12574.889480080907,10114.614276703258,16448.399160877238,7522.510152261838,15610.716843000944,13462.343749579339,55434.57342041597,11532.111870448998,8720.74002426444,12617.700499756545,11013.765592809745,25333.629864878283,17750.401338786287,13811.735822437206,9111.91277307045,15418.860974001602,9463.508434203719,24008.005106903027,13636.056557529668,15962.4294550971,13193.58596341289,35661.493394233985,15050.914790770741
20193.08861915776,19484.122583543296,12535.580626248619,10033.791159791374,16367.243106196709,7477.381829665981,15551.008245232782,13462.343749579339,55304.78413929284,11509.62863877337,8632.77096819031,12610.19131728793,10933.641075781838,25234.14464425882,17689.49054985208,13725.358860933042,9111.91277307045,15344.991226328106,9381.509724696301,23934.965918311234,13586.990361213862,15911.985967747967,13096.971926219765,35589.633814194356,15002.45477580837
20112.986329896168,19459.5989754576,12434.793884593173,9971.967381970528,16280.269858820555,7411.942836974031,15473.456067922527,13414.850005263295,55267.81627455764,11485.34644445944,8573.260844822787,12543.926533405567,10875.133920447463,25160.12247479159,17679.052943400464,13669.064207067115,9111.91277307045,15260.696456728036,9338.257610298842,23858.21619897869,13526.597297461576,15821.22827735168,13011.18857759711,35517.19900862014,14913.214133526959
20023.59284413688,19459.5989754576,12390.310096169998,9907.77580815861,16173.636808307572,7318.858722487277,15416.695662247977,13410.857913697539,55203.69211301594,11465.276613658678,8509.447349782418,12543.926533405567,10814.763795896219,25093.44120734008,17646.47143807448,13569.946844772108,9070.833682616685,15164.771798241542,9292.500147360106,23785.68317825743,13464.7524542121,15750.8045498195,12942.042298689208,35432.30134985986,14844.944884795335
19987.391237437543,19432.104729784252,12320.204999378244,9844.209345371266,16105.093459687036,7256.617942830245,15392.014686435135,13379.641569378458,55119.93866153977,11465.276613658678,8430.344274789,12529.264490194364,10763.782972788082,25010.8834017147,17580.10848275016,13495.014290358327,9070.833682616685,15068.607903997945,9235.553150685448,23701.242251453852,13403.002939512997,15699.557674517788,12867.347997853965,35339.16964217103,14788.330085999925
19867.389010903837,19368.840016960094,12267.002246496337,9775.725002785224,16029.76173303995,7143.286454055177,15328.823593601526,13379.641569378458,55084.97841081403,11431.6951247836,8385.50608658779,12500.178591153614,10709.66128783153,24930.529871579776,17580.10848275016,13444.540194778428,9058.119966170761,15010.61980926739,9172.74999265712,23627.78804322315,13324.833061830665,15647.95106655168,12798.065178600371,35265.46150218183,14715.864968551565
19731.326104965145,19280.82872679724,12206.458242994384,9672.046288004887,15957.489013944389,7044.191801865087,15276.911178838007,13373.141497718087,55007.983811418366,11357.969269576555,8339.927994364618,12495.296637016794,10655.56246823023,24858.27822630803,17580.10848275016,13377.196937733373,9041.360326484817,14969.63216841215,9098.840761266685,23549.346517569535,13277.089751215126,15609.089354302949,12728.351668396512,35182.1416541319,14655.830544108396
19675.903998089016,19179.21489867824,12158.096754076329,9615.093203772825,15895.141448060607,7001.377264659551,15270.71323022196,13323.85749064422,54903.762727918285,11357.969269576555,8273.60639646697,12416.194939929086,10607.879840129739,24780.555975893658,17561.96128922909,13327.941003322567,9021.0927590429,14914.515428060995,9054.26934570047,23467.882965230812,13200.064796804709,15540.6220030521,12631.725146650188,35110.218531188555,14594.79883385334
19557.592620863627,19136.25949554609,12093.432985723104,9544.131719525996,15848.271788781074,6917.341859147366,15206.907119589423,13323.85749064422,54803.088527598156,11325.375286881212,8230.865301738479,12405.903441315339,10560.151330907436,24721.740032323374,17543.747071557118,13277.390764860178,9021.0927590429,14875.759314631136,8994.395049469145,23401.020923468976,13156.88330126041,15473.559029149907,12583.469223236165,35052.03490583268,14531.109630249513
19557.592620863627,19115.28208972781,12045.263266168075,9458.34612878109,15776.102290732608,6846.076940834234,15206.907119589423,13323.85749064422,54666.9261292395,11325.375286881212,8158.130939632926,12390.259119355593,10492.43325222081,24655.18967392327,17477.69406461985,13199.973540973924,9021.0927590429,14810.67637457301,8944.432249078134,23342.6634801856,13107.851600884618,15417.210217107207,12520.534560356316,34989.66940644028,14470.49448755812
19557.592620863627,19066.52807072788,11980.726923022095,9392.375811548882,15695.04884914399,6748.163165399996,15206.907119589423,13293.713174959745,54637.53184490751,11282.474917895423,8117.42983555128,12390.259119355593,10420.245911827657,24612.082012261424,17414.216838764733,13139.913287226413,8967.128404414705,14764.90290780396,8900.569777985065,23269.890190235077,13055.395070459543,15367.386281073488,12446.826476985572,34908.36364837288,14416.20789842309
19547.84133628108,19031.26651712626,11939.39569305859,9347.642536448813,15635.697985249086,6690.346232849685,15206.907119589423,13293.713174959745,54543.0516900226,11261.49333010835,8033.647767284219,12390.259119355593,10380.737016431609,24553.81904536911,17376.833811356257,13091.41628934716,8967.128404414705,14718.314624128838,8830.924121864635,23221.30959335989,13010.470227089569,15317.883258521279,12413.838774001959,34838.67620065919,14365.41147255453
19513.413216329984,18898.902203825837,11882.563615081775,9296.917962027153,15555.503470908645,6609.742577502077,15185.853855188943,13273.425356829215,54500.42813151192,11208.730239710367,7968.105905320782,12325.408830595044,10337.513894124617,24524.04896277075,17321.22482840749,13040.247412868071,8959.697576791295,14657.134494082664,8785.90260256137,23177.265804496103,12962.905888766607,15282.803256909117,12378.478881178373,34759.41159297319,14293.613643934354
19498.286936661094,18826.61620533748,11831.958145494138,9239.565205056695,15501.40548556075,6544.51497618944,15161.800687562922,13268.420574074074,54438.865280757534,11170.830126170476,7927.487793601719,12325.408830595044,10273.132605119878,24475.77401469722,17306.20186073494,13006.57528745723,8959.697576791295,14599.527165319867,8719.105794352947,23132.745878800215,12903.819444126311,15226.77397779972,12323.156448482503,34672.90492588721,14263.773942974358
19498.286936661094,18796.009958785253,11792.536825468516,9193.255392041769,15463.854551083408,6494.845609076282,15161.800687562922,13249.174823106814,54395.07008299025,11170.830126170476,7887.282083674751,12299.594201016642,10238.522586389634,24404.61643156785,17261.95904515715,12969.211068561897,8951.326115352425,14551.682647736563,8637.670344454586,23057.079412250416,12858.071781079067,15179.652055923765,12271.18026951548,34619.39908582046,14227.848430887447
19443.36312978763,18771.932900422347,11760.611425229465,9148.342262615508,15401.598522206976,6457.055640177932,15111.965824268953,13229.914644294542,54348.928640178005,11155.483652722816,7853.575943490252,12299.594201016642,10183.580246349586,24359.53790832469,17244.765754939428,12919.472733836796,8951.326115352425,14504.872550460059,8598.412452180226,22997.38196282648,12833.277583195111,15140.331971296664,12222.880175408465,34537.744264086636,14196.043591462696
19361.408535143342,18761.977829804753,11723.158212121538,9115.34575916093,15344.97666420741,6406.619982919661,15111.965824268953,13193.182422945638,54305.70498717393,11140.207746604783,7810.481634609768,12289.802605800613,10139.13530182801,24296.10425635674,17222.77788106398,12888.339126979163,8951.326115352425,14445.23404833571,8558.81534362278,22958.877066684454,12796.637419421217,15092.037210893684,12187.205307448523,34463.15100431098,14157.65498270491
19355.23555186023,18722.935831812152,11676.47984416525,9084.147652286585,15303.187126323695,6343.016062219047,15111.965824268953,13187.486293348882,54284.43565038122,11125.848516641096,7763.418016419717,12277.636606268565,10101.774482295346,24242.88627187436,17188.91067428209,12844.352615718539,8930.951423559047,14402.812960584104,8525.296147429988,22929.98223677905,12760.752163409436,15045.361619269412,12141.695475207925,34399.336034315274,14128.786906019628
19296.956025768766,18699.858471442014,11636.325641958689,9038.898402418523,15273.764425008929,6298.399369374218,15105.713035943454,13187.486293348882,54270.094861736965,11093.889931581984,7719.332533231108,12262.36516357686,10060.00027425194,24190.906977573923,17150.744945497136,12783.488538836482,8912.430169004081,14359.957405539084,8467.610233187666,22889.201286401512,12697.731699558448,14996.866696799978,12092.554405742758,34356.93380189119,14089.717234489843
19191.326699215904,18643.94629474787,11610.48192615721,9001.726007581598,15242.934808472828,6265.138860822926,15096.012273466586,13187.486293348882,54196.678013627556,11075.32846798285,7678.335529450632,12224.06790220999,10030.793859373856,24146.634915648207,17146.76426743842,12754.92766774749,8901.491856218214,14325.047126066635,8416.017645470907,22847.981651070964,12665.937841336454,14955.619539207275,12057.358567358393,34299.05360526254,14042.174093907544
19184.32449129412,18643.94629474787,11578.185926607706,8948.516630502156,15183.45931092254,6232.194433126731,15078.013057845195,13181.007924565894,54160.26471478779,11073.656276078864,7655.922913401188,12224.06790220999,9990.65939461918,24106.048447284567,17130.19793274878,12706.15869813215,8901.491856218214,14299.127138450403,8372.534878635115,22786.941047683766,12631.668418637379,14915.948557472671,11994.454329250204,34245.336746878296,13996.06523851829
19173.941744723845,18631.966925978253,11541.418532913034,8900.228527398896,15135.415046401968,6198.579962997816,15078.013057845195,13165.079002808518,54064.789375147084,11056.508899346147,7608.271138413426,12217.29238815524,9959.784891507947,24064.129081823634,17094.509665528763,12673.837103877486,8872.801080524845,14261.837064534435,8320.154537299066,22739.520972886552,12597.569545089413,14876.137922915694,11967.464405299688,34196.227301784165,13967.168127582487
19173.941744723845,18615.414506571935,11511.56061822191,8865.5128331617,15092.051940991021,6163.060181585775,15061.417606156652,13162.138042123632,54039.419687283014,11045.482461274469,7590.197075770123,12204.822732210914,9911.188917537505,24035.087631444727,17059.800800927424,12630.246688548472,8872.801080524845,14230.074317013217,8281.46319400426,22673.36537817362,12564.985726433539,14814.378364562983,11905.361494001212,34156.96466529328,13939.596117019362
19173.941744723845,18586.723490235425,11481.10151231399,8839.212531791818,15061.281053854485,6125.821006123047,15037.983099401488,13145.675308131355,53990.599488164145,11042.354187390478,7555.283368607376,12185.961331290562,9876.89350393263,23994.884939983513,17059.800800927424,12602.909600944175,8863.62765736081,14199.017057087469,8254.30729218692,22639.147674031967,12533.942262193665,14764.249338717866,11875.016723987392,34112.32350327405,13910.403671180778
19160.433710021578,18562.29927119281,11452.901707930752,8809.129321993107,15014.412833309076,6093.947736301359,15037.983099401488,13145.675308131355,53958.63339141433,11029.31236757188,7522.908409239152,12182.093402046,9853.151888730063,23966.05741323349,17059.800800927424,12550.930117842325,8846.572642531564,14162.034796855442,8229.19383825691,22600.7696481629,12515.240482603243,14744.297713513457,11844.610095277041,34078.3492825265,13884.650735200295
19127.470311210567,18544.753587070292,11431.90235240257,8783.065657110677,14984.182503796834,6062.6459735635435,15031.809877363414,13136.63027733663,53951.46802896098,11003.124133274707,7497.641797616539,12159.725920139565,9834.065061609275,23938.182372138646,17059.800800927424,12525.342897375427,8834.8714473571,14113.660537407126,8176.224779399868,22566.323470216983,12486.009788467383,14719.866168835855,11806.228579288369,34033.529989580944,13853.869487514956
19122.718879795164,18518.150704152176,11403.974144243948,8755.561641358547,14959.018434399604,6036.9191004852855,15023.05166420553,13116.981366460168,53914.22752978511,11002.074358521633,7468.690343126385,12156.525097826721,9809.94250638437,23910.174383808215,17025.82380276747,12503.000744130692,8810.365745225026,14093.70084111948,8155.0866391320915,22538.26347311027,12463.538343658915,14680.902278903903,11782.102939093387,33985.78254954502,13827.28547677286
19106.504389406942,18505.763530202777,11369.508495057557,8721.556818430186,14935.448500551194,6008.319061770515,15007.46527849994,13103.060312923231,53880.05987258382,10968.09270379344,7430.464522941948,12133.89926711683,9790.148858660525,23891.390199078254,17022.83985958581,12466.245103858502,8810.365745225026,14064.636879309632,8118.054126454243,22513.16095772584,12429.847850462666,14657.425797651902,11762.820653972123,33955.241580215545,13795.623729621311
19105.24551634886,18505.763530202777,11345.11721132515,8707.903712940446,14900.388230593977,5981.670215017554,14996.406681585115,13072.052224670533,53843.81269074517,10954.780918464296,7386.7038013967,12133.89926711683,9771.319499804835,23866.396202988668,17018.989626796792,12440.02610260545,8791.41732155662,14040.307773644257,8099.932214191609,22485.377586074334,12399.061648593186,14619.604738969689,11734.522567738934,33915.25968039841,13765.766395589784
19084.90828203559,18489.745745907705,11320.422680763228,8684.092124560775,14868.974682187729,5969.372253290819,14995.197486862195,13065.372338321962,53822.87693241693,10924.564560667799,7351.860715872265,12133.89926711683,9737.652026762296,23846.381612537254,17018.989626796792,12414.115673386037,8776.246429348652,14006.336716709404,8063.823297845412,22446.648845599993,12372.373453859898,14586.679316353195,11704.788910802929,33890.7398100775,13746.252257482314
19060.76998372939,18472.810313569178,11292.657699024587,8656.02442391709,14851.220636163931,5948.370647711403,14988.597811591033,13052.354119215237,53814.56060662263,10915.969685703267,7331.122950129338,12129.670656829163,9709.177983855468,23827.58103016697,16996.93009422945,12388.395237866209,8762.155508337057,13986.321234481333,8036.856474884689,22416.85155247565,12355.64400152942,14559.619121532849,11670.09723525535,33866.185732889804,13728.274284050174
19046.907881632596,18442.193779462075,11270.899549582125,8629.677436819991,14822.90330739236,5924.055941320364,14974.680656117636,13043.306946027958,53774.75199123196,10909.570221195492,7311.486269108885,12110.558417626564,9676.16486178393,23807.061368563704,16993.41304960278,12358.910014270856,8749.164918764469,13970.78567841227,8024.950962029175,22398.51974727539,12333.380473594598,14537.21940935055,11645.831997579766,33839.26752238349,13698.768455560028
19030.99013705616,18428.440774581926,11254.885212596739,8600.955784898608,14793.948216392422,5895.475254527739,14958.06780337212,13011.164575188797,53752.469703952076,10877.477703630713,7291.832541635483,12092.483116532429,9657.759659724468,23788.80366399935,16981.314738599027,12330.868792243518,8727.466249403125,13947.566448543204,8008.0869401716955,22374.8541318556,12313.624685928264,14517.724990579634,11620.560679970484,33798.7455093875,13674.516374359384
19029.673743277883,18401.322899758616,11236.651064738788,8572.907677195986,14778.081703112583,5870.034422176119,14935.285905157132,13011.164575188797,53725.113761247485,10877.477703630713,7267.343456781529,12088.388520548058,9638.507583974637,23770.26872809067,16981.314738599027,12301.95857841217,8703.809836737357,13933.640498646824,7985.319248359293,22354.783261709636,12290.628973404886,14498.818819283722,11601.205096431493,33778.78233163718,13657.906526692586
19003.977786487045,18380.117232392775,11217.253629042229,8555.294240291982,14756.023253581097,5843.205741889057,14929.54639645916,12993.986532933372,53701.720085473826,10871.736357347148,7241.699060016955,12074.885290731678,9619.505562220485,23749.810457784322,16973.80942397538,12284.623867019394,8696.877940666447,13913.340088115741,7960.55708740479,22332.216925239052,12275.23589961826,14478.319234386829,11577.616068244019,33738.864106726585,13633.065767970102
18966.537468760485,18372.343410863396,11192.082504037653,8538.911500505234,14728.983285803288,5824.47784588748,14924.112943282473,12980.457781016994,53655.543597042124,10861.214701168166,7213.036849061035,12066.558635988189,9592.486230696137,23729.01580157769,16952.388259623396,12264.119956730707,8673.44886668175,13897.339800495716,7941.906937068407,22316.104843061476,12253.732366278875,14464.507209048646,11558.478279783783,33712.319287588616,13606.281282360887
18954.687505957365,18362.62014505738,11181.278385294127,8516.593601770768,14705.358186452975,5801.511399994946,14899.192030512675,12976.867807834478,53628.6568367515,10857.194217404021,7198.918225027259,12050.331735479518,9567.337366788666,23703.301407166437,16948.232943488565,12248.148476707203,8665.058570484045,13880.094535122877,7920.457689786288,22293.870954584938,12237.509522702574,14452.346471093562,11539.68006378386,33684.961062381,13588.273547468483
18950.091715067672,18336.671370632324,11159.282378055923,8496.55553533896,14686.268075274176,5783.063402213884,14877.909139054256,12972.610909874333,53601.02855004967,10847.32598955525,7179.78745692366,12042.696664485655,9545.087275139256,23684.53916239495,16919.96310484114,12233.301101142679,8663.234156017954,13860.061646948361,7895.879407933284,22273.110896608017,12215.922469830399,14437.373413862248,11529.415017257043,33664.66095198063,13571.089271218541
18937.039165060753,18325.774447611577,11139.899292499775,8477.339216737788,14660.390025594708,5771.650981446452,14856.605857287233,12964.119542486178,53585.74750559437,10837.992286968021,7154.985816253048,12040.40747508112,9524.26232999619,23668.506776509952,16907.26258942663,12219.214965506997,8654.873012091273,13839.551026209743,7879.208678105768,22249.558335842983,12193.673797537806,14420.811328619518,11510.796121674302,33641.86915077236,13550.957777521675
18917.03080164713,18324.806751884433,11131.189197561005,8459.091773822962,14637.976934883212,5757.187613297088,14855.248036954086,12962.605121391636,53567.49239873951,10837.992286968021,7138.949056055353,12014.279576731396,9507.553032603095,23660.11036480126,16889.258416627366,12206.034131106106,8645.585504932924,13824.044469034532,7863.904990464408,22233.41216013016,12177.367395834919,14412.18211684468,11495.755307756019,33622.448893268505,13537.803841077057
18885.62505191372,18302.73063880205,11117.945264875916,8441.48516606829,14612.39909125328,5736.904091240158,14837.957795757617,12958.72815376044,53543.15968275632,10833.053622813286,7126.272973068087,12010.110196928474,9487.479065943244,23648.5101626698,16868.705873435116,12189.918086065807,8644.995906634442,13809.822395796644,7846.45356824604,22216.394900135932,12160.043748733136,14393.377093753705,11479.291191430179,33611.54399869282,13522.537401452988
18867.69840479226,18288.837618575784,11092.826104476864,8425.089839455946,14596.251214566852,5724.559661856598,14813.322418688302,12949.547980658299,53527.49256176043,10824.8975806681,7115.496673280036,11997.535334191489,9465.244307935698,23630.948908364462,16862.664148035474,12180.843419342265,8632.32014641045,13795.289850683932,7827.747912437608,22200.393088980127,12142.149404228549,14379.767988781989,11463.251206019188,33586.08302823053,13508.873917347895
18837.791560411846,18279.500177311063,11079.021260170648,8410.889937732802,14582.8966261863,5703.937402465817,14795.624853959545,12935.205917208108,53507.333971278975,10816.54456751139,7102.922843631656,11990.745503634353,9447.735595819153,23616.754738903175,16842.07708060352,12169.584321628336,8620.913565428236,13780.12930634124,7812.543587419799,22184.93573032601,12133.504607231225,14366.258783385165,11447.265845966287,33564.136597231765,13494.207697407002
18819.914994944174,18270.332269778424,11067.006799911276,8399.882683764909,14569.488621082583,5680.288024317131,14785.26228733997,12932.365024154991,53489.10254806473,10809.36117402368,7085.596986378899,11971.758938869745,9431.635172038732,23604.791639973042,16836.423233273224,12153.133555512117,8603.194159547264,13763.443686437073,7798.417688809532,22167.07154515807,12124.734005450644,14354.333143693944,11433.12897661281,33549.86637911458,13483.208793009655
18804.83416828396,18251.66463013711,11053.349116309584,8387.820517791497,14556.168413823876,5667.927955458929,14772.8698340352,12922.610969912288,53458.374949718076,10793.409454135182,7072.542303837919,11964.129283281021,9417.185766713079,23590.784376292217,16831.238311778834,12139.766124937547,8592.858697797983,13750.753781360994,7787.5694576606165,22156.963260012366,12113.32996068932,14335.911648057621,11422.366903843702,33535.06782390832,13469.382098358448
18788.34943241734,18245.959559733412,11040.190710515917,8377.82663659678,14540.809609058017,5658.304353026158,14767.219297402133,12910.263249640788,53438.671474062285,10777.372902181287,7061.06784524581,11952.478743555515,9404.28186386534,23580.535200775914,16818.34997166537,12124.643538317236,8577.61257428903,13743.77796777402,7774.458889685409,22145.901660272102,12101.481066201777,14323.655094609636,11413.784043072832,33519.6429080072,13461.420272100704
18785.351477774755,18240.576827821966,11027.5573953446,8362.185983411968,14530.490186424506,5647.6792798222905,14754.1279700953,12899.71560360983,53414.71814777824,10771.041490599508,7052.26129894202,11941.302682558886,9387.691714672737,23569.15149318418,16799.242990192004,12110.62865096104,8561.842461709384,13732.344404287142,7763.0229071786325,22135.722021098376,12089.953459269387,14312.193717479366,11401.97354676953,33508.63766554123,13449.873493122257
18770.1138085516,18222.550349716046,11015.114049832599,8351.511745308053,14515.089584169174,5635.722998190071,14740.175466358942,12888.052882354184,53407.68247615536,10760.377764875995,7041.952487830924,11933.783128735124,9372.934436688789,23558.177167391106,16792.195385121257,12095.95806590176,8556.160166589994,13721.48072996465,7753.273257983898,22127.418510945095,12078.32195740571,14298.27953211052,11391.069850593349,33488.12662313307,13441.102122230108
18755.953544846776,18213.159018579994,11007.440090033953,8337.220700713882,14505.402521970547,5623.84455374511,14730.415742769534,12882.207595404303,53385.60884475515,10755.698702391786,7032.921402540881,11931.916071056085,9363.05510766307,23548.104739027898,16789.18850665836,12085.276150505237,8553.348105843566,13711.914145914854,7740.633775268707,22117.464335190143,12063.168740934647,14286.145308482393,11381.162835910482,33472.18399072972,13433.668591360518
18741.32281048101,18191.981655825253,10999.428059432523,8327.252554617638,14496.529443611464,5608.991184008352,14724.529009113316,12865.64894689776,53369.198011822555,10745.24762389585,7022.883210506091,11926.527189934373,9352.77374153612,23532.049872902393,16779.2914842737,12075.669783725098,8547.512862821906,13698.481494226182,7728.727198943032,22103.006483087524,12054.133375103986,14276.860406577338,11371.749572676812,33460.372991396434,13426.507027801867
18721.055707884836,18185.639577028232,10989.266198295227,8315.26971594379,14486.477055620133,5597.915030577562,14709.286854408561,12864.510795498956,53352.496235965285,10727.172893764742,7012.532412089405,11916.199446473958,9345.200990258709,23524.824339408075,16767.562431088998,12066.819218496383,8535.544576333094,13682.45724002871,7718.262853364335,22086.745222518482,12041.844465464157,14265.002806724886,11364.526094897066,33446.590622843534,13417.19346653565
18719.508368664698,18176.645060784158,10981.46285973051,8304.636759691199,14471.346863857105,5580.903689895607,14703.128104919773,12854.670447416012,53333.294040271656,10720.538568870948,7003.676066592771,11908.980138786326,9336.133821910422,23512.74302301893,16755.652251309213,12054.737176369883,8520.822864510079,13674.031461635783,7712.492990641126,22077.817553649285,12032.03819928535,14256.355150081761,11355.550623158028,33436.83609344043,13405.52897757298
18714.216184624445,18165.111958342415,10968.953520866462,8295.440959521417,14465.218427258136,5572.208315212032,14696.221968828531,12845.402288484996,53313.68006794149,10714.403670501912,6997.390661717471,11905.891852942485,9326.039437903128,23500.28129404794,16752.324172790544,12046.91265875116,8512.17722606512,13662.794407426372,7703.884097771544,22069.23027651542,12024.574256452044,14245.598959403162,11344.406102145307,33425.38741637202,13396.196766768977
18703.696086850592,18154.57122457114,10956.923512200929,8286.265988774052,14455.651040645622,5564.107871041486,14690.923394343534,12841.013480892618,53303.36251730239,10706.127316966216,6984.849392470936,11900.20319879073,9316.222767719268,23493.115267833076,16738.834618504967,12036.538322715747,8504.63113359189,13652.792679701703,7690.197896538867,22057.772863594404,12018.28658263109,14236.055982726997,11334.297866791894,33415.79417993731,13385.06527913252
18700.310304404124,18146.173996006768,10949.449252379645,8278.298744870019,14447.755392121602,5556.022440262443,14674.959966474149,12832.050919053101,53288.46380740535,10700.953562514476,6976.987822960086,11893.753711094996,9306.538748056284,23483.5348305369,16730.102022972755,12029.717061079937,8498.532444821576,13645.705953583605,7681.7428662916955,22050.23575718942,12009.963475121678,14225.72277807234,11322.941010913293,33404.00049505856,13377.809464752285
18692.78049757266,18136.1397055305,10942.293519677898,8263.586372214291,14438.944969168251,5544.813768358251,14661.864983193229,12819.59790052077,53272.32200881197,10695.45743633169,6968.12683277617,11887.99675260419,9297.45576940995,23474.292514566318,16720.746195456966,12020.240625987917,8493.075970598284,13637.709782844157,7675.110943608699,22042.372621233517,12001.207973863698,14217.288758785679,11313.184904022004,33395.97723307368,13369.729738141052
18691.503490127317,18124.59321638294,10933.184116232405,8255.97502884105,14431.749663020697,5536.58087581316,14652.39792998598,12813.531437021817,53255.66116398598,10689.676926520217,6960.34793040603,11880.954119211969,9289.474089763153,23466.885036418433,16719.19982237535,12013.943730821333,8487.908045480926,13626.889737541866,7663.838328780306,22028.859239567722,11993.66512458815,14207.931630179552,11302.360808252304,33384.788871682256,13364.344777658369
18682.898122466995,18116.110223058105,10926.76390082383,8248.424325499276,14423.092199265673,5532.497625050548,14646.185895851597,12809.269723045152,53242.493331551996,10679.07137183471,6953.555684719654,11869.826107201052,9283.95184098828,23459.075852091883,16712.612788046245,12004.892152098219,8481.154806430515,13618.623117230714,7658.388509901512,22021.75249201202,11985.792589753954,14201.475447031673,11293.138484301106,33372.513771899874,13356.806496495321
18674.699536153035,18106.9895672488,10921.578243321943,8241.740594317906,14414.82286986867,5525.527686277925,14638.403394071353,12803.61966551302,53227.02831499438,10673.840379044317,6944.230819270808,11862.357128988173,9277.796801310862,23453.644262601985,16706.926746984223,11998.884902329019,8475.553656450425,13612.201548510095,7649.430708459892,22016.85280868386,11980.335725788467,14194.79302806223,11286.64084584437,33364.09743361165,13350.411450822883
18668.71214875947,18103.13887552807,10915.908684062002,8233.85807850812,14406.804345806193,5519.073725203065,14622.295928207335,12794.381121249597,53208.74114986439,10669.523214130217,6936.352245356716,11857.48745927327,9272.251227416375,23446.984630178333,16703.56612627067,11990.804797313252,8464.91204877129,13604.213350573875,7641.186234411917,22010.63658628284,11974.838804334824,14187.244795008592,11280.084468198884,33355.095705184925,13344.691085982016
18663.26833233113,18095.21440817719,10909.868728166302,8226.23518847736,14400.561318531125,5514.078615893673,14617.050472412478,12787.727651434034,53199.46729310738,10658.988657466665,6925.7498768035575,11850.640528912696,9266.055437589723,23438.001860447195,16697.457000724535,11985.529780747822,8453.154922396621,13600.715644258828,7630.911919745185,22004.777343036578,11968.811209691929,14181.41545196389,11272.433430915675,33347.77612399861,13337.449499085073
18656.8051657128,18084.435842529183,10905.839131258137,8218.371969423575,14394.666085742436,5507.180339179297,14614.443433906474,12786.35390544949,53188.19218984623,10653.463530892206,6920.951092088364,11844.808448364021,9259.797770162293,23432.44414504543,16692.42205526895,11977.201071096271,8445.277119568378,13594.012269469495,7625.0638969804695,21997.11946895489,11964.606559630072,14174.18693077398,11266.459494236822,33339.24042533718,13332.62658972641
18650.22366561903,18076.16880999293,10899.048638745593,8211.901942131386,14385.453675350302,5502.613428377323,14607.643224894646,12781.454741539486,53180.58591080474,10649.093825402804,6916.863810037438,11839.978379364455,9252.014624582864,23426.79962242233,16687.299359917655,11970.154637740361,8440.770936687306,13588.74246290785,7617.785330178301,21989.311898118045,11958.665445542025,14168.170900384323,11261.871332388133,33330.39604200553,13324.913307860608
18642.269089308495,18068.341467195554,10894.398791098833,8206.859733973692,14381.066133679173,5495.620329458355,14598.48970504932,12774.76848944775,53170.36586504187,10643.896826167167,6910.94663809644,11831.668355234991,9242.911282164878,23418.876550314704,16683.875100572528,11965.646109658353,8436.456281869032,13583.732975750654,7610.737783411186,21981.630870873687,11951.820490202379,14163.459954418013,11256.053510086305,33325.71660752593,13319.984186338708
18636.67989524434,18063.074263222807,10889.00693200969,8201.219955045253,14376.91451026123,5490.7838104814855,14592.451520569868,12771.536091480773,53163.19370062229,10641.92140245206,6904.182140171496,11826.533852474024,9235.761132260135,23413.63915145945,16676.956260188188,11960.009877412649,8428.10977327811,13581.466654476437,7605.362448839123,21977.00367672964,11946.675357787663,14156.430018006751,11251.802937074528,33319.99481063462,13315.396515790837
18630.865897354248,18057.498075749205,10885.152696537749,8194.025171473182,14371.929379648822,5485.117185815749,14589.64541770083,12767.836488891844,53159.0439063808,10636.37026155538,6898.725361677833,11819.582223220134,9230.160322377633,23407.89822472878,16672.70501887089,11953.744183301827,8422.595845456064,13575.784877614855,7600.067129698418,21970.259592316008,11941.801164205433,14151.8136301298,11247.386617268374,33313.65119106602,13310.986222118207
18627.498658338467,18051.668355535854,10879.670381998152,8188.219553580213,14368.99234332353,5479.098073313913,14585.084503603513,12762.731546833566,53150.668621454686,10635.144597911798,6893.169919054244,11816.631865251202,9225.841070547121,23402.940921216243,16665.58793155745,11949.541262647042,8418.626110049594,13571.221666537918,7596.044532097959,21965.90269456606,11937.900417093937,14146.803907434492,11243.409264139093,33307.14568820847,13306.595290161818
18622.554186881,18044.079148215616,10875.38633372845,8183.958634703877,14363.545949817355,5474.841315971531,14581.754003031543,12754.919993224152,53142.70767465139,10631.781176926368,6889.480752158902,11812.173808884745,9221.950487664155,23399.278317173263,16663.460060054764,11946.925455564948,8413.30641471575,13566.733551402242,7588.33246166733,21961.398357252958,11934.17281586811,14142.04633609502,11237.490015598007,33301.46636344533,13301.576706266893
18617.323864818467,18039.591809607817,10871.20503907336,8179.345433217042,14361.191030367647,5469.73242455328,14576.972761272245,12752.263902706442,53136.306001919875,10628.788467529,6886.464647432225,11808.402957523112,9217.7391375865,23395.917419438174,16661.634087030987,11943.260275317336,8408.695871509568,13562.11355904508,7583.544756647031,21957.88084890619,11930.75652716369,14138.407035739361,11232.416100287102,33298.33066373067,13297.86861650045
18615.38353315713,18035.169658008846,10867.724715312002,8174.90453619518,14357.349879243515,5465.291727417476,14571.751272002197,12747.57095199903,53129.69283281513,10625.853668783726,6880.747341782331,11804.70377411169,9212.319865800946,23393.344822147406,16658.04182972254,11939.484267933882,8403.52851716349,13557.860538574649,7578.356992641329,21954.459347413926,11925.73895050171,14134.847565009037,11228.82403856706,33293.41924791987,13293.375772293532
18613.39634299996,18030.53253879025,10862.303945191821,8170.201873079494,14355.160392477861,5462.25390164173,14567.36656595933,12744.352890952892,53121.9419135094,10619.950806642482,6874.874064833464,11800.161381076332,9208.770013112664,23389.825880713066,16653.11095526898,11935.244612479793,8398.664173825968,13553.232013512497,7573.492656152581,21949.951447070183,11922.112792594407,14131.623213907087,11222.838968713659,33288.83108097871,13289.7585572257
18609.773362034284,18026.173148608694,10858.35820590883,8167.395605388269,14352.243405744264,5458.246573661332,14565.4323389242,12740.226653941434,53117.575066335055,10617.127404288478,6870.9646530470445,11792.626951828131,9205.884196609444,23387.021839790345,16648.950649055438,11932.34162236309,8394.93989152071,13549.763979024116,7568.77971031278,21946.74596663974,11917.925975627646,14128.65049109652,11219.63632380201,33283.92920163451,13284.427001359536
18606.769988181164,18019.588592850847,10854.202146844887,8163.630581767852,14349.711415434513,5451.8775474643135,14559.803286590524,12736.644965869902,53111.18901032788,10614.609974515153,6868.370342426476,11790.227437312189,9202.97239948588,23382.94553733338,16646.191156051245,11929.334214115192,8391.85057297729,13547.395040961372,7565.384412201406,21942.087832629364,11915.616894505409,14124.296608488106,11215.95675409529,33280.72211968127,13282.067285131523
18604.89327470231,18017.422287283975,10850.319918091865,8159.879783455479,14346.289288118622,5448.000109709278,14556.972725981568,12732.294714081381,53108.16760493433,10612.421503984264,6865.552580905646,11784.934244854512,9199.04227833399,23379.044790111206,16641.265580207546,11924.976991246553,8387.905274568398,13543.188184965953,7561.025664372561,21937.997776498047,11912.776904568827,14121.118437679035,11212.675056676006,33276.642400425,13280.178002352897
18599.98155460369,18013.10615295168,10847.754593111767,8155.538820069743,14344.064484907945,5444.30528677977,14554.98834448434,12728.630741774203,53103.849507421575,10608.79926398702,6861.864650457832,11781.214333867189,9196.64946532408,23376.48068741468,16638.724720110367,11922.75648638292,8382.789717970116,13539.714791027589,7559.173306783457,21933.41123579826,11909.396744528782,14118.033581965736,11209.48993967107,33272.79755386451,13277.922271315067
18595.561977089554,18008.211220227324,10844.518208327449,8151.323060536299,14341.184577684635,5441.951003114172,14550.978582337786,12726.204412791629,53098.73212485238,10606.669600492523,6859.355337283922,11776.674282675696,9194.061611225938,23373.201448212858,16635.92010336766,11919.334676307346,8378.593357372865,13536.986186498145,7556.466310212761,21930.142096522213,11907.125432026,14115.343220343391,11206.542935822858,33268.74400741505,13273.922500056835
18591.169054807186,18004.987851967027,10841.043172911403,8149.051708246046,14338.547133604798,5438.4359766193875,14548.030473931405,12722.605875825508,53093.37027982763,10604.425425705538,6857.183738447004,11774.473763364656,9190.762642790201,23369.430863914004,16633.65954174385,11916.633492308729,8375.00383028626,13533.107820050924,7551.9339605321475,21926.82727138745,11905.107138096217,14112.404730211578,11203.540034035363,33263.9882679374,13272.01630733244
18589.259061870685,18001.790071903644,10839.100158590372,8144.799783465515,14335.696759476714,5436.333250866308,14546.185331622377,12719.358300286753,53088.82561368115,10603.042424460793,6854.931364758299,11771.269217876335,9187.202375002918,23367.600487543914,16630.897979704943,11913.004014368053,8371.521750953976,13530.482862225022,7549.66865601672,21923.785867444458,11903.643419239752,14108.702750237017,11200.349259785566,33261.342647927115,13269.32706842022
18586.79815140706,17996.899975441273,10837.577456172316,8142.048407447261,14334.435971277007,5433.487378246941,14543.927165119723,12714.797967532566,53085.87419035229,10600.56274844476,6852.086079505404,11766.623162457403,9184.844324376218,23363.23373811846,16629.986305699178,11910.588155130261,8369.135625134297,13528.191841801257,7547.20946999621,21920.46327870646,11900.707448171337,14106.446140003702,11197.814151954308,33258.399782320776,13267.63336103723
18584.736566454572,17993.77423606832,10834.872208593015,8140.177906122084,14332.052765253231,5430.873796650017,14540.90620299225,12712.954345376324,53081.955856043845,10599.286774274597,6848.029390333123,11763.594123225883,9182.97390709158,23360.873702761233,16626.71317527406,11907.919673733386,8365.276110380777,13526.473957768032,7544.804844249499,21917.511257889815,11898.283643508987,14104.031185240348,11194.863325718872,33255.1304493807,13264.950937771937
18582.02676156981,17991.194453020085,10833.041309080032,8137.814443449634,14328.867581921126,5427.58239820663,14539.207627163489,12709.69195649111,53079.43242776894,10596.518204043503,6846.075326415235,11761.494849916331,9180.339723263018,23358.37504381849,16623.825605381866,11905.438003201067,8362.707354409968,13523.659124548574,7541.062002420419,21915.026939057356,11896.494401992451,14101.879700178653,11192.75041466855,33252.05236681452,13262.302753125396
18579.480434313227,17988.067088697928,10831.464286948458,8134.844930317584,14327.365804831537,5425.741416878444,14537.12643987537,12706.300092739883,53075.98279433029,10594.644658122528,6843.417781311344,11757.635733403673,9177.96289701794,23356.098690492374,16622.39203006834,11903.172491888023,8358.887319651838,13521.340506796152,7538.581384092567,21912.48553554998,11894.354074567224,14099.788268410406,11190.731334386015,33249.77718476717,13260.178442775663
18577.895515104145,17985.77007644104,10829.8841475777,8133.009338126767,14325.01681805349,5421.955878231082,14535.812225300944,12703.509657422308,53071.16419180939,10592.899727353075,6841.713247913125,11755.563971647347,9176.190172241859,23354.233189582897,16619.136469143465,11902.059748262396,8356.82880779213,13519.700913709708,7536.760312772037,21909.898055158672,11892.196076824881,14097.626750462356,11188.577542386727,33247.04888253221,13257.407871003117
18576.142314323875,17983.391497728568,10828.357445542135,8131.145388891791,14322.9785021286,5419.925086631183,14534.365559956994,12701.325195951278,53066.38912991938,10590.588281478784,6839.710343903303,11753.601719292055,9174.06695090123,23352.60351454287,16616.45634834294,11900.085512756921,8354.624172139218,13517.54640632195,7534.24301124605,21907.657859132934,11889.951991818136,14095.720555026586,11186.205366166794,33244.634357385294,13255.6148738778
18574.16445594038,17980.2797743349,10826.770484064271,8128.989075534904,14320.590157121824,5417.168303580306,14532.976328199993,12698.621126727108,53063.32412712986,10589.795269437513,6837.583431616498,11751.968504720135,9172.1050792696,23351.076800501232,16614.51566384873,11898.082421995161,8351.664651040224,13515.543936669,7532.767843550207,21906.069010191797,11887.85062420961,14093.957355504488,11184.24033034508,33241.52353410664,13253.728492224616
18572.311088420145,17976.930864959104,10824.858123491977,8126.502177188799,14318.833297869849,5415.567601435052,14531.20660898951,12696.204203368485,53060.976275222536,10587.966927509966,6835.920077642678,11749.595062329889,9170.519996910822,23349.42587343241,16613.551729333256,11896.388663292228,8349.411003185012,13514.1572826795,7531.4907042502355,21903.720497878952,11886.387242408264,14091.92064934767,11181.862637608783,33239.02133506838,13252.573234560494
18570.45488968161,17974.790155917413,10823.177924007477,8125.044120927471,14316.812500686705,5414.056204562904,14529.624669058003,12694.49845639999,53058.75529571475,10586.60452182146,6833.860665243751,11747.448281749037,9168.654492332447,23347.738069687355,16611.305935192337,11894.074941192854,8347.459693233104,13512.684898491658,7529.759445881261,21901.56425060018,11884.977612565823,14090.790278564613,11179.652971682393,33237.282166152494,13251.053274977961
18569.144340197057,17973.210958368138,10821.416472562467,8123.799338142633,14314.994028029385,5412.343380253162,14528.237625591833,12692.709580107969,53056.94987595616,10585.133544009828,6831.689380581774,11746.056920750361,9167.340199264456,23346.648012536196,16609.274892456873,11892.395751902399,8346.224125735342,13511.47431139269,7528.099994287114,21899.621958847176,11883.525096050318,14089.50382647597,11178.473285927572,33235.13257002741,13249.749769991355
18567.40369284909,17972.090160208456,10820.186071660966,8121.917441308929,14313.565376215773,5410.760598268145,14526.663753286137,12690.539618757895,53053.6467223197,10584.180182918215,6829.979498919393,11744.881826984298,9165.37074423033,23345.03064035333,16607.694007601203,11890.656618571396,8343.93082845796,13509.510039994839,7526.486790746592,21898.15868379344,11882.233440847123,14087.147780612417,11176.284253783888,33232.687893434195,13248.114728224089
18566.18356323825,17969.86890808129,10818.467944563356,8120.2333112367,14312.337223819492,5408.478529317012,14524.647624652394,12688.47760811934,53051.04835934025,10582.933323078903,6828.226823251022,11743.322644791495,9163.530218741758,23343.85567143486,16606.174913009163,11889.55497851343,8342.010894842573,13508.207952800563,7525.443439479305,21896.93841863903,11880.662417944692,14085.844875671804,11174.686531968902,33231.201165200844,13247.10850003016
18564.590375246204,17968.152177461496,10816.75760889172,8118.785739046281,14311.399919577678,5406.914933847669,14523.294615196042,12686.723135967053,53048.77960490837,10581.681039324301,6826.688160256288,11741.244847433314,9161.776467682645,23342.553725081747,16604.726371087105,11887.53438999964,8340.619698584986,13506.600945018989,7523.443353620997,21895.135350035554,11879.649985346805,14084.060882501144,11172.653644714323,33229.759013805364,13245.677484719441
18563.623135101843,17966.919322023903,10815.71463661999,8117.048796473611,14309.834142712545,5404.660285985329,14522.229891110575,12685.425849507672,53047.211571669715,10580.589267031952,6825.497700913378,11740.107367162946,9160.497998257011,23341.475033715647,16603.753764338904,11886.339841325786,8338.761819281995,13505.250137324367,7522.180315597477,21893.79409290981,11878.593527106543,14082.094522383413,11171.165451270592,33228.51669610402,13244.3002332144
18562.039342644006,17965.95299543735,10814.762301270996,8116.350684204092,14307.975254504587,5403.290566084159,14520.993683627059,12683.873878785178,53045.08549725664,10579.785454209832,6823.226894450538,11738.965314202323,9159.021356703666,23340.34390848306,16602.65447722676,11885.206773049382,8337.078484171037,13504.202094401553,7520.891539262996,21892.4398645812,11877.02668286041,14080.458222927962,11169.981655635207,33226.69261212609,13242.79211240481
18560.620404187575,17963.968187998296,10813.38554275824,8115.097290987156,14306.741373240062,5401.960610420205,14519.870600803404,12682.57334967446,53043.32257141554,10578.716297556504,6821.986545698436,11737.765873211027,9157.592402217146,23339.102354456245,16601.503928031467,11883.690376344188,8335.69219454442,13503.232348399979,7520.028365295346,21891.47592526281,11876.067538820225,14079.457149838085,11169.183985346262,33225.079346929604,13241.455131777897
18559.623195550605,17962.08392410208,10812.503921776457,8112.858967434024,14305.511844178454,5400.57176747875,14519.008593145405,12681.248381350599,53041.36976513866,10577.674042444316,6820.862686336767,11736.570589817042,9156.565767589233,23338.335978188952,16600.2975021297,11882.402007411038,8334.561444743575,13502.222258883445,7518.582249992108,21890.269976664742,11874.94259538989,14078.168189177735,11167.932912681717,33223.391023297474,13240.57299262256
18558.57050502889,17960.453456789583,10811.36090072529,8111.876097245037,14304.379561442274,5399.61346854088,14518.011043147966,12680.153323980143,53039.59863067996,10576.732946508586,6819.633195413453,11735.923710391302,9155.53762836846,23337.05671781691,16598.976007700112,11881.412760239375,8333.640405043641,13500.942620910047,7517.563139811098,21889.55716197846,11873.87765496725,14076.753068923088,11166.710828139376,33222.534044329106,13239.737698705787
18557.894837516455,17959.199303852103,10810.174528030753,8110.980256280015,14303.15968613006,5398.3553104878665,14517.560338528685,12678.721240150957,53038.04121643683,10576.095415597829,6818.454261225736,11735.047786041163,9154.232124891318,23336.30119434789,16597.65685818387,11880.209491439671,8331.989790906104,13500.172998151833,7516.332473056515,21888.573092380244,11873.056863438946,14075.92925696113,11165.917476473545,33221.4633961997,13239.117578381105
18556.404088278516,17958.00358048695,10809.16294358177,8110.353725045027,14302.096199930353,5397.280364796432,14516.058801486879,12677.894358115323,53037.067526522114,10575.02363480732,6817.14054668449,11734.51640005104,9153.08185414783,23335.51464909547,16596.21808001845,11879.265627657735,8331.083761426013,13499.276378431237,7515.068523935847,21887.403596052056,11872.088274148391,14074.998209103032,11165.019752112958,33218.90190958783,13238.113819267328
18555.801811495665,17956.684099070873,10808.389937600581,8109.322748331966,14300.862218202605,5396.407493197561,14515.306701165748,12677.089999995922,53036.133851910534,10574.096530911018,6816.188533571575,11733.095471138517,9152.460149412924,23334.64812815437,16595.63891176531,11878.456399673256,8329.942094524878,13498.343698550685,7514.455207009806,21886.649165924224,11871.260093473767,14074.24038390616,11164.271791681978,33217.75392271344,13237.232746227028
18555.14158172281,17955.243282868672,10807.389142509894,8108.4983990452065,14299.577087947579,5395.598326382054,14514.538837207452,12675.425051082835,53034.92409493428,10573.499541854006,6815.411906762259,11732.464557737785,9151.813208249396,23333.8717625789,16594.630423362414,11877.38651030467,8328.951203252542,13497.668663709253,7513.545923758952,21885.958242017557,11870.669405767623,14073.16204168517,11163.372320257617,33216.618632969636,13236.199079238348
18554.07198643522,17953.69439132438,10806.607239705834,8107.710731291715,14298.787413572554,5394.363341909595,14514.064630660005,12674.458139601938,53033.514131444135,10572.932971705663,6814.760708435797,11731.382755209532,9150.898683458498,23332.941479287696,16594.046253680273,11876.655842829403,8327.922893137886,13496.953284588246,7512.9669487163355,21885.271832494233,11869.914194922254,14072.14184778502,11162.628734769125,33215.59780427658,13235.489620571267
18553.14020969694,17952.388807727475,10805.741409885242,8106.761303814281,14297.83202830351,5393.640602887184,14513.17640137422,12673.504950487815,53032.545586536624,10572.084639223609,6813.731302475175,11730.263340024136,9149.93118327337,23332.112982769027,16593.490145046722,11875.753156344312,8326.971273278876,13496.16855233545,7512.320571770521,21884.212183134656,11869.144911351628,14071.516939107692,11161.876760395231,33214.62141206761,13235.089027935064
18552.49160437126,17951.190381612025,10805.083949912927,8106.091956699016,14296.926719444384,5393.045551771633,14512.449612386785,12672.91010373731,53031.545873185074,10571.559135798867,6812.799008082326,11729.520741922372,9149.208861506937,23331.210030666454,16592.59669533281,11874.953490491502,8326.097794042353,13495.364379611465,7511.67698202854,21883.43382748809,11867.951631819602,14070.817157570727,11161.118923831093,33213.65040263634,13234.45510170632
18551.781970094828,17949.94367568155,10804.33911583154,8105.42089848187,14296.046101942704,5392.30398448173,14511.751056471112,12672.033270510636,53031.1168512763,10570.992802967068,6812.136996607268,11728.57913479594,9148.438809561474,23330.623169108738,16591.880954981414,11874.40819247109,8325.392434133832,13494.634690200774,7511.208610384667,21882.52973240091,11866.961078025506,14069.797571268666,11160.079691672016,33212.96676864951,13233.674919543035
18551.22382055608,17949.168645786816,10803.94888681008,8104.727374150467,14295.272174976311,5391.638154622017,14511.25870705831,12671.156513051194,53030.30078640205,10570.598764785866,6811.083027517919,11727.658883578717,9147.963915033873,23329.81745619466,16591.106285443166,11873.777221843618,8324.727753663023,13493.995039708954,7510.510453743827,21881.885042485792,11866.3815169996,14069.219777691476,11159.453724530797,33211.915964272615,13233.30706595921
18550.789151727447,17948.17017568233,10803.35654818196,8104.032250018048,14294.49799155858,5391.070309507698,14510.646965854077,12670.470765675032,53029.54661312039,10570.121420354217,6810.325037468028,11727.349525748234,9146.927649463309,23329.075817193774,16589.99321574821,11873.170668631728,8323.788721786375,13493.033310363662,7510.011022292918,21881.081343051515,11865.730051180699,14068.559608384456,11159.037074398037,33211.19713934061,13232.648391365718
18550.18253406076,17947.309152945338,10802.793691464616,8103.249989123817,14293.99460073887,5390.604410821829,14510.087432584354,12669.755792119393,53028.87757327461,10569.642141047578,6809.646366552812,11726.522863650946,9146.271625715593,23328.592279518518,16589.478681561246,11872.623834107739,8323.181587074181,13492.305521044551,7509.451707562893,21880.494165780634,11865.231439935225,14068.163144924574,11158.206495353626,33210.575550570036,13231.7598581617
18549.66007088463,17946.549857034057,10802.362740302837,8102.720090067367,14293.393699889213,5389.914533621318,14509.518679940798,12669.29523380019,53027.71929861755,10569.207468649216,6809.213747714364,11725.650487645697,9145.73120178697,23328.101440340128,16589.07854648184,11871.886638703678,8322.809215400837,13491.675973032943,7508.909892396458,21879.76337737519,11864.602114234258,14067.731267370767,11157.609923068634,33209.97319331045,13231.170279554135
18549.22764485031,17945.796493312067,10801.747440119769,8102.358885893578,14292.826434193395,5389.352893663954,14509.120031999493,12668.398888866104,53026.56652149004,10568.936864798558,6808.66387824717,11725.062475566758,9145.250164503672,23327.63490954841,16588.5465506153,11871.37859956834,8322.237944472508,13490.957290286753,7508.185243291298,21879.35474259147,11864.250314865052,14067.20261630438,11157.048294843868,33209.35417807076,13230.510229785707
18548.688408363618,17945.205226100385,10801.143390274543,8101.798711543583,14292.34391120283,5388.7689293185285,14508.563176986587,12667.74308473281,53025.65898043381,10568.599599444631,6807.930448391128,11724.39682705944,9144.912717207499,23327.320884638655,16588.03160335959,11870.842324836121,8321.69728204474,13490.378062127293,7507.560727808737,21878.779650987322,11863.694384311382,14066.6078452846,11156.37748392677,33208.64252088239,13229.945403221813
18548.146920807645,17944.59503739072,10800.80346525466,8101.316367425757,14291.747422516828,5388.010682008071,14508.289689157806,12667.259162034152,53025.002542274575,10568.20485397234,6807.477154449059,11724.010602002936,9144.449327421109,23326.552195108587,16587.599154877054,11870.368684568815,8321.186616811265,13489.663992935612,7507.005176297658,21878.19949669914,11863.309733257387,14066.266339184178,11156.028522914728,33208.13618702062,13229.514447072843
18547.80079094885,17943.917378092992,10800.487203124285,8101.035286349149,14291.320167950247,5387.569539106378,14507.985979021,12666.708590942595,53024.18254083897,10567.78746617621,6806.95679341681,11723.660899767337,9144.011113547647,23326.067751761897,16587.084066636147,11869.978824203512,8320.566091338156,13489.252625153948,7506.676533860972,21877.885345476163,11862.922022198125,14065.809767644516,11155.52074062645,33207.65807172987,13229.031691434313
18547.34197179442,17943.56060177424,10800.134322085822,8100.610654447098,14290.921784294616,5386.793208353138,14507.694350482183,12665.895574823799,53023.466382966675,10567.337376675943,6806.43991232391,11723.177101334099,9143.597923985133,23325.52073351645,16586.705342769576,11869.588230888967,8319.947991028703,13488.612130809996,7506.226885585071,21877.412829767472,11862.554218340741,14065.414605893176,11154.952138320852,33207.208493018275,13228.717227617617
18546.934011806283,17942.96792939987,10799.77233095112,8100.126312627555,14290.569297863733,5386.279979353879,14507.23849755667,12665.430155296315,53023.03195128837,10567.009833974971,6806.032466333429,11722.911243942914,9143.229404756688,23324.931007393687,16586.342777042693,11869.154998294469,8319.491249727684,13488.197875606178,7505.845319311764,21877.18174312694,11862.32325910684,14064.992472979928,11154.597519987672,33206.44963702702,13228.372996727378
18546.491642914647,17942.59739168203,10799.395418629869,8099.8138829796635,14290.20033248304,5385.9432321907825,14506.950292806692,12664.883867597015,53022.37714699133,10566.660654300456,6805.375379214792,11722.411974463288,9142.87790163375,23324.487277403583,16585.673282130178,11868.531714998597,8318.809656233829,13487.889480183861,7505.484622549158,21876.76175737241,11861.950745833441,14064.511438759928,11154.258453954226,33205.808581761274,13228.002597555327
18546.28699194923,17942.16624163914,10799.050053631736,8099.397332609051,14289.857143401136,5385.624214809713,14506.45831814969,12664.529887965571,53021.91250392269,10566.390475726392,6805.039443657059,11722.017004377529,9142.580324499235,23323.954064484453,16585.26638272737,11868.075344744126,8318.484450439364,13487.514232938272,7504.791977745482,21876.4389026671,11861.594518472986,14064.114929339386,11153.887288753078,33205.358000656925,13227.599984705463
18546.102490672616,17941.843941432766,10798.723558280994,8099.086633514885,14289.57058209206,5385.162366246547,14506.180787281719,12664.004539672998,53021.31618933484,10566.050765537097,6804.678070888588,11721.542915487955,9142.16886624344,23323.690119113606,16584.973193341182,11867.748829449885,8318.136513974841,13487.200086022087,7504.498382779624,21876.008281494727,11861.282999822675,14063.724842005444,11153.54768501244,33205.0104630509,13227.325682867675
18545.787959447058,17941.359441949775,10798.42160399073,8098.768817687892,14289.25715576271,5384.83777474652,14505.912197103908,12663.683637013648,53020.78103128717,10565.702836482464,6804.247644298706,11721.13341559107,9141.75714559256,23323.398271202546,16584.73718460479,11867.244377702535,8317.646812122895,13486.884342073792,7504.133885124251,21875.714096064305,11861.056013194253,14063.373268377725,11153.282158938793,33204.51266052823,13226.922987559286
18545.523040228487,17940.893082424285,10798.088358418685,8098.34482378642,14288.965389304603,5384.569998543987,14505.61751996666,12663.42337524187,53020.23049249753,10565.436424780451,6803.910663349275,11720.79030439106,9141.499377905055,23323.146808932768,16584.442568662278,11866.95649804704,8317.458414354282,13486.631997421806,7503.815696296133,21875.33285821493,11860.750769162714,14063.03729057521,11153.02093085602,33204.039173399855,13226.6497360084
18545.2736734551,17940.296965190973,10797.814091424438,8097.962333115621,14288.615460868927,5384.259441122909,14505.369511528945,12663.154348320199,53019.94504305603,10565.136324211466,6803.451432777822,11720.478400785343,9141.236357373597,23322.714050945673,16584.17889551952,11866.69674160199,8316.960740805227,13486.319250834204,7503.45200528411,21874.915897112485,11860.555519554577,14062.688865338274,11152.726143831704,33203.57391976566,13226.37064865644
18545.079491537268,17940.09309044182,10797.559940995474,8097.572235154732,14288.393303538713,5383.946758152471,14505.081469902667,12662.760031813516,53019.60583585352,10564.84343825775,6803.139299283195,11720.125201934696,9140.99371126142,23322.386584867698,16583.91968456041,11866.463525187923,8316.7222129269,13486.034630141203,7503.033822019615,21874.616756003456,11860.359070083898,14062.49755419265,11152.478612274146,33203.28272033711,13226.088975206094
18544.852347935033,17939.67666688952,10797.343329959169,8097.241993342348,14288.104188044206,5383.6701524806285,14504.899611941453,12662.55715363385,53019.20600682797,10564.652264507069,6802.862820660544,11719.816322028459,9140.72032377699,23322.070241577498,16583.694838422336,11866.19301332206,8316.531220618028,13485.700160167084,7502.640277908081,21874.366993237494,11860.11731187075,14062.24543451426,11152.22128284323,33202.96643092221,13225.928337298514
18544.574927308313,17939.448131435143,10797.090971248745,8096.883622483146,14287.84391959336,5383.398363988579,14504.671254868223,12662.355150444817,53018.96739400777,10564.458075855195,6802.574445267361,11719.50006625533,9140.484785340475,23321.814204350878,16583.47459048051,11865.966787417483,8316.37383897731,13485.40464337119,7502.288056900045,21874.14268849128,11859.817597400019,14061.992716011368,11151.996041597678,33202.724299682304,13225.673000618906
18544.307925439785,17939.18738807248,10796.81495329301,8096.716208353819,14287.6141487133,5383.138630394267,14504.509462842034,12662.06001899895,53018.575035798174,10564.260298361543,6802.190772078841,11719.285959165052,9140.198134736625,23321.50097900154,16583.22871549147,11865.772254421174,8316.075721633537,13485.223700237244,7502.004647434582,21873.809981501297,11859.661762640915,14061.734520507547,11151.868061560943,33202.37738981642,13225.440554167495
18544.052120785505,17938.96509612152,10796.591226442315,8096.491279998822,14287.415052327762,5382.889766246456,14504.31336244139,12661.785955563673,53018.295348545515,10564.117889839179,6801.779388868705,11719.081054864037,9140.018918101356,23321.376872285084,16582.938939128504,11865.519440417685,8315.764613036286,13484.94081954175,7501.848871373669,21873.655397048886,11859.525690215998,14061.503396552964,11151.545900410687,33202.200813733805,13225.255740820094
18543.822217281297,17938.673412036427,10796.471877332513,8096.291355880644,14287.237995551513,5382.647647758231,14504.162503844796,12661.541215945272,53017.89004316851,10563.950113512761,6801.633849712727,11718.866079382908,9139.744774093959,23321.200828790712,16582.653638485328,11865.257464226699,8315.494992006283,13484.723865112577,7501.593992413464,21873.423721780302,11859.280767552833,14061.350923620113,11151.328873061539,33201.956060813,13225.07333044095
18543.675048215922,17938.37380762194,10796.315281032375,8096.071811225351,14287.134081102575,5382.430174573879,14503.960577178486,12661.37354264168,53017.51812465191,10563.785154078614,6801.487227372902,11718.646121309677,9139.510285112963,23320.94189285348,16582.479749307757,11865.083248475881,8315.290579434259,13484.535165584506,7501.3963024379445,21873.280282574036,11859.104714440973,14061.111491698395,11151.081870323766,33201.62177574927,13224.928475122653
18543.489988806046,17938.134725264994,10796.115370486195,8095.873886021805,14286.917125222226,5382.260963663055,14503.834567628757,12661.160251627949,53017.171796895156,10563.624126942294,6801.328522841178,11718.375981141668,9139.328262303932,23320.62178975401,16582.222591498463,11864.887322529454,8315.057692660066,13484.365954883711,7501.199857420412,21873.028192341688,11858.956943127889,14060.9207996732,11150.85875251071,33201.37008978696,13224.692911524204
18543.28888516243,17937.870837474264,10795.963130119102,8095.667672958002,14286.674843130788,5382.0263995567875,14503.652564007121,12661.015114275719,53016.87826177409,10563.419934561669,6801.041633508129,11718.210202630327,9139.116795102578,23320.49212055939,16582.005794822235,11864.689772535228,8314.83032059714,13484.183456617595,7501.06781051397,21872.838173124637,11858.778317060867,14060.73251405488,11150.643220926095,33201.12361046812,13224.543607459867
18543.142131249442,17937.582750577527,10795.810510576568,8095.4856964509445,14286.491894812383,5381.865777337554,14503.492147785946,12660.819406482591,53016.55293899335,10563.27766749354,6800.889552885535,11718.062148980891,9138.84345585321,23320.333756719043,16581.82261224412,11864.505906203865,8314.615159386893,13483.970887818079,7500.9415107877485,21872.68753076159,11858.56437832281,14060.598753007147,11150.49400011046,33200.89961691154,13224.38965783439
18542.99105487032,17937.349023238537,10795.598678768443,8095.33743593568,14286.298740953176,5381.738005159978,14503.358474694476,12660.702515416031,53016.34052493197,10563.171945058572,6800.743315832089,11717.905901223456,9138.711483581705,23320.200748692827,16581.699802493997,11864.350827176924,8314.41640674028,13483.759978692593,7500.771564864001,21872.510358560743,11858.447355316175,14060.48870681928,11150.379936122816,33200.75463250427,13224.259186913898
18542.905929960434,17937.096845472945,10795.535323253453,8095.21256539737,14286.173260024421,5381.597327029824,14503.208911640326,12660.595748761842,53016.045760043286,10563.011447665625,6800.559832720288,11717.734746410262,9138.452429087036,23320.074909196934,16581.53487834601,11864.172628537985,8314.240069236668,13483.607625078645,7500.581232781974,21872.338742483043,11858.336679227648,14060.386680491414,11150.186383927252,33200.480764021355,13224.114127415076
18542.791729815566,17936.89774800001,10795.394494360637,8095.092017667329,14286.012202194233,5381.468166527689,14503.093028388716,12660.470444209277,53015.84965051683,10562.896185701995,6800.4246755411405,11717.581259163691,9138.343153691752,23319.943075345687,16581.36781639044,11863.99981714452,8314.065373080437,13483.488569087343,7500.4655944533515,21872.230955741335,11858.227991690268,14060.24833890088,11150.008132098917,33200.32171145372,13224.01102483961
18542.685987316934,17936.728277188922,10795.296156281156,8094.914021251864,14285.904650892993,5381.349573502275,14502.93199997505,12660.300914924255,53015.66938520582,10562.786117768654,6800.222689325342,11717.456675112591,9138.223210137246,23319.797761150992,16581.234346308745,11863.869377763787,8313.940683426354,13483.398933689557,7500.309351324797,21872.11933887504,11858.128211791549,14060.132766493038,11149.857079708318,33200.17671153469,13223.907621466342
18542.566590355567,17936.536943964784,10795.144904752833,8094.762466917197,14285.77584237992,5381.258001123158,14502.802685747301,12660.172945677452,53015.549308033995,10562.684677013072,6800.069473783347,11717.347664760431,9138.10015792487,23319.648175743292,16581.090573427544,11863.694383037513,8313.817255652595,13483.323909456241,7500.192546621504,21871.977594893466,11857.996053269315,14059.997292091193,11149.73355935252,33199.984820404316,13223.77749346183
18542.45565100824,17936.36451050458,10795.039696798607,8094.641970372031,14285.638880081622,5381.139253155257,14502.663206423194,12660.016158770955,53015.39380283856,10562.572735379883,6799.972427401181,11717.235944984244,9138.017542890859,23319.510063191043,16580.95472059009,11863.54381175792,8313.678141423192,13483.198455848582,7500.106646133104,21871.837911351577,11857.871665163439,14059.91820142759,11149.60305799746,33199.87470318044,13223.66059994717
18542.339535345054,17936.217434469283,10794.901862101367,8094.534724705083,14285.510868690639,5381.021835821321,14502.583316305438,12659.90991754421,53015.21877013384,10562.485187538612,6799.764798654643,11717.029552993796,9137.883504444548,23319.38672727144,16580.84867898489,11863.393654508005,8313.539355814173,13483.072321167838,7499.982460140275,21871.708912262788,11857.787517210249,14059.825433892533,11149.50196678413,33199.7180256393,13223.542907248167
18542.237483991248,17936.09464883818,10794.74834978165,8094.438666381372,14285.394846003283,5380.924572361804,14502.49161476463,12659.777617624373,53015.0737825675,10562.397305076389,6799.629566346075,11716.947896341906,9137.771079493144,23319.305555836865,16580.75434977714,11863.2919128999,8313.373545096303,13482.97425798818,7499.880758284749,21871.584613506682,11857.69290498495,14059.71270216944,11149.398344470768,33199.58325837563,13223.456291781298
18542.124449356677,17936.022468822433,10794.668242767804,8094.350638562364,14285.292728983584,5380.802123638334,14502.382282441999,12659.690910554902,53014.903318793244,10562.32285575768,6799.506412717897,11716.85674979861,9137.693075732062,23319.23642906525,16580.67085430083,11863.224452090124,8313.24971855411,13482.850466411845,7499.786574817115,21871.5167634383,11857.614477151752,14059.60584067817,11149.283474795833,33199.490708945086,13223.333600546966
18542.048050611287,17935.898517901154,10794.59700621771,8094.269264827047,14285.161838485546,5380.666082787658,14502.274384716933,12659.604728057879,53014.778055022165,10562.239786237518,6799.368753921793,11716.753762937318,9137.619188104312,23319.092654665536,16580.557429444867,11863.153094520843,8313.115416120561,13482.711290662435,7499.64144459182,21871.36031432067,11857.53047840428,14059.472065449954,11149.203156956662,33199.36839191447,13223.227329988506
18541.965864058096,17935.762929941302,10794.510535555302,8094.166384103598,14285.074941146275,5380.558490002096,14502.209215459738,12659.50228319983,53014.62983238098,10562.187782394907,6799.24436462396,11716.660378037752,9137.522986913993,23318.973879868387,16580.48382033831,11863.051549361004,8313.01567984507,13482.6220406298,7499.554356817059,21871.242831755233,11857.434253150022,14059.378075409068,11149.125855176171,33199.271327153474,13223.155486542535
18541.887448234418,17935.68070253813,10794.45642041261,8094.0574882987075,14284.952055677917,5380.465234201112,14502.100450121568,12659.384542423344,53014.507435103274,10562.12886545631,6799.139756090824,11716.535189166505,9137.443800172854,23318.897723355356,16580.370117628117,11862.96328688191,8312.941864293573,13482.524610999251,7499.477760836487,21871.16513427589,11857.344313020352,14059.29771321664,11149.052916718972,33199.16945604548,13223.078426919556
18541.789068309474,17935.588939267735,10794.378453861567,8093.959192870986,14284.884204986636,5380.364228786089,14502.03397580156,12659.302673992403,53014.40000085866,10562.03599040721,6799.024919503675,11716.476758495972,9137.354726083191,23318.81780247586,16580.258587784818,11862.872882597154,8312.82579110811,13482.440482155715,7499.368738590648,21871.059806704638,11857.237530449329,14059.232974451483,11148.955532523738,33199.06711529349,13222.981989808644
18541.71837246031,17935.50460901227,10794.2953610672,8093.853285485825,14284.819696891585,5380.287472884503,14501.961726460378,12659.226140616844,53014.315257200695,10561.96423256661,6798.930444835522,11716.382416634668,9137.276091492617,23318.763255663886,16580.184831378014,11862.786143772373,8312.714514266583,13482.38294520885,7499.294768185939,21870.96821920177,11857.165382718062,14059.164726577486,11148.892322768814,33198.95941360532,13222.909079187766
18541.631404378262,17935.427394328435,10794.22472818093,8093.7872447231775,14284.742585742722,5380.20589056215,14501.891561855111,12659.121078105818,53014.231772980114,10561.897240591015,6798.853845531449,11716.314233491581,9137.191994202947,23318.71309047118,16580.126786711407,11862.71988246104,8312.636309445388,13482.317857414826,7499.190777916625,21870.87566213615,11857.104298846276,14059.109914930958,11148.800037976787,33198.851661353954,13222.856500509068
18541.586351246293,17935.352394076697,10794.164441093415,8093.713939189713,14284.680477162374,5380.146161130358,14501.842370264641,12659.055776285546,53014.09087182265,10561.8304635432,6798.738811756367,11716.251343831784,9137.130835144402,23318.651498802883,16580.0801937869,11862.66795123576,8312.570319872513,13482.244121674528,7499.1171417072765,21870.816667188123,11857.045727709246,14059.037112740065,11148.72891314457,33198.78167496252,13222.802404161415
18541.524466053786,17935.284437489343,10794.10916245975,8093.650599812246,14284.608650160591,5380.070821329276,14501.763342741318,12658.98776005295,53014.00843859931,10561.775344032918,6798.687771932935,11716.17231651914,9137.06907591022,23318.58886620338,16579.98094504093,11862.593496036372,8312.498038431579,13482.171935635826,7499.04797148591,21870.761242744687,11857.004914542495,14058.956323268052,11148.675920783864,33198.711737434074,13222.763019850865
18541.45381886264,17935.20324813231,10794.044311137975,8093.581164426862,14284.521587866659,5380.011158149697,14501.699772295837,12658.904045964337,53013.873511007834,10561.703366222257,6798.620897282036,11716.097054175685,9137.022653617109,23318.53663150959,16579.92158127817,11862.548051024598,8312.437511441236,13482.114172200478,7499.001116399059,21870.678373368984,11856.95823316099,14058.89980150642,11148.62971041483,33198.57880459768,13222.729468221236
18541.387542290628,17935.145491670366,10793.986239362974,8093.516707140149,14284.438925939592,5379.947817580201,14501.64416193062,12658.828732416889,53013.7606059726,10561.664329697614,6798.562047297982,11716.040345744179,9136.974244147139,23318.481688367378,16579.85391961313,11862.505389218426,8312.36059521466,13482.066027648705,7498.93053268269,21870.613268378325,11856.92024668957,14058.847738979053,11148.564037601811,33198.50652220736,13222.665927944721
18541.34625814524,17935.10558269912,10793.930892645943,8093.453834535368,14284.403897014181,5379.876482295682,14501.59437924778,12658.762116477841,53013.66790855261,10561.61683766103,6798.497766283028,11715.96891129397,9136.920340235423,23318.43814529884,16579.794685628818,11862.455832433907,8312.305131407586,13482.013075744131,7498.865905940505,21870.565918890028,11856.873977772877,14058.779416859292,11148.49108258324,33198.45238339475,13222.620412132266
18541.316766471944,17935.022249241287,10793.881260915767,8093.414923188977,14284.315266882253,5379.838192079144,14501.549023312651,12658.707670731073,53013.5907696928,10561.578460122859,6798.46089058051,11715.925135280908,9136.855858933457,23318.39061331674,16579.750330623727,11862.407306037603,8312.249932612725,13481.981837894746,7498.801970457524,21870.514459685142,11856.836984440097,14058.7194051616,11148.44433497567,33198.411705743696,13222.58051076265
18541.26296250881,17934.97076636306,10793.838876492375,8093.377175593579,14284.276023314873,5379.796113240407,14501.514586187168,12658.65986122871,53013.53014630881,10561.540569068882,6798.412960143458,11715.85741697691,9136.815514412723,23318.345199467236,16579.708394679263,11862.352594730652,8312.189983219701,13481.933433210143,7498.761685893106,21870.469022208083,11856.796054861199,14058.67525404547,11148.407836908429,33198.33308118764,13222.53790639106
18541.231923195668,17934.898617692845,10793.796534318359,8093.332558080538,14284.236482541248,5379.746627268907,14501.474373767567,12658.59184554022,53013.45698134928,10561.498291131116,6798.353297157035,11715.804010148191,9136.77548663902,23318.315464530548,16579.674329163954,11862.293921829903,8312.150002995177,13481.898901667531,7498.718388876777,21870.41119272005,11856.740207598974,14058.617252308095,11148.361971366397,33198.281054512496,13222.49273557933
18541.188047705982,17934.829264546643,10793.746617219886,8093.297848074272,14284.193707092187,5379.689258344024,14501.43842008165,12658.562733778466,53013.395987326745,10561.454358528723,6798.30125513623,11715.761147218893,9136.73049664691,23318.27179647993,16579.637795161878,11862.251582105016,8312.095754405222,13481.867941437464,7498.663435557846,21870.372475880158,11856.716484349123,14058.563248080594,11148.325577520649,33198.24257165742,13222.4557283145
18541.148137245073,17934.78004522535,10793.6991024521,8093.237265414012,14284.159222510882,5379.628605869808,14501.395277964952,12658.520268093556,53013.35582735452,10561.422104762945,6798.263418647982,11715.709187148337,9136.698874950951,23318.23582142719,16579.598273666255,11862.214704041578,8312.052592171596,13481.828271506958,7498.625373205291,21870.316355667735,11856.680202338037,14058.534775118485,11148.286260493061,33198.192760072605,13222.42290841773
18541.115225793845,17934.71902399224,10793.668612596439,8093.203868402051,14284.120315261765,5379.580867931473,14501.362392994786,12658.482087337574,53013.32121966693,10561.390221413803,6798.213456998894,11715.681128668146,9136.66244183127,23318.200696816337,16579.566935077535,11862.167859722931,8312.006706831478,13481.80010420276,7498.578071594408,21870.283453301174,11856.646943950034,14058.478693037214,11148.256990055199,33198.13887865217,13222.394308104866
18541.077197281385,17934.655085727332,10793.623075942329,8093.1649943884,14284.085959657878,5379.563113686438,14501.333399248517,12658.444854102567,53013.25477172663,10561.363616242925,6798.178734085551,11715.65365627055,9136.629771071559,23318.18358921888,16579.529646952255,11862.12985868169,8311.960841222743,13481.76383849455,7498.539825136185,21870.24827077795,11856.614317750556,14058.450030616592,11148.220801198182,33198.10084671405,13222.353654050401
18541.050777289205,17934.61098445676,10793.593316197313,8093.137132869917,14284.053627243013,5379.524367955142,14501.287762210859,12658.417571007038,53013.20483377358,10561.339156208332,6798.144285781507,11715.629779041803,9136.605436950867,23318.15432452433,16579.494645662526,11862.104859716448,8311.928935951975,13481.717988874618,7498.5039449322385,21870.210164724962,11856.585592562746,14058.416394532063,11148.191757164539,33198.061033358084,13222.316188291274
18541.027134864613,17934.57191510634,10793.560302976533,8093.096582707739,14284.02896330955,5379.493122048358,14501.25677735375,12658.394481170399,53013.1495794116,10561.319394398542,6798.123497340022,11715.587977775042,9136.58488092828,23318.117953136712,16579.460317461213,11862.07783580652,8311.889168661695,13481.683649954102,7498.462469883168,21870.175268244086,11856.548992287675,14058.383965461397,11148.15685932715,33198.031287878155,13222.271453524196
18540.995900547212,17934.531921375506,10793.521747749772,8093.074556335494,14283.993687969074,5379.4633167271095,14501.231655658916,12658.367476458121,53013.09444654696,10561.30724132234,6798.100351800751,11715.550704292767,9136.555535579893,23318.091029368567,16579.42823593814,11862.049327430961,8311.85812574976,13481.659000694464,7498.433997973856,21870.14023787371,11856.522636902704,14058.349663284478,11148.128774697574,33197.989401992934,13222.237980477614
18540.974281832245,17934.50727604282,10793.492858621023,8093.056332604459,14283.96479382975,5379.433795251083,14501.206320441252,12658.338036890473,53013.03544896872,10561.278652784687,6798.076128131315,11715.522546365046,9136.528842299813,23318.05678883086,16579.39647184262,11862.023160022678,8311.827837797027,13481.63198569684,7498.40695032812,21870.11732697672,11856.496495342042,14058.31811050316,11148.098081484133,33197.956828488794,13222.216417227844
18540.948938623063,17934.470405959713,10793.468360532102,8093.029922710769,14283.939058467411,5379.406864359558,14501.184080922954,12658.308473088562,53013.007793663106,10561.25638014789,6798.051844587517,11715.490394607961,9136.500078727735,23318.036151725446,16579.374764202592,11861.992663325847,8311.791954345412,13481.606018576467,7498.374307545286,21870.094513506116,11856.47743169716,14058.295423797275,11148.070203828916,33197.92439159703,13222.191408529145
18540.928555222854,17934.44162849879,10793.44314476679,8093.001340552456,14283.916241541923,5379.386597501634,14501.161797464896,12658.279687858994,53012.97051656348,10561.234470855028,6798.012559275577,11715.467193043482,9136.471260516828,23318.02084913645,16579.347066687988,11861.965496605568,8311.767372401317,13481.584616045662,7498.348397321958,21870.06767152918,11856.454619689628,14058.27634246551,11148.0406846339,33197.89831468424,13222.166853669274
18540.905022533894,17934.41456887172,10793.422131635194,8092.978584284633,14283.896481936828,5379.363172638074,14501.1484761837,12658.252564631599,53012.93774913224,10561.211995256843,6797.982660207251,11715.446367606366,9136.451458676245,23317.999265498645,16579.31809329647,11861.931370611717,8311.737186719412,13481.563170410389,7498.315788735508,21870.042798280105,11856.435519526422,14058.250314464254,11148.011284547909,33197.87344780512,13222.152844885582
18540.883481767458,17934.385461894628,10793.397927807659,8092.953546354074,14283.868075649829,5379.345246323632,14501.123892070265,12658.222164379516,53012.89222927495,10561.190597759736,6797.963408997981,11715.422914834988,9136.432348790502,23317.975889071444,16579.299355578427,11861.907013852555,8311.710280545452,13481.547771465042,7498.288097910329,21870.025622643127,11856.400946430735,14058.227506910553,11147.973234298215,33197.845848215744,13222.12619192357
18540.865440347283,17934.366740685982,10793.38475144246,8092.9379495676385,14283.838508681867,5379.32631715384,14501.105288966095,12658.19792708538,53012.85767391755,10561.176671163605,6797.94385285016,11715.400389495455,9136.412856504361,23317.95494657182,16579.278910057852,11861.88644391543,8311.681848610824,13481.527958300592,7498.268598692709,21870.007134088857,11856.382271108945,14058.20718686145,11147.956498082347,33197.8275831522,13222.094013139902
18540.85114496703,17934.34669895221,10793.368501096293,8092.920154617214,14283.81700330212,5379.303466080886,14501.089340843218,12658.181061031268,53012.83809853629,10561.161444412734,6797.9226259413135,11715.380829647911,9136.395545402804,23317.931373924825,16579.259162953116,11861.869262515656,8311.654556855327,13481.503371265988,7498.244420956249,21869.99390619149,11856.36267590918,14058.18641419489,11147.93575017076,33197.81226017464,13222.069779463653
18540.833893707095,17934.323497242243,10793.352923639472,8092.906762415376,14283.802762848227,5379.283644275753,14501.082108277129,12658.165331152204,53012.80954772904,10561.146872065929,6797.902616642341,11715.362213309028,9136.377754066718,23317.911029723455,16579.23163848748,11861.85430021268,8311.624615534536,13481.490602076108,7498.220117798874,21869.9699688812,11856.342848108026,14058.166974680724,11147.92214085802,33197.78950316842,13222.043025517247
18540.812980941162,17934.304737973238,10793.33875573268,8092.889331577645,14283.787971654434,5379.2706803289375,14501.065749021853,12658.146065093357,53012.79161012168,10561.13162438268,6797.879286015349,11715.342978989343,9136.359802776797,23317.89776275946,16579.218393045907,11861.831701026471,8311.604791417754,13481.474658844505,7498.206908376527,21869.958745339773,11856.325191682856,14058.148097322219,11147.9067366921,33197.766653308485,13222.026973881844
18540.80064179371,17934.279583721138,10793.326280154433,8092.867062471022,14283.772323933475,5379.254835424232,14501.051595407582,12658.128509227348,53012.77362628636,10561.120070865942,6797.854323181543,11715.318879995772,9136.35099922909,23317.88256659009,16579.20536928942,11861.81541948542,8311.582123102202,13481.461399661333,7498.195138058287,21869.939162463903,11856.314475023508,14058.134153219626,11147.891452889824,33197.74478113931,13222.012186391057
18540.789098773424,17934.262609552556,10793.308791502435,8092.8496683308185,14283.760323746032,5379.237269624989,14501.033328869798,12658.115710031567,53012.753979392466,10561.107602695327,6797.838277300089,11715.30886444267,9136.324898347168,23317.8697327438,16579.18721713601,11861.801421800874,8311.56419147228,13481.445432196713,7498.169885581372,21869.919143425515,11856.300090512545,14058.125473783788,11147.875076289403,33197.72343921305,13221.998482142211
18540.776146051358,17934.247360203506,10793.29372956938,8092.838603117252,14283.747025353296,5379.215360807776,14501.01779648095,12658.091095692414,53012.733418655676,10561.094446045376,6797.826598332899,11715.299253046202,9136.30729535363,23317.861581079054,16579.17765563054,11861.786974461056,8311.54816308272,13481.435145421518,7498.156035104461,21869.907789848836,11856.290013878963,14058.110120029758,11147.856899545463,33197.706370492866,13221.983200517261
18540.76827597632,17934.22810169583,10793.279062739593,8092.826906408896,14283.735045125517,5379.195367849588,14501.002901898084,12658.077718937693,53012.72115527359,10561.084086019408,6797.81086576992,11715.286093708462,9136.296767842527,23317.846418151497,16579.161152050307,11861.775569693595,8311.536511327628,13481.421115830663,7498.144194893219,21869.8971762501,11856.277129520899,14058.09698809429,11147.849627941872,33197.695938628545,13221.970434732875
18540.755583892824,17934.21711795558,10793.268840370538,8092.8144637053065,14283.719731851324,5379.186116824236,14500.990074085914,12658.06525322201,53012.705946859,10561.076385999033,6797.797904917159,11715.274062892582,9136.282998866476,23317.83844534506,16579.152146440218,11861.760000687831,8311.525255195298,13481.413997907835,7498.129895081974,21869.88317062115,11856.265765003436,14058.082494863815,11147.835138583874,33197.67830913192,13221.959837353903
18540.741463477163,17934.200805888006,10793.258533069495,8092.801219838398,14283.706015903967,5379.176741418265,14500.980022661628,12658.051900785369,53012.68407311721,10561.064879251699,6797.785690895421,11715.257857845296,9136.270535969896,23317.82837036177,16579.14144073191,11861.747721672878,8311.511502077337,13481.400305019797,7498.118422806009,21869.871817809435,11856.255382112602,14058.069672580545,11147.822743728624,33197.66184878186,13221.949831378672
18540.733448794763,17934.186881745787,10793.250485665336,8092.792346980078,14283.695991091965,5379.16728053431,14500.97196678583,12658.03697929501,53012.67435587473,10561.056125033037,6797.773229349977,11715.241144817524,9136.261484274813,23317.817234908736,16579.131980920687,11861.736125344229,8311.499669968933,13481.389768520627,7498.107235014467,21869.86076395872,11856.240109498402,14058.057191448028,11147.808635852294,33197.64835717576,13221.938801902792
18540.72598589083,17934.171354747188,10793.24434787358,8092.780302309409,14283.686488129628,5379.15885046738,14500.961043591959,12658.025504692709,53012.66013372288,10561.049409156207,6797.7611993296,11715.229017115047,9136.248284991158,23317.80813677662,16579.119658658667,11861.725301395303,8311.48810684716,13481.374542371033,7498.100341168506,21869.849655615766,11856.23255175198,14058.048474037352,11147.789736918778,33197.63268027702,13221.929862204128
18540.71497555237,17934.152372995704,10793.237688091529,8092.769110569958,14283.672081301853,5379.147677891098,14500.953709756228,12658.01400651494,53012.645615408765,10561.041690534872,6797.750970146005,11715.219810659155,9136.240232302696,23317.797612164635,16579.113603489313,11861.717623560367,8311.479915585782,13481.366805013222,7498.091414232214,21869.842815299347,11856.225199222356,14058.039360984925,11147.779898681521,33197.61866467297,13221.919141954657
18540.707141244548,17934.139596019188,10793.231298456729,8092.759616915742,14283.663246049276,5379.136494358994,14500.941902549826,12658.004246181044,53012.63508514331,10561.035128629464,6797.735770560659,11715.210401439641,9136.231143270537,23317.786808135814,16579.101467692766,11861.704827480904,8311.47325955548,13481.359030701786,7498.085631334916,21869.83181605502,11856.216092758872,14058.031531012359,11147.770444315804,33197.61069569577,13221.91059235974
18540.701758187333,17934.1279151445,10793.217849912173,8092.7478905945545,14283.653005639864,5379.127237111255,14500.93005357335,12657.99537616648,53012.61799029366,10561.02931534925,6797.728585307228,11715.20071475879,9136.225721192515,23317.779570313,16579.091071292816,11861.69599726585,8311.46273569758,13481.34964863535,7498.078013009573,21869.824868160937,11856.208214733333,14058.021219025757,11147.762160138216,33197.59795087786,13221.897302283092
18540.69240919318,17934.11951633344,10793.207763057439,8092.741029702837,14283.645297325289,5379.119303940977,14500.923337215481,12657.988218898035,53012.60423384939,10561.023842479073,6797.721762216111,11715.193221483401,9136.220277702942,23317.770492360043,16579.083300669954,11861.687873716906,8311.44900410929,13481.34472261799,7498.072115034455,21869.817180676564,11856.198443358855,14058.01488540896,11147.753642348767,33197.58570299389,13221.88969166763
18540.684822117353,17934.108493570126,10793.202500138674,8092.732786997277,14283.63314196991,5379.112123497474,14500.918184509246,12657.979288098035,53012.59253381496,10561.015823141197,6797.712713361863,11715.18515629527,9136.21359649731,23317.760784296348,16579.078101526466,11861.680870327926,8311.440386159204,13481.337381184887,7498.065962643986,21869.811032161604,11856.192193598241,14058.007570659127,11147.744359953835,33197.57735837989,13221.879015423043
18540.67882141597,17934.101370328557,10793.196533317527,8092.726061037178,14283.62634893894,5379.103656216814,14500.914255980524,12657.969579738881,53012.58353102403,10561.009976874258,6797.705804907893,11715.178537457454,9136.207123529675,23317.75461090281,16579.065435783297,11861.673684340238,8311.433568337588,13481.333008337362,7498.058336183813,21869.80360484988,11856.183103085177,14058.002696014739,11147.735408232877,33197.57112466168,13221.872024843207
18540.673492120146,17934.093203802062,10793.190611926251,8092.722316185137,14283.620127679467,5379.095454393971,14500.90846564073,12657.96383061813,53012.571802931125,10561.007348175903,6797.698756644397,11715.168673504457,9136.20028931029,23317.749804187806,16579.058265273707,11861.666941041676,8311.424789229879,13481.3246108674,7498.051026093297,21869.794383795288,11856.177402861018,14057.996845119738,11147.730372705915,33197.5648775873,13221.864323769107
18540.668675737554,17934.08491141331,10793.186111311607,8092.715288463176,14283.613722209573,5379.087311450738,14500.904812252802,12657.955327529418,53012.562342548,10561.00300582033,6797.689325829631,11715.163201217192,9136.195814123705,23317.74522465662,16579.0491959377,11861.662028015846,8311.417394001212,13481.319108019037,7498.04453430813,21869.787429541262,11856.170617578418,14057.990856592296,11147.725633410653,33197.55809328417,13221.858465391613
