trial_1,trial_2,trial_3,trial_4,trial_5,trial_6,trial_7,trial_8,trial_9,trial_10,trial_11,trial_12,trial_13,trial_14,trial_15,trial_16,trial_17,trial_18,trial_19,trial_20,trial_21,trial_22,trial_23,trial_24,trial_25
85657.60667665934,71010.20547114211,68679.09460213188,77857.37786184582,75748.30651816877,91026.78087345204,44383.91692954521,74855.40663671213,59664.67292650277,39630.3257960775,75560.40094719121,67127.51953053236,64143.250771661595,79689.35994888844,62969.88273308207,64307.0008413506,84747.37688973236,82341.38592606253,87105.01098665422,51077.95016649208,78918.96033540537,79660.10281733793,86404.22139349439,96197.0855685574,65007.31745916726
62169.98847347806,45601.05774458622,37943.31024981328,41950.31289512886,52232.124758469145,47849.70450786016,33544.4373202539,66122.92215435827,59664.67292650277,39630.3257960775,47576.77316578545,45765.222241455245,64143.250771661595,65242.890405714395,48775.53809494627,60360.40476000186,55550.88240936147,45350.84521891164,60291.70895235638,51077.95016649208,45624.94006393971,40336.83104334309,52968.44017963542,45132.8384252942,58495.109511981536
61848.07800265592,45601.05774458622,37943.31024981328,41829.42409412179,49794.14195016926,47849.70450786016,33544.4373202539,63186.07639566114,34384.83366107865,39630.3257960775,44204.41357908267,42664.5996996149,46547.62373699198,40182.02125570241,34114.90777064118,47532.26883660658,44963.47900257814,45350.84521891164,39340.19455602659,40984.80014533205,45624.94006393971,32189.31297495336,39077.5473609382,43772.09269313022,44457.45791441082
48171.25685289902,42454.03007113537,37943.31024981328,41829.42409412179,49794.14195016926,47849.70450786016,31268.973042442278,44152.09412033041,34384.83366107865,39630.3257960775,37339.37636817401,29894.54645383729,45758.05860698242,40182.02125570241,34114.90777064118,47532.26883660658,44963.47900257814,38183.66063362748,39340.19455602659,40984.80014533205,39028.622988192656,32189.31297495336,35504.253878159,43223.594807205816,39341.701657597514
35457.98524120341,42454.03007113537,34117.592282135854,36562.53539276374,49794.14195016926,47849.70450786016,31268.973042442278,44152.09412033041,34384.83366107865,39630.3257960775,37339.37636817401,29894.54645383729,45758.05860698242,34462.04043460652,34114.90777064118,43969.3353953901,44963.47900257814,38183.66063362748,39340.19455602659,40984.80014533205,39028.622988192656,32189.31297495336,35504.253878159,43223.594807205816,39341.701657597514
35457.98524120341,42454.03007113537,34117.592282135854,36562.53539276374,49556.48203202767,45875.71628835142,31268.973042442278,44152.09412033041,34384.83366107865,39630.3257960775,37339.37636817401,29894.54645383729,37566.703897853724,34462.04043460652,34114.90777064118,39932.293922152945,44963.47900257814,38183.66063362748,39340.19455602659,32335.14065187025,39028.622988192656,32189.31297495336,35504.253878159,43223.594807205816,39341.701657597514
35457.98524120341,42454.03007113537,34117.592282135854,36562.53539276374,48623.53865653813,42745.035881424265,29003.08104180347,40838.57078376489,34384.83366107865,39630.3257960775,37339.37636817401,29894.54645383729,37566.703897853724,34462.04043460652,34114.90777064118,39932.293922152945,44963.47900257814,38183.66063362748,39340.19455602659,32335.14065187025,35579.883081798966,32189.31297495336,32703.493462440838,38576.21601759646,39341.701657597514
35457.98524120341,42454.03007113537,34117.592282135854,36562.53539276374,48623.53865653813,41657.933285601306,24934.476757237768,40838.57078376489,34384.83366107865,39360.14338861761,37339.37636817401,29894.54645383729,37566.703897853724,34462.04043460652,33229.26558292731,39932.293922152945,42287.318972383466,38183.66063362748,39340.19455602659,32335.14065187025,35579.883081798966,32189.31297495336,32703.493462440838,38576.21601759646,39341.701657597514
35457.98524120341,42454.03007113537,34117.592282135854,36562.53539276374,48623.53865653813,39905.998268447605,24934.476757237768,40838.57078376489,34384.83366107865,39360.14338861761,37339.37636817401,29894.54645383729,37566.703897853724,34462.04043460652,33229.26558292731,39932.293922152945,35588.999283462144,38183.66063362748,39340.19455602659,32335.14065187025,35579.883081798966,32189.31297495336,32703.493462440838,38576.21601759646,39341.701657597514
35457.98524120341,42454.03007113537,34117.592282135854,36562.53539276374,48623.53865653813,39905.998268447605,24934.476757237768,40838.57078376489,34384.83366107865,39360.14338861761,37339.37636817401,29894.54645383729,37566.703897853724,34462.04043460652,33229.26558292731,39932.293922152945,35588.999283462144,38183.66063362748,39340.19455602659,32335.14065187025,35579.883081798966,32189.31297495336,32436.48907337483,38576.21601759646,39341.701657597514
35457.98524120341,42454.03007113537,34117.592282135854,36562.53539276374,42869.767157564354,39905.998268447605,24934.476757237768,40838.57078376489,34384.83366107865,39360.14338861761,33083.778992286025,29894.54645383729,37566.703897853724,34462.04043460652,33229.26558292731,39932.293922152945,35588.999283462144,38183.66063362748,39340.19455602659,32335.14065187025,35579.883081798966,32189.31297495336,32436.48907337483,38576.21601759646,39341.701657597514
35457.98524120341,37167.92555525321,34117.592282135854,36562.53539276374,42869.767157564354,39905.998268447605,24934.476757237768,40838.57078376489,34384.83366107865,39360.14338861761,33083.778992286025,29894.54645383729,37566.703897853724,34462.04043460652,33229.26558292731,39932.293922152945,35588.999283462144,38183.66063362748,39340.19455602659,32335.14065187025,35579.883081798966,32189.31297495336,32436.48907337483,35548.18128021531,39341.701657597514
35457.98524120341,37167.92555525321,34117.592282135854,35317.53973542904,42869.767157564354,39905.998268447605,24934.476757237768,40838.57078376489,34384.83366107865,39360.14338861761,32495.988382494055,29894.54645383729,37566.703897853724,34462.04043460652,33229.26558292731,39932.293922152945,35588.999283462144,38183.66063362748,39340.19455602659,32335.14065187025,35579.883081798966,32189.31297495336,32436.48907337483,35548.18128021531,39341.701657597514
35457.98524120341,37167.92555525321,34117.592282135854,35317.53973542904,42869.767157564354,39905.998268447605,24934.476757237768,40838.57078376489,34384.83366107865,39360.14338861761,32495.988382494055,29894.54645383729,37566.703897853724,34462.04043460652,33229.26558292731,39932.293922152945,35588.999283462144,38183.66063362748,39340.19455602659,32335.14065187025,35579.883081798966,32189.31297495336,30930.877938909336,30002.24368521262,39341.701657597514
35457.98524120341,37167.92555525321,34117.592282135854,35317.53973542904,42869.767157564354,39905.998268447605,24934.476757237768,40838.57078376489,34384.83366107865,39360.14338861761,32495.988382494055,29894.54645383729,37566.703897853724,34462.04043460652,33229.26558292731,39932.293922152945,35588.999283462144,38183.66063362748,39340.19455602659,32335.14065187025,32201.540981382008,32189.31297495336,30930.877938909336,29064.433811916042,38392.44598925832
35457.98524120341,37167.92555525321,34117.592282135854,35317.53973542904,42869.767157564354,39905.998268447605,24934.476757237768,40838.57078376489,34384.83366107865,39360.14338861761,32495.988382494055,29894.54645383729,37566.703897853724,34462.04043460652,33229.26558292731,39932.293922152945,35588.999283462144,38183.66063362748,39340.19455602659,32335.14065187025,32201.540981382008,32189.31297495336,30930.877938909336,29064.433811916042,38392.44598925832
35457.98524120341,37167.92555525321,34117.592282135854,35317.53973542904,42869.767157564354,39905.998268447605,24934.476757237768,40838.57078376489,34384.83366107865,39360.14338861761,32495.988382494055,29894.54645383729,37566.703897853724,34462.04043460652,33229.26558292731,39932.293922152945,35588.999283462144,38183.66063362748,39340.19455602659,32335.14065187025,32201.540981382008,32189.31297495336,30930.877938909336,29064.433811916042,38392.44598925832
35457.98524120341,37167.92555525321,34117.592282135854,32001.453352285433,42869.767157564354,39905.998268447605,24934.476757237768,40838.57078376489,34384.83366107865,39360.14338861761,32495.988382494055,29894.54645383729,37566.703897853724,34462.04043460652,33229.26558292731,39932.293922152945,35588.999283462144,38183.66063362748,39340.19455602659,32335.14065187025,32201.540981382008,32189.31297495336,30930.877938909336,29064.433811916042,38392.44598925832
35457.98524120341,37167.92555525321,34117.592282135854,32001.453352285433,42869.767157564354,39905.998268447605,24934.476757237768,40838.57078376489,34384.83366107865,39360.14338861761,32495.988382494055,29894.54645383729,37566.703897853724,34462.04043460652,33229.26558292731,39932.293922152945,35588.999283462144,38183.66063362748,39340.19455602659,32335.14065187025,32201.540981382008,32189.31297495336,30930.877938909336,29064.433811916042,38392.44598925832
35457.98524120341,37167.92555525321,34117.592282135854,32001.453352285433,42869.767157564354,39905.998268447605,24934.476757237768,40838.57078376489,34384.83366107865,39360.14338861761,32495.988382494055,29894.54645383729,37566.703897853724,34462.04043460652,33229.26558292731,39932.293922152945,35588.999283462144,38183.66063362748,39340.19455602659,32335.14065187025,32201.540981382008,32189.31297495336,30930.877938909336,29064.433811916042,38392.44598925832
35457.98524120341,37167.92555525321,34117.592282135854,32001.453352285433,42869.767157564354,39905.998268447605,24934.476757237768,40838.57078376489,34384.83366107865,39360.14338861761,32495.988382494055,29894.54645383729,37566.703897853724,34462.04043460652,33229.26558292731,39932.293922152945,35588.999283462144,38183.66063362748,39340.19455602659,32335.14065187025,31914.154124356555,32189.31297495336,30930.877938909336,29064.433811916042,38392.44598925832
35457.98524120341,37167.92555525321,34117.592282135854,32001.453352285433,42869.767157564354,39905.998268447605,24934.476757237768,40838.57078376489,34384.83366107865,39360.14338861761,32495.988382494055,29894.54645383729,37566.703897853724,34462.04043460652,33229.26558292731,39932.293922152945,35588.999283462144,38183.66063362748,39340.19455602659,32335.14065187025,31914.154124356555,32189.31297495336,30930.877938909336,29064.433811916042,38392.44598925832
35457.98524120341,37167.92555525321,34117.592282135854,32001.453352285433,42869.767157564354,39905.998268447605,24934.476757237768,40838.57078376489,34384.83366107865,39360.14338861761,32495.988382494055,29894.54645383729,37566.703897853724,34462.04043460652,33229.26558292731,39932.293922152945,35588.999283462144,38183.66063362748,39340.19455602659,32335.14065187025,31914.154124356555,32189.31297495336,30930.877938909336,29064.433811916042,38392.44598925832
35457.98524120341,37167.92555525321,34117.592282135854,32001.453352285433,42869.767157564354,39905.998268447605,24934.476757237768,40838.57078376489,34384.83366107865,39360.14338861761,32495.988382494055,29894.54645383729,37566.703897853724,34462.04043460652,33229.26558292731,39932.293922152945,35588.999283462144,38183.66063362748,39340.19455602659,32335.14065187025,31914.154124356555,32189.31297495336,30930.877938909336,29064.433811916042,38392.44598925832
35457.98524120341,37167.92555525321,34117.592282135854,32001.453352285433,42869.767157564354,39905.998268447605,24934.476757237768,40838.57078376489,34384.83366107865,39360.14338861761,32495.988382494055,29894.54645383729,37566.703897853724,34462.04043460652,33229.26558292731,39932.293922152945,35588.999283462144,38183.66063362748,39340.19455602659,32335.14065187025,31914.154124356555,32189.31297495336,30930.877938909336,29064.433811916042,38392.44598925832
35457.98524120341,37167.92555525321,34117.592282135854,32001.453352285433,42869.767157564354,39905.998268447605,24934.476757237768,40838.57078376489,34384.83366107865,39360.14338861761,32495.988382494055,29894.54645383729,37566.703897853724,34462.04043460652,33229.26558292731,39932.293922152945,35588.999283462144,38183.66063362748,39340.19455602659,32335.14065187025,31914.154124356555,32189.31297495336,30930.877938909336,29064.433811916042,38392.44598925832
35457.98524120341,37167.92555525321,34117.592282135854,32001.453352285433,42869.767157564354,39905.998268447605,24934.476757237768,40838.57078376489,34384.83366107865,39360.14338861761,32495.988382494055,29894.54645383729,37566.703897853724,34462.04043460652,33229.26558292731,39932.293922152945,35588.999283462144,38183.66063362748,39340.19455602659,32335.14065187025,31914.154124356555,32189.31297495336,30930.877938909336,29064.433811916042,38392.44598925832
35457.98524120341,37167.92555525321,34117.592282135854,32001.453352285433,42869.767157564354,39905.998268447605,24934.476757237768,40838.57078376489,34384.83366107865,39360.14338861761,32495.988382494055,29894.54645383729,37566.703897853724,34462.04043460652,33229.26558292731,39932.293922152945,35588.999283462144,38183.66063362748,39340.19455602659,32335.14065187025,31914.154124356555,32189.31297495336,30930.877938909336,29064.433811916042,38392.44598925832
35457.98524120341,37167.92555525321,34117.592282135854,32001.453352285433,42869.767157564354,39905.998268447605,24934.476757237768,40838.57078376489,34384.83366107865,39360.14338861761,32495.988382494055,29894.54645383729,37566.703897853724,34462.04043460652,33229.26558292731,39932.293922152945,35588.999283462144,38183.66063362748,39340.19455602659,32335.14065187025,31914.154124356555,32189.31297495336,30930.877938909336,29064.433811916042,38392.44598925832
35457.98524120341,37167.92555525321,34117.592282135854,32001.453352285433,42869.767157564354,39905.998268447605,24934.476757237768,40838.57078376489,34384.83366107865,39360.14338861761,32495.988382494055,29894.54645383729,37566.703897853724,34462.04043460652,33229.26558292731,39932.293922152945,35588.999283462144,38183.66063362748,39340.19455602659,32335.14065187025,31914.154124356555,32189.31297495336,30930.877938909336,29064.433811916042,38392.44598925832
35457.98524120341,37167.92555525321,34117.592282135854,32001.453352285433,42869.767157564354,39905.998268447605,24934.476757237768,40838.57078376489,34384.83366107865,39360.14338861761,32495.988382494055,29894.54645383729,37566.703897853724,34462.04043460652,33229.26558292731,39932.293922152945,35588.999283462144,38183.66063362748,39340.19455602659,32335.14065187025,31914.154124356555,32189.31297495336,30930.877938909336,29064.433811916042,38392.44598925832
35457.98524120341,37167.92555525321,34117.592282135854,32001.453352285433,42869.767157564354,39905.998268447605,24934.476757237768,40838.57078376489,34384.83366107865,39360.14338861761,32495.988382494055,29894.54645383729,37566.703897853724,34462.04043460652,33229.26558292731,39932.293922152945,35588.999283462144,38183.66063362748,39340.19455602659,32335.14065187025,31914.154124356555,32189.31297495336,30930.877938909336,29064.433811916042,38392.44598925832
35457.98524120341,37167.92555525321,34117.592282135854,32001.453352285433,42869.767157564354,39905.998268447605,24934.476757237768,40838.57078376489,34384.83366107865,39360.14338861761,32495.988382494055,29894.54645383729,37566.703897853724,34462.04043460652,33229.26558292731,39932.293922152945,35588.999283462144,38183.66063362748,39340.19455602659,32335.14065187025,31914.154124356555,32189.31297495336,30930.877938909336,29064.433811916042,38392.44598925832
35457.98524120341,37167.92555525321,34117.592282135854,32001.453352285433,42869.767157564354,39905.998268447605,24934.476757237768,40838.57078376489,34384.83366107865,39360.14338861761,32495.988382494055,29894.54645383729,37566.703897853724,34462.04043460652,33229.26558292731,39932.293922152945,35588.999283462144,38183.66063362748,39340.19455602659,32335.14065187025,31914.154124356555,32189.31297495336,30930.877938909336,29064.433811916042,38392.44598925832
35457.98524120341,37167.92555525321,34117.592282135854,32001.453352285433,42869.767157564354,39905.998268447605,24934.476757237768,40838.57078376489,34384.83366107865,39360.14338861761,32495.988382494055,29894.54645383729,37566.703897853724,34462.04043460652,33229.26558292731,39932.293922152945,35588.999283462144,38183.66063362748,39340.19455602659,32335.14065187025,31914.154124356555,32189.31297495336,30930.877938909336,29064.433811916042,38392.44598925832
35457.98524120341,37167.92555525321,34117.592282135854,32001.453352285433,42869.767157564354,39905.998268447605,24934.476757237768,40838.57078376489,34384.83366107865,39360.14338861761,32495.988382494055,29894.54645383729,37566.703897853724,34462.04043460652,33229.26558292731,39932.293922152945,35588.999283462144,38183.66063362748,39340.19455602659,32335.14065187025,31914.154124356555,32189.31297495336,30930.877938909336,29064.433811916042,38392.44598925832
35457.98524120341,37167.92555525321,34117.592282135854,32001.453352285433,42869.767157564354,39905.998268447605,24934.476757237768,40838.57078376489,34384.83366107865,39360.14338861761,32495.988382494055,29894.54645383729,37566.703897853724,34462.04043460652,33229.26558292731,39932.293922152945,35588.999283462144,38183.66063362748,39340.19455602659,32335.14065187025,31914.154124356555,32189.31297495336,30930.877938909336,29064.433811916042,38392.44598925832
35457.98524120341,37167.92555525321,34117.592282135854,32001.453352285433,42869.767157564354,39905.998268447605,24934.476757237768,40838.57078376489,34384.83366107865,39360.14338861761,32495.988382494055,29894.54645383729,37566.703897853724,34462.04043460652,33229.26558292731,39932.293922152945,35588.999283462144,38183.66063362748,39340.19455602659,32335.14065187025,31914.154124356555,32189.31297495336,30930.877938909336,29064.433811916042,38392.44598925832
35457.98524120341,37167.92555525321,34117.592282135854,32001.453352285433,42869.767157564354,39905.998268447605,24934.476757237768,40838.57078376489,34384.83366107865,39360.14338861761,32495.988382494055,29894.54645383729,37566.703897853724,34462.04043460652,33229.26558292731,39932.293922152945,35588.999283462144,38183.66063362748,39340.19455602659,32335.14065187025,31914.154124356555,32189.31297495336,30930.877938909336,29064.433811916042,38392.44598925832
35457.98524120341,37167.92555525321,34117.592282135854,32001.453352285433,42869.767157564354,39905.998268447605,24934.476757237768,40838.57078376489,34384.83366107865,39360.14338861761,32495.988382494055,29894.54645383729,37566.703897853724,34462.04043460652,33229.26558292731,39932.293922152945,35588.999283462144,38183.66063362748,39340.19455602659,32335.14065187025,31914.154124356555,32189.31297495336,30930.877938909336,29064.433811916042,38392.44598925832
35457.98524120341,37167.92555525321,34117.592282135854,32001.453352285433,42869.767157564354,39905.998268447605,24934.476757237768,40838.57078376489,34384.83366107865,39360.14338861761,32495.988382494055,29894.54645383729,37566.703897853724,34462.04043460652,33229.26558292731,39932.293922152945,35588.999283462144,38183.66063362748,39340.19455602659,32335.14065187025,31914.154124356555,32189.31297495336,30930.877938909336,29064.433811916042,38392.44598925832
35457.98524120341,37167.92555525321,34117.592282135854,32001.453352285433,42869.767157564354,39905.998268447605,24934.476757237768,40838.57078376489,34384.83366107865,39360.14338861761,32495.988382494055,29894.54645383729,37566.703897853724,34462.04043460652,33229.26558292731,39932.293922152945,35588.999283462144,38183.66063362748,39340.19455602659,32335.14065187025,31914.154124356555,32189.31297495336,30930.877938909336,29064.433811916042,38392.44598925832
35457.98524120341,37167.92555525321,34117.592282135854,32001.453352285433,42869.767157564354,39905.998268447605,24934.476757237768,40838.57078376489,34384.83366107865,39360.14338861761,32495.988382494055,29894.54645383729,37566.703897853724,34462.04043460652,33229.26558292731,39932.293922152945,35588.999283462144,38183.66063362748,39340.19455602659,32335.14065187025,31914.154124356555,32189.31297495336,30930.877938909336,29064.433811916042,38392.44598925832
35457.98524120341,37167.92555525321,34117.592282135854,32001.453352285433,42869.767157564354,39905.998268447605,24934.476757237768,40838.57078376489,34384.83366107865,39360.14338861761,32495.988382494055,29894.54645383729,37566.703897853724,34462.04043460652,33229.26558292731,39932.293922152945,35588.999283462144,38183.66063362748,39340.19455602659,32335.14065187025,31914.154124356555,32189.31297495336,30930.877938909336,29064.433811916042,38392.44598925832
35457.98524120341,37167.92555525321,34117.592282135854,32001.453352285433,42869.767157564354,39905.998268447605,24934.476757237768,40838.57078376489,34384.83366107865,39360.14338861761,32495.988382494055,29894.54645383729,37566.703897853724,34462.04043460652,33229.26558292731,39932.293922152945,35588.999283462144,38183.66063362748,39340.19455602659,32335.14065187025,31914.154124356555,32189.31297495336,30930.877938909336,29064.433811916042,38392.44598925832
35457.98524120341,37167.92555525321,34117.592282135854,32001.453352285433,42869.767157564354,39905.998268447605,24934.476757237768,40838.57078376489,34384.83366107865,39360.14338861761,32495.988382494055,29894.54645383729,37566.703897853724,34462.04043460652,33229.26558292731,39932.293922152945,35588.999283462144,38183.66063362748,39340.19455602659,32335.14065187025,31914.154124356555,32189.31297495336,30930.877938909336,29064.433811916042,38392.44598925832
35457.98524120341,37167.92555525321,34117.592282135854,32001.453352285433,42869.767157564354,39905.998268447605,24934.476757237768,40838.57078376489,34384.83366107865,39360.14338861761,32495.988382494055,29894.54645383729,37566.703897853724,34462.04043460652,33229.26558292731,39932.293922152945,35588.999283462144,38183.66063362748,39340.19455602659,32335.14065187025,31914.154124356555,32189.31297495336,30930.877938909336,29064.433811916042,38392.44598925832
35457.98524120341,37167.92555525321,34117.592282135854,32001.453352285433,42869.767157564354,39905.998268447605,24934.476757237768,40838.57078376489,34384.83366107865,39360.14338861761,32495.988382494055,29894.54645383729,37566.703897853724,34462.04043460652,33229.26558292731,39932.293922152945,35588.999283462144,38183.66063362748,39340.19455602659,32335.14065187025,31914.154124356555,32189.31297495336,30930.877938909336,29064.433811916042,38392.44598925832
35457.98524120341,37167.92555525321,34117.592282135854,32001.453352285433,42869.767157564354,39905.998268447605,24934.476757237768,40838.57078376489,34384.83366107865,39360.14338861761,32495.988382494055,29894.54645383729,37566.703897853724,34462.04043460652,33229.26558292731,39932.293922152945,35588.999283462144,38183.66063362748,39340.19455602659,32335.14065187025,31914.154124356555,32189.31297495336,30930.877938909336,29064.433811916042,38392.44598925832
35457.98524120341,37167.92555525321,34117.592282135854,32001.453352285433,42869.767157564354,39905.998268447605,24934.476757237768,40838.57078376489,34384.83366107865,39360.14338861761,32495.988382494055,29894.54645383729,37566.703897853724,34462.04043460652,33229.26558292731,39932.293922152945,35588.999283462144,38183.66063362748,39340.19455602659,32335.14065187025,31914.154124356555,32189.31297495336,30930.877938909336,29064.433811916042,38392.44598925832
35457.98524120341,37167.92555525321,34117.592282135854,32001.453352285433,42869.767157564354,39905.998268447605,24934.476757237768,40838.57078376489,34384.83366107865,39360.14338861761,32495.988382494055,29894.54645383729,37566.703897853724,34462.04043460652,33229.26558292731,39932.293922152945,35588.999283462144,38183.66063362748,39340.19455602659,32335.14065187025,31914.154124356555,32189.31297495336,30930.877938909336,29064.433811916042,38392.44598925832
35457.98524120341,37167.92555525321,34117.592282135854,32001.453352285433,42869.767157564354,39905.998268447605,24934.476757237768,40838.57078376489,34384.83366107865,39360.14338861761,32495.988382494055,29894.54645383729,37566.703897853724,34462.04043460652,33229.26558292731,39932.293922152945,35588.999283462144,38183.66063362748,39340.19455602659,32335.14065187025,31914.154124356555,32189.31297495336,30930.877938909336,29064.433811916042,38392.44598925832
35457.98524120341,37167.92555525321,34117.592282135854,32001.453352285433,42869.767157564354,39905.998268447605,24934.476757237768,40838.57078376489,34384.83366107865,39360.14338861761,32495.988382494055,29894.54645383729,37566.703897853724,34462.04043460652,33229.26558292731,39932.293922152945,35588.999283462144,38183.66063362748,39340.19455602659,32335.14065187025,31914.154124356555,32189.31297495336,30930.877938909336,29064.433811916042,38392.44598925832
35457.98524120341,37167.92555525321,34117.592282135854,32001.453352285433,42869.767157564354,39905.998268447605,24934.476757237768,40838.57078376489,34384.83366107865,39360.14338861761,32495.988382494055,29894.54645383729,37566.703897853724,34462.04043460652,33229.26558292731,39932.293922152945,35588.999283462144,38183.66063362748,39340.19455602659,32335.14065187025,31914.154124356555,32189.31297495336,30930.877938909336,29064.433811916042,38392.44598925832
35457.98524120341,37167.92555525321,34117.592282135854,32001.453352285433,42869.767157564354,39905.998268447605,24934.476757237768,40838.57078376489,34384.83366107865,39360.14338861761,32495.988382494055,29894.54645383729,37566.703897853724,34462.04043460652,33229.26558292731,39932.293922152945,35588.999283462144,38183.66063362748,39340.19455602659,32335.14065187025,31914.154124356555,32189.31297495336,30930.877938909336,29064.433811916042,38392.44598925832
35457.98524120341,37167.92555525321,34117.592282135854,32001.453352285433,42869.767157564354,39905.998268447605,24934.476757237768,40838.57078376489,34384.83366107865,39360.14338861761,32495.988382494055,29894.54645383729,37566.703897853724,34462.04043460652,33229.26558292731,39932.293922152945,35588.999283462144,38183.66063362748,39340.19455602659,32335.14065187025,31914.154124356555,32189.31297495336,30930.877938909336,29064.433811916042,38392.44598925832
35457.98524120341,37167.92555525321,34117.592282135854,32001.453352285433,42869.767157564354,39905.998268447605,24934.476757237768,40838.57078376489,34384.83366107865,39360.14338861761,32495.988382494055,29894.54645383729,37566.703897853724,34462.04043460652,33229.26558292731,39932.293922152945,35588.999283462144,38183.66063362748,39340.19455602659,32335.14065187025,31914.154124356555,32189.31297495336,30930.877938909336,29064.433811916042,38392.44598925832
35457.98524120341,37167.92555525321,34117.592282135854,32001.453352285433,42869.767157564354,39905.998268447605,24934.476757237768,40838.57078376489,34384.83366107865,39360.14338861761,32495.988382494055,29894.54645383729,37566.703897853724,34462.04043460652,33229.26558292731,39932.293922152945,35588.999283462144,38183.66063362748,39340.19455602659,32335.14065187025,31914.154124356555,32189.31297495336,30930.877938909336,29064.433811916042,38392.44598925832
35457.98524120341,37167.92555525321,34117.592282135854,32001.453352285433,42869.767157564354,39905.998268447605,24934.476757237768,40838.57078376489,34384.83366107865,39360.14338861761,32495.988382494055,29894.54645383729,37566.703897853724,34462.04043460652,33229.26558292731,39932.293922152945,35588.999283462144,38183.66063362748,39340.19455602659,32335.14065187025,31914.154124356555,32189.31297495336,30930.877938909336,29064.433811916042,38392.44598925832
35457.98524120341,37167.92555525321,34117.592282135854,32001.453352285433,42869.767157564354,39905.998268447605,24934.476757237768,40838.57078376489,34384.83366107865,39360.14338861761,32495.988382494055,29894.54645383729,37566.703897853724,34462.04043460652,33229.26558292731,39932.293922152945,35588.999283462144,38183.66063362748,39340.19455602659,32335.14065187025,31914.154124356555,32189.31297495336,30930.877938909336,29064.433811916042,38392.44598925832
35457.98524120341,37167.92555525321,34117.592282135854,32001.453352285433,42869.767157564354,39905.998268447605,24934.476757237768,40838.57078376489,34384.83366107865,39360.14338861761,32495.988382494055,29894.54645383729,37566.703897853724,34462.04043460652,33229.26558292731,39932.293922152945,35588.999283462144,38183.66063362748,39340.19455602659,32335.14065187025,31914.154124356555,32189.31297495336,30930.877938909336,29064.433811916042,38392.44598925832
35457.98524120341,37167.92555525321,34117.592282135854,32001.453352285433,42869.767157564354,39905.998268447605,24934.476757237768,40838.57078376489,34384.83366107865,39360.14338861761,32495.988382494055,29894.54645383729,37566.703897853724,34462.04043460652,33229.26558292731,39932.293922152945,35588.999283462144,38183.66063362748,39340.19455602659,32335.14065187025,31914.154124356555,32189.31297495336,30930.877938909336,29064.433811916042,38392.44598925832
35457.98524120341,37167.92555525321,34117.592282135854,32001.453352285433,42869.767157564354,39905.998268447605,24934.476757237768,40838.57078376489,34384.83366107865,39360.14338861761,32495.988382494055,29894.54645383729,37566.703897853724,34462.04043460652,33229.26558292731,39932.293922152945,35588.999283462144,38183.66063362748,39340.19455602659,32335.14065187025,31914.154124356555,32189.31297495336,30930.877938909336,29064.433811916042,38392.44598925832
35457.98524120341,37167.92555525321,34117.592282135854,32001.453352285433,42869.767157564354,39905.998268447605,24934.476757237768,40838.57078376489,34384.83366107865,39360.14338861761,32495.988382494055,29894.54645383729,37566.703897853724,34462.04043460652,33229.26558292731,39932.293922152945,35588.999283462144,38183.66063362748,39340.19455602659,32335.14065187025,31914.154124356555,32189.31297495336,30930.877938909336,29064.433811916042,38392.44598925832
35457.98524120341,37167.92555525321,34117.592282135854,32001.453352285433,42869.767157564354,39905.998268447605,24934.476757237768,40838.57078376489,34384.83366107865,39360.14338861761,32495.988382494055,29894.54645383729,37566.703897853724,34462.04043460652,33229.26558292731,39932.293922152945,35588.999283462144,38183.66063362748,39340.19455602659,32335.14065187025,31914.154124356555,32189.31297495336,30930.877938909336,29064.433811916042,38392.44598925832
35457.98524120341,37167.92555525321,34117.592282135854,32001.453352285433,42869.767157564354,39905.998268447605,24934.476757237768,40838.57078376489,34384.83366107865,39360.14338861761,32495.988382494055,29894.54645383729,37566.703897853724,34462.04043460652,33229.26558292731,39932.293922152945,35588.999283462144,38183.66063362748,39340.19455602659,32335.14065187025,31914.154124356555,32189.31297495336,30930.877938909336,29064.433811916042,38392.44598925832
35457.98524120341,37167.92555525321,34117.592282135854,32001.453352285433,42869.767157564354,39905.998268447605,24934.476757237768,40838.57078376489,34384.83366107865,39360.14338861761,32495.988382494055,29894.54645383729,37566.703897853724,34462.04043460652,33229.26558292731,39932.293922152945,35588.999283462144,38183.66063362748,39340.19455602659,32335.14065187025,31914.154124356555,32189.31297495336,30930.877938909336,29064.433811916042,38392.44598925832
35457.98524120341,37167.92555525321,34117.592282135854,32001.453352285433,42869.767157564354,39905.998268447605,24934.476757237768,40838.57078376489,34384.83366107865,39360.14338861761,32495.988382494055,29894.54645383729,37566.703897853724,34462.04043460652,33229.26558292731,39932.293922152945,35588.999283462144,38183.66063362748,39340.19455602659,32335.14065187025,31914.154124356555,32189.31297495336,30930.877938909336,29064.433811916042,38392.44598925832
35457.98524120341,37167.92555525321,34117.592282135854,32001.453352285433,42869.767157564354,39905.998268447605,24934.476757237768,40838.57078376489,34384.83366107865,39360.14338861761,32495.988382494055,29894.54645383729,37566.703897853724,34462.04043460652,33229.26558292731,39932.293922152945,35588.999283462144,38183.66063362748,39340.19455602659,32335.14065187025,31914.154124356555,32189.31297495336,30930.877938909336,29064.433811916042,38392.44598925832
35457.98524120341,37167.92555525321,34117.592282135854,32001.453352285433,42869.767157564354,39905.998268447605,24934.476757237768,40838.57078376489,34384.83366107865,39360.14338861761,32495.988382494055,29894.54645383729,37566.703897853724,34462.04043460652,33229.26558292731,39932.293922152945,35588.999283462144,38183.66063362748,39340.19455602659,32335.14065187025,31914.154124356555,32189.31297495336,30930.877938909336,29064.433811916042,38392.44598925832
35457.98524120341,37167.92555525321,34117.592282135854,32001.453352285433,42869.767157564354,39905.998268447605,24934.476757237768,40838.57078376489,34384.83366107865,39360.14338861761,32495.988382494055,29894.54645383729,37566.703897853724,34462.04043460652,33229.26558292731,39932.293922152945,35588.999283462144,38183.66063362748,39340.19455602659,32335.14065187025,31914.154124356555,32189.31297495336,30930.877938909336,29064.433811916042,38392.44598925832
35457.98524120341,37167.92555525321,34117.592282135854,32001.453352285433,42869.767157564354,39905.998268447605,24934.476757237768,40838.57078376489,34384.83366107865,39360.14338861761,32495.988382494055,29894.54645383729,37566.703897853724,34462.04043460652,33229.26558292731,39932.293922152945,35588.999283462144,38183.66063362748,39340.19455602659,32335.14065187025,31914.154124356555,32189.31297495336,30930.877938909336,29064.433811916042,38392.44598925832
35457.98524120341,37167.92555525321,34117.592282135854,32001.453352285433,42869.767157564354,39905.998268447605,24934.476757237768,40838.57078376489,34384.83366107865,39360.14338861761,32495.988382494055,29894.54645383729,37566.703897853724,34462.04043460652,33229.26558292731,39932.293922152945,35588.999283462144,38183.66063362748,39340.19455602659,32335.14065187025,31914.154124356555,32189.31297495336,30930.877938909336,29064.433811916042,38392.44598925832
35457.98524120341,37167.92555525321,34117.592282135854,32001.453352285433,42869.767157564354,39905.998268447605,24934.476757237768,40838.57078376489,34384.83366107865,39360.14338861761,32495.988382494055,29894.54645383729,37566.703897853724,34462.04043460652,33229.26558292731,39932.293922152945,35588.999283462144,38183.66063362748,39340.19455602659,32335.14065187025,31914.154124356555,32189.31297495336,30930.877938909336,29064.433811916042,38392.44598925832
35457.98524120341,37167.92555525321,34117.592282135854,32001.453352285433,42869.767157564354,39905.998268447605,24934.476757237768,40838.57078376489,34384.83366107865,39360.14338861761,32495.988382494055,29894.54645383729,37566.703897853724,34462.04043460652,33229.26558292731,39932.293922152945,35588.999283462144,38183.66063362748,39340.19455602659,32335.14065187025,31914.154124356555,32189.31297495336,30930.877938909336,29064.433811916042,38392.44598925832
35457.98524120341,37167.92555525321,34117.592282135854,32001.453352285433,42869.767157564354,39905.998268447605,24934.476757237768,40838.57078376489,34384.83366107865,39360.14338861761,32495.988382494055,29894.54645383729,37566.703897853724,34462.04043460652,33229.26558292731,39932.293922152945,35588.999283462144,38183.66063362748,39340.19455602659,32335.14065187025,31914.154124356555,32189.31297495336,30930.877938909336,29064.433811916042,38392.44598925832
35457.98524120341,37167.92555525321,34117.592282135854,32001.453352285433,42869.767157564354,39905.998268447605,24934.476757237768,40838.57078376489,34384.83366107865,39360.14338861761,32495.988382494055,29894.54645383729,37566.703897853724,34462.04043460652,33229.26558292731,39932.293922152945,35588.999283462144,38183.66063362748,39340.19455602659,32335.14065187025,31914.154124356555,32189.31297495336,30930.877938909336,29064.433811916042,38392.44598925832
35457.98524120341,37167.92555525321,34117.592282135854,32001.453352285433,42869.767157564354,39905.998268447605,24934.476757237768,40838.57078376489,34384.83366107865,39360.14338861761,32495.988382494055,29894.54645383729,37566.703897853724,34462.04043460652,33229.26558292731,39932.293922152945,35588.999283462144,38183.66063362748,39340.19455602659,32335.14065187025,31914.154124356555,32189.31297495336,30930.877938909336,29064.433811916042,38392.44598925832
35457.98524120341,37167.92555525321,34117.592282135854,32001.453352285433,42869.767157564354,39905.998268447605,24934.476757237768,40838.57078376489,34384.83366107865,39360.14338861761,32495.988382494055,29894.54645383729,37566.703897853724,34462.04043460652,33229.26558292731,39932.293922152945,35588.999283462144,38183.66063362748,39340.19455602659,32335.14065187025,31914.154124356555,32189.31297495336,30930.877938909336,29064.433811916042,38392.44598925832
35457.98524120341,37167.92555525321,34117.592282135854,32001.453352285433,42869.767157564354,39905.998268447605,24934.476757237768,40838.57078376489,34384.83366107865,39360.14338861761,32495.988382494055,29894.54645383729,37566.703897853724,34462.04043460652,33229.26558292731,39932.293922152945,35588.999283462144,38183.66063362748,39340.19455602659,32335.14065187025,31914.154124356555,32189.31297495336,30930.877938909336,29064.433811916042,38392.44598925832
35457.98524120341,37167.92555525321,34117.592282135854,32001.453352285433,42869.767157564354,39905.998268447605,24934.476757237768,40838.57078376489,34384.83366107865,39360.14338861761,32495.988382494055,29894.54645383729,37566.703897853724,34462.04043460652,33229.26558292731,39932.293922152945,35588.999283462144,38183.66063362748,39340.19455602659,32335.14065187025,31914.154124356555,32189.31297495336,30930.877938909336,29064.433811916042,38392.44598925832
35457.98524120341,37167.92555525321,34117.592282135854,32001.453352285433,42869.767157564354,39905.998268447605,24934.476757237768,40838.57078376489,34384.83366107865,39360.14338861761,32495.988382494055,29894.54645383729,37566.703897853724,34462.04043460652,33229.26558292731,39932.293922152945,35588.999283462144,38183.66063362748,39340.19455602659,32335.14065187025,31914.154124356555,32189.31297495336,30930.877938909336,29064.433811916042,38392.44598925832
35457.98524120341,37167.92555525321,34117.592282135854,32001.453352285433,42869.767157564354,39905.998268447605,24934.476757237768,40838.57078376489,34384.83366107865,39360.14338861761,32495.988382494055,29894.54645383729,37566.703897853724,34462.04043460652,33229.26558292731,39932.293922152945,35588.999283462144,38183.66063362748,39340.19455602659,32335.14065187025,31914.154124356555,32189.31297495336,30930.877938909336,29064.433811916042,38392.44598925832
35457.98524120341,37167.92555525321,34117.592282135854,32001.453352285433,42869.767157564354,39905.998268447605,24934.476757237768,40838.57078376489,34384.83366107865,39360.14338861761,32495.988382494055,29894.54645383729,37566.703897853724,34462.04043460652,33229.26558292731,39932.293922152945,35588.999283462144,38183.66063362748,39340.19455602659,32335.14065187025,31914.154124356555,32189.31297495336,30930.877938909336,29064.433811916042,38392.44598925832
28359.570710422693,37167.92555525321,34117.592282135854,32001.453352285433,42869.767157564354,39905.998268447605,24934.476757237768,40838.57078376489,34384.83366107865,39360.14338861761,32495.988382494055,29894.54645383729,37566.703897853724,34462.04043460652,33229.26558292731,39932.293922152945,35588.999283462144,38183.66063362748,39340.19455602659,32335.14065187025,31914.154124356555,32189.31297495336,30930.877938909336,29064.433811916042,38392.44598925832
28359.570710422693,37167.92555525321,34117.592282135854,32001.453352285433,42869.767157564354,39905.998268447605,24934.476757237768,36355.30722927079,34384.83366107865,39360.14338861761,32495.988382494055,29894.54645383729,37566.703897853724,34462.04043460652,33229.26558292731,39932.293922152945,35588.999283462144,38183.66063362748,39340.19455602659,32335.14065187025,31914.154124356555,32189.31297495336,30930.877938909336,29064.433811916042,38392.44598925832
28359.570710422693,37167.92555525321,34117.592282135854,32001.453352285433,42869.767157564354,39905.998268447605,24934.476757237768,36355.30722927079,34384.83366107865,39360.14338861761,32495.988382494055,29894.54645383729,37566.703897853724,34462.04043460652,33229.26558292731,39932.293922152945,35588.999283462144,38183.66063362748,39340.19455602659,32335.14065187025,31914.154124356555,32189.31297495336,30930.877938909336,29064.433811916042,38392.44598925832
28359.570710422693,37167.92555525321,34117.592282135854,32001.453352285433,42869.767157564354,39905.998268447605,24934.476757237768,36355.30722927079,34384.83366107865,39360.14338861761,32495.988382494055,29894.54645383729,37566.703897853724,34462.04043460652,33229.26558292731,39932.293922152945,35588.999283462144,38183.66063362748,39340.19455602659,32335.14065187025,31914.154124356555,32189.31297495336,30930.877938909336,29064.433811916042,38392.44598925832
28359.570710422693,37167.92555525321,34117.592282135854,32001.453352285433,42869.767157564354,39905.998268447605,24934.476757237768,36355.30722927079,34384.83366107865,39360.14338861761,32495.988382494055,29894.54645383729,37566.703897853724,34462.04043460652,33229.26558292731,39932.293922152945,35588.999283462144,38183.66063362748,39340.19455602659,32335.14065187025,31914.154124356555,32189.31297495336,30930.877938909336,29064.433811916042,38392.44598925832
28359.570710422693,37167.92555525321,34117.592282135854,32001.453352285433,42869.767157564354,39905.998268447605,24934.476757237768,30065.794623787435,34384.83366107865,39360.14338861761,32495.988382494055,29894.54645383729,37566.703897853724,34462.04043460652,33229.26558292731,39932.293922152945,35588.999283462144,38183.66063362748,39340.19455602659,32335.14065187025,31914.154124356555,32189.31297495336,30930.877938909336,29064.433811916042,38392.44598925832
28359.570710422693,37167.92555525321,34117.592282135854,32001.453352285433,39012.45178762531,39905.998268447605,24934.476757237768,30065.794623787435,34384.83366107865,39360.14338861761,32495.988382494055,29894.54645383729,37566.703897853724,34462.04043460652,33229.26558292731,39932.293922152945,35588.999283462144,38183.66063362748,39340.19455602659,32335.14065187025,29961.053482276224,32189.31297495336,30930.877938909336,29064.433811916042,38392.44598925832
28359.570710422693,37167.92555525321,34117.592282135854,32001.453352285433,39012.45178762531,39905.998268447605,24934.476757237768,28787.05880048093,34384.83366107865,39360.14338861761,32495.988382494055,29894.54645383729,37566.703897853724,34462.04043460652,33229.26558292731,39932.293922152945,35588.999283462144,38183.66063362748,39340.19455602659,32335.14065187025,29961.053482276224,32189.31297495336,30930.877938909336,29064.433811916042,38392.44598925832
28359.570710422693,37167.92555525321,34117.592282135854,32001.453352285433,39012.45178762531,39905.998268447605,24934.476757237768,28787.05880048093,34384.83366107865,39360.14338861761,32495.988382494055,29894.54645383729,37566.703897853724,34462.04043460652,33229.26558292731,39932.293922152945,35588.999283462144,38183.66063362748,39340.19455602659,32335.14065187025,29961.053482276224,32189.31297495336,30930.877938909336,29064.433811916042,38392.44598925832
28359.570710422693,37167.92555525321,34117.592282135854,32001.453352285433,39012.45178762531,39905.998268447605,24934.476757237768,28787.05880048093,34384.83366107865,39360.14338861761,32495.988382494055,29894.54645383729,37566.703897853724,34462.04043460652,33229.26558292731,39932.293922152945,35588.999283462144,38183.66063362748,39340.19455602659,32335.14065187025,29961.053482276224,32189.31297495336,30930.877938909336,29064.433811916042,38392.44598925832
28359.570710422693,37167.92555525321,34117.592282135854,32001.453352285433,39012.45178762531,39905.998268447605,24934.476757237768,28787.05880048093,34384.83366107865,39360.14338861761,32495.988382494055,29894.54645383729,37566.703897853724,34462.04043460652,33229.26558292731,39932.293922152945,35588.999283462144,38183.66063362748,39340.19455602659,32335.14065187025,29961.053482276224,32189.31297495336,30930.877938909336,29064.433811916042,38392.44598925832
28359.570710422693,37167.92555525321,34117.592282135854,32001.453352285433,39012.45178762531,39905.998268447605,24934.476757237768,28787.05880048093,34384.83366107865,39360.14338861761,32495.988382494055,29894.54645383729,37566.703897853724,34462.04043460652,33229.26558292731,39932.293922152945,35588.999283462144,38183.66063362748,39340.19455602659,32335.14065187025,29961.053482276224,32189.31297495336,30930.877938909336,29064.433811916042,38392.44598925832
28359.570710422693,37167.92555525321,34117.592282135854,32001.453352285433,20732.09349253057,39905.998268447605,24934.476757237768,28787.05880048093,34384.83366107865,39360.14338861761,32495.988382494055,29894.54645383729,37566.703897853724,34462.04043460652,33229.26558292731,39932.293922152945,35588.999283462144,38183.66063362748,39340.19455602659,32335.14065187025,21719.97275917783,32189.31297495336,30930.877938909336,29064.433811916042,38392.44598925832
28359.570710422693,33043.01806355048,34117.592282135854,32001.453352285433,20732.09349253057,39905.998268447605,24934.476757237768,28787.05880048093,34384.83366107865,39360.14338861761,32495.988382494055,29894.54645383729,37566.703897853724,34462.04043460652,33229.26558292731,39932.293922152945,35588.999283462144,38183.66063362748,38131.485218819456,32335.14065187025,21719.97275917783,32189.31297495336,30930.877938909336,29064.433811916042,38392.44598925832
28359.570710422693,33043.01806355048,34117.592282135854,28396.50749644893,20680.018928305668,39905.998268447605,24934.476757237768,28787.05880048093,34384.83366107865,39360.14338861761,32495.988382494055,22818.376182429354,37566.703897853724,34462.04043460652,33229.26558292731,39932.293922152945,35588.999283462144,38183.66063362748,38131.485218819456,32335.14065187025,21719.97275917783,32189.31297495336,30930.877938909336,21460.897421006215,38392.44598925832
28359.570710422693,33043.01806355048,34117.592282135854,28396.50749644893,20680.018928305668,39905.998268447605,24934.476757237768,28787.05880048093,34384.83366107865,39360.14338861761,32495.988382494055,22818.376182429354,37566.703897853724,34462.04043460652,33229.26558292731,39932.293922152945,35588.999283462144,38183.66063362748,38131.485218819456,32335.14065187025,21719.97275917783,32189.31297495336,30930.877938909336,21460.897421006215,38392.44598925832
28359.570710422693,33043.01806355048,34117.592282135854,28396.50749644893,20680.018928305668,39905.998268447605,24934.476757237768,28787.05880048093,34384.83366107865,30841.331171789414,32495.988382494055,22818.376182429354,37566.703897853724,31732.884887264918,33229.26558292731,39932.293922152945,35588.999283462144,38183.66063362748,38131.485218819456,32335.14065187025,21719.97275917783,32189.31297495336,30930.877938909336,21460.897421006215,37656.42833237687
28359.570710422693,33043.01806355048,34117.592282135854,28396.50749644893,20680.018928305668,39905.998268447605,24934.476757237768,28787.05880048093,34384.83366107865,30841.331171789414,32495.988382494055,22818.376182429354,37566.703897853724,31732.884887264918,33229.26558292731,39932.293922152945,35588.999283462144,38183.66063362748,31052.812495342576,32335.14065187025,21719.97275917783,32189.31297495336,30930.877938909336,21460.897421006215,37545.623329460184
28359.570710422693,33043.01806355048,34117.592282135854,28396.50749644893,20680.018928305668,39905.998268447605,24934.476757237768,28787.05880048093,34384.83366107865,30841.331171789414,32495.988382494055,22818.376182429354,37566.703897853724,31732.884887264918,33229.26558292731,39932.293922152945,35588.999283462144,38183.66063362748,26624.299294507862,28529.224281279545,21719.97275917783,32189.31297495336,30930.877938909336,21460.897421006215,37545.623329460184
25246.14596786569,33043.01806355048,34117.592282135854,28396.50749644893,20680.018928305668,39905.998268447605,24934.476757237768,28787.05880048093,34384.83366107865,30841.331171789414,32495.988382494055,22818.376182429354,37566.703897853724,31732.884887264918,33229.26558292731,39932.293922152945,35588.999283462144,38183.66063362748,22350.50625001412,27868.245699353814,21719.97275917783,32189.31297495336,30930.877938909336,21460.897421006215,32582.755097619945
25246.14596786569,33043.01806355048,34117.592282135854,28396.50749644893,20680.018928305668,39905.998268447605,24934.476757237768,28787.05880048093,34384.83366107865,30841.331171789414,31543.20357903919,22818.376182429354,33354.63196964431,31732.884887264918,33229.26558292731,39932.293922152945,35588.999283462144,38183.66063362748,17032.114572929226,27394.746572094147,21719.97275917783,32189.31297495336,30930.877938909336,21460.897421006215,32582.755097619945
25246.14596786569,33043.01806355048,34117.592282135854,28396.50749644893,20680.018928305668,39905.998268447605,24934.476757237768,28787.05880048093,29693.252752537694,30841.331171789414,31543.20357903919,16791.6820050483,33354.63196964431,31732.884887264918,33229.26558292731,39932.293922152945,35588.999283462144,38183.66063362748,17032.114572929226,27394.746572094147,19002.593933196826,32189.31297495336,30930.877938909336,21460.897421006215,32582.755097619945
25246.14596786569,33043.01806355048,33359.128701024696,28396.50749644893,20680.018928305668,39905.998268447605,24934.476757237768,23219.618981342654,26373.2153470073,30841.331171789414,31543.20357903919,16791.6820050483,31942.710355347554,31732.884887264918,33229.26558292731,39932.293922152945,35588.999283462144,38183.66063362748,15513.495885464921,16485.657307888956,15107.416505865744,32189.31297495336,30930.877938909336,21460.897421006215,32582.755097619945
20774.009542647607,33043.01806355048,33359.128701024696,28396.50749644893,20680.018928305668,39905.998268447605,24934.476757237768,20085.566468246165,24503.673374425325,24560.642390063647,31543.20357903919,13983.812596471249,26021.00445743877,31732.884887264918,33229.26558292731,39932.293922152945,35588.999283462144,38183.66063362748,15159.641865085732,16485.657307888956,15107.416505865744,32189.31297495336,30930.877938909336,21460.897421006215,32582.755097619945
20774.009542647607,33043.01806355048,33359.128701024696,28396.50749644893,20680.018928305668,39905.998268447605,24934.476757237768,18539.05216748592,24503.673374425325,24560.642390063647,31543.20357903919,13544.222772797271,22883.049532685578,31732.884887264918,27355.422420682888,39932.293922152945,32060.624615779452,38183.66063362748,15159.641865085732,16485.657307888956,15107.416505865744,32189.31297495336,30930.877938909336,21127.979723052402,32582.755097619945
14877.008137920753,33043.01806355048,33359.128701024696,28396.50749644893,19488.67343663466,37548.677681174675,24934.476757237768,18539.05216748592,21101.97577470371,24073.778639194257,26226.26742400935,13544.222772797271,21430.18370268765,25277.362534778855,27355.422420682888,39932.293922152945,23616.107573095134,34323.221501858934,12486.442883460613,16485.657307888956,13996.519850729692,32189.31297495336,30930.877938909336,21127.979723052402,32115.043806065252
14877.008137920753,33043.01806355048,33359.128701024696,28396.50749644893,19488.67343663466,37548.677681174675,24934.476757237768,18539.05216748592,21101.97577470371,21455.56495985059,26226.26742400935,13544.222772797271,20124.716731913097,25277.362534778855,27355.422420682888,28019.288932885105,23616.107573095134,23261.44852161978,12486.442883460613,15036.277983146427,13662.425420099962,32189.31297495336,30930.877938909336,21127.979723052402,24011.20375349556
13841.547012101513,33043.01806355048,33359.128701024696,28396.50749644893,18474.78713446457,37548.677681174675,24934.476757237768,17635.484309263644,21101.97577470371,17515.30815175027,26226.26742400935,11230.250593888653,13480.451962792213,25277.362534778855,27355.422420682888,28019.288932885105,23616.107573095134,21834.13353554056,12486.442883460613,15036.277983146427,12926.52877931154,32189.31297495336,30930.877938909336,21127.979723052402,19551.37832663267
13841.547012101513,33043.01806355048,33359.128701024696,28396.50749644893,17144.724479354263,37548.677681174675,23340.033996851093,17635.484309263644,19521.42870876719,15445.85048481179,25902.915065632715,11230.250593888653,12773.910341294924,25277.362534778855,27355.422420682888,28019.288932885105,23616.107573095134,21202.789053159788,12486.442883460613,14868.335752516852,12181.902065041277,32189.31297495336,30930.877938909336,21127.979723052402,14324.6181646367
13841.547012101513,18306.02037388926,32932.21822174871,28396.50749644893,15579.243433720023,37548.677681174675,21783.853793729664,14794.00468953317,19521.42870876719,15445.85048481179,24276.967352568867,11230.250593888653,12384.413346137444,23582.925259004085,26413.355812288297,28019.288932885105,23616.107573095134,16958.678981849327,12486.442883460613,12656.356171054153,12181.902065041277,32189.31297495336,30930.877938909336,21127.979723052402,14324.6181646367
13841.547012101513,18306.02037388926,28514.626209851165,26857.873261899058,15579.243433720023,32031.163959953657,21783.853793729664,12930.000164367906,17841.822388044733,15445.85048481179,16835.054266347208,11230.250593888653,11492.861371687253,18617.279379598163,23247.734786809146,28019.288932885105,23616.107573095134,16958.678981849327,12486.442883460613,12656.356171054153,12181.902065041277,25909.25296603257,30930.877938909336,18736.380111368413,13953.343205207686
13841.547012101513,18306.02037388926,28514.626209851165,25533.471336892646,14982.692401453238,29911.69337157463,21783.853793729664,11434.801142834527,17757.261343344548,15445.85048481179,16835.054266347208,11230.250593888653,11492.861371687253,18617.279379598163,23247.734786809146,28019.288932885105,23616.107573095134,15076.005086693694,12486.442883460613,11614.013052342172,11842.066727343483,24176.43669119515,30930.877938909336,17356.025128081244,12837.986870802271
13841.547012101513,18306.02037388926,25454.760164807674,25533.471336892646,14982.692401453238,25619.05852259419,18248.55908854068,11434.801142834527,13558.537785385392,15445.85048481179,16835.054266347208,11230.250593888653,11379.561883109543,18617.279379598163,23247.734786809146,27391.163644976623,23616.107573095134,15076.005086693694,11677.538994394252,11614.013052342172,11177.33652719624,23846.671048246986,28562.638540916058,15403.213774654243,12837.986870802271
13841.547012101513,17167.34595941779,24354.396385616885,21851.386626736192,14982.692401453238,25503.478021070772,18248.55908854068,11434.801142834527,13558.537785385392,15180.74258758194,16835.054266347208,11230.250593888653,10964.675119204325,18120.914972791932,23247.734786809146,25160.35521082188,22059.01320480582,12878.05321653462,11677.538994394252,11614.013052342172,11177.33652719624,20108.597830517247,28562.638540916058,15403.213774654243,11684.127171995638
13841.547012101513,15857.88889579121,23667.58844768201,21851.386626736192,13918.07357836658,25503.478021070772,16189.521966746008,10739.807443346534,13558.537785385392,15180.74258758194,15202.925974685153,11230.250593888653,10675.316610963611,16741.830039082542,22271.09068099832,22281.4274464664,22059.01320480582,12878.05321653462,11677.538994394252,11614.013052342172,11177.33652719624,20108.597830517247,28562.638540916058,15403.213774654243,11684.127171995638
13841.547012101513,15857.88889579121,20569.558451679444,21851.386626736192,13918.07357836658,25503.478021070772,15859.220720477078,10739.807443346534,13558.537785385392,14793.148702302222,15202.925974685153,11230.250593888653,10675.316610963611,16741.830039082542,18192.436396746452,21013.369201149733,19517.21527836735,12130.927970065584,11677.538994394252,11614.013052342172,11177.33652719624,18718.296376666505,28562.638540916058,15403.213774654243,11684.127171995638
12344.257907415022,15857.88889579121,17983.675316529825,21285.679862901943,13918.07357836658,22074.822564903694,14986.985584519418,10138.814528280236,13417.999923824416,11799.166907397426,13170.38831246689,11230.250593888653,10675.316610963611,15141.562541102736,18176.629351912015,18231.107075404725,15782.598508458816,11119.033233413169,11677.538994394252,11614.013052342172,11177.33652719624,18718.296376666505,19309.83457974457,15403.213774654243,11530.378210476396
12344.257907415022,15857.88889579121,17689.45368057624,18729.54785577258,13918.07357836658,19990.35956037215,13200.180122816744,10138.814528280236,13417.999923824416,11799.166907397426,13170.38831246689,11230.250593888653,10675.316610963611,15141.562541102736,12030.436771334204,18231.107075404725,15591.862534893586,11119.033233413169,11677.538994394252,11614.013052342172,11177.33652719624,17412.076370886738,19309.83457974457,15403.213774654243,11530.378210476396
12216.223157391289,15559.5695124227,17689.45368057624,18598.451418766766,13918.07357836658,16286.484038936016,12419.794707243695,10138.814528280236,13417.999923824416,11799.166907397426,13170.38831246689,11230.250593888653,10675.316610963611,15141.562541102736,12030.436771334204,16545.490836436074,13376.073376675704,11119.033233413169,11677.538994394252,11614.013052342172,11177.33652719624,17412.076370886738,16398.738145975694,15403.213774654243,11530.378210476396
12216.223157391289,15559.5695124227,17689.45368057624,15083.287861655379,12776.755088754753,15692.31447216418,12314.095640287036,9739.478472878658,13417.999923824416,11799.166907397426,13170.38831246689,11230.250593888653,10675.316610963611,15141.562541102736,12030.436771334204,13932.06083868902,13376.073376675704,11119.033233413169,11677.538994394252,11614.013052342172,11177.33652719624,16119.989465160783,16398.738145975694,14911.278178844941,11530.378210476396
12216.223157391289,15559.5695124227,17689.45368057624,13180.156213023884,12131.906302984802,14518.700456649092,12314.095640287036,9583.530970917134,11240.851187032556,11799.166907397426,12941.496841181304,11230.250593888653,10675.316610963611,15141.562541102736,12023.468631604843,13932.06083868902,12773.86774671421,11119.033233413169,11677.538994394252,11614.013052342172,11177.33652719624,16119.989465160783,16253.615921424936,14911.278178844941,11530.378210476396
12216.223157391289,14490.69723121995,17632.242788846248,12198.217487617752,12131.906302984802,14518.700456649092,12314.095640287036,9583.530970917134,11016.870714059793,11799.166907397426,12941.496841181304,11230.250593888653,10675.316610963611,14511.52028148139,12023.468631604843,13926.237716560963,12773.86774671421,11119.033233413169,11677.538994394252,11614.013052342172,11177.33652719624,15034.23424241323,14782.281867400554,14911.278178844941,11530.378210476396
12216.223157391289,14490.69723121995,15300.853276073613,12198.217487617752,12131.906302984802,13713.256381552977,11959.334645704825,9463.098385907944,11016.870714059793,11799.166907397426,12941.496841181304,11230.250593888653,10675.316610963611,11949.958938222704,12023.468631604843,13926.237716560963,12773.86774671421,11119.033233413169,11677.538994394252,11614.013052342172,11177.33652719624,15034.23424241323,14060.789320401407,14911.278178844941,11530.378210476396
10977.771181482574,14490.69723121995,15300.853276073613,11512.843640596573,12131.906302984802,13100.616073259924,11959.334645704825,9463.098385907944,11016.870714059793,11799.166907397426,12941.496841181304,11230.250593888653,10585.346458974782,11949.958938222704,10794.276168640781,13293.973186684734,12001.998748065325,11119.033233413169,11677.538994394252,11614.013052342172,11177.33652719624,15034.23424241323,12705.496122292623,14911.278178844941,11530.378210476396
10977.771181482574,14240.952425313642,15300.853276073613,11061.503986160113,12131.906302984802,12094.910669833995,11959.334645704825,9115.38607708048,10577.325497286502,11799.166907397426,11696.309087741685,11230.250593888653,10585.346458974782,11949.958938222704,10226.146227149271,11679.514218377062,12001.998748065325,11119.033233413169,11251.130496661319,11614.013052342172,10798.409436177597,15034.23424241323,12206.519633957041,14877.806657721387,11530.378210476396
10502.498824031285,12721.755124631165,14816.507230951742,10933.681766436253,12131.906302984802,11149.25044034348,11959.334645704825,9115.38607708048,8249.186662410473,11799.166907397426,11696.309087741685,11230.250593888653,10335.34278775091,11175.21423464588,10220.379118477522,11679.514218377062,12001.998748065325,11119.033233413169,10951.033737872729,11614.013052342172,9615.454901197365,15034.23424241323,12206.519633957041,14877.806657721387,11530.378210476396
10502.498824031285,11732.921641978894,13379.661992102436,10579.160748995895,11803.140982343335,11024.759859177764,11959.334645704825,9115.38607708048,8180.1277324185085,11799.166907397426,11696.309087741685,11230.250593888653,10335.34278775091,11175.21423464588,10220.379118477522,11219.706531490161,11463.778993917764,11119.033233413169,10856.428912644276,11614.013052342172,9615.454901197365,14434.43448009059,12166.527726645118,14177.502888106543,11530.378210476396
10502.498824031285,11087.36335021836,12587.8703141978,10322.077568512672,11544.802704222147,10211.281432837917,11492.712373441964,9115.38607708048,7851.819592824364,11799.166907397426,11377.791343417352,11230.250593888653,10335.34278775091,11175.21423464588,10220.379118477522,11219.706531490161,10781.92688915397,11119.033233413169,10856.428912644276,11614.013052342172,9615.454901197365,14434.43448009059,12166.527726645118,10981.662204824519,11386.375186877442
10502.498824031285,11087.36335021836,12587.8703141978,10322.077568512672,11544.802704222147,9717.07039780778,11492.712373441964,8635.144419052709,7851.819592824364,11799.166907397426,10249.864705862488,11230.250593888653,10318.703350686737,11175.21423464588,10220.379118477522,11219.706531490161,10688.99512457226,11119.033233413169,10856.428912644276,11305.578088389502,8560.930197752317,12102.107197728632,11638.734766776011,9719.48356109429,11386.375186877442
10394.268928015372,10838.517582628116,12587.8703141978,9925.13118663439,11544.802704222147,9717.07039780778,11492.712373441964,8351.381141526048,7245.140606987115,11222.149610172459,10249.864705862488,11230.250593888653,10318.703350686737,11064.536082477322,10213.584065164743,10902.183017086645,10688.99512457226,11119.033233413169,10009.196981144607,11305.578088389502,8560.930197752317,10997.378448196301,11638.734766776011,9719.48356109429,11089.135861699375
8812.912678432718,10838.517582628116,12587.8703141978,9925.13118663439,10376.818573158182,9717.07039780778,11492.712373441964,8351.381141526048,7137.005054566918,10427.162140983251,9682.981949467585,11230.250593888653,10318.703350686737,11064.536082477322,9878.419778381985,10681.338867111514,10688.99512457226,11119.033233413169,9698.28767782913,11232.13971883808,7618.695382682002,10997.378448196301,11638.734766776011,9719.48356109429,11089.135861699375
8812.912678432718,10420.692111924782,11155.891681401938,9925.13118663439,10376.818573158182,9637.840052484948,11492.712373441964,7899.04488705264,7137.005054566918,9763.481453420249,9046.465200333503,11230.250593888653,10318.703350686737,10532.221098312584,9780.61623559338,10681.338867111514,9276.636577851583,11119.033233413169,9213.205427502522,11232.13971883808,7582.735089506254,10997.378448196301,11475.576986476668,9719.48356109429,11089.135861699375
8134.460729985084,10420.692111924782,11155.891681401938,9925.13118663439,10376.818573158182,9527.358947754105,11492.712373441964,7899.04488705264,7137.005054566918,9579.343481711981,9046.465200333503,11230.250593888653,9175.063655175676,10532.221098312584,8955.50756467226,10400.036683227121,9276.636577851583,11119.033233413169,9213.205427502522,10490.40770836289,6736.608234531362,10997.378448196301,11475.576986476668,9719.48356109429,7938.001619802311
7996.956082884799,10420.692111924782,10002.41913307062,9925.13118663439,10376.818573158182,9207.91013773385,10805.608949990092,7724.999518458545,6392.874751205295,8820.47883426566,8640.033266196146,11230.250593888653,9175.063655175676,10532.221098312584,8955.50756467226,10400.036683227121,9276.636577851583,10823.034677303374,8979.443489588868,10352.121411310447,6736.608234531362,10997.378448196301,11475.576986476668,9719.48356109429,7938.001619802311
7996.956082884799,10272.36749506349,10002.41913307062,9925.13118663439,9518.220583001597,9207.91013773385,9522.769505314976,7724.999518458545,6392.874751205295,8820.47883426566,8353.411244742252,11230.250593888653,8857.879120137535,10532.221098312584,8955.50756467226,10171.827586528481,9276.636577851583,10823.034677303374,8597.753498434886,9255.967412308244,6537.446575380768,9810.016258217505,11475.576986476668,9637.53270218291,7862.587553361252
7869.6615503026915,10272.36749506349,10002.41913307062,9925.13118663439,9473.382079310013,8657.367087300183,9522.769505314976,7475.258591567672,6392.874751205295,8820.47883426566,8353.411244742252,10546.010311841783,8857.879120137535,9999.811964396957,8955.50756467226,10171.827586528481,9276.636577851583,10823.034677303374,8597.753498434886,9255.967412308244,6537.446575380768,9810.016258217505,10367.515404377154,8935.100919761082,7455.742913569793
7503.459226532855,9883.387302809318,10002.41913307062,9279.979067904384,9044.845624923137,8390.39765550407,9522.769505314976,7475.258591567672,6392.874751205295,8820.47883426566,8202.634427718465,9645.513266671642,8857.879120137535,9366.154932329318,8955.50756467226,10161.124145727666,9276.636577851583,10823.034677303374,8597.753498434886,9255.967412308244,6419.9292565847245,9810.016258217505,10367.515404377154,8437.028784271144,7455.742913569793
7503.459226532855,8722.828607349345,10002.41913307062,9279.979067904384,8765.966255095238,8390.39765550407,9522.769505314976,7475.258591567672,6392.874751205295,8143.701400941201,8202.634427718465,9645.513266671642,8209.506490576372,9366.154932329318,8948.659619684197,10074.699333155462,8624.920352785286,10673.433702817545,8468.861369613393,9255.967412308244,6419.9292565847245,9810.016258217505,10367.515404377154,8437.028784271144,6793.768351761983
7115.46876180751,8722.828607349345,9851.323638924336,8637.872183398944,8028.665889964489,8196.188901198795,9522.769505314976,7475.258591567672,6033.437817737452,6851.47539446556,7992.24997652543,9645.513266671642,8209.506490576372,8623.256741130164,8669.650487799223,10074.699333155462,8382.876001442506,10295.463946165522,7790.40262000687,9255.967412308244,6294.141852434837,9629.961895123857,10286.86473731563,8437.028784271144,6435.5393091267015
6995.46317869047,8722.828607349345,9571.682430359924,8637.872183398944,7900.024139366687,8196.188901198795,9522.769505314976,7475.258591567672,5902.25929914177,6851.47539446556,7974.902827421896,9645.513266671642,8209.506490576372,8415.446160530759,8669.650487799223,9861.587396649953,8382.876001442506,10267.71164293404,7790.40262000687,9057.774849873804,6294.141852434837,9629.961895123857,10286.86473731563,8437.028784271144,6435.5393091267015
6610.545297595751,8493.24160458514,9571.682430359924,7927.828501477692,6616.302389478833,8196.188901198795,9331.843649740342,7475.258591567672,5902.25929914177,6851.47539446556,7974.902827421896,9645.513266671642,8209.506490576372,8415.446160530759,8621.511477441793,9861.587396649953,8382.876001442506,10267.71164293404,7703.058209043117,8795.763145496194,6188.2556102728395,9614.978414281668,9178.293249973081,8437.028784271144,6435.5393091267015
6610.545297595751,8493.24160458514,9547.422024028026,7621.36945125879,6616.302389478833,8019.044020426172,8973.528835890389,7475.258591567672,5875.362152158386,6851.47539446556,7974.902827421896,9512.614983355163,8209.506490576372,8415.446160530759,7314.405727803384,9861.587396649953,8361.585798692358,9726.564854940762,7703.058209043117,8783.258009034998,5941.016963844264,9337.246510987898,9178.293249973081,8437.028784271144,6435.5393091267015
6610.545297595751,8493.24160458514,8177.931624823424,7620.732395642903,6616.302389478833,8019.044020426172,8973.528835890389,7475.258591567672,5835.768617195743,6851.47539446556,7907.251153967176,9512.614983355163,7770.531094071937,8415.446160530759,7300.769372183231,9655.707186706102,8361.585798692358,8938.310250030114,7547.163640673694,8329.517206406215,5784.331774358212,9174.7689609632,8673.272236416324,8206.11421924593,6173.647947814998
6123.229712723971,7874.367589680955,8177.931624823424,7444.613059758924,6616.302389478833,7336.239153204982,8853.747691997183,7475.258591567672,5835.768617195743,6851.47539446556,7671.335264250377,9512.614983355163,7640.132169957073,8415.446160530759,7300.769372183231,9377.438671264425,8361.585798692358,8593.336953050879,7362.784253852638,8314.046707174311,5613.567594767454,8998.749823252112,8673.272236416324,8206.11421924593,6173.647947814998
6123.229712723971,7614.0592545246645,8177.931624823424,6769.339072164559,6616.302389478833,7336.239153204982,8853.747691997183,7475.258591567672,5829.2062567916455,6851.47539446556,7356.711509560297,9512.614983355163,7640.132169957073,8205.616745693427,6883.283732745079,9136.753875563118,7874.331426226368,8486.93110361238,7362.784253852638,8248.450085781515,5613.567594767454,8527.15629500565,8477.457529708721,8206.11421924593,6173.647947814998
6123.229712723971,7211.191474158449,7327.446556585209,6769.339072164559,6032.77294498169,7336.239153204982,8853.747691997183,7204.428137739629,5781.846525186735,6581.1384687301515,7137.998149480924,9512.614983355163,7640.132169957073,8205.616745693427,6883.283732745079,8912.725305020553,7874.331426226368,8348.579742202695,7362.784253852638,8192.869542389992,5613.567594767454,8114.150703498496,8477.457529708721,8053.904038058361,6173.647947814998
6055.583982266379,7211.191474158449,7327.446556585209,6769.339072164559,6032.77294498169,6764.90359504328,8853.747691997183,7204.428137739629,5756.834100064362,6581.1384687301515,7137.998149480924,8991.713843503785,7404.412566605821,7838.9763542097135,6720.203396590864,8745.408816549774,7874.331426226368,7899.291183721169,6894.544002271181,8192.869542389992,5447.742191892621,8114.150703498496,8231.524840954626,7809.327232372223,6173.647947814998
6055.583982266379,7211.191474158449,7181.89064375563,6769.339072164559,5898.599248409497,6748.308391778928,8842.871115982878,7204.428137739629,5689.36585697895,6574.230914746375,7039.288628458694,8991.713843503785,7128.096212820835,7735.241196759646,6720.203396590864,8285.063654169755,7506.629086649132,7675.481653609608,6879.536156281835,8192.869542389992,5427.03453147735,8007.876686578095,8147.289463479948,7809.327232372223,6173.647947814998
6055.583982266379,7052.687641826207,7058.63778493967,6591.768426679881,5870.051608440204,6512.804824213266,8332.585945718423,7204.428137739629,5689.36585697895,6409.96991516683,6903.312080974772,8787.87996180672,7128.096212820835,7235.579245933718,6720.203396590864,8205.290896440118,6924.496079905977,7675.481653609608,6680.998068893813,8179.507413532752,5271.825614410789,8007.876686578095,8032.541369085805,7757.19481495555,6173.647947814998
5817.780500271987,6926.2964793514575,6996.604048589407,6584.126557868964,5870.051608440204,6390.280632627767,7872.986881997209,7135.5332647166815,5689.36585697895,6409.96991516683,6903.312080974772,7927.515973229407,6774.197588725651,7235.579245933718,6575.849557370116,7887.810339757311,6924.496079905977,7675.481653609608,6680.998068893813,8179.507413532752,5271.825614410789,7513.112667805131,7667.9607876022055,7457.421032966452,6173.647947814998
5603.314563342668,6926.2964793514575,6466.797494047964,6584.126557868964,5759.621139377358,6344.756256506091,7872.986881997209,7135.5332647166815,5663.307052960894,6409.96991516683,6747.203922590095,7927.515973229407,6774.197588725651,7235.579245933718,6457.563703215527,7515.499863814522,6801.302204965074,7675.481653609608,6680.998068893813,7428.91592115557,5271.825614410789,7107.243670018477,7386.990182541359,7290.030207526144,6173.647947814998
5406.08785933275,6666.983585860508,6417.642086897846,6522.034138102979,5614.784136279939,6221.345745212222,7872.986881997209,7135.5332647166815,5663.307052960894,6253.967890710283,6631.326210092147,7927.515973229407,6652.536591079685,7235.579245933718,6343.05703682168,7515.499863814522,6515.0826371959765,7675.481653609608,6664.26256518446,7229.526808855654,5271.825614410789,6895.508358425312,7263.813143132948,7290.030207526144,6019.118143762864
5406.08785933275,6666.983585860508,6417.642086897846,6418.308425312609,5357.0368740664035,6120.103389232838,7872.986881997209,6901.1237156353845,5663.307052960894,5869.089309396117,6560.534950011743,7863.155329856958,6573.629144184831,7086.140357670101,6178.679026316903,7509.151317978529,6502.661687198144,7386.129786199654,6133.138396140923,7094.167100369826,5129.525305765274,6859.0762822150955,7237.668444955485,7234.965299997015,6019.118143762864
5257.464651556003,6666.983585860508,6417.642086897846,6389.963363397623,5252.124858660451,5909.776479259846,7724.003635442576,6878.421824430448,5663.307052960894,5869.089309396117,6403.549491123861,7784.981630292605,6276.184320592505,7034.972470567333,6108.62274963999,7081.687565098214,6459.003720641191,7122.142749292977,6133.138396140923,6433.066376185465,5094.712033846877,6634.843307900824,7237.668444955485,6905.071565904985,5757.01820482649
5257.464651556003,6666.983585860508,6124.9180034800775,6271.892170350169,5100.768745638231,5858.930137536911,7724.003635442576,6577.988947945338,5663.307052960894,5869.089309396117,6239.031130777045,7426.316130309808,5672.973166156925,6787.599247116877,6108.62274963999,6578.723294227746,6310.6677057865145,7122.142749292977,5975.5371275812395,6371.927227061072,5094.712033846877,6634.843307900824,6913.582236689742,6905.071565904985,5757.01820482649
5257.464651556003,6529.795688078099,5951.666566862231,6271.892170350169,5100.768745638231,5858.930137536911,7608.590700445306,6223.768121694072,5601.977909466855,5719.099196146716,6103.701330684231,6985.988133614669,5672.973166156925,6689.195271186256,5909.309855823971,6574.030879790033,6172.964821614101,7122.142749292977,5975.5371275812395,6135.830045561788,5094.712033846877,6435.164484719977,6895.853633499197,6864.250073116537,5757.01820482649
5257.464651556003,6306.489059788089,5951.666566862231,6269.21123906278,4940.7381329267355,5858.930137536911,7608.590700445306,5890.304138447953,5554.384111334706,5719.099196146716,5861.842777454531,6985.988133614669,5518.4284693337595,6662.789884512167,5903.061141087889,6462.6061496572465,6172.964821614101,7056.341570350467,5739.330811293586,5857.677117624921,4988.626753606303,6289.824805980749,6606.835494300131,6790.321736528121,5757.01820482649
5103.794953065563,6180.218630520162,5489.07087795661,5971.695615874101,4871.104105715592,5853.428963645401,7307.5440001434035,5890.304138447953,5554.384111334706,5719.099196146716,5861.842777454531,6876.2471817884,5518.4284693337595,6300.3121068893115,5903.061141087889,6196.615405238182,6102.032940304265,6993.924167806192,5552.120657041622,5587.242679009542,4857.420502325455,6175.222337137882,6431.962130121967,6586.637537479238,5600.906398706051
5103.794953065563,6101.103172477162,5361.468108725709,5971.695615874101,4846.687211338383,5737.9466007873525,7254.210218038035,5890.304138447953,5464.32644416095,5257.909425266048,5647.785770342449,6861.040067011389,5308.907717372229,6300.3121068893115,5903.061141087889,6196.615405238182,5927.632346343725,6902.626326965557,5531.728077994882,5587.242679009542,4857.420502325455,6042.339904415714,5957.139805898054,6555.358429089041,5284.843098495869
5103.794953065563,6101.103172477162,5204.9577527379215,5842.324105302623,4846.687211338383,5737.9466007873525,7254.210218038035,5861.326299860477,5464.32644416095,5257.909425266048,5514.027698859,6733.305833366934,5308.907717372229,5866.961436673248,5903.061141087889,6111.424204251158,5927.632346343725,6753.498308919499,5391.490886684518,5397.449839507495,4712.70338629775,5829.405942246821,5744.394167376162,6366.986929853063,5284.843098495869
4962.293626837574,5986.617258807801,4984.745819599968,5657.098627358957,4712.283379548203,5664.079899074843,7130.301976605366,5727.859340390651,5302.7545724389065,5218.438331537445,5291.260000193315,6535.7114660945645,5252.729679253293,5672.220663880711,5903.061141087889,5903.07961883916,5914.013388583932,6547.635362808125,5293.887532386039,5347.966121447891,4614.299773892225,5829.405942246821,5744.394167376162,6366.986929853063,5061.256480869273
4962.293626837574,5822.851961084506,4984.745819599968,5459.475514582819,4712.283379548203,5606.676864340422,6948.792920024506,5727.859340390651,5302.7545724389065,5218.438331537445,5093.8245574861,6276.586298270573,5212.934072594292,5599.737697905363,5887.356464318096,5706.807146249474,5718.24024870019,6547.635362808125,5257.863661955107,5203.33433589267,4614.299773892225,5763.667773912504,5668.261945413304,6366.986929853063,5061.256480869273
4935.775198977975,5673.029236256725,4785.2695916367575,5172.521665827304,4686.877683483643,5286.399065396281,6672.171750449068,5724.068080854007,5302.074879993766,5141.124415468689,5093.8245574861,6205.73349368848,5212.934072594292,5583.902864679623,5729.81850878724,5656.0264876201,5691.803747617505,6448.648739642138,5163.581101989613,5049.223479237188,4609.814078504827,5758.281534635855,5478.777917767268,6366.986929853063,5061.256480869273
4913.733223148819,5475.686058651934,4646.046025502186,5172.521665827304,4562.874497513483,5286.399065396281,6672.171750449068,5588.045433015671,5266.63526143977,5126.597515295431,5093.8245574861,6192.686067390422,5171.934526389712,5583.902864679623,5558.720776900068,5382.307356585387,5599.223277950796,6448.648739642138,5119.6054773065825,5049.223479237188,4609.814078504827,5758.281534635855,5302.917902407913,6319.712356020754,5061.256480869273
4858.794953456828,5236.930561817551,4646.046025502186,4885.688565002138,4557.548047078117,5286.399065396281,6672.171750449068,5490.046195489967,5266.63526143977,5043.724338269934,4995.0785984950635,6072.205429995487,5090.327820425167,5577.964104198765,5508.202880415884,5272.072101518533,5471.480540016097,6361.404491363466,5089.611113039078,4986.111735019307,4571.690013923886,5605.581230466729,5302.917902407913,6319.712356020754,4887.116276329871
4760.47351914333,5236.930561817551,4603.02135870285,4616.636629560777,4517.360608783002,5286.399065396281,6672.171750449068,5457.340249061511,5188.764084986709,5026.156922998756,4995.0785984950635,6012.885538590519,5081.710307599841,5531.582061893878,5388.672006708646,5247.440088887365,5256.292578284199,6219.001570578252,5056.931442561777,4923.372254666321,4447.727332100022,5526.571879681729,5302.917902407913,6319.712356020754,4805.080819507255
4748.524611065041,5107.232106972913,4562.539477222173,4616.636629560777,4457.400705559218,5266.612001746484,6541.943291824167,5457.340249061511,5188.764084986709,5026.156922998756,4951.346035359589,6000.829955729376,5081.710307599841,5482.535161337927,5388.672006708646,5231.825734132848,5057.347801135112,6121.750774639603,4916.990826770394,4789.70920190941,4447.727332100022,5522.9702219882365,5118.042607041371,6319.712356020754,4805.080819507255
4693.994890917057,5053.692054611383,4505.9432932152495,4616.636629560777,4414.545626072165,5252.92183059651,6365.858327836217,5457.340249061511,5149.474182878586,5026.156922998756,4857.173951583473,5912.868154444009,4959.11342052496,5379.748866727631,5300.513079122385,5011.00095436349,4961.9907458080215,6029.718394072364,4916.990826770394,4751.2058183719455,4447.727332100022,5478.455457828926,5047.163361199449,6114.708774848579,4758.759258983449
4668.9593860068235,5014.6567436304595,4445.898082178177,4614.5638399662375,4366.897881186556,5224.845483844925,5952.979175848926,5364.559544895805,5073.752887755296,4966.222934826097,4843.474547076743,5884.484540939428,4945.75687052876,5288.347373373496,5300.513079122385,4944.26700748712,4883.863566407461,5902.300811662406,4823.943369034236,4724.365285784199,4447.727332100022,5409.345299782236,4933.191432204717,6114.708774848579,4758.759258983449
4549.16454486249,5001.748883616392,4407.622634812908,4614.5638399662375,4344.106487884008,5216.801547477683,5819.459766417295,5364.559544895805,5073.752887755296,4928.8885530682155,4765.6887129469305,5825.160329606182,4824.10314688947,4867.381288919328,5267.0394342779855,4944.26700748712,4790.394442692775,5864.436063392686,4823.943369034236,4724.365285784199,4421.67214867785,5407.760840684174,4856.0498216509895,6113.801681293507,4638.385545046676
4490.444265927206,4870.289922884904,4347.67505697321,4554.406791093446,4335.870751200721,5186.278890426548,5781.565768400767,5273.692679236792,5073.752887755296,4859.918629354792,4744.965309693408,5754.319928383834,4651.720279429032,4867.381288919328,5233.312296434128,4845.961600484975,4790.394442692775,5804.915481483797,4657.736305770675,4579.245592818334,4359.727641611558,5375.13244078523,4848.563146768793,5909.698177511062,4635.345042702731
4387.680569202345,4808.809270123264,4347.67505697321,4554.406791093446,4335.870751200721,5049.2668393604945,5702.040182561765,5226.230175400222,5067.263956771903,4859.918629354792,4644.189107075826,5700.869200504969,4594.033164375555,4803.381275850934,5022.3051180716475,4729.045042912576,4790.394442692775,5767.848420941872,4552.021394297988,4579.245592818334,4296.464903496814,5337.824250800538,4802.8979532623525,5909.698177511062,4608.020027807179
4387.680569202345,4778.106464147237,4347.67505697321,4554.406791093446,4316.680279968809,5021.093122556454,5667.533466346393,5165.268977023496,5067.263956771903,4859.918629354792,4644.189107075826,5662.205846049477,4583.986754794618,4688.593122858732,5008.8260993975155,4674.616125028033,4673.64478089345,5605.47066656656,4552.021394297988,4525.411695564424,4282.324425016204,5321.736674860929,4732.311074984721,5909.698177511062,4471.082174353524
4387.680569202345,4671.491612798316,4347.67505697321,4554.406791093446,4294.289211305995,4989.5766335349745,5602.650719092707,5165.268977023496,5064.438486436973,4859.918629354792,4617.320601169819,5611.953791238531,4526.330367477771,4688.593122858732,4936.487722005049,4632.120303137022,4607.763406197408,5585.803526905719,4552.021394297988,4525.411695564424,4282.324425016204,5201.695558446685,4725.066256808208,5861.2749280751195,4471.082174353524
4343.242432046953,4671.491612798316,4346.566392379298,4444.544376066435,4267.62342001453,4982.163843708889,5338.721234587807,5157.2816454502445,5045.093157878812,4853.730041724388,4578.154134563492,5611.953791238531,4445.941858111135,4670.766970225979,4936.487722005049,4632.120303137022,4490.181630964857,5493.611134143468,4552.021394297988,4468.904643372316,4276.230955498378,5194.20611488582,4604.166225654925,5830.035324620716,4449.194920326852
4293.029156573457,4658.379336384657,4328.898826000208,4367.517336197387,4267.62342001453,4885.5848983487585,5289.636241553771,5097.872970884882,5028.831695455341,4853.730041724388,4442.771297610476,5583.0805671623575,4366.729482983263,4485.047626437892,4810.759090459441,4632.120303137022,4329.554000929946,5451.503903830799,4490.723870717828,4455.966656682492,4260.455761761061,5117.320124409551,4604.166225654925,5678.1446872303395,4449.194920326852
4228.159021821528,4658.379336384657,4263.058927068722,4241.106143341474,4220.314559074797,4825.586524482034,5178.930977023494,5081.164269999568,4969.537094878228,4853.730041724388,4333.434130562522,5488.165165130825,4339.8837630145745,4485.047626437892,4681.572198392633,4541.95684909754,4307.220232002502,5451.503903830799,4412.612185174165,4387.691198986816,4200.124604773178,5077.517293795551,4586.325631322535,5678.1446872303395,4405.312055314507
4152.881457400122,4563.1846989268215,4239.747174250411,4241.106143341474,4132.184673967366,4780.114155639186,5178.930977023494,5022.313991887441,4918.5564301821305,4853.730041724388,4333.434130562522,5469.5872773054425,4268.695131409737,4483.807432950225,4637.055278497412,4528.473357548488,4232.043883376888,5438.292338609162,4369.6367137563175,4387.691198986816,4200.124604773178,5021.189278424262,4561.503822244992,5597.310268714869,4405.312055314507
4136.446858808564,4549.688497200152,4239.747174250411,4241.106143341474,4128.935391200599,4738.3419884287105,5124.095194072314,4946.943925356204,4788.069291732523,4851.0702075430945,4333.434130562522,5467.672031081613,4264.828684481642,4461.302555221351,4582.482457569651,4488.462457564969,4184.003712074137,5381.095129559752,4369.6367137563175,4315.5285107848285,4186.858394163679,5008.084694907373,4477.809526646233,5554.452938900646,4385.038344845929
4136.446858808564,4549.688497200152,4239.747174250411,4241.106143341474,4102.009671942063,4677.027551945932,5016.973751905941,4851.290335788071,4770.730433840524,4766.80625094267,4282.023217608303,5453.946809185844,4255.080510837408,4461.302555221351,4508.636489750159,4452.235042869044,4105.542505569382,5285.844192469722,4369.6367137563175,4161.227425919689,4174.749573033792,5008.084694907373,4450.243798145738,5481.697113003412,4344.8730965883005
4132.301101708311,4474.173092187387,4218.234200418008,4241.106143341474,4067.261431941063,4652.60865430297,4885.373931993277,4736.481493445202,4770.730433840524,4754.895359228705,4282.023217608303,5346.5145080466145,4244.735301779188,4344.981847907583,4421.149975943346,4449.841229658681,4105.542505569382,5216.4413185473595,4346.746636710727,4129.587079153607,4161.17822910855,4982.750805294694,4427.9512488334385,5387.683313469882,4344.8730965883005
4065.2166008122394,4441.212873886194,4172.054302616797,4241.106143341474,4067.261431941063,4614.759812193785,4830.146193520186,4693.316857540192,4662.52865978448,4728.115517331546,4282.023217608303,5327.927675833339,4152.606961579652,4344.981847907583,4421.149975943346,4378.10731910084,4080.5437877849668,5127.670571968486,4344.54864607999,4129.587079153607,4161.17822910855,4886.590418265006,4414.039408489515,5356.215413791388,4333.281203716321
4055.9031018391775,4394.765135211703,4172.054302616797,4234.614978426454,4028.8453433249233,4570.278818889292,4791.6369521623155,4606.890793420187,4652.261046866955,4692.957123541451,4282.023217608303,5147.021083673643,4117.28442056065,4344.981847907583,4417.731551433146,4378.10731910084,4022.3062647245733,5112.414164909631,4329.0591840507495,4129.587079153607,4146.914200697836,4859.731869178997,4406.691016360372,5322.627418333308,4317.525563419721
4040.0266332360684,4342.976224384594,4143.605811602961,4229.631570246447,4017.671792177586,4516.67246213853,4770.0924489754,4509.619934033157,4627.112223259438,4584.037028697299,4275.845646582347,5072.669272439309,4117.28442056065,4344.981847907583,4301.154208932261,4374.482471425634,3991.610496084053,5020.521808433956,4315.321150663571,4129.587079153607,4063.794453260403,4731.5649821400275,4335.681978984967,5292.793079028752,4304.197765767391
4002.509636172479,4304.736689436909,4114.223072738218,4164.653869661941,4005.2913540159543,4472.011773697356,4678.981794553574,4503.865861614599,4606.750162719469,4564.493718364209,4275.73920030045,5052.866963963672,4107.771660238553,4344.981847907583,4286.689816628859,4309.3470575691545,3935.6590689662003,5004.130395870368,4278.738791681628,4119.23079386795,4039.3739341790597,4722.676833695675,4287.086062311161,5140.734288387936,4251.580259797876
3964.6188530813765,4247.432962259378,4046.2809359397074,4150.774667342828,3954.825873539278,4404.3940573466825,4678.981794553574,4502.228617235386,4606.750162719469,4564.493718364209,4244.99160537191,5030.045024389541,4107.771660238553,4307.1991191640755,4246.746159488763,4191.733708096562,3895.852204680638,4933.950638386621,4235.786005764305,4104.464289501599,4030.996672038845,4722.676833695675,4251.434098316331,5071.421707590098,4229.75055312581
3954.538956685673,4216.945648553668,4045.9454379521703,4081.2997844081897,3954.825873539278,4383.10564774004,4563.631183422547,4462.400769080772,4575.112526229968,4541.785903697179,4195.825353339611,4962.69593938026,4102.903161288997,4288.319921386584,4192.503426108531,4166.084192493519,3847.305504939745,4917.009254470761,4223.782168986296,4064.9008382006937,4025.753581778372,4715.42552442287,4190.744960354881,5062.115151822614,4198.598876265826
3954.538956685673,4205.487547368294,3997.436144713032,4064.4564120550376,3904.935150638871,4340.677264499996,4515.3846588265915,4398.5649038339525,4575.112526229968,4539.997455411472,4189.3406216297535,4911.085572139367,4098.745177791809,4258.916927197966,4118.786830646315,4117.466694288163,3840.281283373342,4882.871597324348,4200.673001181166,4060.2259943124513,3977.2194381047484,4713.188705975685,4185.035086800296,5044.563410821445,4169.999332465069
3921.6078278971627,4168.005964299413,3997.436144713032,4046.724713782633,3889.225213113361,4307.737938110832,4415.231724945692,4313.224706723515,4574.917856762415,4521.373650592446,4152.75373819213,4887.562802019906,4076.632725276446,4227.43837172626,4103.6779516589595,4077.1225850260753,3817.971718610049,4881.101131340762,4151.02596043162,4060.2259943124513,3908.583096962432,4652.407410168266,4125.900759550288,4970.336552269527,4158.584257988901
3908.881449984474,4154.974217135556,3990.180935564519,4020.685323582472,3878.485136623025,4289.834597074033,4330.7344028288835,4295.410152378488,4540.421782188901,4521.373650592446,4152.75373819213,4841.364500664882,4037.4541642897248,4212.054579731774,4090.5509017568884,4008.6129457562597,3808.2618717738123,4839.18953323155,4095.0441506601146,4040.4723140953433,3908.583096962432,4607.780340141035,4084.975443476945,4943.095827882316,4130.035882405614
3861.7901348434984,4141.484772424027,3984.634777830255,4016.055058307418,3827.3920660109916,4286.254895064835,4261.1304924173955,4292.071572924931,4521.733945884289,4491.115855130736,4152.75373819213,4841.364500664882,4029.454118664781,4194.7894986897845,4090.5509017568884,4008.6129457562597,3808.2618717738123,4809.32546162889,4068.02978967863,4005.3355609915543,3893.095557996461,4578.031155453771,4044.403255425628,4896.286291665573,4104.5222865197375
3854.5642619743658,4110.353870286506,3946.7727581992385,4008.3746866567444,3827.3920660109916,4286.254895064835,4213.319553010921,4249.600738268531,4521.733945884289,4464.19783177464,4124.794051282764,4798.257167217329,4005.358591574719,4124.03811122871,4076.4718080329985,4008.6129457562597,3762.0240445924246,4798.557545047205,4036.1045731952618,3978.1877289256354,3885.1741493012796,4560.6492601826085,4011.998287765393,4896.195850338041,4072.7368623502507
3841.7584107858875,4110.353870286506,3924.7724917286937,3994.1184521854943,3824.3618511652417,4270.705756834321,4213.319553010921,4202.331411874684,4482.652530692714,4454.692686473486,4124.794051282764,4757.374734329484,3982.6811486305623,4102.124621044333,4029.002157233841,3997.724458189423,3762.0240445924246,4767.889316932809,4036.1045731952618,3974.309096258166,3873.884241229138,4533.428556606006,3975.784488685028,4883.742888763201,4056.4152871622564
3833.1418425105976,4088.2520385614625,3912.23652933633,3958.8335046219404,3819.109876387389,4203.175639288779,4178.528986595251,4155.809548879714,4459.356800597119,4433.85131544285,4115.823552352871,4757.374734329484,3974.732282151827,4070.1748205196127,4002.747003073412,3945.990664703042,3757.7776508603765,4731.790649225338,4029.2931935858132,3936.981668637409,3842.0716493351338,4514.8802786126635,3950.182862498057,4883.742888763201,4036.384071352411
3812.5142129173487,4066.1199417692414,3895.2579296144468,3954.282757223975,3804.786867931941,4171.286690439789,4149.856185405291,4126.44121929127,4449.828300040045,4408.043982565155,4112.783253244057,4707.91749898935,3968.50246369661,4054.393489838795,3997.2424057676826,3910.712384692491,3757.7776508603765,4701.003415055514,4029.183286491628,3916.017853720691,3823.4369598924277,4489.727363488812,3941.451382819989,4883.742888763201,4023.5598231319473
3789.732188541292,4022.1524826989144,3874.2879073971026,3954.282757223975,3781.925618924859,4102.240579670228,4103.300356215803,4095.8919968936507,4424.1527956137015,4386.824405470855,4096.494410094692,4696.818882997442,3963.3694294299694,4047.352970015594,3997.2424057676826,3882.720252946777,3744.368173593316,4672.574929225866,4029.183286491628,3896.501139203826,3803.906083643932,4445.012214779854,3900.7155691479675,4824.302416824014,4017.9876388405855
3779.6401150058946,3992.288295871391,3842.238746604544,3924.791440149974,3781.925618924859,4102.240579670228,4086.16161382265,4078.8118175458103,4393.0503645536355,4386.824405470855,4045.8478202832807,4686.425710257595,3946.7960039031095,4035.290762126707,3978.0746569184676,3879.3180257992644,3730.3109901808566,4639.191909361251,4019.5727511860814,3868.163792499009,3803.906083643932,4407.441457394603,3856.780471905454,4800.901919952945,4007.7329940645272
3763.8548438724265,3957.0851481196382,3826.9500337149016,3924.5504329579812,3779.9144383268776,4092.5487347667213,4080.1268451099436,4049.4757263762085,4369.714584240905,4364.009555279239,4045.8478202832807,4647.669744109819,3938.4456687652428,4003.300647873626,3960.3632497963085,3861.5778362380925,3730.3109901808566,4633.196617988345,3998.927657382337,3847.3704417592035,3799.649112947215,4385.151093927546,3841.424610846935,4767.28234507341,3975.0704641787866
3748.2809057085988,3923.1365340154703,3826.9500337149016,3919.960386691149,3768.8827960626077,4073.326067151477,4070.752256727106,4045.567834134608,4356.682290403525,4347.056900095288,4035.8722131548116,4572.417680848281,3922.765760612122,3973.5981414372545,3912.0562880812727,3842.7084107382666,3712.8184959974124,4589.260326845702,3977.5404596114504,3831.4358379660757,3796.1035141561983,4372.359006501607,3839.292639579622,4742.292410237905,3958.0088938741646
3736.7550251200582,3907.7135239259455,3815.0300135872694,3916.2264365818764,3752.511232188266,4044.7221196563764,4068.615999498462,4007.5591061570476,4328.493999897969,4312.9187118807295,3990.694542574918,4541.750001702288,3913.894793789984,3971.162022267836,3904.6310325608297,3840.3992066294823,3712.8184959974124,4576.7207874071755,3969.9443903377614,3823.0992100059448,3775.4841296401164,4353.253325665267,3826.6360887042474,4721.703004406834,3949.2957817512306
3722.657533903305,3891.190748924024,3797.6480743723487,3899.8726998956813,3737.8183751543047,4039.206832183682,4044.7226967697043,3959.2441368084455,4316.349148871673,4312.9187118807295,3964.1107227298,4526.501663598865,3910.7272215078024,3936.835950747358,3873.57799286998,3827.935408411615,3712.8184959974124,4536.896904156061,3953.6412002230463,3800.6501897581315,3766.3674686541312,4323.76615670808,3813.188773723239,4716.913209098738,3947.1929142125446
3721.7039246979266,3880.3125600738854,3782.8491929581496,3877.9431233298737,3721.6032371937317,4017.054174958413,4027.535054455793,3959.2441368084455,4307.143671538299,4306.187479453103,3946.263451549062,4495.841489839011,3883.4336801146574,3936.835950747358,3858.0414924253655,3824.0661607948487,3703.021099820736,4520.519250464716,3936.835425734221,3779.520569584862,3761.862355106953,4299.824470276933,3795.366389024403,4710.431418624028,3947.098562017867
3715.22190727798,3875.623062848361,3781.8236976998182,3866.595379717064,3699.732879558621,3982.644719935889,4026.0354580554913,3954.1788499612544,4295.142739198134,4290.793823798566,3934.544657528208,4457.23922413961,3859.265977129483,3926.195615843286,3848.150858892388,3812.2430442065606,3690.8345256989296,4496.079890746408,3902.9126855862896,3765.1525490461363,3758.062197148928,4276.732651631127,3761.39668463819,4655.702244842852,3947.098562017867
3698.8442787921804,3858.0397124075566,3769.921385705217,3861.6582895994025,3691.6445437744906,3944.2767144807494,4006.453777532274,3930.5080425819788,4285.563811494995,4290.793823798566,3919.9868318217023,4413.269500225804,3851.849450739497,3921.7967127243473,3838.7399291399292,3812.2430442065606,3679.184753671358,4478.769059163309,3886.386305235144,3762.270173176591,3750.6098151573638,4257.0602385673765,3754.066068989347,4632.13670085581,3940.163929099576
3691.9901006040786,3845.113752158404,3745.427940938668,3851.0659093062623,3670.210953988269,3931.006221682306,3991.2558321821125,3902.297755268478,4278.007162740918,4280.160233814452,3915.345647754547,4391.635418741657,3840.287317032233,3899.050511002003,3821.617536181393,3812.2430442065606,3669.43190293089,4467.066905437126,3879.331257703156,3756.9638539663947,3741.0714074595526,4249.331753288268,3739.3262037560817,4613.346817760856,3927.2877990238144
3689.6150810348286,3834.527409440847,3724.1170820842804,3836.4157418026994,3646.169973189951,3901.699983024867,3973.108458330075,3888.5593641784662,4273.755602957803,4276.149442548183,3908.6291704256587,4369.442104170279,3840.287317032233,3864.8368748760795,3816.6459557017606,3812.2430442065606,3664.0520076323546,4438.924031017736,3875.8407620523644,3736.332830645268,3731.209760325579,4245.364112156573,3707.2753715905533,4612.155799617344,3919.9618088924435
3678.7269755752386,3814.618391148252,3724.1170820842804,3813.076224738704,3635.109593053924,3882.770263083019,3964.716221452716,3873.4216725226684,4244.787126166473,4264.445723519922,3894.125332472503,4347.5525560918895,3836.5531891659366,3853.9379861152374,3816.338783853291,3808.788274357009,3644.125997700285,4407.95990141811,3852.850877047701,3736.332830645268,3721.2610052772234,4225.939308033926,3704.9261873514815,4612.155799617344,3909.811446665499
3668.884202155721,3795.5286315761236,3713.8031032365116,3803.596243256435,3634.9834377110155,3869.850361590171,3952.423401516133,3852.095382927209,4236.207232167937,4236.511432866189,3887.8366877245817,4335.454647902106,3836.5531891659366,3844.847703955704,3808.1092215811564,3803.9426012263466,3633.3529698148245,4394.058742049454,3826.3597236962287,3728.1800251133095,3703.845297346149,4215.400465626892,3688.159672808014,4604.730856161154,3907.3628378351773
3668.1357741582738,3778.572409966403,3709.998434920974,3801.119418960603,3620.1698159213583,3850.9205826306643,3929.753312499416,3846.2879143128143,4233.212500308762,4220.719692495022,3867.641189932601,4322.162267908905,3834.9627831499997,3811.372144962971,3783.6093331407956,3791.5759481971672,3623.0890177484334,4365.163847991328,3822.3690317990195,3726.89992748716,3688.7210439538694,4210.915459284248,3681.239863765717,4586.469445766899,3898.838701962196
3657.628845573461,3766.4634046142082,3703.2541457055295,3800.582380582517,3610.574217084198,3833.8602737236065,3907.859423686533,3833.1527039787115,4218.738123018164,4219.463356904407,3860.0711509666125,4300.764539481359,3832.063871053459,3792.229881143503,3772.6970060984286,3783.8288225032543,3616.700585728335,4346.209470269852,3799.7115157193443,3718.760718528968,3686.307785219218,4200.211751943508,3666.182687966192,4561.908396733526,3881.907022118656
3652.496787415532,3766.4634046142082,3669.8247503669786,3789.527381072409,3605.0431207849065,3808.841688142174,3905.189312094358,3827.604308168585,4207.189908575792,4206.609609192557,3842.3620677792883,4274.914815043107,3828.238959271287,3779.425324553446,3769.4868537645143,3745.5526904478884,3609.5253879647507,4325.437468035899,3798.2601574177693,3714.9821952846255,3674.915044845783,4183.470127982148,3662.7467396271613,4551.461100506758,3853.9447698096174
3642.6798304617623,3754.0022338673125,3666.2449474986784,3778.2825442986355,3603.571159722391,3793.9002292257514,3895.6023621095537,3823.4794812647488,4203.759016539488,4194.308556280099,3834.360564566783,4260.722483672132,3826.280347823842,3764.7409442218654,3759.8464067151517,3739.500019644025,3595.027287951776,4303.526346110517,3793.8427055206057,3706.5791645841973,3668.9554405429503,4175.709984869924,3656.1199124835634,4534.754178511047,3846.300842340547
3639.1390784120867,3752.213207198225,3653.212313418286,3771.2571213617766,3600.7208139438985,3773.0417048073455,3883.93800752243,3823.4794812647488,4182.819983081003,4183.748301286374,3825.446180470195,4234.879234258731,3818.3757377420807,3759.7801238930706,3745.2595410187732,3732.385757992425,3580.8430271021643,4290.065719809783,3788.094787289575,3698.639698310728,3668.136653213577,4153.213462287636,3644.1936271163217,4520.803020680587,3838.4812153637786
3637.0435863807807,3751.6161021740454,3645.4832106717886,3762.0207567030893,3596.942313876095,3765.306688476464,3875.9544601060716,3821.6048614762194,4182.819983081003,4171.5898562577395,3816.5831623790136,4225.638330623056,3818.3757377420807,3746.59828614425,3739.258627971972,3724.834929649114,3567.6296314543342,4282.000450686304,3781.1959126675747,3693.097865150954,3666.4813966980687,4138.216639844418,3635.335700095731,4506.453997648369,3831.1399643114137
3637.0435863807807,3749.410633723492,3638.884054870083,3757.225245243082,3591.622350300429,3761.0146242441224,3864.739265566328,3814.645201496575,4175.6854663265585,4156.360516392238,3811.3799991436026,4206.739346556233,3810.358987203883,3746.3557890616576,3739.258627971972,3718.701043830942,3562.6262883243603,4263.069583050805,3774.8578702889567,3680.6675848955347,3655.4398067912507,4130.400681670674,3612.2606739681514,4496.827552664347,3828.0275463757516
3634.0435855453343,3743.719984698728,3627.7062773246353,3757.192958509492,3587.5891579149384,3756.7748246535903,3851.469011229419,3808.7053333282183,4171.0207197074915,4145.235127617621,3805.836318503214,4196.071157206616,3804.3521800814897,3733.248656377561,3732.7096773836447,3714.976293015129,3554.7697718223285,4254.521188746631,3768.600557343254,3672.3419582610195,3647.2195887256958,4126.088680972678,3603.0714483046454,4476.332517300576,3827.9052616990116
3628.676237655909,3737.574511082043,3614.841643123599,3757.192958509492,3576.471207422686,3743.983079033231,3847.6970363645896,3804.5398526099616,4163.248684746382,4140.618407011452,3790.80765848023,4183.646798925791,3800.2194230138366,3727.668821658577,3732.7096773836447,3705.047935305614,3546.9231306945976,4245.507809459245,3764.4099343062553,3663.218825108344,3644.008108315046,4114.153609056177,3598.0506487165408,4465.159411950304,3821.0263740121763
3617.3355162635926,3732.342958220628,3606.9128156025995,3754.5334937947205,3572.7461687282853,3737.9372347587946,3842.3637732296925,3797.3550247696203,4152.226631765761,4125.862301961482,3777.5095656011335,4177.465478756766,3792.2170241201543,3727.411213468081,3731.0126947122417,3705.047935305614,3536.1224668555615,4239.147595814495,3762.62362550553,3655.6879564954497,3637.070293850076,4110.44743386811,3580.9861351438667,4462.030662294224,3817.5541710372427
3615.715295291142,3731.944916538832,3604.3746381867645,3754.5334937947205,3566.818265211,3732.6301040887165,3833.276860092021,3794.2128327038336,4150.421902040824,4124.53636165726,3774.0348239414107,4165.554194248534,3788.3356862396304,3724.361718750359,3724.6415685073184,3694.7588932270774,3531.2846750967783,4222.952593797042,3748.1432367982397,3654.4902584607653,3626.79791150402,4103.744151414476,3580.1106867064263,4446.800459187695,3812.458881620084
3610.3218033503954,3724.971948921774,3596.831914333952,3743.952761413643,3558.902971546676,3728.205401933586,3825.063372473716,3790.195617415822,4146.697165314112,4120.468231919316,3769.1910033722925,4147.9750315970805,3784.453742427395,3720.00826349058,3719.5940177605394,3688.3477765436855,3525.814207337251,4215.603268274937,3743.0137639365976,3643.4225226664425,3621.633824853089,4094.8496191053423,3578.860606945515,4439.523442133081,3809.887255512691
3607.130008433441,3716.8712631458757,3590.527066337185,3743.952761413643,3558.418672874877,3723.7805875060676,3820.1446074960854,3783.096931215191,4141.8923239260885,4114.602231967734,3768.1079095273785,4145.5133213302315,3771.8663015814627,3714.7725810781753,3715.410001117755,3682.7455530310967,3521.8801239681848,4201.397399918835,3738.6208062245637,3640.4207326148417,3614.7834170003357,4090.0756397064156,3576.3492136656632,4428.761402356671,3802.961126551102
3602.5784365071468,3714.739482301986,3587.860108228752,3740.2341606494138,3557.2041661756325,3713.7478836251357,3811.123873245432,3777.3953573402114,4139.109020549947,4102.164290486437,3754.3247019439555,4135.029734266434,3770.1654390925696,3709.0071160168973,3708.1689449380133,3678.250269850025,3519.230806248267,4190.039373140279,3736.2087533181466,3637.710305239107,3613.0098485535214,4090.0756397064156,3567.9282050903794,4422.897001149151,3790.577057572248
3594.3644902702563,3711.830140081758,3581.7976573495635,3734.7291238764656,3554.506480973968,3706.636166467113,3804.9776027104394,3774.893356576184,4131.508357113007,4094.96155871036,3749.0682409012925,4121.117718029995,3766.7952073074957,3697.0859558846696,3702.021582657113,3673.5906828106745,3518.6424295044167,4179.192865721455,3727.1144310946006,3637.0888265778563,3608.4446645644657,4087.863929130527,3563.975142784727,4418.15241403692,3788.6722619641623
3589.0070287335243,3703.7492378083107,3576.150328684552,3730.300611878018,3546.2849729989357,3699.0375254083965,3792.1778593581967,3768.1244600845885,4129.819176330577,4090.4464465932083,3745.1114765896154,4110.229025725603,3765.227293881866,3689.8999902436462,3695.201855939077,3673.5906828106745,3516.28401918791,4166.1132722751345,3727.1144310946006,3628.862335176072,3601.5688245285583,4080.1880659355,3560.032902229815,4418.15241403692,3785.354882713657
3584.42148057137,3692.5614893299767,3567.9667232292195,3730.300611878018,3546.2849729989357,3693.1428660390884,3776.3537520943783,3762.637284863254,4125.833574217531,4084.328378394057,3741.3357876820473,4105.027965253533,3763.7524874927044,3679.9257958018925,3692.6431490980767,3672.5799413824716,3511.2432091386286,4159.9831902722335,3722.6726400745238,3623.2426153447846,3600.365464509356,4077.6290077050703,3555.0681287000334,4418.15241403692,3776.4898406668644
3584.42148057137,3687.7580300153945,3566.908963962232,3728.8701289109067,3540.9685330505026,3688.2214674073866,3771.0164302420453,3755.3742379849346,4116.357367228284,4082.415974912381,3738.9640067520195,4096.774445130557,3762.7394716787235,3675.6677954362704,3689.904217645153,3672.5799413824716,3510.6511276870865,4154.637180065623,3720.5659186270796,3615.3104794321057,3594.6482029470226,4063.440245035166,3549.2812953527164,4418.15241403692,3770.778285384404
3580.321602786834,3684.095448466279,3565.8252659517184,3728.8701289109067,3537.9466730760423,3676.154506873748,3767.2148995004873,3750.821270043216,4113.170636587528,4068.062889997836,3735.4551163122187,4088.897329195309,3758.5240749945024,3671.3558896667178,3683.484050478465,3672.5799413824716,3510.5241056901586,4139.480967932805,3715.6219832418465,3609.5165181217926,3589.8750101249634,4062.3231661051946,3545.0569336192357,4418.15241403692,3765.8453682190457
3577.8614713434717,3681.4096153832975,3562.4702681795816,3726.3509935279826,3537.5236556930713,3667.9629047288645,3763.975161349228,3747.9596167520103,4107.977230244541,4062.377987407416,3730.094024906386,4079.393201751963,3754.6204473616185,3663.527355272895,3681.7632202525047,3668.0420233972754,3507.4450009899692,4135.873705111415,3710.9355346786924,3605.114896037592,3586.777929158058,4061.197006359018,3538.1898193254897,4408.974804644138,3761.622129825113
3572.5224650163764,3679.5874326987177,3562.173392484001,3726.3509935279826,3535.8811760543404,3660.3790442223735,3761.817581296326,3743.8445931064107,4102.1140596064,4061.2434321998926,3728.588174776107,4075.3028472244864,3751.151032838898,3656.9776078164296,3677.8320773399328,3665.7218694845433,3504.2062098323227,4132.780391714913,3708.2198351798006,3600.3014787996335,3582.9549202001685,4055.604466111662,3532.874652149193,4406.305837839818,3757.8726481315443
3570.708653918092,3675.6682423099464,3558.8350264713977,3724.9473049672624,3533.2342421909334,3656.185006443934,3758.2350347856545,3736.074324608703,4097.384105977322,4056.7335072669853,3725.413228100966,4073.63882499434,3749.061660940633,3650.4167420794206,3673.7132370517797,3665.7218694845433,3500.3635495932276,4128.303009193677,3707.403419039755,3596.8626092493523,3580.71680341188,4047.75147487679,3530.2943176217623,4398.485669281654,3755.1981217800844
3565.2411929967348,3673.409992540351,3555.2825277763577,3724.4016260371095,3530.5695212198325,3649.528870412083,3756.56123273661,3733.3465326974056,4093.0221758191337,4053.417196842114,3721.0906905084294,4068.205127995292,3744.10960925114,3643.2255461506525,3668.5672722236222,3663.106669031995,3495.205731846531,4125.556651928192,3704.958152854394,3595.3091526084327,3578.4273297168866,4043.573836073624,3525.819897554753,4398.485669281654,3748.574527824747
3563.388601394474,3670.3177895662407,3550.4543394090233,3724.4016260371095,3527.34599837598,3644.2750605848373,3754.7377694394468,3731.4411118857734,4083.3117376207165,4049.006405839407,3716.0458195911797,4053.254909213716,3742.2957361609806,3635.2014236502314,3664.4510260690877,3658.4165297322493,3495.1968776009753,4121.879832254139,3698.4205125665444,3592.2877463449495,3576.943159074467,4040.078977214156,3525.51599588294,4397.732370416609,3748.574527824747
3561.02030330169,3668.249520529869,3549.3872711235754,3724.4016260371095,3526.4146485137226,3637.425570671713,3750.377165615604,3729.2540424753056,4079.028482501128,4043.512435403507,3709.433719770966,4043.8641495808206,3740.0136674211826,3635.2014236502314,3661.4999018227118,3656.481283867375,3493.364201800683,4115.417374132292,3698.0113321534245,3587.4754336265696,3571.4744473481464,4036.4764930154624,3522.7087484331714,4389.488249485854,3743.683920273231
3558.073786121876,3665.335296947227,3546.073317543295,3723.4463623931833,3523.6404616517607,3631.8866570427604,3748.176728794283,3723.8101751771246,4074.926576040416,4032.5951311534645,3702.6951256871084,4041.634058535269,3736.126278632053,3632.3875632887,3656.6374777746196,3654.795864270098,3489.409516651382,4107.9540407429195,3697.4635805081807,3583.9398645578185,3569.2494282150897,4033.4303367799803,3517.481981943597,4385.3177065350665,3741.3839588512733
3556.711280860947,3662.197198174248,3545.542270344264,3719.5927630600618,3522.1907472340517,3626.5943399518324,3744.8590293730963,3722.2414423373266,4073.6303914217942,4027.9578395765366,3699.9171460342795,4034.5146365195023,3735.4216481198673,3627.018906635708,3655.0402209066738,3654.389485010192,3486.449187810048,4104.1053602049615,3694.458416728567,3582.98122548898,3565.5817009564835,4033.3073025239864,3514.304834702485,4381.235140114246,3738.714038252182
3555.7666670322687,3656.8770693867014,3543.599998092916,3716.246442532299,3520.613841016404,3623.0341303493424,3741.9651062717876,3720.4508665965404,4068.8139301705824,4024.34157372461,3696.714651262355,4028.969115316078,3732.017162906701,3625.2819063086786,3652.5285011968117,3652.100069074717,3482.9544616759854,4097.815412663497,3692.209007474758,3581.5616601446263,3562.588952499779,4028.115590014822,3513.5235752417966,4379.954371330756,3734.207923302744
3552.8858395175102,3654.1250811248638,3541.7298012127694,3714.700322032355,3518.3850173738456,3616.755448752665,3739.5111096546507,3716.8166141549796,4063.723447678663,4021.6642789884154,3693.656484150477,4023.870641228558,3729.3674661890786,3621.648259852658,3651.8611813617467,3649.4893599333436,3480.7859136202073,4093.654317726696,3690.0734558766644,3576.276455486711,3560.371750595872,4024.2872214068575,3510.5404817506305,4378.257345747661,3728.0035895388173
3550.783242866197,3652.2987628230326,3539.7611976140174,3713.719864266735,3518.371225321007,3611.4241723511627,3735.68969734887,3714.409032353247,4061.9806961524782,4018.538275778924,3689.5747732642667,4022.629122027477,3727.904337691326,3618.278441158189,3647.9102532117395,3649.380800768282,3479.989379695045,4086.340049514704,3688.4992118228756,3574.378205670714,3557.5402255394474,4023.3133765448165,3508.477306864043,4374.8724160413385,3726.2232767112055
3547.149587668938,3651.8581918156615,3538.130220388653,3713.196324952145,3516.219754023566,3609.731799655341,3733.3733216673554,3713.53402177246,4059.7768579123767,4013.695100068303,3686.884246669263,4017.9911750756687,3725.0995872203994,3617.200031758938,3644.5886015987408,3649.380800768282,3476.436157053323,4084.075685291169,3686.595118801532,3572.097208902908,3555.7667815842633,4022.3410913228618,3506.2606549342718,4370.796989414638,3723.7395498005244
3544.68988666881,3649.4758500617572,3536.120546764729,3711.896997442739,3514.027804691468,3605.6953493591345,3731.2125681845982,3711.33202040183,4059.7768579123767,4010.1344292324975,3686.2250977719114,4015.5800265195867,3724.509074507787,3614.615293427625,3641.867937169057,3646.399776149595,3473.3893292019566,4077.2965148636968,3685.1641881878386,3569.7895074142853,3553.676867979045,4020.520427776998,3502.3220309328535,4369.532325086636,3723.036871224724
3544.68988666881,3648.5777412904936,3531.7050418068866,3709.998554090669,3512.6277857447258,3602.648384937859,3726.6294129255284,3709.530401806827,4058.0625920385532,4005.2295161955403,3683.497415250473,4011.5386664438147,3723.083569305443,3611.4475391949986,3641.867937169057,3644.8006570759617,3471.423854768006,4071.967742579682,3682.515962101318,3567.377480852215,3552.736084505395,4019.4892354510876,3500.781851465287,4366.551630698908,3721.1457467171685
3544.5092051792403,3645.9113239117905,3531.7050418068866,3707.019539213795,3510.5034187594392,3599.5465445734267,3724.528589597199,3706.9157418800114,4055.1580445325317,4002.9309540950385,3680.8780170372597,4008.3401908049236,3719.9977968672392,3608.797892700052,3640.71224092695,3643.3104188624598,3470.4489888907065,4065.565566295584,3681.324399027313,3565.8702475904734,3549.601565964251,4018.3777265537506,3498.921040105514,4362.555376230384,3720.0199366160787
3544.41684689139,3642.6112002046075,3531.7050418068866,3705.7882848788813,3508.4438442178343,3595.156269634376,3722.4087354759836,3705.106140655659,4053.6650848703357,4001.37241517795,3679.3165985507803,4004.232287280647,3718.7563726565413,3605.895463923421,3639.3854088165717,3641.524963394535,3470.1911605079576,4063.9882493579425,3677.587075408581,3564.729769219869,3545.7889576697394,4016.270659763974,3497.6244393790685,4359.622859020156,3717.833108558616
3542.5971528900163,3639.34530107171,3531.7050418068866,3703.2500218826863,3506.585821358255,3591.1422937700872,3718.2193536380723,3703.158163586201,4051.896988570541,3998.1843632017144,3676.690859640964,4000.001550545923,3716.0445770183833,3602.8455115942506,3637.997148067514,3640.6841717704256,3468.3132171511493,4060.8721144420015,3675.153902018661,3562.9862361183295,3543.5409224926902,4014.5254593482287,3495.225443964938,4358.869871746232,3715.097699420742
3542.1052895604935,3638.096182659523,3529.833672695864,3703.1310231319067,3504.6365829150295,3589.048219870946,3717.067649341061,3701.737402989182,4049.734182480185,3997.2758462896804,3674.225215909216,3997.6242034472166,3714.9143629571495,3600.270652256785,3636.497519970378,3639.029868391808,3464.9523967819123,4056.327205323898,3672.7961509935258,3560.4143272155893,3541.1688294542882,4012.72298801798,3494.251954636744,4357.35601267202,3713.5484926882814
3541.024212430444,3635.928442920777,3529.5440499051774,3702.2520502307775,3502.326545666202,3587.033598070597,3715.0520688611978,3700.2784634504033,4048.063202849087,3994.4432510714087,3672.676102018743,3995.508833108576,3713.794593731383,3599.770916859908,3634.9055994340106,3638.5131002609455,3463.797010851951,4051.8404690154566,3670.6033974229995,3558.469445088801,3539.9423578068236,4009.8697222085907,3493.767387443119,4357.028477657105,3710.814873209766
3539.743434316504,3633.7781495477975,3528.277815278418,3700.709977434667,3499.8770496786174,3584.5547015024267,3713.4804517408747,3697.842624098388,4047.0364391146577,3991.5552154313527,3670.309873601048,3992.2272843112582,3711.2828571381074,3598.780580931492,3633.1889088142675,3638.323714448379,3461.8206773297734,4048.717756714303,3668.9126712432635,3556.909292367144,3538.780738013715,4008.8200569329483,3492.3235425500093,4355.665228345364,3709.13824234441
3538.8994125069667,3633.2474187188413,3527.4457065316064,3699.883904828157,3498.0159013826014,3582.346498044926,3711.690197940244,3696.795942034695,4046.029282638644,3990.363569737953,3667.639011248788,3986.8557241742374,3710.5475250656414,3596.4384569396534,3630.5633720227306,3637.2601788534994,3460.0508673253707,4047.462366944953,3668.7167088877304,3555.392157224126,3536.838551220215,4006.5565760929344,3491.8483755723546,4353.710207707896,3707.4963635927925
3538.187866706555,3630.1838884229674,3525.628958101221,3698.8316967243336,3496.6864371743286,3580.1433645474995,3710.4190172582394,3695.805618630074,4043.381721346289,3987.7958275437823,3666.6577339945457,3985.319458648549,3710.5475250656414,3594.460084147023,3628.9369626986,3636.164539254086,3460.038022086239,4044.2816846724463,3667.2774116785404,3554.2534383027237,3534.8621384996536,4005.1740503931105,3490.705936830534,4351.5398801467945,3704.883412233553
3537.199803012373,3629.058403448694,3524.7858011215135,3698.676766461794,3495.293927812836,3578.536622439644,3708.2313189157962,3695.3518277899434,4042.7395506673156,3986.6896936629855,3665.4192725222965,3982.9034672136454,3709.199867386404,3593.3771892839372,3628.7241514524376,3635.4857883257587,3459.1713111519475,4041.103778039649,3666.048939333291,3552.2205217761357,3533.50579971142,4002.8649162402053,3488.5228242831936,4350.097248751188,3702.9575939491897
3536.5391259962726,3627.3312122273555,3523.7496082821094,3698.114329481591,3494.5150437523375,3578.0041483865284,3706.9099514011286,3693.895699902335,4042.287316663568,3984.5429361706692,3663.1721506175218,3980.298946740944,3708.1618091695846,3592.017068076674,3627.834990748044,3634.5403221076945,3458.326890763259,4039.9274158820967,3664.450738877322,3549.0296983142744,3532.622594523905,4001.340945105428,3487.6260935716637,4347.059853859723,3702.3476371990355
3535.989458638657,3626.50575056925,3522.1185712739443,3698.114329481591,3494.0859110968386,3575.6035796425617,3705.988299017382,3692.506321442852,4041.133562684209,3982.8612391002653,3660.939993750793,3978.3085430629417,3708.0824231673587,3590.935436854868,3626.2271650233056,3634.0999959228984,3456.752050737912,4037.308688301046,3663.820786387274,3547.961515588729,3531.015317038128,4000.684253866953,3486.3782881927914,4345.562742475613,3700.7497430309804
3535.4365537449594,3625.9118809332294,3520.925319207673,3697.610688906151,3492.9639853629624,3573.9347597334004,3704.599339369432,3691.5318888639877,4039.4662822171385,3981.4119394183467,3660.0782768839154,3977.0553793309145,3706.141495422182,3589.1396232619436,3626.2271650233056,3633.5559200264784,3456.285288087909,4035.9868233179795,3663.432681649515,3546.5738886819718,3528.0893263059143,4000.1690038434435,3485.076012992546,4342.367908452734,3698.9343621416447
3534.997467688574,3624.200403313228,3520.4902209342536,3697.443127353227,3491.7611768268293,3571.972045546475,3704.0468788192766,3690.7436204754913,4038.6283379487472,3979.935417370723,3659.184964364323,3973.518811612112,3704.080057535023,3587.1512658167253,3626.2271650233056,3633.087468285651,3455.662736061083,4035.3839605003222,3661.518033809753,3545.4719881788246,3526.4696145066273,3999.250947547815,3483.892056247585,4340.895390532725,3697.212633700678
3533.950048429482,3622.8160284964188,3519.685018744994,3696.7941998551423,3491.533735866733,3571.075841694345,3701.9203412814686,3689.7774072184857,4038.6283379487472,3978.915302900796,3657.1854912494023,3972.013189009179,3703.697595447211,3586.3170008953466,3625.2996507169237,3632.0988839528254,3454.735382951754,4034.3467912234573,3660.129685813096,3544.736267118172,3525.4275768686166,3997.8381075743478,3482.355897504994,4340.2795920012195,3696.5849983528074
3533.3142801660642,3621.6509347013452,3518.844668799271,3696.214078180234,3490.647503842535,3569.505878248111,3701.016048470936,3688.4767378115193,4038.405615155514,3976.587515001792,3655.0992735765485,3970.299346553914,3703.0392568964944,3585.5041656116355,3623.9195431978696,3631.33339128929,3454.143608462302,4032.946083006481,3659.0020941889784,3543.609808354322,3523.7299081306637,3996.9039458792413,3481.8972194347443,4339.251605701016,3696.355991868523
3532.757800471458,3620.820241510844,3518.0653401828204,3695.969328758708,3490.416196707656,3567.692219022474,3699.9775620646233,3688.198970746559,4038.01864302265,3975.3421560237894,3654.644595835609,3969.1906183728443,3701.8895938741175,3584.1192408868997,3623.09006027671,3629.8177925445134,3453.846270471167,4029.920800212371,3658.747837102406,3542.809017661247,3523.3099543164462,3995.0432877425087,3481.1423538966924,4339.067535082174,3695.731389595369
3532.260024975144,3620.0041173905847,3517.21862122099,3695.026150413031,3489.9284163178554,3566.666307657299,3699.018316801482,3686.9670860097685,4037.918362727995,3974.5559301764897,3653.467728115451,3967.4860743495806,3700.794081419999,3583.3980341924153,3622.348446289767,3629.1455002958264,3453.29521746506,4028.6570406355268,3658.189362332335,3541.9084966745477,3522.052070297166,3993.6875655767803,3480.5821512409557,4337.9138367436735,3694.8108514327305
3531.634575777428,3619.3997999407306,3516.3155831487775,3694.6771154039793,3489.0674486998305,3565.5453577535604,3697.4786676056133,3686.646262028251,4036.7183399821047,3973.8298276286578,3652.928595214764,3965.6340681158217,3699.8529162568125,3582.434369568894,3621.7880666165165,3628.884459679036,3452.6242602456136,4027.2396654765184,3657.0708283820927,3540.8775474512395,3520.7008052134843,3992.78734409511,3479.2801376180064,4337.36027736938,3694.021386124813
3530.851722530282,3618.753140314824,3515.730505701547,3694.4045760606805,3488.6382604256664,3564.6187276300725,3696.467606832348,3685.8021610899114,4035.867762040659,3973.3713946681846,3652.398139559088,3964.4258467309814,3698.6336455193614,3581.879149275376,3621.3790792555346,3628.41777859176,3452.171273932209,4026.5443507433365,3656.88367290504,3540.1563809587474,3520.1277305010044,3992.594433458362,3478.093394452062,4336.583282948754,3693.287455412364
3530.207245305647,3617.9696196472464,3515.5574175295524,3694.2679546649842,3488.1405279072187,3563.754496720596,3694.6670869869977,3685.058234459348,4035.510435647311,3972.0036322893475,3651.9216661654677,3964.0184598654796,3696.9173607018784,3581.124625628284,3620.8924864476767,3627.505622460505,3451.185016578617,4025.3585192857536,3656.7105781376104,3538.815888478056,3519.5856067499376,3991.2302222431294,3477.291863871098,4334.991834289747,3692.5527323852702
3529.6175566616184,3617.2444947371955,3514.876973424119,3693.9576968286474,3487.777608667736,3563.2278950564196,3693.8905415941244,3683.7858691127794,4034.799706928634,3970.9945582103755,3651.1064582432045,3962.7017387889236,3696.2466747178123,3580.220513540212,3620.434759075719,3626.859646548978,3450.209403810172,4024.2101509046975,3655.887232252508,3538.1851332713804,3518.6626366771197,3991.2048254109877,3476.5542018770857,4334.259661740224,3691.440792376984
3529.5829870588213,3616.418197788582,3514.7785120264584,3693.8516769972766,3487.2359059626515,3562.2977941480003,3693.4521604445263,3683.497829403238,4034.4682317732904,3970.026622842014,3650.2551893705054,3960.4034301294296,3695.7408077170785,3580.027468555886,3620.1100652331306,3626.6772829058846,3450.0843176302324,4022.833837308493,3654.7241428626103,3537.4158045084077,3518.087983716721,3990.619398659597,3475.793210608954,4333.635185696164,3690.778031999353
3529.051312193186,3614.7840874493795,3514.2902964746363,3693.619608708498,3486.3383546046985,3561.3030983576286,3692.113504861111,3682.878330414377,4034.149752866275,3968.800438376531,3649.1233253361206,3958.9038741076492,3695.278775218105,3579.04334651631,3619.6147059298482,3626.6772829058846,3449.678620506973,4021.210947765743,3653.9942613826797,3536.666336210151,3517.3955461852947,3990.197724703804,3475.391406688644,4332.786600617504,3690.378287384796
3528.7189667554067,3614.598671906893,3513.60639418213,3693.0577454696017,3486.156536829524,3560.7572677526096,3691.456230119299,3682.008993562962,4033.7598411336885,3968.3971373397308,3648.520289070432,3958.106682128643,3694.521156774239,3578.2369513932354,3619.2781305212884,3626.33070963454,3449.3713250840274,4019.5244724172726,3653.770994099058,3535.957919960707,3516.75483162637,3989.096479247658,3474.5622028307075,4331.703883194968,3689.5743381153143
3528.2446036017154,3613.6378968039494,3513.1937922332577,3692.617293656859,3485.6163403020128,3560.131715699992,3691.446097523354,3681.2912050173163,4033.5764533019415,3967.5542214733177,3647.2874982046196,3957.398929155567,3693.798145013086,3577.67626873127,3618.8320026565098,3625.383120503613,3449.046048787214,4018.5415166033245,3652.6751761969417,3535.3274034890965,3516.008899674189,3988.7700143552124,3473.838903585786,4331.248828639132,3688.6596787214853
3528.0079779054286,3613.0484468938184,3512.6268349539096,3692.1354882347887,3485.2126376250785,3559.6488579795796,3690.993650036339,3680.6843241530546,4033.5015611689537,3966.831663906274,3646.8886282592475,3956.781432705068,3693.2325633489927,3577.4260755981654,3618.2379023598783,3624.7238708257546,3448.8510448708403,4017.270164443413,3652.3257518296705,3534.509634031311,3515.5486249453093,3987.926356946765,3473.2942783334206,4331.240304804213,3688.28532147879
3527.5190270460876,3612.760201922075,3512.378073198792,3692.1354882347887,3484.917037535177,3558.890143375892,3690.4444250694664,3679.8796551809,4032.9525941480306,3966.2808226473567,3646.3418121829272,3955.748767302968,3692.460146899286,3576.6575219725814,3617.816627688756,3624.280181123113,3448.269878473354,4016.413648286267,3652.3257518296705,3534.0175259399666,3514.842279469072,3987.3215445259148,3473.0978171459246,4330.060104802492,3687.80892927272
3527.1895134628453,3612.127952982826,3511.9913335927895,3691.573958960402,3484.2475871008883,3558.2596068523026,3689.6665829256594,3679.4299437123645,4032.715546390075,3965.5347828048994,3645.8997821265157,3955.1061381216796,3691.867882696921,3575.970962693966,3617.2600492581264,3623.913320758646,3447.371051716159,4015.9574211926374,3652.0637119160365,3533.4295265176247,3514.2830624238186,3986.695830713599,3472.7060286542824,4328.976336722183,3687.177217106426
3526.80615205452,3611.5823823312585,3511.633352437093,3691.0428072406808,3483.8336384407726,3557.63514016698,3688.953302259095,3679.2703991316343,4032.715546390075,3965.1639019942213,3645.4140888188276,3954.002363776683,3691.5063920419884,3575.6478414127937,3617.0419736439526,3623.4005060861077,3446.960604439771,4014.4371040531837,3651.7790344951277,3533.142671029746,3513.7804595357766,3986.097902284321,3471.723034295947,4328.40949046129,3686.743193672517
3526.6583742281273,3611.200431806261,3511.524412485146,3690.829506006473,3483.3585494745003,3556.8894360189765,3687.7889652643044,3678.8718293564943,4032.715546390075,3964.155411329469,3645.0135499816524,3953.0591701707067,3690.280265963513,3575.2911716991175,3616.3969247195546,3623.1327403012892,3446.49740126159,4013.1819383710895,3651.297088653936,3532.822487663815,3513.2527705395837,3985.610437076006,3471.18327150101,4328.1820909002545,3686.047239781178
3526.099751947436,3610.679991740858,3511.1947432015145,3690.4159910323924,3482.973242234306,3556.473837130995,3686.9937678362867,3678.4209909007814,4032.475465990615,3963.676526221922,3644.711879680332,3952.4651948014543,3689.912743747879,3574.740247256648,3615.781476536517,3622.6944552693494,3446.1744239353065,4012.8123907742092,3650.9523135663962,3532.3949528269923,3512.8508246781184,3985.0715241029297,3470.858029636103,4327.831296108068,3685.6785315117077
3525.860124464691,3610.3495422195538,3510.774022769925,3690.412155701921,3482.6070292052514,3556.300067806169,3686.5327756178626,3677.7651995367323,4032.049855289159,3962.9465670904688,3643.917012712092,3951.7123695299797,3689.5061469184257,3574.449189160395,3615.3830416093615,3622.5686143142134,3445.925197345168,4012.309525635813,3650.305916233083,3531.823685083078,3512.27100106257,3984.882184297741,3470.4450747589917,4327.402797979711,3685.3260623190727
3525.694144677688,3609.910336294247,3510.5093868740146,3689.7947585031347,3482.413672671789,3555.705344355656,3686.2016033390937,3677.557373221116,4032.0478660533677,3962.1856354200227,3643.506535831883,3950.928818138652,3689.2135456916385,3574.0924460370193,3615.2747826285854,3622.2602162750027,3445.772928527634,4011.8675837317196,3649.981766537127,3531.362195917216,3511.2842674470853,3984.667115216117,3470.1562991538212,4326.824367245283,3684.77025155967
3525.450507186786,3609.2093136032263,3510.4697899315843,3689.621872493079,3482.2872361231775,3555.4317014298294,3685.8112075154568,3677.2945647789584,4031.7810834099428,3961.4905099470907,3643.3720384049784,3950.629006686579,3688.73257012463,3573.3695509823315,3614.755411341378,3621.6734673080246,3445.546064247599,4011.078255685642,3649.652628464035,3530.9911397042843,3511.1042347576786,3984.368999399586,3469.9490959581262,4326.465306012994,3684.282981457916
3525.301740055629,3609.1426392845497,3509.8301244945396,3689.4564885707437,3481.968454343183,3555.155197607354,3685.3386161906647,3676.685428946007,4031.3821856575796,3961.0544082964775,3643.1605709224186,3950.0231516942968,3688.4980611389497,3573.2310474165033,3614.561975482253,3621.1541226040436,3445.2519324380805,4010.299152925646,3649.553764375513,3530.6500185903906,3510.9776108479214,3984.1787128657397,3469.722087009589,4326.116742805088,3683.954563297799
3525.1815095564116,3608.3715479543353,3509.5080360787724,3689.4206078475086,3481.674590674855,3554.697398032859,3685.1607133912407,3676.3308341833917,4031.165607168572,3960.7372016837853,3642.759512026148,3949.5723069349615,3688.04506875614,3573.131572321486,3614.208106014144,3621.11099681219,3444.990803395237,4009.759214777235,3649.3602251260195,3530.2837536665984,3510.7351073261175,3983.9291360972884,3469.394379117727,4325.560231967818,3683.710524486508
3524.99503780489,3608.245835105733,3509.222476617874,3689.3817398920346,3481.5977944469514,3554.4219110947597,3684.84273417401,3676.111326400401,4030.523883683349,3960.1462184164247,3642.522990082837,3949.053655676995,3687.900835903282,3572.91993373069,3614.021274177677,3620.90901713075,3444.7346951853306,4008.9925647159234,3649.1530845409275,3529.975594890737,3510.426303091487,3983.6917300684104,3469.2087748267945,4324.92888778666,3683.4153334429257
3524.723399539814,3607.981224502999,3508.751573595904,3689.1616793944063,3481.282498104141,3553.8654472289413,3684.645250925211,3675.7557776579833,4030.3984716691575,3959.688781259512,3641.815925937059,3948.749659895946,3687.547303996253,3572.692429695996,3613.4878175005024,3620.667905648926,3444.3226699277193,4008.396111310909,3648.7016908349365,3529.5380112863922,3510.018074571548,3983.429793829289,3469.0461145081986,4324.58844942022,3683.150146144125
3524.6962693363957,3607.8073483380786,3508.616359150244,3688.9514636561335,3481.1514326865877,3553.573483179448,3684.3063058165635,3675.5026952442786,4030.0927853750304,3959.2755615511987,3641.456192880235,3948.336283817258,3687.275007868223,3572.532457329478,3613.326170061123,3620.502929840649,3444.1208180299373,4008.0064327973473,3648.4040334963292,3529.388296620127,3509.6329468829294,3983.014543132257,3468.705959418746,4324.170183992279,3682.7670439833546
3524.587925882587,3607.603745686223,3508.3661738489163,3688.8664608282147,3480.864095940822,3553.301873321373,3684.086033784237,3675.2751233108224,4029.976482812684,3958.8900074044927,3641.2012465489966,3947.9038479108644,3687.043197031636,3572.115039356799,3613.1787208577534,3620.3527138289614,3443.963926897356,4007.716858260721,3648.2920126888084,3528.962664676227,3509.366684736753,3982.796842881573,3468.485504140419,4323.653980439685,3682.4909469366667
3524.524730291462,3607.3470761049816,3508.2920238009024,3688.7803620286463,3480.52749927301,3553.033918800148,3683.8078988936422,3675.148794871253,4029.7703842185365,3958.273886585963,3640.9986358539963,3947.475295979377,3686.9243787824566,3571.892430137379,3612.946366484466,3620.2595635495677,3443.709213430401,4007.1671131293533,3648.0746712596847,3528.680003407092,3509.176261172293,3982.4646820275243,3468.297028119722,4323.4610149656555,3682.2007593415715
3524.462637969321,3607.108196405255,3508.169855718252,3688.6253859273043,3480.362270858417,3552.7197405675806,3683.29233612127,3674.9392058832755,4029.493868716223,3957.9728030143606,3640.698537508516,3947.0820822340133,3686.667787440696,3571.555840696831,3612.7273633147315,3619.9521804303286,3443.581060017254,4006.88038211855,3647.7827726897253,3528.4156911911705,3509.0191829031573,3982.2342755029717,3467.979349185179,4323.247797439108,3681.9784186187976
3524.395037579053,3606.776390450995,3508.0425042455295,3688.471760200716,3480.1363672720695,3552.4363872379627,3683.014158931532,3674.6414124906473,4029.0493089648016,3957.684254109846,3640.5422232088777,3946.9081593633214,3686.3289185677504,3571.319526526093,3612.5454638036886,3619.7492527984805,3443.493093665489,4006.485690834415,3647.5043263334155,3528.1915720459065,3508.8086790509706,3982.088687914211,3467.777965173217,4323.044398410135,3681.691634380728
3524.3373429773364,3606.363872128299,3507.98873742005,3688.3376962736747,3480.0261766060576,3552.205948960942,3682.9636872132587,3674.4534200262674,4028.914420210839,3957.4863944308154,3640.4084866299563,3946.614337560317,3686.1210110699894,3571.2154590464743,3612.2737630711454,3619.613757614998,3443.191839075993,4006.0069895699676,3647.3576848084103,3528.0632634311546,3508.5376940830556,3981.880519025248,3467.6045874175206,4322.536965960817,3681.4866875454663
3524.2965046190975,3606.1532233201033,3507.937898144076,3688.277534488984,3479.8780508390455,3551.9064290969413,3682.6718712441425,3674.2339828618933,4028.656948194034,3957.144889989922,3640.2935866665603,3946.30260903163,3685.991146819505,3571.083306050943,3612.1804708347313,3619.351572148078,3442.988507493532,4005.5258018617233,3647.256911656382,3527.950215985423,3508.3272161338036,3981.69501810927,3467.3973638101284,4322.315764660989,3681.236332678384
3524.1926314763987,3605.9636008579096,3507.6899362349673,3688.2744933790245,3479.782614355479,3551.7763659670604,3682.4318250030146,3674.009441734671,4028.450590578916,3956.576596441441,3640.0905529712672,3945.9802515059027,3685.8765178315916,3570.8439697765198,3612.021474513072,3619.351572148078,3442.8541047398567,4005.196266360377,3647.167240636643,3527.7298637701065,3508.0782218387826,3981.525154136554,3467.304494936703,4322.114569038593,3681.0091210232213
3524.070352319859,3605.724955798145,3507.4543481146975,3688.127157744877,3479.699332459869,3551.4752218399412,3682.2632607683972,3673.834708968053,4028.3789076920993,3956.366071912195,3639.947823124657,3945.6519658619336,3685.795188115181,3570.698363254615,3611.74285049005,3619.2189676183666,3442.702522921967,4004.924927417901,3646.865676411452,3527.6380931004987,3507.8028270976392,3981.435817704908,3467.1421854516875,4321.668510407755,3680.7519456877576
3523.985930331214,3605.4653169934995,3507.289502502178,3688.0072208494166,3479.5816144244945,3551.285791870531,3682.1570044099594,3673.7339799882902,4028.1813934905504,3956.1804639074057,3639.75822960014,3945.250329596661,3685.5721304507388,3570.522889936821,3611.6183586093375,3619.1885962692377,3442.58752106742,4004.5835937948104,3646.814498481882,3527.5074464812315,3507.670966771574,3981.211875228094,3466.975798530603,4321.608989364201,3680.5489677448586
3523.8958597387964,3605.3657345678216,3507.2052877350775,3688.0016398127195,3479.535475045148,3551.096946262076,3681.966307386294,3673.5062394069128,4028.0935848035056,3955.9356735470433,3639.662314312752,3944.9602095374485,3685.303442688554,3570.14480271342,3611.4904572815403,3619.131633090429,3442.4526204467843,4004.284917811715,3646.711120180842,3527.337016602412,3507.441072532972,3980.9598585333515,3466.784482366842,4321.284048254873,3680.3803388183674
3523.833023268925,3605.207478237813,3507.119317644162,3687.8317724890358,3479.41221507857,3550.9768614490613,3681.7046023637736,3673.3939847783713,4028.0402218399986,3955.574748252667,3639.4930805387085,3944.805142515994,3685.1785785630104,3570.036650420879,3611.3136511414655,3619.055322574788,3442.265433254747,4003.9920026632735,3646.6537149429596,3527.278137991779,3507.3200283181754,3980.7757206348183,3466.64935744179,4321.000504394532,3680.2406937692213
3523.7694109710637,3605.04109873587,3506.999612875435,3687.7609374792873,3479.347333034726,3550.846967266246,3681.4146899971115,3673.2084044564635,4027.8962620302905,3955.391457069691,3639.293681348709,3944.5555606222847,3685.0865310193612,3569.959305283278,3611.1665124687197,3618.947144666992,3442.1645597955376,4003.6382929261135,3646.344132305291,3527.1241812473904,3507.1955253627398,3980.694465844608,3466.4724160852084,4320.7471378611735,3680.1123460394447
3523.733362680384,3604.829402180348,3506.886142262956,3687.7609374792873,3479.2078031480705,3550.7422770262383,3681.268740384242,3673.0325120510724,4027.750510227698,3955.223674768894,3639.0467136611387,3944.4039266757545,3684.8960512022077,3569.848115901602,3611.078645111771,3618.8225847712956,3442.068391976391,4003.361945296877,3646.2730287341365,3526.9410850861777,3507.022679003325,3980.606575979242,3466.3646987111238,4320.642029888786,3679.9014400763112
3523.67767032335,3604.684116031244,3506.7967052207205,3687.7283305022834,3479.1628195835992,3550.5860690435165,3681.174859797128,3672.8884184721,4027.5953723459006,3955.045320505301,3638.7482177264883,3944.206621798784,3684.8710254755915,3569.7020089860694,3610.9860935706347,3618.8205441371474,3441.918674291517,4003.035197360554,3646.218647933108,3526.844700284631,3506.882874548359,3980.5542814844384,3466.2942877046044,4320.587434162273,3679.7781408495985
3523.6020684929354,3604.6149676166006,3506.721612459507,3687.63129477216,3479.1239115918033,3550.3296683420785,3681.0845711940774,3672.8154086978784,4027.371722641987,3954.9404453434304,3638.56392770803,3944.0179562096278,3684.6938568489522,3569.4854232660164,3610.8490507650245,3618.6580967494365,3441.787337429596,4002.8830695969427,3646.1825488284444,3526.714669661221,3506.756265854229,3980.4079255732736,3466.1980850184686,4320.330327392547,3679.666965739417
3523.531875725007,3604.489606196618,3506.6542810661103,3687.565710508149,3479.0243989136834,3550.2009562899757,3681.006832487001,3672.7292735848423,4027.2275208744572,3954.7286594151865,3638.3922384905313,3943.848999035519,3684.60864762494,3569.401416510482,3610.684521593584,3618.5601382884633,3441.6735714220804,4002.768295155468,3646.1124550476334,3526.5662585861955,3506.5920520041554,3980.3670716570423,3466.07841543871,4320.23158063362,3679.5356709029047
3523.424784152641,3604.436860597448,3506.6362323983385,3687.5636109756138,3478.9703072689817,3550.084277976601,3680.9095589018334,3672.6239786621586,4027.134155436281,3954.59088210561,3638.284903263931,3943.7681998845665,3684.522403244768,3569.371998936531,3610.5922665007965,3618.4183019128186,3441.623520195289,4002.5935222145017,3645.9801670637535,3526.4609816752113,3506.5032854049605,3980.3330075296,3465.942865981006,4320.049164275061,3679.4998812671047
3523.3875536175365,3604.3562672488333,3506.5981606504356,3687.4787746986785,3478.902876498909,3549.94522978893,3680.7934403338277,3672.4705199827267,4026.989183872853,3954.45605235614,3638.1896226881227,3943.6775142701586,3684.467050427641,3569.2512914351364,3610.530729191715,3618.2891244179136,3441.4800644922616,4002.534548304942,3645.919083044334,3526.4065362062383,3506.4242077406475,3980.2302862705424,3465.8505540465053,4319.914775885253,3679.432657634176
3523.336842719715,3604.2822268192695,3506.5073894752495,3687.391444345984,3478.881477500832,3549.8162952200046,3680.6857845292448,3672.434156828133,4026.9032823451475,3954.4132561536508,3638.0379372648604,3943.608025924611,3684.3947170123756,3569.22833767536,3610.4421469414847,3618.260114937463,3441.3701160098826,4002.411087802934,3645.7934084954504,3526.304714656718,3506.2949893167342,3980.153028840196,3465.821075751891,4319.742700561913,3679.366514848266
3523.2985153581303,3604.202669949912,3506.447236768224,3687.3043998615894,3478.815372830106,3549.747369101853,3680.61865735809,3672.341926838563,4026.8111384942013,3954.2968025549026,3637.9772931552393,3943.533685106941,3684.3388534918217,3569.1268406339586,3610.3686769775622,3618.1244854446186,3441.330510391448,4002.1918892526382,3645.684739418073,3526.1761027884054,3506.2111767056986,3979.9901561411157,3465.6961091514277,4319.742700561913,3679.282963420587
3523.233876068455,3604.0681607116467,3506.423157589514,3687.275051559801,3478.79505276932,3549.615676918699,3680.516839241526,3672.276374700577,4026.749072689268,3954.1891117210894,3637.899384419262,3943.4415901417065,3684.250948321247,3569.0050882636565,3610.282659161365,3618.1044099354026,3441.277907254888,4002.0788353535345,3645.6182904003012,3526.0639419913027,3506.111896578762,3979.937918623975,3465.636692925482,4319.742700561913,3679.212398490501
3523.1785652396793,3603.9924259357995,3506.410129458955,3687.192492940155,3478.735551250009,3549.5529340850526,3680.3556024712725,3672.147289435584,4026.698080640717,3954.15689025133,3637.741428543121,3943.3287935491207,3684.1559866584557,3568.929498215357,3610.2406158528574,3618.037059001455,3441.253859950753,4001.9437454772637,3645.5666881708003,3526.0216853729526,3506.0477874310054,3979.8049072550593,3465.5410586678727,4319.695698701677,3679.137076065279
3523.165925179592,3603.874846355963,3506.3616470256284,3687.17310644793,3478.7052951392675,3549.4757301484037,3680.2286975790503,3672.0943292133697,4026.6315109854295,3954.0855896912717,3637.6261495306203,3943.241567258016,3684.083067085163,3568.8214353985904,3610.1851989760216,3617.9644558195605,3441.20817718709,4001.869101049762,3645.54016929768,3525.9074517088493,3505.992927334678,3979.7450412906555,3465.4827735724593,4319.611311138017,3679.0643815968865
3523.104683560975,3603.752241769491,3506.3359479382643,3687.132403760508,3478.6805120728527,3549.4006014245992,3680.114735418516,3672.036714402985,4026.579599233016,3954.0379549206045,3637.5865027329282,3943.121245840731,3684.004511222419,3568.7800110399066,3610.1271745667896,3617.9124237623028,3441.155506759737,4001.76535668714,3645.486338157303,3525.7989879894862,3505.874282016801,3979.6949954170996,3465.408271584345,4319.4423181328275,3679.004065583429
3523.059891760106,3603.706685359393,3506.2649381879364,3687.107838168638,3478.6456688188346,3549.3375073551447,3680.0614983666055,3671.944252468314,4026.513231862934,3953.9286875917683,3637.5264679742786,3943.0358654411793,3683.9405117741594,3568.7054995883627,3610.100803692212,3617.758120516248,3441.071315078725,4001.634741302554,3645.4364720721924,3525.7189344574936,3505.79917432802,3979.688626129315,3465.332161471625,4319.394659735829,3678.8915650609315
3523.031796755902,3603.6475360619074,3506.217660750194,3686.9749060564964,3478.6370983403685,3549.2558576411093,3679.9636547167274,3671.8703826011633,4026.513231862934,3953.78908940817,3637.517016734193,3942.9450947172254,3683.8656371974657,3568.608237251243,3610.0260401034684,3617.718603476902,3441.0195043511676,4001.508899852458,3645.409972342629,3525.662673526185,3505.727920032359,3979.630245235254,3465.303319898833,4319.300509111092,3678.8224700876303
3522.9873409539887,3603.567246492143,3506.1452264648146,3686.9618401034304,3478.601029114127,3549.189981442441,3679.939474750853,3671.8041593642183,4026.513231862934,3953.6930068272013,3637.4528920203607,3942.8622114816053,3683.836749206538,3568.5465961472764,3610.0037788433665,3617.6451005327917,3440.953180239184,4001.373579009462,3645.3480487258084,3525.6324124350517,3505.668301488777,3979.577478430888,3465.2670084950378,4319.248309207221,3678.7135649133697
3522.9738030917542,3603.5008256360566,3506.101337027491,3686.92810215048,3478.556588229386,3549.1383242751235,3679.8980686333343,3671.756549316061,4026.4873818973774,3953.6005672332694,3637.368693380718,3942.7641359606923,3683.749901902168,3568.4932799358717,3609.9291791033493,3617.570299699132,3440.9138066120086,4001.257664856387,3645.2904320750145,3525.5764379165507,3505.58975763958,3979.4823595926305,3465.202934761052,4319.242770623441,3678.680288759973
3522.9457164624746,3603.4853614046115,3506.053944219072,3686.9045263061626,3478.531898190703,3549.114887413893,3679.807240941566,3671.734529011858,4026.4269270439477,3953.5612370859185,3637.3200967149724,3942.6743064101893,3683.720923033179,3568.426005640341,3609.871272493606,3617.552057391345,3440.883080867047,4001.204082735386,3645.240864260849,3525.524947983101,3505.497931991529,3979.4531865507074,3465.1533646116472,4319.193469064814,3678.631797530569
3522.9248508475443,3603.4434927488473,3506.0092231886933,3686.836866450879,3478.4972587676903,3549.052099851303,3679.7796624517628,3671.699010798785,4026.3835166153485,3953.510056677917,3637.2724509838204,3942.55548002846,3683.6616758874657,3568.3337759262054,3609.7898927147726,3617.542832178327,3440.847826393878,4001.0980838435007,3645.170481923812,3525.461085665414,3505.476849040411,3979.4273143585447,3465.1288106365873,4319.192889908212,3678.571327415675
3522.914707637965,3603.4156650990935,3505.949696892538,3686.805062273461,3478.450029601766,3549.0272852238963,3679.7256683081305,3671.655411716165,4026.3574277051316,3953.4342942269486,3637.2355458045236,3942.4889230869535,3683.6171004077746,3568.298061570358,3609.7582887221333,3617.4574928828397,3440.843078629496,4000.9968138265704,3645.1446765382584,3525.4357707154727,3505.441872724759,3979.389366422177,3465.0925276217063,4319.128820364296,3678.539304580408
3522.8729831362502,3603.367423649929,3505.93973060812,3686.8015056352874,3478.4044065925345,3548.9847895348694,3679.645523331523,3671.621721413282,4026.3084730888277,3953.374215283675,3637.1759183654794,3942.457199647252,3683.577221877016,3568.253105254396,3609.7179428604177,3617.4484090782707,3440.824391606323,4000.902729742471,3645.126347226849,3525.414782567186,3505.403008790921,3979.3378776951236,3465.042262097144,4319.107112235899,3678.5098605995727
3522.8428777492327,3603.3170323100258,3505.9146169716337,3686.775373975185,3478.375840481863,3548.9303119162473,3679.584441019447,3671.585238841435,4026.2932796534583,3953.328769775805,3637.12534681521,3942.4099358904573,3683.538030967503,3568.2295036309206,3609.6928465095316,3617.3974869752656,3440.7957545048357,4000.893286596117,3645.0678803418477,3525.3955406273117,3505.337559114019,3979.3033564189814,3465.019413858515,4319.042771259118,3678.47975512997
3522.8227571471493,3603.271719304778,3505.8878758567294,3686.767606660157,3478.354051525672,3548.9134271602893,3679.552592345831,3671.5616449781382,4026.285699916447,3953.282766236866,3637.1002310244676,3942.3595589470883,3683.5153920952466,3568.18219654941,3609.6636128573077,3617.389497541948,3440.7878878173487,4000.7820389761455,3645.0356085401604,3525.3625309323543,3505.31093632425,3979.2540500954165,3464.991385613782,4318.972536814149,3678.426562108319
3522.814434455614,3603.204786456097,3505.8523701189315,3686.762377789193,3478.3425201864457,3548.876133848087,3679.4901572307062,3671.5562776960987,4026.2320745159614,3953.261212932583,3637.0614784847985,3942.3196090915353,3683.4684574327716,3568.1562052991135,3609.642933591863,3617.3817921021605,3440.7624732028194,4000.7171617703707,3644.9858551091556,3525.332624718498,3505.252841498192,3979.212503177933,3464.9565393127145,4318.914880728044,3678.4139598976453
3522.8049513762885,3603.173998440121,3505.8230695741195,3686.730870282794,3478.3226510751847,3548.8455586820796,3679.453716739107,3671.5180346816114,4026.1911145789945,3953.2083056032325,3637.053328874675,3942.247729654091,3683.439099932919,3568.130337258602,3609.6263625810525,3617.3601105401212,3440.7461454083605,4000.6788449434935,3644.9623295767815,3525.3090795701105,3505.2053993893983,3979.1857840279745,3464.9354420295613,4318.86222944865,3678.388939594618
3522.798579805312,3603.1078593863904,3505.816386209132,3686.70679470521,3478.31143133139,3548.806510433496,3679.4069518748465,3671.475975702623,4026.16366593343,3953.1901177413533,3637.0155327918173,3942.176370534926,3683.429446150751,3568.0899447826832,3609.619460735943,3617.3267602472006,3440.7356905155216,4000.632585911458,3644.924299545517,3525.2624624311943,3505.1686307917735,3979.1467925352786,3464.922063103131,4318.849040818741,3678.3732182675685
3522.7755107425282,3603.060945720543,3505.8021869572976,3686.6684415725545,3478.290873729356,3548.7838454327793,3679.3869321239763,3671.445384401755,4026.122551711969,3953.1542691219074,3637.0107591856977,3942.1170428680693,3683.399378746728,3568.044472009802,3609.5688416864828,3617.321523269131,3440.7044276750744,4000.5667679168455,3644.903807469901,3525.2394583247315,3505.125419454369,3979.122983700303,3464.8938851833464,4318.813413362908,3678.3562924775806
3522.7569614663716,3603.0254147329942,3505.7912739756403,3686.6608091562066,3478.2704092812564,3548.751163116908,3679.3534685876602,3671.432893173835,4026.1148448731888,3953.1179588406367,3636.983987473276,3942.070057851282,3683.3791016869336,3567.990091324974,3609.5497438060584,3617.310062165628,3440.6760210972197,4000.5512004079847,3644.8914127913977,3525.220313711399,3505.1093101026454,3979.094488307136,3464.8728294740004,4318.776389885106,3678.3299175892507
3522.7484939641004,3603.0074144667833,3505.7762666243234,3686.6465081719307,3478.2569399516583,3548.7345139355275,3679.310504074728,3671.4068805543507,4026.1108740271,3953.0990960373456,3636.9564196097335,3942.023824387761,3683.3573620031766,3567.9566420723995,3609.533029831303,3617.310062165628,3440.6728373762344,4000.5203855716827,3644.8763961055283,3525.197148172958,3505.086578877263,3979.07705686233,3464.8478369184086,4318.742737450451,3678.317024318643
3522.72856226145,3602.983867461611,3505.7582780514526,3686.6347685438304,3478.2421385600096,3548.718708838666,3679.271719440381,3671.398235508044,4026.0844715831736,3953.069659827448,3636.9263406920522,3941.9900963754567,3683.2937186772083,3567.937787367956,3609.520000921052,3617.310062165628,3440.6428740259107,4000.4698338750813,3644.846674247695,3525.1827464990847,3505.0543220138675,3979.0490869335854,3464.8355502081404,4318.717669919724,3678.293596355862
3522.718954176722,3602.9632691679362,3505.7477803594647,3686.620195232711,3478.2246019500058,3548.693389179892,3679.2483057671166,3671.388002321287,4026.049961364303,3953.0431641237587,3636.875740752689,3941.954451087336,3683.258001311116,3567.9158604884915,3609.512739161889,3617.3091102110975,3440.59800422812,4000.4268809970854,3644.831716427831,3525.145515703436,3505.025634164247,3979.0154262447686,3464.8058821207624,4318.655236812469,3678.2576567200135
3522.7163916671466,3602.9391324774538,3505.7281433015696,3686.6133042868432,3478.2091478667207,3548.6645928628286,3679.220865298175,3671.375647784263,4026.049800442773,3953.028015430833,3636.8626556044283,3941.9245656092917,3683.2377206474684,3567.8948892291455,3609.492253923675,3617.278362012464,3440.5934647250456,4000.4047248945694,3644.8170125247116,3525.1355961636873,3504.9920600190726,3978.9943470974595,3464.7929329979142,4318.63378308342,3678.2368454667353
3522.695099842435,3602.9201229120563,3505.695816992609,3686.590675694589,3478.198356602718,3548.6340784491895,3679.2066453189,3671.348860065812,4026.0383412197207,3952.9723640012894,3636.830930951646,3941.8972840053743,3683.2191761905174,3567.8823204503565,3609.477908412423,3617.2531124985317,3440.591375680635,4000.3748178364385,3644.801475409667,3525.1179318734917,3504.9743112102606,3978.9670962820574,3464.7753576018126,4318.5976392646335,3678.2222423403045
3522.6877791543025,3602.903692911151,3505.6883281315704,3686.590675694589,3478.1907560134996,3548.6110939624787,3679.1764777179933,3671.335205780444,4026.0165855568,3952.9564016630748,3636.814054670633,3941.865997644782,3683.199523484771,3567.853511106842,3609.458494665988,3617.2415909381034,3440.5821695654777,4000.3461016456517,3644.787107536798,3525.0937687211167,3504.963586423634,3978.9525469409846,3464.7600793823303,4318.580681549766,3678.203466302598
3522.678352554211,3602.8816381046195,3505.6763942635007,3686.582369263554,3478.1721583965636,3548.5903300218442,3679.166821865911,3671.3158966566734,4025.9870777124406,3952.943519769265,3636.802645050271,3941.8460512565625,3683.1618297273767,3567.833328154479,3609.4395420119954,3617.2115031345384,3440.5784593122,4000.3081197057186,3644.783216390752,3525.0607291544507,3504.950291349117,3978.938193632325,3464.749934837593,4318.563581637925,3678.1646915712963
3522.6673707442533,3602.865589917961,3505.66586176078,3686.582369263554,3478.165494520649,3548.579680590212,3679.1398692704497,3671.3004250198337,4025.9604161212933,3952.9199685255126,3636.792551212423,3941.8234147267985,3683.1446540656716,3567.8192862920178,3609.4223037560396,3617.196734458532,3440.560271257748,4000.2792350546765,3644.7745424681175,3525.0347242895687,3504.925757920494,3978.908956631416,3464.7375617004586,4318.54294829887,3678.134665516449
3522.6572900820556,3602.8527816724027,3505.659491839539,3686.5757081882657,3478.157906918335,3548.5654982359856,3679.1182246621725,3671.2868470349285,4025.9513786830826,3952.905569835164,3636.774757253057,3941.8121093109385,3683.1303505480178,3567.794127457445,3609.4099475444054,3617.181625395764,3440.5508011969964,4000.2602155780587,3644.765109819413,3525.017881592571,3504.9126104190964,3978.8892149080057,3464.707492527282,4318.5265490433185,3678.1199529066375
3522.6485445128887,3602.839597344071,3505.650894914287,3686.564766125397,3478.1503011733453,3548.5493111151677,3679.0997475062986,3671.2758281464885,4025.950462295068,3952.8801705740993,3636.765668595204,3941.802933165602,3683.124982309082,3567.787584258159,3609.401719180042,3617.1707190199513,3440.526544132547,4000.2477270118798,3644.7557691942707,3525.007478179804,3504.901871299661,3978.8749299750316,3464.690877798719,4318.48196306341,3678.1122445286705
3522.636729274719,3602.831630866195,3505.645275476683,3686.557191730077,3478.1395698529636,3548.5316235799382,3679.085987170265,3671.2592499904363,4025.9443932990926,3952.8636830711953,3636.7438019759506,3941.7706382767506,3683.112987623861,3567.7747728845616,3609.3878090487797,3617.1555375137737,3440.5263200385916,4000.230165084343,3644.7442662584085,3524.9976676780607,3504.8854505959353,3978.8702340249615,3464.6841511556368,4318.452626971646,3678.1030639555547
3522.6232752599913,3602.8163110255578,3505.63861336004,3686.546121277036,3478.1353636643157,3548.5115494472666,3679.0657565865886,3671.258781326286,4025.9321575785493,3952.8473184883424,3636.7294939667017,3941.74941259716,3683.1053244073123,3567.761933454644,3609.373343179334,3617.1469710486645,3440.5103549864457,4000.214516520995,3644.733719038835,3524.98719718507,3504.875459476351,3978.8546044405034,3464.6704492551125,4318.440944854416,3678.088611922723
3522.614422667247,3602.8022368579336,3505.6304621707395,3686.5415598448362,3478.1252935522602,3548.4980455017853,3679.057768955492,3671.2453389776347,4025.924107443302,3952.839502092489,3636.7099383260484,3941.730890401451,3683.091621331431,3567.742629672578,3609.356080709123,3617.141845762696,3440.4997958117733,4000.1952528969605,3644.7198761168343,3524.973529897407,3504.8637904623874,3978.8465474317604,3464.65744062234,4318.423169625481,3678.080539013888
3522.606426255246,3602.784583583123,3505.624459047338,3686.5392800931204,3478.1194750635054,3548.4875377849567,3679.042368324056,3671.2298208428683,4025.9216055056672,3952.823435923452,3636.7004606457513,3941.7108394158486,3683.0814514205445,3567.733627910642,3609.3467148442087,3617.134017275592,3440.4932758097893,4000.187830654142,3644.7138354685703,3524.9668807424337,3504.8531040341404,3978.840628221782,3464.643543351849,4318.4028565303415,3678.07425618281
3522.6046284561053,3602.7746827355295,3505.61944372392,3686.5362263531238,3478.1110256155353,3548.475702295169,3679.03206860135,3671.219258298585,4025.9145860871913,3952.8061844529257,3636.6873964898605,3941.6965087466315,3683.06835993984,3567.719215674486,3609.336457324268,3617.1253756760516,3440.480032539231,4000.170246892358,3644.7075643855424,3524.953045013028,3504.8404004747244,3978.8279958799485,3464.6376558345914,4318.385039023277,3678.0652983607188
3522.601594645313,3602.762549210516,3505.6070014835823,3686.533413703482,3478.107540038514,3548.4665254620845,3679.0234805181435,3671.2053483489517,4025.901845508689,3952.7943285310016,3636.680851139253,3941.6886243706194,3683.064274761612,3567.7105905694953,3609.3327137131246,3617.117438270407,3440.477056352065,4000.157062790241,3644.70201417839,3524.9437377752897,3504.833901292018,3978.823491333662,3464.630743657328,4318.358571163022,3678.0568983763997
3522.596861988805,3602.7509425832463,3505.5993340411655,3686.5299011337074,3478.099574390553,3548.4543865296205,3679.0159698286434,3671.200895002261,4025.881179133189,3952.7764432776903,3636.6715271910157,3941.678454624979,3683.0625005794454,3567.6963065477726,3609.3280029116495,3617.107528742425,3440.4679015058514,4000.1487356398143,3644.70201417839,3524.9311567043414,3504.8256830789874,3978.8208505397815,3464.6228422226714,4318.347386816542,3678.0469791521773
3522.592767788521,3602.737529540113,3505.593701176978,3686.5266762379015,3478.0950576545843,3548.4364958662177,3679.0049197073236,3671.1911489431295,4025.878756800178,3952.7680603845038,3636.667152747171,3941.667371250293,3683.0601714350832,3567.685660612486,3609.323448062227,3617.10270371771,3440.4629841986502,4000.1363424845727,3644.6947846194416,3524.9123189598395,3504.8115793745646,3978.812080695421,3464.611435264869,4318.341140177015,3678.0408774154103
3522.5874453590823,3602.730739068076,3505.587445057316,3686.5226306433433,3478.0928700883246,3548.4273647964583,3678.9984896215965,3671.185133363129,4025.8636444800554,3952.7504027788204,3636.6587521683314,3941.6614466696788,3683.054389811982,3567.679423715374,3609.3190066999014,3617.096433436687,3440.4591122442725,4000.12310789777,3644.6947846194416,3524.90583398555,3504.8048769531542,3978.801088166796,3464.6069111281404,4318.332051431333,3678.0337999796175
3522.580670325283,3602.7244415838563,3505.585369577627,3686.5178610400817,3478.0902585945296,3548.4139092132164,3678.9855513528764,3671.180164791499,4025.8593980801024,3952.7442411264174,3636.65285572381,3941.654067259664,3683.0449927765108,3567.667479771202,3609.311225068372,3617.0946143869123,3440.452799625461,4000.1043707800854,3644.6927148539053,3524.898334124398,3504.7948534478483,3978.797274828847,3464.6046573834547,4318.331326400625,3678.0284106139343
3522.574892408699,3602.7143847439884,3505.57999390056,3686.515240765034,3478.0866212673345,3548.4077997089853,3678.9806073123077,3671.175404408156,4025.8500174877045,3952.733255513876,3636.6476117232087,3941.6445132007493,3683.0382330388334,3567.6625301371982,3609.306168602815,3617.0841635464058,3440.4522594139025,4000.091985544563,3644.684995178957,3524.8916543874816,3504.78425552549,3978.7897467725143,3464.5969042212278,4318.322555091764,3678.0205498744913
3522.5742767501742,3602.706735375053,3505.572101789083,3686.515019256586,3478.0825160868603,3548.398597199773,3678.9728385720473,3671.1681678153154,4025.8481266373287,3952.7225524454598,3636.6428011093494,3941.6302663859433,3683.033405267912,3567.656972338937,3609.304710912616,3617.0745329235915,3440.4463551714653,4000.0851007431456,3644.672926036921,3524.8880362412465,3504.774713720627,3978.786353473073,3464.5930063656833,4318.317283601335,3678.0127342366986
3522.5701465200214,3602.7027341415474,3505.569604704023,3686.5112459412294,3478.0781901625855,3548.3907115224015,3678.968613868139,3671.1599330055915,4025.845550913193,3952.717559457992,3636.633780746157,3941.622180953423,3683.0318602833777,3567.650641714841,3609.298549346492,3617.068243245517,3440.4435837980645,4000.073573881233,3644.665359296184,3524.8838327027834,3504.7702210541347,3978.7776687624746,3464.587903300271,4318.30873507319,3678.008467076263
3522.5685591666047,3602.691780643038,3505.563888662381,3686.5067472523565,3478.0735105486638,3548.387111257567,3678.9619142698734,3671.1512986766306,4025.8343716769336,3952.7132319878074,3636.628253544391,3941.616347278574,3683.0259853491684,3567.646073295686,3609.295631448925,3617.0678702525693,3440.4401795694594,4000.061368963381,3644.6635915254265,3524.87776918493,3504.766233153358,3978.774225673187,3464.584656453996,4318.300237789938,3678.005521013479
3522.565796050292,3602.6875179178414,3505.560911309924,3686.505444348226,3478.071614508306,3548.3820932604694,3678.9589224770248,3671.148912253443,4025.834126921799,3952.7099662355495,3636.6193834129363,3941.608525397696,3683.0199481010054,3567.636486624974,3609.2882568435434,3617.0678528820667,3440.436671294686,4000.0519795571404,3644.6583775911836,3524.87084210968,3504.760505474385,3978.766378708942,3464.5818060525257,4318.300237789938,3678.0009362262026
3522.5640773828586,3602.682061207827,3505.5533290974017,3686.503347715236,3478.067800960378,3548.3746358862936,3678.9502047158985,3671.1485207607625,4025.8321872329498,3952.70789998225,3636.616118091762,3941.6035887823446,3683.014305745431,3567.6301761800514,3609.2861431539086,3617.0657469110265,3440.4362506887787,4000.040987137984,3644.6547952254914,3524.8649103145017,3504.755161813636,3978.7614089802255,3464.5771286295985,4318.300237789938,3677.998808494363
3522.5624383656177,3602.6787019655158,3505.5491822761296,3686.49998630631,3478.0645048335205,3548.3675632076615,3678.945564256982,3671.1441617009823,4025.831343449377,3952.7016202002196,3636.613227785623,3941.598122495261,3683.01060195361,3567.6271413680583,3609.2815374604797,3617.062749899298,3440.4311768643265,4000.0347427184693,3644.652932274296,3524.861959770021,3504.746925404684,3978.7577359690695,3464.570925978166,4318.29703978561,3677.9981177445993
3522.561897762669,3602.6760422202688,3505.5464626908297,3686.4983679331326,3478.063257599886,3548.363353924813,3678.9378447496238,3671.1393188899265,4025.825561278576,3952.6981829665183,3636.612279044461,3941.596663609771,3683.0086238639306,3567.6226801946414,3609.278926721795,3617.061137013022,3440.426357528418,4000.0292308864346,3644.650043491246,3524.8593312786097,3504.741511438892,3978.7553896733116,3464.5687827734037,4318.296708883727,3677.992373642927
3522.5580136084004,3602.6723276011508,3505.544935040804,3686.4955946899727,3478.0601345980403,3548.358299103008,3678.9300803707897,3671.1364775654665,4025.8207614733924,3952.695327657667,3636.609368376393,3941.5893148763953,3683.005543672325,3567.6173268502916,3609.2774169871955,3617.057994485342,3440.425168253775,4000.0219886303685,3644.6485401296172,3524.8561928724594,3504.7377054152394,3978.7508681578274,3464.566936703114,4318.294895207112,3677.988870032992
3522.5539960602114,3602.667578096067,3505.5429887766804,3686.4941492686085,3478.0576274799187,3548.354924469823,3678.923458260881,3671.134121244316,4025.817809698038,3952.6882434409317,3636.606299113133,3941.580223348415,3683.002482252491,3567.614909504358,3609.2752482512096,3617.0527276087405,3440.4219010451498,4000.0150874878864,3644.643634214323,3524.852149786251,3504.7351368225886,3978.747906013113,3464.5633774649345,4318.290811091876,3677.9839202464364
3522.5524779139696,3602.66503380271,3505.5393707680723,3686.493041926886,3478.0545990795513,3548.349726767664,3678.918323118934,3671.1314979993235,4025.8147007705234,3952.684697047157,3636.60250375904,3941.5773340313795,3682.997251525312,3567.6109932285717,3609.271754667891,3617.050131083334,3440.4219010451498,4000.0070009127976,3644.643405037048,3524.8475905729642,3504.732649500659,3978.7434849574624,3464.5603639410388,4318.289682737724,3677.982119573978
3522.550102456124,3602.6625004893185,3505.536580955587,3686.4917211980937,3478.0535717941257,3548.346252164689,3678.9163630771736,3671.126963956959,4025.8097990114,3952.678522484854,3636.598654225089,3941.5691415705855,3682.995592559537,3567.6063835470113,3609.2695776196324,3617.0479221277114,3440.420383810005,3999.998748317148,3644.6408590099936,3524.842599331886,3504.7291244388125,3978.740640156392,3464.557835401022,4318.289109243564,3677.9784253158364
3522.5477220243133,3602.6595103146547,3505.5342648656715,3686.4910399464225,3478.050436799259,3548.3447185541527,3678.9120862319787,3671.124626237319,4025.8042512788843,3952.674387501971,3636.5959335032876,3941.5640292866974,3682.9929734923744,3567.603139068232,3609.267972574821,3617.0447953484836,3440.416802571508,3999.99402603635,3644.6392414185893,3524.839574838477,3504.7275430791465,3978.7387746707946,3464.5549349981766,4318.28399289019,3677.977032920544
3522.546008012232,3602.6556192352077,3505.5325414083236,3686.4897909229894,3478.0492062048165,3548.3420376425515,3678.91007148024,3671.1215994495165,4025.8029574250895,3952.6737171667064,3636.5928560909438,3941.5606864084452,3682.9902957884055,3567.599494906893,3609.2660657430215,3617.0442231412876,3440.4155130479544,3999.986914465834,3644.637757447504,3524.8364250879986,3504.7244044181325,3978.7350099553787,3464.552609596777,4318.28155419026,3677.9741045932683
3522.544315044057,3602.653246036512,3505.528899437508,3686.4891575293113,3478.0473227610833,3548.3391209627116,3678.908815040874,3671.120253032125,4025.8019878114164,3952.6673980808114,3636.5881813444526,3941.5575630646413,3682.988967041352,3567.5965026684917,3609.262710921763,3617.040885290293,3440.412393235454,3999.983314278595,3644.634951653017,3524.83196492154,3504.722072543408,3978.732959506437,3464.5519334581513,4318.27946716324,3677.97258854536
3522.5420627444378,3602.650155218186,3505.5278260796617,3686.4873896390736,3478.045237625055,3548.3363452139965,3678.9066318450364,3671.118545855886,4025.800533607963,3952.6639442836677,3636.5868634115673,3941.5544092837026,3682.9864798891613,3567.5932676137004,3609.261859751132,3617.038732013671,3440.410581171287,3999.980003562613,3644.6329744163195,3524.829024346801,3504.720773534329,3978.7297815431302,3464.5509685113093,4318.276142268559,3677.9703140708043
3522.54099257475,3602.6484135186092,3505.5263972187486,3686.4873896390736,3478.043200355634,3548.335297820367,3678.9028619733854,3671.1157952766407,4025.7984024584225,3952.661466237254,3636.5846093789287,3941.550280318195,3682.982812016413,3567.59083207018,3609.260460278291,3617.0370927833,3440.4082600246174,3999.9759710388557,3644.629217792533,3524.8276373580593,3504.7173777981507,3978.728528552423,3464.5495921354727,4318.273344182917,3677.968735505712
3522.5405320942114,3602.6463330979223,3505.5249456698366,3686.486588281431,3478.0410606130054,3548.333030037117,3678.8994981728083,3671.113704477112,4025.7975724553407,3952.6608531481234,3636.581678369642,3941.5487663367094,3682.981212386636,3567.5888058339424,3609.2587131687433,3617.0339944014268,3440.4082600246174,3999.970402947527,3644.628477498366,3524.8253415150493,3504.714049081157,3978.725881876921,3464.548596620211,4318.272154673462,3677.9668306286385
3522.5392215431393,3602.6460349303584,3505.5245136620288,3686.4850104708976,3478.0398130253643,3548.3304511117594,3678.898598869202,3671.1121860035873,4025.795677486417,3952.6582474460315,3636.5784199806517,3941.546104843525,3682.979422347803,3567.586260868973,3609.2586506431844,3617.031747180008,3440.4078322916307,3999.9669892361503,3644.626628365059,3524.8240266131725,3504.7118246430687,3978.7236971875495,3464.5467438631576,4318.269239756959,3677.964727885082
3522.538684852939,3602.6429202854038,3505.5236083202662,3686.484732054826,3478.038608121165,3548.3285063973904,3678.8961503384453,3671.109685403977,4025.794346038312,3952.655880211415,3636.576133126572,3941.543568053994,3682.977373909615,3567.5834647393367,3609.256948929007,3617.029178994253,3440.4067211151623,3999.9651156211066,3644.6244580282596,3524.822068129182,3504.7102749017704,3978.7225598117666,3464.545723444116,4318.26847361935,3677.9629835888663
3522.5372268386463,3602.6425184457685,3505.5230010388054,3686.483891157165,3478.037898503517,3548.3264720488505,3678.8933827760666,3671.1082529746213,4025.793429599825,3952.6548781762995,3636.573097532345,3941.542066427471,3682.974382125173,3567.5829200544354,3609.2552181032115,3617.026927980231,3440.405944054863,3999.964062597815,3644.6232777946097,3524.820370747904,3504.707993471068,3978.7216124438933,3464.5443633247983,4318.26847361935,3677.9614600025498
3522.535710849801,3602.6410891436926,3505.521555338194,3686.4818307236615,3478.036747212223,3548.3253398820175,3678.891152212112,3671.1066483959125,4025.7915913807083,3952.6531873498225,3636.5720768904093,3941.5396192406783,3682.9731284083823,3567.581247711744,3609.253693333165,3617.025733791862,3440.404409254406,3999.96257084404,3644.6213790496345,3524.8187481842842,3504.7057988288298,3978.720013982258,3464.5425063647,4318.266025255451,3677.960061417573
3522.5351686161894,3602.6391045636224,3505.5204161289184,3686.4809661167824,3478.0355964093374,3548.3246902692235,3678.887955486607,3671.105641072334,4025.791217905539,3952.651901737825,3636.5699824494495,3941.537816080784,3682.971590923774,3567.580254352377,3609.251586068435,3617.0250502308945,3440.4034493776817,3999.960867117181,3644.620361994328,3524.816996128935,3504.7037015175997,3978.718850001089,3464.5411549706273,4318.265485154288,3677.9583555388103
3522.534449946388,3602.6373510394847,3505.5196382560953,3686.4803414821417,3478.0342047373906,3548.3233374230263,3678.8859111121687,3671.104607542594,4025.789285007841,3952.6494949318353,3636.569717917165,3941.5366479573827,3682.96991191504,3567.578772466114,3609.2508119298527,3617.023270309346,3440.4028148443517,3999.9581832438225,3644.6194156721576,3524.815880614529,3504.7025543831005,3978.7148081460855,3464.5392605113498,4318.265311234616,3677.9574079952304
3522.5335829955857,3602.635189757471,3505.5181882638653,3686.479707301743,3478.032871850238,3548.32181939315,3678.8841132298394,3671.1038766897573,4025.787886127786,3952.6472262872703,3636.5687937528855,3941.534757295456,3682.9693413296814,3567.577822630824,3609.2496657546662,3617.0212028922833,3440.4012755452677,3999.955931259659,3644.6192251961843,3524.8140030535724,3504.701139009738,3978.713546859296,3464.5376269651306,4318.262588804682,3677.956310976811
3522.532750600514,3602.6346241430365,3505.5176845747524,3686.4787328984708,3478.031828068154,3548.320276165432,3678.882900445693,3671.1028805343467,4025.786749061802,3952.6454811583517,3636.56689926084,3941.533137633221,3682.968589091947,3567.5766664215885,3609.2491850320203,3617.0196614937668,3440.4008242142545,3999.9535924809825,3644.617621714468,3524.8129339392476,3504.700542458326,3978.7126570057844,3464.5367387212,4318.261317621676,3677.9548265350822
3522.5322323391556,3602.633519893347,3505.516298871499,3686.4787328984708,3478.0312499319207,3548.3195756486343,3678.881614222704,3671.1021582378144,4025.78588827453,3952.644314638032,3636.5656638463292,3941.531229922112,3682.9678023388487,3567.575790869184,3609.248142519337,3617.019120044046,3440.400372965485,3999.952144955181,3644.616294644305,3524.8117956371602,3504.6988811051438,3978.711377846045,3464.5353734259006,4318.260148851079,3677.95371005326
3522.531669169086,3602.632552330453,3505.5151779815674,3686.4781447730484,3478.030676899927,3548.3183122240184,3678.8807899130616,3671.101650310039,4025.784962949233,3952.6432775146363,3636.5647732913003,3941.5297428178746,3682.9670663382967,3567.5752686866817,3609.247213932726,3617.018476959286,3440.399361945418,3999.950165271539,3644.6157699586875,3524.8106028302973,3504.6985919842327,3978.710502219815,3464.5345760151163,4318.258831832255,3677.9530981624866
3522.5308846711205,3602.631531719405,3505.514964884841,3686.4774923216482,3478.030502393526,3548.317622042008,3678.880059688946,3671.100670825404,4025.7847325078474,3952.6413367180185,3636.5634868530415,3941.5286460309394,3682.9661729501368,3567.573527184012,3609.2470035748515,3617.017669853026,3440.3987302816804,3999.9487092292607,3644.6157699586875,3524.8099652919527,3504.6974455101245,3978.710429296722,3464.5339143266046,4318.258732982613,3677.952129066445
3522.530467635101,3602.6309965066534,3505.514565456306,3686.476774214329,3478.0298123373195,3548.3160002034197,3678.879364707191,3671.099459302507,4025.7838397798428,3952.6397073713706,3636.5624972895994,3941.52742754272,3682.965437159952,3567.572402022845,3609.2463503789604,3617.017055854379,3440.3979201027278,3999.947871071769,3644.6150807502718,3524.8091789096943,3504.696651554386,3978.7097565220556,3464.533287714252,4318.258326439201,3677.9512892443176
3522.529994648456,3602.6305235758255,3505.513544927603,3686.476097906449,3478.029499029629,3548.3152076907822,3678.878829373076,3671.0985871894354,4025.7830302824036,3952.6385517172903,3636.561833467439,3941.5263211394636,3682.9650760949544,3567.571397220777,3609.2450319715144,3617.0158199733464,3440.3971158590116,3999.94580647518,3644.6146337882824,3524.808019915848,3504.6964456579217,3978.709202181296,3464.532948094318,4318.2579164271665,3677.9506261714637
3522.528880875064,3602.6294644424433,3505.512789662797,3686.4759608381055,3478.0289119499753,3548.3143058417763,3678.8783946102326,3671.09775278461,4025.7824587357572,3952.637800000647,3636.561045640422,3941.524810658344,3682.9645208083375,3567.570608713164,3609.2441249710578,3617.015376344547,3440.396869566768,3999.9447449321756,3644.6136964902294,3524.8071410702987,3504.695407188488,3978.708236295474,3464.5323118026163,4318.257830330707,3677.949724994739
3522.5284548279,3602.62805650493,3505.5122816005232,3686.4753678718703,3478.0284866863576,3548.3132898835697,3678.8775305105355,3671.0970391057126,4025.7816167516294,3952.6363455798,3636.5603717504505,3941.5243980702066,3682.96432578486,3567.569984004113,3609.2435892707344,3617.014468665592,3440.3957983518076,3999.9440725631644,3644.6130369058346,3524.806265200945,3504.6941531997954,3978.7073510295586,3464.5318285666467,4318.256729201039,3677.9495669191165
3522.527998960435,3602.6273205213047,3505.511562832318,3686.4746822815514,3478.0283669927317,3548.312762292623,3678.876816480754,3671.0962241623492,4025.780928757,3952.6356347587757,3636.5596259431086,3941.523659591209,3682.964163795806,3567.569782509574,3609.243162609823,3617.0138933516428,3440.3955630858063,3999.9420769985772,3644.6126506779356,3524.8058116963302,3504.693298605795,3978.70672091264,3464.531155045567,4318.255931385394,3677.949093718382
3522.527472586953,3602.626573835374,3505.5111765912698,3686.4745455499587,3478.028127645609,3548.311639628734,3678.8764675709144,3671.0951610567754,4025.780620768239,3952.6349264717965,3636.5592501531487,3941.522865267304,3682.9638305566277,3567.569602134695,3609.2424845571154,3617.013357164646,3440.3950677840585,3999.9409692735644,3644.6124963652314,3524.8051665189646,3504.69265499083,3978.706599045794,3464.530803559339,4318.254969211185,3677.9485061771693
3522.5268309231587,3602.6263098469567,3505.5110040069917,3686.4745455499587,3478.0277057433173,3548.3112651271827,3678.87552130489,3671.0948508239926,4025.7793887246617,3952.634036662158,3636.558451923537,3941.522351691951,3682.962971363625,3567.5692502892925,3609.2419197324066,3617.012823679451,3440.394286983937,3999.9394743511352,3644.6121945843015,3524.804625425124,3504.6918819684306,3978.705854453621,3464.5303859606984,4318.254567449819,3677.9483546998213
3522.5263887996657,3602.6259699273364,3505.5106123152846,3686.4743768627486,3478.027384004412,3548.3110031595893,3678.8741562438872,3671.094413837927,4025.7789609212005,3952.633292833516,3636.5581460474655,3941.5212956695545,3682.9627985294387,3567.5687060039636,3609.2417021598308,3617.012436754683,3440.3938407828778,3999.938779397587,3644.611454638291,3524.804158292506,3504.6917505666543,3978.7053598758207,3464.530016667456,4318.254006445846,3677.9477016592396
3522.5263316247792,3602.625482507253,3505.5104724286157,3686.4738101197336,3478.027247655212,3548.310585123373,3678.8737809150207,3671.0936512983903,4025.7780174677487,3952.632931299857,3636.5574856715284,3941.520647648,3682.962361253979,3567.5682621202545,3609.241132807111,3617.0117930310016,3440.3935343265794,3999.9384022634194,3644.6113507164855,3524.8034957036048,3504.6913801890187,3978.70493642178,3464.529537119468,4318.2530209926845,3677.947091333233
3522.525985718204,3602.624812002434,3505.5102578168744,3686.473570602486,3478.0270529665977,3548.3104022884795,3678.8731326665584,3671.093226968694,4025.777947534252,3952.6326984924945,3636.5572268994474,3941.520113390701,3682.962146556125,3567.5674773403016,3609.2406452486293,3617.0114951588716,3440.393414252024,3999.937964552657,3644.6113057216517,3524.803040815026,3504.6910731973203,3978.7044536872936,3464.529025789299,4318.252968282369,3677.9466423526214
3522.5256149764023,3602.624331083043,3505.509974346784,3686.473440189081,3478.02685403223,3548.31001213319,3678.872827347135,3671.0930552807704,4025.7773061605053,3952.6320494048864,3636.5568917331652,3941.519706199033,3682.9615769681386,3567.567117044666,3609.2405121894917,3617.0111579795275,3440.393017571995,3999.937487525147,3644.610620179788,3524.802637252907,3504.690746857319,3978.703975177145,3464.528535252451,4318.252375679591,3677.9462375550556
3522.5253271861397,3602.6239445684737,3505.5097119236207,3686.4731099046103,3478.0263755534747,3548.3094792599436,3678.872431911759,3671.0928181819972,4025.7770676682103,3952.6316354097953,3636.5564448185933,3941.519279663541,3682.961483045998,3567.566859862151,3609.2402550389425,3617.010752946853,3440.392673843345,3999.9371150018296,3644.610256553551,3524.8024510736977,3504.6905302215964,3978.7035632059433,3464.5282378581596,4318.252023649842,3677.9460690426204
3522.5250882408463,3602.6233150288517,3505.5094042335445,3686.4729510890447,3478.026274318765,3548.309023436729,3678.87183418503,3671.0926197474605,4025.7769582459573,3952.631453653189,3636.556130371905,3941.5186431386446,3682.961201193195,3567.5665743288987,3609.240017294297,3617.0104244459776,3440.3925043868658,3999.936709576358,3644.610124015933,3524.802060312343,3504.6901104419558,3978.7033669925604,3464.52777305332,4318.25158703854,3677.9457872284293
3522.5249280914286,3602.623062375184,3505.509136816493,3686.472732583613,3478.0261281548005,3548.3087841816805,3678.871482487294,3671.0924253928215,4025.7765844693895,3952.631020005301,3636.5555327046914,3941.5179999704615,3682.9608307829562,3567.5659088621037,3609.2397345472405,3617.009934265807,3440.3923561891356,3999.935905825567,3644.609907928916,3524.8019557359335,3504.6898414982297,3978.70319002572,3464.5273842049305,4318.25158703854,3677.9455703707013
3522.5246870257643,3602.62293181173,3505.5090289074574,3686.472605290493,3478.025943548965,3548.3086665848737,3678.8711796311036,3671.0919037112767,4025.7763386715874,3952.630619848696,3636.555267511617,3941.51774781812,3682.960587254427,3567.565646690211,3609.239533604028,3617.0099059573577,3440.392048657002,3999.935428135748,3644.609516898139,3524.8016649433193,3504.6895575201274,3978.7029402384605,3464.526989225817,4318.251304239967,3677.9451004198527
3522.5245880319417,3602.6224741329715,3505.5087636351805,3686.472605290493,3478.025689405984,3548.308272142715,3678.870929226846,3671.091753470613,4025.7759504293535,3952.630355253111,3636.5551062655377,3941.517615693215,3682.960130117446,3567.5652846982425,3609.2394715427,3617.0094164767183,3440.3916333976813,3999.9350659583333,3644.6093458190026,3524.8015204549397,3504.6892194317,3978.7027608244666,3464.5267053098296,4318.250950622221,3677.9448499183686
3522.5243698915283,3602.622385335304,3505.5086151603023,3686.4724873067635,3478.0255314292885,3548.3080983515383,3678.8706130098462,3671.091615089308,4025.7752562130295,3952.6301040817525,3636.555016592284,3941.517302849821,3682.959926454973,3567.565181602695,3609.239329471679,3617.00929277083,3440.3913524699406,3999.934700236379,3644.609027755488,3524.8012998841305,3504.6889908152316,3978.70262911289,3464.5264630516117,4318.250866154647,3677.944634263411
3522.5242176222164,3602.6219454533525,3505.508503341938,3686.4722173677774,3478.0253010107153,3548.3079144459343,3678.8703195551498,3671.0913259629406,4025.7752562130295,3952.6295460982155,3636.5547201252093,3941.5170021177914,3682.9598023574836,3567.5649501887965,3609.239115215776,3617.0091175281555,3440.3910560734757,3999.934305492106,3644.60890154601,3524.8011306498142,3504.6886997989254,3978.7024909352067,3464.526257440749,4318.250439648451,3677.944401870329
3522.524048780418,3602.6218080661133,3505.5082548103474,3686.4721106259544,3478.0251742126966,3548.307690754208,3678.8698711640063,3671.091094884347,4025.7751960613796,3952.629431806721,3636.554591026448,3941.5166600841303,3682.95956571543,3567.564795048721,3609.2389579982864,3617.0089644336554,3440.3906706650287,3999.933990784868,3644.6086338249543,3524.800796700164,3504.6885401957506,3978.7021492719846,3464.526023278661,4318.250211922058,3677.9442449051107
3522.5239343007734,3602.6216704996946,3505.5081396958885,3686.4720127947967,3478.024957754319,3548.307480989465,3678.8696123067093,3671.091002301241,4025.775184851902,3952.6290888490707,3636.554471233,3941.5163384427788,3682.9594545268537,3567.5645414174924,3609.2389097202267,3617.0088807787206,3440.390575825618,3999.9334976099153,3644.6085519768003,3524.8005790975067,3504.6882779670914,3978.701950190196,3464.5259012910037,4318.250003120682,3677.9439620735293
3522.5237112268205,3602.6214730276797,3505.507879064674,3686.4718788798577,3478.024821997067,3548.307327480272,3678.869389970225,3671.090823588842,4025.775184851902,3952.6289452201936,3636.5539854451613,3941.5159559955505,3682.9592433141934,3567.564304875663,3609.238687053757,3617.008783869479,3440.3904263931217,3999.9331761042267,3644.60840200045,3524.800489086334,3504.688036877579,3978.701696535905,3464.525737916126,4318.249889177966,3677.94375196223
3522.523568166899,3602.6212424456903,3505.507639017106,3686.4718243093403,3478.0247102789162,3548.3071508491857,3678.869262222564,3671.0906141230935,4025.7751479800568,3952.628755873084,3636.553836557752,3941.5156423443054,3682.959063159724,3567.5642368126228,3609.238515670283,3617.0086773756375,3440.3902626435074,3999.9327418451694,3644.608376655705,3524.800340613355,3504.6878874268623,3978.701554446742,3464.525644763065,4318.24985322136,3677.9435908545015
3522.5235578816723,3602.6211851447315,3505.5075511661844,3686.4717605676415,3478.024546528742,3548.307033297496,3678.86919331838,3671.0905159217123,4025.775081812494,3952.628469630642,3636.5536509966805,3941.5154838106814,3682.958888990698,3567.564154375441,3609.238337882741,3617.0086472994244,3440.390138220719,3999.9326167484196,3644.6082110638717,3524.8002137838484,3504.6877759706476,3978.701372586444,3464.5254606876697,4318.249565698892,3677.943448072163
3522.5234880673647,3602.6210349248745,3505.5074659439115,3686.471564289966,3478.024499892589,3548.306920998712,3678.869029840332,3671.090333665681,4025.774825532764,3952.6283372485395,3636.55337223609,3941.5153417046668,3682.9586520154003,3567.564009993685,3609.23822160303,3617.0084917572285,3440.390007590348,3999.932281090672,3644.60813715954,3524.800096002322,3504.6876711336436,3978.701253097652,3464.525323289491,4318.249327159913,3677.943145164514
3522.523421354749,3602.620931869208,3505.5073906464813,3686.4715337468083,3478.0244210526894,3548.3067494581155,3678.8688318205045,3671.090253216814,4025.774737069331,3952.6281036563937,3636.55323281935,3941.5151139256905,3682.9585231861975,3567.563779198083,3609.2380676772686,3617.00840248678,3440.3899427772294,3999.9321493664675,3644.607979862302,3524.7999282019405,3504.687541563968,3978.7012144723626,3464.5250871179082,4318.249306402731,3677.9428978577503
3522.5233023090595,3602.620854496009,3505.507286328954,3686.4713842433835,3478.024367889221,3548.3066108575217,3678.8687736639567,3671.0900953545033,4025.7746378783722,3952.6278726016403,3636.5531635919356,3941.514998095439,3682.9583352810123,3567.563681386321,3609.237920084146,3617.00834204252,3440.3898975893208,3999.9319903224414,3644.607895231922,3524.799878228295,3504.6874240807088,3978.7009979183586,3464.524961111664,4318.249162468524,3677.94276165302
3522.5232481626945,3602.620766580916,3505.5072194143895,3686.4713842433835,3478.0243336496146,3548.3064081712973,3678.868673264871,3671.0899582221077,4025.7746005153144,3952.627785485249,3636.5530581995117,3941.5147064826633,3682.9582481153957,3567.5635754356404,3609.237812751041,3617.0081513765863,3440.389863094675,3999.931817643459,3644.6078225650103,3524.799778946746,3504.6872723753186,3978.700933691316,3464.524877708881,4318.249115454052,3677.9426529275315
3522.5232226103144,3602.6206892160008,3505.5071512933755,3686.4713573634917,3478.024269786454,3548.306297726057,3678.868531452854,3671.0898372821453,4025.7743978696362,3952.6276783407284,3636.552965193808,3941.5145414441195,3682.9581711304454,3567.5634913272515,3609.2377458571827,3617.008091198426,3440.389715929371,3999.9316531616796,3644.607764297177,3524.799566816796,3504.687156930045,3978.7008872532197,3464.5247254722763,4318.248965525037,3677.9425834947197
