trial_1,trial_2,trial_3,trial_4,trial_5,trial_6,trial_7,trial_8,trial_9,trial_10,trial_11,trial_12,trial_13,trial_14,trial_15,trial_16,trial_17,trial_18,trial_19,trial_20,trial_21,trial_22,trial_23,trial_24,trial_25
173818287354.17514,262147190090.346,206494096906.4478,235680441826.14178,237723011725.66293,229619624910.17276,264015753353.69366,203416095798.8609,265505394325.1316,227484509170.1762,290863712273.283,230202433053.53354,228377490891.3806,211777758146.75464,232732611808.07248,265543077854.5604,232327908555.87985,244083058205.05472,218195382845.65335,291243116502.89716,268922160061.4937,239226212804.7323,240092155021.44186,257049297919.02798,258885183144.7187
173818287354.17514,261862787200.6011,206494096906.4478,229947625815.5963,237723011725.66293,227608669716.00906,264015753353.69366,190479612040.36722,242903408506.8833,226883127000.89923,210164903648.59674,183085734779.12222,220791304026.67975,211777758146.75464,204105470102.5385,247076711352.6027,232327908555.87985,216385496027.62967,206767782878.2291,209681666737.24286,253102339526.6844,239226212804.7323,240092155021.44186,232605707446.62653,218967793146.28354
173818287354.17514,261862787200.6011,206494096906.4478,188058295404.5251,212687816464.76947,218786020046.81906,248167921315.99542,190479612040.36722,242903408506.8833,225515673794.3678,210164903648.59674,183085734779.12222,220791304026.67975,187750554375.905,196524663759.2105,247076711352.6027,232327908555.87985,178058869158.00244,185016756340.3202,209681666737.24286,253102339526.6844,200637973788.5306,240092155021.44186,232605707446.62653,218967793146.28354
173818287354.17514,215500706462.25558,166920126768.3137,182367614917.5932,212687816464.76947,218786020046.81906,248167921315.99542,170278478641.9056,242903408506.8833,205196061604.15982,210164903648.59674,183085734779.12222,220791304026.67975,187750554375.905,127815137375.09128,247076711352.6027,232327908555.87985,178058869158.00244,185016756340.3202,209681666737.24286,253102339526.6844,200637973788.5306,209060086522.60565,232605707446.62653,207196123439.05362
158676478407.94516,215500706462.25558,166920126768.3137,176725883479.57605,180730418123.8078,218786020046.81906,248167921315.99542,170278478641.9056,215781944936.49072,205196061604.15982,191504877430.54575,183085734779.12222,220791304026.67975,186581141804.00488,127815137375.09128,247076711352.6027,202160212133.47864,178058869158.00244,185016756340.3202,201821652090.77393,253102339526.6844,200637973788.5306,152761292547.74835,232605707446.62653,207196123439.05362
157524111387.07346,169087016533.06345,166920126768.3137,170902808568.15613,180730418123.8078,218786020046.81906,248167921315.99542,129654074910.29994,215781944936.49072,171245800499.79495,191504877430.54575,173026614855.9114,220791304026.67975,181033041134.09088,121041650821.64474,172927087730.28827,179623405858.13403,163096606433.25485,154124063201.4924,201821652090.77393,253102339526.6844,190564836718.7657,152761292547.74835,232605707446.62653,197528940179.05276
157524111387.07346,169087016533.06345,166920126768.3137,170902808568.15613,136495522288.90393,198396299677.62418,195056820073.46365,122678514721.42078,209816311493.83554,160698530313.09827,191504877430.54575,173026614855.9114,220791304026.67975,161520058153.49,121041650821.64474,172927087730.28827,149650283390.63425,163096606433.25485,138958657598.75998,201821652090.77393,165395861097.25934,187523632748.23138,126022695977.6516,232605707446.62653,197528940179.05276
157524111387.07346,169087016533.06345,163934545134.44476,162775867219.1537,136495522288.90393,150205011619.45792,195056820073.46365,121892851783.15863,157222190997.09802,160698530313.09827,191504877430.54575,105591895943.37357,184180941597.27386,161520058153.49,121041650821.64474,172927087730.28827,139181849030.49594,151028242571.30484,138958657598.75998,142542076050.43124,165395861097.25934,187523632748.23138,126022695977.6516,159968858678.95874,197528940179.05276
157524111387.07346,169019971050.70572,153805823353.3306,162775867219.1537,136495522288.90393,150205011619.45792,195056820073.46365,113765590698.29045,157222190997.09802,157522307655.64172,191504877430.54575,105591895943.37357,184180941597.27386,151814605536.28003,118536940076.89307,168603807289.413,139181849030.49594,151028242571.30484,138720963102.9272,142542076050.43124,165395861097.25934,176835903473.71442,119976680113.88326,159968858678.95874,197528940179.05276
157524111387.07346,169019971050.70572,130740046837.67857,162775867219.1537,132912173124.53992,125314565401.08034,195056820073.46365,113765590698.29045,157222190997.09802,156303510664.6735,191504877430.54575,105591895943.37357,155389620506.70087,143549193996.93912,118536940076.89307,167235450470.97913,139181849030.49594,151028242571.30484,105762196583.73775,142542076050.43124,155046706191.05084,175083056069.34195,119976680113.88326,159968858678.95874,197528940179.05276
157524111387.07346,120881088185.0056,128633172119.65556,162775867219.1537,127297584463.7562,117182845184.5343,195056820073.46365,113765590698.29045,157222190997.09802,152488250393.28394,191504877430.54575,105591895943.37357,155323853937.52002,142397282524.70132,106884611323.98169,142932206211.48276,126178023294.85327,151028242571.30484,105762196583.73775,126008288445.8456,155046706191.05084,116957306249.24509,114258165573.80588,151775621487.27072,195985676298.33398
124469891040.84477,120881088185.0056,128633172119.65556,162775867219.1537,123664524546.70244,117182845184.5343,192309594027.36267,87760700498.95218,157222190997.09802,139516240370.12646,180237537797.7623,105591895943.37357,139409087690.69995,141631782773.32272,106884611323.98169,121905152391.41188,125327363852.70848,146924206050.83527,105762196583.73775,126008288445.8456,155046706191.05084,110084292243.06937,114258165573.80588,149803642798.2625,176130507277.76123
123964455976.75981,105078074860.50043,100971471656.02606,162775867219.1537,112728220068.89252,96794779692.36906,192309594027.36267,86948300869.00926,153390893670.7666,139516240370.12646,141026090417.05328,101562466131.14066,139409087690.69995,137763523785.8531,106884611323.98169,121905152391.41188,118899078937.72227,146924206050.83527,105762196583.73775,126008288445.8456,143172545906.74078,108381055323.98015,112318152853.60794,112041779139.73042,153240605356.6547
123964455976.75981,105078074860.50043,100971471656.02606,150836250994.4158,112728220068.89252,95088363097.44081,184978393676.75314,86948300869.00926,145525297609.79312,139516240370.12646,139001706531.02457,101562466131.14066,139409087690.69995,125662339521.23447,99829310355.81363,119434539262.85075,118899078937.72227,134138230825.04997,105762196583.73775,126008288445.8456,118519249234.3133,108381055323.98015,109073585563.76736,112041779139.73042,129829150365.67297
123964455976.75981,103619297243.576,100971471656.02606,128258009834.3326,112728220068.89252,95088363097.44081,175465441579.16495,86641137614.99107,145525297609.79312,139157698465.31308,139001706531.02457,100889197431.03804,109804616787.168,125662339521.23447,99829310355.81363,119434539262.85075,117184262264.25735,124066672510.23184,93676624017.74103,90214698234.26633,118519249234.3133,108381055323.98015,109073585563.76736,112041779139.73042,129829150365.67297
120309912039.12279,103619297243.576,100971471656.02606,128258009834.3326,100820898347.12082,95088363097.44081,150949928350.5616,86477854691.19374,145525297609.79312,130884285617.1876,134216461359.81064,100889197431.03804,109804616787.168,123679057764.2497,99829310355.81363,119434539262.85075,106684053945.45876,123605292289.02202,92839045077.1634,90214698234.26633,118519249234.3133,108381055323.98015,108309206483.269,112041779139.73042,129829150365.67297
113662841334.50685,103619297243.576,100971471656.02606,128258009834.3326,100820898347.12082,95088363097.44081,119692823330.11288,85608272509.3559,139882327088.0118,111747428906.65173,133355561082.37257,91842838970.13571,109804616787.168,103147593793.05438,84786174611.54175,119434539262.85075,106684053945.45876,121577297304.36382,87222360915.4568,90214698234.26633,115727533183.8988,108381055323.98015,96050511186.20937,112041779139.73042,129829150365.67297
113662841334.50685,103619297243.576,100971471656.02606,112882850180.03654,100820898347.12082,95088363097.44081,118735569165.59682,77974947176.86578,132063562905.7338,96462584396.27509,133355561082.37257,91001346207.52689,99022193208.6979,103147593793.05438,84786174611.54175,119434539262.85075,103177712892.15938,112469430195.64519,85553092528.65732,90214698234.26633,115727533183.8988,108381055323.98015,93829338198.93404,109061187211.64438,124040711876.60175
105494132264.45073,103619297243.576,100971471656.02606,112882850180.03654,94445672650.48596,89092248148.84433,100443327689.77687,77612725116.34251,129925509188.41293,96462584396.27509,122516565119.43945,90641105103.19926,99022193208.6979,103147593793.05438,84786174611.54175,117808340746.09717,88227517548.76799,109608687703.3696,73519556519.63991,90214698234.26633,105486673704.30173,104964691383.20804,93829338198.93404,109061187211.64438,116608881887.36757
102056733094.03212,103619297243.576,91444475299.16673,112882850180.03654,93674608552.21619,88991813152.63652,75628345671.06763,73012903697.01059,129925509188.41293,80565607450.3602,118856123495.1232,87724950621.53032,99022193208.6979,91324120659.41252,84786174611.54175,100832380360.34268,88227517548.76799,103625095193.09616,73519556519.63991,90214698234.26633,103353838685.86005,100004006219.36694,86410005741.0608,92929736379.07243,116608881887.36757
102056733094.03212,81934097653.25232,87637930374.63051,104687171026.1188,92541615771.67473,88991813152.63652,75628345671.06763,70390121831.8416,129925509188.41293,72182361974.11897,118296679979.27707,84178954214.92595,99022193208.6979,91324120659.41252,84786174611.54175,94598937948.72588,88227517548.76799,103625095193.09616,61419701825.093185,90214698234.26633,86136864934.07935,100004006219.36694,85431770350.46928,87930863462.09961,113788113185.24142
102056733094.03212,79028558776.0269,81326056673.89458,104687171026.1188,92541615771.67473,79736712171.2101,75628345671.06763,70390121831.8416,118509999513.26186,72182361974.11897,92524795471.35854,65713202848.04349,97174593217.68466,46317159194.84693,83907315762.3848,94598937948.72588,88227517548.76799,99110295049.36276,61419701825.093185,76668582528.46515,86136864934.07935,100004006219.36694,80786690839.07736,81163559050.73668,103515283207.20966
102056733094.03212,79028558776.0269,69881209443.24992,104687171026.1188,92541615771.67473,72380916108.48125,75628345671.06763,70390121831.8416,72507415981.26624,72182361974.11897,86592994374.39198,53247332722.70481,97174593217.68466,46317159194.84693,83468384906.39787,94598937948.72588,86918091487.32559,96808247727.25975,61419701825.093185,67531047934.277534,77796450175.4051,100004006219.36694,80786690839.07736,81163559050.73668,102527353651.5431
84746895452.42175,79028558776.0269,69881209443.24992,101348753631.99084,86654451691.79446,72380916108.48125,75157185206.62778,63111621837.8347,72507415981.26624,66307155519.89373,86592994374.39198,53247332722.70481,88746850798.28764,43636367615.417404,82814083911.13373,89497077062.6223,71104051235.62442,90816218054.66922,57038564762.20398,67531047934.277534,75575176626.11763,87608992242.17596,75238829389.59854,80469945716.85321,102527353651.5431
84746895452.42175,77528441442.94806,69881209443.24992,95463827812.87283,86195759384.05684,62520563786.80844,75157185206.62778,61100012456.58088,72507415981.26624,61684806342.390076,86592994374.39198,53247332722.70481,77108726146.37999,43636367615.417404,65913055054.65915,81597336407.70372,71104051235.62442,90816218054.66922,53707191827.80906,67531047934.277534,72086629067.88849,80515188694.67749,74173083889.98543,67670549954.08239,102527353651.5431
84746895452.42175,67532051650.24015,57144287948.46269,93593512488.68665,85402869147.48073,61841656214.49552,66456122189.1896,58695055384.840126,72507415981.26624,59784306709.98128,81623220951.40646,53247332722.70481,77108726146.37999,43636367615.417404,65913055054.65915,79128783019.22559,71104051235.62442,78853824631.91068,52213228523.125435,67531047934.277534,72086629067.88849,76934970648.56102,61812040502.38977,67670549954.08239,92608147258.55263
82652897088.21382,67532051650.24015,56510307914.543045,86415348355.07643,73573859558.61212,60145603120.94969,65617596465.831604,58695055384.840126,72507415981.26624,48073545006.41466,81623220951.40646,50571156381.82801,74904233629.83827,43636367615.417404,65913055054.65915,69421562790.49635,65117514540.839096,75625490393.40857,51485744310.73265,67531047934.277534,72086629067.88849,76934970648.56102,61812040502.38977,67670549954.08239,71536789018.84802
67944921253.566605,67532051650.24015,56510307914.543045,86415348355.07643,71236743762.49396,53092150926.903496,57294165969.99447,58695055384.840126,72507415981.26624,48073545006.41466,81623220951.40646,50571156381.82801,68087594181.311424,42460391106.54074,63454538871.54804,69421562790.49635,63578142247.64444,70206703404.03918,44935614350.37842,63596344477.25992,71714768961.73479,76934970648.56102,61812040502.38977,65151050985.04685,71536789018.84802
66068664571.827255,57891213441.100006,55844342280.07977,76831142341.71349,71236743762.49396,53092150926.903496,57294165969.99447,56028715275.96655,72507415981.26624,48073545006.41466,80729573157.68681,48897033970.03407,68087594181.311424,42460391106.54074,53542461538.74918,69421562790.49635,63578142247.64444,70206703404.03918,44935614350.37842,63596344477.25992,68458823336.904366,76789404629.95163,61608107624.01475,65151050985.04685,71536789018.84802
58819210944.205795,50466166548.94041,55844342280.07977,70207229402.96954,65478655937.6833,49643954583.10706,49093558762.314865,54922963565.93637,72507415981.26624,48073545006.41466,80729573157.68681,48897033970.03407,65114117260.69187,39846307214.747406,53542461538.74918,69421562790.49635,63578142247.64444,62875571033.81769,43463168678.31063,54950123861.6497,67703027072.49822,62145467998.06128,56213201420.12708,65151050985.04685,71536789018.84802
58819210944.205795,45428925137.55705,53099994742.04986,70207229402.96954,64880092626.605034,45342829255.48395,49093558762.314865,53862496254.50967,60893550082.777145,48073545006.41466,80729573157.68681,46034695048.12035,63921259701.974785,39475489227.0608,52099773868.48049,58386860673.53232,63578142247.64444,61440986580.28315,43463168678.31063,51721627137.31656,62502164516.77166,62145467998.06128,55259156132.18882,65151050985.04685,71536789018.84802
57742707322.12119,45428925137.55705,53099994742.04986,68661833692.76492,63433910911.76432,44973624907.86377,49093558762.314865,53838037791.19031,60584214612.61618,43575333437.31267,72791299795.32971,43274704106.823395,57708564599.00405,39475489227.0608,52099773868.48049,56216174487.43493,60405337931.36459,60672676791.41962,43463168678.31063,51721627137.31656,62502164516.77166,57304034182.538536,55259156132.18882,62925341523.1581,71536789018.84802
56706194825.73844,45251118297.311295,52718592644.074005,68661833692.76492,63433910911.76432,44028357777.51292,47835203121.358505,43642876254.848366,60584214612.61618,43575333437.31267,72791299795.32971,38603996900.288765,57708564599.00405,39475489227.0608,49212313448.52605,55392203094.846405,55473008031.955795,59777819544.46674,41112150951.00399,51721627137.31656,54535319451.84463,57304034182.538536,55259156132.18882,50147958119.24863,57853371244.53797
55706907896.004364,45251118297.311295,52718592644.074005,67224984745.84833,62698293947.28669,42915132389.09289,47010010014.79405,43642876254.848366,60584214612.61618,43575333437.31267,70988729739.87871,36550114602.61544,48300429433.32557,39039738392.36757,49212313448.52605,55392203094.846405,55266006632.22885,59777819544.46674,41112150951.00399,51170413997.46152,49511775356.8179,57304034182.538536,55048024449.05411,47416036774.07896,50940341599.183014
55706907896.004364,45251118297.311295,43998554069.263435,66741212612.93614,59247766069.823395,41636728011.36282,47010010014.79405,43642876254.848366,58906278382.116035,42521007472.0007,64089004646.43781,36550114602.61544,39658158304.161316,39039738392.36757,47852936499.970856,55237785394.090706,52922916912.30697,59777819544.46674,36459273704.86263,47548294579.02436,49511775356.8179,53389537782.95893,51375472802.744194,47416036774.07896,50940341599.183014
55706907896.004364,40808457280.03847,43998554069.263435,57965197017.5632,58274519096.80261,41636728011.36282,38783914410.17128,43642876254.848366,58906278382.116035,39781269077.368454,63030864491.00388,36550114602.61544,37997270346.19625,39039738392.36757,47852936499.970856,52662073891.94456,51266954578.86512,45752088503.1338,36459273704.86263,47548294579.02436,49511775356.8179,53003532907.11258,42368025188.19411,47416036774.07896,50940341599.183014
47905979734.27063,40808457280.03847,39152633161.05111,57965197017.5632,58274519096.80261,41361117692.43586,36879614728.142235,43642876254.848366,54384049899.37001,38352052450.49513,63030864491.00388,36550114602.61544,37887997240.18582,38657150307.05384,42390510332.07233,52662073891.94456,38185528997.43184,45098999436.285995,36459273704.86263,47548294579.02436,49511775356.8179,53003532907.11258,42368025188.19411,45866591253.77153,50006763871.451706
47905979734.27063,30243530585.202927,39152633161.05111,54443225889.691185,52817227024.81053,35703202750.548134,36879614728.142235,37943731455.149124,47103313914.60867,34919886442.0571,62818039569.27303,36550114602.61544,37887997240.18582,36970702885.04304,42390510332.07233,46554918562.9586,35544241490.88423,44340404083.17453,34819826708.5402,41126578122.23635,43993796517.168594,53003532907.11258,42368025188.19411,45523572184.359406,47461098104.230774
46556008248.7062,30089974226.136158,38733755245.0404,46640765403.95183,45838646470.52916,35703202750.548134,34781212485.28129,36923077668.77719,45979699703.95589,33761746000.549866,52514461683.15275,36550114602.61544,37887997240.18582,36970702885.04304,42351961208.4207,36862349643.04808,35544241490.88423,44340404083.17453,34819826708.5402,36406290554.66085,43993796517.168594,43649422771.49702,42368025188.19411,42438657877.810646,47461098104.230774
46556008248.7062,30089974226.136158,38279976565.87636,46640765403.95183,45474483793.3495,35703202750.548134,34781212485.28129,36923077668.77719,45979699703.95589,33761746000.549866,49803319769.75181,36392215162.46096,35888740365.10761,32746535495.309753,42351961208.4207,36639295255.437065,35544241490.88423,38000270941.76087,30529425216.29672,36406290554.66085,34873411959.08333,43649422771.49702,42368025188.19411,42438657877.810646,46922799663.489815
46556008248.7062,30089974226.136158,38279976565.87636,46640765403.95183,45474483793.3495,35703202750.548134,34781212485.28129,33822559019.32497,45790988166.46529,33714876317.02227,49803319769.75181,35748315169.22468,35888740365.10761,30316363760.517822,40146775445.54901,36639295255.437065,35544241490.88423,38000270941.76087,29183510054.74494,36406290554.66085,34873411959.08333,36764184141.89166,40936020687.35338,33969553640.006172,46922799663.489815
46472452166.592834,30089974226.136158,32528849485.341225,36618330766.509636,45474483793.3495,35703202750.548134,34781212485.28129,32696396025.125256,45583425581.22527,33714876317.02227,49803319769.75181,35505835091.687225,33954191248.845158,30316363760.517822,36700817310.95205,36639295255.437065,31812795025.455486,38000270941.76087,29183510054.74494,36389749857.14662,34434883285.63067,30185921493.32304,40936020687.35338,33969553640.006172,46922799663.489815
46097239698.57708,29497590219.320305,32528849485.341225,36618330766.509636,45474483793.3495,34783370618.161545,34237113174.413902,32696396025.125256,39071286609.30396,33714876317.02227,47338770926.96108,34228594008.417236,31660922639.30083,30076698700.552937,36700817310.95205,36639295255.437065,31812795025.455486,38000270941.76087,28581103311.77398,33499608442.71128,34434883285.63067,30185921493.32304,40936020687.35338,33969553640.006172,43325853157.60939
39731759765.26325,29497590219.320305,29431262468.65602,36618330766.509636,40347547302.39992,32806475976.467537,34237113174.413902,32696396025.125256,39071286609.30396,33714876317.02227,47338770926.96108,34228594008.417236,31660922639.30083,30076698700.552937,34832446653.35359,33337136308.782898,28166671685.253414,38000270941.76087,27150556759.992214,33423603826.789394,34434883285.63067,30185921493.32304,40936020687.35338,33969553640.006172,38734590187.68659
39731759765.26325,29497590219.320305,29431262468.65602,36618330766.509636,40347547302.39992,32179015121.742466,34237113174.413902,32696396025.125256,39071286609.30396,30614930410.731426,46067834304.94302,33205250571.644787,30735551149.443714,30076698700.552937,34832446653.35359,33337136308.782898,28166671685.253414,37247600228.4083,27150556759.992214,31780898983.428402,34434883285.63067,30181550409.652206,33492281889.32907,32323295512.809322,38734590187.68659
39731759765.26325,29497590219.320305,29431262468.65602,36618330766.509636,40347547302.39992,32124811801.60973,34153552488.11983,31083129014.07804,39071286609.30396,29381543294.632885,42781207039.5258,31138769108.113674,30580820552.811802,30071527772.021484,34832446653.35359,32587273798.572296,28166671685.253414,36226373734.76058,27041002992.42036,31780898983.428402,33567316364.171818,28414059700.98087,33492281889.32907,30103648753.994644,37316450209.938484
35251966883.80839,27783921948.787178,29342405696.126945,30702151042.151287,40347547302.39992,31233383183.383453,30713000827.987896,25080189260.786465,37778851749.819435,29381543294.632885,42781207039.5258,30326988317.52812,25822243082.385582,30071527772.021484,33659434165.91529,32587273798.572296,28166671685.253414,35196884953.35004,23585981633.522816,31780898983.428402,33567316364.171818,28414059700.98087,33225729971.980736,30103648753.994644,36577991813.65095
35251966883.80839,27720306278.675976,28855224332.89507,30702151042.151287,38220898802.86272,31233383183.383453,30713000827.987896,25080189260.786465,37778851749.819435,25285244883.114666,42506477969.75156,28579723749.75388,25708071280.641983,26104247581.61422,33659434165.91529,31937368046.381668,28166671685.253414,35196884953.35004,23585981633.522816,31780898983.428402,31314753562.598083,28414059700.98087,27280971936.78899,30103648753.994644,34845627782.17391
35251966883.80839,21141697096.23109,28855224332.89507,30702151042.151287,38220898802.86272,29036761840.60274,30713000827.987896,25080189260.786465,37172908632.11148,25285244883.114666,39269980336.99096,28579723749.75388,25708071280.641983,26104247581.61422,33209422328.654694,31937368046.381668,25870821849.667683,32225781523.60219,23585981633.522816,31620983886.965916,31314753562.598083,28414059700.98087,27280971936.78899,30103648753.994644,34845627782.17391
34125866283.44164,21141697096.23109,28855224332.89507,30702151042.151287,34185308772.734306,28751447576.533268,30691523836.87647,25056461570.89362,35555791672.00554,25285244883.114666,39269980336.99096,28579723749.75388,22924547088.373234,24184072781.05419,33060872516.601776,30293800791.522995,25870821849.667683,31721153329.473404,23585981633.522816,31242885369.943836,30950073748.859547,28414059700.98087,27280971936.78899,28382558979.618412,33729623637.867943
34125866283.44164,21141697096.23109,27774721505.317623,27735822566.5609,34185308772.734306,28524255660.423393,30691523836.87647,23610302135.54806,35149853994.07261,25285244883.114666,39269980336.99096,27663540531.226536,22924547088.373234,24135262797.92077,31906380665.212284,30293800791.522995,25870821849.667683,27110981911.89787,23585981633.522816,30790483340.79285,30207771581.5671,26030589495.18197,23433716788.520393,26287495548.08965,32808926594.731983
31053936172.127335,21141697096.23109,27774721505.317623,27735822566.5609,34185308772.734306,28524255660.423393,29844411064.532207,23610302135.54806,31944276620.34046,25285244883.114666,39269980336.99096,27637373923.810474,22924547088.373234,24135262797.92077,23535043685.247837,30257477400.043034,25775689562.64001,25688454390.019478,22905316479.760796,30790483340.79285,30086567482.4251,20443084480.257748,23433716788.520393,26287495548.08965,31184635832.736416
31053936172.127335,21141697096.23109,21960743819.9456,22766898338.231407,34185308772.734306,27770703337.53235,29604607235.038742,23324739702.00201,31944276620.34046,25285244883.114666,39269980336.99096,27637373923.810474,21573303278.354553,24135262797.92077,23535043685.247837,30257477400.043034,25599578031.305317,25688454390.019478,20440623587.99184,30786171295.54775,24715187561.566402,20418860621.02984,21838604032.855648,26200313280.152706,31184635832.736416
31053936172.127335,21141697096.23109,21960743819.9456,22766898338.231407,32034956450.040443,22911345902.673344,29101844404.191658,23324739702.00201,31841124861.318874,24086419822.20913,39269980336.99096,27322562089.60289,21573303278.354553,23805439037.132744,23535043685.247837,30257477400.043034,20323074198.04288,25688454390.019478,20440623587.99184,30786171295.54775,24715187561.566402,20418860621.02984,21838604032.855648,25228249743.21481,31184635832.736416
29672741038.247967,20398314077.336613,21960743819.9456,22766898338.231407,32034956450.040443,22911345902.673344,29101844404.191658,22875984538.93622,30983724005.604546,21499392918.732178,39160258282.08168,26807462002.605576,21573303278.354553,23805439037.132744,23535043685.247837,30257477400.043034,18370106930.407234,25688454390.019478,20440623587.99184,28765027328.91917,24473417645.569725,20418860621.02984,19895260952.681606,25228249743.21481,31184635832.736416
29672741038.247967,20398314077.336613,21960743819.9456,22766898338.231407,32034956450.040443,22911345902.673344,28349078301.065563,22875984538.93622,29557821057.250435,21499392918.732178,37169451270.739426,26807462002.605576,21573303278.354553,23805439037.132744,22959724386.132866,26106215050.55263,18370106930.407234,25688454390.019478,20206438889.031162,27056734094.257233,22443238977.268867,20418860621.02984,19895260952.681606,19086461827.284134,27675451912.199356
29672741038.247967,19360770491.080193,21960743819.9456,22766898338.231407,26495541342.72758,20104391525.38858,28349078301.065563,19435526859.289333,29125706411.204647,21490560620.458847,36201151480.663956,26223319339.282955,17511723806.899048,20287534726.75848,22416291696.328922,24370154803.93316,18370106930.407234,23501159122.183205,20206438889.031162,26134484329.59147,22443238977.268867,19726117934.09444,19785258518.985798,19086461827.284134,27248322234.419617
28977548231.22374,19178710769.110584,19794648771.007412,22766898338.231407,26495541342.72758,20104391525.38858,27577385755.51703,19435526859.289333,29125706411.204647,21490560620.458847,36201151480.663956,26223319339.282955,17511723806.899048,20287534726.75848,20145999146.834183,24317563228.409996,18344522904.570744,23501159122.183205,19924261203.550323,25425734316.781693,22443238977.268867,19258040781.561195,19473561215.026413,19086461827.284134,27248322234.419617
28977548231.22374,19178710769.110584,16962205512.275635,19590114974.26295,26495541342.72758,20104391525.38858,24728666361.13752,19435526859.289333,27153586468.375275,21072917719.935055,32877635954.624516,23606153371.900158,17511723806.899048,20287534726.75848,20122626779.00386,24317563228.409996,18344522904.570744,23501159122.183205,19924261203.550323,25072663269.622383,21902858830.002472,19258040781.561195,19473561215.026413,18877889021.33356,26658857133.774174
28977548231.22374,18724251788.628387,16962205512.275635,19590114974.26295,26495541342.72758,20104391525.38858,24728666361.13752,19435526859.289333,27153586468.375275,21072917719.935055,32877635954.624516,23606153371.900158,17511723806.899048,20287534726.75848,20122626779.00386,24317563228.409996,18344522904.570744,23501159122.183205,17969159854.211323,25072663269.622383,21902858830.002472,19122255631.136734,14569026663.934315,18877889021.33356,25668931860.8487
25628960791.931057,17729070287.78048,16962205512.275635,18716614386.286148,26495541342.72758,20104391525.38858,24728666361.13752,19435526859.289333,27153586468.375275,19506626774.57989,32877635954.624516,23557836724.900024,16759925295.254566,20191408705.080593,19395672946.674305,24317563228.409996,18344522904.570744,23226277469.909893,17969159854.211323,24483553290.455,21902858830.002472,19122255631.136734,14569026663.934315,17941318250.073273,25668931860.8487
25628960791.931057,17729070287.78048,16962205512.275635,18716614386.286148,26495541342.72758,20087699621.722607,24689714686.335842,19435526859.289333,27013254164.877163,19506626774.57989,32877635954.624516,21385604208.07333,16749599022.958694,19831672390.544254,19328341123.625854,23387789202.44944,16281718472.374079,22967036870.41354,17955122144.595463,24139218728.99556,21902858830.002472,18978836344.491867,14569026663.934315,17941318250.073273,24022625869.56575
25628960791.931057,17729070287.78048,16956905082.797192,18716614386.286148,26495541342.72758,20087699621.722607,24689714686.335842,19435526859.289333,26666987095.48794,19506626774.57989,28606757428.863255,21385604208.07333,16749599022.958694,19831672390.544254,18547626061.774746,23387789202.44944,15529536584.40043,21665016166.887596,17918315459.512802,22993467253.14224,20466519337.986053,18484474913.81506,14569026663.934315,17941318250.073273,24022625869.56575
25628960791.931057,17729070287.78048,16956905082.797192,18716614386.286148,26495541342.72758,19828955079.80261,24689714686.335842,19435526859.289333,26379744753.141884,19506626774.57989,28606757428.863255,20586897167.69633,16749599022.958694,18352163309.444798,18547626061.774746,23232817606.147614,15305666800.006065,19476637140.812553,15914550827.883726,22027601416.34306,20466519337.986053,18484474913.81506,14569026663.934315,17941318250.073273,22991315347.497505
24520540763.291283,15604750322.82333,16614832597.136301,18229933096.811626,22068291316.6674,19187122284.216805,24069747101.379642,18912455352.990055,24576656090.47896,19506626774.57989,28606757428.863255,18785945757.25087,15093394692.5192,18263931945.499054,18547626061.774746,23225071500.812435,13450786817.267199,19476637140.812553,12875838541.410053,20343047767.03761,20466519337.986053,15615369526.683035,14569026663.934315,17598109148.91945,22991315347.497505
24520540763.291283,15604750322.82333,15431167364.19905,18229933096.811626,21308591620.210453,19187122284.216805,20478957941.233665,18780346022.643833,24503067686.361538,17494996454.68318,28446954985.208374,18785945757.25087,15093394692.5192,17326634531.456535,18132403912.136047,23225071500.812435,13450786817.267199,19476637140.812553,12875838541.410053,19917000989.711327,20466519337.986053,15615369526.683035,14569026663.934315,16472873895.669065,22019939276.45951
22737659125.621624,15604750322.82333,15431167364.19905,17478324055.8209,20379648319.33969,19187122284.216805,20478957941.233665,16000538984.416578,24503067686.361538,17494996454.68318,28446954985.208374,18691448346.810623,15093394692.5192,17033638204.556337,18132403912.136047,23122065109.72117,13450786817.267199,19119916570.00462,12875838541.410053,19917000989.711327,17636632461.884525,14633470924.300438,13393566115.460402,15087991707.450464,22019939276.45951
22737659125.621624,15604750322.82333,15105715289.89892,17410341622.12568,20379648319.33969,19187122284.216805,20364190609.983517,15375756944.978226,24503067686.361538,17494996454.68318,28446954985.208374,18652857308.38993,15093394692.5192,16506736230.144394,17883042497.54626,21827364168.29622,13450786817.267199,18815783637.301952,12875838541.410053,19917000989.711327,17344100918.500328,14633470924.300438,13393566115.460402,15037949566.607079,22019939276.45951
22737659125.621624,15604750322.82333,14617147786.524212,15225444263.98157,20379648319.33969,19187122284.216805,20364190609.983517,14977144035.43641,23524103172.595325,17494996454.68318,23656694182.770267,18652857308.38993,13891940310.260998,16394519798.451313,17883042497.54626,20913126201.974606,12616678557.272964,18815783637.301952,12875838541.410053,19917000989.711327,17344100918.500328,14461645892.344532,13393566115.460402,15037949566.607079,22019939276.45951
21736376939.15968,15216653228.66785,13760199004.440763,15225444263.98157,20379648319.33969,18749865633.774426,20364190609.983517,14977144035.43641,23524103172.595325,15627865578.556253,22798978898.372246,18190509380.35584,13891940310.260998,16166969473.580929,16938198026.589207,20913126201.974606,12567292700.97435,16845645266.562696,12875838541.410053,19917000989.711327,16170074155.756723,13609740091.510391,13393566115.460402,13615334662.989258,21634679896.816944
21736376939.15968,15216653228.66785,13760199004.440763,12943338401.95523,20212796839.698635,18292906879.558113,20245014040.677353,14977144035.43641,21566234324.3668,15582892466.232151,22798978898.372246,16860966749.02882,12582414643.246037,15591868197.726322,16938198026.589207,20575643254.344894,11669932822.063278,16845645266.562696,11313707443.209377,17683971472.210434,16170074155.756723,13609740091.510391,13369141933.685898,13615334662.989258,20766051281.17751
21736376939.15968,14503239582.54308,13760199004.440763,12943338401.95523,20212796839.698635,16954819125.69984,20018077245.713963,13660944615.523619,21566234324.3668,15582892466.232151,22798978898.372246,16860966749.02882,11779763540.215263,15039677843.644596,16938198026.589207,20575643254.344894,11379297825.131306,16079711394.83628,11313707443.209377,17683971472.210434,16170074155.756723,11806880231.778877,13369141933.685898,13048246319.641182,19084119895.123314
21605962729.103245,13914306374.228338,13620866785.241776,12943338401.95523,20212796839.698635,16954819125.69984,17735149195.79796,13660029460.44472,21305719545.8199,15582892466.232151,22798978898.372246,16860966749.02882,11779763540.215263,13199783206.26682,16938198026.589207,19018611933.62935,10962247210.495506,15626276860.482676,11106235080.654682,16645860059.18005,16170074155.756723,11806880231.778877,13271259964.525328,13048246319.641182,19084119895.123314
21200200545.494476,13914306374.228338,13620866785.241776,12943338401.95523,19238676953.345894,16954819125.69984,17735149195.79796,13660029460.44472,20751762253.782745,15582892466.232151,22327405537.640896,16086750385.08894,11779763540.215263,13199783206.26682,15537024873.964746,19018611933.62935,10438345967.91251,15626276860.482676,11106235080.654682,16645860059.18005,15934238247.409922,11806880231.778877,12061689192.711494,13048246319.641182,19084119895.123314
20083860886.307037,13705194591.893234,12685884085.195204,12943338401.95523,19040250320.404808,16362735427.454515,17735149195.79796,12997958548.510315,18162870820.209312,15582892466.232151,22052459735.467896,16086750385.08894,11376267055.933504,13031134939.27553,14739339788.804604,16594271178.749918,10282643441.14322,15368834313.114128,11106235080.654682,15641660587.744009,15464281080.7275,11198471396.578505,11884153255.560942,11960017676.926247,19084119895.123314
20083860886.307037,13597753810.351562,12685884085.195204,12943338401.95523,18687896094.64663,16362735427.454515,17012982959.299316,12904691497.3531,18162870820.209312,14702320113.190191,22052459735.467896,16086750385.08894,11376267055.933504,13031134939.27553,14739339788.804604,16594271178.749918,10282643441.14322,14128482153.141317,9751189331.716682,15641660587.744009,14146809584.308027,10976385100.87291,11855738116.86777,11960017676.926247,19084119895.123314
20083860886.307037,13597753810.351562,12685884085.195204,12943338401.95523,18027109584.740826,16362735427.454515,16558047779.756943,12904691497.3531,18162870820.209312,14191635706.942606,21410239454.108456,15547581370.425795,11376267055.933504,13031134939.27553,14739339788.804604,16594271178.749918,10282643441.14322,13075005970.02262,9751189331.716682,15115825560.96718,13610416077.11487,10976385100.87291,9519430677.346657,11421142648.99264,19084119895.123314
20083860886.307037,13597753810.351562,10869693107.573215,12943338401.95523,17706651400.171333,14194265782.523891,16558047779.756943,12457209794.159452,18012505443.988655,14191635706.942606,21410239454.108456,15547581370.425795,10186378860.393694,12882047689.105124,14739339788.804604,16594271178.749918,10282643441.14322,13075005970.02262,9751189331.716682,15115825560.96718,13610416077.11487,10644693527.524439,9128352453.60562,11421142648.99264,18054298627.752655
19625910417.670116,13597753810.351562,10774954412.929745,12943338401.95523,17658607739.726738,14188484910.592018,16333265865.726246,12457209794.159452,18012505443.988655,14191635706.942606,20225251624.520275,14749928957.271162,10186378860.393694,12632719450.168352,13807207481.58822,16594271178.749918,9885020904.007244,12223939049.112307,9751189331.716682,14778387826.403172,13610416077.11487,10584411044.854254,8853018035.562323,8443556758.028421,17588347818.419838
17894341682.28567,13597753810.351562,10511382634.252151,12943338401.95523,17658607739.726738,14188484910.592018,16031332370.603323,12457209794.159452,18012505443.988655,14043624831.755407,20225251624.520275,14749928957.271162,10148851598.51777,12632719450.168352,13082274770.646038,15852808270.966143,9885020904.007244,12223939049.112307,9369396492.266855,14778387826.403172,13610416077.11487,10584411044.854254,8853018035.562323,8371289139.960442,15691893762.699106
17894341682.28567,12957159409.754171,10511382634.252151,10504911242.183218,17658607739.726738,12695902718.054752,15541778703.083776,11374927524.700806,18012505443.988655,13274596283.771296,20225251624.520275,14749928957.271162,10148851598.51777,12258111648.661526,13082274770.646038,15183315492.390144,9770567672.95391,12223939049.112307,9160452744.955658,13705598503.208586,12870247386.281021,10584411044.854254,8853018035.562323,8371289139.960442,15691893762.699106
17511296635.204258,12957159409.754171,10511382634.252151,10504911242.183218,17658607739.726738,12695902718.054752,15378849787.436752,11374927524.700806,18012505443.988655,13274596283.771296,19294750641.211685,14463613347.811062,9298255311.781015,12085258856.4034,12075506462.266693,14024203066.147005,9552372189.378584,11975342356.096209,9160452744.955658,13599430800.970253,12672359230.906569,10522441162.717018,8853018035.562323,7835903658.46682,15691893762.699106
17212427443.288124,11103711161.660343,10511382634.252151,10504911242.183218,16597892146.115896,12619509980.063776,15276951214.23932,11374927524.700806,16798270548.200624,13230288951.99519,19294750641.211685,14075639463.040916,9298255311.781015,12085258856.4034,11427989565.729061,14024203066.147005,9277469678.899092,11842786969.17211,9160452744.955658,13599430800.970253,11557913780.807932,9984349029.597456,8442872587.468193,7835903658.46682,15691893762.699106
17212427443.288124,11103711161.660343,10427208332.94415,9686472035.699091,16597892146.115896,12579514619.927092,13672836191.182669,10717112996.040916,16798270548.200624,12201079807.314762,19294750641.211685,14075639463.040916,9298255311.781015,12085258856.4034,11253061109.837347,13837761419.063116,8953746305.863329,11784726248.755571,9160452744.955658,13599430800.970253,11557913780.807932,9718523058.819027,8442872587.468193,7835903658.46682,15691893762.699106
16976436545.847786,11103711161.660343,10427208332.94415,9686472035.699091,16597892146.115896,10958132306.205719,13227000445.361635,10717112996.040916,16798270548.200624,12190398225.389984,19294750641.211685,14075639463.040916,9298255311.781015,11740879912.808554,11253061109.837347,13011325169.3578,8747593292.337765,10853371145.918493,9160452744.955658,12952680693.974413,11462965624.245804,9718523058.819027,7981221706.07233,7835903658.46682,15008950492.459396
16976436545.847786,11103711161.660343,9565138353.759602,9478148854.433168,16597892146.115896,9506506698.036064,13227000445.361635,10717112996.040916,16125216295.012667,11290377919.261368,19294750641.211685,12519031282.252872,9298255311.781015,10758832760.201223,11253061109.837347,13011325169.3578,8747593292.337765,9908836441.678457,6850414969.718823,12556997888.796242,11462965624.245804,9365512196.597454,7813538367.283509,7835903658.46682,13773736213.886864
16976436545.847786,11103711161.660343,9487987196.835693,9478148854.433168,16526976486.127382,9392744389.782152,13227000445.361635,10709542413.980032,16125216295.012667,11290377919.261368,19055779977.54185,12519031282.252872,8578663348.4855585,10758832760.201223,11253061109.837347,13011325169.3578,8709731116.72294,9908836441.678457,6850414969.718823,12556997888.796242,11462965624.245804,9365512196.597454,7813538367.283509,7835903658.46682,13773736213.886864
15656433564.530981,11103711161.660343,9126972254.48788,9336620925.611776,15330193216.91687,9392123886.912111,12968936885.134678,9978905675.063692,15716332841.480501,11236812040.573584,19055779977.54185,12298727949.009634,8383996717.931305,10624422866.105686,11253061109.837347,10560492393.960274,8274487433.406953,9908836441.678457,6850414969.718823,12060026540.598305,11462965624.245804,9365512196.597454,7813538367.283509,7835903658.46682,13171242947.655811
15656433564.530981,11042324829.238142,9126972254.48788,8959171427.280125,14121459835.889557,9392123886.912111,12968936885.134678,9978905675.063692,15716332841.480501,11125632592.805943,19055779977.54185,11907735454.46341,8383996717.931305,10175475860.227945,11216315393.410631,10541329751.48771,7320171077.67522,9908836441.678457,6513491638.923288,11443291701.844809,10250502804.078526,8968380551.454739,7813538367.283509,7835903658.46682,13171242947.655811
15656433564.530981,10274822643.440174,9126972254.48788,8959171427.280125,14121459835.889557,9392123886.912111,12913833987.58542,8463523454.878726,15037430842.193878,10931749734.308016,18213246482.024403,11852306607.733011,8383996717.931305,10143109236.424368,11183582746.93716,10541329751.48771,7320171077.67522,9908836441.678457,6187377242.197412,11443291701.844809,10134678712.075838,7617973884.7506895,7813538367.283509,7835903658.46682,13171242947.655811
15656433564.530981,10274822643.440174,8364866270.836302,8944034446.340855,13976707681.031744,9089966204.454649,12087329570.038446,8463523454.878726,14238917947.558735,10488916172.346758,15603770199.378313,11215594404.719357,8012538584.51545,10143109236.424368,11183582746.93716,9502391053.053808,7320171077.67522,9908836441.678457,6187377242.197412,11047115844.87808,9915504597.148129,7617973884.7506895,7813538367.283509,7835903658.46682,13171242947.655811
15656433564.530981,10090717539.887674,8364866270.836302,8890506507.628649,13795962571.54239,9089966204.454649,12087329570.038446,8463523454.878726,14238917947.558735,10318233924.99175,15603770199.378313,11215594404.719357,7868454357.187819,10143109236.424368,10823429670.1563,9502391053.053808,7320171077.67522,9176869727.031887,5873167911.928062,10615988561.510399,9621252986.410809,7617973884.7506895,7274229910.295583,7835903658.46682,13171242947.655811
14223606080.79917,9179317002.703594,8364866270.836302,8890506507.628649,13795962571.54239,8118455505.602883,12087329570.038446,8463523454.878726,14110663569.590876,9630463867.46716,15593348519.90925,10678360387.678347,7782929575.592952,9374628513.993418,10096833765.954107,9502391053.053808,7320171077.67522,9176869727.031887,5873167911.928062,10615988561.510399,9621252986.410809,7617973884.7506895,6671107713.457581,7293744251.539741,12657272042.15251
14223606080.79917,8635289723.768389,7706897241.991543,8418853283.864648,13719509081.3235,8027989734.330065,12021996280.252563,8390924552.430672,14110663569.590876,9630463867.46716,15402453599.80849,10204632965.59553,7621097828.460105,9268855684.66583,9751022701.439753,9502391053.053808,6925810621.973662,9176869727.031887,5873167911.928062,10615988561.510399,8720772472.268854,7450274950.953385,6671107713.457581,7255997351.552405,11797579056.027073
14223606080.79917,8635289723.768389,7413848248.265776,7335726617.073654,13719509081.3235,7781358709.746778,10375659859.155327,8390924552.430672,11988487060.578516,9423862282.443409,15402453599.80849,9963612658.082745,7360765916.665339,9216230352.229097,9751022701.439753,9502391053.053808,6925810621.973662,7192478853.683628,5873167911.928062,10305319542.62753,8008928287.28655,7437391716.879122,6671107713.457581,6970081629.996378,9515563263.875916
13878703294.340525,8543706340.679157,7413848248.265776,7335726617.073654,12004649981.872444,7207605138.7857685,10375659859.155327,8200037327.621663,11988487060.578516,9423862282.443409,15402453599.80849,9293712953.086487,7360765916.665339,9216230352.229097,9751022701.439753,9147601946.30525,6506851087.556904,7192478853.683628,5111167638.786919,8987788610.456686,8008928287.28655,7383471816.7689905,6570872751.876115,6970081629.996378,9474737773.954882
13878703294.340525,8543706340.679157,6463676837.6880455,6968622813.10394,12004649981.872444,7207605138.7857685,10375659859.155327,8200037327.621663,11988487060.578516,9423862282.443409,15089576831.188435,9293712953.086487,7174833181.052779,9216230352.229097,9751022701.439753,9060265661.463991,6506851087.556904,7192478853.683628,5111167638.786919,8987788610.456686,8008928287.28655,6810555254.85041,6115413619.958187,6970081629.996378,9474737773.954882
13878703294.340525,8316427165.999767,6352198604.381309,6968622813.10394,12004649981.872444,7181246321.800719,9857615472.432714,8200037327.621663,11988487060.578516,9342750020.225609,15054131669.564388,9293712953.086487,7105344668.347941,8599924586.739735,8309107896.355362,9060265661.463991,6506851087.556904,7192478853.683628,5111167638.786919,8987788610.456686,8008928287.28655,6551193858.261614,5966638133.588621,6970081629.996378,9474737773.954882
13878703294.340525,8036610408.139575,6352198604.381309,6968622813.10394,12004649981.872444,7090388671.412096,9857615472.432714,7763283930.0524025,11651191031.89459,9097619978.415468,13970169501.711067,9293712953.086487,6599665519.12186,8544123669.645326,7380684052.45475,9060265661.463991,6506851087.556904,7192478853.683628,5111167638.786919,8987788610.456686,8008928287.28655,6551193858.261614,5950570566.020501,6891375407.174536,9270343761.584799
13701992628.244305,7632739895.00267,6245548678.623018,6968622813.10394,12004649981.872444,7090388671.412096,9857615472.432714,7763283930.0524025,11651191031.89459,8735334956.353191,12628424683.7328,9279289231.120321,6499790944.71038,8544123669.645326,7380684052.45475,9060265661.463991,6506851087.556904,7025282370.2341585,5111167638.786919,8987788610.456686,8008928287.28655,6551193858.261614,5950570566.020501,6891375407.174536,9097980382.503143
13701992628.244305,7632739895.00267,6245548678.623018,6801117981.521944,11593223281.687605,6552765111.590172,9857615472.432714,7763283930.0524025,11651191031.89459,8647314130.731125,12628424683.7328,8705421667.32429,6499790944.71038,8079880063.682207,7380684052.45475,9060265661.463991,6200376659.086402,6899802943.607203,4447519900.728475,8504963599.444039,8008928287.28655,6551193858.261614,5237870933.613254,6260811685.597644,9097980382.503143
13255593095.35657,7632739895.00267,6245548678.623018,6801117981.521944,11590941508.164896,6552765111.590172,9857615472.432714,7763283930.0524025,11651191031.89459,7718511802.596841,12628424683.7328,8514403088.677648,6499790944.71038,8064635024.428005,7380684052.45475,9003456717.959269,5878545901.930216,6876539401.442359,4447519900.728475,8504963599.444039,7518654711.926112,5927733409.311736,5237870933.613254,6141882570.986184,8976509305.70558
13255593095.35657,7536136558.629138,6203124122.171216,6801117981.521944,10564559057.548922,6139513251.248928,9857615472.432714,7763283930.0524025,11545656028.334597,7718511802.596841,12238559422.82702,8145297416.44958,6499790944.71038,7971603684.132029,7380684052.45475,9003456717.959269,5825688265.52808,6772055466.5027485,4447519900.728475,8504963599.444039,7518654711.926112,5712962506.509211,5237870933.613254,5803629150.232856,8693244239.9111
12840587312.071203,7350761623.144377,5823785324.110749,6735115283.796026,10564559057.548922,5773213690.83619,9832434541.911087,7327558342.645885,10846597510.821016,7528596541.252291,11863300039.987162,8145297416.44958,6167116628.935649,7971603684.132029,7019369568.650863,7552132312.479612,5670756444.591392,6628249246.242934,4430193605.619241,8504963599.444039,6838800539.103714,5712962506.509211,5237870933.613254,5803629150.232856,8685493504.293488
12699480704.28817,7158229968.144061,5448512130.512109,6735115283.796026,10564559057.548922,5652864918.280553,9115324681.162855,7157193907.342768,10736853544.958342,7307368623.880747,11863300039.987162,7656536738.615843,6069128202.045127,7919189128.28277,7019369568.650863,7483065832.519146,5593693156.153383,6419226057.678236,4205603398.474243,8135137560.8112755,6838800539.103714,5712962506.509211,5200445238.720367,5803629150.232856,8685493504.293488
12558398764.963541,6963463389.672391,5448512130.512109,5182389892.018112,10564559057.548922,5652864918.280553,9048761718.311806,7157193907.342768,10264324415.28193,7307368623.880747,11863300039.987162,7656536738.615843,5928519209.912641,7919189128.28277,7019369568.650863,7483065832.519146,5585654019.269321,6419226057.678236,4205603398.474243,8135137560.8112755,6838800539.103714,5712962506.509211,5023076229.697877,5509832633.69186,8685493504.293488
11734175306.136913,6963463389.672391,5448512130.512109,5182389892.018112,10396667612.89337,5233860259.99849,9019431212.786507,6687094225.710543,10264324415.28193,6996813543.512216,11863300039.987162,7656536738.615843,5928519209.912641,7657227074.411514,7019369568.650863,7249912117.912563,5315786172.840984,6276624011.376584,4063385691.7929897,8135137560.8112755,6829130925.722475,5365711245.172061,5023076229.697877,5089123331.657267,8429216779.228125
11734175306.136913,6220321984.370437,5448512130.512109,5182389892.018112,10284881102.460691,5219570122.076617,9019431212.786507,6614965365.226724,10084476033.917364,6811346784.050163,10802566286.571777,7577780933.88971,5481368437.900756,7640641509.8251295,7019369568.650863,7249912117.912563,5119701603.09044,6197529441.944873,4063385691.7929897,8135137560.8112755,6748965601.59248,5191576969.365769,5023076229.697877,5089123331.657267,8429216779.228125
11633377037.060228,6082039428.994707,5349288030.05596,5182389892.018112,9941153048.241274,5044199349.828058,9017903645.477535,6473153601.905005,10084476033.917364,6695906448.412957,10224047629.167833,6921396391.949007,5481368437.900756,7425846236.380793,6691707819.442685,7249912117.912563,4889880298.957934,5961210339.837522,4063385691.7929897,8135137560.8112755,6693655035.119177,5131856604.180444,4924407928.079075,4950502277.501344,8056924082.366626
11510533213.726706,6082039428.994707,5349288030.05596,5182389892.018112,9719689688.247353,5044199349.828058,8082285735.103678,6186288963.054706,9998403979.380156,6695906448.412957,9594900453.547504,6921396391.949007,5481368437.900756,7425846236.380793,6448552443.878725,7249912117.912563,4889880298.957934,5606325067.4031725,3904063170.120019,7218341142.97057,6279142174.910601,4920658305.714208,4903205199.451537,4950502277.501344,7987074679.032806
11510533213.726706,6082039428.994707,5339427280.626093,5059999464.909583,9349203695.636124,4734097335.850861,8082285735.103678,6074107158.099397,9998403979.380156,6695906448.412957,9594900453.547504,6921396391.949007,5481368437.900756,7209599116.892997,6243311509.716568,7249912117.912563,4889880298.957934,5503727451.448899,3459689057.31981,7218341142.97057,6223277381.077452,4920658305.714208,4729755334.988002,4950502277.501344,7836313568.153507
11209029636.196186,5645115159.488613,5338766783.638379,5007858481.594253,9349203695.636124,4570108643.174334,8082285735.103678,6074107158.099397,9915774103.311552,6403267225.5977955,9581767897.116425,6921396391.949007,5247069031.041369,7209599116.892997,5892515102.625739,7249912117.912563,4611080360.7704735,5503727451.448899,3459689057.31981,6958823128.15937,6223277381.077452,4920658305.714208,4551960663.034714,4950502277.501344,6887433576.395536
10835260941.976389,5638051456.93637,5295374627.579576,4259337562.7640486,9045208613.918985,4564813995.62635,7964025417.888858,6074107158.099397,8744100401.566359,6403267225.5977955,9130313111.657639,6921396391.949007,5247069031.041369,6753921890.653095,5820234566.881128,7162895318.2746,4159527655.6339946,5208523344.5103,3459689057.31981,6958823128.15937,6180414576.625703,4854964754.889522,4551960663.034714,4760927248.656206,6887433576.395536
10835260941.976389,5281506695.740577,5233300804.77461,4259337562.7640486,8387484384.5046015,4564813995.62635,7474522816.647037,6074107158.099397,8744100401.566359,6403267225.5977955,9047383433.133972,6921396391.949007,5236908067.04557,6753921890.653095,5820234566.881128,6482161865.454573,4159527655.6339946,5185136001.136669,3459689057.31981,6894719191.850896,5683340114.1162195,4854964754.889522,4551960663.034714,4449263731.008539,6887433576.395536
10383421206.124876,5281506695.740577,4889389170.346545,4259337562.7640486,8387484384.5046015,4563432943.838128,7343943418.051948,5421772405.596505,8613704300.244183,5948856582.890559,9047383433.133972,6921396391.949007,5024065547.687384,6610651640.664937,5820234566.881128,6148773697.36584,4159527655.6339946,5182272863.686866,3386232535.0377035,6894719191.850896,5683340114.1162195,4726891248.834513,4551960663.034714,4009894397.6722693,6887433576.395536
10383421206.124876,5129594785.409073,4889389170.346545,4230266262.3109517,7506042090.364314,4254884294.428053,7343943418.051948,5421772405.596505,8613704300.244183,5948856582.890559,8847171819.992382,6921396391.949007,4866380154.54666,6435660131.90508,5534654173.038064,6148773697.36584,4159527655.6339946,5090959413.674487,2963022787.6924415,6894719191.850896,5683340114.1162195,4618590028.849755,4551960663.034714,4009894397.6722693,6887433576.395536
10153730681.77636,4901203704.507408,4139496698.274219,4230266262.3109517,7506042090.364314,4254884294.428053,7343943418.051948,5421772405.596505,8486289288.693803,5948856582.890559,8720538475.311121,6228920321.442535,4680853994.07784,6080766618.268088,5534654173.038064,6148773697.36584,4122763012.7684226,5090959413.674487,2688191719.367261,5657591940.48731,4967215876.140804,4369708510.457515,4520499135.831834,4009894397.6722693,6731513548.615175
8829099203.733728,4901203704.507408,4139496698.274219,4230266262.3109517,7506042090.364314,4254884294.428053,7343943418.051948,5421772405.596505,7835984285.551356,5834537777.683502,8720538475.311121,6228920321.442535,4597678768.306416,6080766618.268088,5534654173.038064,6148773697.36584,4122763012.7684226,4915871835.892743,2688191719.367261,5657591940.48731,4967215876.140804,4369708510.457515,3872473431.402922,4009894397.6722693,6234376004.617751
8687811930.169374,4901203704.507408,4139496698.274219,3681238359.094739,7506042090.364314,4229156804.6342955,7146700514.924717,5421772405.596505,7714752171.804466,5722229283.9053,8720538475.311121,6228920321.442535,4597678768.306416,6080766618.268088,5217455783.502444,6127366387.727813,3949457712.620297,4694872065.44611,2676659383.0077434,5657591940.48731,4941850005.053809,3567473787.904172,3872473431.402922,4001827982.016676,6234376004.617751
8554093852.027852,4900373093.890494,4139496698.274219,3681238359.094739,7506042090.364314,4229156804.6342955,6519874515.106779,5421772405.596505,7714752171.804466,5640708871.899661,8720538475.311121,6228920321.442535,4597678768.306416,5925781513.795358,5217455783.502444,6062854924.409025,3949457712.620297,4694872065.44611,2591120874.946632,5657591940.48731,4862426370.68467,3567473787.904172,3569853382.1946054,3777913578.9348264,6234376004.617751
8554093852.027852,4719820708.01049,4139496698.274219,3597246343.271759,7129954764.774195,4229156804.6342955,6381163382.081907,5383185536.307228,7177046818.020308,5263717978.744265,8646670823.577394,6204573195.617525,4597678768.306416,5925781513.795358,5217455783.502444,6013427976.336714,3949457712.620297,4605908618.1606865,2591120874.946632,5657591940.48731,4777761102.070847,3567473787.904172,3528232117.042408,3574865967.989454,6234376004.617751
7957648781.975043,4719820708.01049,4023930099.9898562,3597246343.271759,7129954764.774195,3998378411.824613,6381163382.081907,5383185536.307228,7177046818.020308,4962216728.352817,7232803352.223459,6204573195.617525,4565600010.516012,5925781513.795358,4953755729.155724,5811335539.558211,3534267726.396146,4409695862.799815,2576690682.5425262,5657591940.48731,4777761102.070847,3567473787.904172,3528232117.042408,3574865967.989454,5936781195.193307
7957648781.975043,4673576942.013603,3965949883.7853622,3597246343.271759,6931774741.843757,3946153490.3524904,5950521607.401583,5383185536.307228,7177046818.020308,4962216728.352817,7232803352.223459,5869591155.9817295,4565600010.516012,5874667471.376847,4953755729.155724,5725720039.189384,3534267726.396146,4297262067.539623,2576690682.5425262,5657591940.48731,4680065728.395353,3567473787.904172,3416853538.8421817,3574865967.989454,5936781195.193307
7957648781.975043,4673576942.013603,3382241207.905211,3383348196.370329,6821646079.422676,3685163716.4181304,5950521607.401583,5272714833.863193,7004992442.101886,4749314785.977647,7207943085.534104,5586827699.878232,3997269597.3310895,5872240786.31101,4951700758.180725,5564056087.877033,3518575108.4167714,4188294044.1966233,2576690682.5425262,5521719520.440885,4680065728.395353,3567473787.904172,3416853538.8421817,3394171379.1460795,5894175298.764143
7614944388.366014,4322030734.165401,3382241207.905211,3383348196.370329,6590473347.566488,3685163716.4181304,5169964212.601935,5243302974.225022,6689819939.870947,4749314785.977647,7207943085.534104,4547815882.81456,3997269597.3310895,5673773931.36911,4702817386.692402,5510883991.892039,2828462753.588913,4188294044.1966233,2488063752.126974,5521719520.440885,4680065728.395353,3567473787.904172,3416853538.8421817,3394171379.1460795,5894175298.764143
7614944388.366014,4322030734.165401,3382241207.905211,3383348196.370329,6590473347.566488,3685163716.4181304,5169964212.601935,4839774122.91992,6689819939.870947,4329277251.500453,7094541964.071186,4547815882.81456,3997269597.3310895,5586316601.710038,4300947622.87346,5510883991.892039,2828462753.588913,4046843983.893064,2371941991.9845753,5521719520.440885,4297693205.811157,3567473787.904172,3120801487.469197,3394171379.1460795,5856988487.648618
7304959615.028012,4322030734.165401,3382241207.905211,3383348196.370329,5761641164.488148,3454462027.5589795,5169964212.601935,4732127675.894033,6689819939.870947,4329277251.500453,7094541964.071186,4547815882.81456,3997269597.3310895,5537976909.987645,4300947622.87346,5294240591.758496,2828462753.588913,3978366408.8038716,2371941991.9845753,5356723978.243502,4297405634.448445,3567473787.904172,3120801487.469197,3394171379.1460795,5856988487.648618
6966322034.473344,4163522340.9344954,3363897756.0199056,3383348196.370329,5702608100.775501,3454462027.5589795,4905289865.492536,4374129189.784377,6689819939.870947,4184576491.1088667,7094541964.071186,4547815882.81456,3997269597.3310895,5537976909.987645,4300947622.87346,5083086708.069028,2828462753.588913,3709849250.192672,2353651919.577957,5282458051.161097,4297405634.448445,3567473787.904172,3103457113.4151764,2992214219.838226,5503698653.71063
6966322034.473344,4163522340.9344954,3363897756.0199056,3303526655.3030596,5702608100.775501,3454462027.5589795,4905289865.492536,4268253076.566341,6661320756.39908,4184576491.1088667,7019012897.24063,4547815882.81456,3847697356.1947603,5537976909.987645,4300947622.87346,5058831422.813178,2828462753.588913,3709849250.192672,2353651919.577957,5282458051.161097,4120538316.9109516,3407437333.5008507,3103457113.4151764,2792211716.9366283,5144131021.391652
6966322034.473344,3954863430.2034745,3363897756.0199056,2962833658.971474,5501326842.439948,3454462027.5589795,4902040775.999907,4268253076.566341,6638294207.380203,3911915717.0553937,6693953903.358201,4547815882.81456,3680993394.8749075,4982522964.475984,4300947622.87346,5058831422.813178,2828462753.588913,3593769789.7804213,2353651919.577957,5282458051.161097,3838230496.2628865,3061530134.938379,2852742439.5261908,2792211716.9366283,5144131021.391652
6742985460.172596,3954863430.2034745,3197176872.4372973,2962833658.971474,5104152556.770656,3454462027.5589795,4902040775.999907,3768787216.255183,6537877166.870595,3911915717.0553937,6693953903.358201,4204712745.928555,3680993394.8749075,4982522964.475984,4031517192.385357,4991208702.835923,2825226259.645248,3447582429.910665,2216300350.209418,5049327702.521269,3825195890.2726254,3061530134.938379,2852742439.5261908,2715594427.4883366,5144131021.391652
6621143302.886141,3851668769.40913,3197176872.4372973,2547270310.924154,5104152556.770656,3393950401.271748,4670762445.155848,3768787216.255183,5849311271.378852,3573297662.4257035,6496895956.567949,4141923374.256446,3561954554.163022,4910447273.553867,3873283621.3014636,4991208702.835923,2825226259.645248,3431208198.8429112,1960889235.2352533,4893391086.451923,3825195890.2726254,2994755395.2278714,2852742439.5261908,2705439475.2921543,5144131021.391652
6621143302.886141,3851668769.40913,3029397996.570412,2547270310.924154,5104152556.770656,3327196390.793951,4522691969.954363,3768787216.255183,5849311271.378852,3573297662.4257035,6028413672.026825,4141923374.256446,3561954554.163022,4897333767.021022,3873283621.3014636,4856300084.063426,2706352647.007041,3220503210.1344423,1948701179.0836904,4868526744.106812,3781145165.333522,2917764378.2039332,2635323702.327362,2623434237.435022,5144131021.391652
6621143302.886141,3851668769.40913,3029397996.570412,2547270310.924154,5104152556.770656,3302340808.3044972,4522691969.954363,3634314640.9012375,5707009773.666472,3573297662.4257035,6028413672.026825,3390330828.4757566,3531898037.8739314,4336013958.711991,3873283621.3014636,4839456344.631083,2682236809.6417074,3132601510.397984,1948701179.0836904,4778738743.386179,3648702918.4751754,2620832957.2452793,2635323702.327362,2623434237.435022,5113351986.914671
6458543529.271529,3851668769.40913,3029397996.570412,2547270310.924154,4412671387.747744,3279557050.397303,4522691969.954363,3533628103.0788083,5707009773.666472,3399419542.2385244,6028413672.026825,3390330828.4757566,3531898037.8739314,3571036232.34999,3508621019.1375713,4782994308.402113,2682236809.6417074,3039151473.9525604,1948701179.0836904,4544120537.3838005,3510500721.418823,2620832957.2452793,2635323702.327362,2614412930.8948503,5113351986.914671
6454294314.4706545,3821383245.7264175,2928216222.6096034,2268507986.5550833,4078797244.3525467,3279557050.397303,4392375398.999016,3533628103.0788083,5707009773.666472,3382093306.8913593,6028413672.026825,3075752214.747577,3504238599.3191137,3567415039.747246,3508621019.1375713,4717143977.070679,2569436656.0715017,3039151473.9525604,1948701179.0836904,4240846033.5144362,3503079391.9331155,2620832957.2452793,2635323702.327362,2455805814.5532336,4840103154.729316
6021503948.906685,3581844369.397749,2928216222.6096034,2268507986.5550833,4078797244.3525467,3052312706.121092,4392375398.999016,3325731344.557099,5707009773.666472,3382093306.8913593,5993253707.949281,3075752214.747577,3293682370.3384085,3567415039.747246,3508621019.1375713,4664715163.671498,2569436656.0715017,3039151473.9525604,1741320518.203454,4240846033.5144362,3503079391.9331155,2620832957.2452793,2467537672.2356086,2455805814.5532336,4840103154.729316
6021503948.906685,3581844369.397749,2891542099.748564,2268507986.5550833,4078797244.3525467,3052312706.121092,4376730727.151623,3325731344.557099,5707009773.666472,3382093306.8913593,5993253707.949281,3059801748.583179,3293682370.3384085,3464335749.056478,3139599817.953222,4298819105.758243,2569436656.0715017,3039151473.9525604,1741320518.203454,4189902408.206739,3004376322.953209,2540823975.9975533,2467537672.2356086,2251200882.8881226,4723467504.282335
5539996818.438204,3521122317.738536,2891542099.748564,2268507986.5550833,4078797244.3525467,3052312706.121092,4269426397.7689414,3065645956.8125153,5583692602.63115,3011914771.3805084,5816379675.205247,3059801748.583179,3293682370.3384085,3068028533.8002267,3084288430.4648256,4298819105.758243,2569436656.0715017,3039151473.9525604,1741320518.203454,4189902408.206739,3004376322.953209,2289714004.383453,2467537672.2356086,2251200882.8881226,4723467504.282335
5539996818.438204,3520186726.169087,2738121965.1166887,2268507986.5550833,4078797244.3525467,3052312706.121092,4020150277.168998,3065645956.8125153,5583692602.63115,2986629562.058764,5816379675.205247,3059801748.583179,3293682370.3384085,3033727630.9246936,3053454097.64208,4289508039.1601863,2569436656.0715017,3039151473.9525604,1741320518.203454,3964388583.8903656,2975220970.119164,2289714004.383453,2438689771.9389653,2149477745.219941,4715007479.670363
5486892452.837794,3499900200.531491,2738121965.1166887,2268507986.5550833,4078797244.3525467,2763432442.7842436,3881841071.8005137,3065645956.8125153,5242260100.278126,2816701372.6504636,5816379675.205247,2897062785.8508334,3107737233.093318,3033727630.9246936,3053454097.64208,4194600631.6378727,2372305252.1437182,2975952909.302279,1731024918.005372,3964388583.8903656,2916432209.355529,2154457843.4942193,2326854095.0207376,2149477745.219941,4715007479.670363
5486892452.837794,3385576183.465298,2738121965.1166887,2268507986.5550833,4078797244.3525467,2763432442.7842436,3881841071.8005137,3055994366.0603127,5111086166.542655,2816701372.6504636,5600480706.823064,2897062785.8508334,3107737233.093318,2919104669.0436206,3053454097.64208,4194600631.6378727,2372305252.1437182,2949437257.8198333,1691824859.155288,3888671863.979768,2782675683.583799,2045000493.0653741,2326854095.0207376,2149477745.219941,4497239916.661352
5486892452.837794,3348924038.468433,2650639316.935401,2161494038.944775,3866983450.7434616,2763432442.7842436,3881841071.8005137,2884354047.8778887,5111086166.542655,2816701372.6504636,5600480706.823064,2873612419.688357,2995883652.4508877,2919104669.0436206,2983599614.5407085,4149786698.0557003,2372305252.1437182,2949437257.8198333,1549027310.5260673,3888671863.979768,2355540162.3878126,2034455738.678061,2324520256.032697,2149477745.219941,4497239916.661352
5486892452.837794,3226083821.417969,2428106073.383322,2161494038.944775,3780618501.1760745,2763432442.7842436,3742266347.5033784,2884354047.8778887,5111086166.542655,2816701372.6504636,5174095916.038005,2873612419.688357,2995883652.4508877,2919104669.0436206,2983599614.5407085,4114279151.2021713,2210978976.5375957,2949437257.8198333,1548058889.3790069,3888671863.979768,2355540162.3878126,2034455738.678061,2032816672.475041,2078223858.3627996,4497239916.661352
4872682908.590637,3226083821.417969,2428106073.383322,2047915718.5616486,3717177759.7136054,2763432442.7842436,3276772672.479889,2884354047.8778887,5059866376.483077,2646318409.7729726,5174095916.038005,2622477379.582788,2785432881.361486,2919104669.0436206,2732485685.5170965,3995502263.158201,2210978976.5375957,2949437257.8198333,1548058889.3790069,3888671863.979768,2355540162.3878126,1790995269.467991,2032816672.475041,2078223858.3627996,4497239916.661352
4710040113.976525,3166059387.775021,2428106073.383322,2047915718.5616486,3694759332.149545,2724831420.7808065,3276772672.479889,2818771358.0080442,4917754939.504619,2555915819.504912,5088564934.755267,2598102441.605753,2785432881.361486,2899196446.8264027,2732485685.5170965,3995502263.158201,2210978976.5375957,2873125857.1153526,1548058889.3790069,3888671863.979768,2252148986.58676,1723645150.9120312,2032816672.475041,1950199854.3666575,4497239916.661352
4642192147.904117,3152015887.319851,2388537590.999263,2047915718.5616486,3694759332.149545,2724831420.7808065,3187484270.3277555,2721045415.381425,4917754939.504619,2555915819.504912,4915538352.42741,2577425543.39115,2546817590.64418,2899196446.8264027,2732485685.5170965,3619635132.3126206,2210978976.5375957,2540218135.9514017,1443335780.5860317,3888671863.979768,2252148986.58676,1723645150.9120312,2032816672.475041,1937174771.1877732,4497239916.661352
4642192147.904117,3141540512.305944,2388537590.999263,1673120050.0393572,3615215309.0010095,2724831420.7808065,3187484270.3277555,2515093485.780216,4761568620.224819,2402214981.8712773,4915538352.42741,2577425543.39115,2546817590.64418,2635138453.0476866,2705875553.9997387,3441712343.4246807,1554579006.8080451,2525283593.4577813,1431906328.7449331,3888671863.979768,2169802400.437579,1723645150.9120312,2001571646.1685197,1704541445.9511373,4497239916.661352
4577256700.881749,3141540512.305944,2218245975.844088,1673120050.0393572,3561423010.708244,2684539250.944856,3187484270.3277555,2515093485.780216,4761568620.224819,2336241513.602361,4915538352.42741,2577425543.39115,2546817590.64418,2635138453.0476866,2518217446.1707697,3326102121.484953,1554579006.8080451,2496124172.0833883,1380666951.2329006,3883372907.698886,2169802400.437579,1723645150.9120312,2001571646.1685197,1547670443.4294097,4497239916.661352
4577256700.881749,3044098944.286221,2218245975.844088,1611945062.3058202,3012498596.8608427,2684539250.944856,3050325869.7851963,2392181376.139448,4663026631.164018,2213767881.2624087,4830882721.753825,2539964831.4937205,2546817590.64418,2601720558.558796,2431307490.672616,3326102121.484953,1554579006.8080451,2470280334.6555347,1240873225.194393,3791923964.6527176,2118108210.892487,1723645150.9120312,2001571646.1685197,1547670443.4294097,4324783051.349505
4577256700.881749,2937491289.166724,2218245975.844088,1611945062.3058202,2733476831.3782573,2684539250.944856,3050325869.7851963,2348701760.088153,4535786601.117146,1948351769.9030144,4830882721.753825,2539964831.4937205,2517694574.4692106,2601720558.558796,2431307490.672616,3326102121.484953,1554579006.8080451,2341697505.6296043,1240873225.194393,3791923964.6527176,2053954848.257495,1723645150.9120312,2001571646.1685197,1547670443.4294097,4324783051.349505
4256696639.190359,2937491289.166724,2007393512.7019427,1611945062.3058202,2733476831.3782573,2540287417.250054,2492441496.2888155,2268521409.500175,4302550177.564458,1948351769.9030144,4830882721.753825,2539964831.4937205,2446687613.7028,2601720558.558796,2431307490.672616,3326102121.484953,1554579006.8080451,2341697505.6296043,1240873225.194393,3216794378.715306,2038219377.126221,1723534075.612649,1934806509.61124,1547670443.4294097,4164021745.1323867
4256696639.190359,2730569626.501319,2007393512.7019427,1611945062.3058202,2733476831.3782573,2294420775.2230086,2285345092.9125934,2175270336.414141,4302550177.564458,1948351769.9030144,4747462824.554482,2514415707.513457,2446687613.7028,2601720558.558796,2178371567.1702595,3276795368.1406083,1554579006.8080451,2341697505.6296043,1240873225.194393,3216794378.715306,2038219377.126221,1723534075.612649,1768272227.0698981,1547670443.4294097,4164021745.1323867
4256696639.190359,2730569626.501319,2007393512.7019427,1529406422.774339,2674465424.5651007,2294420775.2230086,2285345092.9125934,2045225490.5440578,4149994089.794267,1948351769.9030144,4747462824.554482,2405171516.030014,2372455849.849994,2477191466.12196,2178371567.1702595,3181247420.953926,1554579006.8080451,2305031304.341465,1206754125.9772952,3164637832.260737,1987094420.66095,1602191033.426716,1768272227.0698981,1547670443.4294097,4139085394.526601
4249931666.003497,2730569626.501319,1906503717.5229723,1529406422.774339,2470961798.604451,2144338175.502579,2285345092.9125934,2045225490.5440578,4125427606.523188,1948351769.9030144,4617768518.121501,2352303093.3049316,2107943194.7883017,2477191466.12196,2178371567.1702595,2949613372.593725,1511600898.4709566,2189563742.7881556,1206754125.9772952,2961405584.7706633,1987094420.66095,1602191033.426716,1768272227.0698981,1462767491.882204,4139085394.526601
4249931666.003497,2730569626.501319,1897003953.4361956,1529406422.774339,2390432998.1971326,2144338175.502579,2285345092.9125934,1980110336.2421923,3804533378.3490305,1948351769.9030144,4058588819.7588696,2352303093.3049316,2081475669.1446846,2477191466.12196,2178371567.1702595,2949613372.593725,1511600898.4709566,1735337916.0243554,1025912485.2468352,2854629689.352664,1894983568.3954763,1602191033.426716,1768272227.0698981,1462767491.882204,4139085394.526601
4249931666.003497,2730569626.501319,1894103267.231758,1529406422.774339,2384698394.278438,2144338175.502579,2285345092.9125934,1980110336.2421923,3634599039.8970776,1948351769.9030144,4058588819.7588696,2166373941.030206,2081475669.1446846,2477191466.12196,2178371567.1702595,2822851160.6035786,1511600898.4709566,1735337916.0243554,1025912485.2468352,2854629689.352664,1860987287.7446985,1406515473.0274105,1754273433.5467615,1385119537.446112,3960874510.191847
4170627518.8065963,2730569626.501319,1732376351.5642335,1529406422.774339,2384698394.278438,2144338175.502579,2285345092.9125934,1971314725.6000376,3634599039.8970776,1948351769.9030144,4058588819.7588696,2166373941.030206,2081475669.1446846,2316795683.2735605,2178371567.1702595,2717006867.675409,1289928977.9684258,1735337916.0243554,990520948.5944425,2854629689.352664,1856713197.3492005,1406515473.0274105,1681254788.3090863,1385119537.446112,3960874510.191847
4162801046.2064915,2683353084.9279294,1732376351.5642335,1515530537.1081245,2384698394.278438,2144338175.502579,2285345092.9125934,1971314725.6000376,3437959301.7943673,1876525334.1639194,4058588819.7588696,2166373941.030206,1903775322.5608416,2187097915.5568337,2024571722.0505507,2717006867.675409,1212981899.667163,1735337916.0243554,990520948.5944425,2854629689.352664,1798410666.537164,1406515473.0274105,1681254788.3090863,1361915769.1373634,3960874510.191847
4162801046.2064915,2683353084.9279294,1732376351.5642335,1515530537.1081245,2213823155.104792,2036856053.2729902,2285345092.9125934,1958923289.9009962,3437959301.7943673,1876525334.1639194,4058588819.7588696,2102936340.868649,1903775322.5608416,2187097915.5568337,1994756134.144393,2707690590.723294,1212981899.667163,1735337916.0243554,920373907.6277465,2854629689.352664,1798410666.537164,1282044678.9147463,1681254788.3090863,1356027823.4393704,3960874510.191847
4149769906.744407,2683353084.9279294,1732376351.5642335,1485095579.1468425,2108556505.7210722,1974029760.200429,2285345092.9125934,1907045141.8087425,3437959301.7943673,1839706094.9279954,4058588819.7588696,2102936340.868649,1903775322.5608416,1913413817.9691799,1994756134.144393,2457660609.910153,1212981899.667163,1679554690.7774873,878559658.7043203,2854629689.352664,1696543256.745841,1282044678.9147463,1634825137.2308278,1141890326.8974116,3856832048.12016
4079652922.227708,2683353084.9279294,1732376351.5642335,1465577867.555333,2108556505.7210722,1964014824.041374,2285345092.9125934,1907045141.8087425,3437959301.7943673,1839706094.9279954,3917239800.0876956,2053869314.2289932,1815834644.797286,1913413817.9691799,1994756134.144393,2319636445.3852277,1177395206.6958065,1679554690.7774873,878559658.7043203,2854629689.352664,1634374851.8263981,1164267851.9811025,1611572678.5781283,1141890326.8974116,3689328722.01178
3846021946.4473176,2644326366.1700993,1686925580.2291844,1465577867.555333,2057715580.2728262,1964014824.041374,2253555388.7622476,1858070712.108544,3354745879.937815,1761486306.3170054,3917239800.0876956,1946540974.4799285,1815834644.797286,1913413817.9691799,1921961841.066974,2239063310.5645213,1166672124.7843676,1647473910.1965733,878559658.7043203,2847305504.5090346,1631247840.4892552,1085761423.7858315,1525729516.4117887,1141890326.8974116,3689328722.01178
3846021946.4473176,2571294519.8331246,1604647389.7034054,1235001790.731912,1892086516.4007719,1964014824.041374,2055231535.1317806,1858070712.108544,3319046421.1241364,1733726427.1882193,3719853164.929693,1946540974.4799285,1815834644.797286,1913413817.9691799,1921961841.066974,2116639308.3946257,1166672124.7843676,1520342054.2624736,784375697.6005055,2732656258.232718,1613867565.7325807,1085761423.7858315,1502302208.2019696,1141890326.8974116,3689328722.01178
3534350389.1361947,2488288796.875434,1604647389.7034054,1235001790.731912,1892086516.4007719,1765528646.5841253,2015332140.2135108,1858070712.108544,3319046421.1241364,1733726427.1882193,3639784365.687747,1946540974.4799285,1815834644.797286,1913413817.9691799,1921961841.066974,2116639308.3946257,1106835632.9337304,1520342054.2624736,784375697.6005055,2549698982.464037,1613867565.7325807,1085761423.7858315,1502302208.2019696,1141890326.8974116,3455591917.822506
3534350389.1361947,2488288796.875434,1457843368.7087443,1235001790.731912,1892086516.4007719,1765528646.5841253,1949194474.4868038,1847322357.1151733,2917181175.579614,1673817938.3169496,3639784365.687747,1862159444.7347844,1782888430.7752872,1913413817.9691799,1899786436.7856383,2099504169.6045318,1106835632.9337304,1488849896.0534196,718408375.4463376,2497609484.6223893,1484553587.980424,1085761423.7858315,1497788875.6884434,1000111088.9994911,3455591917.822506
3534350389.1361947,2488288796.875434,1445656021.2389438,1210734659.48205,1892086516.4007719,1765528646.5841253,1949194474.4868038,1834066810.9326375,2917181175.579614,1478945361.8126469,3586998805.971015,1820220630.140638,1782888430.7752872,1837441111.1050587,1831046699.1263542,1960159145.4582686,1106835632.9337304,1488849896.0534196,718408375.4463376,2480227440.7052226,1484553587.980424,1085761423.7858315,1497788875.6884434,1000111088.9994911,3455591917.822506
3225484694.2025914,2328956788.235504,1445656021.2389438,1210734659.48205,1892086516.4007719,1610164532.7486043,1757610144.4950063,1834066810.9326375,2917181175.579614,1478945361.8126469,3261147514.4314766,1820220630.140638,1634428054.0135014,1797655402.6426804,1831046699.1263542,1960159145.4582686,1035786568.9657426,1474039633.7288492,718408375.4463376,2428121644.9882736,1484553587.980424,1085761423.7858315,1495997192.28113,1000111088.9994911,3247409192.3841777
3225484694.2025914,2216075167.1751437,1320921255.051481,1151068020.60472,1640779240.2527375,1570862506.9209032,1757610144.4950063,1792912833.1925354,2854973001.768969,1478945361.8126469,3261147514.4314766,1693170088.2949576,1634428054.0135014,1797655402.6426804,1760365905.5943773,1960159145.4582686,1023829246.9780184,1474039633.7288492,718408375.4463376,2428121644.9882736,1446071308.3649726,1085761423.7858315,1490176578.0622213,1000111088.9994911,3247409192.3841777
2551655444.8762736,2214231803.528387,1320921255.051481,1151068020.60472,1618131901.1502578,1562949768.2633548,1757610144.4950063,1680299114.06917,2700445048.2075205,1478945361.8126469,3261147514.4314766,1693170088.2949576,1634428054.0135014,1797655402.6426804,1760365905.5943773,1960159145.4582686,1023829246.9780184,1378626667.4655354,718408375.4463376,1959164344.2816472,1421481634.9523528,1085761423.7858315,1490174952.3517287,940989645.0180032,3223029186.0873265
2551655444.8762736,2214231803.528387,1320921255.051481,1102068335.7527056,1561750258.0083072,1536785332.6130881,1741463458.6053586,1680230062.4453351,2527366437.5677,1385528149.7282906,3261147514.4314766,1693170088.2949576,1526656037.1630123,1680316637.6299593,1665424432.937265,1960159145.4582686,975030215.103909,1378626667.4655354,712478563.6676437,1959164344.2816472,1271160019.3744662,1012275335.5169487,1282360449.698755,940989645.0180032,3223029186.0873265
2551655444.8762736,2129001152.404412,1320921255.051481,1102068335.7527056,1561750258.0083072,1536785332.6130881,1656894592.3328714,1680230062.4453351,2527366437.5677,1385528149.7282906,3261147514.4314766,1693170088.2949576,1526656037.1630123,1680316637.6299593,1665424432.937265,1856457245.451775,835140089.6168113,1273508891.27118,712478563.6676437,1959164344.2816472,1162537010.0400817,869798973.2321765,1246384291.1705632,915036630.4542878,3222496083.7538342
2551655444.8762736,2126808638.4694982,1320921255.051481,1065286722.1615146,1561750258.0083072,1492712151.056297,1656894592.3328714,1630056458.417833,2362014574.4170747,1385528149.7282906,3246377993.119224,1667573668.35732,1521588647.8486638,1680316637.6299593,1665424432.937265,1800789874.4837236,835140089.6168113,1245504298.7465281,669988278.8282452,1959164344.2816472,1162537010.0400817,869798973.2321765,1171038091.945347,873648077.0303582,3222496083.7538342
2547622777.876355,2075422934.9801838,1185145030.836711,1039113864.0573806,1561750258.0083072,1350314300.2461193,1617821041.5375676,1595288354.7985578,2362014574.4170747,1385528149.7282906,3246377993.119224,1667573668.35732,1521588647.8486638,1680316637.6299593,1633889378.941294,1768029617.0180018,835140089.6168113,1213842913.6487756,581898501.1773579,1948094690.638588,1037210430.5627311,869798973.2321765,1171038091.945347,873648077.0303582,3222496083.7538342
2547622777.876355,2019707938.246504,1185145030.836711,942173993.3971236,1544431938.844137,1350314300.2461193,1617821041.5375676,1536093995.0304859,2362014574.4170747,1324828129.0712082,3188952988.8438616,1528984861.6911182,1521588647.8486638,1631787864.282705,1633889378.941294,1768029617.0180018,835140089.6168113,1205085516.8246782,581898501.1773579,1948094690.638588,1008669834.5812325,863482220.168211,1171038091.945347,873648077.0303582,3218742883.744234
2547622777.876355,2019707938.246504,1185145030.836711,942173993.3971236,1544431938.844137,1350314300.2461193,1617821041.5375676,1407318847.947665,2305367078.7465897,1167371176.4415956,3188952988.8438616,1528984861.6911182,1506746768.4367027,1610806727.4698372,1599031347.5980067,1599828591.184455,835140089.6168113,1205085516.8246782,581898501.1773579,1943096516.9536858,937866538.1341988,813300473.4795004,1156744857.7060318,873648077.0303582,3218742883.744234
2538163660.60954,1855787914.7161574,1185145030.836711,942173993.3971236,1507385994.8360815,1268647979.955005,1579657339.2361484,1407318847.947665,2305367078.7465897,1167371176.4415956,3093770691.403617,1406638552.0082052,1418002501.1187358,1373960640.5913064,1581802084.7177842,1599828591.184455,835140089.6168113,1175641003.4753585,558788506.2884519,1917114883.4226632,934842916.0220364,813300473.4795004,1121687087.0518384,838213826.2232075,3167172629.2181907
2538163660.60954,1825312382.0237932,1185145030.836711,924856681.2034926,1469337309.694616,1268647979.955005,1579657339.2361484,1241200625.873004,2163579871.129664,1167371176.4415956,3093770691.403617,1406638552.0082052,1292710526.9257565,1373960640.5913064,1415514346.7117403,1563072215.649928,835140089.6168113,1133067146.6590936,549360837.8528491,1827314946.9193838,920677293.3041564,788983072.9865433,1021773805.4536998,832531421.7405229,3080662702.0823374
2482402925.260382,1825312382.0237932,1185145030.836711,919968584.5840563,1469337309.694616,1250257203.7843466,1579657339.2361484,1241200625.873004,2163579871.129664,1167371176.4415956,3026320235.5575647,1406638552.0082052,1292710526.9257565,1373960640.5913064,1317447295.6548214,1498081394.843494,835140089.6168113,901394106.5124553,546915599.698473,1649168746.930633,860991282.1315049,656529825.5753746,1021773805.4536998,828242810.5089018,3080662702.0823374
2468238878.418948,1726671854.0604477,1185145030.836711,919968584.5840563,1469337309.694616,1250257203.7843466,1579657339.2361484,1241200625.873004,2150653599.0182695,1167371176.4415956,3026320235.5575647,1343987295.7361665,1292710526.9257565,1373960640.5913064,1174423325.0399215,1448331128.8613372,802142967.7458333,901394106.5124553,478530445.47414786,1649168746.930633,859307386.0308052,644039629.3757259,1021773805.4536998,828242810.5089018,3070006398.724196
2443106904.6675377,1726671854.0604477,1185145030.836711,843817994.6542574,1372652868.7746308,1250257203.7843466,1547933151.2983792,1241200625.873004,2150653599.0182695,1167371176.4415956,3026320235.5575647,1343987295.7361665,1248903666.6797462,1363438074.7047193,1174423325.0399215,1420248732.8773284,802142967.7458333,867790790.7186902,478530445.47414786,1647852295.2660477,836701162.7280915,644039629.3757259,975361964.9380088,828242810.5089018,2972863509.757113
2183290391.4095917,1726671854.0604477,1185145030.836711,843817994.6542574,1372135753.234264,1250257203.7843466,1514251545.5642111,1239438446.0734832,2100260841.5558558,1167371176.4415956,3026320235.5575647,1309390408.6097126,1159827451.133136,1363438074.7047193,1174423325.0399215,1323386656.1703591,784453422.374752,867790790.7186902,478530445.47414786,1647852295.2660477,836701162.7280915,644039629.3757259,975361964.9380088,828242810.5089018,2972863509.757113
2183290391.4095917,1461609065.2433133,1185145030.836711,843817994.6542574,1289346335.5238447,1250257203.7843466,1463738073.4002903,1230523496.8548052,2100260841.5558558,1167371176.4415956,2929447747.70876,1187414527.7197273,1159827451.133136,1338097923.8021836,1174423325.0399215,1323386656.1703591,784453422.374752,867790790.7186902,478530445.47414786,1593755308.2211325,661570799.168789,644039629.3757259,975361964.9380088,828242810.5089018,2972863509.757113
2183290391.4095917,1461609065.2433133,1039490528.0648209,843817994.6542574,1281728768.068211,1250257203.7843466,1463738073.4002903,1181016316.8489804,2086633293.1932774,1143277192.7361784,2929447747.70876,1187414527.7197273,1141949529.706204,1338097923.8021836,1174423325.0399215,1304872082.25513,784453422.374752,867790790.7186902,478530445.47414786,1445236669.9759433,661570799.168789,644039629.3757259,881151746.522872,749315072.8581431,2870004217.4888706
2183290391.4095917,1436792130.9353602,1039490528.0648209,832588812.0069494,1245573040.501865,1241439703.5107572,1414264580.5094972,1131136310.108808,2029642604.5238278,1143277192.7361784,2800072821.664586,1177599797.747615,1068163621.0455539,1279391276.877557,1174423325.0399215,1304872082.25513,703928615.2651658,867790790.7186902,478530445.47414786,1445236669.9759433,661570799.168789,618050964.8690567,881151746.522872,749315072.8581431,2858300542.439308
2011537429.575057,1436792130.9353602,968705567.3043857,832588812.0069494,1245573040.501865,1096679124.2519467,1414264580.5094972,1127465547.4836376,2029642604.5238278,1134274696.2297978,2660919244.261225,1132918021.9995785,1068163621.0455539,1279391276.877557,1131837048.737823,1304002975.1235251,703928615.2651658,867790790.7186902,467497811.57263833,1378593276.7261446,661570799.168789,618050964.8690567,881151746.522872,749315072.8581431,2822592172.352222
2011537429.575057,1436792130.9353602,968705567.3043857,817368935.8169494,1245573040.501865,1096679124.2519467,1414264580.5094972,1089617487.078154,2029642604.5238278,1076618931.5014367,2633294139.0607376,1107434463.0796711,1026311714.5510722,1239991414.3133245,1131837048.737823,1304002975.1235251,703928615.2651658,825816038.3633159,467497811.57263833,1283950347.3668158,661570799.168789,573484400.7471908,881151746.522872,748356579.0719029,2769239957.746432
1941686394.5759592,1436792130.9353602,968705567.3043857,817368935.8169494,1245573040.501865,1070257647.600144,1340117232.020585,1089617487.078154,1987024124.7806742,1076618931.5014367,2609887469.182921,1107434463.0796711,1026311714.5510722,1192289559.680866,1131837048.737823,1181518850.4249222,703928615.2651658,786118174.264745,408912099.94119614,1181696403.3811483,661570799.168789,573484400.7471908,881151746.522872,708709396.0327483,2769239957.746432
1821748565.3945277,1436792130.9353602,901945755.8346088,774247672.0616459,1245573040.501865,1070257647.600144,1340117232.020585,1068396393.3212376,1827991997.986653,1059334550.7087647,2503055642.431653,1051452662.7507185,997031937.2245532,1192289559.680866,1131837048.737823,1175371106.1154737,703928615.2651658,786118174.264745,408912099.94119614,1181696403.3811483,629508045.7710341,573484400.7471908,871813476.0892743,690674243.1429322,2769239957.746432
1439407479.2045586,1436387260.4802868,878216636.1426448,774247672.0616459,1221376985.2651494,1070257647.600144,1340117232.020585,1068396393.3212376,1827991997.986653,1003959225.7785873,2503055642.431653,1051452662.7507185,978078348.1675597,1188505178.520341,1131837048.737823,1165965802.1346395,703928615.2651658,712303380.6818565,408912099.94119614,1181696403.3811483,629508045.7710341,570613273.924918,861614238.9254307,690674243.1429322,2769239957.746432
1439407479.2045586,1402186214.7234132,878216636.1426448,738869027.4733671,1177643089.6669307,1070257647.600144,1254357267.62772,1026048394.1641687,1798583712.5850596,1003959225.7785873,2503055642.431653,742227452.1341056,942170840.730684,1188505178.520341,1096714899.5549386,1132116005.5269506,703928615.2651658,712303380.6818565,408912099.94119614,1152070361.8284037,629508045.7710341,558780383.1341201,861614238.9254307,684286678.1915561,2735794227.950087
1439407479.2045586,1331049881.9028883,813157919.981423,738869027.4733671,1113096854.1705241,1070257647.600144,1130473584.1707463,1026048394.1641687,1791009137.1616814,949513643.179422,2503055642.431653,742227452.1341056,942170840.730684,1147282214.6395426,1065069232.5851711,1106042459.8356774,614725233.7105292,702006159.7862135,408912099.94119614,1149616671.7545834,578251809.7952716,539171558.6521515,861614238.9254307,681577340.488125,2660435585.168737
1439407479.2045586,1266185691.3180902,773590856.9884225,738869027.4733671,1113096854.1705241,1014977575.7293968,1130473584.1707463,1022807186.6476716,1756695455.8090744,924858146.0881448,2318990828.636901,742227452.1341056,941863430.6367278,1147282214.6395426,1065040098.9077588,1106042459.8356774,614725233.7105292,694353794.7831059,408912099.94119614,1125387126.4500644,578251809.7952716,539171558.6521515,816946452.8651905,681577340.488125,2652764580.4496055
1314316435.78016,1266185691.3180902,773590856.9884225,738869027.4733671,1113096854.1705241,949542878.5697815,1111328290.5916514,977389553.5104921,1680209132.289531,924858146.0881448,2318990828.636901,742227452.1341056,853060007.5034394,1084757144.693597,1011635227.516277,1079402179.3055408,614725233.7105292,563971475.7834839,379228797.4597056,1102758661.810929,578251809.7952716,539171558.6521515,747259949.0947267,582064337.04668,2500539588.368511
1314316435.78016,1137011459.914955,773590856.9884225,708675521.5174302,1105430796.1640477,949542878.5697815,1110634286.3473735,977389553.5104921,1576312211.3078794,905132599.4447035,2318990828.636901,742227452.1341056,853060007.5034394,1084757144.693597,949569683.8903373,1061265771.9326136,581668906.9774809,563971475.7834839,379228797.4597056,1097544238.9428694,578251809.7952716,516554887.7393226,747259949.0947267,582064337.04668,2500539588.368511
1314316435.78016,1137011459.914955,773590856.9884225,704142249.2349626,1026372355.5050446,949542878.5697815,1104320730.4616811,975474455.5162565,1576312211.3078794,895618172.8148872,2256538120.5768094,742227452.1341056,849549480.2715875,1037926898.1798227,949569683.8903373,1061265771.9326136,581668906.9774809,563971475.7834839,369486833.9403012,1097544238.9428694,523370832.144142,464056363.43038946,747259949.0947267,582064337.04668,2500539588.368511
1314316435.78016,1137011459.914955,773590856.9884225,704142249.2349626,1026372355.5050446,827353138.2172204,1078894514.8843706,918222310.4773289,1576312211.3078794,880206045.5319906,2133286454.5017664,742227452.1341056,838882764.203258,1032247597.5111017,929521744.3441712,1061265771.9326136,581668906.9774809,563971475.7834839,339334526.8369267,1034462950.9478132,523370832.144142,464056363.43038946,693042815.682829,560887206.9745651,2481145619.515403
1314316435.78016,1137011459.914955,773590856.9884225,704142249.2349626,888254530.6869001,827353138.2172204,1061762998.0494733,871733475.6474261,1491651361.421577,856446859.6058909,2038874024.6325564,742227452.1341056,838882764.203258,1025710063.0314033,929521744.3441712,1022380557.6858062,558450957.3414263,563971475.7834839,339334526.8369267,1029081207.3229072,518546700.94503844,457823373.75903213,693042815.682829,560887206.9745651,2480533982.475354
1314316435.78016,1137011459.914955,773590856.9884225,659091823.3994156,871317351.7577393,827353138.2172204,1061762998.0494733,867954892.3281418,1491651361.421577,823282049.8610553,2027746414.8939729,688699480.0481524,838882764.203258,939154027.1566297,929521744.3441712,978471308.5941683,527725833.2681088,563971475.7834839,339334526.8369267,1029081207.3229072,513004013.85127735,457823373.75903213,671215390.5290095,560887206.9745651,2412001485.117098
1294263087.2263377,1137011459.914955,773590856.9884225,659091823.3994156,871084030.2141684,827353138.2172204,1061762998.0494733,867954892.3281418,1491651361.421577,770161278.1957737,2024214494.909264,688699480.0481524,829773528.5036613,928990780.5382514,879864134.8148826,978471308.5941683,527725833.2681088,507922001.59076935,339334526.8369267,1029081207.3229072,513004013.85127735,450321865.6857663,658053726.859963,552482710.796856,2412001485.117098
1184440787.9653566,1071179267.8928305,773590856.9884225,659091823.3994156,871084030.2141684,826067256.4017651,1014029104.7288381,847310304.1592864,1482675341.9086375,747532155.62556,2024214494.909264,688699480.0481524,829773528.5036613,905338445.593365,879864134.8148826,934032761.9615687,527725833.2681088,507922001.59076935,339334526.8369267,1029081207.3229072,503235656.0846676,434606483.21615154,658053726.859963,552482710.796856,2331621137.0639987
1184440787.9653566,1045520304.2915019,773590856.9884225,659091823.3994156,826187388.6840707,826067256.4017651,969654900.2988096,844480205.7276156,1417796539.129838,689285595.4891059,1993187154.7332268,688699480.0481524,826850622.1175467,905338445.593365,879864134.8148826,934032761.9615687,527725833.2681088,507483783.6460896,296292448.07272005,1029081207.3229072,503235656.0846676,434606483.21615154,638121230.2119757,544710440.8615147,2299537309.861741
1155058904.672878,1037919982.2429612,773590856.9884225,659091823.3994156,817457304.735441,710344238.9638461,926663021.4579946,844480205.7276156,1410836943.700731,689285595.4891059,1779893723.8382509,688699480.0481524,796948768.1845869,863114365.323405,872648172.2937919,934032761.9615687,512344855.62623864,500239839.6405416,296292448.07272005,1029081207.3229072,502541511.0739187,410648214.38095045,624555187.8696381,528742043.75201017,2299537309.861741
1155058904.672878,1033298372.1173036,773590856.9884225,658757695.3479669,817457304.735441,710344238.9638461,926663021.4579946,822527507.191407,1410836943.700731,650948059.54869,1779893723.8382509,688699480.0481524,796948768.1845869,851992253.0298464,834177731.9972456,923063742.8294933,499454436.72357565,461185258.9229597,296292448.07272005,1002216838.6252152,466007265.8264444,410648214.38095045,624555187.8696381,492152172.1585645,2268168805.887591
1112910028.7171817,1033298372.1173036,773590856.9884225,634359964.389038,779206100.1634167,662018132.3116789,926663021.4579946,807829603.2044756,1409732679.3939488,649286058.874167,1779893723.8382509,669652362.9785347,773626144.9964106,851136534.9456985,813762008.9816425,837214606.0620133,499454436.72357565,414991064.44897085,296292448.07272005,965016333.5158342,458148975.1111401,395623191.0615113,600715814.7872638,492152172.1585645,2115869267.7918553
1112910028.7171817,929011837.5248979,750612458.5242379,570629710.3396312,779206100.1634167,592372046.3974693,926663021.4579946,750199441.0459596,1266374946.957575,639706702.2158344,1779893723.8382509,667929609.2121278,642190228.8466889,832783688.8141876,813762008.9816425,837214606.0620133,491152028.0628006,414991064.44897085,296292448.07272005,890177102.1468468,440799454.6596447,395623191.0615113,573429918.2110273,468310460.04540426,2115869267.7918553
1050707535.1052498,929011837.5248979,750137221.3692561,570629710.3396312,779206100.1634167,592372046.3974693,881504009.9616413,750199441.0459596,1266374946.957575,639706702.2158344,1779893723.8382509,667929609.2121278,642190228.8466889,768312646.8695782,803866327.0448402,837214606.0620133,491152028.0628006,386717023.7080022,296292448.07272005,890177102.1468468,429009598.12391096,373906271.0478926,550146857.2020447,468310460.04540426,2020826156.5125961
1050707535.1052498,890700420.8921198,746918403.2628984,570629710.3396312,769533746.7446532,571090821.3078176,829793223.7711308,718146720.9046813,1265787165.5443985,639706702.2158344,1779893723.8382509,598525046.1853855,642190228.8466889,717787322.19219,803866327.0448402,812543908.7553288,491152028.0628006,386344366.5725773,296292448.07272005,789087981.6313304,399354731.08910835,373906271.0478926,550146857.2020447,460314861.0667053,1980726131.4098861
1050707535.1052498,890700420.8921198,668552759.2608768,570629710.3396312,769533746.7446532,571090821.3078176,829793223.7711308,717974354.920096,1265787165.5443985,639706702.2158344,1779893723.8382509,598525046.1853855,560363299.3232596,713089898.329919,803866327.0448402,812543908.7553288,474578348.2026402,372137674.6656115,261949827.46282843,789087981.6313304,399354731.08910835,363126643.6254658,532309815.8540541,427500518.5282939,1980726131.4098861
927000880.1088781,713798030.2597412,668552759.2608768,570629710.3396312,762579242.525731,571090821.3078176,829793223.7711308,717974354.920096,1265787165.5443985,639706702.2158344,1778747888.312187,598525046.1853855,560363299.3232596,713089898.329919,774115878.3820329,812543908.7553288,445117783.82460093,370404747.15864676,261949827.46282843,733302863.2539912,399354731.08910835,363126643.6254658,532309815.8540541,424281364.6581184,1874869269.2988591
927000880.1088781,713798030.2597412,660504091.7127757,549118933.5586114,690748331.7787175,564414979.8794931,784167485.7922416,717974354.920096,1202892596.2797353,639706702.2158344,1778747888.312187,584951913.3656175,560363299.3232596,713089898.329919,686937731.3449986,812543908.7553288,428494934.2201965,370404747.15864676,261949827.46282843,733302863.2539912,392116882.77589375,349093500.31553614,510696704.4591192,373712853.32025486,1874869269.2988591
927000880.1088781,713087199.1608227,633286394.8844614,482939542.93339247,690748331.7787175,564414979.8794931,784167485.7922416,713476945.2084715,1202892596.2797353,613030087.9904106,1753769181.2130346,584951913.3656175,551393827.2197229,664887919.6965346,686937731.3449986,749072393.8849609,410603104.42459863,370404747.15864676,261949827.46282843,731470227.957068,371888546.70173764,349093500.31553614,475950994.0175349,373712853.32025486,1874869269.2988591
927000880.1088781,713087199.1608227,633286394.8844614,413188979.9212668,690748331.7787175,564414979.8794931,784167485.7922416,668514596.0670406,1202892596.2797353,603493478.91675,1753769181.2130346,574644206.8130738,551393827.2197229,664887919.6965346,685018688.9823009,749072393.8849609,410603104.42459863,349717479.7434312,253821012.95100448,731470227.957068,370760933.45063967,319350882.7820594,475950994.0175349,373712853.32025486,1874869269.2988591
914770684.8005506,669191621.8884424,629380716.561242,413188979.9212668,690748331.7787175,564414979.8794931,714431892.1403162,668514596.0670406,1195251353.697206,576220086.2375895,1733858399.3399093,551243344.6819067,551393827.2197229,642486365.7146455,685018688.9823009,749072393.8849609,392987881.62141544,340702139.88570756,253821012.95100448,723032553.1196907,370760933.45063967,319350882.7820594,466834887.32075614,370928590.07676125,1767098030.2359543
914770684.8005506,669191621.8884424,629380716.561242,413188979.9212668,586617002.113635,564414979.8794931,699289338.9934769,636275519.728226,1195251353.697206,553838647.9820884,1696296127.0353994,535636616.65563345,507379023.0418312,641272044.2876114,685018688.9823009,749072393.8849609,392987881.62141544,340702139.88570756,253821012.95100448,723032553.1196907,365368441.1225741,309113762.3816642,462348265.55874103,370928590.07676125,1580439594.7847574
914770684.8005506,669191621.8884424,614610197.3130808,413188979.9212668,586617002.113635,469800644.88364273,699289338.9934769,628988640.6157643,1108805408.1149182,553838647.9820884,1696296127.0353994,535636616.65563345,507379023.0418312,607141880.3363601,685018688.9823009,749072393.8849609,392987881.62141544,340702139.88570756,253821012.95100448,723032553.1196907,314111017.85560995,293632373.5891153,412570299.0880114,370928590.07676125,1580439594.7847574
857979942.7445301,669191621.8884424,614610197.3130808,404459049.9520637,586617002.113635,469800644.88364273,699289338.9934769,628988640.6157643,1108805408.1149182,538232875.6554836,1615704727.1515808,535636616.65563345,507379023.0418312,527563069.2155383,685018688.9823009,749072393.8849609,391437587.7861812,340702139.88570756,248202723.33148754,691035107.7621529,314111017.85560995,275118924.411747,412570299.0880114,368739399.86969125,1580439594.7847574
857979942.7445301,669191621.8884424,560827010.1809214,340101410.0235716,586617002.113635,469800644.88364273,673424349.9859042,628988640.6157643,995343729.7829177,505220463.5918052,1615704727.1515808,515193371.27748054,507201767.0581827,527563069.2155383,685018688.9823009,734529488.1090542,391437587.7861812,340702139.88570756,245653830.83891135,691035107.7621529,314111017.85560995,275118924.411747,412570299.0880114,361439087.3580048,1580439594.7847574
857979942.7445301,669191621.8884424,560827010.1809214,340101410.0235716,576153473.0045648,469800644.88364273,673424349.9859042,628988640.6157643,995343729.7829177,503484381.79469585,1607800198.5437782,515193371.27748054,498934306.88651544,527563069.2155383,685018688.9823009,734529488.1090542,380433513.22426003,340702139.88570756,240439178.13919356,599970593.4062364,313742114.30067223,271546991.1419937,410581596.5092124,358433817.4201048,1554846679.338664
857979942.7445301,663081741.9511659,559855639.3422043,338401145.054832,576153473.0045648,469800644.88364273,673424349.9859042,580808575.7135301,935519820.8179511,438783772.13162297,1607800198.5437782,501557128.81966126,483665782.0633582,527563069.2155383,645163697.9790846,696359556.0337635,380433513.22426003,334910295.8295202,240439178.13919356,599970593.4062364,313742114.30067223,271546991.1419937,410581596.5092124,353137273.12516457,1548945824.5250394
852812659.9023799,655125453.0705602,559855639.3422043,338401145.054832,576153473.0045648,448136311.3885982,641598087.2539586,580808575.7135301,935519820.8179511,438783772.13162297,1471762526.1417782,483528598.8237172,483665782.0633582,527563069.2155383,599547173.5778726,696359556.0337635,356697187.2394963,334910295.8295202,240439178.13919356,599970593.4062364,313742114.30067223,262314782.61782777,410581596.5092124,348210657.9608092,1540428160.0044897
852812659.9023799,542243511.3638616,534504592.1050331,338401145.054832,576153473.0045648,448136311.3885982,641598087.2539586,580808575.7135301,935519820.8179511,420801678.7745547,1471762526.1417782,449898436.5013031,463288529.7910504,527563069.2155383,599547173.5778726,673351695.0291791,356697187.2394963,332014005.2162397,199414719.69574562,599970593.4062364,310706853.89771855,262314782.61782777,385347197.5266029,348210657.9608092,1476838646.2137394
849902743.4981737,542243511.3638616,534504592.1050331,338401145.054832,576153473.0045648,448136311.3885982,597878177.7269588,568438047.5783958,864638066.0449978,400214693.6518121,1460750014.6599374,449898436.5013031,459719949.2127973,406949174.85846037,599547173.5778726,673351695.0291791,356697187.2394963,328456145.05491406,199414719.69574562,599970593.4062364,295802920.0775374,262314782.61782777,385347197.5266029,348210657.9608092,1267104187.7842731
826524283.0055653,542243511.3638616,534504592.1050331,338401145.054832,576153473.0045648,342642428.0252927,597878177.7269588,564613454.2543768,864638066.0449978,377853756.23575395,1460750014.6599374,449898436.5013031,452966116.0667697,406949174.85846037,599547173.5778726,668284243.83309,356697187.2394963,318342246.4765614,199414719.69574562,490087148.9172902,285770067.69720495,262314782.61782777,385347197.5266029,331387313.2200695,1267104187.7842731
826524283.0055653,532285157.0498305,534067230.03058714,328431369.28071374,576153473.0045648,342642428.0252927,562427669.1543394,534275612.75628346,864638066.0449978,377853756.23575395,1452918203.269135,449898436.5013031,452966116.0667697,406949174.85846037,598113075.0061154,601199579.1743196,356697187.2394963,318342246.4765614,199414719.69574562,490087148.9172902,285770067.69720495,262314782.61782777,385347197.5266029,291812263.9557005,1160138673.5786018
816847428.1979713,529782606.41524637,534067230.03058714,328431369.28071374,576153473.0045648,342642428.0252927,562427669.1543394,501320192.8539895,854067734.4130925,377853756.23575395,1452918203.269135,434723679.7570195,451487763.7696726,406949174.85846037,569198293.4749104,598562142.0450188,328498208.3060041,314509971.66519827,199414719.69574562,490087148.9172902,270975883.0390772,252882081.20378414,385347197.5266029,291812263.9557005,1152515931.8598871
816847428.1979713,529782606.41524637,497498419.38363475,326228425.2301832,572283679.8619014,342642428.0252927,544951298.7812403,490540344.0503645,854067734.4130925,377853756.23575395,1452918203.269135,434723679.7570195,417238055.4441757,364671880.40624523,525526584.41395867,598562142.0450188,328498208.3060041,305719489.92353857,199414719.69574562,490087148.9172902,246232807.99947256,241045785.56091613,357817353.0141202,291812263.9557005,1152515931.8598871
800493090.4846982,486784405.762421,438749256.8399537,326228425.2301832,572283679.8619014,342642428.0252927,544951298.7812403,488005177.7872953,771022828.2745687,377853756.23575395,1384994621.953635,434723679.7570195,404986689.9949468,361359336.47107863,517955549.3685996,577576766.7293998,328498208.3060041,305132187.4787288,199414719.69574562,490087148.9172902,246232807.99947256,241045785.56091613,357817353.0141202,291812263.9557005,1069303549.6607375
800493090.4846982,437561755.7083545,438749256.8399537,324283314.4667848,557013697.7709382,342642428.0252927,544951298.7812403,480302868.70050436,771022828.2745687,369131931.13335764,1366879742.8391304,406073793.137015,396785670.44776064,361359336.47107863,517955549.3685996,577576766.7293998,325847193.7021367,303395311.4096439,199414719.69574562,490087148.9172902,246232807.99947256,221383654.11991128,356685967.1653644,291812263.9557005,1069303549.6607375
749758849.3739623,437561755.7083545,435722522.3216825,302028394.81995815,557013697.7709382,287920297.11478895,521628608.183504,455205818.07799196,758019231.0743757,369131931.13335764,1345383536.1347287,392360549.1068699,385965658.07172745,361359336.47107863,517955549.3685996,577576766.7293998,312567534.26490515,303395311.4096439,189336910.64318863,490087148.9172902,246051421.25802147,221383654.11991128,350683149.58000374,278888139.37835,1060747159.2734364
749074910.2697903,437561755.7083545,435722522.3216825,272005160.9408446,557013697.7709382,279323155.21565497,502948959.9330017,455205818.07799196,724089139.6965587,350751560.0847411,1343957375.76441,360977707.47483367,385965658.07172745,361359336.47107863,508341858.7004571,548932898.8444778,311195643.2213288,303395311.4096439,189336910.64318863,490087148.9172902,221892771.29445192,221383654.11991128,350683149.58000374,246715548.90400276,906770182.1854795
728569352.8929553,429923599.29084444,429486090.67543846,264940163.68118745,527547437.8600503,279323155.21565497,501328652.6482702,449773873.8174333,724089139.6965587,344282937.47501075,1317590575.0961409,360977707.47483367,385965658.07172745,361359336.47107863,503748006.0768617,548932898.8444778,297045035.32285,298944101.86148,175038927.53677472,479582875.4608413,212034729.5022287,221383654.11991128,321614634.9888816,246715548.90400276,846617450.444701
728569352.8929553,429923599.29084444,429486090.67543846,262007528.99555668,523615273.7888953,279323155.21565497,501328652.6482702,436549077.5244458,724089139.6965587,344282937.47501075,1243801307.8702834,360977707.47483367,385965658.07172745,361359336.47107863,467352277.8826784,541802821.057879,291814880.41924196,290444236.42983705,175038927.53677472,452835509.12959456,212034729.5022287,218540664.85797024,321614634.9888816,246715548.90400276,804308705.074621
728569352.8929553,429923599.29084444,429486090.67543846,262007528.99555668,523615273.7888953,270698289.9174685,501328652.6482702,436549077.5244458,663878947.7369802,344282937.47501075,1243801307.8702834,360977707.47483367,381098288.9059147,361359336.47107863,467352277.8826784,534478207.1298272,291814880.41924196,264624946.61842293,175038927.53677472,452835509.12959456,208358122.14771533,218540664.85797024,315581196.5345538,246715548.90400276,784248519.2225518
707853161.726261,406091627.8570047,429486090.67543846,262007528.99555668,512455866.03292125,270698289.9174685,476069058.59245133,436549077.5244458,663878947.7369802,319475041.64626735,1243801307.8702834,360977707.47483367,381098288.9059147,351609447.2654998,467352277.8826784,508482084.9626954,291814880.41924196,264624946.61842293,175038927.53677472,452835509.12959456,208358122.14771533,210742174.7860542,315581196.5345538,246715548.90400276,784248519.2225518
707853161.726261,400229505.994866,422230617.29535395,262007528.99555668,485181953.006126,270698289.9174685,476069058.59245133,430831645.4342509,663878947.7369802,319475041.64626735,1073891000.4378653,342219277.5517986,343636078.44715744,290964977.79411954,467352277.8826784,508482084.9626954,285536984.88167894,264624946.61842293,171295721.35355785,432727926.28403944,208358122.14771533,210460992.19206038,305763235.39964795,239443082.17808065,732080664.4361172
672775332.1538848,386499380.2360761,422230617.29535395,259910160.38000798,485181953.006126,259894294.4849181,476069058.59245133,426528415.98933005,663878947.7369802,317105933.2657263,1042930450.6876032,323182033.5992004,343636078.44715744,290964977.79411954,443006849.01279914,508482084.9626954,255243422.13086072,264624946.61842293,171295721.35355785,432727926.28403944,197007973.46043327,195037147.0179955,305763235.39964795,239443082.17808065,732080664.4361172
661365813.9068853,381699790.07832617,418912697.7367927,243683296.90867746,485181953.006126,224015276.19907042,471111900.3360225,416450386.44175386,663878947.7369802,316759634.39869606,945549864.5928844,323182033.5992004,339751756.55106246,290964977.79411954,418887742.6777443,486102804.1208363,255243422.13086072,264624946.61842293,171295721.35355785,396844208.89450675,197007973.46043327,185939117.5037859,302422850.57179147,239443082.17808065,732080664.4361172
595842811.0576273,381699790.07832617,416415958.97328985,243683296.90867746,448195116.35292524,224015276.19907042,424045826.6693515,404563717.72188294,643249981.3283793,316759634.39869606,945549864.5928844,323182033.5992004,339751756.55106246,290964977.79411954,418887742.6777443,445630191.0718302,255009849.0338629,264624946.61842293,167647364.31375888,392331979.07630914,197007973.46043327,185939117.5037859,302422850.57179147,239443082.17808065,728259079.6387402
586218764.7802879,307389503.276761,400357937.44495535,232181304.38476896,412356532.5538186,224015276.19907042,424045826.6693515,404563717.72188294,592007685.7024996,295850615.3691056,945549864.5928844,323182033.5992004,336724560.63468915,280951042.3279155,407774564.0436741,445630191.0718302,255009849.0338629,254596272.07096136,167647364.31375888,392331979.07630914,197007973.46043327,177644844.91366166,298741104.32812846,238575639.4097107,639380247.8203592
586218764.7802879,298289918.8035598,398424603.0097582,232181304.38476896,412356532.5538186,224015276.19907042,424045826.6693515,402513046.55103254,545512661.1243286,295850615.3691056,945549864.5928844,323182033.5992004,336724560.63468915,280951042.3279155,405665947.1121571,444441081.3885217,255009849.0338629,254596272.07096136,167647364.31375888,392331979.07630914,197007973.46043327,177644844.91366166,285796089.4566627,229664363.47129434,639380247.8203592
586218764.7802879,290312931.39927065,398424603.0097582,229283257.4234398,377731074.1962923,219771092.25494066,422581016.0423399,402001464.85389304,545512661.1243286,295850615.3691056,804991141.2237762,323182033.5992004,324611317.40206736,258887096.69810238,402930276.41917634,440069650.8034817,253694358.31564045,253456052.09684944,167647364.31375888,392331979.07630914,197007973.46043327,177644844.91366166,277360085.19201773,209023538.8255673,639380247.8203592
586218764.7802879,290312931.39927065,398424603.0097582,218965479.85160622,371655203.1591263,219771092.25494066,391568335.8748515,401917548.6838411,545512661.1243286,294472254.38235193,746274316.1362199,323182033.5992004,324611317.40206736,249467781.2493477,392317656.0542799,440069650.8034817,251730002.67703038,229874669.4386142,167444310.7679147,373042488.19263065,189171994.99526343,168417156.02845547,275987967.90368444,209023538.8255673,639380247.8203592
586129165.0326233,290312931.39927065,387810811.34898174,212097274.3602677,371655203.1591263,213602574.8790815,391568335.8748515,388477270.3281409,528424291.94897634,278061267.4980034,746274316.1362199,323182033.5992004,316102154.7098874,183323843.3318388,388383755.2534866,440069650.8034817,222398712.08651134,229874669.4386142,161049927.05959234,373042488.19263065,189171994.99526343,167783919.99284166,268575081.89538425,205431350.70858636,639380247.8203592
572935569.4525682,290312931.39927065,384890114.5785116,199679473.18345368,371655203.1591263,213602574.8790815,391568335.8748515,388477270.3281409,526287243.90153736,278061267.4980034,719623668.3398738,318250580.6504487,308318014.690637,183323843.3318388,373803444.08163464,440069650.8034817,222398712.08651134,223868911.08533973,159798742.27788895,373042488.19263065,181621417.52766418,167065993.79482973,257339496.79934946,205431350.70858636,639380247.8203592
572935569.4525682,290312931.39927065,384890114.5785116,199679473.18345368,371655203.1591263,213602574.8790815,391568335.8748515,385312630.4638725,526015651.90536726,275444476.7412098,719623668.3398738,317457570.943862,308318014.690637,183323843.3318388,340099136.2783903,437067966.2512869,222398712.08651134,223868911.08533973,159798742.27788895,373042488.19263065,177397664.00855473,158885646.04739138,252317944.6600262,205431350.70858636,639380247.8203592
572935569.4525682,290312931.39927065,383784561.6526682,197230398.26753622,371655203.1591263,212993833.1272156,382456220.387619,379848763.08837914,525131951.65310997,268053343.56039262,719623668.3398738,316796278.76507103,308318014.690637,183323843.3318388,334559530.36968285,437067966.2512869,218329896.4506729,223583664.62053514,158041701.5584473,340804169.8926811,177397664.00855473,150298318.13756385,249322757.48141068,198234351.76856935,630103791.8742965
544151285.7127349,290312931.39927065,383784561.6526682,197011279.0376318,368392939.8666836,212993833.1272156,367876314.49259365,363623399.40082437,474627196.375524,268053343.56039262,719623668.3398738,310276729.3285261,291255635.38864166,182372162.95360842,309932810.73439765,430343098.6649437,213214978.77643654,223583664.62053514,158041701.5584473,331524857.0133708,173747728.94657058,145132248.70306164,246081639.44847652,172259246.0344336,630103791.8742965
544151285.7127349,290312931.39927065,357084496.83851594,197011279.0376318,368392939.8666836,181083215.7846944,367876314.49259365,360391305.24885154,474627196.375524,257559876.6144593,708737541.519437,289144561.8931023,260162164.8444098,174083542.0502351,304474079.1133268,430343098.6649437,201935933.62603688,205815431.1538223,156582199.74774194,331524857.0133708,173747728.94657058,145020940.6329247,236219389.6311571,172259246.0344336,614001273.0635182
540439934.7143984,263758408.09088495,357084496.83851594,193836553.05827892,354897732.97847223,172288405.012179,345212119.3979927,360391305.24885154,474627196.375524,250605748.920574,708737541.519437,281345978.578133,253874065.04346374,167814056.69994244,292218474.6095403,399474696.6099368,201935933.62603688,205815431.1538223,156582199.74774194,331524857.0133708,154869067.95695728,136911182.78788084,223681996.71330273,172259246.0344336,614001273.0635182
540439934.7143984,250853984.25930223,357084496.83851594,193836553.05827892,351128571.4327299,164427701.2269836,332754449.3168131,360391305.24885154,474627196.375524,250605748.920574,708737541.519437,281345978.578133,253874065.04346374,167814056.69994244,292218474.6095403,399474696.6099368,194702337.17307472,192057631.75229546,153977775.3440454,330439382.4387024,154629928.7587047,136250469.8741636,214122647.3298359,172259246.0344336,594212030.1287374
494109144.2640506,250853984.25930223,357084496.83851594,190532983.16363484,329109331.17206466,159425138.2245659,293365221.422668,350776947.0015995,454524779.5942884,244424396.0546061,708737541.519437,281345978.578133,243956385.67442262,146022406.28898343,264913032.23828208,399474696.6099368,189379643.68568248,192057631.75229546,145580097.87917495,320095256.0333378,153991297.557103,131719485.69514175,209526731.95807615,165067046.71616042,593284673.702323
492194252.20745456,215339402.10327002,322484282.39516366,188303299.24905849,329109331.17206466,151577301.2883943,293365221.422668,350776947.0015995,427794264.7166809,244424396.0546061,708737541.519437,276802552.7641725,235308291.96133444,133949119.9786176,264913032.23828208,388151928.8571618,185877983.968817,192057631.75229546,145116813.9491547,304894972.5833129,150168799.87832853,131719485.69514175,209526731.95807615,161479463.42337778,569292049.6120534
456529183.8073565,215339402.10327002,314724892.68414694,188303299.24905849,299813333.97064817,151577301.2883943,293365221.422668,350776947.0015995,427794264.7166809,244424396.0546061,708737541.519437,276802552.7641725,235308291.96133444,133260648.7711672,264913032.23828208,344956424.1330422,185877983.968817,192057631.75229546,145116813.9491547,293545529.8750565,143722564.02413946,121376285.76795487,204634098.92335013,152001267.59230834,499819630.99037755
456529183.8073565,215339402.10327002,314297970.0581859,188303299.24905849,299813333.97064817,148988941.52111292,287657951.6480391,337483425.1243908,427794264.7166809,194280864.51418927,708737541.519437,268055707.6362131,235308291.96133444,133260648.7711672,263632548.77924713,320485548.69236314,176999640.1858748,192057631.75229546,138768066.39800888,293545529.8750565,143722564.02413946,121376285.76795487,200992155.44145745,152001267.59230834,447343244.09958404
446061830.02074194,215339402.10327002,310101958.3669934,188303299.24905849,287957341.2039934,130792624.6376303,279698241.05682695,337483425.1243908,427794264.7166809,194280864.51418927,708737541.519437,247184392.9189215,235308291.96133444,133260648.7711672,263632548.77924713,276964774.0226796,176999640.1858748,172379698.3901468,138768066.39800888,289208794.49339765,143722564.02413946,121376285.76795487,197760924.92020783,147242675.82380444,447343244.09958404
446061830.02074194,215339402.10327002,294404227.6367367,177448165.64817402,287957341.2039934,126125935.99412404,272640060.03469914,337483425.1243908,416340499.92319304,194280864.51418927,708737541.519437,247184392.9189215,225224220.43890858,133186015.43682589,222135126.80088034,276964774.0226796,176999640.1858748,172379698.3901468,138768066.39800888,287578074.9905118,143722564.02413946,121376285.76795487,197760924.92020783,147242675.82380444,445885185.34694034
446061830.02074194,215166727.59435466,294404227.6367367,177448165.64817402,287957341.2039934,126125935.99412404,272640060.03469914,334844006.65912426,416340499.92319304,189468173.24975517,645559833.453855,246572150.89011183,225224220.43890858,133186015.43682589,222135126.80088034,276964774.0226796,176999640.1858748,171041619.37219203,137537729.63106668,284814775.1233714,143431466.23832485,108273485.01779693,196674811.745468,146792611.4999332,359501589.6007454
439909783.9439869,208695953.9999556,290710549.73120075,177448165.64817402,276051833.3615533,123143171.29533648,272640060.03469914,330720634.49559975,389857071.115569,189468173.24975517,538356474.6337427,244709633.29794738,225224220.43890858,130527811.8011075,222135126.80088034,276964774.0226796,176999640.1858748,171041619.37219203,136324640.8357087,271066525.1574256,140313453.67328098,107948021.73272398,196674811.745468,146792611.4999332,359501589.6007454
439909783.9439869,202963389.85104486,290710549.73120075,165302571.95479465,276051833.3615533,123143171.29533648,272640060.03469914,329265493.63691956,384288204.2788013,189468173.24975517,538356474.6337427,244709633.29794738,225224220.43890858,130527811.8011075,222135126.80088034,276964774.0226796,176999640.1858748,149309445.7057223,136324640.8357087,271066525.1574256,135253121.05497515,107948021.73272398,196674811.745468,141196593.97996333,349367472.8124352
416840688.73941964,201206893.5354478,286795747.25663596,154096538.99232778,255469552.33409268,123143171.29533648,248773141.5940027,320729709.9041392,348170872.603925,189468173.24975517,538356474.6337427,237589356.4966393,225224220.43890858,121523429.58676696,222135126.80088034,276964774.0226796,173369959.32366985,143794994.3104226,133718323.7400741,271066525.1574256,135253121.05497515,107948021.73272398,179334144.22729504,141196593.97996333,349367472.8124352
412279141.9373655,201206893.5354478,266870197.52148804,154096538.99232778,255469552.33409268,116520080.27443412,248773141.5940027,296224907.55373347,348170872.603925,182355655.68256176,538356474.6337427,213126205.52309516,224421238.40820488,119963739.96507742,222135126.80088034,268819772.829917,173369959.32366985,143794994.3104226,133718323.7400741,254520191.48387688,135253121.05497515,104332944.4333186,179334144.22729504,137440551.5663548,342753734.50145406
399216222.78179735,199505580.3412376,266870197.52148804,145297099.88177514,249517736.0595789,116520080.27443412,238036013.1905872,296224907.55373347,348170872.603925,182355655.68256176,538356474.6337427,213126205.52309516,201844400.92089102,106461403.34032843,222135126.80088034,268819772.829917,164790046.9860972,143794994.3104226,132248397.64884989,237956764.8376676,135253121.05497515,104332944.4333186,179334144.22729504,137440551.5663548,342753734.50145406
388190123.7696909,199505580.3412376,266870197.52148804,145297099.88177514,249517736.0595789,116033133.74460004,238036013.1905872,277762585.6535357,348170872.603925,179545012.0553214,538356474.6337427,212686711.95175844,201844400.92089102,106461403.34032843,222135126.80088034,268819772.829917,160588551.8382383,137738691.46406496,131040970.26477963,237956764.8376676,130630379.19947606,102205990.41920076,178779124.43621358,137440551.5663548,342143667.58306146
388190123.7696909,173852207.30988377,264822006.05926216,141905733.87345502,249517736.0595789,113409967.30068678,228567867.29129562,277762585.6535357,348170872.603925,169561382.49584758,538356474.6337427,212686711.95175844,201082044.5339663,101118098.50056128,219003674.41738114,255635197.97785142,157065449.64978814,133797868.65080659,125837527.31954597,231764630.54050666,128147496.16495979,98367023.36390851,168877688.2342234,129471572.84029964,342143667.58306146
388190123.7696909,173852207.30988377,264822006.05926216,141905733.87345502,231716232.8362921,111955908.93940233,228567867.29129562,258197404.05826604,347161185.75863034,163475522.5988074,538356474.6337427,212156731.25667542,201082044.5339663,101118098.50056128,219003674.41738114,255635197.97785142,157065449.64978814,132932768.70985207,124516941.45314534,231764630.54050666,127664204.9973311,83804873.52985932,168877688.2342234,125977200.61361697,282217114.01505893
343741644.47879624,173852207.30988377,245767444.16149184,136811348.22360513,224961607.06026742,92270533.44962537,228567867.29129562,258197404.05826604,347161185.75863034,156051809.36195114,495058388.3135557,212156731.25667542,192772796.24402532,101118098.50056128,219003674.41738114,229779142.61429778,150147787.00830993,122595890.33103564,122811063.22336538,231764630.54050666,123702900.31893879,81605763.87502411,168877688.2342234,113835350.3292405,266006623.7327269
330773862.8847825,173852207.30988377,228131604.37826627,136811348.22360513,220381885.0782877,92270533.44962537,210610132.2094101,258197404.05826604,335993676.49933606,156051809.36195114,484438501.5700139,212156731.25667542,192772796.24402532,101118098.50056128,216861699.45543703,225220335.760443,143904892.05506247,122595890.33103564,122811063.22336538,225006675.4395415,119425949.89621747,78602830.22164395,168877688.2342234,113835350.3292405,266006623.7327269
330773862.8847825,173852207.30988377,225459060.10839865,136811348.22360513,219249042.04422897,92270533.44962537,210610132.2094101,258197404.05826604,325257069.6614721,156051809.36195114,484438501.5700139,212156731.25667542,189823243.51205367,101118098.50056128,205992868.37117702,225220335.760443,129966847.3986803,121398245.07178591,122811063.22336538,225006675.4395415,119425949.89621747,78602830.22164395,168877688.2342234,111759111.29104125,266006623.7327269
330773862.8847825,173852207.30988377,225459060.10839865,136811348.22360513,163863506.4992336,92270533.44962537,198836654.89628953,244847482.68440816,325257069.6614721,155303648.1033785,466322788.9537872,188753828.088921,179751870.93351686,85564843.28246267,195565037.3220632,225220335.760443,129966847.3986803,120171226.78425814,121610396.14187337,221100043.65336385,118674228.62847358,78602830.22164395,160952863.51808697,107451833.52445109,262545529.83882478
327366342.9782716,173852207.30988377,225459060.10839865,134585912.72026223,163863506.4992336,86100920.59627588,198836654.89628953,212561523.53490615,314438456.823279,152498972.0022675,466322788.9537872,188753828.088921,179751870.93351686,85564843.28246267,195565037.3220632,225220335.760443,129966847.3986803,117339423.50200637,119366857.66341718,221100043.65336385,118674228.62847358,78520546.85776602,160952863.51808697,104653937.55293065,262545529.83882478
320010568.4793731,160545427.56853014,225459060.10839865,121100288.13910729,163863506.4992336,83968059.29637136,194084383.48980948,212561523.53490615,314438456.823279,152498972.0022675,451038332.04318005,183253397.13819852,178662373.15029225,74497324.79136252,195565037.3220632,225220335.760443,104829297.31154679,111128644.22357607,119366857.66341718,220916828.9875799,118640254.05991049,78520546.85776602,160952863.51808697,104653937.55293065,262545529.83882478
301810274.6547074,160545427.56853014,225459060.10839865,121100288.13910729,163863506.4992336,82171261.38633685,189288225.15446624,177004748.84963772,275937344.68434715,151952567.9440623,451038332.04318005,169902907.54072964,170279510.1283261,74497324.79136252,182948518.66090152,197713559.53280538,104829297.31154679,110830318.71551777,112221786.94248797,215195816.04746455,117717454.12074536,78520546.85776602,160952863.51808697,104653937.55293065,262545529.83882478
301810274.6547074,160545427.56853014,219756178.12274987,121100288.13910729,163863506.4992336,82171261.38633685,183062641.35283625,177004748.84963772,275937344.68434715,151952567.9440623,387797615.0333675,169412823.73706427,170279510.1283261,74497324.79136252,182948518.66090152,192964932.72529057,104829297.31154679,110062612.96688227,112221786.94248797,212953812.08856344,114661970.16610259,66209396.28619206,160952863.51808697,104653937.55293065,262545529.83882478
301810274.6547074,160326195.10051623,207561471.47335622,121100288.13910729,163863506.4992336,82171261.38633685,183062641.35283625,171092167.85702544,275937344.68434715,151952567.9440623,387797615.0333675,165291053.7068248,168334481.0553015,74497324.79136252,182948518.66090152,178089551.9654006,104829297.31154679,104741772.90909569,112221786.94248797,202970586.31203336,113828467.05064544,66209396.28619206,160686309.8120998,104653937.55293065,188408877.12206528
301810274.6547074,160326195.10051623,207561471.47335622,120299751.73202242,163321405.6126242,82171261.38633685,168311964.44101787,171092167.85702544,275937344.68434715,151855226.95259646,381696013.2781025,152893361.72389036,153351629.76603803,74497324.79136252,166726319.5729654,178089551.9654006,104829297.31154679,100411504.50156762,111842653.9262433,202970586.31203336,105951256.16876642,66209396.28619206,158835076.95311195,104653937.55293065,188408877.12206528
301810274.6547074,160326195.10051623,207561471.47335622,115688048.19887282,154753857.31636617,73466829.78539425,155430795.80629268,171092167.85702544,275937344.68434715,151855226.95259646,366166457.93876636,152893361.72389036,153351629.76603803,72792421.51632361,166726319.5729654,174768376.52280477,104829297.31154679,98463868.35093588,111317443.75352024,199327959.75794646,105951256.16876642,66209396.28619206,153060064.61613268,104653937.55293065,188408877.12206528
277499383.25011444,160326195.10051623,207561471.47335622,115038663.81503811,140846806.10070208,65470625.08227507,155430795.80629268,171092167.85702544,275937344.68434715,151855226.95259646,350112128.87530726,152893361.72389036,153351629.76603803,72792421.51632361,166726319.5729654,174768376.52280477,103168029.68126619,96687052.96618903,111317443.75352024,170747890.25133672,105951256.16876642,66209396.28619206,153060064.61613268,100835281.76431926,188408877.12206528
277499383.25011444,160326195.10051623,207561471.47335622,115038663.81503811,140846806.10070208,65470625.08227507,155430795.80629268,157512152.67005685,253221662.81395733,151855226.95259646,325346813.31697184,152893361.72389036,153351629.76603803,72503268.63391525,164616238.3234028,162548700.9122958,102123663.81055474,91990259.42408276,105958901.24495907,170747890.25133672,102860587.4088672,58650796.49246676,148051434.58774823,84589110.53064902,188408877.12206528
272894171.7523802,136545168.74781013,203183157.6630082,114874715.10209687,131536016.89680043,65470625.08227507,149702645.32304248,145179764.50399113,253221662.81395733,145888815.30276528,314403822.6367516,152893361.72389036,153351629.76603803,72503268.63391525,164616238.3234028,154920700.3316718,95358778.85229807,87511812.78907113,105958901.24495907,170747890.25133672,102860587.4088672,58650796.49246676,148051434.58774823,84589110.53064902,188408877.12206528
272894171.7523802,131494031.86491933,190703397.9056458,109750593.8878316,124212324.30509774,65470625.08227507,149395179.24979436,145179764.50399113,253221662.81395733,145888815.30276528,298083912.60886705,152893361.72389036,149231927.67580375,69712444.71185467,154237365.37675405,154920700.3316718,95358778.85229807,87511812.78907113,104790344.65767576,170747890.25133672,102860587.4088672,58650796.49246676,142914273.61540294,84589110.53064902,188408877.12206528
272894171.7523802,130417622.98338522,190703397.9056458,104155256.93458413,124212324.30509774,65470625.08227507,139793292.88226748,145179764.50399113,235410378.16178545,145888815.30276528,298083912.60886705,146113521.80374864,145088529.39968866,69326487.24422485,149898611.42501733,153460767.13759553,93110683.86258982,87511812.78907113,104790344.65767576,166681324.74816903,98934424.57324369,58650796.49246676,142304725.23089415,81663473.46853693,170033093.38945657
261535451.8517767,130417622.98338522,190703397.9056458,104155256.93458413,124212324.30509774,65346152.42522638,138061145.9574024,118113939.07157665,235410378.16178545,134465369.76806644,209305369.29890078,136661734.33910748,137839031.84397417,69326487.24422485,148209019.98901698,153460767.13759553,93110683.86258982,87511812.78907113,102582297.56422335,155543548.42252702,98934424.57324369,58650796.49246676,142304725.23089415,79892896.02216472,170033093.38945657
259708879.49808434,130417622.98338522,182145946.40048397,103884984.85123931,108761961.32165132,59539059.06679661,138061145.9574024,117210045.43535586,222355661.30296084,134465369.76806644,209305369.29890078,136661734.33910748,137839031.84397417,69326487.24422485,139828419.560913,150005111.72203684,93110683.86258982,87511812.78907113,102132434.78831547,155543548.42252702,98934424.57324369,58650796.49246676,137063329.08444747,77913982.1687386,152202581.86636534
254791215.25357392,130417622.98338522,181490206.1859513,103884984.85123931,108761961.32165132,59011906.187462375,137723872.49527723,117210045.43535586,222355661.30296084,134465369.76806644,209305369.29890078,127376463.48820902,132022849.96202494,59999423.942559086,139828419.560913,150005111.72203684,93110683.86258982,86491217.27502017,99233282.29818313,155543548.42252702,94751843.1246413,58650796.49246676,137063329.08444747,72542446.69686377,152202581.86636534
253782529.15515155,130417622.98338522,161716483.14774925,103884984.85123931,100658272.744804,51038465.43674148,132558333.52123593,117210045.43535586,222355661.30296084,134465369.76806644,209305369.29890078,127376463.48820902,132022849.96202494,56908690.563970864,139828419.560913,139266615.07270637,89654712.44545339,85309890.0989332,99233282.29818313,155543548.42252702,92366405.41657399,56957932.431622885,128489003.47617814,72542446.69686377,152202581.86636534
219930350.61817187,127688645.98492551,161229522.97624925,103884984.85123931,100658272.744804,51038465.43674148,130355375.47163394,117210045.43535586,222355661.30296084,134465369.76806644,209305369.29890078,127376463.48820902,129580599.86874561,56908690.563970864,139828419.560913,139266615.07270637,86034479.57100081,82799701.58014865,97986463.64191929,154458128.70343846,92366405.41657399,56957932.431622885,118993044.81322487,72311134.99198465,143920043.7514447
192009556.93097788,121831335.05727504,154482566.26718304,103821048.50806645,100658272.744804,51038465.43674148,119339210.66014214,117210045.43535586,222355661.30296084,131337787.6642618,209305369.29890078,127376463.48820902,125203073.89216338,52854414.0325297,139828419.560913,130140428.17018199,86034479.57100081,82799701.58014865,90659785.71249013,154458128.70343846,92366405.41657399,56957932.431622885,118993044.81322487,72311134.99198465,143920043.7514447
192009556.93097788,121831335.05727504,141236102.66326955,103821048.50806645,100658272.744804,51038465.43674148,115300305.88127571,117210045.43535586,222355661.30296084,112959328.79751328,209305369.29890078,120695023.88737726,121090636.79287286,51607390.948444776,133825206.86232175,130140428.17018199,86034479.57100081,77935392.36075045,90659785.71249013,154458128.70343846,92366405.41657399,56924374.129388124,118993044.81322487,72311134.99198465,136053826.88882878
188129636.6680725,121831335.05727504,141236102.66326955,93465803.70908426,100658272.744804,51038465.43674148,114389049.26150037,109236514.01338507,218820766.39249206,112959328.79751328,209305369.29890078,120695023.88737726,121090636.79287286,46825965.17931514,131006087.77299087,130140428.17018199,82532686.74645215,73895432.19953905,89435158.6336675,150702278.06692436,90560052.29056624,56924374.129388124,118993044.81322487,67075540.84630725,136053826.88882878
181267555.95590004,121831335.05727504,141236102.66326955,93465803.70908426,100255146.31760572,51038465.43674148,112340964.82955678,109236514.01338507,211158550.605701,112959328.79751328,209305369.29890078,120695023.88737726,121090636.79287286,46387458.91230788,131006087.77299087,130140428.17018199,78050746.33819182,73895432.19953905,89435158.6336675,149521089.4764252,89083783.60098289,49776574.04940484,118460324.2285212,59337030.706752576,136053826.88882878
181267555.95590004,121831335.05727504,135780355.27682412,93465803.70908426,96558203.31185287,51038465.43674148,94026572.63779086,109236514.01338507,193216221.92644924,112959328.79751328,209049284.04733858,102105898.62393087,118233216.77044396,46387458.91230788,131006087.77299087,108270699.78906028,78050746.33819182,73895432.19953905,89435158.6336675,149521089.4764252,88375220.48754151,49776574.04940484,118460324.2285212,58887122.95958253,118775023.3902306
181267555.95590004,107846323.22713389,135780355.27682412,93465803.70908426,96558203.31185287,48962921.14902721,94026572.63779086,109236514.01338507,177798212.5512121,112959328.79751328,209049284.04733858,102105898.62393087,101437058.40347216,46387458.91230788,120127100.01707017,104607405.09332901,78050746.33819182,73895432.19953905,89354872.19670632,141903587.87073532,88375220.48754151,46989656.93692061,118460324.2285212,58887122.95958253,118775023.3902306
181267555.95590004,107846323.22713389,134799904.01405832,93376154.09803562,85308657.153987,44047922.768248655,94026572.63779086,109236514.01338507,177798212.5512121,112959328.79751328,209049284.04733858,100854101.42846346,101437058.40347216,46387458.91230788,120127100.01707017,104607405.09332901,77344013.57253568,73895432.19953905,86026287.9798918,141903587.87073532,88375220.48754151,44289306.823160134,116218670.13594253,58185691.41152576,116004336.43961388
181267555.95590004,104129331.25822113,134799904.01405832,93376154.09803562,85308657.153987,44047922.768248655,91752393.99204253,97218576.65971716,153837594.0903926,107789127.18448596,209049284.04733858,98024852.84169114,101437058.40347216,40118867.46404884,120127100.01707017,103745713.39232077,77158749.30040185,68022025.09967019,84382700.00348225,141903587.87073532,88375220.48754151,44289306.823160134,109986875.96737194,58175564.0294341,114072748.73489997
159775664.6498288,104129331.25822113,124342623.66279598,93376154.09803562,84102356.02174449,37043436.295964144,91582902.76897913,97218576.65971716,153837594.0903926,107789127.18448596,209049284.04733858,86840077.13766351,101437058.40347216,40118867.46404884,120127100.01707017,103745713.39232077,69606188.43816724,68022025.09967019,84055803.58558789,141903587.87073532,86708286.34381884,44289306.823160134,105273160.59056531,58175564.0294341,114072748.73489997
159775664.6498288,104129331.25822113,124342623.66279598,90743770.45828202,80985404.47726655,37043436.295964144,90881149.41148087,97218576.65971716,153837594.0903926,107789127.18448596,209049284.04733858,86000104.77371173,101437058.40347216,40118867.46404884,112845387.74318424,103745713.39232077,69606188.43816724,68022025.09967019,82206276.23752324,139487875.99948132,83418647.8618651,43247620.3410968,105273160.59056531,54893245.61181902,106611350.19169703
153285531.21643335,104045097.69288634,124342623.66279598,89821993.51870008,80985404.47726655,37043436.295964144,87968663.63279043,97073450.17030443,153837594.0903926,101497650.94940846,209049284.04733858,84697426.49841787,98874960.7361432,36088189.46636689,106790567.33341333,103736517.695497,69606188.43816724,68022025.09967019,77182606.07201846,139487875.99948132,83418647.8618651,42305437.713313274,105273160.59056531,54893245.61181902,106611350.19169703
148973558.13966206,102262401.57226655,103417489.56057079,89821993.51870008,80985404.47726655,32106373.891967915,87810334.95285209,97073450.17030443,151147660.19854036,101497650.94940846,194440191.26211718,84697426.49841787,95912741.93163459,36088189.46636689,104798566.49718449,103736517.695497,69251038.02703501,68022025.09967019,76100693.77879947,139487875.99948132,80867977.2666126,42305437.713313274,103560032.39597452,54893245.61181902,106611350.19169703
148973558.13966206,100544287.41406287,103417489.56057079,86770632.93620063,80985404.47726655,32106373.891967915,80606231.80516194,96723912.87788393,142469673.4879748,101497650.94940846,194440191.26211718,72568244.31491604,94427279.10078435,35952596.38909058,104798566.49718449,97705434.48658255,66157709.855340995,68022025.09967019,73448391.92880687,136076669.1107417,80867977.2666126,40732380.651104786,102815789.92650223,54893245.61181902,105994109.05574988
148973558.13966206,96454980.48692006,103417489.56057079,86770632.93620063,80985404.47726655,32106373.891967915,80606231.80516194,95822395.93918788,142469673.4879748,92132052.31037004,157361995.29430082,72568244.31491604,88009559.04410528,35952596.38909058,104619554.2673949,97705434.48658255,66157709.855340995,63739480.81200883,73448391.92880687,130433049.54865065,80307247.45217817,39855289.737658106,101813588.78198731,54893245.61181902,105994109.05574988
148973558.13966206,96454980.48692006,103417489.56057079,80214621.26168007,76812861.54985647,32106373.891967915,79558445.56245025,93312425.54460223,132605241.24983735,92132052.31037004,157361995.29430082,72568244.31491604,84414254.23554102,35952596.38909058,104619554.2673949,97705434.48658255,66122630.218572035,61600446.79583435,72029634.85131778,130433049.54865065,76923428.29972894,39554350.84576221,101048103.00042845,54893245.61181902,102735066.88006967
142312027.5559167,94656247.76878814,103417489.56057079,79930755.37545913,70442927.60280669,29017823.59111277,77275517.61780018,80710408.25388622,128575569.57208164,92132052.31037004,157361995.29430082,67220238.40727451,84414254.23554102,35866955.67465226,104619554.2673949,97705434.48658255,59550837.171984226,60714594.60427381,72029634.85131778,126425483.31726275,74835454.21928333,39554350.84576221,97773690.75328903,51446993.00303324,102735066.88006967
142312027.5559167,94656247.76878814,103417489.56057079,79930755.37545913,70442927.60280669,29017823.59111277,77056608.43982907,80710408.25388622,111944174.8831975,92132052.31037004,157361995.29430082,67220238.40727451,81526114.01230927,35376272.243792154,100404833.29534158,97705434.48658255,59550837.171984226,59705587.02032547,71716453.13740742,123152287.6070894,74835454.21928333,38166909.14616315,97773690.75328903,50143674.003677584,100851671.42875282
142312027.5559167,92218233.59539224,98419239.59222704,77518997.19607607,70377163.34776944,28528758.23632483,72704446.69740438,80710408.25388622,111944174.8831975,92132052.31037004,157361995.29430082,67220238.40727451,81526114.01230927,33139441.03540514,95523913.57834019,97705434.48658255,59550837.171984226,59705587.02032547,68839727.95466821,116024923.08282381,74811195.92017654,38166909.14616315,89476738.31196657,50138606.14288937,99183135.88211833
139014169.61093912,92218233.59539224,98419239.59222704,77518997.19607607,70377163.34776944,26791485.94976905,72704446.69740438,80710408.25388622,111944174.8831975,91651256.36994912,157361995.29430082,64656006.313225605,81526114.01230927,33139441.03540514,95523913.57834019,97705434.48658255,58349820.3082088,55648842.41758367,68839727.95466821,111619107.90298119,74811195.92017654,35155508.856173925,86917993.82023942,50138606.14288937,91391670.64815895
139014169.61093912,89882609.13028969,91054397.42421214,75792181.21517989,70377163.34776944,24136174.67506067,64137902.972054094,80710408.25388622,107338065.95862845,88333083.05484043,157361995.29430082,61396053.3098148,81526114.01230927,31760823.539695755,86241427.03726536,97705434.48658255,58349820.3082088,55648842.41758367,68839727.95466821,107808683.16346487,74672909.70493458,35021867.34802208,85756543.7469169,49917785.943887725,87817823.3300937
139014169.61093912,86377271.49120516,91054397.42421214,75682440.2329592,70377163.34776944,24136174.67506067,64137902.972054094,79672547.42625572,107338065.95862845,84410537.07983309,157361995.29430082,61396053.3098148,80593305.11109078,31565662.2933826,86241427.03726536,97705434.48658255,55262979.88285808,55648842.41758367,63286260.60327415,107808683.16346487,66893343.50623147,35021867.34802208,85129890.26055628,41680464.429454766,87817823.3300937
136424899.5922661,85503858.17290094,91054397.42421214,66968122.68292215,70377163.34776944,24136174.67506067,64137902.972054094,79672547.42625572,107338065.95862845,84410537.07983309,157361995.29430082,58676150.743197545,77532259.93925928,27791183.040549617,86241427.03726536,95666635.24953763,55262979.88285808,53879946.32001051,63286260.60327415,104767942.35193273,66485519.90461811,34766994.590541884,84085026.27945222,41680464.429454766,87681816.38714994
131873493.7664974,83063961.04202385,91054397.42421214,66968122.68292215,69756068.08479851,24136174.67506067,64137902.972054094,73108537.50815886,97519938.99137534,84410537.07983309,157361995.29430082,57144505.31445937,77532259.93925928,25069215.66671657,85114348.19795993,94481348.08690788,55262979.88285808,53879946.32001051,63286260.60327415,104767942.35193273,66485519.90461811,34766994.590541884,81304535.3002511,41680464.429454766,87681816.38714994
127880093.75585938,77614561.50082359,87232305.27227868,66417007.5634221,61476516.37184833,24136174.67506067,64137902.972054094,73108537.50815886,97519938.99137534,84410537.07983309,157361995.29430082,54794936.01066459,77482152.62354979,25069215.66671657,82109806.69706245,94481348.08690788,55262979.88285808,52573547.85385731,63286260.60327415,103948951.61475684,66485519.90461811,33930305.11009004,81114968.66575548,38501566.62292292,87272663.56987408
126771316.95490319,73736967.45535873,84767692.02112558,66417007.5634221,61476516.37184833,23491498.49115568,64137902.972054094,73108537.50815886,91633897.81911698,82496826.40542145,157361995.29430082,54794936.01066459,72975923.38414252,24572171.493321307,82109806.69706245,92673003.74398269,55262979.88285808,52573547.85385731,61055313.64673339,103948951.61475684,65806560.07642726,32978764.606610857,77764249.23707199,33626166.74691788,85645671.22107597
112362236.89135738,72494346.66771446,81764544.89703813,66417007.5634221,61476516.37184833,23491498.49115568,61811549.22721436,69980476.70617826,88379158.42807753,77161813.36627638,157361995.29430082,54794936.01066459,72975923.38414252,24572171.493321307,82109806.69706245,88199616.6670191,55262979.88285808,51961659.791709624,57707671.8043709,101426596.79185669,62498587.734069645,32978764.606610857,76610866.32672264,33626166.74691788,85645671.22107597
112362236.89135738,72494346.66771446,74446668.74614638,65868507.29604479,56123760.84264438,23491498.49115568,61811549.22721436,69612366.33925009,88379158.42807753,76329244.0234423,157361995.29430082,54794936.01066459,72975923.38414252,24572171.493321307,82109806.69706245,88199616.6670191,55262979.88285808,51890831.08808784,57384312.91241351,98186504.89852177,62498587.734069645,32517618.02495104,74365751.83351584,33626166.74691788,85645671.22107597
112362236.89135738,69437535.68679622,74446668.74614638,65868507.29604479,56123760.84264438,23460549.037339196,59689143.43879661,63788037.51806757,87192310.69856139,71833060.20509098,157361995.29430082,45254332.47322342,72975923.38414252,24370181.19364315,82109806.69706245,87926579.86774579,55262979.88285808,50959452.88102346,54002678.9951848,97159036.74237722,61088255.07372306,32517618.02495104,74365751.83351584,28639543.76727745,85222551.59015247
112362236.89135738,59809871.10127781,74446668.74614638,57462982.92219975,52713779.75540081,22066461.370795358,59612079.308245204,61680079.70997244,85917669.10942312,71073455.32223658,147680544.84017798,45254332.47322342,72975923.38414252,23257852.218317706,78589621.20943588,87926579.86774579,55262979.88285808,48586787.78609152,54002678.9951848,95806761.30521236,60681826.858743675,32517618.02495104,71198753.20228621,28639543.76727745,82546655.31648807
112362236.89135738,59809871.10127781,64385647.27419485,57462982.92219975,52713779.75540081,19557417.332529657,57991335.637016825,60999218.18241017,78442725.75741129,71073455.32223658,145016753.65201345,43362235.98098807,69849765.19971362,22886502.496204723,78589621.20943588,85827198.22167923,55262979.88285808,48586787.78609152,54002678.9951848,95286123.62400304,60681826.858743675,32517618.02495104,61828370.68992177,28639543.76727745,80674163.3144187
105210755.88131027,59809871.10127781,64116234.124365404,57462982.92219975,52713779.75540081,19557417.332529657,52553887.357323565,60212321.68933701,78442725.75741129,71073455.32223658,145016753.65201345,43362235.98098807,68286983.88357854,22811307.0200293,78589621.20943588,85827198.22167923,55262979.88285808,48586787.78609152,54002678.9951848,94006556.48215145,60681826.858743675,31803016.342695322,61828370.68992177,28565075.218771968,80620812.7174191
104867965.91864863,59809871.10127781,64116234.124365404,55039840.237319365,45326733.404939406,19557417.332529657,50955640.26698566,60212321.68933701,78442725.75741129,65318469.64728392,144864733.46075442,43362235.98098807,67606819.29287052,21985080.725134667,76341484.52886987,81402065.1377458,54578060.80693704,48586787.78609152,47487692.83127537,94006556.48215145,59711095.114287674,31803016.342695322,61828370.68992177,25777953.273545537,71059307.68557309
98212067.71079655,59809871.10127781,60574705.72405364,55039840.237319365,45326733.404939406,19304892.418031972,50955640.26698566,57276848.9858369,78442725.75741129,61307995.78857657,143761627.78958294,43259986.494351484,67228179.29290643,20399145.07634589,76341484.52886987,74949529.11039835,52379570.590839036,47223335.10750742,47487692.83127537,83878578.45105252,58318143.955357,31256283.842498895,61828370.68992177,25777953.273545537,71059307.68557309
96414227.15523523,59752864.3770949,60574705.72405364,54837470.271295264,44287945.061103515,18224937.38793052,50955640.26698566,54343562.480574094,78442725.75741129,61307995.78857657,141443236.19422343,43259986.494351484,63418395.14626589,20399145.07634589,76341484.52886987,74949529.11039835,48833881.662912846,44049798.0339539,47487692.83127537,78953217.86393318,57260347.18649218,31256283.842498895,61828370.68992177,25777953.273545537,71059307.68557309
92584472.81803253,59509815.521635845,57818453.09414899,53326800.637411974,44287945.061103515,18224937.38793052,50955640.26698566,54343562.480574094,69335801.98191878,61307995.78857657,138650899.10406768,43259986.494351484,63418395.14626589,19173885.90518087,71632045.07465829,63096193.10369671,48833881.662912846,44049798.0339539,47487692.83127537,78953217.86393318,56581012.01444398,31256283.842498895,61828370.68992177,25777953.273545537,62711278.23023447
91206488.24311864,56997132.4770891,56846244.01272238,53175990.567420945,44287945.061103515,17588381.65728381,46248330.12688709,54343562.480574094,69335801.98191878,55071542.011603475,131487732.9034935,42459698.54983076,59265781.08788419,19173885.90518087,71632045.07465829,63077347.272523634,46742560.7449616,44049798.0339539,47487692.83127537,78766561.81054597,56581012.01444398,27379510.725168962,58505069.82815545,25492575.34004845,52570697.45325519
91206488.24311864,56997132.4770891,56541183.2477199,51596209.16522467,43448208.95028704,15984314.569937613,46248330.12688709,53649043.08994799,68745495.67656812,55071542.011603475,131487732.9034935,41580861.41916657,59265781.08788419,19173885.90518087,71632045.07465829,63077347.272523634,45668321.304553166,44049798.0339539,47487692.83127537,75254252.8509751,54580856.345178485,27379510.725168962,58505069.82815545,24669348.9238074,52570697.45325519
90225371.24224995,56997132.4770891,56541183.2477199,51117758.23184587,42679588.30070706,14113988.067907138,39571401.40837465,53614360.00504861,62017191.655847065,55071542.011603475,131487732.9034935,40660068.51173868,59265781.08788419,17462568.408564366,71632045.07465829,62942349.87342068,45091700.09327377,44049798.0339539,47487692.83127537,74289755.88499725,54580856.345178485,27379510.725168962,58505069.82815545,24669348.9238074,49581359.668730766
90225371.24224995,56997132.4770891,52647888.9321028,51117758.23184587,41684690.89423618,14113988.067907138,39571401.40837465,49924216.09507157,59489422.40063559,51589781.691534154,108819283.74606942,28693832.971577954,58342442.2774861,17439404.812313706,68666921.90596016,62942349.87342068,41581261.641248085,44049798.0339539,47487692.83127537,74289755.88499725,54059043.758524776,27375046.189114988,58505069.82815545,23990439.811809987,49581359.668730766
88050069.95399822,47728507.51593846,51286727.07674431,50247021.109271705,41684690.89423618,13997728.347966619,39571401.40837465,49924216.09507157,58163228.49081288,51589781.691534154,108819283.74606942,28157010.88534202,58342442.2774861,16719384.678642007,65366474.02848746,62942349.87342068,38593306.242313266,40088086.71823599,47487692.83127537,74289755.88499725,50698385.35960217,26418593.30012288,57269898.90601291,22958950.35608181,49581359.668730766
87541119.869262,47728507.51593846,51286727.07674431,43671751.53318523,40349283.816056415,13997728.347966619,38781877.09885842,49412553.96318138,55693342.86316763,47645099.988820344,108819283.74606942,28157010.88534202,58342442.2774861,15803159.696626166,65366474.02848746,58074991.48809225,38593306.242313266,39863794.265692964,39492076.402905844,74289755.88499725,49694716.042747885,26413757.376196392,57269898.90601291,22689069.412855245,49581359.668730766
87541119.869262,47728507.51593846,50163007.585795596,43671751.53318523,36825483.7756556,11948548.835938472,38707244.98582086,48560086.20755316,55693342.86316763,47645099.988820344,108819283.74606942,28157010.88534202,52332589.03742145,15803159.696626166,65366474.02848746,58024899.33431751,38484463.56701261,39863794.265692964,39492076.402905844,74289755.88499725,49694716.042747885,26413757.376196392,57269898.90601291,22275072.232113905,49581359.668730766
87541119.869262,47728507.51593846,49249357.966465086,43671751.53318523,30557065.349875774,11230194.820374245,37702924.145384155,48560086.20755316,52128007.27990794,46886118.7873873,106927839.41792038,28157010.88534202,52258387.243934385,15803159.696626166,61992676.29264651,58024899.33431751,36862716.874127716,39863794.265692964,37350777.89570974,72434251.08640997,49694716.042747885,26413757.376196392,57266860.50888591,22275072.232113905,49581359.668730766
83835534.95914517,47728507.51593846,49138702.10164565,43671751.53318523,30557065.349875774,11230194.820374245,37572364.49056651,44346098.89919107,52128007.27990794,46886118.7873873,95075859.48239303,28157010.88534202,51608798.364828065,15229506.427234262,61992676.29264651,57886840.69028096,36862716.874127716,39643672.10025075,37350777.89570974,71611002.31476216,49694716.042747885,26413757.376196392,56207173.322788715,22275072.232113905,49581359.668730766
83835534.95914517,45131412.78969942,48316548.61859292,40999749.13092456,29178211.378357146,10807937.61254359,33937164.4918791,44346098.89919107,52128007.27990794,46886118.7873873,95075859.48239303,28157010.88534202,51550934.367439,15229506.427234262,61992676.29264651,57886840.69028096,36270893.26048845,37149013.238118306,33154552.0152413,71611002.31476216,48707003.52899649,25809825.76363905,55120214.223595135,19487614.068760615,46592666.741305806
83835534.95914517,45131412.78969942,45272809.79724449,40566764.85077366,29178211.378357146,9913833.693688406,33937164.4918791,44346098.89919107,50281020.540699646,43510133.1899017,91183495.41206521,28157010.88534202,48601672.97846539,13347399.146439757,61992676.29264651,57854157.63042125,36270893.26048845,37149013.238118306,32724278.059952132,69751445.92751853,48707003.52899649,25745553.64111557,54952365.21980261,19487614.068760615,46592666.741305806
83835534.95914517,45131412.78969942,45272809.79724449,40225931.40006036,29178211.378357146,9913833.693688406,30926729.88665942,44346098.89919107,50281020.540699646,42986905.50614087,90797380.75157209,25917110.164121494,48601672.97846539,13347399.146439757,61992676.29264651,54538156.90916444,32657738.768751115,37149013.238118306,32724278.059952132,66070107.982148245,47558538.73531247,23684924.331733402,53188257.93040836,19054382.727160655,46592666.741305806
83835534.95914517,45131412.78969942,39185858.96687565,40225931.40006036,27658862.902067903,9719631.248845594,30867405.619456206,44346098.89919107,47858762.0182702,38999788.52461725,90797380.75157209,25917110.164121494,46277979.54411527,13347399.146439757,61992676.29264651,51056802.75224934,32657738.768751115,37149013.238118306,32724278.059952132,65956852.24131137,46618845.54396091,19664201.805792876,52410205.17662986,19054382.727160655,39683765.377911426
79051745.97517167,45131412.78969942,38836016.82761989,38005658.54370017,27658862.902067903,9719631.248845594,30867405.619456206,44346098.89919107,46872412.162920624,38999788.52461725,90797380.75157209,25854095.521511354,46277979.54411527,13347399.146439757,61992676.29264651,50462150.17792045,32583049.42504346,36091278.52931153,32724278.059952132,62685427.79257333,45059751.097173914,19664201.805792876,49551377.04617218,18520429.92876444,39683765.377911426
79051745.97517167,45089351.03319827,38300586.30198958,37440705.10515726,27658862.902067903,9719631.248845594,30867405.619456206,43809067.4366208,46872412.162920624,38999788.52461725,90797380.75157209,25854095.521511354,45773808.73397408,13347399.146439757,57389122.16741537,50428152.267310835,30775000.153897244,36091278.52931153,32724278.059952132,59245036.49391388,45059751.097173914,19657386.953112584,49551377.04617218,14094375.749743545,39683765.377911426
74800635.76321456,45089351.03319827,37772487.4652522,37440705.10515726,27658862.902067903,9694119.860691246,30867405.619456206,43809067.4366208,46872412.162920624,38999788.52461725,90797380.75157209,25076290.331259802,45020575.593803205,12357715.654723441,54365249.90754006,50428152.267310835,27474719.726176437,35854361.66113984,31469337.122212723,59245036.49391388,41646821.70601699,19590155.40170497,46695975.82985597,14094375.749743545,39683765.377911426
74800635.76321456,44952403.8697593,37554329.60039369,37012534.4905436,27658862.902067903,9694119.860691246,30025188.412977103,43809067.4366208,42568088.614645444,38999788.52461725,90797380.75157209,25076290.331259802,43999076.20434688,11872678.773828715,54365249.90754006,50428152.267310835,27247038.352702465,35854361.66113984,31400669.286452956,59221480.091151126,41646821.70601699,19590155.40170497,45478903.653374515,14094375.749743545,37469495.349340454
66834212.34417635,41082413.856175736,34394960.26448355,37012534.4905436,27658862.902067903,8753397.761578197,30025188.412977103,43387371.70639787,42568088.614645444,38073653.07797401,87634079.85853563,24218554.724664066,43999076.20434688,11872678.773828715,54365249.90754006,50428152.267310835,27247038.352702465,34302958.413740456,31400669.286452956,55909333.625900306,41326290.679468386,19590155.40170497,45478903.653374515,14094375.749743545,37469495.349340454
66834212.34417635,38499753.06034404,32918564.609796397,35507208.06069562,24537139.63708379,8753397.761578197,28770721.432739053,42020020.419320755,41966746.372341305,38073653.07797401,82591826.57403296,24218554.724664066,43999076.20434688,10936644.136385001,53037621.59300255,48657866.11892982,26587131.78165686,34302958.413740456,31400669.286452956,55909333.625900306,38760099.98160289,19472931.356888656,45328505.687917575,14094375.749743545,36782665.83065339
66834212.34417635,38499753.06034404,32918564.609796397,35507208.06069562,24537139.63708379,8753397.761578197,28770721.432739053,41877705.82573948,41966746.372341305,36909830.94217557,77781291.92431384,24218554.724664066,41598190.84080708,10936644.136385001,53037621.59300255,48657866.11892982,26587131.78165686,33855122.58823009,28983063.13216745,55909333.625900306,38760099.98160289,18346638.43107109,44373173.2437442,14094375.749743545,36782665.83065339
66834212.34417635,38499753.06034404,32918564.609796397,35507208.06069562,24537139.63708379,8753397.761578197,27907929.8331338,35594268.34321919,39675399.346312,35903904.628341965,77781291.92431384,24102785.61674491,39448532.26525202,10936644.136385001,53037621.59300255,47523386.02816462,26587131.78165686,33798940.65493963,28983063.13216745,52010926.49703293,38217815.1588993,17270092.045363218,44070495.38132966,14094375.749743545,36782665.83065339
66834212.34417635,33146440.04627909,32918564.609796397,35507208.06069562,23405602.37086356,8350997.397263538,27907929.8331338,35594268.34321919,39675399.346312,35903904.628341965,77781291.92431384,23255869.334477004,39448532.26525202,10936644.136385001,48424958.82459693,44800158.406583175,24959934.01396557,33798940.65493963,28983063.13216745,52010926.49703293,36875373.21181512,13902482.162675282,43254861.05334813,14094375.749743545,34626314.174181335
60746783.74907083,33146440.04627909,32918564.609796397,35322300.40412156,23405602.37086356,8006335.118052048,26706370.14947465,35594268.34321919,32350948.2794778,33558197.82879421,77781291.92431384,22225922.29320092,39448532.26525202,10936644.136385001,48424958.82459693,44800158.406583175,23631171.378649183,33798940.65493963,28983063.13216745,48772270.73061536,35827514.08604085,13902482.162675282,39122729.69936316,14094375.749743545,33046296.97037743
60746783.74907083,33146440.04627909,31671912.840289395,32241161.399093356,23405602.37086356,7782739.438555175,25976032.38489747,35594268.34321919,32350948.2794778,33558197.82879421,74155158.65987481,20854243.451577213,39448532.26525202,10889410.75900406,48424958.82459693,43292174.508698784,23631171.378649183,30956590.93114418,27540573.145963293,48772270.73061536,35827514.08604085,13902482.162675282,39122729.69936316,14094375.749743545,33046296.97037743
60746783.74907083,33146440.04627909,31667847.743953638,32158801.001193933,23405602.37086356,7782739.438555175,24885330.138519917,34822158.341366984,32350948.2794778,33558197.82879421,74155158.65987481,19646451.288328987,39448532.26525202,9655939.551607214,47928991.24844781,41976520.963424474,23257640.757597152,30950696.686435763,27540573.145963293,48772270.73061536,35827514.08604085,13902482.162675282,39122729.69936316,14094375.749743545,32953244.462249964
60746783.74907083,33146440.04627909,28780618.627334893,32157155.328265928,23405602.37086356,7561507.690375037,24885330.138519917,32498503.86429832,32350948.2794778,33461495.232972894,74155158.65987481,19646451.288328987,36168999.621721245,9550489.457722683,47928991.24844781,38630848.77913629,23257640.757597152,30950696.686435763,23317623.09364722,48772270.73061536,35033850.51537572,13533493.096931411,39122729.69936316,14094375.749743545,31030410.564980164
52745040.24192782,32170964.896332704,21871382.244097125,29884153.783388514,23405602.37086356,7561507.690375037,23764990.442277513,32256305.87984445,32350948.2794778,32063475.662068006,74155158.65987481,19646451.288328987,36159251.008961074,9550489.457722683,46003096.12551225,38630848.77913629,23257640.757597152,29268643.11536958,23317623.09364722,47024073.1760437,31061592.86822049,12445903.963171778,38874127.90061521,13680666.83714109,31030410.564980164
52745040.24192782,31817793.295935515,21871382.244097125,29884153.783388514,23405602.37086356,7353175.584448,23764990.442277513,32072576.24284756,32350948.2794778,31586423.292615473,74155158.65987481,19646451.288328987,36159251.008961074,9550489.457722683,45346527.50741641,38630848.77913629,23169954.56865429,29268643.11536958,23317623.09364722,43009035.512177184,31061592.86822049,12444402.633308746,36215171.41243897,12256748.669037228,30715343.968259383
50902401.14950998,31817793.295935515,21871382.244097125,29880100.51519377,21134289.22298445,6193602.160321265,23311293.669652116,31320948.388515547,32318330.89323993,31586423.292615473,74155158.65987481,19646451.288328987,34260784.1477942,9398778.432002993,45169381.53038724,38630848.77913629,22838418.74371075,29268643.11536958,23317623.09364722,43009035.512177184,31061592.86822049,12444402.633308746,36215171.41243897,12256748.669037228,30178648.526311923
50902401.14950998,31817793.295935515,21629932.2993533,29880100.51519377,21134289.22298445,6108804.609384336,22618295.687794328,31284734.91780231,32044827.540476646,30521576.65214381,74155158.65987481,18925158.503819734,34260784.1477942,9398778.432002993,44528953.138703234,38331691.560974695,22384965.362671074,29268643.11536958,23317623.09364722,43009035.512177184,31061592.86822049,12444402.633308746,36215171.41243897,11258953.33281387,29803696.625427987
42515887.21881311,31817793.295935515,21629932.2993533,29880100.51519377,21134289.22298445,6062634.820871386,22618295.687794328,29189876.63569399,32044827.540476646,29984436.04132201,73925596.4116447,17453015.01200849,34027506.98872945,9132672.098506138,44215017.52147045,37837016.51171866,20719618.113668557,29268643.11536958,22983494.500331476,43009035.512177184,30799657.425299235,11318735.447201977,34831606.07842647,11258953.33281387,27570189.814104654
42515887.21881311,31617009.809398945,21556144.51501089,29880100.51519377,19259013.00799073,6062634.820871386,22576474.91168457,29189876.63569399,31926910.135547932,29699830.46378135,71914313.31155717,16943927.553132154,33704418.66878387,8948528.056671802,40297136.4745515,33673836.453161865,20719618.113668557,26761100.02986788,22151673.454194993,43009035.512177184,29889738.78773327,11318735.447201977,33859891.51906626,11258953.33281387,24624814.524948858
42515887.21881311,31449174.409884516,21556144.51501089,29880100.51519377,19259013.00799073,6062634.820871386,22239072.07426314,29189876.63569399,30342515.590386644,29616803.40151005,71502753.5767894,16414292.783850199,33103807.35815408,8387544.358249912,40297136.4745515,33673836.453161865,20231368.40873089,26761100.02986788,20836937.831035756,39688829.371880405,28479807.409697678,10240784.501681726,31373441.632569022,11258953.33281387,24624814.524948858
42515887.21881311,29130206.82609118,21518050.75191239,28711569.787241925,19259013.00799073,5178339.597129928,22239072.07426314,28390029.00285129,28207868.776423544,29616803.40151005,70425345.6883988,16414292.783850199,33103807.35815408,8348646.765354753,40297136.4745515,32230309.720902726,20231368.40873089,26761100.02986788,20576913.445719566,39688829.371880405,28479807.409697678,10240784.501681726,31373441.632569022,10819858.372871023,23987323.213098817
42389302.89882462,29130206.82609118,19950600.10948356,28218787.14719163,19259013.00799073,5178339.597129928,22239072.07426314,25461454.873926546,26231045.06264409,29295541.763744824,66986577.27744365,16414292.783850199,33103807.35815408,8256417.113859915,39360984.01926982,32230309.720902726,19272298.9731808,26761100.02986788,20576913.445719566,39559449.663256824,27707305.35347227,10240784.501681726,31373441.632569022,10819858.372871023,22672273.013143465
41974712.67467499,28669311.93632859,19950600.10948356,28009867.715057738,19259013.00799073,5178339.597129928,20869261.301766377,25044804.88234237,26231045.06264409,29113771.16713775,65248195.17595724,16414292.783850199,33103807.35815408,7654412.8282797225,39360984.01926982,32128664.062750246,19272298.9731808,25639688.34256723,20576913.445719566,39559449.663256824,25511713.35305199,10240784.501681726,31373441.632569022,10819858.372871023,22672273.013143465
40830791.354148775,27393787.91469418,19730698.243937556,28009867.715057738,19217395.736827895,4979762.074376436,20006629.88120981,23035090.69847747,26076632.918092553,29113771.16713775,65248195.17595724,16414292.783850199,33103807.35815408,7654412.8282797225,38642084.781229846,32128664.062750246,19272298.9731808,25260246.93753522,20576913.445719566,39559449.663256824,23901923.19231679,10240784.501681726,31355928.704587072,10774169.279840343,21818172.590196654
40830791.354148775,27393787.91469418,19730698.243937556,27088426.842194166,18853663.21877557,4979762.074376436,19292417.32296555,23035090.69847747,25893126.710889824,27904934.98338318,65248195.17595724,15544712.184555558,32168803.558153108,7654412.8282797225,38642084.781229846,32128664.062750246,16885940.448358674,23979871.350648653,20576913.445719566,39559449.663256824,23901923.19231679,10157683.083447842,29111142.758753058,10650491.657836428,21818172.590196654
40830791.354148775,27393787.91469418,19730698.243937556,26335459.066045053,18853663.21877557,4950588.5874238685,19292417.32296555,23035090.69847747,25866726.67314764,27904934.98338318,60836690.17751635,15544712.184555558,31084096.386243302,7654412.8282797225,38642084.781229846,29870929.630201872,16885940.448358674,23979871.350648653,19333865.138473373,39559449.663256824,23705612.170303386,10157683.083447842,26534688.268072046,10453938.719973939,21818172.590196654
38626279.32294544,26648184.0665769,18895976.647024035,24510812.53795854,18589325.80188611,4950588.5874238685,18586059.64401989,22651919.880924992,23382213.628031436,27864754.58549024,60836690.17751635,15544712.184555558,31084096.386243302,7492791.597119073,36907996.68991029,29870929.630201872,16885940.448358674,23840478.82016989,19333865.138473373,38565648.67645125,19017232.129254386,9237548.053995078,26534688.268072046,9875375.583698748,21814635.887984954
35990494.60108318,25539953.07239951,18895976.647024035,24131053.11915053,17534989.215754665,4826901.188124112,18586059.64401989,22651919.880924992,23382213.628031436,27084282.96611526,60836690.17751635,14094912.897241984,30474157.252867747,7492791.597119073,36242001.57718217,29017806.28403638,16885940.448358674,23840478.82016989,17401645.484531026,37776222.16809517,19017232.129254386,9237548.053995078,26534688.268072046,8970145.907801656,21710870.633624904
33577910.80699505,23306087.22940589,18895976.647024035,24131053.11915053,17029787.605895534,4742539.271827078,18492666.244705696,21319720.133295618,21492421.079633538,27084282.96611526,60836690.17751635,14094912.897241984,29807893.12860785,7141712.21028865,36242001.57718217,29017806.28403638,15499745.070032252,23840478.82016989,16700223.607159294,37446553.37241727,19017232.129254386,8459983.273369135,25346705.173749134,8159998.774529267,21710870.633624904
33577910.80699505,23086105.664547097,18895976.647024035,22038298.61535679,17029787.605895534,4742539.271827078,18492666.244705696,19800949.638359345,21492421.079633538,27084282.96611526,56793608.37657213,14094912.897241984,29807893.12860785,6752675.50728904,36040409.11737592,29017806.28403638,13533560.8690501,21273665.371633727,16038418.682195712,37446553.37241727,18588018.77875205,8459983.273369135,25346705.173749134,8159998.774529267,21710870.633624904
33577910.80699505,22598185.50867875,16952342.94819758,22038298.61535679,16316655.01594108,4720568.45891369,18492666.244705696,19800949.638359345,21492421.079633538,26536161.198298812,56793608.37657213,14094912.897241984,28642279.99439848,6572847.799223052,34245254.18329174,28486218.366356272,13533560.8690501,21273665.371633727,15587243.991084432,34646382.896497756,18588018.77875205,8314669.128484419,25346705.173749134,8141941.564500049,21710870.633624904
33577910.80699505,21660187.05826537,16952342.94819758,22038298.61535679,16316655.01594108,4720568.45891369,17360647.15272128,19209979.36613808,21334875.9943946,25239103.291399974,56793608.37657213,14094912.897241984,28642279.99439848,6572847.799223052,34245254.18329174,28486218.366356272,13533560.8690501,21273665.371633727,15570799.916016465,33636879.10871655,17868002.19256654,7964602.717398249,25167036.155585468,8141941.564500049,21710870.633624904
32906720.673124555,21326411.48043169,16952342.94819758,22038298.61535679,14477074.233571472,4720568.45891369,17156132.280556496,19209979.36613808,20933399.56632067,25074839.294818167,56793608.37657213,13547171.767597834,28109578.704971477,6572847.799223052,33055492.672581755,27819499.130889464,13524008.962370904,21273665.371633727,14588861.061020916,33636879.10871655,16148856.774825338,7964602.717398249,25167036.155585468,8141941.564500049,20777547.9118571
32906720.673124555,21149055.220086757,16094000.07726084,22038298.61535679,14477074.233571472,4611041.822539261,16851038.812176958,18556686.46116524,20500870.5430309,25045745.892401017,54711214.379907556,12422689.339927923,27021758.98260336,6068228.066008674,33055492.672581755,27819499.130889464,12670656.527402645,21273665.371633727,14561914.403406503,33636879.10871655,15851198.06688223,7487729.549812588,25167036.155585468,7971040.125677232,20777547.9118571
32906720.673124555,20835907.56160107,15149036.675727926,21654056.75641933,14477074.233571472,4370128.470844741,16851038.812176958,18453927.617235716,17930920.706043314,25045745.892401017,54711214.379907556,11552173.314430948,26273261.785400126,6068228.066008674,31879139.576841112,27819499.130889464,12368546.852817751,20983593.111546323,14053535.99505344,33526518.17334957,14532857.748597927,7487729.549812588,23090713.004794933,7971040.125677232,18606803.549330495
32683729.42868814,18911543.069444627,14978883.573161643,20931916.355384175,12183360.58643688,4370128.470844741,15925891.392477375,16541253.91637142,17930920.706043314,24820514.95402185,54615293.07960437,11552173.314430948,25213995.165981054,5957440.727290301,31557658.338644054,27658541.717512675,12368546.852817751,20683338.660041306,14053535.99505344,32966188.563409604,14532857.748597927,7487729.549812588,20064810.11435377,7971040.125677232,17437910.17021995
29735348.178996097,18519048.94086885,14377187.303960713,20931916.355384175,12183360.58643688,4370128.470844741,15925891.392477375,13412187.377964921,17930920.706043314,24707207.91223922,53935619.5528973,11552173.314430948,23593805.17773728,5264830.804569136,31557658.338644054,25140222.73961351,12368546.852817751,19447615.383864053,12267550.882462895,32966188.563409604,14532857.748597927,7455742.780367558,20064810.11435377,7971040.125677232,17066693.70820981
29735348.178996097,18244203.3230321,14377187.303960713,20931916.355384175,12183360.58643688,4005719.743085255,15925891.392477375,13412187.377964921,17930920.706043314,23609383.98966876,52066760.710602544,11536019.678408453,23593805.17773728,5264830.804569136,31557658.338644054,22104505.686695382,12101993.843467338,19447615.383864053,12267550.882462895,26835410.916692607,14372351.629928738,7455742.780367558,20064810.11435377,7971040.125677232,17066693.70820981
29143136.483660977,18204130.178983357,14377187.303960713,19093591.47172748,12183360.58643688,3820381.2337662233,15925891.392477375,13412187.377964921,17930920.706043314,22693505.863162644,51275473.53348408,11311917.007721672,22015005.69041127,5264830.804569136,30150598.38014242,22104505.686695382,10358499.590582496,19447615.383864053,11645003.713414652,26835410.916692607,13439893.326664094,7455742.780367558,20064810.11435377,7582044.655240241,17066693.70820981
29143136.483660977,18204130.178983357,13559698.50020577,19093591.47172748,12183360.58643688,3820381.2337662233,15919207.42067335,13412187.377964921,17930920.706043314,22204317.5892404,51275473.53348408,11311917.007721672,22015005.69041127,5264830.804569136,29939016.28851221,22104505.686695382,9618853.100001771,19336316.11478044,11645003.713414652,26835410.916692607,11793883.008426288,7455742.780367558,19657586.40180404,7582044.655240241,17066693.70820981
28333649.997299273,17074548.473653026,13559698.50020577,19071960.414413005,12183360.58643688,3547186.092668565,15066924.230037825,13412187.377964921,17930920.706043314,22204317.5892404,50004289.146906786,9388161.394880842,20705314.47336418,4730709.32946635,29939016.28851221,22104505.686695382,8863475.29805032,19336316.11478044,11645003.713414652,26835410.916692607,11707001.83607657,7455742.780367558,19608299.134133194,7582044.655240241,17066693.70820981
25919763.019777007,16825327.06264975,13559698.50020577,18438174.44244113,12183360.58643688,3547186.092668565,15066924.230037825,13121313.606444601,16899076.171340153,22204317.5892404,49932429.984564826,9388161.394880842,20705314.47336418,4730709.32946635,29426536.915664032,22104505.686695382,8863475.29805032,18663947.22507974,10507647.795571078,26835410.916692607,11707001.83607657,7455742.780367558,19132689.69759777,7367351.696616375,17066693.70820981
25919763.019777007,16651144.711781258,12556551.748819714,18438174.44244113,12183360.58643688,3501968.34437062,15066924.230037825,12521150.515597578,16879075.084953573,22064360.87737956,49932429.984564826,9378046.849707646,20705314.47336418,4662864.234006528,29426536.915664032,22104505.686695382,8863475.29805032,18663947.22507974,9751925.767023338,25416516.934049908,10968299.289913248,7455742.780367558,19132689.69759777,7127255.522992846,16883280.204344533
25919763.019777007,16651144.711781258,12556551.748819714,17444608.125754256,12183360.58643688,3501968.34437062,14060373.077846577,11905458.208636165,16638934.573848683,22064360.87737956,49932429.984564826,9378046.849707646,19743121.252051365,4543678.730647541,27866187.2818783,21573911.092925027,8848352.531297944,18663947.22507974,9751925.767023338,25416516.934049908,10968299.289913248,7455742.780367558,19132689.69759777,7037814.907258693,16290163.827039925
24839242.151142143,16512778.698175296,12556551.748819714,17444608.125754256,12183360.58643688,3501968.34437062,13417915.662291849,11905458.208636165,16453952.946427293,22020327.156082317,49932429.984564826,9378046.849707646,19333035.347388476,4543678.730647541,27866187.2818783,21440745.197000284,8848352.531297944,18069438.909180783,9751925.767023338,25416516.934049908,10968299.289913248,6634775.131921561,19132689.69759777,6992964.069687987,15362665.564247044
24839242.151142143,16507074.636465246,12556551.748819714,17239642.613460943,11996516.507964147,3292178.467410183,13417915.662291849,11264108.254961962,14636238.704077179,21074508.4866199,44125080.2936927,9378046.849707646,19333035.347388476,4332187.278628938,26689257.799746204,21236279.100201536,7916715.497699002,17451768.014347136,9751925.767023338,25416516.934049908,10595796.818189768,6634775.131921561,19086174.191609684,6973670.072206403,15362665.564247044
23813866.591787923,15940119.369612308,11746326.314273963,15542417.334056893,11996516.507964147,3292178.467410183,12606495.923837606,11264108.254961962,14636238.704077179,21074508.4866199,44125080.2936927,9378046.849707646,17552331.5414582,4332187.278628938,26689257.799746204,19566314.95322439,7691223.149243328,16993150.750416487,9751925.767023338,24891782.554731976,9684352.955807673,6200462.708790156,19086174.191609684,6862295.684912328,15362665.564247044
23813866.591787923,15905970.229979627,11746326.314273963,15542417.334056893,11558862.765468854,3292178.467410183,12606495.923837606,11264108.254961962,14127265.07449607,20410109.320731863,44125080.2936927,9378046.849707646,17552331.5414582,4241343.83556402,26689257.799746204,19566314.95322439,7691223.149243328,15409771.83899175,9751925.767023338,24412019.285087936,9003912.052344477,6200462.708790156,18363904.829836585,6810518.183322811,15327299.523160325
23039485.347767264,14706865.642312672,11530428.342340354,15345884.824651854,11381921.575585976,3292178.467410183,11810091.414657913,11264108.254961962,13985320.829887077,20410109.320731863,44125080.2936927,9352251.892251471,17552331.5414582,4241343.83556402,26689257.799746204,19136391.786619972,7691223.149243328,15409771.83899175,8778251.051171519,24394022.14638575,8769876.649410542,6049034.283796955,18186998.46929549,6560174.988689366,14723254.659234459
22807527.04299484,14706865.642312672,10646278.6199817,15345884.824651854,11381921.575585976,3292178.467410183,11810091.414657913,11208025.767016025,13573466.327474058,20410109.320731863,42600774.60508504,9352251.892251471,17120978.984522827,4241343.83556402,26689257.799746204,19136391.786619972,7628155.010057408,15409771.83899175,8778251.051171519,24394022.14638575,8769876.649410542,5897840.93278014,17844294.496216375,5755268.133288301,14723254.659234459
20434038.645023722,14706865.642312672,10646278.6199817,14304182.921551649,10769397.908190137,3292178.467410183,11810091.414657913,9687620.208131991,13150815.86687567,20410109.320731863,41067042.38290265,9352251.892251471,17120978.984522827,4241343.83556402,26056729.69787556,19136391.786619972,7232834.6808028575,15409771.83899175,8778251.051171519,22811987.922923002,8769876.649410542,5257586.971592666,17546293.54189641,5755268.133288301,13532830.64258821
20434038.645023722,13618640.198176077,10623817.151228767,14304182.921551649,10457458.062612487,3292178.467410183,10841334.331412526,9687620.208131991,11541679.386833556,19465154.570821032,41067042.38290265,9200935.68085766,17120978.984522827,4231278.438395234,24775043.68380066,18740439.93916524,7232834.6808028575,15101569.7405069,8778251.051171519,22811987.922923002,8690022.67686429,5257586.971592666,16228417.684737746,5755268.133288301,13532830.64258821
20434038.645023722,13618640.198176077,10573604.063950207,14304182.921551649,10088523.351635862,3159908.504521228,9878875.429313872,9687620.208131991,11541679.386833556,19465154.570821032,41067042.38290265,8375403.939151904,16856898.407831866,4035952.067697208,24775043.68380066,18578730.472583137,7232834.6808028575,15101569.7405069,8069528.372509755,20729445.385667667,7345111.5420561,5257586.971592666,16228417.684737746,5755268.133288301,13532830.64258821
19441346.934758734,13557942.997805096,10573604.063950207,14304182.921551649,9531365.67663259,3121780.366750416,9878875.429313872,9687620.208131991,11541679.386833556,19325131.814510778,41067042.38290265,8375403.939151904,16856898.407831866,3930684.0629995605,24651231.193876725,18285876.407340437,7202796.081655908,14738971.465028195,7130651.671098659,18907360.154056367,7345111.5420561,5257586.971592666,16228417.684737746,5599822.615591971,13524061.746869413
17668179.13642627,13557942.997805096,9729041.442890504,13938682.871926209,7985497.8424137235,3121780.366750416,9878875.429313872,9456446.446335472,11541679.386833556,19325131.814510778,36366281.37308913,8375403.939151904,14253649.01994833,3927978.235029146,23537880.72480916,17312261.001732845,6860164.637952346,14583821.314179473,7130651.671098659,18234161.341035314,7345111.5420561,5257586.971592666,15908563.407954177,5416076.6482141875,13524061.746869413
17668179.13642627,13557942.997805096,9303375.903124128,13914605.61604961,7985497.8424137235,3121780.366750416,9871380.4670465,9301010.792902421,11541679.386833556,19325131.814510778,35817439.71794455,8375403.939151904,14253649.01994833,3927978.235029146,23537880.72480916,17312261.001732845,6860164.637952346,13473019.065124748,7130651.671098659,18234161.341035314,7345111.5420561,5257586.971592666,14715619.497114684,5280839.03932901,13426643.0393502
17668179.13642627,11283989.218263432,8814043.283761969,13914605.61604961,7985497.8424137235,3121780.366750416,8600274.82210234,9301010.792902421,11541679.386833556,18416595.143093333,35817439.71794455,8375403.939151904,14253649.01994833,3824365.9618805293,22381485.29840647,16782257.350156873,6448319.173379332,13075713.08047497,7130651.671098659,18197225.533579472,7345111.5420561,4862449.740599928,14715619.497114684,4878727.103096148,13426643.0393502
17302683.699582677,11283989.218263432,8814043.283761969,12655481.656113034,7985497.8424137235,2831074.451962626,8054697.581629029,9301010.792902421,11541679.386833556,17725643.55787467,35817439.71794455,8062457.158088516,14253649.01994833,3824365.9618805293,22381485.29840647,15646929.392435133,6448319.173379332,13075713.08047497,7059845.344532426,18197225.533579472,6493623.766025978,4614176.21586142,14709877.358020598,4878727.103096148,13426643.0393502
16723942.547520552,11101403.525948623,8814043.283761969,12655481.656113034,7985497.8424137235,2831074.451962626,8054697.581629029,8510852.14628504,11410719.425233392,17725643.55787467,35644247.53336852,7839748.795725671,14218367.77787634,3804033.097513933,22293927.121068735,14747106.680598382,6448319.173379332,13075713.08047497,6500606.405806242,18180145.25903026,6493623.766025978,4613449.932614641,14344760.297737557,4672394.872072933,13426643.0393502
16723942.547520552,11101403.525948623,8127771.921377014,12655481.656113034,7985497.8424137235,2775200.737148735,8054697.581629029,8335675.315331765,11410719.425233392,16456202.805964146,35644247.53336852,7839748.795725671,14218367.77787634,3642595.1454262696,22293927.121068735,14747106.680598382,6448319.173379332,13075713.08047497,6500606.405806242,18180145.25903026,6278747.589549731,4613449.932614641,13556835.917871883,4519282.127116165,12610242.899715727
16723942.547520552,11101403.525948623,8127771.921377014,11694083.656648416,7965149.965274227,2593549.3522884967,8054697.581629029,8335675.315331765,11348290.137328062,16347787.384864274,30934753.177167173,7765809.257907442,14218367.77787634,3536544.8075946486,22054712.64345107,14747106.680598382,6203673.978015727,12621466.570076397,6123361.517448322,18180145.25903026,6137199.456119024,4613449.932614641,13399325.652800562,4185556.086849295,12610242.899715727
15979009.336209524,9654332.178736836,8127771.921377014,10755601.595229136,6981715.136002451,2593549.3522884967,8054697.581629029,7717499.130259067,11348290.137328062,16325683.310520763,30934753.177167173,6747269.134696795,14218367.77787634,3339796.941032852,22032237.889964145,14747106.680598382,6203673.978015727,12621466.570076397,5907179.371569939,18180145.25903026,6137199.456119024,4310570.52855472,13346372.855899807,4185556.086849295,11949468.918189263
15857507.773043074,9654332.178736836,8127771.921377014,10755601.595229136,6981715.136002451,2443111.0551080694,7751962.030529541,7501620.282349532,11136537.296075072,15607857.059897808,30934753.177167173,6747269.134696795,13631252.50205677,3241861.1895044227,22032237.889964145,14596347.996948326,6203673.978015727,11402565.054509262,5907179.371569939,18180145.25903026,6069132.524642377,4310570.52855472,13252023.636578552,4185556.086849295,11949468.918189263
15818146.309619483,9654332.178736836,7690919.266977771,10755601.595229136,6981715.136002451,2443111.0551080694,7751962.030529541,7442410.336547864,10966108.166812053,14805241.655309403,29717163.819419067,6717973.020037707,13623948.701476298,3241861.1895044227,21825645.61119681,14351274.942752121,5571223.94347093,11402565.054509262,5308604.1744572595,15313726.688130848,5033809.709099945,3841616.368025588,12970041.791610083,3952135.2831304204,11729446.825723961
15504648.285623694,9654332.178736836,6410329.206028555,10755601.595229136,6981715.136002451,2428837.1887676814,7751962.030529541,7442410.336547864,10384067.304436548,14805241.655309403,28926768.00108628,6717973.020037707,11321742.824384281,2941801.062954867,21462283.4688019,13288046.131242678,5571223.94347093,10559734.94212889,5308604.1744572595,15313726.688130848,5033809.709099945,3841616.368025588,12970041.791610083,3901824.518197856,11229241.1253235
