trial_1,trial_2,trial_3,trial_4,trial_5,trial_6,trial_7,trial_8,trial_9,trial_10,trial_11,trial_12,trial_13,trial_14,trial_15,trial_16,trial_17,trial_18,trial_19,trial_20,trial_21,trial_22,trial_23,trial_24,trial_25
122154.99254608773,128812.74377583427,130081.34913944539,133068.8027906225,99611.81856695855,144802.06558342237,137993.94918218066,150851.9607668804,118396.1559808754,134215.7309336804,138576.89572205,125435.06788574807,123142.46840700037,136618.68091711024,143089.39686341793,102782.60156967434,139006.15553344775,163075.084895635,150542.51738958553,122791.71245554042,128363.48930195167,134623.0917213931,133605.42566109405,134481.17056904233,101279.5223791735
105218.42690825237,119648.50234229375,119440.52441584016,100077.31477699781,99611.81856695855,138563.205095915,137993.94918218066,150851.9607668804,118396.1559808754,134215.7309336804,101952.70004258215,115712.09153131739,106982.44786933673,136618.68091711024,143089.39686341793,102782.60156967434,125704.66585531179,163075.084895635,150542.51738958553,122791.71245554042,128363.48930195167,122810.8686124448,133605.42566109405,134481.17056904233,101279.5223791735
105218.42690825237,119648.50234229375,119440.52441584016,100077.31477699781,99611.81856695855,138563.205095915,137695.25506993438,150851.9607668804,118396.1559808754,134215.7309336804,101952.70004258215,96925.12054924142,106982.44786933673,136618.68091711024,109630.32412976722,102562.23101889387,110940.90831743248,139997.66098986162,116010.72367063642,112766.9562143985,128363.48930195167,104947.4264879603,130105.61876224664,134481.17056904233,101279.5223791735
105218.42690825237,94964.40360688942,119440.52441584016,100077.31477699781,99611.81856695855,138563.205095915,137695.25506993438,150851.9607668804,118396.1559808754,134215.7309336804,101952.70004258215,96925.12054924142,106982.44786933673,136618.68091711024,109630.32412976722,102562.23101889387,110940.90831743248,139997.66098986162,116010.47951555025,97108.37872976795,128363.48930195167,104947.4264879603,69383.21987963977,112467.78827381135,101279.5223791735
97371.42046401401,94964.40360688942,107773.80968365059,81867.3248843886,99611.81856695855,127272.254388962,137695.25506993438,150851.9607668804,98083.41653365211,133078.0956795131,100521.92866810792,83908.4845261044,106982.44786933673,121158.5286720001,100548.99332834643,96582.83886974496,108797.89667139025,111956.55052146703,111230.04632722915,92770.83924778992,128363.48930195167,104947.4264879603,69383.21987963977,112467.78827381135,101279.5223791735
96647.74870968558,94964.40360688942,76847.66905882471,81867.3248843886,99611.81856695855,127272.254388962,119164.01963374956,150371.62092291916,95853.98945676815,133040.42719032147,92591.80720385625,83908.4845261044,106982.44786933673,121158.5286720001,99443.48314830578,96582.83886974496,97411.39597796049,97685.75734980166,100321.67774182942,87421.8914905876,128363.48930195167,98080.64184605617,69383.21987963977,82772.10940705524,95549.67245406265
83997.04344826436,88586.96803223754,76847.66905882471,81867.3248843886,98738.32721050121,127272.254388962,119164.01963374956,114445.12736346853,95853.98945676815,126272.67569645478,92591.80720385625,83908.4845261044,106982.44786933673,121082.14043764751,99443.48314830578,96582.83886974496,94790.37478338384,97685.75734980166,100321.67774182942,87421.8914905876,128363.48930195167,92647.9268185512,69383.21987963977,82772.10940705524,95549.67245406265
76855.39351547646,88586.96803223754,76847.66905882471,79360.91324534251,98738.32721050121,127272.254388962,117845.02100148401,113886.52819583316,83255.00162434617,124919.14368477341,92591.80720385625,83908.4845261044,106982.44786933673,121082.14043764751,99443.48314830578,96582.83886974496,61039.70309322049,97685.75734980166,80207.34807012722,85674.13940976345,127847.4195557323,80566.44410583744,69383.21987963977,82772.10940705524,95549.67245406265
68794.05295160585,88586.96803223754,76847.66905882471,79360.91324534251,98651.94990104053,127272.254388962,110670.68260984925,113886.52819583316,81289.47249526532,107540.30648997633,92591.80720385625,81049.36665894791,97942.60942002562,118449.62328569063,91987.78649168074,96582.83886974496,61039.70309322049,97685.75734980166,80207.34807012722,74461.1496609666,104119.91210012404,79531.24871524419,69383.21987963977,80349.64515200796,81214.06905034851
68794.05295160585,88586.96803223754,76847.66905882471,79360.91324534251,76654.83780799565,127272.254388962,110670.68260984925,111490.9853462072,81289.47249526532,107540.30648997633,92591.80720385625,79758.6189751992,96159.56727140161,98856.55028896371,89283.41596394737,96582.83886974496,61039.70309322049,94697.00926106989,80207.34807012722,74461.1496609666,104119.91210012404,79531.24871524419,69383.21987963977,80349.64515200796,77948.09138182677
68794.05295160585,88586.96803223754,76847.66905882471,79360.91324534251,71464.52167516713,127272.254388962,110670.68260984925,111490.9853462072,81289.47249526532,93889.24437908504,92591.80720385625,79758.6189751992,96159.56727140161,96369.11285472906,89283.41596394737,95725.6834342806,61039.70309322049,94697.00926106989,72493.71814374869,74461.1496609666,104119.91210012404,64579.97099614616,69383.21987963977,78981.6829597302,77948.09138182677
65715.92048117632,87680.35065996405,63440.265634460084,78768.77063358236,71464.52167516713,126908.8561852163,80702.50608811273,89039.51158093855,80898.99299751528,79637.96111545696,91805.47848232552,76182.6496300987,96159.56727140161,88480.2329280859,75839.49742790147,95725.6834342806,61039.70309322049,94697.00926106989,72493.71814374869,74461.1496609666,68667.5089205693,61772.42470831088,69383.21987963977,73297.31827985507,71560.0325323344
65057.748158444396,87680.35065996405,63440.265634460084,77576.3502574201,66469.66103693002,125709.30362503327,80702.50608811273,89039.51158093855,80898.99299751528,79637.96111545696,91805.47848232552,76182.6496300987,96159.56727140161,88480.2329280859,74980.50965371367,95725.6834342806,61039.70309322049,94697.00926106989,72493.71814374869,73356.45901552054,68269.01072524404,61772.42470831088,69383.21987963977,73297.31827985507,71560.0325323344
65057.748158444396,87680.35065996405,63440.265634460084,71110.47900912404,66469.66103693002,106036.48808285606,69484.58594448541,89039.51158093855,80898.99299751528,79637.96111545696,91805.47848232552,75192.02965924129,70925.84784712322,87288.58364458656,74980.50965371367,95725.6834342806,61039.70309322049,85052.13813199782,72493.71814374869,72722.65016422543,68269.01072524404,61772.42470831088,69383.21987963977,73297.31827985507,71560.0325323344
58591.8164000668,87680.35065996405,63440.265634460084,71110.47900912404,63903.196931490755,90758.12308853459,69484.58594448541,89039.51158093855,68262.67235095357,79118.86906159291,83863.84241736487,71696.89110021708,69329.75330526683,77729.83165786146,74980.50965371367,94078.35813650305,61039.70309322049,82958.8128448708,72493.71814374869,68155.10681740001,68126.32658187958,61772.42470831088,65147.39982985743,52156.14117286908,71560.0325323344
58569.6831691434,75059.71392090178,63440.265634460084,71110.47900912404,63903.196931490755,90758.12308853459,69484.58594448541,86810.56457006525,63049.97460455584,79118.86906159291,83863.84241736487,67227.06866496551,67221.77644261856,77729.83165786146,67736.86774433879,90543.47068658809,58318.79520982507,79595.8648076442,72493.71814374869,68155.10681740001,67264.10502577733,61772.42470831088,62356.18196591189,52156.14117286908,71453.31641281654
58569.6831691434,75059.71392090178,48632.905440333285,71110.47900912404,63872.97922993433,90600.63769636494,69484.58594448541,71664.68174309621,63049.97460455584,75110.89828405586,78621.34633133154,67227.06866496551,67221.77644261856,77729.83165786146,67324.9255593651,83224.49704540844,58318.79520982507,74816.60658098773,70118.55438517731,68155.10681740001,67264.10502577733,61772.42470831088,62356.18196591189,50859.65851007303,65301.51795829942
49905.89912217479,75059.71392090178,48632.905440333285,71110.47900912404,63872.97922993433,83505.04698472013,69210.73000827005,70881.90856108168,63049.97460455584,67947.20754894521,66130.11333434802,59936.058480495805,61698.77551554976,73333.49581142786,67324.9255593651,83224.49704540844,58318.79520982507,74816.60658098773,65139.63690818783,68155.10681740001,67264.10502577733,61415.78051925701,60626.46532863443,50859.65851007303,65301.51795829942
49905.89912217479,66832.93044509797,47291.07466275864,71110.47900912404,55309.90286947272,81373.44061344262,64784.38303081376,69598.71861304664,55002.62366274084,65041.19620576314,66130.11333434802,59936.058480495805,61698.77551554976,65560.12415439473,67324.9255593651,82232.95950501712,58318.79520982507,68442.40999460361,65139.63690818783,66842.57453549257,63981.70686356302,61415.78051925701,56388.34119357801,50859.65851007303,61444.84212554689
49905.89912217479,66832.93044509797,47291.07466275864,63912.366788329695,55309.90286947272,81373.44061344262,64784.38303081376,69598.71861304664,54812.743782004254,64844.38468278606,66130.11333434802,59582.57875264894,61698.77551554976,60758.67242463021,66723.53058737227,67587.39182860183,58318.79520982507,64879.96995239772,61079.159590659874,62354.65514965045,63981.70686356302,61415.78051925701,56388.34119357801,50852.68384250318,58302.792414376614
49905.89912217479,64555.3112040594,46975.73540059891,63912.366788329695,55309.90286947272,68177.76038462897,64784.38303081376,64997.391572436325,54812.743782004254,64844.38468278606,66130.11333434802,55898.523969185466,60463.80534541429,60758.67242463021,65468.95930227209,67587.39182860183,55508.88323568767,64413.96094177249,61079.159590659874,60551.49413149676,63981.70686356302,59992.37157392646,56388.34119357801,50852.68384250318,58302.792414376614
46648.949010227836,59767.81822060206,36274.52296797509,61354.11970571953,50720.32150573345,68177.76038462897,59095.970780619275,64997.391572436325,48463.21058914883,61949.15051186543,65705.88487287803,55898.523969185466,54120.208350907495,59941.46144704239,65468.95930227209,67587.39182860183,55508.88323568767,60475.707090783675,61079.159590659874,51100.72349011259,61760.66205476832,53405.20105200274,55137.311565086056,50852.68384250318,56165.78893857651
39489.399906347186,59767.81822060206,36274.52296797509,49192.45739354524,50062.908360410365,68177.76038462897,58485.42466812476,64997.391572436325,48463.21058914883,61124.52650923393,65461.79140883586,55786.727314171025,51380.94288473615,56897.17782159252,62363.21696621208,64530.325264909734,55352.38120545333,56959.30523714675,57565.62122550005,51100.72349011259,59798.43262305792,53405.20105200274,50419.18068248078,50852.68384250318,56165.78893857651
39489.399906347186,58835.60855575456,35834.55227150617,49192.45739354524,50062.908360410365,63161.0477320089,58485.42466812476,57171.94396069541,48118.4178681578,61039.15368740396,58960.625949891866,54226.000209857564,51245.60500638188,56897.17782159252,59667.632515595025,64363.370740862396,54145.47163345864,51831.28601744989,44847.60691681768,51100.72349011259,59241.98517897103,53405.20105200274,45709.83194805418,50852.68384250318,51992.651538159094
39489.399906347186,57934.7277508122,35834.55227150617,49192.45739354524,50062.908360410365,63161.0477320089,55286.966079337086,55843.690458291414,47377.39177053997,61039.15368740396,56435.90256877828,46645.64770691332,51245.60500638188,50689.13329506363,59667.632515595025,64363.370740862396,50849.896181255135,51744.47371220709,43055.45801003553,51100.72349011259,56223.50996787037,48682.10753666595,45709.83194805418,50852.68384250318,50547.09403927023
37135.90856368598,54842.85277741846,35834.55227150617,48409.61386862606,46676.54202866815,57545.594142072645,55286.966079337086,53765.10798959161,43952.709836661175,45183.10969639376,50438.38830320469,46645.64770691332,41440.25847403523,50171.914378460875,53689.17989050262,58251.92261071579,50849.896181255135,51094.567577907575,42276.555118676224,40488.63818722124,55536.359072218635,48682.10753666595,39778.67985323237,50852.68384250318,45824.09692131888
37132.491801932134,51804.48904641991,35834.55227150617,48409.61386862606,46676.54202866815,57545.594142072645,53788.95883258948,46262.710433129054,41427.20764064807,44673.40879462988,45057.5901293837,46645.64770691332,39372.20963691283,50171.914378460875,48060.856510954676,51945.80498497485,50217.438137726065,42763.75323602533,42276.555118676224,40372.40576337094,53463.597659700405,48310.95641556312,39778.67985323237,50024.926439381095,45083.3736529762
37132.491801932134,44462.96672381645,35834.55227150617,39818.23875440949,46676.54202866815,43982.774887137486,52507.27758891019,46262.710433129054,34889.20156036836,44591.19222457206,45057.5901293837,39384.380561927705,39372.20963691283,50171.914378460875,48060.856510954676,46285.39128823957,49480.3950367599,42763.75323602533,42276.555118676224,36753.222189301174,52102.45501336089,47241.424051826,39778.67985323237,43705.92557891579,40062.204631004264
34190.75888915174,43098.28970098588,35834.55227150617,33891.171110692376,46676.54202866815,41679.5088864883,52507.27758891019,45021.519749214785,34194.203168074426,44591.19222457206,45057.5901293837,39384.380561927705,39060.2749905152,48382.95349931295,46849.360766219485,46285.39128823957,49480.3950367599,42763.75323602533,42276.555118676224,36753.222189301174,51772.75849099344,46068.16927599558,39778.67985323237,42873.865895052564,39795.7903123477
31061.487925590056,43098.28970098588,35834.55227150617,33891.171110692376,44512.29996503603,39647.46123650504,48440.891168835726,44224.91752217647,32791.60340194672,44591.19222457206,32182.027410030038,39384.380561927705,39060.2749905152,47562.17624337355,46849.360766219485,41953.46405342409,46754.542158518154,40335.68956844059,41915.009745379524,36753.222189301174,51563.38047017688,43632.33475530673,39778.67985323237,36060.94597978094,39670.84177399092
31061.487925590056,43098.28970098588,34484.32577852877,33891.171110692376,44512.29996503603,36924.12919762449,43452.41914118824,38932.11320168967,32791.60340194672,44373.677457223595,31897.28664240924,39384.380561927705,39060.2749905152,47562.17624337355,46005.43671188192,41953.46405342409,46754.542158518154,40335.68956844059,40196.15489869448,36753.222189301174,51088.38176016678,43632.33475530673,35753.29887679673,35885.88252662731,39670.84177399092
30998.93236922895,34651.95345033065,31671.806924122156,33010.99237612235,44512.29996503603,32873.0580435742,41315.10660173341,38932.11320168967,32608.848640880424,44373.677457223595,31897.28664240924,38294.11628281161,36319.15083953925,47562.17624337355,46005.43671188192,37239.65792688118,45358.17832301894,37722.07282327996,40196.15489869448,36753.222189301174,45967.81178748612,43632.33475530673,35753.29887679673,28562.762086216902,39670.84177399092
28580.109486768357,34651.95345033065,31671.806924122156,33010.99237612235,43308.23095212543,32873.0580435742,41315.10660173341,38932.11320168967,32608.848640880424,44373.677457223595,31897.28664240924,37612.02405265247,33984.69427581919,44967.48082751819,46005.43671188192,37079.391037111876,42415.17225533223,36074.59115200407,37939.66285552364,36753.222189301174,45967.81178748612,41560.897907945946,32902.5830368111,28562.762086216902,39670.84177399092
27683.55173820258,33930.60013282785,31671.806924122156,33010.99237612235,41888.99519915091,31646.262042137525,41315.10660173341,37683.21624761938,30658.93505608014,44373.677457223595,31466.92933010652,37612.02405265247,33984.69427581919,44967.48082751819,39665.84955731872,37079.391037111876,42415.17225533223,36074.59115200407,37249.83153380475,36753.222189301174,45967.81178748612,39134.86298008845,32902.5830368111,28562.762086216902,39670.84177399092
26318.536878614803,33916.85433111553,29048.479659838962,33010.99237612235,41888.99519915091,31646.262042137525,34074.83200156813,35551.137857089445,30658.93505608014,44373.677457223595,31466.92933010652,36454.23114857836,33984.69427581919,42843.14028887767,39665.84955731872,37079.391037111876,40662.19676284272,33397.01170447068,37249.83153380475,36753.222189301174,44973.40154073374,37364.3872984561,32126.114235600286,28562.762086216902,38572.97856585321
26318.536878614803,33756.85123176202,29048.479659838962,33010.99237612235,41702.360333055876,31646.262042137525,33457.73401251096,34854.68821456641,28144.24277541801,44373.677457223595,31466.92933010652,36454.23114857836,33984.69427581919,40843.03737787209,38261.69032915461,33905.81147690264,40662.19676284272,32680.463884784578,37249.83153380475,34522.435769468415,44384.19882561455,37364.3872984561,28492.713548606873,28562.762086216902,38572.97856585321
26318.536878614803,32413.27536487603,29041.289702589907,33010.99237612235,39969.72106360941,31646.262042137525,33457.73401251096,34854.68821456641,28144.24277541801,43525.58087673818,31319.30094615149,36454.23114857836,33786.66799512312,39837.66944903317,38261.69032915461,33224.32962111994,37664.39865766083,31156.875942624305,36091.66779101307,34522.435769468415,39751.43025337185,34333.604309322924,28492.713548606873,28562.762086216902,37138.01796678906
26033.868395307534,31406.170913184276,28954.291172407156,32225.45883918106,39837.05590339415,31646.262042137525,29839.328174053528,34854.68821456641,28144.24277541801,43525.58087673818,28887.8681016621,36454.23114857836,32911.145338324844,38915.968179326934,36200.70430239998,33224.32962111994,37607.04892977978,30993.20489315014,36006.81716911287,32589.699488027167,39751.43025337185,34333.604309322924,28492.713548606873,28562.762086216902,37138.01796678906
26033.868395307534,28643.090914570002,26640.153776749587,32225.45883918106,39542.870404810026,31646.262042137525,29839.328174053528,34854.68821456641,28144.24277541801,40756.89055175876,28161.798166993645,35490.475852030235,32911.145338324844,38235.00009294657,35688.87177769989,33171.1797540353,37048.961245957784,30993.20489315014,33703.31193277819,32072.55306774838,39751.43025337185,34333.604309322924,28492.713548606873,27451.560336936927,37057.49505620473
26033.868395307534,26675.25157437917,26640.153776749587,32225.45883918106,39542.870404810026,31148.021957116565,28458.86598613617,34854.68821456641,25878.33743540845,38907.48571268651,28161.798166993645,29963.705979824463,31172.93269998768,38235.00009294657,35688.87177769989,28763.479431677388,36983.07621316233,30985.490398527603,33149.099856229586,31631.21565967873,37003.84083491729,31630.886109748637,28492.713548606873,27451.560336936927,33890.267000079075
26033.868395307534,26675.25157437917,26640.153776749587,30443.557920934174,39542.870404810026,30502.952079595412,28433.34907438516,32691.767866326347,25878.33743540845,36372.41500748537,27619.475239283827,29963.705979824463,31172.93269998768,32270.16760538256,35635.7197394344,28763.479431677388,36983.07621316233,29473.156458541413,30856.696517034467,28970.975708208454,36893.50891542312,26636.918263373947,28492.713548606873,27451.560336936927,33890.267000079075
26033.868395307534,26675.25157437917,26640.153776749587,30443.557920934174,37627.663387652006,30502.952079595412,28433.34907438516,30075.928907505277,24195.25435137281,32908.89457924022,27540.02501397747,29963.705979824463,28585.580772398804,32270.16760538256,33908.86108528919,28332.629681593717,32849.58188312381,29473.156458541413,30856.696517034467,24238.321766011893,33873.75345990063,26636.918263373947,26171.545196745785,26643.04591074582,33890.267000079075
25563.28751385128,26251.11411604596,24289.952502668268,30443.557920934174,37627.663387652006,26481.002713752692,28433.34907438516,29730.23491973639,24195.25435137281,32908.89457924022,27540.02501397747,29963.705979824463,28585.580772398804,32156.367677525937,32569.922035382053,27969.73560656533,32849.58188312381,26821.65846298239,30856.696517034467,24238.321766011893,33873.75345990063,26636.918263373947,26171.545196745785,26643.04591074582,33890.267000079075
25563.28751385128,26251.11411604596,23509.907732825297,28272.94956672189,37627.663387652006,26264.254540509708,27242.076030618304,28997.302260331246,24195.25435137281,32783.04224032033,25512.88491785119,29187.360337943668,25576.17744289177,32156.367677525937,32569.922035382053,27969.73560656533,31185.60930248474,26821.65846298239,29113.776046307707,24238.321766011893,33873.75345990063,24671.700503018223,26171.545196745785,26643.04591074582,31532.487909908297
25563.28751385128,25476.80074029402,23509.907732825297,27223.536392061353,37627.663387652006,26264.254540509708,27221.3441647163,28900.34783371606,24195.25435137281,32019.7233526631,24355.264104259393,29187.360337943668,25576.17744289177,32156.367677525937,32269.43571914059,27861.998285270536,31185.60930248474,26821.65846298239,28966.87708627805,24235.129359053608,33873.75345990063,22108.506388589507,26171.545196745785,26162.85100908318,29795.089223468898
25563.28751385128,25476.80074029402,22522.993883719086,27223.536392061353,34479.71960856915,25863.67524766969,26284.86542707887,27522.13439740698,23907.183913895657,32019.7233526631,24193.803963632465,29187.360337943668,25576.17744289177,23582.1096883095,28956.050699013158,24250.373929833997,31185.60930248474,24895.637163007577,27981.913039985386,24235.129359053608,32303.181185962025,22108.506388589507,24376.772347383758,24553.623352587776,29795.089223468898
25556.354571537217,25476.80074029402,22420.28428797705,26757.900613278503,34479.71960856915,24688.458732098046,26284.86542707887,27522.13439740698,23787.433628903003,31918.47390559727,24193.803963632465,29187.360337943668,25576.17744289177,23272.519217893652,28956.050699013158,23925.724304968437,31185.60930248474,23849.596917565133,27971.2554163456,22906.384153539584,32303.181185962025,22108.506388589507,24376.772347383758,24090.781270360072,29795.089223468898
24476.945284025893,20506.545538095164,22420.28428797705,26757.900613278503,33693.001654767155,24688.458732098046,25561.968500789208,25519.87116375725,22887.660480913844,28948.489881781687,24193.803963632465,29187.360337943668,22579.57462421819,23272.519217893652,27533.075148256106,23925.724304968437,30018.6262954604,23849.596917565133,27971.2554163456,22906.384153539584,31968.959717144702,22108.506388589507,24376.772347383758,24090.781270360072,29206.64759514514
23965.835209687066,20506.545538095164,22420.28428797705,26495.47598094497,33693.001654767155,22553.255236312187,22447.832965500285,23759.408274754398,22853.01220726605,28948.489881781687,23423.12617370501,29187.360337943668,22194.17694770396,23199.27960144846,27533.075148256106,23925.724304968437,30018.6262954604,22452.497294669243,25590.10284975674,22906.384153539584,29691.339473727126,22108.506388589507,24376.772347383758,24090.781270360072,29206.64759514514
23890.615910526703,20506.545538095164,22420.28428797705,25925.221386663106,33293.78608840118,22271.080994251835,22238.50396632258,23759.408274754398,22493.903816134454,27591.09069155403,22263.581692169133,29187.360337943668,22194.17694770396,23199.27960144846,25940.437995034605,22737.555196003323,30018.6262954604,20569.39453695419,25590.10284975674,22906.384153539584,27341.85822300567,22108.506388589507,23534.148867512577,22864.289421166777,27759.223531568252
21401.4585930632,20506.545538095164,22420.28428797705,25925.221386663106,31527.5051926815,22271.080994251835,21856.293954156918,20981.12615904533,22198.2929935126,27591.09069155403,20807.99252167604,28416.447236328288,22194.17694770396,22113.98014349775,25692.46979519202,22737.555196003323,30018.6262954604,20569.39453695419,23876.416871979607,22906.384153539584,26800.65410231314,22108.506388589507,23534.148867512577,22864.289421166777,26731.926646708944
20754.356273333895,20506.545538095164,22420.28428797705,25238.403334213628,30502.054766334626,22271.080994251835,21856.293954156918,20981.12615904533,21657.180993671755,27591.09069155403,20700.358727127666,24764.51601470594,22194.17694770396,22113.98014349775,24529.446560570785,22737.555196003323,30018.6262954604,20259.541187304265,23876.416871979607,22906.384153539584,26800.65410231314,22108.506388589507,22132.059672683296,22708.351490822843,26731.926646708944
20754.356273333895,20506.545538095164,22420.28428797705,22754.007763303824,30502.054766334626,20848.043598531913,21856.293954156918,20981.12615904533,21528.541452844387,27373.723938731513,20700.358727127666,23072.055470919375,22194.17694770396,22113.98014349775,23160.033570867883,21896.733886914848,28984.497899226593,20259.541187304265,23036.46941481971,22906.384153539584,26800.65410231314,22108.506388589507,22132.059672683296,19833.008882065078,26731.926646708944
20754.356273333895,19511.48861604792,19347.226721681196,22754.007763303824,30502.054766334626,20848.043598531913,21856.293954156918,20469.311090365343,19185.992868662048,27373.723938731513,20700.358727127666,23072.055470919375,22194.17694770396,22113.98014349775,23160.033570867883,19055.862921874435,28606.94818531406,19907.72479403791,22548.419712095634,21806.27237347916,24202.752746885355,22108.506388589507,21922.076554488707,19273.11862168471,26706.917864756677
20193.748628850626,18570.691384186084,19347.226721681196,22754.007763303824,29283.869834695808,20299.836036738194,21856.293954156918,19230.05151287329,19185.992868662048,26897.454616417494,20700.358727127666,23072.055470919375,22194.17694770396,22113.98014349775,23160.033570867883,19055.862921874435,28151.084920611916,18541.34431308882,22548.419712095634,20969.52985444226,24202.752746885355,19941.08417354503,21922.076554488707,18126.137326457872,25232.495780870166
20193.748628850626,18570.691384186084,19347.226721681196,22754.007763303824,29283.869834695808,20299.836036738194,21856.293954156918,19230.05151287329,19185.992868662048,26392.836248174077,20700.358727127666,23072.055470919375,22194.17694770396,21842.710151181836,23106.612090152663,19055.862921874435,28020.43029052114,17473.72672081914,20842.275930174543,20969.52985444226,24202.752746885355,19941.08417354503,19367.160931368056,18126.137326457872,25232.495780870166
19999.117489368662,18570.691384186084,19347.226721681196,22754.007763303824,29283.869834695808,19560.83461758684,21856.293954156918,19230.05151287329,19185.992868662048,26102.62172421374,20700.358727127666,23072.055470919375,22086.781137356313,21729.940917206186,23106.612090152663,18982.992017815846,26322.262692049342,17473.72672081914,20127.050466164386,20969.52985444226,24202.752746885355,19941.08417354503,19367.160931368056,18126.137326457872,25232.495780870166
19999.117489368662,18570.691384186084,19317.232514704003,22178.66787759215,29283.869834695808,18061.137829682735,21513.196364579275,17754.509165301934,18420.501717654806,25067.116600011876,20573.31365531763,23072.055470919375,22034.702222045948,21729.940917206186,22607.435013123257,18982.992017815846,26322.262692049342,17366.610149048753,18130.632422587692,20955.193626067223,24202.752746885355,19941.08417354503,19248.76032016562,18079.45995863583,25201.920576412936
19001.16379205981,18570.691384186084,17814.30694731054,20958.140660020148,29283.869834695808,18061.137829682735,19306.333675630987,17754.509165301934,18335.99491566348,24210.73471980768,20573.31365531763,22809.70848778561,21357.97200062535,20451.024522320367,22607.435013123257,18982.992017815846,26322.262692049342,17366.610149048753,18130.632422587692,20955.193626067223,24007.21463395957,19941.08417354503,19220.47266901631,18079.45995863583,24321.841325595207
18785.607421548524,18570.691384186084,17814.30694731054,20958.140660020148,28330.724724525935,18061.137829682735,19269.56911380058,17754.509165301934,18335.99491566348,24210.73471980768,20121.66245086106,22809.70848778561,21357.97200062535,20451.024522320367,22590.82389516256,18717.190551889264,26322.262692049342,16023.2816944881,16470.35264497462,20955.193626067223,24007.21463395957,19941.08417354503,18540.972725339685,18074.25771718242,24321.841325595207
18785.607421548524,17376.551860713258,17590.859428787506,20958.140660020148,28330.724724525935,18061.137829682735,19269.56911380058,17128.85051271585,17798.17235368881,23915.54548730196,18434.672813139216,22809.70848778561,20188.723260244402,20451.024522320367,22102.519016699924,18717.190551889264,25029.772867024938,16023.2816944881,16470.35264497462,18380.72306203761,24007.21463395957,19878.83068796433,17597.194883604072,17507.70534441124,23730.22850636545
18785.607421548524,16367.195618366202,17590.859428787506,20912.469452586098,28062.62034195321,18061.137829682735,19269.56911380058,17128.85051271585,17798.17235368881,23915.54548730196,18434.672813139216,21040.788923586617,20188.723260244402,20451.024522320367,22102.519016699924,18585.1734418992,25029.772867024938,16023.2816944881,16470.35264497462,18380.72306203761,23997.44504224376,19878.83068796433,17368.399915088467,17507.70534441124,22612.742134275035
18477.199350954845,16267.61664744066,16003.7148669019,20912.469452586098,27410.089633056097,18061.137829682735,18199.94022007512,17097.017529530145,17618.80475477431,22519.732315610476,18421.339371462935,21040.788923586617,20188.723260244402,20254.536395151423,20979.86155645166,18303.35990147811,24196.15186296488,15462.100788539097,15231.783982967043,18380.72306203761,23707.896252558272,19878.83068796433,17207.06631591968,17155.850804641614,22458.11683465507
18477.199350954845,16267.61664744066,16003.7148669019,20041.432816769197,24879.78558510582,16735.897422439943,18143.17089016761,17097.017529530145,17618.80475477431,22331.824721903213,18367.233135493883,19749.903011783706,20188.723260244402,20032.03438842026,20496.35254733777,18303.35990147811,24087.25104613803,14610.748098529151,15231.783982967043,18380.72306203761,23707.896252558272,19878.83068796433,17207.06631591968,17155.850804641614,22378.71190513512
18158.195548020933,16267.61664744066,16003.7148669019,20041.432816769197,24815.075651335126,16735.897422439943,17690.95861391249,16694.342405214884,17573.193783586088,22174.023327849325,18367.233135493883,19749.903011783706,20188.723260244402,20032.03438842026,20063.996510764853,18303.35990147811,23138.171047629072,14610.748098529151,14593.205779105878,16566.129418358032,23236.248429975658,18385.24114242918,16347.590376897355,17155.850804641614,21925.22599386524
18158.195548020933,15504.879199838853,15786.199705272262,19823.991678996914,23430.359347662168,16697.516723250235,17690.95861391249,16694.342405214884,17254.2283127099,21531.99607641942,17912.298372963436,19304.069420034302,20066.330985479108,20032.03438842026,20063.996510764853,17561.383488204574,23138.171047629072,14610.748098529151,14404.903913081229,16566.129418358032,22301.412163951736,18385.24114242918,16347.590376897355,16607.89239846684,21925.22599386524
17209.724747743498,15504.879199838853,15786.199705272262,19662.199989166795,23430.359347662168,15458.934910838967,16368.302891613233,15115.91476771422,17254.2283127099,21240.141395547533,16475.78913895569,19304.069420034302,17897.70531416313,20032.03438842026,20063.996510764853,17561.383488204574,23138.171047629072,14547.515800480222,14404.903913081229,16566.129418358032,22099.797090280626,18021.497709118878,16347.590376897355,16607.89239846684,21749.797163818454
17209.724747743498,15103.229114096916,15360.561295534684,19551.98218952407,23391.49163235325,15458.934910838967,16187.456204035016,15115.91476771422,16312.772440254028,19545.623333096915,16475.78913895569,19229.088170880477,17897.70531416313,18318.507258243455,20063.996510764853,17458.30629335495,23138.171047629072,14336.73480277393,14404.903913081229,15427.47766363913,22099.797090280626,17710.697282291207,16016.480091826661,16566.76524360414,21607.530910091755
17202.040534989963,14682.569374069599,15270.06029712115,18629.3883112876,23391.49163235325,15458.934910838967,16187.456204035016,15115.91476771422,16312.772440254028,19545.623333096915,16475.78913895569,19199.678224599167,17897.70531416313,18318.507258243455,19834.16000439311,17111.904444851272,21448.1189059656,13696.989817123957,12849.286366286486,15427.47766363913,22029.86929293235,16728.90354525311,16016.480091826661,16256.3035519227,21548.71587464508
17031.134900933313,13403.81458261352,14647.931664387597,18543.85160962815,23391.49163235325,15458.934910838967,16187.456204035016,14773.48690850173,15627.559573782974,19545.623333096915,16475.78913895569,19199.678224599167,17897.70531416313,18318.507258243455,19834.16000439311,17111.904444851272,21399.19603331565,13696.989817123957,11560.69798384627,15279.707959570664,21296.328309042936,16323.182496151738,15833.588253743852,15834.721742952855,21205.302191437513
17031.134900933313,13403.81458261352,14647.931664387597,17853.114507371873,22659.470795440007,15458.934910838967,16187.456204035016,14513.834574214341,15137.40425504302,18102.827299191857,16475.78913895569,19199.678224599167,17897.70531416313,17838.491336753323,18228.832778805256,16725.586689489122,21399.19603331565,13696.989817123957,11560.69798384627,15279.707959570664,21296.328309042936,16323.182496151738,14283.843150021015,15834.721742952855,20918.444541214612
15525.648689150732,13403.81458261352,14647.931664387597,16232.963686719302,22310.625080085254,13978.664517467321,16187.456204035016,14513.834574214341,15137.40425504302,17310.383847571342,16321.447170697518,17102.756724389612,17806.190925611176,17838.491336753323,18228.832778805256,16639.244923917133,20838.461150267063,13539.279493653765,11560.69798384627,15123.682387501352,21067.62637889654,16323.182496151738,14283.843150021015,15754.099226247257,20626.09855833007
15525.648689150732,13403.81458261352,14647.931664387597,16124.190895551297,21892.080881207687,13978.664517467321,16187.456204035016,14513.834574214341,15043.977507542348,17310.383847571342,16321.447170697518,17102.756724389612,17806.190925611176,17838.491336753323,18116.04048123527,16098.593362055666,19450.75633421921,13353.318158547472,11560.69798384627,15123.682387501352,21067.62637889654,16165.803918692374,13589.986035787622,15754.099226247257,20028.72650216249
15525.648689150732,13403.81458261352,14647.931664387597,15896.948713601214,21262.342065047727,13978.664517467321,16187.456204035016,13717.982646482187,14617.62591757137,17310.383847571342,14919.29197171266,17102.756724389612,17806.190925611176,17838.491336753323,18116.04048123527,15665.296578016905,19450.75633421921,13353.318158547472,11560.69798384627,14949.894355598717,20872.556924523604,15623.506981652148,13546.5678618668,15529.153429173315,19813.153594632746
15525.648689150732,12925.213668251035,14139.339708392605,15896.948713601214,21262.342065047727,13978.664517467321,16187.456204035016,13268.308431252266,14617.62591757137,17310.383847571342,14919.29197171266,17102.756724389612,17445.178063179737,17654.21142051084,17887.760988784976,15142.878404251951,19450.75633421921,13068.749319907343,11130.402975603487,14949.894355598717,20872.556924523604,15519.136896220218,13546.5678618668,15529.153429173315,19143.573630234965
15525.648689150732,12786.16635761875,14139.339708392605,15896.948713601214,21262.342065047727,13957.083373145131,16187.456204035016,13268.308431252266,14617.62591757137,17310.383847571342,14906.958014320984,17102.756724389612,17168.981378525026,16879.000219507296,17128.763258469255,15142.878404251951,18223.45203712362,13068.749319907343,11130.402975603487,14804.411687923819,20761.268565975428,15332.169440541398,13546.5678618668,14744.560976023824,19143.573630234965
15517.006270234728,12786.16635761875,14139.339708392605,15896.948713601214,20864.380661560328,13957.083373145131,16187.456204035016,13268.308431252266,14617.62591757137,17024.648822613,14716.787493292093,17102.756724389612,16541.679823476552,16879.000219507296,17128.763258469255,15142.878404251951,18223.45203712362,13068.749319907343,11130.402975603487,14804.411687923819,19164.52270616963,15332.169440541398,13546.5678618668,14744.560976023824,18571.56800159351
15324.78719276327,12786.16635761875,13750.098707543093,15896.948713601214,20552.238747451735,13512.648687864652,15719.352066707543,13268.308431252266,14617.62591757137,16984.057087949695,14716.787493292093,17102.756724389612,15994.751146542998,15278.805298296435,16963.18044772541,15142.878404251951,18223.45203712362,12854.893374382302,10900.35056041544,14753.662304983869,19119.85308441161,15332.169440541398,13546.5678618668,14662.046847311485,18571.56800159351
15324.78719276327,12786.16635761875,13120.867386524036,15010.473542757318,20467.436155369665,13218.970024835042,14750.826659253355,12602.766842111272,14058.409352406374,16984.057087949695,14716.787493292093,15809.364817574442,15476.75479741806,15278.805298296435,16785.062843948046,14352.589524745914,18223.45203712362,12854.893374382302,10900.35056041544,14753.662304983869,18783.283833176858,15259.459636074353,13260.709843421639,14662.046847311485,18571.56800159351
15324.78719276327,12786.16635761875,13120.867386524036,15010.473542757318,20467.436155369665,13218.970024835042,14559.841615865678,12602.766842111272,14058.409352406374,16984.057087949695,14716.787493292093,15809.364817574442,15476.75479741806,15278.805298296435,16785.062843948046,14352.589524745914,17478.22895091322,12854.893374382302,10271.607497853789,14753.662304983869,18783.283833176858,15259.459636074353,13210.49363381874,14662.046847311485,18533.675510457295
15168.969550456042,12255.219632281807,13120.867386524036,15010.473542757318,19138.87039728881,13218.970024835042,14559.841615865678,12602.766842111272,13470.78207852037,15793.17416242689,14201.911223399668,14431.29178202084,14504.254640988094,14802.520960041535,16509.62900548996,14319.390013623464,17478.22895091322,12683.16368585797,10120.008748806427,14753.662304983869,18783.283833176858,14864.067045846343,13178.972280808535,14662.046847311485,18188.69962229261
15168.969550456042,12223.86998658863,12869.05034626773,14603.395241176937,19138.87039728881,13218.970024835042,14294.876300037233,12471.513366952193,13334.830546361885,15553.401508208419,14201.911223399668,14431.29178202084,14504.254640988094,14802.520960041535,16509.62900548996,13678.221111285957,16734.204380651994,12573.206563849119,9959.369415685862,14753.662304983869,18676.786231304104,14864.067045846343,12356.24389671798,14046.158149886245,18102.12706949736
14735.84634696628,11854.553109512359,12291.814854099577,14099.988668559408,19138.87039728881,12536.041174245858,14294.876300037233,12432.541946879566,13334.830546361885,15553.401508208419,13860.536172139931,14328.746846932589,14467.998032307689,14802.520960041535,16367.989088507462,13678.221111285957,16734.204380651994,12327.590916209187,9959.369415685862,14103.961049692516,18489.264632029233,14585.256086772233,12356.24389671798,13282.058390716447,17829.445944027517
14735.84634696628,11854.553109512359,12291.814854099577,14099.988668559408,18736.66600893608,12536.041174245858,14000.039946684323,11842.904668236268,13193.098408346448,15244.151016833848,13813.810474811791,14328.746846932589,14467.998032307689,14175.239752056863,16140.24695391852,13678.221111285957,16734.204380651994,12252.594642013823,9825.110007959045,13959.532498756367,18489.264632029233,13473.23559268522,12356.24389671798,13282.058390716447,17829.445944027517
14280.886274196177,11854.553109512359,11549.516898866928,14099.988668559408,18608.20775984491,12536.041174245858,14000.039946684323,11842.904668236268,13193.098408346448,15244.151016833848,13714.91033740462,14328.746846932589,14467.998032307689,14037.364591232985,14633.13785102521,13678.221111285957,16734.204380651994,11944.684304075367,9473.623086243915,13132.186555917204,18489.264632029233,13473.23559268522,12356.24389671798,13282.058390716447,17818.572609673276
14280.886274196177,11663.492324075196,11549.516898866928,14085.423380220562,17532.741039801625,12536.041174245858,13869.93469045774,11750.032210534953,13090.798121448342,14090.047241803099,13714.91033740462,14328.746846932589,14467.998032307689,14037.364591232985,14633.13785102521,13652.061723836727,16478.935064488665,11944.684304075367,9473.623086243915,12618.897098971067,18489.264632029233,13473.23559268522,11934.33265198993,12862.88197882998,17480.920362852197
14280.886274196177,11663.492324075196,11549.516898866928,13941.503757630137,17386.138497432672,12536.041174245858,13598.316889967897,11750.032210534953,13072.885858186195,14090.047241803099,13714.91033740462,14261.464253862005,14320.650794960433,14037.364591232985,14633.13785102521,12986.887422195516,15961.785126921215,11380.211143531866,9458.007277124096,12554.111843061724,18310.157676176477,13473.23559268522,11854.403089437688,12862.88197882998,17395.882314736275
14280.886274196177,11663.492324075196,11548.76643079064,13864.840399745966,17386.138497432672,12286.418230748764,13167.370855592088,11750.032210534953,12684.86651118203,14090.047241803099,13714.91033740462,14261.464253862005,13820.44453469656,13618.267559693302,14633.13785102521,12619.12870942772,15961.785126921215,11378.817503448185,8923.734395851514,12554.111843061724,18142.0918583126,13473.23559268522,11545.055324181603,12796.590759371267,17042.612156878302
14193.285865827795,11436.447854155715,11548.76643079064,13864.840399745966,17386.138497432672,12286.418230748764,13167.370855592088,11239.246642421016,12446.67011680162,14090.047241803099,13547.733778939213,14098.88277758649,13464.282966086019,13371.420050299594,14633.13785102521,12134.749667263308,15961.785126921215,11142.708203881253,8923.734395851514,12183.937243033428,18142.0918583126,13473.23559268522,11545.055324181603,12363.260133754617,16499.93521476775
13985.402344032442,11370.531824037831,11167.043712850773,12571.476670877564,17274.039777315353,12286.186371923906,13124.783288166618,11239.246642421016,12238.753387160248,13945.6917906941,13547.733778939213,13347.08270833438,12836.685949533654,13371.420050299594,14633.13785102521,12134.749667263308,15873.67745387899,11142.708203881253,8681.043576607353,12183.937243033428,17655.055487214435,13473.23559268522,11545.055324181603,11709.082680414456,16499.93521476775
13985.402344032442,10992.662833753808,11140.335108191903,12571.476670877564,17274.039777315353,12286.186371923906,13124.783288166618,11239.246642421016,12238.753387160248,13703.693945499885,13547.733778939213,13347.08270833438,12520.519881828763,13371.420050299594,14633.13785102521,12079.322072064631,15873.67745387899,11137.378117294436,8545.232466352738,12183.937243033428,17638.661100607846,13440.175079028619,11046.987657406815,11509.783624924561,16499.93521476775
13985.402344032442,10992.662833753808,11035.862458179789,12571.476670877564,17102.209229020933,12224.1584085152,12993.924978401945,10914.804444851203,12238.753387160248,13566.719590743849,13547.733778939213,13347.08270833438,12520.519881828763,13193.117335231962,14633.13785102521,11667.993924860184,15873.67745387899,11137.378117294436,8312.806447309116,11718.249810432428,16054.41674435083,12880.482642931476,11046.987657406815,11509.783624924561,16499.93521476775
13210.308955509472,10919.07951044068,10052.932125225783,12536.717397187002,16656.09263705916,12117.034965090752,12731.212691717994,10310.988579091398,12238.753387160248,13566.719590743849,13547.733778939213,13347.08270833438,11946.585726746162,13193.117335231962,14510.120250751324,11554.578837688963,14197.700704860994,10964.665999236084,8312.806447309116,11718.249810432428,15932.472330300572,12880.482642931476,11046.987657406815,11509.783624924561,15754.872290769625
13210.308955509472,10589.501250453995,10052.932125225783,12536.717397187002,16656.09263705916,12117.034965090752,12364.019516091754,10310.988579091398,12238.753387160248,13519.351848355685,13155.343609856585,12967.72270124382,11946.585726746162,13113.78599777423,14510.120250751324,11554.578837688963,14197.700704860994,10512.27425900151,8312.806447309116,11718.249810432428,15732.182692924029,12880.482642931476,10933.369670785702,11509.783624924561,15626.220074280576
12527.314862631609,10589.501250453995,10052.932125225783,12534.569795828691,16656.09263705916,12020.154615166071,12352.664867312082,10152.20385819226,11933.718782357524,13352.418060793596,13155.343609856585,12870.633064248232,11946.585726746162,13024.196259888908,14175.695260331224,11424.541063080982,13862.231349709718,10503.92149117445,7590.13557398556,11718.249810432428,15732.182692924029,12880.482642931476,10933.369670785702,10973.79163520709,15626.220074280576
12505.977465073016,10589.501250453995,9871.51149765621,12532.339576330032,16220.253832023294,11498.129435712872,12352.664867312082,10152.20385819226,11933.718782357524,13350.899153783184,13133.858780546108,12870.633064248232,11946.585726746162,12635.380573406694,13894.031086645886,11322.334704974495,13566.725831340855,10503.92149117445,7386.678083096179,11718.249810432428,15732.182692924029,12880.482642931476,10647.214592439039,10846.28068787584,15425.970466660754
12465.244541815751,10287.097756968575,9871.51149765621,12489.699616270622,16220.253832023294,11498.129435712872,11691.819229995312,9861.53747995755,11933.718782357524,12508.920043229196,13133.858780546108,12119.93278232355,11801.468499673387,12616.703570370291,13729.586478255265,11322.334704974495,13566.725831340855,10265.798939907365,7386.678083096179,11539.754915932852,15732.182692924029,12863.037564771137,10647.214592439039,10781.536692076257,15194.549360010884
12465.244541815751,10085.843365379991,9782.742883766234,12138.510049125154,16220.253832023294,11498.129435712872,11691.819229995312,9861.53747995755,11933.718782357524,12508.920043229196,12557.498095356023,12036.61085968034,11701.298651374764,12596.053640745877,13627.468646871173,11322.334704974495,13566.725831340855,10265.798939907365,7316.6450673689715,11539.754915932852,15732.182692924029,12863.037564771137,10647.214592439039,10517.402901926394,14589.541684488739
12465.244541815751,9980.587830200862,9482.215071205195,12138.510049125154,16167.18121952069,11480.615444590312,11208.330574751502,9861.53747995755,11791.962720676616,12508.920043229196,12557.498095356023,12036.61085968034,11462.882738463353,12596.053640745877,12781.848530800535,11041.346066010858,13566.725831340855,10117.269043543212,7316.6450673689715,11539.754915932852,14991.100012346213,12558.277132679419,10647.214592439039,10499.380812794057,14589.541684488739
12404.57395697596,9716.261811854285,9482.215071205195,12138.510049125154,15136.08776014837,11417.830134599784,11208.330574751502,9064.830146017615,11791.962720676616,12508.920043229196,12399.595594603496,12036.61085968034,11462.882738463353,12552.54551237576,12781.848530800535,11041.346066010858,13389.110735982706,10117.269043543212,7000.2493973905075,11370.16507997591,14991.100012346213,11986.501125256274,10647.214592439039,10452.278665211203,14589.541684488739
12404.57395697596,9716.261811854285,9333.378094507701,12138.510049125154,14316.72957621912,11341.029771648768,11208.330574751502,9064.830146017615,11788.841669616751,12420.426838726073,12193.730596519916,12036.61085968034,11306.54333567276,12074.152064153597,12678.903884995925,11041.346066010858,13389.110735982706,10117.269043543212,7000.2493973905075,11370.16507997591,14991.100012346213,11986.501125256274,10647.214592439039,10016.147063076833,14175.569038556137
12404.57395697596,9716.261811854285,9006.70425905849,11792.042805569434,14316.72957621912,11229.937169977842,11208.330574751502,9064.830146017615,11453.405752416144,12420.426838726073,12193.730596519916,12036.61085968034,11148.246152660708,12074.152064153597,12678.903884995925,10523.760828953713,12784.341657284258,10110.283537767134,6938.412405711034,11101.917843908366,14991.100012346213,11986.501125256274,10446.73268103732,10016.147063076833,14175.569038556137
12404.57395697596,9716.261811854285,9006.70425905849,11144.256938382532,14316.72957621912,11141.036022929347,11208.330574751502,9064.830146017615,11084.82902942517,11730.742365065384,12193.730596519916,12036.61085968034,10912.19058971869,11984.160864800855,12232.126344154009,9981.332496867899,12668.488864493378,9700.512689407937,6938.412405711034,11101.917843908366,14991.100012346213,11680.598203580093,10298.77627971422,10016.147063076833,14175.569038556137
12404.465476046498,9716.261811854285,8988.277902191716,10938.556354507344,14316.72957621912,11141.036022929347,11208.330574751502,9064.830146017615,10879.307519333823,11730.742365065384,11689.33470547387,11833.061875275042,10739.795924541422,11984.160864800855,12232.126344154009,9981.332496867899,12668.488864493378,9576.687474992945,6882.705782541942,11101.917843908366,14991.100012346213,11397.174634923644,10298.77627971422,10016.147063076833,13511.079867585166
12380.969240725133,9148.068420515643,8988.277902191716,10783.28557952662,14316.72957621912,11141.036022929347,11145.881777786104,9064.830146017615,10879.307519333823,11730.742365065384,11594.307384477954,11833.061875275042,10428.613335522074,11984.160864800855,12232.126344154009,9981.332496867899,11818.190050250634,9576.687474992945,6882.705782541942,11049.284960240335,14991.100012346213,11331.459739222071,10298.77627971422,10016.147063076833,13511.079867585166
12380.969240725133,9148.068420515643,8789.864941171563,10783.28557952662,14316.72957621912,10979.902069743051,11105.846355174905,8477.099775174851,10879.307519333823,11546.878838218527,11594.307384477954,11503.747099272465,9999.557313930389,11614.688347015082,12219.716700554161,9981.332496867899,11818.190050250634,9406.37481832221,6697.0974499241065,10700.005150339708,14991.100012346213,11218.447762573349,10055.342962560388,10016.147063076833,13511.079867585166
12081.428560581737,9148.068420515643,8789.864941171563,10718.848425137714,14316.72957621912,10979.902069743051,10807.955514181243,8477.099775174851,10821.151065095846,11546.878838218527,11594.307384477954,11465.72817934472,9899.053602846554,11316.539181371467,12115.294753702594,9950.416385137634,10835.264601294057,8679.228719813014,6697.0974499241065,10700.005150339708,14991.100012346213,11218.447762573349,10055.342962560388,9952.244070014362,12648.509342573594
12023.542091210587,9148.068420515643,8789.864941171563,10413.66970157311,14055.234571698487,10645.226354986982,10347.309400842707,8477.099775174851,10742.303059543206,11218.73046521351,11594.307384477954,11465.72817934472,9899.053602846554,11316.539181371467,12052.480334782502,9684.090502041938,10835.264601294057,8679.228719813014,6531.6767923200005,10333.009418753943,14927.904076463092,11218.447762573349,10055.342962560388,9952.244070014362,12568.586330161608
11862.164417787239,9148.068420515643,8788.043453150816,10398.489256082086,13634.190097152647,10645.226354986982,10347.309400842707,8469.682376636243,10742.303059543206,11218.73046521351,11594.307384477954,11179.559425737016,9899.053602846554,11316.539181371467,12052.480334782502,9684.090502041938,10835.264601294057,8679.228719813014,6531.6767923200005,10333.009418753943,14742.70052821043,11192.071010266487,9960.82691781453,9952.244070014362,12064.029061755233
11862.164417787239,9061.288797463021,8632.66278414752,10398.489256082086,13558.299703216013,10350.041949043654,10347.309400842707,8469.682376636243,10365.188959892355,11114.322864572998,10924.17442931819,10851.75371945745,9899.053602846554,11316.539181371467,12052.480334782502,9523.982321899686,10452.877218069116,8679.228719813014,6531.6767923200005,10174.617745378266,14704.224972139438,10808.472886458974,9763.519014173686,9848.506900224,12064.029061755233
11812.001668284425,9061.288797463021,8632.66278414752,10389.18701386427,13305.814004677051,10350.041949043654,10077.90506385588,8352.845902233712,10365.188959892355,11114.322864572998,10924.17442931819,10851.75371945745,9874.324825419975,11316.539181371467,12052.480334782502,9523.37282373669,10452.877218069116,8502.91879244423,6531.6767923200005,10059.397868154947,13880.578217571645,10808.472886458974,9533.198723033895,9799.418149912948,11982.310662066597
11812.001668284425,8944.13207143515,8435.131998302242,10389.18701386427,13262.624209637079,10350.041949043654,10077.90506385588,8346.934822439258,9983.158442312111,10889.77630971544,10924.17442931819,10641.341887779316,9761.358219525531,11194.85552393148,11267.717859071137,9059.56430916372,10452.877218069116,8502.91879244423,6195.51192904532,9910.823584176433,13619.068380727225,10802.854053630941,9262.508421434399,9770.760481353358,11982.310662066597
11730.97671822845,8843.077608944903,8435.131998302242,10389.18701386427,13117.653244594532,10173.262256893151,10027.153297204037,8268.565036446264,9857.457701069337,10889.77630971544,10915.151069978197,10641.341887779316,9761.358219525531,11115.386455549937,11267.717859071137,9059.56430916372,10452.877218069116,8502.91879244423,6195.51192904532,9910.823584176433,13547.273536549857,10655.288242921662,9209.005169996017,9721.476194709438,11982.310662066597
11662.031377918536,8823.625063472038,8255.469060467718,10326.98988807559,12992.384736642109,10173.262256893151,9758.488874467224,8268.565036446264,9857.457701069337,10889.77630971544,10915.059235032864,10641.341887779316,9680.604616798719,10430.432131097288,11267.717859071137,9058.154838540235,10452.877218069116,8502.91879244423,6125.041162330919,9910.823584176433,13547.273536549857,10655.288242921662,9209.005169996017,9356.43989741182,11982.310662066597
11591.027057263149,8649.644744109668,8255.469060467718,9654.684772698158,12992.384736642109,10052.139391640783,9390.010630999263,8242.814320664103,9633.756234091583,10526.34782312071,10748.69039744451,10641.341887779316,9630.169514394303,10430.432131097288,11267.717859071137,9058.154838540235,10452.877218069116,8502.91879244423,6125.041162330919,9910.823584176433,13539.604296890806,10520.215443254245,8869.17123760683,9356.43989741182,11843.633488901152
11459.969884830043,8649.644744109668,8255.469060467718,9492.786643860645,11780.743213012665,10052.139391640783,9390.010630999263,7951.991947274353,9633.756234091583,10295.419925108912,10748.69039744451,10512.677483919793,9553.173949993561,10430.432131097288,11267.717859071137,9023.175698589934,10452.877218069116,8481.870779539064,6125.041162330919,9494.486550270598,13343.694511386757,10371.442898252624,8866.685418479767,9356.43989741182,10566.902341634424
11448.56035474618,8649.644744109668,8251.704171296218,9443.827913308594,11750.82167128162,9871.800224131395,9265.612609513006,7951.991947274353,9628.18271595153,10295.419925108912,10436.207751785956,10130.75853067157,9552.869980793817,10430.432131097288,11066.11275732906,8981.077308958997,10452.877218069116,8481.870779539064,6125.041162330919,9494.486550270598,13343.694511386757,9907.94657940229,8866.685418479767,9263.859422875148,10566.902341634424
11064.252255630763,8341.279583539697,8251.704171296218,9434.044104802539,11750.82167128162,9788.18467725321,9265.612609513006,7951.991947274353,9180.968276896881,10295.419925108912,10436.207751785956,10130.75853067157,9419.41655568824,10430.432131097288,10736.789807299761,8981.077308958997,10452.877218069116,8481.870779539064,6125.041162330919,9252.783931973108,13047.43323451714,9907.94657940229,8686.056763321181,9263.859422875148,10566.902341634424
11012.23042878205,8341.279583539697,8228.626491309653,9434.044104802539,11750.82167128162,9474.140189657366,9265.612609513006,7951.991947274353,9180.968276896881,10295.419925108912,10436.207751785956,9881.451514303772,9419.41655568824,10330.835292222899,10736.789807299761,8981.077308958997,10452.877218069116,8481.870779539064,6091.015688336289,9252.783931973108,13047.43323451714,9907.94657940229,8275.247804672625,9255.083242896419,10566.902341634424
11012.23042878205,8341.279583539697,8228.626491309653,9434.044104802539,11750.82167128162,9474.140189657366,9262.969635192152,7664.336385278161,9180.968276896881,10295.419925108912,10436.207751785956,9665.101940853809,9419.41655568824,10330.835292222899,10699.521386132783,8554.1558043344,10452.877218069116,8410.537794495674,6037.931654653549,8973.675424675472,12941.62549489997,9907.94657940229,8264.949394265615,9226.759961122933,10549.566333839812
10632.918439099394,8341.279583539697,7975.55813485111,9434.044104802539,11532.396623320754,9474.140189657366,9262.969635192152,7486.020952348182,9180.968276896881,10028.1298813705,10436.207751785956,9424.610343661585,9275.997331571303,9801.114500914216,10699.521386132783,8554.1558043344,10205.623891485171,8341.778067096273,6037.931654653549,8973.675424675472,12534.026936304774,9793.0690441013,8264.949394265615,9226.759961122933,10549.566333839812
10632.918439099394,8162.018413505689,7635.158823324942,9434.044104802539,11532.396623320754,9474.140189657366,9163.868041054135,7486.020952348182,9180.968276896881,10022.263366199511,10301.527384265668,9424.610343661585,9251.087219400633,9801.114500914216,10699.521386132783,8554.1558043344,10205.623891485171,8199.218382419254,5944.024233074515,8695.256262545376,12534.026936304774,9793.0690441013,8264.949394265615,9226.759961122933,10549.566333839812
10363.387192960245,8100.967514075981,7635.158823324942,9431.858252202583,11517.019594099329,9334.445261140441,8639.366232391454,7486.020952348182,9180.968276896881,9911.17056569299,10301.527384265668,9424.610343661585,9244.053149395986,9801.114500914216,10486.97064035394,8554.1558043344,10205.623891485171,8056.507183070501,5795.044897204663,8695.256262545376,12534.026936304774,9793.0690441013,7997.587508844749,9056.854251868264,10549.566333839812
10173.59444553616,7969.475045954026,7632.1044334614,9089.990832542266,11413.65268803312,9284.908788454799,8639.366232391454,7486.020952348182,9180.968276896881,9911.17056569299,10301.527384265668,9424.610343661585,9182.82516776496,9801.114500914216,10486.97064035394,8482.210497549784,10205.623891485171,8056.507183070501,5795.044897204663,8695.256262545376,12534.026936304774,9227.029511650846,7997.587508844749,9037.9261142497,10549.566333839812
10173.59444553616,7969.475045954026,7632.1044334614,9089.990832542266,11258.60526628733,9284.908788454799,8639.366232391454,7486.020952348182,9168.660392308251,9658.367027363294,10089.81027282963,9225.225311002228,8990.731303474855,9801.114500914216,10474.326733561948,8466.881753605227,10205.623891485171,8056.507183070501,5795.044897204663,8695.256262545376,12455.52543835112,9227.029511650846,7997.587508844749,9037.9261142497,10549.566333839812
10086.829298592296,7957.904215420682,7406.386992240746,9054.436535181736,11258.60526628733,9284.908788454799,8519.244213664482,7486.020952348182,7933.528349999826,9658.367027363294,10043.723371818765,9225.225311002228,8953.527930502267,9801.114500914216,10474.326733561948,8170.638826812753,10205.623891485171,7752.584892111324,5755.861325138681,8222.88978963086,12455.52543835112,9056.226782270955,7916.574650996237,9035.658670319855,10417.970246009061
10086.829298592296,7696.037052084143,7406.386992240746,9054.436535181736,11258.60526628733,9218.472844331674,8519.244213664482,7486.020952348182,7933.528349999826,9501.524126545979,10008.525869466084,9212.192200657053,8951.809294625711,9241.631840012124,10334.789698346123,8170.638826812753,10205.623891485171,7752.584892111324,5755.861325138681,8184.938713122184,12455.52543835112,9056.226782270955,7916.574650996237,9035.658670319855,9992.728874033179
9984.204137143037,7696.037052084143,7406.386992240746,8834.022882198351,11084.086982455892,9218.472844331674,8416.987492751665,7486.020952348182,7933.528349999826,9501.524126545979,10008.525869466084,8953.384319797442,8645.774738961903,9241.631840012124,10324.468719164677,8170.638826812753,10205.623891485171,7692.7333828758965,5586.728909475374,8159.987774495025,12324.454296325117,9056.226782270955,7644.074869828164,9035.658670319855,9992.728874033179
9925.623692639663,7696.037052084143,7406.386992240746,8834.022882198351,10743.772147563637,9210.774511308402,8416.987492751665,7280.058955780166,7933.528349999826,9463.199534648196,9965.179039177925,8953.384319797442,8599.21784434465,9241.631840012124,10314.562008388662,8170.638826812753,9575.780770669315,7692.7333828758965,5586.728909475374,8159.949612706403,12301.24014379872,9018.081755677966,7642.112752831617,8741.274413903519,9992.728874033179
9743.256540943381,7565.880359630647,7365.983137390971,8834.022882198351,10743.772147563637,9160.630346501468,8416.987492751665,7076.693307588535,7933.528349999826,9446.49323359589,9861.908687985222,8839.04702932308,8504.593422914479,9217.700881482262,10314.562008388662,8108.701010455728,9575.780770669315,7692.7333828758965,5586.728909475374,8159.949612706403,12301.24014379872,9018.081755677966,7642.112752831617,8648.449773627499,9992.728874033179
9656.21889002346,7442.656192755932,7365.983137390971,8541.530921180572,10743.772147563637,8879.918718613339,8416.987492751665,6868.381879293626,7933.528349999826,9446.49323359589,9724.948953615074,8668.870717120823,8078.474952268062,9170.636527435272,10282.950535458587,8108.701010455728,9298.357219314032,7692.7333828758965,5367.447001272856,7793.56550624852,12144.452686510189,8999.565696935362,7642.112752831617,8353.224164187239,9992.728874033179
9656.21889002346,7375.583306909336,7365.983137390971,8538.512827533817,10743.772147563637,8802.515397378977,8416.987492751665,6768.370059011289,7933.528349999826,9398.39121843225,9655.409005793472,8625.63539989587,8078.474952268062,8498.57149045818,10098.586491959239,8096.132548663122,9298.357219314032,7424.309196394992,5367.447001272856,7766.541956942517,11800.613740681374,8999.565696935362,7575.974748945792,7976.086899386578,9992.728874033179
9656.21889002346,7375.583306909336,7317.097611094997,8235.579264220501,10648.303808749411,8509.842562802185,8395.530517605936,6675.410412262903,7927.455014158304,9206.08011873663,9649.96000623344,8625.63539989587,8078.474952268062,8489.96374875856,9590.021406897522,7957.056783074945,9298.357219314032,7424.309196394992,5340.874405880564,7766.541956942517,11800.613740681374,8999.565696935362,7489.78370583131,7873.331239068268,9992.728874033179
9656.21889002346,7375.583306909336,7317.097611094997,8235.579264220501,10612.629438344838,8509.842562802185,8395.530517605936,6675.410412262903,7870.0511924241055,9043.797751450973,9183.43125926374,8594.250515017784,8078.474952268062,8489.96374875856,9556.165172735435,7957.056783074945,9201.496260924045,7136.789756107153,5340.874405880564,7766.541956942517,11676.965042276004,8999.565696935362,7489.78370583131,7873.331239068268,9992.728874033179
9355.954005611866,7225.305767273982,7317.097611094997,8107.635035383554,10200.373376142394,8380.768872197965,8315.478353778708,6640.403781551551,7870.0511924241055,9043.797751450973,9041.196274911774,8270.164019222308,8078.474952268062,8233.296572201634,9556.165172735435,7828.32003824661,9079.497243189298,7105.390474813057,5306.486159468315,7623.418296829273,11329.221596361005,8890.978392698136,7444.470854579541,7873.331239068268,9992.728874033179
9355.954005611866,7225.305767273982,7089.274158244498,8050.280093211602,10151.98699508779,8380.768872197965,8096.786326897952,6334.012673218136,7820.500121483646,8967.402064700089,9041.196274911774,8270.164019222308,8078.474952268062,8233.296572201634,9468.580307638713,7805.187804936675,9079.497243189298,7105.390474813057,5306.486159468315,7403.111190244195,11329.221596361005,8890.978392698136,7444.470854579541,7575.225104095371,9832.48177357532
9355.954005611866,7165.905982184349,7089.274158244498,7892.906269991553,10113.864409761401,8380.768872197965,8013.647368250589,6226.661272293722,7533.710473041865,8967.402064700089,9041.196274911774,8246.166330441065,8078.474952268062,8233.296572201634,9464.882776121178,7763.657267764465,9008.517349319545,6984.021019493737,5263.437246096361,7344.829788324563,11285.07690710462,8792.032609397846,7293.024620374316,7453.805821571404,9832.48177357532
9355.954005611866,7074.347594433811,6945.697512150202,7892.906269991553,10036.427575705275,8380.768872197965,8013.647368250589,6226.661272293722,7494.12793256546,8945.905546207392,8691.806411826838,8246.166330441065,7763.188854542915,8233.296572201634,9244.803004243817,7763.657267764465,8587.729719486513,6984.021019493737,5112.604135703766,7344.829788324563,11203.25448093154,8792.032609397846,7293.024620374316,7453.805821571404,9832.48177357532
9355.954005611866,7074.347594433811,6945.697512150202,7892.906269991553,9958.068398834268,8370.684375768553,8013.647368250589,5925.8423088566815,7494.12793256546,8945.905546207392,8691.806411826838,8246.166330441065,7763.188854542915,8233.296572201634,9244.803004243817,7478.026963494992,8587.729719486513,6984.021019493737,4966.633532337541,7344.829788324563,11065.41133879218,8792.032609397846,7145.722066833641,7453.805821571404,9614.11446999849
9322.742532916858,7074.347594433811,6850.950530303958,7783.918348478913,9908.355729400897,8196.735167229115,8013.647368250589,5924.317249286221,7494.12793256546,8945.905546207392,8691.806411826838,8201.656899257392,7763.188854542915,8233.296572201634,9244.803004243817,7478.026963494992,8290.596582203656,6984.021019493737,4966.633532337541,7266.04994497396,11065.41133879218,8394.039880342112,7139.0104024975535,7453.805821571404,9614.11446999849
9322.742532916858,7074.347594433811,6728.55272467617,7783.918348478913,9654.793803864613,8150.369575021496,7295.12657964806,5924.317249286221,7473.573826754824,8945.905546207392,8691.806411826838,8201.656899257392,7763.188854542915,7993.099854675993,9026.302176998386,7478.026963494992,8290.596582203656,6984.021019493737,4966.633532337541,7147.42303407125,11065.41133879218,8394.039880342112,7112.0549335189535,7453.805821571404,9614.11446999849
9322.742532916858,7074.347594433811,6728.55272467617,7763.159022570612,9477.238695675529,7934.327922977793,7295.12657964806,5924.317249286221,7446.028896091234,8768.677999463907,8691.806411826838,8095.469112035906,7752.917285017765,7993.099854675993,9026.302176998386,7478.026963494992,8272.46536746695,6959.112294215722,4831.420684172679,6965.958848170464,11019.359927425461,8394.039880342112,6988.397435454338,7363.1369204083585,9474.637765117215
9228.989317138072,6886.048331679261,6728.55272467617,7602.579342467149,9456.136928703061,7525.568127791664,7295.12657964806,5924.317249286221,7376.6019136812265,8768.677999463907,8691.806411826838,7794.391916605478,7752.917285017765,7993.099854675993,8845.240849533373,7478.026963494992,8272.46536746695,6943.815470929576,4831.420684172679,6965.958848170464,10739.558745710898,8373.640546640718,6923.791598542098,7363.1369204083585,9447.260211661196
9171.422373934172,6886.048331679261,6580.670972642934,7602.579342467149,9432.756012035828,7525.568127791664,7215.349826753346,5924.317249286221,7376.6019136812265,8329.304825968753,8691.806411826838,7794.391916605478,7731.40539309163,7993.099854675993,8845.240849533373,7388.675316985875,8109.1988409632995,6882.607732010113,4831.420684172679,6657.457749171293,10739.558745710898,8301.84825854505,6771.8585408010185,7363.1369204083585,9315.742459762865
8997.495843091669,6839.394700037493,6580.670972642934,7586.422433858239,9278.19758408514,7525.568127791664,7215.349826753346,5833.726261354622,7376.6019136812265,8329.304825968753,8691.806411826838,7794.391916605478,7688.698600922548,7993.099854675993,8643.492812725255,7296.963295663851,8109.1988409632995,6882.607732010113,4806.152663843089,6657.457749171293,10739.558745710898,8301.84825854505,6771.8585408010185,7248.100966417463,9315.742459762865
8997.495843091669,6599.773604308405,6563.715381403963,7564.1289475898075,9220.92200867639,7525.568127791664,7215.349826753346,5833.726261354622,7365.555143004737,8329.304825968753,8507.870763350296,7788.281065198696,7637.343058535031,7521.66362833451,8643.492812725255,7296.963295663851,8109.1988409632995,6602.796588848918,4692.939285684203,6657.457749171293,10721.493897680777,8301.84825854505,6771.8585408010185,7248.100966417463,9315.742459762865
8882.87210537482,6571.64080687921,6511.181002815816,7546.092645667611,8852.564128496,7391.289695611,7215.349826753346,5718.811363015999,7210.753788666566,8329.304825968753,8507.870763350296,7530.753910619427,7569.697837127966,7521.66362833451,8643.492812725255,7260.357453737686,8109.1988409632995,6602.796588848918,4692.939285684203,6657.457749171293,10721.493897680777,8103.73513146859,6770.2251553877795,7052.850926388671,9309.400235588688
8863.175662975478,6558.375054299945,6362.38670890439,7539.981240508826,8852.564128496,7391.289695611,6911.273107634954,5601.912190513963,6970.513973135878,8329.304825968753,8507.870763350296,7530.753910619427,7415.900763436884,7521.66362833451,8628.055850338636,7260.357453737686,7841.980931759107,6602.796588848918,4692.939285684203,6657.457749171293,10721.493897680777,8103.73513146859,6770.2251553877795,7004.411808874635,9214.096771879125
8712.81556915625,6558.375054299945,6359.6428073139405,7325.321355579657,8852.564128496,7391.289695611,6866.477622795835,5601.912190513963,6970.513973135878,8329.304825968753,8326.30174306067,7530.753910619427,7250.040178558142,7462.479657178763,8594.475512798334,7195.639255660948,7841.980931759107,6602.796588848918,4692.939285684203,6656.787218696818,10721.493897680777,7875.530975522201,6570.594648040315,7004.411808874635,9167.796674852716
8609.453105092154,6558.375054299945,6359.6428073139405,7112.076312757425,8852.564128496,7391.289695611,6866.477622795835,5601.912190513963,6970.513973135878,8219.33243315581,8326.30174306067,7530.753910619427,7250.040178558142,7416.423758825452,8551.341745921058,7185.134382260144,7841.980931759107,6591.376589462474,4692.939285684203,6581.809604285947,10566.081539918268,7817.664205636464,6570.594648040315,7004.411808874635,9167.796674852716
8609.453105092154,6558.375054299945,6251.491482694818,7112.076312757425,8852.564128496,7391.289695611,6866.477622795835,5557.806854225224,6970.513973135878,8208.048829239626,8092.605299934582,7286.4854741028,7250.040178558142,7416.423758825452,8506.39845770666,7102.386526428666,7841.980931759107,6584.737561139353,4623.553925799037,6537.7755344213265,10566.081539918268,7817.664205636464,6564.396443085132,7004.411808874635,9167.796674852716
8572.312572643325,6558.375054299945,6159.687777748377,7105.395637937261,8744.97094192547,7362.831854383281,6866.477622795835,5557.806854225224,6703.925595895917,8091.7190034623145,8092.605299934582,7286.4854741028,7250.040178558142,7380.059952294325,8415.11842959613,7039.492460754961,7612.570302618107,6429.5358249221235,4623.553925799037,6537.7755344213265,10193.205242210042,7572.01260605728,6564.396443085132,6992.102994909068,8780.09319945098
8572.312572643325,6558.375054299945,6159.687777748377,7007.4718888044845,8663.354582608808,7257.941951928431,6866.477622795835,5557.806854225224,6693.28299478048,7773.214631371903,8026.188516420833,7202.438876740835,7110.93812040988,6927.327704555844,8415.11842959613,6942.218140500184,7612.570302618107,6360.054026449268,4605.39784209867,6537.7755344213265,10193.205242210042,7572.01260605728,6564.396443085132,6961.5645146230645,8780.09319945098
8572.312572643325,6558.375054299945,5954.569947475699,7003.760825943088,8472.029392746976,7122.495347392381,6730.166878440832,5489.094796242845,6539.989979142581,7635.726654383069,8007.219942146352,7202.438876740835,7110.93812040988,6927.327704555844,8215.64047943614,6751.360774058827,7612.570302618107,6358.54747331247,4605.39784209867,6463.792952241607,10193.205242210042,7572.01260605728,6373.358904858176,6908.280437507363,8742.244168594181
8384.695232523893,6517.235519286978,5954.569947475699,6987.668073027664,8446.856434160287,7122.495347392381,6730.166878440832,5450.0527322013695,6539.989979142581,7635.726654383069,7974.631215876052,7202.438876740835,7110.93812040988,6926.376016249748,8064.607294826192,6751.360774058827,7612.570302618107,6264.188325441359,4593.10740068172,6178.560003576068,10032.706468418746,7572.01260605728,6373.358904858176,6908.280437507363,8545.975381883709
8285.778036861691,6441.070968954854,5917.076350413902,6977.4418664237755,8446.856434160287,7099.34504042056,6730.166878440832,5450.0527322013695,6497.107301762383,7574.440524770409,7974.631215876052,6953.462231773304,7110.93812040988,6926.376016249748,8006.043836510121,6720.47547155225,7602.558323114658,6264.188325441359,4593.10740068172,5790.562938059525,9965.272255356387,7449.388910452411,6329.270121478296,6856.523580593206,8545.975381883709
8285.778036861691,6441.070968954854,5917.076350413902,6905.695563154486,8446.856434160287,7048.003957237967,6456.666679339675,5307.503460627464,6497.107301762383,7574.440524770409,7836.675872417461,6953.462231773304,6936.97822753252,6926.376016249748,7972.10370432044,6720.47547155225,7602.558323114658,6152.361304269316,4593.10740068172,5785.685207387185,9965.272255356387,7439.0260073371155,6329.270121478296,6618.584546307262,8535.552020926076
8213.41641592318,6441.070968954854,5917.076350413902,6905.695563154486,8412.212185745699,7032.339710005309,6456.666679339675,5307.503460627464,6497.107301762383,7574.440524770409,7802.307601443006,6953.462231773304,6936.97822753252,6926.376016249748,7809.225315043516,6676.563424186926,7602.558323114658,6152.361304269316,4593.10740068172,5785.685207387185,9964.077055328125,7408.393394272793,6240.260746848192,6585.518064751625,8534.628594464959
8213.41641592318,6441.070968954854,5917.076350413902,6905.695563154486,8081.381410156334,7032.339710005309,6456.666679339675,5307.503460627464,6420.223094673671,7524.755726492597,7613.287297842806,6945.950337709722,6936.97822753252,6926.376016249748,7809.225315043516,6669.662981038761,7599.894277212565,6152.361304269316,4484.2306457376435,5785.685207387185,9764.257085983772,7368.687414475379,6240.260746848192,6573.226938649408,8534.628594464959
8187.343522253317,6431.428912540893,5880.156539698461,6874.0726060776515,8081.381410156334,6896.022967966375,6271.098365202075,5268.873110729792,6420.223094673671,7475.065227687039,7613.287297842806,6945.950337709722,6901.932129583753,6926.376016249748,7783.209841143529,6582.156656568142,7469.800399520953,6152.361304269316,4484.2306457376435,5785.685207387185,9764.257085983772,7280.9210505641195,6201.5149042844405,6534.156137027412,8534.628594464959
8187.343522253317,6388.5492008866095,5880.156539698461,6777.011818511727,8081.381410156334,6806.893073651197,6271.098365202075,5268.873110729792,6420.223094673671,7396.188092434237,7613.287297842806,6945.950337709722,6901.932129583753,6798.084459712432,7763.241198564575,6578.7763194640265,7469.800399520953,6152.361304269316,4484.2306457376435,5785.685207387185,9674.990121109571,7280.9210505641195,6112.935490365691,6534.156137027412,8534.628594464959
8187.343522253317,6168.6967732366475,5783.202547127519,6729.78079915485,7970.222427945403,6806.893073651197,6271.098365202075,5225.978895833536,6405.776403530035,7171.492961015652,7567.339224482536,6945.950337709722,6497.551072906585,6689.52362813163,7562.187850692815,6493.495895376851,7469.800399520953,6136.493822159853,4484.2306457376435,5785.685207387185,9674.990121109571,7097.235502127801,5928.7108003898265,6527.573189103112,8496.13374964777
7926.438639271726,6168.6967732366475,5783.202547127519,6726.760785957886,7881.102769608782,6671.141896209604,6062.311193122034,5225.978895833536,6041.88785798534,7128.832978585957,7518.186780262575,6945.950337709722,6497.551072906585,6539.09785910642,7425.958254234574,6457.271894801175,7177.325817895412,6104.437703590112,4484.2306457376435,5785.685207387185,9541.323219484853,7097.235502127801,5928.7108003898265,6523.397102678477,8496.13374964777
7926.438639271726,6168.6967732366475,5742.436923864261,6677.951152092999,7881.102769608782,6671.141896209604,6062.311193122034,5225.978895833536,6041.88785798534,7128.832978585957,7518.186780262575,6851.484233414187,6441.87752909195,6539.09785910642,7425.958254234574,6406.235117036713,7177.325817895412,6104.437703590112,4484.2306457376435,5785.685207387185,9350.835041424438,6944.105833549728,5928.7108003898265,6396.066005772131,8358.16268334665
7926.438639271726,6128.0927995896545,5464.058723271191,6602.703010994155,7881.102769608782,6671.141896209604,5751.895699049728,5101.437004562761,5839.5846191261035,7128.832978585957,7343.10194182317,6823.931058892187,6441.87752909195,6539.09785910642,7256.887837114786,6406.235117036713,7032.294525959189,6074.948107812083,4484.2306457376435,5775.346024640198,9350.835041424438,6944.105833549728,5797.767503892472,6396.066005772131,8358.16268334665
7917.522478758911,6080.366436273031,5464.058723271191,6602.703010994155,7786.235682088426,6416.953901804431,5667.5842764272,5074.643371863283,5839.5846191261035,7128.832978585957,7343.10194182317,6747.397904308127,6336.814428939481,6229.778812296283,7256.887837114786,6406.235117036713,7032.294525959189,5917.282508909085,4484.2306457376435,5775.346024640198,9297.338981311656,6865.624610576281,5797.767503892472,6241.85407637792,8358.16268334665
7858.370050085092,6080.366436273031,5464.058723271191,6602.703010994155,7648.123671391639,6416.953901804431,5667.5842764272,5065.362457729666,5839.5846191261035,6885.774687386824,7343.10194182317,6352.242382813434,6315.7188255856345,6229.778812296283,7256.887837114786,6239.464112321701,6884.466278473312,5917.282508909085,4463.126125066383,5634.832525398688,9124.82413205324,6865.624610576281,5743.746078632638,6241.85407637792,7814.086588040075
7858.370050085092,6080.366436273031,5463.7838649943105,6598.12220806963,7648.123671391639,6416.953901804431,5667.5842764272,5065.362457729666,5839.5846191261035,6885.774687386824,7343.10194182317,6352.242382813434,6284.775199977158,6229.778812296283,7256.887837114786,6188.1747410179705,6884.466278473312,5912.026765243079,4463.126125066383,5634.832525398688,9124.82413205324,6865.624610576281,5695.782453306661,6241.85407637792,7814.086588040075
7858.370050085092,5949.638045882565,5463.7838649943105,6483.156974421527,7499.292815895703,6218.136463277258,5525.754497402219,4976.219893733148,5833.8213968417385,6862.7769679528365,7280.169913336552,6352.242382813434,6272.183046655591,6131.3114594143035,7256.887837114786,6176.613504702265,6884.466278473312,5762.392259041044,4463.126125066383,5634.832525398688,9124.82413205324,6814.308626189006,5695.782453306661,5969.495236348473,7710.912591690103
7814.652291172406,5916.863993747562,5463.7838649943105,6483.156974421527,7338.840695049513,5993.008214288073,5489.647735992483,4976.219893733148,5829.536016552538,6794.50890008728,7058.370899721362,6318.784286536231,6007.599814307413,5994.855336155784,7175.2405226094525,6176.613504702265,6738.667396050028,5691.912641286776,4387.931959132657,5634.832525398688,9124.82413205324,6718.923993181568,5695.782453306661,5969.495236348473,7710.912591690103
7814.652291172406,5916.863993747562,5463.7838649943105,6462.484455303942,7338.840695049513,5993.008214288073,5487.161235907724,4976.219893733148,5823.091287030262,6750.909974205028,7058.370899721362,5993.381234587661,5987.282019464806,5988.656567202356,7037.783783254013,5950.622619834749,6738.667396050028,5675.399830515187,4387.931959132657,5497.315823438361,8987.658100828168,6718.923993181568,5661.724478065208,5969.495236348473,7710.912591690103
7760.430813849867,5858.177497604152,5463.7838649943105,6411.077907132847,7309.989032313474,5956.801794568972,5436.308141000814,4976.219893733148,5723.000904492648,6626.9815907946895,7058.370899721362,5993.381234587661,5987.282019464806,5988.656567202356,7037.783783254013,5928.4269322630735,6654.869878781937,5675.399830515187,4387.931959132657,5497.315823438361,8644.882607546147,6704.116851076695,5661.724478065208,5969.495236348473,7307.709430871147
7760.430813849867,5835.110459694451,5390.148905707012,6296.718117015423,7153.57471408609,5656.428268953779,5369.878665849583,4976.219893733148,5639.01150234518,6566.959591478624,6989.131910808628,5982.375414169433,5987.282019464806,5988.656567202356,6919.947869280644,5928.4269322630735,6533.001539678928,5658.121803466138,4387.931959132657,5497.315823438361,8644.882607546147,6489.80138002633,5459.93820343506,5692.491748473465,7232.123544724009
7726.941189350916,5826.133820924682,5390.148905707012,6237.50014615024,7153.57471408609,5656.428268953779,5369.878665849583,4976.219893733148,5398.123745611298,6566.959591478624,6811.406323261448,5982.375414169433,5924.284714141881,5974.294778169426,6919.947869280644,5922.09112385924,6533.001539678928,5658.121803466138,4387.439988643753,5462.6063413789325,8574.815579998098,6489.80138002633,5458.851773434832,5620.981625424267,7232.123544724009
7660.687713670032,5801.864236500678,5390.148905707012,6165.770773365622,7153.57471408609,5656.428268953779,5305.500440193147,4976.219893733148,5398.123745611298,6334.137722359006,6811.406323261448,5977.7493782449055,5872.1706493685215,5955.679954007757,6919.947869280644,5922.09112385924,6489.359105490516,5658.121803466138,4387.439988643753,5327.328634207099,8542.12680307922,6453.470769602587,5347.5814418095615,5508.971814036571,7232.123544724009
7588.300775457329,5768.848887745855,5390.148905707012,6165.770773365622,7153.57471408609,5585.6832772121215,5305.500440193147,4976.219893733148,5323.031217655884,6185.368209408123,6725.267237163034,5765.254023603946,5872.1706493685215,5955.679954007757,6788.60010504648,5922.09112385924,6425.447405050887,5570.179229285322,4383.500135515829,5327.328634207099,8541.27996144072,6295.791588981123,5347.5814418095615,5508.971814036571,7232.123544724009
7354.693625281232,5676.500932949282,5196.855738273554,6079.583652513247,7069.620591783685,5585.6832772121215,5011.008747238915,4974.680186886529,5323.031217655884,6185.368209408123,6683.021999400309,5614.310229111329,5675.754454901731,5955.679954007757,6762.980537486601,5677.666576876999,6425.447405050887,5570.179229285322,4343.863347150121,5327.328634207099,8505.657476540628,6282.374981135876,5347.5814418095615,5420.577962529755,7232.123544724009
7313.0092104255355,5648.481550848728,5188.86186885847,6079.583652513247,7059.571565572061,5585.6832772121215,5011.008747238915,4904.790877733227,5323.031217655884,6185.368209408123,6683.021999400309,5613.351014545805,5675.754454901731,5955.679954007757,6762.980537486601,5677.666576876999,6425.447405050887,5538.797121423404,4343.863347150121,5327.328634207099,8505.657476540628,6158.760019857331,5347.5814418095615,5405.302841762638,7217.8891725943
7187.760121325953,5569.300103934792,5188.86186885847,6079.583652513247,7059.571565572061,5229.455228754901,5011.008747238915,4888.780091378821,5089.579135269603,6185.368209408123,6683.021999400309,5613.351014545805,5653.806612055008,5955.679954007757,6762.980537486601,5677.666576876999,6207.517896054746,5394.860735628194,4292.476547109531,5254.165488241471,8406.663167607148,6158.760019857331,5325.322914381194,5352.107713182699,7217.8891725943
7187.760121325953,5569.300103934792,5188.86186885847,6079.583652513247,6843.330925907326,5229.455228754901,4980.806624175339,4888.780091378821,5077.928979582344,6185.368209408123,6683.021999400309,5595.965805726497,5653.806612055008,5943.615232744766,6762.980537486601,5677.666576876999,6207.517896054746,5394.860735628194,4283.14352685811,5244.707357754198,8406.663167607148,6158.760019857331,5325.322914381194,5284.149527215062,7115.042632025653
6968.141393983182,5569.300103934792,5188.86186885847,6079.583652513247,6843.330925907326,5229.455228754901,4980.806624175339,4813.266806441479,5077.928979582344,6131.940809087431,6664.333522827754,5595.965805726497,5651.247581442499,5922.214952546199,6721.767977179306,5514.787343247102,6198.283357395816,5394.860735628194,4283.14352685811,5244.707357754198,8300.452974179352,6158.060532978798,5324.038436329072,5284.149527215062,7115.042632025653
6967.990672395292,5569.300103934792,5181.80697300702,6069.029377745839,6837.437598301386,5229.455228754901,4980.806624175339,4742.395964589126,5018.790522919926,5969.9985778027285,6661.618912435804,5589.197768249756,5523.1019531511,5922.214952546199,6721.767977179306,5514.787343247102,6198.283357395816,5392.007043470148,4283.14352685811,5220.913996715919,8225.768987106998,6124.1806201796135,5266.243245737265,5284.149527215062,7115.042632025653
6967.990672395292,5545.668501298056,5181.80697300702,6069.029377745839,6758.198232238609,5229.455228754901,4980.806624175339,4740.615394498018,5018.790522919926,5969.9985778027285,6197.273538291207,5589.197768249756,5523.1019531511,5922.214952546199,6721.767977179306,5424.540198906808,6198.283357395816,5389.1981759963355,4283.14352685811,5193.520457020728,8154.462789937403,5998.6885902693875,5266.243245737265,5284.149527215062,6988.866093947882
6901.903404647939,5543.749645144631,5114.973958039751,5795.257445863415,6758.198232238609,5229.455228754901,4946.509993188842,4651.871174174428,5018.790522919926,5969.9985778027285,6197.273538291207,5250.314419775063,5209.935231142479,5922.214952546199,6721.767977179306,5325.108670660582,6165.539938213973,5335.711790848499,4283.14352685811,5132.546725159882,8154.462789937403,5993.3634553843,5084.565130064555,5284.149527215062,6988.866093947882
6901.903404647939,5467.73102298787,5114.973958039751,5795.245652389989,6758.198232238609,5229.455228754901,4946.509993188842,4651.871174174428,4997.054459816767,5969.9985778027285,6197.273538291207,5250.314419775063,5066.105930828619,5922.214952546199,6698.485004385003,5325.108670660582,6149.434147806348,5271.387445807883,4283.14352685811,5132.546725159882,8096.447799304765,5730.776720436439,5013.072500965887,5155.158505917978,6863.036873856723
6899.865027031948,5467.73102298787,5114.973958039751,5795.245652389989,6715.467031932831,5101.116451570029,4927.133523078416,4644.476016600137,4997.054459816767,5969.9985778027285,6197.273538291207,5235.0447781023895,5066.105930828619,5922.214952546199,6518.700193333715,5325.108670660582,6126.184399635511,5271.387445807883,4283.14352685811,5110.809382500575,7887.580208830355,5730.776720436439,5013.072500965887,5087.577002644763,6863.036873856723
6899.865027031948,5467.73102298787,5114.973958039751,5795.245652389989,6584.895817627803,5101.116451570029,4786.938152244607,4582.701808159389,4992.283857459646,5951.852562590201,6197.273538291207,5235.0447781023895,5066.105930828619,5659.077863784412,6518.700193333715,5325.108670660582,5985.794572225259,5265.792382942967,4283.14352685811,5088.449080069375,7887.580208830355,5625.762008676727,5013.072500965887,5087.577002644763,6863.036873856723
6899.865027031948,5419.026618898035,5063.6958674546695,5777.017178612492,6558.863064559584,4980.4938022193655,4774.810906306864,4564.283037382216,4747.257481985292,5900.269891122163,6197.273538291207,5235.0447781023895,5066.105930828619,5643.461551748868,6518.700193333715,5283.958113991616,5979.50926077447,5265.792382942967,4140.857465704338,5031.514556913295,7887.580208830355,5383.925598364322,5013.072500965887,5087.577002644763,6383.294456320316
6899.865027031948,5397.543922245032,5063.6958674546695,5777.017178612492,6379.086890607263,4980.4938022193655,4704.121967649529,4527.797038711366,4747.257481985292,5900.269891122163,6197.273538291207,5205.183565413823,5066.105930828619,5560.140058181358,6466.949871843104,5283.958113991616,5919.143462341426,5124.457148498548,4077.737202335903,5004.046051141913,7885.450889889862,5224.517561801325,5013.072500965887,4844.512528536835,6383.294456320316
6770.572595688861,5378.552750181803,4984.816139223609,5777.017178612492,6379.086890607263,4924.051983377473,4704.121967649529,4527.797038711366,4747.257481985292,5851.801331371815,6197.273538291207,5151.187451493222,5066.105930828619,5560.140058181358,6436.5647587493895,5279.897332558583,5874.561538559962,5106.845624129604,4077.737202335903,4993.142982529149,7724.616138918936,5224.517561801325,5013.072500965887,4844.512528536835,6383.294456320316
6767.373325235555,5326.3112014445505,4984.816139223609,5653.62753710272,6250.181922933003,4843.813701118976,4704.121967649529,4527.797038711366,4685.058708556453,5851.801331371815,6197.273538291207,4910.448772103294,5066.105930828619,5560.140058181358,6357.720686367509,5262.220578314761,5725.77551387756,5106.845624129604,4022.633052299273,4939.142079759682,7724.616138918936,5224.517561801325,4978.638853887914,4844.512528536835,6383.294456320316
6571.19877664809,5326.3112014445505,4984.816139223609,5593.341644392301,6217.37720765118,4843.813701118976,4624.166899034389,4527.797038711366,4685.058708556453,5829.428573845071,6197.273538291207,4910.448772103294,5066.105930828619,5545.978415591538,6307.859340198305,5162.901757176286,5725.77551387756,5106.845624129604,3931.9523841629352,4919.498990666558,7529.722279515922,5077.1899822575415,4978.638853887914,4841.742211351642,6383.294456320316
6562.487697641478,5326.3112014445505,4984.816139223609,5593.341644392301,6217.37720765118,4843.813701118976,4505.509353133328,4527.797038711366,4551.917626216249,5635.5892745854035,6195.274522744383,4910.448772103294,4971.9654366965115,5381.310023009763,6306.23712427041,5162.901757176286,5725.77551387756,5106.845624129604,3931.9523841629352,4846.454012830169,7529.722279515922,5077.1899822575415,4861.522769323715,4705.665130601092,6373.259416497356
6562.487697641478,5326.3112014445505,4961.18874118981,5499.57705345429,6217.37720765118,4843.813701118976,4473.920780351051,4519.740859762044,4551.917626216249,5635.5892745854035,6195.274522744383,4868.463797265929,4971.9654366965115,5381.310023009763,6252.409087994398,5162.901757176286,5725.77551387756,4933.044296332717,3931.9523841629352,4846.454012830169,7529.722279515922,5077.1899822575415,4861.522769323715,4705.665130601092,6373.259416497356
6527.695401545385,5314.377236881857,4961.18874118981,5499.57705345429,6037.8284363455805,4843.813701118976,4456.8372509116225,4499.725781726251,4551.917626216249,5626.424992985438,6195.274522744383,4699.719020539089,4971.9654366965115,5326.0081656411,6243.249416820472,5162.901757176286,5725.77551387756,4933.044296332717,3931.9523841629352,4838.552079053305,7529.722279515922,5077.1899822575415,4861.522769323715,4705.665130601092,6373.259416497356
6527.695401545385,5242.267470093431,4961.18874118981,5499.57705345429,6037.8284363455805,4843.813701118976,4456.8372509116225,4494.549398923773,4509.111727760921,5626.424992985438,6148.117382909853,4699.719020539089,4971.9654366965115,5326.0081656411,6169.7106916061075,5098.950040684953,5708.3076635006,4933.044296332717,3931.9523841629352,4728.076232499217,7529.722279515922,5077.1899822575415,4837.559332561088,4677.437225849422,6373.259416497356
6500.5329652747705,5220.831280001492,4910.371826832008,5317.021856151825,5976.371010690483,4843.813701118976,4456.8372509116225,4429.183928273794,4509.111727760921,5626.424992985438,6059.168106385018,4699.719020539089,4971.9654366965115,5326.0081656411,6149.602938571972,5094.79947271613,5703.141365593952,4933.044296332717,3931.9523841629352,4677.434957898339,7529.722279515922,4928.197821590913,4837.559332561088,4677.437225849422,6295.64258965646
6500.5329652747705,5220.831280001492,4856.659475045404,5258.993352968886,5917.109942402103,4843.813701118976,4456.8372509116225,4429.183928273794,4492.400595705383,5626.424992985438,6003.456218662632,4675.126390234904,4971.9654366965115,5326.0081656411,6102.114669971237,5074.684083626553,5457.709342198115,4933.044296332717,3931.9523841629352,4616.007559722045,7399.88876162572,4928.197821590913,4832.658863039116,4671.521816683913,6286.928936880777
6469.340601885096,5220.831280001492,4850.520724087752,5258.993352968886,5899.974055917604,4698.1316262582195,4374.0226878489175,4418.997162374883,4492.400595705383,5517.860114252606,6003.456218662632,4675.126390234904,4934.713569982701,5035.974085994504,6068.403379225632,4961.611507062507,5384.2369367815645,4933.044296332717,3801.3278603728786,4616.007559722045,7399.88876162572,4928.197821590913,4824.77215048097,4671.521816683913,6079.179040018744
6469.340601885096,5220.831280001492,4850.520724087752,5258.993352968886,5899.974055917604,4698.1316262582195,4374.0226878489175,4392.41492123277,4492.400595705383,5508.171213843108,5914.161886335467,4675.126390234904,4902.1875660369915,5035.974085994504,6068.403379225632,4906.609583818778,5384.2369367815645,4933.044296332717,3801.3278603728786,4616.007559722045,7399.88876162572,4928.197821590913,4824.77215048097,4671.521816683913,6079.179040018744
6463.163417822832,5214.775029743808,4843.066139309665,5225.467648963604,5899.974055917604,4647.56719393214,4301.931369141281,4392.41492123277,4492.400595705383,5508.171213843108,5914.161886335467,4662.641435133357,4902.1875660369915,5035.974085994504,6033.095892286385,4821.245722266751,5384.2369367815645,4933.044296332717,3801.3278603728786,4576.407806686073,7399.88876162572,4928.197821590913,4611.842797461403,4616.973346954335,6079.179040018744
6463.163417822832,5214.775029743808,4843.066139309665,5225.467648963604,5899.974055917604,4647.56719393214,4301.931369141281,4379.931308621621,4492.400595705383,5325.920367071802,5914.161886335467,4662.641435133357,4757.464690958039,5035.974085994504,6033.095892286385,4802.343740575117,5384.2369367815645,4892.1522933413435,3801.3278603728786,4573.936930329994,7349.363499413742,4893.572519453786,4611.842797461403,4616.973346954335,6023.581718619025
6252.663238602214,5063.840491541012,4788.537116107236,5225.467648963604,5713.542973282352,4647.56719393214,4207.342879395037,4379.931308621621,4486.804241065542,5325.920367071802,5861.572263338668,4444.022283937662,4757.464690958039,5035.974085994504,6017.603715588544,4802.343740575117,5326.583704498751,4860.166590930279,3801.3278603728786,4484.931314085721,7236.224729287742,4893.572519453786,4611.842797461403,4529.489555730617,5816.076092169214
6252.663238602214,5063.840491541012,4739.176015764155,5225.467648963604,5713.542973282352,4647.56719393214,4207.342879395037,4344.663526309554,4486.804241065542,5325.920367071802,5758.3924834312365,4442.717432681215,4592.605695360877,5035.974085994504,5951.034689204678,4701.804014114669,5306.711820526312,4860.166590930279,3797.2591269134828,4484.931314085721,7236.224729287742,4893.572519453786,4611.842797461403,4529.489555730617,5816.076092169214
6235.798148979578,5063.840491541012,4728.743842574411,5225.467648963604,5713.542973282352,4647.56719393214,4184.371551429767,4267.474877850118,4430.805659976704,5325.920367071802,5758.3924834312365,4442.717432681215,4592.605695360877,5035.974085994504,5934.970404432279,4701.804014114669,5024.9235065881385,4860.166590930279,3735.8392291845116,4484.931314085721,7193.220557691763,4816.365539058577,4611.842797461403,4481.440190969874,5771.920240496805
6235.798148979578,5063.840491541012,4673.683700009371,5200.422780327169,5713.542973282352,4647.56719393214,4184.371551429767,4267.474877850118,4430.805659976704,5260.11551501192,5744.923375466424,4442.717432681215,4558.739656240552,5035.974085994504,5934.970404432279,4652.7671935776925,5024.9235065881385,4834.24545429028,3735.8392291845116,4427.088163448409,7193.220557691763,4816.365539058577,4611.842797461403,4481.440190969874,5771.920240496805
6110.198128028239,5063.840491541012,4659.151065277005,5173.939169384136,5639.629176794429,4497.549449326281,4184.371551429767,4257.847174647122,4430.805659976704,5260.11551501192,5711.1632735669755,4384.645200390591,4515.525014672665,5035.974085994504,5902.842978568688,4652.7671935776925,4976.961955721945,4834.24545429028,3735.8392291845116,4400.1910382277465,7180.173365428113,4816.365539058577,4611.842797461403,4481.440190969874,5644.185542510015
6089.518801372358,5063.840491541012,4659.151065277005,5173.939169384136,5626.720325745244,4497.549449326281,4184.371551429767,4251.167817914233,4430.805659976704,5260.11551501192,5711.1632735669755,4384.645200390591,4442.863167161233,5035.974085994504,5868.8926518554745,4622.074978271881,4976.961955721945,4833.204716631719,3735.8392291845116,4381.744802167812,7165.771950688638,4816.365539058577,4611.842797461403,4420.705037873095,5644.185542510015
6034.095153236998,5028.1100813326975,4659.151065277005,5093.44436488463,5544.981985806188,4497.549449326281,4148.050961334307,4243.420338257742,4347.974010204375,5216.779391990971,5507.4293631236815,4353.328634646321,4442.863167161233,4932.928015885354,5835.27694073795,4622.074978271881,4976.961955721945,4748.987510776637,3735.8392291845116,4381.744802167812,7120.947466740215,4816.365539058577,4533.581389487104,4417.680646694969,5644.185542510015
6021.7299169525295,4975.298410897029,4605.3444691528475,5064.854600847355,5453.4356670112,4497.549449326281,4148.050961334307,4243.420338257742,4347.974010204375,5199.584887125783,5507.4293631236815,4353.328634646321,4442.863167161233,4900.4580577521265,5738.152772060316,4622.074978271881,4976.961955721945,4748.987510776637,3734.944982175458,4381.744802167812,7120.947466740215,4816.365539058577,4533.581389487104,4417.680646694969,5644.185542510015
5998.568381817535,4968.4651670083795,4604.252008507299,5064.854600847355,5346.786869732955,4444.512831023076,4141.499808086703,4220.025799238212,4347.974010204375,5199.584887125783,5323.558531671108,4353.328634646321,4442.863167161233,4900.4580577521265,5674.116905481814,4622.074978271881,4971.232312845754,4748.987510776637,3734.944982175458,4300.762528555368,6897.941167682445,4816.365539058577,4483.695088507251,4417.680646694969,5538.441601129373
5948.97357992357,4903.392733484274,4604.252008507299,5053.555784172577,5343.266622190886,4444.512831023076,4072.030921414525,4151.890257853142,4313.171024023754,5135.268431475904,5323.558531671108,4353.328634646321,4442.863167161233,4900.4580577521265,5674.116905481814,4571.804857551544,4971.232312845754,4693.490482323371,3734.944982175458,4205.322259216538,6897.941167682445,4816.365539058577,4483.695088507251,4417.680646694969,5538.441601129373
5646.924969042388,4903.392733484274,4604.252008507299,5053.555784172577,5284.529960385204,4335.068620492565,4072.030921414525,4151.890257853142,4241.543923749565,5107.871707903531,5323.558531671108,4353.328634646321,4442.863167161233,4772.9326189439935,5674.116905481814,4571.804857551544,4971.232312845754,4679.06253962533,3654.779865103713,4205.322259216538,6886.439178444401,4816.365539058577,4462.048766504076,4417.680646694969,5485.029822706931
5646.924969042388,4862.722823542554,4564.514592549225,4989.607285804362,5284.529960385204,4210.727644811725,4044.433687109984,4134.364523084934,4241.543923749565,5048.713940873081,5278.009271580579,4353.328634646321,4442.863167161233,4761.809012822945,5674.116905481814,4540.168018092008,4865.7305727464845,4657.707292232068,3654.779865103713,4205.322259216538,6779.340056644647,4776.994492933511,4462.048766504076,4417.680646694969,5485.029822706931
5646.924969042388,4845.0730650518735,4434.205002706196,4989.607285804362,5284.529960385204,4210.727644811725,4044.433687109984,4134.364523084934,4241.543923749565,4934.521651739798,5278.009271580579,4295.133203744497,4442.863167161233,4761.809012822945,5674.116905481814,4540.168018092008,4865.7305727464845,4546.826025128683,3654.779865103713,4156.453603843911,6661.050682336752,4754.060770684856,4462.048766504076,4417.680646694969,5485.029822706931
5646.924969042388,4845.0730650518735,4434.205002706196,4923.240699406995,5184.098201548269,4210.727644811725,3967.1487444184527,4134.364523084934,4241.543923749565,4934.521651739798,5278.009271580579,4295.133203744497,4200.494102045641,4674.230074359784,5666.605975599779,4524.716423190635,4865.7305727464845,4546.826025128683,3654.779865103713,4113.320198307265,6661.050682336752,4563.155616662612,4447.640130041229,4361.665247742313,5455.9204288165565
5595.751210196932,4784.512496809866,4434.205002706196,4897.223036718349,5184.098201548269,4210.727644811725,3967.1487444184527,4130.480289833999,4204.173140727934,4932.13933931851,5278.009271580579,4295.133203744497,4200.494102045641,4674.230074359784,5666.605975599779,4524.716423190635,4865.7305727464845,4540.831976905474,3618.0319271640365,4113.320198307265,6455.507545654207,4502.400515065907,4447.640130041229,4361.665247742313,5393.248305937841
5595.751210196932,4784.512496809866,4434.205002706196,4888.989130736223,5154.043183839214,4210.727644811725,3912.114644961469,4088.2330533612476,4146.788937217553,4932.13933931851,5278.009271580579,4293.100344585699,4200.494102045641,4674.230074359784,5665.679283683279,4524.716423190635,4844.816105130018,4540.831976905474,3618.0319271640365,4113.320198307265,6455.507545654207,4502.400515065907,4365.8409816495605,4326.253260869837,5393.248305937841
5545.425435113631,4784.512496809866,4434.205002706196,4774.840768556513,5154.043183839214,4210.727644811725,3912.114644961469,4050.3637797669667,4146.788937217553,4851.417006713769,5278.009271580579,4206.914241443725,4200.494102045641,4598.3423062361235,5665.679283683279,4471.763811408047,4833.169062611311,4505.146649112576,3618.0319271640365,4087.5689638279723,6455.507545654207,4502.400515065907,4356.66382503499,4324.004740446,5365.131029765669
5545.425435113631,4642.070445200285,4434.205002706196,4774.840768556513,4949.513846882679,4143.140048847381,3889.9844979846093,4050.3637797669667,4146.249704073569,4851.417006713769,5151.470974737328,4181.742399904626,4200.494102045641,4598.3423062361235,5386.542514007422,4471.763811408047,4833.169062611311,4446.735174957138,3618.0319271640365,4070.5425251682045,6455.507545654207,4434.920264514649,4352.128337068159,4261.3671296710745,5318.2890042569015
5534.160297194341,4642.070445200285,4434.205002706196,4774.840768556513,4949.513846882679,4143.140048847381,3889.9844979846093,4050.3637797669667,4092.9533462599616,4851.417006713769,5063.381902686098,4110.123235120794,4200.494102045641,4598.3423062361235,5386.542514007422,4471.763811408047,4816.600427160418,4446.735174957138,3578.7258284527193,4070.5425251682045,6455.507545654207,4434.920264514649,4280.602411659938,4261.3671296710745,5318.2890042569015
5448.828213533292,4642.070445200285,4407.689152743492,4774.733649921984,4949.513846882679,4143.140048847381,3889.9844979846093,4050.3637797669667,4081.2059486625085,4796.791764473612,4982.800759633636,4110.123235120794,4200.494102045641,4595.8801291212285,5355.147686000862,4439.831241378966,4816.600427160418,4446.735174957138,3578.7258284527193,4056.9170315169713,6224.466272793532,4434.858240226677,4280.602411659938,4258.231690663798,5317.468853654516
5448.828213533292,4642.070445200285,4372.693917565688,4707.241808455123,4949.513846882679,4131.53773675563,3885.053108957502,4050.3637797669667,4081.2059486625085,4761.835251105973,4982.800759633636,4110.123235120794,4200.494102045641,4595.8801291212285,5330.011727719189,4439.831241378966,4780.475251105371,4388.624844809039,3558.9030909724834,4056.9170315169713,6224.466272793532,4375.0210572055175,4242.359828955587,4258.231690663798,5294.916193222132
5448.828213533292,4642.070445200285,4372.693917565688,4631.591324507217,4949.513846882679,4081.2979596550013,3885.053108957502,4046.9853453382166,4081.2059486625085,4617.511593605022,4982.800759633636,4093.2452122676423,4151.951590049182,4595.8801291212285,5303.8195845070795,4439.831241378966,4780.475251105371,4388.624844809039,3558.9030909724834,3966.6197055161283,6224.466272793532,4363.22224247241,4242.359828955587,4244.023696548671,5190.080900495427
5365.772292733409,4633.371291744229,4279.679312573933,4609.820690499315,4848.950776855176,4028.0572690956733,3806.477757591674,4043.8690426747858,4081.2059486625085,4612.736588058298,4982.800759633636,4081.8054831618433,4151.951590049182,4576.549039817599,5303.8195845070795,4439.831241378966,4705.063404985911,4388.624844809039,3558.9030909724834,3966.6197055161283,6224.466272793532,4363.22224247241,4242.359828955587,4132.553151031132,5190.080900495427
5365.772292733409,4632.928559751309,4207.616555571407,4609.820690499315,4848.950776855176,4022.8587917099485,3806.477757591674,4000.00135816669,4016.3266382703196,4612.736588058298,4982.800759633636,4036.2030619842017,4128.5482607699,4574.096405932807,5303.8195845070795,4439.831241378966,4621.5103775953285,4304.166434704417,3558.9030909724834,3966.6197055161283,6062.57794320036,4363.22224247241,4232.144330255943,4115.574022003872,5190.080900495427
5251.683707813614,4615.837760564297,4207.616555571407,4583.03052079599,4848.950776855176,4022.8587917099485,3806.477757591674,4000.00135816669,4016.3266382703196,4612.736588058298,4775.809813760574,4017.889096766523,4082.957028828203,4563.39689128984,5303.8195845070795,4435.315919733504,4621.5103775953285,4304.166434704417,3558.9030909724834,3966.6197055161283,6062.57794320036,4363.22224247241,4232.144330255943,4115.574022003872,5190.080900495427
5251.683707813614,4536.253135797328,4207.616555571407,4555.057574422626,4848.950776855176,3916.7923185436966,3788.6613520555748,3996.110705238429,4016.3266382703196,4478.636330207055,4775.809813760574,4017.889096766523,3963.969951542097,4510.569583658878,5303.8195845070795,4435.315919733504,4621.5103775953285,4301.988810392268,3558.9030909724834,3966.6197055161283,6062.57794320036,4342.70893731963,4232.144330255943,4101.314164887205,5107.22597778871
5251.683707813614,4484.5225224369615,4207.616555571407,4468.520436317587,4798.192489301895,3916.7923185436966,3787.5370528110116,3996.110705238429,4014.8967309455597,4478.636330207055,4775.809813760574,4004.506679844323,3952.6516747096794,4510.569583658878,5303.8195845070795,4432.817896444493,4621.5103775953285,4301.988810392268,3558.9030909724834,3958.6918416417398,6062.57794320036,4342.70893731963,4226.749895842466,4101.314164887205,5107.22597778871
5251.683707813614,4469.14190233392,4207.616555571407,4468.520436317587,4788.377071408764,3866.5902786726665,3705.243160641791,3996.110705238429,3973.7502884773403,4478.636330207055,4705.657357922979,3970.557272330314,3924.6742816354836,4510.569583658878,5303.8195845070795,4358.531243310048,4621.5103775953285,4270.039346515979,3558.9030909724834,3914.143254004497,5997.858177528002,4323.207503810944,4226.749895842466,4101.314164887205,5107.22597778871
5170.617635953149,4466.278239818896,3985.9559724278374,4464.145596366783,4735.212354106494,3866.5902786726665,3705.243160641791,3905.439577938717,3973.7502884773403,4407.318553701569,4705.657357922979,3968.4173677617246,3868.325205000203,4509.326005288475,5303.8195845070795,4322.210117227596,4613.836418241394,4172.807783362052,3558.9030909724834,3847.9457577629187,5944.146550818687,4299.306051697638,4226.749895842466,4081.966286847518,5103.578882836693
5170.617635953149,4466.278239818896,3985.9559724278374,4464.145596366783,4735.212354106494,3864.2096987372997,3704.907632111602,3901.667556810722,3941.70717670544,4325.979468541184,4694.8069320936465,3968.4173677617246,3842.138691241794,4431.797698324741,5104.680755416846,4322.210117227596,4577.821460652753,4152.954641343748,3558.9030909724834,3803.1325818257346,5835.608641538187,4226.868762566923,4224.585745982656,4081.966286847518,5026.678780925012
4949.917694273035,4466.278239818896,3985.9559724278374,4464.145596366783,4735.212354106494,3864.2096987372997,3704.907632111602,3901.667556810722,3941.70717670544,4325.979468541184,4682.287332385033,3968.156228141107,3842.138691241794,4430.161056635252,5104.680755416846,4289.3135079229605,4571.623063408495,4152.954641343748,3558.9030909724834,3803.1325818257346,5835.608641538187,4226.868762566923,4203.1838770666245,4066.8730870213994,4932.038743856224
4949.917694273035,4398.314979309441,3985.9559724278374,4464.145596366783,4735.212354106494,3864.2096987372997,3704.907632111602,3828.4487646913653,3930.061208410018,4325.979468541184,4682.287332385033,3968.156228141107,3840.608386735469,4430.161056635252,5052.663652268377,4263.944754693731,4556.537459749068,4145.370316167938,3558.9030909724834,3768.880822825032,5835.608641538187,4192.461878218612,4157.035976379033,4054.736313546997,4874.413719276034
4949.917694273035,4380.192867560889,3984.4925784675943,4318.16080274842,4647.09131747045,3833.2701457747144,3704.907632111602,3828.4487646913653,3816.539880887536,4325.979468541184,4562.582211988143,3968.156228141107,3840.608386735469,4390.52462446195,5011.296657138544,4254.989362517092,4556.537459749068,4117.383770514146,3558.9030909724834,3768.880822825032,5719.970778118881,4192.461878218612,4073.2564028673933,4054.736313546997,4842.4672577219735
4949.917694273035,4380.192867560889,3984.4925784675943,4318.16080274842,4647.09131747045,3833.2701457747144,3692.74605739412,3828.4487646913653,3816.539880887536,4277.6776212725,4553.329180719564,3951.7986406937725,3840.608386735469,4390.52462446195,4955.597602085546,4254.989362517092,4542.226234355165,4092.482848668612,3558.9030909724834,3768.880822825032,5719.970778118881,4138.604304250099,4073.2564028673933,4034.826303873734,4839.64174902235
4949.917694273035,4380.192867560889,3984.4925784675943,4318.16080274842,4647.09131747045,3795.589247075447,3692.74605739412,3803.3866768901976,3816.539880887536,4277.6776212725,4463.285911738102,3884.7082771152054,3840.608386735469,4390.52462446195,4955.597602085546,4243.302282772034,4495.638194815338,4080.29736916992,3521.944952916051,3723.892814168168,5719.970778118881,4138.604304250099,4073.2564028673933,4016.8661166661577,4800.245500100564
4949.917694273035,4378.127136095076,3984.4925784675943,4318.16080274842,4612.543298553694,3781.5817758336775,3692.74605739412,3660.489005572007,3809.2831870231253,4259.8108619314335,4463.285911738102,3884.7082771152054,3840.608386735469,4371.449512317835,4850.564717418722,4243.302282772034,4495.638194815338,4018.0899680535076,3520.665650192966,3684.1983372300183,5719.970778118881,4138.604304250099,4073.2564028673933,3995.9198982484477,4624.729438876948
4949.917694273035,4378.127136095076,3984.4925784675943,4318.16080274842,4587.241307413391,3781.5817758336775,3650.9610002576237,3660.489005572007,3796.497010191155,4259.8108619314335,4463.285911738102,3871.1158378852324,3752.177631871162,4365.555770128414,4850.564717418722,4243.302282772034,4495.638194815338,3932.331156095398,3520.665650192966,3666.9211413593885,5719.970778118881,4138.604304250099,4073.2564028673933,3944.214825349978,4624.729438876948
4935.027225273212,4323.788436966744,3984.4925784675943,4259.161123770432,4587.241307413391,3773.4483985278343,3650.9610002576237,3660.489005572007,3796.497010191155,4259.8108619314335,4463.285911738102,3871.1158378852324,3752.177631871162,4277.194185278406,4850.564717418722,4187.787710942848,4490.897965340277,3894.5658039066984,3520.665650192966,3656.2969607395116,5719.970778118881,4116.377682833152,4073.2564028673933,3944.214825349978,4624.729438876948
4935.027225273212,4268.460222455124,3984.4925784675943,4259.161123770432,4587.241307413391,3743.5894767776294,3637.592488501321,3660.489005572007,3760.6064366701767,4259.8108619314335,4425.197069048085,3871.1158378852324,3752.177631871162,4277.194185278406,4843.581955268971,4187.787710942848,4443.5697678369925,3894.5658039066984,3520.665650192966,3656.2969607395116,5685.412254886993,4108.8077316149665,3988.7517538017337,3870.689315893907,4620.224184297673
4862.026476208044,4268.460222455124,3984.4925784675943,4259.161123770432,4531.575298569367,3743.5894767776294,3637.592488501321,3660.489005572007,3734.858157239137,4259.8108619314335,4152.850085433317,3863.9719830397325,3749.9211626327983,4277.194185278406,4843.581955268971,4171.217975380165,4398.071065106057,3894.5658039066984,3486.3753904232267,3648.701586581788,5685.412254886993,4108.8077316149665,3988.7517538017337,3857.9526006845963,4512.522280193623
4857.112950012621,4132.909848704065,3984.4925784675943,4167.011176466374,4531.575298569367,3742.935127593946,3580.533646708368,3634.4933898714426,3732.439024459143,4212.6204792127355,4152.850085433317,3842.0231490537417,3726.0271814326625,4277.194185278406,4752.746634964349,4167.948620284378,4398.071065106057,3894.5658039066984,3470.967176984493,3648.701586581788,5517.780248624446,4099.845593656411,3988.7517538017337,3818.955710995449,4512.522280193623
4834.570117959622,4132.909848704065,3984.4925784675943,4167.011176466374,4531.575298569367,3732.926403730996,3572.2716604456473,3634.4933898714426,3726.2792887969545,4212.6204792127355,4152.850085433317,3842.0231490537417,3726.0271814326625,4277.194185278406,4667.12575543651,4167.948620284378,4398.071065106057,3894.5658039066984,3470.967176984493,3648.701586581788,5517.780248624446,4065.818583163489,3988.7517538017337,3818.955710995449,4470.699025245956
4784.748536850765,4131.503730365279,3946.77273404633,4167.011176466374,4452.982081109747,3701.119921570576,3572.2716604456473,3634.4933898714426,3726.2792887969545,4135.1228501007645,4152.850085433317,3828.129911879636,3726.0271814326625,4277.194185278406,4667.12575543651,4103.776462382241,4398.071065106057,3866.0424281359956,3470.967176984493,3648.701586581788,5517.780248624446,4065.818583163489,3957.7259065846056,3809.946754949961,4470.699025245956
4710.156234291748,4131.503730365279,3946.77273404633,4132.589071768799,4452.982081109747,3659.089786860341,3526.458039956619,3634.4933898714426,3685.6993647604313,4135.1228501007645,4152.850085433317,3803.8239584058465,3690.158330519106,4277.194185278406,4667.12575543651,4103.776462382241,4388.804026119889,3866.0424281359956,3469.1237590115416,3648.701586581788,5330.377842135867,4061.770382136084,3941.082547646543,3809.946754949961,4470.699025245956
4703.324419894045,4116.283884703938,3928.4581861442275,4132.589071768799,4362.49902305901,3659.089786860341,3526.458039956619,3634.4933898714426,3665.893744546862,4131.597157215243,4152.850085433317,3803.8239584058465,3684.205835209662,4260.162545551599,4651.748434135883,4030.5735805149816,4388.804026119889,3866.0424281359956,3469.1237590115416,3616.6184436383755,5255.072632979856,4044.780839511361,3915.964896961749,3802.970301703816,4470.699025245956
4703.324419894045,4097.3938504611,3879.3500316627733,4116.801558479556,4357.756291785732,3659.089786860341,3526.458039956619,3634.4933898714426,3665.893744546862,4120.156703453084,4152.850085433317,3803.8239584058465,3684.205835209662,4150.563383423159,4593.346860500493,4030.5735805149816,4388.804026119889,3815.78643857485,3465.653819810241,3522.137792333504,5255.072632979856,4039.69865567056,3915.964896961749,3794.1031446998304,4452.4532847045375
4647.425425676238,4051.7533384218877,3860.598150409781,4116.801558479556,4287.303055028419,3652.012712421558,3526.458039956619,3634.4933898714426,3652.776210845228,4120.156703453084,4152.850085433317,3796.1732285103,3684.205835209662,4150.563383423159,4545.475411712712,4030.5735805149816,4373.091523979991,3815.78643857485,3465.653819810241,3522.137792333504,5255.072632979856,4039.69865567056,3911.851559309667,3794.1031446998304,4333.548292234015
4647.425425676238,4031.552353755957,3860.598150409781,4104.4251502131665,4287.303055028419,3637.4851909970203,3526.458039956619,3594.0852752657393,3652.776210845228,4120.156703453084,4142.014605795057,3790.5540068366367,3671.0921688035796,4150.563383423159,4545.475411712712,4030.5735805149816,4331.39934866331,3787.5672234434587,3459.6891761906863,3522.137792333504,5255.072632979856,4004.1395521490713,3873.6238410307806,3733.505985675064,4333.548292234015
4647.425425676238,4031.552353755957,3860.598150409781,4073.7322262181847,4287.303055028419,3631.2092778155265,3516.39541083395,3594.0852752657393,3645.6215391872456,4070.533928439687,4142.014605795057,3741.5400062370727,3671.0921688035796,4150.563383423159,4545.475411712712,4030.5735805149816,4324.445978876198,3787.5672234434587,3429.291024000661,3522.137792333504,5157.600539833316,4004.1395521490713,3863.177239863512,3733.505985675064,4333.548292234015
4647.425425676238,4031.552353755957,3847.200093767561,4073.7322262181847,4256.87400899341,3631.2092778155265,3491.1407275435267,3548.7375401716317,3645.6215391872456,4070.533928439687,4051.696478642734,3741.5400062370727,3671.0921688035796,4150.563383423159,4545.475411712712,4030.5735805149816,4321.243792889991,3731.3513689321617,3429.291024000661,3482.3986179680783,4994.625578578591,3950.9276275175143,3848.6178906130635,3730.4059464841225,4333.548292234015
4647.425425676238,4031.552353755957,3847.200093767561,4030.4085150664428,4256.87400899341,3631.2092778155265,3481.8659636519237,3470.6141423561303,3645.6215391872456,4070.533928439687,3948.4028423392124,3741.5400062370727,3644.1665206110897,4130.951600261398,4466.451237416456,3977.9514765212334,4278.8022122681905,3731.3513689321617,3429.291024000661,3482.3986179680783,4994.625578578591,3950.9276275175143,3835.8595087388967,3729.9690987270315,4333.548292234015
4647.425425676238,3991.411170591422,3847.200093767561,4010.255020354246,4256.87400899341,3629.3329392411206,3478.514335306059,3470.6141423561303,3568.379671255001,4070.533928439687,3948.4028423392124,3727.841911344696,3608.346002990137,4122.323041883359,4466.451237416456,3917.18479562005,4278.8022122681905,3721.0846577179414,3429.291024000661,3482.3986179680783,4994.625578578591,3950.9276275175143,3835.8595087388967,3708.9466379933856,4276.423319322664
4544.169770306138,3987.4020910378354,3843.019999584122,4010.255020354246,4256.87400899341,3629.3329392411206,3435.5388887403765,3470.6141423561303,3567.823958745931,4070.533928439687,3948.4028423392124,3727.841911344696,3608.346002990137,4122.323041883359,4394.936973053529,3917.18479562005,4278.8022122681905,3657.884820581442,3429.291024000661,3430.701266602915,4994.625578578591,3942.966017106045,3826.4652929332897,3708.9466379933856,4237.25168900688
4544.169770306138,3980.8832817649804,3795.8640156219153,3927.2565876791814,4192.921787731719,3628.0942473744562,3379.452903834373,3470.6141423561303,3536.2396741651846,4070.1100832978527,3948.4028423392124,3709.8954820053864,3608.346002990137,4107.068095300789,4394.936973053529,3917.18479562005,4207.338855845371,3657.884820581442,3429.291024000661,3430.701266602915,4718.902115075878,3942.966017106045,3792.5173527785637,3708.9466379933856,4229.488141077536
4544.169770306138,3928.8927930097725,3795.8640156219153,3918.3282731497343,4192.921787731719,3623.978597727265,3360.5979047628753,3470.6141423561303,3536.2396741651846,4015.6838560077376,3948.4028423392124,3660.651903793151,3559.717193033718,4107.068095300789,4351.317946166157,3880.908858383658,4207.338855845371,3657.884820581442,3429.291024000661,3414.0351600012145,4718.902115075878,3905.1346034817534,3741.945600595868,3705.9444913830016,4229.488141077536
4544.169770306138,3928.8927930097725,3795.8640156219153,3916.314524337569,4192.921787731719,3616.1948214229947,3360.5979047628753,3470.6141423561303,3517.6575430784587,4015.6838560077376,3948.4028423392124,3640.037193550136,3527.0666798897983,4107.068095300789,4349.682793388645,3880.908858383658,4158.798972025532,3594.08663094257,3429.291024000661,3414.0351600012145,4718.902115075878,3905.1346034817534,3741.945600595868,3632.9691996512647,4229.488141077536
4514.584948791717,3915.1427410669494,3795.2614673755434,3916.314524337569,4158.782663957054,3616.1948214229947,3360.5979047628753,3470.6141423561303,3517.6575430784587,4015.6838560077376,3926.9186401829006,3640.037193550136,3527.0666798897983,4097.694156330695,4349.682793388645,3880.908858383658,4151.375722242543,3594.08663094257,3429.291024000661,3414.0351600012145,4718.902115075878,3905.1346034817534,3736.3947656461555,3608.543621995495,4228.2715105841635
4389.635195078934,3915.1427410669494,3760.090795143391,3916.314524337569,4158.782663957054,3601.0164863287782,3360.5979047628753,3465.28086916159,3517.6025079390156,4015.6838560077376,3890.7090504575895,3633.747082951193,3521.8133023244245,3997.9585245461612,4349.682793388645,3880.908858383658,4151.375722242543,3594.08663094257,3429.291024000661,3414.0351600012145,4718.902115075878,3899.6019619572553,3724.4119452650434,3608.543621995495,4117.857640125127
4389.635195078934,3866.2284491218206,3736.735542335425,3916.314524337569,4140.867902215162,3570.6426137986837,3322.7876625165,3465.28086916159,3431.4416554224836,4008.3973929962895,3890.7090504575895,3609.1887090882437,3521.8133023244245,3997.9585245461612,4178.154050852478,3879.095766952556,4127.115739538514,3594.08663094257,3426.6679475990513,3414.0351600012145,4695.0269165239315,3899.6019619572553,3611.2728411564312,3608.543621995495,4117.857640125127
4389.635195078934,3834.965869881705,3726.4526732658214,3916.314524337569,4112.166791264011,3508.3320722834637,3317.73196731969,3450.725489110391,3426.6180434331773,3975.7450049872486,3890.7090504575895,3575.5889914464688,3498.7060223405288,3971.298177821709,4021.9908242888723,3871.2281154270167,4127.115739538514,3592.779284507951,3426.6679475990513,3387.693225172924,4695.0269165239315,3889.013796278565,3611.2728411564312,3572.2027625566084,4117.857640125127
4370.561133802141,3834.965869881705,3726.4526732658214,3873.26447689182,4098.064543584827,3508.3320722834637,3317.73196731969,3450.725489110391,3405.4877984963778,3972.7912121542686,3890.7090504575895,3575.5889914464688,3486.739659175302,3971.298177821709,4021.9908242888723,3871.2281154270167,4127.115739538514,3592.779284507951,3426.6679475990513,3387.693225172924,4579.670630113626,3831.912028268189,3595.552547970098,3572.2027625566084,4117.857640125127
4370.561133802141,3834.965869881705,3717.6661660550853,3852.3414660863,4050.7924318521705,3508.3320722834637,3277.7371316438175,3426.846863887442,3405.4877984963778,3946.937293938021,3808.0998261212694,3574.9103529223657,3486.739659175302,3963.280769430273,4021.9908242888723,3845.2802299239065,4043.094136262499,3575.591105163109,3395.880440379486,3354.468537906828,4579.670630113626,3831.912028268189,3595.552547970098,3572.2027625566084,4117.857640125127
4278.576702024313,3833.1355924841027,3717.6661660550853,3812.4349511793002,4032.891171709227,3508.3320722834637,3272.269927245534,3413.725334094569,3405.4877984963778,3940.7357051985523,3808.0998261212694,3520.557532669128,3486.739659175302,3945.5779420783774,4021.9908242888723,3845.2802299239065,4043.094136262499,3543.3487581468244,3395.880440379486,3354.468537906828,4579.670630113626,3825.4614523340083,3595.552547970098,3572.2027625566084,4099.923444190554
4244.1539215550565,3755.7860380267907,3700.0234124113404,3806.9931084887317,4026.7273365961623,3506.273412501483,3272.269927245534,3413.725334094569,3405.4877984963778,3874.3447803970084,3779.219155001795,3500.0388849114343,3467.227856518451,3945.5779420783774,4021.9908242888723,3845.2802299239065,3991.568775020529,3543.3487581468244,3395.880440379486,3348.1307686212235,4398.1984845436655,3818.829136055113,3595.552547970098,3535.9462675071613,4081.3695824986153
4244.1539215550565,3755.7860380267907,3663.1229270634576,3806.9931084887317,3947.6745891415812,3506.273412501483,3272.269927245534,3382.757223867296,3405.4877984963778,3874.3447803970084,3743.25362634883,3500.0388849114343,3467.227856518451,3945.5779420783774,4021.9908242888723,3819.135009137568,3985.7946722930983,3485.6673884922384,3395.880440379486,3344.3144525184794,4396.844400333,3818.829136055113,3576.6544209696394,3535.9462675071613,4065.4147719654834
4244.029915908039,3755.7860380267907,3663.1229270634576,3806.9931084887317,3947.6745891415812,3504.3599268754233,3255.687407839492,3366.6604180243285,3405.4877984963778,3874.3447803970084,3743.25362634883,3500.0388849114343,3467.227856518451,3939.997787205398,4008.5973148869443,3731.239528352252,3976.5640656178075,3469.611796326002,3395.880440379486,3310.6027240602657,4300.171345003114,3783.326236060393,3554.875947046703,3506.4322529242318,4065.4147719654834
4208.377793780061,3755.7860380267907,3663.1229270634576,3762.2800695429896,3931.3757308876407,3483.8841763004993,3255.687407839492,3366.6604180243285,3389.1374933385696,3874.3447803970084,3743.25362634883,3436.4068263101863,3467.227856518451,3912.1958639962804,3946.3251493893813,3731.239528352252,3976.5640656178075,3469.611796326002,3390.693461514681,3310.6027240602657,4277.89783615244,3773.6026105088085,3523.4455883670626,3506.4322529242318,4048.2790547698314
4120.742283779915,3755.7860380267907,3663.1229270634576,3755.6894175348234,3931.3757308876407,3470.74471378589,3255.687407839492,3282.427826305789,3381.740466966681,3874.3447803970084,3707.015727356707,3436.4068263101863,3465.8119136054765,3912.1958639962804,3911.6315340348146,3715.202101956247,3925.2973010444985,3469.611796326002,3390.693461514681,3310.6027240602657,4277.89783615244,3773.6026105088085,3522.9190514369175,3506.4322529242318,4011.6048072498406
4120.742283779915,3704.075968454268,3663.1229270634576,3755.6894175348234,3908.5293716627352,3470.74471378589,3255.687407839492,3282.427826305789,3338.2355771402713,3851.976267726029,3707.015727356707,3436.4068263101863,3422.107619789902,3912.1958639962804,3875.206945885133,3715.202101956247,3893.9173456282497,3469.611796326002,3370.3189800208097,3306.0014518468474,4277.89783615244,3761.677480403957,3489.272195743858,3506.4322529242318,3895.2597092934657
4098.068401080402,3704.075968454268,3647.5913852836734,3662.6540115132448,3908.5293716627352,3470.74471378589,3219.219361234509,3282.427826305789,3338.2355771402713,3833.942450495958,3707.015727356707,3436.4068263101863,3403.038173677143,3897.842557721313,3871.62610441385,3715.202101956247,3849.6989024029654,3462.1672616343603,3370.3189800208097,3306.0014518468474,4271.596188053136,3734.225012540747,3477.648139584468,3482.9267185142903,3895.2597092934657
4050.955528145244,3696.4143911329647,3607.138070767412,3645.639521427258,3908.5293716627352,3430.178370995729,3185.82570048562,3282.427826305789,3293.8233197343325,3833.942450495958,3707.015727356707,3428.1847008264594,3395.4979014963487,3873.109586860581,3870.5832319769297,3715.202101956247,3849.6989024029654,3387.5804057832183,3370.3189800208097,3276.4582909457145,4271.596188053136,3680.5059740114634,3432.88166012947,3482.9267185142903,3895.2597092934657
4050.955528145244,3696.4143911329647,3607.138070767412,3645.639521427258,3901.4628074098105,3430.178370995729,3185.82570048562,3282.427826305789,3293.8233197343325,3800.4115336382365,3707.015727356707,3428.1847008264594,3391.519324372504,3869.4588704513253,3850.95511249817,3713.9025413882,3777.3424925594322,3387.5804057832183,3370.3189800208097,3276.4582909457145,4271.596188053136,3680.5059740114634,3432.88166012947,3482.9267185142903,3895.2597092934657
4047.56434682902,3678.541644314072,3603.754999394394,3645.639521427258,3901.4628074098105,3430.178370995729,3185.82570048562,3282.427826305789,3293.8233197343325,3800.4115336382365,3690.086746643501,3405.4338134021064,3391.519324372504,3858.6374752239817,3784.0405913311497,3713.9025413882,3777.3424925594322,3379.1480242635193,3370.3189800208097,3276.4582909457145,4240.40883462202,3680.5059740114634,3432.88166012947,3482.9267185142903,3836.9719958892842
4008.469586566531,3678.541644314072,3580.067926294909,3645.639521427258,3901.4628074098105,3430.178370995729,3185.82570048562,3282.427826305789,3293.8233197343325,3785.1444419291183,3646.7973914033983,3405.0786240491643,3377.133317274329,3832.9363647491773,3784.0405913311497,3680.265491871428,3777.3424925594322,3379.1480242635193,3370.3189800208097,3235.1452148964204,4135.95352481487,3638.069713704662,3364.884409048226,3482.9267185142903,3836.9719958892842
4008.469586566531,3662.693800994294,3580.016799604458,3585.568802197839,3851.2618224885005,3430.178370995729,3183.6837927879947,3282.427826305789,3293.8233197343325,3785.1444419291183,3623.0631399698623,3387.7302707316676,3377.133317274329,3803.9107284563215,3784.0405913311497,3679.0197319184026,3698.046605661056,3379.1480242635193,3370.3189800208097,3235.1452148964204,4123.865225375841,3638.069713704662,3351.723864591295,3482.9267185142903,3836.9719958892842
3979.6844480713116,3662.693800994294,3555.653591973513,3585.568802197839,3851.2618224885005,3414.1316615862197,3180.2766582619392,3282.427826305789,3293.8233197343325,3759.9431899868005,3623.0631399698623,3373.0196376380195,3346.089665586397,3803.9107284563215,3745.5897775917347,3651.66442356255,3698.046605661056,3379.1480242635193,3370.3189800208097,3235.1452148964204,4122.352933972772,3634.518454171587,3351.723864591295,3482.9267185142903,3836.7867215684896
3968.206076524115,3629.509978471863,3555.653591973513,3585.568802197839,3788.876607143512,3414.1316615862197,3177.650387560355,3273.535820100772,3293.8233197343325,3741.7877160090393,3562.633848127488,3373.0196376380195,3346.089665586397,3790.0482900979655,3745.5897775917347,3643.6870824888365,3698.046605661056,3379.1480242635193,3370.3189800208097,3190.2513448035834,4098.8534089621235,3614.326154228925,3351.723864591295,3470.331675997133,3717.463681762477
3968.206076524115,3604.74915449364,3555.653591973513,3564.6220548735355,3788.876607143512,3414.1316615862197,3177.650387560355,3273.535820100772,3278.999675069252,3741.7877160090393,3562.633848127488,3357.106096655253,3304.917368717501,3779.4288564903172,3745.5897775917347,3643.6870824888365,3689.5918776650396,3379.1480242635193,3370.3189800208097,3190.2513448035834,4098.8534089621235,3614.326154228925,3351.723864591295,3445.3669971188647,3711.2617900093296
3968.206076524115,3587.2258512186954,3513.345343460972,3554.6899041249676,3762.4939204767525,3414.1316615862197,3160.4981661465836,3243.445064225445,3278.999675069252,3729.718832923336,3541.753214288505,3353.8861694642155,3304.917368717501,3779.4288564903172,3745.5897775917347,3642.331998796215,3689.5918776650396,3379.1480242635193,3370.3189800208097,3190.2513448035834,4048.3183314205903,3603.854942391899,3351.723864591295,3445.3669971188647,3711.2617900093296
3968.206076524115,3587.2258512186954,3508.460227037453,3538.4446395006335,3762.4939204767525,3413.7113442726195,3159.4261184202805,3243.445064225445,3255.3651456611015,3729.718832923336,3541.753214288505,3343.3022337317243,3297.165700564976,3769.8979998999193,3705.8905099925823,3635.163294605897,3689.5918776650396,3376.333605230394,3370.3189800208097,3190.2513448035834,4039.0540612877676,3603.854942391899,3333.112621162347,3444.8664811991766,3711.2617900093296
3968.206076524115,3570.091824829932,3491.8436592055386,3538.4446395006335,3762.4939204767525,3396.102852090804,3154.7776698601947,3243.445064225445,3255.3651456611015,3678.7966315769145,3541.753214288505,3317.703565946969,3240.3263852910263,3763.8135150399694,3705.8905099925823,3632.3640393667874,3689.5918776650396,3346.207835753242,3370.3189800208097,3190.2513448035834,3992.4655512748045,3603.854942391899,3333.112621162347,3436.529990075579,3696.326180520099
3968.206076524115,3548.4985507738866,3469.251459913973,3538.4446395006335,3749.5215674209576,3380.593073846713,3153.4513228858714,3197.8379549770248,3232.7482776496745,3655.569570496068,3541.753214288505,3317.703565946969,3240.3263852910263,3753.251259359904,3705.8905099925823,3619.0059500351354,3682.4416511212867,3346.207835753242,3370.3189800208097,3190.2513448035834,3992.4655512748045,3576.642876211195,3326.3906366772667,3399.2611268238966,3696.326180520099
3968.206076524115,3548.4985507738866,3469.251459913973,3530.954378214083,3749.5215674209576,3380.593073846713,3153.4513228858714,3197.8379549770248,3232.7482776496745,3655.569570496068,3502.8728866645306,3317.703565946969,3235.4117306321496,3753.251259359904,3659.444886027545,3619.0059500351354,3640.692135238867,3346.207835753242,3370.3189800208097,3190.2513448035834,3989.596366419252,3576.207716060269,3313.1692248993886,3399.2611268238966,3653.5092754023835
3968.206076524115,3548.4985507738866,3461.2934316080605,3530.954378214083,3749.5215674209576,3350.342910362472,3139.660102628912,3197.8379549770248,3199.293941721523,3614.019183947087,3502.8728866645306,3283.416605433938,3224.3663494481207,3746.984642444292,3659.444886027545,3619.0059500351354,3640.692135238867,3346.207835753242,3358.7741103018466,3190.2513448035834,3989.596366419252,3575.3116538542713,3312.5316099715665,3398.166285783888,3653.5092754023835
3951.2408609031004,3548.4985507738866,3442.940678065431,3530.954378214083,3749.5215674209576,3320.729306246928,3139.660102628912,3197.8379549770248,3183.7661504924054,3614.019183947087,3487.9362622394224,3283.416605433938,3224.3663494481207,3701.407483576107,3659.444886027545,3619.0059500351354,3640.692135238867,3346.207835753242,3358.7741103018466,3175.9127634194074,3978.5806083548728,3561.6853657095435,3304.0041867972586,3367.8576603696993,3653.5092754023835
3914.7390563742083,3538.978048953841,3442.940678065431,3522.041962796542,3715.7276516003617,3320.729306246928,3118.9743941177344,3197.8379549770248,3183.7661504924054,3614.019183947087,3482.1398261574914,3255.4180447422746,3224.3663494481207,3699.5354842748357,3654.750822600298,3592.64902122824,3547.2131359939995,3323.8833892186735,3358.7741103018466,3175.9127634194074,3941.8308834811605,3528.165701421629,3304.0041867972586,3367.8576603696993,3653.5092754023835
3870.90223682345,3512.744454429852,3429.6249117221446,3487.97601327466,3682.5994268847585,3320.729306246928,3096.3816803378854,3186.507558868542,3183.7661504924054,3614.019183947087,3458.5203481249328,3255.4180447422746,3222.326939998512,3670.3771037042525,3654.750822600298,3592.64902122824,3547.2131359939995,3309.9474701611493,3358.7741103018466,3168.4392695606207,3938.887500009303,3528.165701421629,3261.145185771996,3365.527892682692,3653.5092754023835
3812.5421511437044,3512.744454429852,3429.6249117221446,3487.97601327466,3682.5994268847585,3280.2499338069038,3096.3816803378854,3184.129619698205,3183.7661504924054,3585.113587904965,3446.503783327493,3255.4180447422746,3222.326939998512,3640.268626540509,3651.828504945265,3567.884313290407,3547.2131359939995,3308.8872541907376,3358.7741103018466,3168.4392695606207,3894.352283744898,3514.499551990307,3261.145185771996,3365.527892682692,3606.2737768996826
3782.70618735478,3512.744454429852,3417.741886174093,3472.086190920307,3681.0661944864078,3280.2499338069038,3094.9091801562445,3184.129619698205,3174.106660904452,3573.892617967717,3424.593818662296,3255.4180447422746,3222.326939998512,3639.1122477235454,3618.0694492890225,3559.278919247959,3533.6283131653518,3308.8872541907376,3358.7741103018466,3168.4392695606207,3826.924639525945,3512.8983167229953,3261.145185771996,3365.527892682692,3606.2737768996826
3740.5668045411803,3499.3749833684165,3402.534788832842,3472.086190920307,3600.6884647192546,3280.2499338069038,3085.035472748139,3181.3392937383805,3163.9840880370584,3573.892617967717,3424.593818662296,3255.205498989272,3190.9042844692376,3639.1122477235454,3618.0694492890225,3554.4655564941822,3533.6283131653518,3301.2823964745007,3358.7741103018466,3150.290670702565,3826.924639525945,3487.3578789604926,3261.145185771996,3311.5603453989943,3606.2737768996826
3740.5668045411803,3499.298438773175,3359.9945439987714,3469.142993783636,3590.8039914649885,3279.492638994543,3085.035472748139,3151.781175796272,3158.705992957586,3571.978355085317,3424.593818662296,3255.205498989272,3190.9042844692376,3630.2090975187202,3564.9116348103926,3549.4986825451115,3448.2729492636313,3301.2823964745007,3358.7741103018466,3142.4885219606435,3821.167305763171,3487.3578789604926,3261.145185771996,3311.5603453989943,3606.2737768996826
3740.5668045411803,3499.298438773175,3359.9945439987714,3401.94938972258,3590.8039914649885,3262.2541925296573,3056.410192710771,3125.3036188574924,3158.5304721311127,3538.8982241781646,3410.336950870303,3250.911226878667,3184.5351798143743,3630.2090975187202,3564.9116348103926,3549.4986825451115,3448.2729492636313,3271.986587776308,3358.7741103018466,3124.244172617723,3788.1090977929803,3457.3165578555236,3261.145185771996,3311.5603453989943,3606.2737768996826
3740.5668045411803,3497.6288556003346,3359.9945439987714,3401.94938972258,3563.6341641395106,3249.367977157761,3056.410192710771,3125.3036188574924,3143.031123752551,3513.817998413864,3394.256074679841,3250.911226878667,3184.5351798143743,3614.6276575637703,3564.9116348103926,3549.4986825451115,3448.2729492636313,3271.986587776308,3354.856515781966,3123.3810495679522,3788.1090977929803,3457.3165578555236,3239.809145945102,3311.5603453989943,3606.2737768996826
3726.9239702426767,3446.516702606559,3347.6634831785123,3401.94938972258,3514.292268951032,3249.367977157761,3056.410192710771,3125.3036188574924,3143.031123752551,3513.817998413864,3394.1639703718665,3236.806006744747,3175.131543672442,3612.636269718945,3564.9116348103926,3549.4986825451115,3448.2729492636313,3271.986587776308,3354.856515781966,3105.9876824150215,3775.2905627737464,3457.3165578555236,3216.97231785873,3311.5603453989943,3577.4342002060503
3726.9239702426767,3412.0050436933298,3330.8580477871683,3398.1681234105117,3514.292268951032,3242.4237673341386,3046.5615750924617,3111.8744953452087,3126.7315936755604,3513.817998413864,3394.1639703718665,3236.806006744747,3168.088146772896,3583.950609255245,3559.7787617959225,3525.8140670621005,3448.2729492636313,3271.986587776308,3354.856515781966,3096.438901313024,3775.2905627737464,3457.3165578555236,3216.97231785873,3304.7160720452453,3577.4342002060503
3713.513668230963,3411.8943005609303,3330.8580477871683,3398.1681234105117,3513.695150288059,3242.4237673341386,3046.5615750924617,3109.8494429596494,3123.263432540868,3494.185115801971,3394.1639703718665,3236.806006744747,3141.1483770876434,3583.950609255245,3557.574404373842,3491.2807414660774,3448.2729492636313,3271.986587776308,3354.856515781966,3095.7695015706813,3655.8109599561417,3452.456698589721,3216.97231785873,3304.7160720452453,3527.8062031080244
3670.0835382011237,3411.8943005609303,3311.3035813494816,3396.8433379917383,3503.8823858529577,3219.4007550327724,3036.983377452501,3101.6163111993174,3121.4109048292353,3451.2640520408136,3394.1639703718665,3236.806006744747,3141.1483770876434,3582.7404729882865,3500.646522400834,3491.2807414660774,3448.2729492636313,3271.986587776308,3354.856515781966,3095.7695015706813,3634.286811417055,3452.456698589721,3216.220190753357,3295.8032579930837,3527.8062031080244
3670.0835382011237,3399.048861425862,3311.3035813494816,3387.464801763217,3479.9828092479147,3219.4007550327724,3025.668013715469,3101.6163111993174,3096.2059482340806,3451.2640520408136,3388.341325183887,3236.806006744747,3097.216768497463,3580.5670291470983,3383.311924892778,3426.1315103754123,3448.2729492636313,3268.6173993783914,3354.856515781966,3095.7695015706813,3634.286811417055,3450.883128334447,3216.220190753357,3295.8032579930837,3527.8062031080244
3623.77743093188,3399.048861425862,3308.6075835732904,3374.35341103577,3479.9828092479147,3217.059480424514,3025.668013715469,3004.5482475025274,3096.114659840897,3414.931862007378,3277.910726292131,3200.173787993038,3097.216768497463,3580.5670291470983,3383.311924892778,3426.1315103754123,3448.2729492636313,3268.6173993783914,3354.856515781966,3095.7695015706813,3634.286811417055,3442.8996637488863,3156.2077525245436,3292.3978000839506,3527.8062031080244
3623.77743093188,3394.2782281302707,3302.797328437718,3370.9927274051397,3423.1796579409543,3200.8080422509415,3025.668013715469,3004.5482475025274,3096.114659840897,3404.6491293504405,3277.910726292131,3200.173787993038,3097.216768497463,3555.7904426222785,3383.311924892778,3414.6413639749453,3448.2729492636313,3243.79510197131,3354.856515781966,3063.3507458484282,3634.286811417055,3438.462039537624,3156.2077525245436,3292.333394295432,3507.7754036845745
3623.77743093188,3384.5322604966823,3274.3319848914416,3342.696607052071,3406.3106103468026,3192.3278709899832,3025.668013715469,3004.5482475025274,3088.1966880292184,3401.6472091396795,3277.910726292131,3200.173787993038,3097.216768497463,3547.0698319070275,3383.311924892778,3414.6413639749453,3395.2561201868034,3243.79510197131,3354.856515781966,3063.3507458484282,3634.286811417055,3409.121814953586,3156.2077525245436,3292.333394295432,3497.689896448986
3511.7130728834636,3384.5322604966823,3274.3319848914416,3342.696607052071,3406.3106103468026,3192.3278709899832,3010.915264348072,3004.5482475025274,3088.1966880292184,3401.6472091396795,3277.910726292131,3194.396693922665,3078.8212927513305,3539.47101018893,3383.311924892778,3399.1270776476767,3395.2561201868034,3223.5964455616077,3354.856515781966,3063.3507458484282,3634.286811417055,3409.121814953586,3156.2077525245436,3280.2629996402484,3487.679075673796
3511.7130728834636,3384.5322604966823,3263.0026897368634,3301.607614019418,3406.3106103468026,3171.537625264998,3010.915264348072,3004.5482475025274,3088.1966880292184,3392.624326991672,3277.910726292131,3190.433631175361,3078.8212927513305,3523.2906008352033,3334.3332221352966,3399.1270776476767,3395.2561201868034,3218.5197104502004,3354.856515781966,3055.255753190313,3634.286811417055,3409.121814953586,3156.2077525245436,3275.441104582751,3487.679075673796
3511.7130728834636,3301.783315776712,3263.0026897368634,3284.2958362441914,3391.1671278698227,3171.537625264998,3010.915264348072,3004.5482475025274,3087.535456338077,3392.624326991672,3245.2406485232077,3190.433631175361,3078.8212927513305,3519.857376874589,3334.3332221352966,3391.2965856404257,3375.935447226686,3218.5197104502004,3354.856515781966,3055.255753190313,3599.6851997989543,3385.2711417515716,3156.2077525245436,3256.435240527435,3471.422921773335
3511.7130728834636,3301.783315776712,3249.111281368892,3266.2750311850023,3391.1671278698227,3171.537625264998,3000.6257071374694,3004.5482475025274,3081.772730325904,3380.7741324287877,3245.2406485232077,3190.42636435413,3077.388096895358,3453.0746417859114,3334.3332221352966,3391.2965856404257,3375.935447226686,3210.3883790340183,3354.856515781966,3055.255753190313,3594.060296790387,3372.0589187806486,3156.2077525245436,3245.8026260699253,3471.422921773335
3511.7130728834636,3301.783315776712,3249.111281368892,3245.3345768891786,3391.1671278698227,3155.0115347656515,2990.5749232562503,3001.865443612046,3074.5461022792774,3380.7741324287877,3245.2406485232077,3189.329578072673,3076.746540015359,3453.0746417859114,3302.5448200429246,3388.9137010629274,3375.935447226686,3205.2536001152243,3354.856515781966,3052.8676648893165,3532.4195619303196,3356.321361609647,3156.2077525245436,3245.8026260699253,3471.422921773335
3500.591569792158,3301.783315776712,3218.8059098210497,3245.3345768891786,3358.1698734935644,3140.1765917248013,2990.5749232562503,2991.2540238530355,3073.9249995839373,3338.383410930801,3245.2406485232077,3189.329578072673,3057.725659307591,3453.0746417859114,3297.3748791084618,3374.9438825201896,3333.3508556082684,3181.771223025074,3354.856515781966,3052.8676648893165,3532.4195619303196,3355.0772413375503,3140.8710475706525,3213.038226686978,3471.422921773335
3500.591569792158,3291.9476849131725,3177.2294504064275,3245.3345768891786,3358.1698734935644,3131.807849341058,2990.5749232562503,2991.2540238530355,3069.091671980434,3338.383410930801,3245.2406485232077,3189.329578072673,3057.725659307591,3453.0746417859114,3297.3748791084618,3374.9438825201896,3333.3508556082684,3181.771223025074,3354.856515781966,3038.296723359075,3490.830768400606,3335.56374617755,3140.8710475706525,3213.038226686978,3441.635719286879
3500.591569792158,3291.9476849131725,3177.2294504064275,3245.3345768891786,3358.1698734935644,3131.807849341058,2983.0272848975405,2991.2540238530355,3044.4145079714776,3338.383410930801,3220.7171180460473,3184.6256834756264,3046.5536453920954,3453.0746417859114,3297.3748791084618,3331.6974455203526,3330.5960518045918,3181.771223025074,3354.856515781966,3035.280182569207,3490.830768400606,3335.56374617755,3135.2636739116297,3206.2054160615144,3421.702893493326
3500.591569792158,3291.9476849131725,3177.2294504064275,3220.6486547660634,3358.1698734935644,3131.807849341058,2964.914464625778,2988.4910164330618,3036.536374568612,3300.2418813307004,3179.995662149214,3180.2812914970755,3031.5308565652476,3453.0746417859114,3297.3748791084618,3307.703568426863,3330.5960518045918,3171.4837976244485,3354.856515781966,3029.2228989924847,3452.044588322975,3334.137022990573,3116.6423798365727,3206.2054160615144,3421.702893493326
3484.6736749782935,3291.9476849131725,3177.2294504064275,3214.266957885627,3332.3591741248556,3083.47284236156,2964.914464625778,2988.4910164330618,3016.4015345940215,3300.078807159624,3179.995662149214,3161.4262932825786,3031.5308565652476,3453.0746417859114,3272.6610068481855,3307.703568426863,3330.5960518045918,3157.3384942100893,3354.856515781966,3029.2228989924847,3444.2477008721903,3334.137022990573,3116.6423798365727,3206.2054160615144,3421.702893493326
3484.6736749782935,3245.1222216606848,3177.2294504064275,3214.266957885627,3332.3591741248556,3083.47284236156,2953.8751783818084,2982.5414475769526,3013.96149863479,3294.001043738487,3179.995662149214,3161.4262932825786,3031.5308565652476,3426.7205018752816,3272.6610068481855,3266.12829117917,3301.239124804125,3151.3781649436814,3354.856515781966,3029.2228989924847,3444.2477008721903,3303.608888305526,3097.2714472111347,3206.2054160615144,3380.620303003886
3484.6736749782935,3178.6133030214382,3152.168056543245,3209.976543898034,3307.4765109376676,3083.47284236156,2953.8751783818084,2980.394724905124,2995.8628692455477,3294.001043738487,3179.995662149214,3161.4262932825786,3021.2695819729624,3426.7205018752816,3272.6610068481855,3247.5464002314657,3277.3726247837,3141.5605621977993,3354.856515781966,3029.2228989924847,3444.2477008721903,3303.608888305526,3088.2273405485375,3206.2054160615144,3351.282913144766
3484.6736749782935,3178.6133030214382,3149.315536610022,3209.976543898034,3307.4765109376676,3083.47284236156,2953.8751783818084,2965.681483656497,2991.6991490269243,3294.001043738487,3179.995662149214,3161.4262932825786,3021.2695819729624,3426.7205018752816,3272.6610068481855,3246.8664179620273,3277.3726247837,3141.5605621977993,3354.856515781966,3027.0857965397718,3444.2477008721903,3277.7940828482224,3088.2273405485375,3196.7671659241155,3321.1134664608126
3455.3659277187026,3178.6133030214382,3149.315536610022,3209.976543898034,3307.4765109376676,3083.47284236156,2941.9330688947593,2954.754713714283,2991.6991490269243,3294.001043738487,3179.995662149214,3132.8145835916675,3021.2695819729624,3426.7205018752816,3272.6610068481855,3245.9068700708376,3277.3726247837,3126.0414549332013,3353.3814778997457,3021.5906585247385,3443.791818965893,3277.7940828482224,3081.525441963884,3185.4761333975684,3321.1134664608126
3418.651663474971,3178.3873923963147,3149.315536610022,3204.619952709064,3307.4765109376676,3083.47284236156,2941.9330688947593,2954.754713714283,2990.2060529531227,3260.958778191959,3175.2165216719873,3132.8145835916675,3005.025724238165,3426.7205018752816,3272.6610068481855,3236.9909004780084,3269.806411568347,3126.0414549332013,3353.3814778997457,3014.6845747060015,3429.2493829929404,3277.7940828482224,3081.525441963884,3185.4761333975684,3313.5907382200267
3418.651663474971,3178.3873923963147,3140.179023972214,3199.2458215539264,3296.878860267394,3080.9475563477195,2927.7173754290934,2954.754713714283,2989.8439621830817,3245.093696459232,3166.760356901947,3132.8145835916675,3005.025724238165,3426.7205018752816,3272.6610068481855,3218.1088462871144,3269.806411568347,3118.656964172008,3353.3814778997457,3014.6845747060015,3429.2493829929404,3277.7940828482224,3072.9703620737328,3175.904629171331,3313.5907382200267
3418.651663474971,3178.3873923963147,3136.3154543567366,3190.5080452750994,3266.3057490120527,3078.1104979281354,2927.7173754290934,2954.754713714283,2983.9846295176894,3245.093696459232,3158.690500032048,3116.60167370136,3005.025724238165,3407.9493417632507,3224.6386553732127,3160.2427927723697,3269.1359570351683,3118.656964172008,3353.3814778997457,3003.8431424589044,3415.243536196981,3264.4901607769375,3054.549126527958,3167.755451904885,3313.5907382200267
3418.651663474971,3178.3873923963147,3136.3154543567366,3172.7426753596483,3266.3057490120527,3078.1104979281354,2927.7173754290934,2940.9779407471237,2983.583665260871,3241.32692782124,3143.4791684509833,3110.633728524471,3005.025724238165,3351.1866182692634,3224.6386553732127,3160.2427927723697,3230.092948230816,3067.0037994351596,3353.3814778997457,3003.291488792228,3415.243536196981,3264.4901607769375,3054.549126527958,3163.444418464797,3313.5907382200267
3408.4968937312906,3178.3873923963147,3127.1613083619955,3169.1177159505414,3266.3057490120527,3078.1104979281354,2922.7750030087773,2940.9779407471237,2970.165262860464,3241.32692782124,3143.4791684509833,3110.633728524471,3005.025724238165,3351.1866182692634,3224.6386553732127,3117.4491002767877,3230.092948230816,3067.0037994351596,3353.3814778997457,3003.291488792228,3415.243536196981,3264.4901607769375,3054.549126527958,3157.283936894802,3313.5907382200267
3408.218935321941,3178.321304908847,3078.5426241290947,3169.1177159505414,3241.286289194889,3074.1715055861887,2912.286104659205,2940.9779407471237,2970.165262860464,3206.701600297515,3132.3883916280565,3110.633728524471,2962.9120959703496,3351.1866182692634,3218.596411636975,3117.4491002767877,3197.7388484113635,3067.0037994351596,3353.3814778997457,3003.291488792228,3415.243536196981,3264.4901607769375,3054.549126527958,3151.7061217198097,3313.2535225458982
3394.1284283490727,3164.9652428455393,3078.5426241290947,3151.3162265848064,3241.286289194889,3074.1715055861887,2912.286104659205,2940.9779407471237,2964.531429472743,3206.701600297515,3132.3883916280565,3110.633728524471,2962.9120959703496,3334.491713489365,3218.596411636975,3106.006818440377,3187.5720283862743,3060.1481075369657,3353.3814778997457,3000.6283382194097,3365.893783547829,3264.4901607769375,3036.113797777121,3145.91463544827,3313.2535225458982
3394.1284283490727,3164.9652428455393,3078.5426241290947,3151.3162265848064,3241.286289194889,3070.2756835152313,2912.286104659205,2940.9779407471237,2964.531429472743,3205.862158344964,3130.535005475409,3105.861585881693,2962.9120959703496,3334.491713489365,3218.596411636975,3106.006818440377,3187.5720283862743,3060.1481075369657,3353.3814778997457,3000.6283382194097,3365.893783547829,3264.4901607769375,3036.113797777121,3138.459467884417,3271.876134993857
3385.114554287518,3144.75530204466,3078.5426241290947,3141.115933586029,3220.9703544498457,3056.0662351765286,2892.3757069865965,2925.535241045813,2958.5139315165598,3205.862158344964,3130.535005475409,3093.769703438402,2962.9120959703496,3307.680344551525,3182.3574135509134,3106.006818440377,3159.1522407382668,3044.982403643663,3353.3814778997457,2986.2636905705704,3337.5363030229196,3262.54343982667,3036.113797777121,3138.459467884417,3271.876134993857
3385.114554287518,3135.8704292202456,3078.5426241290947,3120.9012083272887,3220.9703544498457,3056.0662351765286,2892.3757069865965,2925.535241045813,2958.5094297426035,3158.310592703745,3130.535005475409,3093.02479434622,2960.701288616766,3307.680344551525,3168.0836277921753,3106.006818440377,3159.1522407382668,3033.6815226286753,3353.3814778997457,2979.5956785537546,3337.5363030229196,3233.7442271298783,3036.113797777121,3138.459467884417,3267.324508468135
3385.114554287518,3135.8704292202456,3078.5426241290947,3120.9012083272887,3199.645515128194,3056.0662351765286,2892.3757069865965,2925.535241045813,2950.7241894272165,3158.310592703745,3119.864792580449,3088.8607672344956,2960.701288616766,3307.680344551525,3168.0836277921753,3106.006818440377,3159.1522407382668,3033.6815226286753,3353.3814778997457,2979.5956785537546,3337.5363030229196,3222.504759196021,3032.1316111424903,3133.226066576037,3267.324508468135
3323.339165932056,3135.8704292202456,3078.5426241290947,3096.6634932726047,3199.645515128194,3045.905761955244,2892.3757069865965,2925.535241045813,2950.7241894272165,3158.310592703745,3119.864792580449,3063.4552661678345,2951.68799465585,3264.4343239147083,3168.0836277921753,3106.006818440377,3159.1522407382668,3032.528034399631,3348.7595244466256,2977.045800495742,3337.5363030229196,3216.218584305572,3027.373668542917,3131.9309641639898,3261.3986552979577
3323.339165932056,3133.542792958963,3078.5426241290947,3096.6634932726047,3197.2234350425997,3042.1327022759715,2889.2591889749856,2901.4766164278058,2950.7241894272165,3158.310592703745,3119.864792580449,3063.4552661678345,2936.5160671192352,3261.9111774584135,3158.4571650176176,3106.006818440377,3159.1522407382668,2996.6976083321974,3348.7595244466256,2975.451680692298,3337.5363030229196,3215.090903669773,3024.5161299842694,3101.1078605348384,3261.3986552979577
3323.339165932056,3098.969971831682,3064.2404955839675,3096.6634932726047,3197.2234350425997,3042.1327022759715,2889.2591889749856,2901.4766164278058,2950.7241894272165,3151.759267879068,3119.691531573475,3055.9950295515036,2936.5160671192352,3255.6509557759564,3158.3469928282484,3106.006818440377,3137.8510793547757,2996.6976083321974,3348.7595244466256,2975.451680692298,3324.1001185925834,3202.273229316064,3015.5430018588704,3101.1078605348384,3253.744207407076
3269.5210232502986,3064.5317548625317,3042.6623259455305,3096.6634932726047,3197.2234350425997,3041.0704356231818,2882.448269499631,2886.549262525586,2946.2890251892436,3151.759267879068,3118.4042972819802,3052.6540277592767,2920.7864763152875,3220.271068853123,3153.911243314076,3106.006818440377,3137.8510793547757,2991.654429838804,3348.7595244466256,2968.142426618321,3317.36214455557,3181.875463973223,2994.1975340981676,3101.1078605348384,3253.744207407076
3261.6254917422093,3047.4368813083515,3039.265436252498,3096.6634932726047,3189.8681370497025,3041.0704356231818,2875.052459764552,2886.549262525586,2942.877936411073,3146.863877075924,3102.610986567656,3052.6540277592767,2917.3641904272554,3220.271068853123,3153.911243314076,3106.006818440377,3109.637347800729,2991.654429838804,3348.7595244466256,2958.8503238362296,3306.931598814729,3181.875463973223,2994.1975340981676,3088.4912776333413,3248.832817307529
3261.6254917422093,3047.4368813083515,3032.9774851796274,3080.7589209469047,3162.6107063149,3026.5652209740597,2852.2347932120574,2886.549262525586,2937.029591680901,3142.7703345482223,3058.3374987589195,3034.600443813714,2917.3641904272554,3218.303093259639,3153.911243314076,3106.006818440377,3108.6916668819335,2991.654429838804,3348.7595244466256,2958.8503238362296,3306.931598814729,3178.4850108724386,2991.3836941182985,3069.610213763135,3248.832817307529
3261.6254917422093,3042.5013608513364,3032.9774851796274,3052.4152787676603,3162.6107063149,3026.5652209740597,2852.2347932120574,2886.549262525586,2933.700218487469,3142.7703345482223,3058.3374987589195,3034.600443813714,2912.7152802912433,3218.303093259639,3153.911243314076,3074.8035672097603,3108.6916668819335,2991.654429838804,3348.7595244466256,2958.8503238362296,3283.639490283526,3172.58121348174,2991.3836941182985,3062.510099473392,3229.203973974256
3261.6254917422093,3042.5013608513364,3032.9774851796274,3052.4152787676603,3160.441157699131,3010.8286558541113,2852.2347932120574,2886.105383083819,2933.700218487469,3142.7703345482223,3056.011804493197,3034.600443813714,2912.7152802912433,3193.7787193086046,3138.2075737308783,3074.8035672097603,3108.6916668819335,2991.654429838804,3348.7595244466256,2956.2629518266685,3283.639490283526,3172.58121348174,2991.3836941182985,3053.3323229351918,3226.3474699287844
3261.6254917422093,3042.5013608513364,3032.9774851796274,3043.6078620982635,3160.441157699131,3010.8286558541113,2852.2347932120574,2873.0739837447386,2911.381495140379,3138.336771445637,3056.011804493197,3020.5731431453805,2899.184600117622,3193.7787193086046,3138.2075737308783,3074.8035672097603,3075.770800456172,2991.654429838804,3348.7595244466256,2942.2231151088276,3283.639490283526,3172.58121348174,2987.346949495225,3053.3323229351918,3226.3474699287844
3215.3437420463188,3042.5013608513364,3028.546053087807,3043.6078620982635,3148.657635332558,3010.8286558541113,2850.4342004074488,2873.0739837447386,2910.426408965327,3130.283348574958,3051.222652060368,3017.617620709344,2899.184600117622,3193.7787193086046,3138.2075737308783,3069.4813085982623,3075.770800456172,2985.2351678019836,3348.7595244466256,2934.920873460177,3283.639490283526,3172.58121348174,2973.6987411063405,3053.3323229351918,3193.088092107886
3184.3672790927835,3042.5013608513364,3028.546053087807,3043.6078620982635,3148.657635332558,3010.8286558541113,2850.314673187596,2873.0739837447386,2900.3781456489373,3084.936823562927,3038.7397119420734,3009.939032232329,2878.624201013179,3180.5714345037786,3124.7334269548087,3069.4813085982623,3075.770800456172,2982.4593802195677,3348.7595244466256,2934.920873460177,3255.6960034183535,3172.58121348174,2971.6072379469447,3046.326741220636,3184.3571795365206
3180.2380357758557,3042.5013608513364,3003.936438753501,3043.6078620982635,3148.657635332558,3010.8286558541113,2850.314673187596,2859.6015813207264,2900.3781456489373,3045.8327269066012,3036.3401707800467,2990.4168940674817,2878.624201013179,3180.5714345037786,3121.634583880919,3069.4813085982623,3075.770800456172,2977.395193412576,3348.7595244466256,2925.794861995934,3255.6960034183535,3166.756783034526,2971.6072379469447,3044.2605473230615,3176.015028889452
3178.4250651784405,3038.893720859265,3003.936438753501,3043.6078620982635,3148.657635332558,3010.8286558541113,2848.6747426743514,2859.6015813207264,2893.072135461792,3024.950389688623,3036.3401707800467,2989.4434793934474,2872.340719470835,3159.3338869030977,3121.634583880919,3043.0945091432322,3075.770800456172,2964.794678527781,3343.704118802687,2920.335075768567,3255.6960034183535,3166.756783034526,2954.852677058887,3044.136180289288,3170.1458793521933
3178.4250651784405,3036.363133152362,2999.673715288165,3024.0632012357246,3146.727341609917,2999.388777485277,2841.2308570571413,2859.6015813207264,2893.072135461792,3024.950389688623,3032.7272777259877,2989.4434793934474,2868.7358429390288,3159.3338869030977,3088.4590290500078,3043.0945091432322,3075.770800456172,2964.794678527781,3343.704118802687,2920.335075768567,3255.6960034183535,3164.9955573735733,2954.852677058887,3032.69560032296,3170.1458793521933
3178.4250651784405,3036.363133152362,2999.673715288165,3010.433354391302,3104.2014092346117,2997.8002147284437,2837.2167631955745,2859.6015813207264,2888.978745280334,3024.950389688623,3031.136638606922,2989.4434793934474,2868.7358429390288,3158.611432169093,3088.4590290500078,3043.0945091432322,3075.770800456172,2958.0893644778403,3343.704118802687,2920.335075768567,3255.6960034183535,3140.0186403610483,2954.852677058887,3025.1598254272653,3168.4106612313544
3164.5272939558654,3028.2623842638345,2999.673715288165,2999.5647630683143,3104.2014092346117,2997.8002147284437,2822.5658854212666,2859.6015813207264,2888.868768756118,3024.950389688623,3020.5062465450137,2983.44450118512,2868.7358429390288,3152.4639915065823,3088.4590290500078,3042.4288559821125,3072.5448961104844,2958.0893644778403,3343.704118802687,2920.335075768567,3255.6960034183535,3138.483679459997,2943.6048902388598,3025.1598254272653,3138.913662333245
3164.5272939558654,3027.119198467975,2999.673715288165,2979.6285758555,3104.2014092346117,2988.3174495272465,2822.5658854212666,2855.5515535023774,2872.9630491045536,3024.950389688623,3017.317540452483,2983.44450118512,2868.567667483398,3143.223878786513,3088.4590290500078,3036.1399620587576,3063.2099170978654,2957.9794785302524,3343.704118802687,2905.8633800900548,3255.6960034183535,3138.483679459997,2943.6048902388598,3025.1598254272653,3128.599930659243
3161.3828195989445,3009.2732091974967,2969.2338102994927,2979.6285758555,3104.2014092346117,2983.017169611976,2820.554693889627,2852.2662813922007,2870.640365534776,3024.950389688623,3012.527534327697,2955.357030260496,2868.567667483398,3143.223878786513,3086.782743221807,3036.1399620587576,3063.2099170978654,2942.6544115096412,3343.704118802687,2905.8633800900548,3233.605386106732,3114.5226441499044,2937.613139703681,3020.5498507066022,3128.599930659243
3157.426981845557,3009.2732091974967,2952.966097303516,2979.6285758555,3104.2014092346117,2983.017169611976,2816.0177897048197,2852.2662813922007,2870.640365534776,3024.950389688623,3012.527534327697,2955.357030260496,2866.5960877403822,3143.223878786513,3086.782743221807,3036.1399620587576,3063.2099170978654,2942.6544115096412,3343.704118802687,2905.3453105977574,3221.2858298709752,3114.5226441499044,2937.613139703681,2986.3688895333316,3128.599930659243
3146.3491196339533,3009.2732091974967,2952.966097303516,2979.6285758555,3095.5861575199274,2983.017169611976,2816.0177897048197,2852.2662813922007,2870.640365534776,3024.950389688623,2996.754314422739,2955.357030260496,2865.2944340507597,3143.223878786513,3086.782743221807,3015.884858996299,3062.5543555863305,2939.0142499235208,3343.704118802687,2877.3935745816466,3221.2858298709752,3114.5226441499044,2935.518323764333,2986.3688895333316,3128.599930659243
3142.870583446823,3009.2732091974967,2951.927140536888,2970.9828276925005,3095.5861575199274,2976.8176377271575,2816.0177897048197,2827.8599865966585,2861.9800067365004,2998.8464222532566,2996.754314422739,2955.357030260496,2865.2944340507597,3117.267344260262,3084.377885946229,3015.884858996299,3046.2818978871305,2921.040968927821,3343.704118802687,2877.3935745816466,3220.4596330571303,3114.5226441499044,2930.040428612581,2986.103219375981,3100.754232288793
3123.23751571629,3009.2732091974967,2951.927140536888,2970.9828276925005,3094.397396469575,2976.536286897318,2816.0177897048197,2822.305433683435,2857.766569984989,2998.8464222532566,2996.754314422739,2937.3793816751536,2848.491437564007,3117.267344260262,3084.377885946229,3015.884858996299,3039.222807351258,2921.040968927821,3343.704118802687,2877.3935745816466,3220.4596330571303,3114.5226441499044,2917.95915440446,2986.103219375981,3100.754232288793
3122.1574594271956,3007.0760750853624,2934.8023752006093,2969.109544590022,3081.3010047101657,2976.536286897318,2801.6379364936784,2818.266030371915,2846.7922089198696,2998.8464222532566,2980.2789970875033,2931.4126138749307,2845.402710464885,3102.4651545417273,3064.015372307679,3015.884858996299,3016.8860020861403,2920.685566217859,3343.704118802687,2877.3935745816466,3199.4833427944022,3114.5226441499044,2917.95915440446,2979.744618380596,3100.754232288793
3119.518269116901,2990.768015779238,2934.8023752006093,2965.447243978563,3058.482455460214,2961.0062283169063,2801.6379364936784,2818.266030371915,2846.7922089198696,2998.8464222532566,2980.2789970875033,2923.069963223784,2845.0023002704156,3102.4651545417273,3064.015372307679,3012.0849564530654,3009.849683430859,2920.685566217859,3338.1834879463067,2875.5209104892547,3188.0326533327934,3114.5226441499044,2915.0126859986367,2976.47000990719,3100.754232288793
3118.8824530245593,2990.768015779238,2934.8023752006093,2964.515385116551,3058.1869303328426,2959.3755922871496,2801.6379364936784,2816.5081522562123,2846.7922089198696,2984.3833187532928,2973.9739438141396,2923.069963223784,2845.0023002704156,3102.4651545417273,3041.9185218533676,3012.0849564530654,3009.849683430859,2920.685566217859,3338.1834879463067,2875.5209104892547,3188.0326533327934,3106.235987472534,2912.6286158431526,2960.687371135575,3091.314233444483
3089.9966321133375,2987.008682194022,2934.667651763285,2964.515385116551,3048.359132093353,2959.3755922871496,2800.167149414733,2816.5081522562123,2846.7922089198696,2984.3833187532928,2973.9739438141396,2921.269646640503,2831.240861904099,3059.188442862611,3041.9185218533676,3005.5179231033735,2980.743454030517,2908.473386751285,3338.1834879463067,2869.019466889568,3188.0326533327934,3106.235987472534,2912.6286158431526,2960.687371135575,3091.314233444483
3089.9966321133375,2975.502550240565,2931.439973864064,2964.515385116551,3048.359132093353,2957.459915061964,2800.167149414733,2814.1233738227666,2841.5047021027603,2975.3410304088634,2973.9739438141396,2918.2025175541767,2831.240861904099,3059.188442862611,3013.1529088662073,3005.5179231033735,2980.743454030517,2908.473386751285,3338.1834879463067,2866.611077945103,3184.9084294472596,3088.5698954878135,2912.6286158431526,2960.687371135575,3091.314233444483
3089.9966321133375,2943.16170789055,2927.7068675504297,2964.515385116551,3048.359132093353,2954.0428559216643,2798.0461515439792,2810.837999148302,2841.5047021027603,2975.3410304088634,2973.9739438141396,2918.2025175541767,2830.3403665915225,3059.188442862611,3013.1529088662073,3005.5179231033735,2979.976149118311,2906.0737590265876,3338.1834879463067,2866.611077945103,3164.317508041538,3087.1273186022295,2912.6286158431526,2960.687371135575,3061.0257730409617
3089.9966321133375,2943.16170789055,2926.4884534297466,2956.5434917293487,3048.359132093353,2945.9079312713748,2797.4065223962803,2810.183331897537,2811.4976372903525,2975.3410304088634,2968.843999867114,2918.2025175541767,2826.7525279589036,3027.4152855852913,3013.1529088662073,3002.4810368904205,2975.8615455166955,2906.0737590265876,3338.1834879463067,2866.611077945103,3152.568824868872,3087.1273186022295,2911.225926815346,2949.55577614302,3055.1955254960117
3089.9966321133375,2943.16170789055,2926.4884534297466,2940.9346533693247,3025.9758957127647,2944.7280075253802,2794.940520180977,2810.183331897537,2811.4976372903525,2966.4764990476706,2968.843999867114,2916.0288182943077,2826.7525279589036,3027.4152855852913,3013.1529088662073,2994.3929069493165,2975.8615455166955,2906.0737590265876,3338.1834879463067,2866.611077945103,3152.568824868872,3044.0317385740145,2904.9193862119873,2939.800011602624,3055.1955254960117
3089.9966321133375,2943.16170789055,2926.4884534297466,2940.9346533693247,3023.58888624453,2944.1806095807024,2792.397421444712,2808.161277107547,2811.4976372903525,2966.4764990476706,2942.1036009152867,2907.5052718553666,2826.7525279589036,3027.4152855852913,3013.1529088662073,2971.1436428539255,2975.8615455166955,2884.2911073715004,3330.01351751628,2866.611077945103,3152.568824868872,3044.0317385740145,2900.2339764482454,2939.800011602624,3038.198168360319
3055.9040514290023,2943.16170789055,2917.4669742620545,2935.6800151197112,3023.58888624453,2937.3961326531435,2788.3535309140366,2808.161277107547,2803.921580336465,2966.4764990476706,2931.910313935615,2897.982653825554,2823.27589174224,3020.7351199578857,3011.2044574871047,2970.582990776,2975.8615455166955,2884.2911073715004,3330.01351751628,2865.8379941198095,3149.2194645563227,3044.0317385740145,2893.6455927697316,2938.650124447947,3038.198168360319
3037.186016720705,2943.16170789055,2917.4669742620545,2933.8070422736446,2993.0742466014744,2936.594407318348,2773.4373108407826,2801.056581237138,2803.921580336465,2948.078369570743,2931.910313935615,2897.982653825554,2821.3872734131032,3020.7351199578857,2999.8222907023273,2970.582990776,2959.6111914077537,2884.2911073715004,3330.01351751628,2862.299647916258,3119.2027782363957,3031.595277064122,2893.6455927697316,2938.650124447947,3038.198168360319
3037.186016720705,2943.16170789055,2913.8657461153084,2932.170714259026,2993.0742466014744,2936.594407318348,2773.4373108407826,2801.056581237138,2799.822294728132,2946.033258447706,2931.910313935615,2897.982653825554,2821.3872734131032,3020.7351199578857,2999.8222907023273,2960.661747086083,2957.7262688301025,2884.2911073715004,3330.01351751628,2854.4875516078746,3119.2027782363957,3031.595277064122,2892.435993645219,2938.650124447947,3038.198168360319
3037.186016720705,2943.16170789055,2901.2784636587535,2928.8434626527446,2993.0742466014744,2927.2439453167644,2773.4373108407826,2793.0542405324672,2796.6329448358956,2939.6844985020552,2919.234052059197,2897.982653825554,2819.209219557826,3020.7351199578857,2994.9188684832934,2960.661747086083,2957.7262688301025,2884.2911073715004,3303.7238967499698,2843.546216129674,3106.973409006132,3007.2316539893422,2890.4317353802185,2938.650124447947,3038.198168360319
3037.186016720705,2934.6188765922225,2886.511025966575,2928.7280113860593,2993.0742466014744,2927.2439453167644,2773.4373108407826,2792.7037585621897,2795.1005235626844,2937.020077886924,2919.234052059197,2889.452710368013,2807.9856305389008,2993.406823499886,2994.9188684832934,2960.661747086083,2957.7262688301025,2883.003935580937,3303.7238967499698,2843.546216129674,3081.777340624156,3007.1094526382913,2866.7595973147954,2938.650124447947,3037.59668903606
3037.186016720705,2934.6188765922225,2886.511025966575,2928.7280113860593,2993.0742466014744,2918.7505490911913,2773.4373108407826,2792.5069404357523,2795.1005235626844,2937.020077886924,2918.5349064166494,2883.031613781195,2807.9856305389008,2993.406823499886,2994.9188684832934,2960.661747086083,2954.975498069762,2883.003935580937,3303.7238967499698,2841.8885224361857,3081.777340624156,3007.1094526382913,2866.7595973147954,2935.583492701665,3030.8674261625365
3031.7138019105314,2927.401747490519,2886.511025966575,2912.5210938302216,2993.0742466014744,2908.574175357795,2773.4373108407826,2789.7462495962236,2792.58834661371,2922.7723471479685,2918.5349064166494,2882.1000839765893,2807.9856305389008,2993.406823499886,2994.9188684832934,2960.661747086083,2954.975498069762,2883.003935580937,3303.7238967499698,2838.1241540400706,3081.777340624156,3007.1094526382913,2866.7595973147954,2929.8424085984097,3029.696204485418
3031.7138019105314,2913.594497501759,2879.5632779928515,2907.871136907149,2993.0742466014744,2908.574175357795,2773.2017229981666,2789.7462495962236,2792.58834661371,2921.8927981202596,2908.561280869918,2882.1000839765893,2807.9856305389008,2993.406823499886,2975.6649231473,2960.661747086083,2953.183081316768,2883.003935580937,3303.7238967499698,2838.1241540400706,3078.96543187691,3004.0046293515006,2859.643106136713,2919.776313123874,3028.5007354709287
3025.3495353145636,2913.594497501759,2879.5632779928515,2907.871136907149,2993.0742466014744,2908.574175357795,2771.0027067717087,2789.7462495962236,2790.9873633958423,2921.8927981202596,2907.5193249001777,2872.8884297295876,2807.9856305389008,2976.4290229267376,2975.6649231473,2950.637349813758,2953.183081316768,2877.2734240930513,3303.7238967499698,2836.634891761221,3078.96543187691,3004.0046293515006,2859.643106136713,2912.0710562305662,3007.8169341103894
3025.3495353145636,2913.594497501759,2879.5632779928515,2898.908382630413,2989.8264592146234,2908.574175357795,2771.0027067717087,2786.313772732329,2784.9221231569677,2917.3325499322455,2907.5193249001777,2867.350746017748,2807.9856305389008,2976.4290229267376,2967.4009685728715,2950.637349813758,2929.8238815922377,2877.2734240930513,3303.7238967499698,2836.634891761221,3068.3540837378177,3002.407036765169,2859.643106136713,2912.0710562305662,3007.8169341103894
3008.498855850986,2913.594497501759,2875.706268033223,2898.867259304759,2987.8105124773997,2898.728732504969,2767.096722383369,2777.1434288494147,2784.9221231569677,2896.5575276864865,2907.5193249001777,2867.350746017748,2807.9856305389008,2976.4290229267376,2967.4009685728715,2941.2754690702877,2924.317314827601,2877.2734240930513,3303.7238967499698,2836.634891761221,3061.4124181411617,2998.5568793714033,2859.324372592155,2912.0710562305662,3004.7423685552226
3008.498855850986,2913.594497501759,2871.475781489178,2898.867259304759,2987.8105124773997,2891.742584696479,2767.096722383369,2776.8839262388583,2784.9221231569677,2896.5575276864865,2896.3637550471367,2865.2159678799553,2807.9856305389008,2971.5404431260977,2955.628925962113,2939.648738466647,2912.654579201075,2871.681219087616,3303.7238967499698,2836.634891761221,3061.4124181411617,2998.5568793714033,2851.2249871427202,2904.9246911337264,3004.7423685552226
3008.498855850986,2911.2411493710397,2871.475781489178,2895.511040676292,2983.133596035386,2891.742584696479,2763.9471463872346,2776.8839262388583,2777.8290115100335,2896.5575276864865,2894.6493079835645,2855.3393300439207,2798.9194084868213,2971.5404431260977,2955.628925962113,2939.648738466647,2912.654579201075,2868.0513667555197,3303.7238967499698,2831.261539463918,3059.69020118587,2998.5568793714033,2844.3624255613236,2904.3480826545874,3004.7423685552226
3008.498855850986,2900.627759021023,2833.281577077953,2895.511040676292,2975.976954063233,2891.0754265621667,2763.9471463872346,2774.3393362986035,2777.8290115100335,2896.5575276864865,2866.4976402484735,2855.3393300439207,2798.9194084868213,2964.503126727809,2936.403310453969,2939.648738466647,2912.654579201075,2868.0513667555197,3303.7238967499698,2831.261539463918,3049.250613056302,2997.5731286818805,2844.3624255613236,2902.769158351349,3001.4014066900013
3008.498855850986,2893.9321604881166,2829.817611536376,2895.511040676292,2965.2055226924203,2877.830582501273,2760.2746925436313,2774.3393362986035,2775.414477071986,2895.4259584553315,2866.4976402484735,2851.7920903470085,2798.9194084868213,2964.503126727809,2936.403310453969,2925.4683882235104,2911.3616551746113,2868.0513667555197,3303.7238967499698,2828.2381777152978,3049.250613056302,2996.2893390032964,2844.3624255613236,2898.6548755071476,2998.526741604409
2991.376005735759,2893.249435004295,2829.817611536376,2895.511040676292,2951.6629022277493,2877.830582501273,2759.943578450733,2768.312033186312,2774.0772256129717,2884.7521213574078,2850.169071737739,2841.979920437815,2798.9194084868213,2964.503126727809,2936.403310453969,2925.052537392754,2911.3616551746113,2867.833045312947,3303.7238967499698,2808.839430673558,3049.250613056302,2996.2893390032964,2844.3624255613236,2898.6548755071476,2987.335438023605
2991.376005735759,2885.0057620440307,2829.817611536376,2895.511040676292,2951.6629022277493,2877.830582501273,2758.730762168057,2768.312033186312,2774.0772256129717,2884.7521213574078,2848.1054832385776,2841.979920437815,2783.57407781381,2947.743519683409,2936.403310453969,2925.052537392754,2907.6519642610992,2852.365930536626,3303.7238967499698,2805.154887558594,3045.1939941278765,2995.5337442862688,2839.1931265582593,2890.689589084306,2983.2548858977443
2991.376005735759,2879.9066138905405,2829.703152600294,2895.511040676292,2951.6184366387943,2866.0898350458115,2757.2978360746783,2768.1837736376647,2770.5114634467377,2882.4703161395933,2848.1054832385776,2823.7967940130075,2783.57407781381,2926.7183272396023,2934.0573569965964,2925.052537392754,2907.6519642610992,2852.365930536626,3303.7238967499698,2805.154887558594,3027.773142679871,2993.318793870573,2839.051656460452,2889.6067505572314,2983.2548858977443
2981.1134747179835,2879.9066138905405,2829.703152600294,2892.6017034700003,2951.6184366387943,2866.0898350458115,2756.770012091299,2768.1837736376647,2770.5114634467377,2882.4703161395933,2848.1054832385776,2823.7967940130075,2775.888162757371,2926.7183272396023,2934.0573569965964,2924.8970365305895,2907.6519642610992,2847.2733885765065,3303.7238967499698,2803.874847538191,3027.773142679871,2991.4953102393633,2839.051656460452,2888.5774846439126,2966.1500466346306
2977.3140323010934,2879.9066138905405,2829.703152600294,2892.6017034700003,2949.491802602136,2857.5002655896415,2750.7392246766763,2744.887587527771,2763.7175510257016,2861.4186637778434,2848.1054832385776,2822.77341925756,2775.7369192000206,2926.7183272396023,2934.0573569965964,2924.8970365305895,2907.6519642610992,2847.2733885765065,3303.7238967499698,2803.874847538191,3027.773142679871,2984.402473432326,2833.958923428333,2884.438688092462,2966.1500466346306
2977.3140323010934,2875.1379549645653,2829.703152600294,2892.6017034700003,2949.491802602136,2857.5002655896415,2750.7392246766763,2738.5886351205763,2763.7175510257016,2861.4186637778434,2848.1054832385776,2822.77341925756,2775.7369192000206,2926.7183272396023,2934.0573569965964,2918.41111783369,2905.206884832989,2842.9799043095486,3303.7238967499698,2803.874847538191,3024.905507937541,2969.141613351169,2821.3744882200913,2875.6659753435815,2958.3012937396397
2977.3140323010934,2875.1379549645653,2829.703152600294,2891.738099978306,2949.491802602136,2850.325795864467,2747.0766845503485,2738.5886351205763,2759.6703897483567,2861.4186637778434,2847.669480715912,2819.610888858347,2775.7369192000206,2918.412262389611,2934.0573569965964,2918.41111783369,2898.43732324975,2842.9799043095486,3303.7238967499698,2778.767994209911,3023.7544311956535,2969.141613351169,2821.3744882200913,2875.6659753435815,2958.3012937396397
2963.8840730906477,2875.1379549645653,2819.2243071613443,2889.5944565425334,2929.46038092666,2850.325795864467,2747.0766845503485,2738.5886351205763,2758.267857713358,2861.4186637778434,2836.514545386863,2816.779720688367,2772.730786249907,2918.031023481375,2934.0573569965964,2917.6275858880617,2894.4498974971907,2842.9799043095486,3303.7238967499698,2778.767994209911,3023.7544311956535,2958.6541172734205,2818.497630731593,2875.6659753435815,2944.0913864022614
2955.6013824585684,2874.6488310091427,2819.2243071613443,2884.8732078154226,2912.805015938722,2850.325795864467,2747.0766845503485,2735.9387939779936,2756.2688830097177,2846.318287490907,2835.1450838717756,2816.779720688367,2772.730786249907,2918.031023481375,2934.0573569965964,2917.6275858880617,2894.4498974971907,2842.9799043095486,3297.298476693812,2778.767994209911,3015.1298555176177,2958.6541172734205,2818.497630731593,2875.6659753435815,2944.0913864022614
2929.932549940096,2866.2692385281825,2819.2243071613443,2884.8732078154226,2912.805015938722,2834.0139996241273,2740.8043057791765,2735.9387939779936,2748.197519580377,2846.318287490907,2835.1450838717756,2813.324147527066,2772.730786249907,2905.7479366000985,2920.1679376620878,2914.4706301325205,2888.1019451293146,2842.1821007667795,3297.298476693812,2778.767994209911,2979.942296882688,2958.6541172734205,2818.497630731593,2875.6659753435815,2936.5482900760485
2929.932549940096,2847.8981096772095,2819.2243071613443,2870.84915263078,2912.805015938722,2830.101596717129,2740.8043057791765,2735.9387939779936,2748.197519580377,2846.318287490907,2831.2896243542837,2813.324147527066,2767.7074166418006,2905.7479366000985,2918.3342545147634,2912.1629161992932,2887.048477629125,2842.1821007667795,3297.298476693812,2778.767994209911,2979.942296882688,2958.612268469432,2806.3432810414706,2875.6659753435815,2936.5482900760485
2929.932549940096,2847.8981096772095,2819.2243071613443,2870.84915263078,2909.2420741870346,2830.101596717129,2740.8043057791765,2735.9387939779936,2748.197519580377,2846.318287490907,2818.4227262582867,2813.324147527066,2765.837375831238,2904.700439195745,2918.3342545147634,2912.1629161992932,2887.048477629125,2826.269525308096,3297.298476693812,2770.0571008758366,2979.942296882688,2958.612268469432,2795.375217581205,2875.6659753435815,2936.5482900760485
2929.932549940096,2847.8981096772095,2813.764421617278,2870.84915263078,2898.989635018022,2830.101596717129,2737.5500014532863,2726.744993072919,2745.462148897996,2845.772926121286,2818.4227262582867,2813.324147527066,2760.8326769446985,2895.8610777779145,2906.539125447796,2908.092389701172,2880.5437354615924,2826.269525308096,3297.298476693812,2770.0571008758366,2979.942296882688,2923.85668689992,2795.375217581205,2875.6659753435815,2936.5482900760485
2929.932549940096,2847.8981096772095,2807.1942608875734,2869.7710400337974,2898.989635018022,2829.902050075132,2737.5500014532863,2726.744993072919,2745.462148897996,2845.772926121286,2818.4227262582867,2811.112642728532,2760.8326769446985,2895.8610777779145,2901.6193223728933,2908.092389701172,2880.5437354615924,2826.269525308096,3297.298476693812,2770.0571008758366,2979.125409674445,2923.85668689992,2795.375217581205,2869.7716206184455,2927.7430819847905
2929.932549940096,2847.8981096772095,2802.0705063153673,2862.051859186737,2898.989635018022,2829.902050075132,2737.2634807806703,2726.744993072919,2741.4450524567847,2831.270430504518,2812.0907430583293,2810.5697720648095,2760.8326769446985,2886.5367070657,2892.526715653925,2903.016169903337,2880.5437354615924,2826.269525308096,3297.298476693812,2766.7638923039276,2978.999033243994,2923.85668689992,2795.375217581205,2868.6800753898806,2923.9368028181507
2912.15384925107,2847.8981096772095,2796.132925978944,2862.049407559868,2898.989635018022,2829.902050075132,2732.1905071083356,2720.7505028815813,2741.4450524567847,2831.270430504518,2792.396623013907,2795.0264855039954,2760.8326769446985,2886.5367070657,2890.402706353518,2896.9869416015367,2873.5456731133845,2822.51018642868,3297.298476693812,2763.418298298384,2978.999033243994,2923.85668689992,2795.375217581205,2857.251686024484,2912.0837086808765
2905.250838375897,2847.8981096772095,2796.132925978944,2862.049407559868,2898.989635018022,2829.902050075132,2732.1905071083356,2719.9103419026487,2738.625688630348,2831.270430504518,2789.5454403570907,2795.0264855039954,2746.9135426878256,2886.5367070657,2890.402706353518,2894.1422598176305,2872.439515212885,2822.51018642868,3297.298476693812,2756.8785010762417,2978.999033243994,2923.85668689992,2795.375217581205,2857.251686024484,2908.5862690574204
2905.250838375897,2834.7385778561306,2784.483852519351,2828.822218149398,2884.0560235716603,2829.902050075132,2732.1905071083356,2719.9103419026487,2738.625688630348,2827.3000431436026,2789.5454403570907,2794.2763928977583,2746.6876901675646,2886.5367070657,2885.178593010707,2894.1422598176305,2872.439515212885,2822.51018642868,3297.298476693812,2756.8785010762417,2978.999033243994,2923.85668689992,2795.375217581205,2857.251686024484,2904.874341529761
2905.250838375897,2834.7385778561306,2784.483852519351,2828.822218149398,2883.4365578557863,2829.902050075132,2731.5905168561735,2719.5096474835395,2738.625688630348,2821.378351464568,2788.8914158224707,2794.2763928977583,2746.6876901675646,2885.88278333752,2885.178593010707,2893.964602273638,2851.6331936672595,2819.4058781878243,3297.298476693812,2755.5747546745833,2976.1158179079794,2910.4526417644893,2794.9479179675463,2826.7677816063388,2904.874341529761
2905.250838375897,2834.7385778561306,2784.483852519351,2828.822218149398,2880.914263335167,2819.4975113304017,2725.6049804981158,2719.5096474835395,2732.9872640235544,2821.378351464568,2788.8914158224707,2794.2763928977583,2746.6876901675646,2876.428527147496,2876.0473543116996,2893.964602273638,2851.6331936672595,2819.0825506473175,3297.298476693812,2755.5747546745833,2968.4195330784387,2910.4526417644893,2784.1908511301276,2826.7677816063388,2902.5182848597824
2905.250838375897,2828.4736642002886,2764.4208900946046,2828.822218149398,2880.914263335167,2816.683086479367,2725.6049804981158,2719.5096474835395,2731.3585273354465,2802.0615748159985,2779.761948316926,2789.4771326835944,2746.6876901675646,2874.701863319029,2867.782405932034,2893.964602273638,2851.6331936672595,2818.7003128229817,3297.298476693812,2752.212650296273,2960.4161746680156,2910.4526417644893,2784.1908511301276,2826.7677816063388,2902.5182848597824
2905.250838375897,2828.4736642002886,2764.4208900946046,2828.3282891149533,2880.914263335167,2816.683086479367,2725.6049804981158,2708.269711408893,2731.3585273354465,2798.5516298503035,2779.761948316926,2783.1923903263823,2746.6876901675646,2872.4914438982464,2866.1805803063844,2893.964602273638,2836.4079709356065,2814.100367937365,3297.298476693812,2750.143177588366,2936.650608067819,2910.4526417644893,2784.1908511301276,2826.7677816063388,2878.5818978481593
2900.477374974703,2822.8031275741573,2764.4208900946046,2828.3282891149533,2874.55600169156,2816.683086479367,2725.6049804981158,2708.269711408893,2723.9193921235583,2798.5516298503035,2779.761948316926,2783.1923903263823,2746.6876901675646,2867.659042278617,2866.1805803063844,2883.237943916276,2836.4079709356065,2814.100367937365,3297.298476693812,2750.143177588366,2918.4619808117423,2900.3500835691466,2784.1908511301276,2826.7677816063388,2878.5818978481593
2895.2489970117576,2820.0542183698526,2764.4208900946046,2826.2217101979086,2873.02658664706,2816.683086479367,2724.868391869696,2708.269711408893,2723.9193921235583,2798.5516298503035,2779.761948316926,2783.1923903263823,2743.4247619581183,2865.3073973978876,2866.1805803063844,2882.812362762655,2836.4079709356065,2814.100367937365,3297.298476693812,2745.864706558209,2918.4619808117423,2900.3500835691466,2783.553903717435,2826.3205014719388,2878.5818978481593
2892.669803501553,2820.0542183698526,2764.4208900946046,2819.80113340079,2873.02658664706,2804.847324788765,2724.868391869696,2708.269711408893,2723.9193921235583,2798.5516298503035,2776.279734168925,2783.1923903263823,2743.4247619581183,2858.5847569201283,2866.1805803063844,2880.4232304797656,2836.4079709356065,2806.9017521371184,3297.298476693812,2739.564426710414,2918.4619808117423,2891.4136308339585,2780.372576966954,2826.3205014719388,2878.5818978481593
2889.618952690548,2802.650638983894,2764.4208900946046,2819.80113340079,2869.511992606747,2804.847324788765,2724.868391869696,2706.990215216124,2723.4301511934,2798.5516298503035,2776.279734168925,2781.5212580990237,2739.636604194596,2858.114662385366,2866.1805803063844,2880.4232304797656,2836.4079709356065,2806.9017521371184,3297.298476693812,2739.564426710414,2917.9606795387413,2891.4136308339585,2775.09353471008,2826.3205014719388,2877.6003907207114
