trial_1,trial_2,trial_3,trial_4,trial_5,trial_6,trial_7,trial_8,trial_9,trial_10,trial_11,trial_12,trial_13,trial_14,trial_15,trial_16,trial_17,trial_18,trial_19,trial_20,trial_21,trial_22,trial_23,trial_24,trial_25
13379.789133245,12726.353774284744,10279.749409236218,14171.723873827974,13246.79517677033,13926.017822006641,13881.7778938118,14508.50012697672,11839.073565634324,14498.93571539125,13633.040969035703,13797.761450867603,12476.305131501378,12982.450707078217,11811.904797951735,12149.992148122468,14486.885939972175,14368.12483128186,14508.111146606076,14734.069664983428,13454.356718011362,12898.766178988448,11733.766792842085,13813.40257018877,12412.651568142182
13379.789133245,12726.353774284744,10279.749409236218,14171.723873827974,12522.386601270073,13926.017822006641,12302.87290938411,13431.428646610764,11839.073565634324,13276.77700326808,13451.552897740014,13606.091879884558,12476.305131501378,12982.450707078217,11811.904797951735,12149.992148122468,14129.053400043249,14177.147429665387,13882.85180730277,14734.069664983428,13454.356718011362,12898.766178988448,11733.766792842085,13813.40257018877,10813.527537436286
12986.143609797102,12726.353774284744,10279.749409236218,14171.723873827974,12522.386601270073,13282.092157809666,12302.87290938411,13431.428646610764,11839.073565634324,13276.77700326808,13451.552897740014,13606.091879884558,12476.305131501378,12982.450707078217,11811.904797951735,12149.992148122468,13618.940691199152,11692.51929493482,12423.905769457682,12808.522105548645,13454.356718011362,12898.766178988448,10781.392763886117,13106.128041482812,10813.527537436286
12561.360706044292,12171.413120757352,10279.749409236218,14050.054829581612,12522.386601270073,13282.092157809666,12302.87290938411,13431.428646610764,11839.073565634324,13276.77700326808,13338.76922901422,13606.091879884558,12476.305131501378,12982.450707078217,11811.904797951735,12149.992148122468,13248.424623534154,11692.51929493482,12423.905769457682,12808.522105548645,13454.356718011362,12898.766178988448,10781.392763886117,13106.128041482812,10813.527537436286
12561.360706044292,12171.413120757352,10279.749409236218,14050.054829581612,12522.386601270073,13042.378758049039,11273.791905773372,12071.413788620375,11839.073565634324,13276.77700326808,13338.76922901422,13606.091879884558,12476.305131501378,12982.450707078217,11811.904797951735,12035.806466189157,12214.981938150228,11692.51929493482,12423.905769457682,12808.522105548645,11290.448570759778,12898.766178988448,10781.392763886117,13106.128041482812,10813.527537436286
12561.360706044292,12171.413120757352,10279.749409236218,13421.460865160812,11837.271549521045,11518.53837131935,11273.791905773372,12071.413788620375,11839.073565634324,12626.136773319195,13312.695080637122,12809.455624775468,12476.305131501378,12982.450707078217,11811.904797951735,12035.806466189157,12214.981938150228,11692.51929493482,12423.905769457682,12808.522105548645,11290.448570759778,12898.766178988448,10781.392763886117,12002.288974747053,10813.527537436286
10115.388029796592,12171.413120757352,10279.749409236218,13172.053065512435,11837.271549521045,11518.53837131935,11273.791905773372,12071.413788620375,11839.073565634324,12626.136773319195,13312.695080637122,12809.455624775468,12476.305131501378,12030.062848102245,11811.904797951735,12035.806466189157,12214.981938150228,11692.51929493482,11549.479827031004,12808.522105548645,11290.448570759778,12898.766178988448,10781.392763886117,12002.288974747053,10813.527537436286
10115.388029796592,12171.413120757352,10279.749409236218,13057.497177926865,11837.271549521045,11518.53837131935,10988.050603776497,12071.413788620375,11839.073565634324,12626.136773319195,12846.37391540758,12809.455624775468,11110.603469858472,11337.241631009203,11811.904797951735,12035.806466189157,12214.981938150228,11692.51929493482,11549.479827031004,12808.522105548645,10810.215855221353,12898.766178988448,10781.392763886117,11756.891076345291,10813.527537436286
10115.388029796592,12057.044021916192,10279.749409236218,12708.47352174143,11837.271549521045,11518.53837131935,10988.050603776497,12071.413788620375,11839.073565634324,12626.136773319195,12846.37391540758,12008.705894604562,11110.603469858472,11337.241631009203,11811.904797951735,12035.806466189157,12214.981938150228,11692.51929493482,11549.479827031004,12808.522105548645,10810.215855221353,10558.678146844011,10781.392763886117,11756.891076345291,10813.527537436286
10115.388029796592,12057.044021916192,10279.749409236218,12708.47352174143,11837.271549521045,11518.53837131935,10988.050603776497,12071.413788620375,11839.073565634324,12626.136773319195,12846.37391540758,10660.027126423933,11110.603469858472,11337.241631009203,11266.177378103479,10270.36987616138,12078.032990679148,11692.51929493482,11549.479827031004,12808.522105548645,10810.215855221353,10558.678146844011,10781.392763886117,11024.613627190773,10813.527537436286
6877.363265944516,12057.044021916192,10279.749409236218,12708.47352174143,11837.271549521045,11518.53837131935,10988.050603776497,12071.413788620375,11839.073565634324,12626.136773319195,10596.759980772067,10660.027126423933,11110.603469858472,11337.241631009203,11266.177378103479,10270.36987616138,12078.032990679148,11312.26441865955,11549.479827031004,12808.522105548645,10810.215855221353,10558.678146844011,10781.392763886117,11024.613627190773,10813.527537436286
6877.363265944516,12057.044021916192,10279.749409236218,12708.47352174143,11837.271549521045,11518.53837131935,10988.050603776497,11990.259288495803,11839.073565634324,12626.136773319195,10596.759980772067,10660.027126423933,11110.603469858472,11337.241631009203,11266.177378103479,10270.36987616138,12078.032990679148,11312.26441865955,11549.479827031004,12808.522105548645,10810.215855221353,10558.678146844011,10781.392763886117,11024.613627190773,10813.527537436286
6877.363265944516,12057.044021916192,10279.749409236218,12586.605847799543,11837.271549521045,11518.53837131935,10988.050603776497,11990.259288495803,11839.073565634324,12626.136773319195,10596.759980772067,10660.027126423933,11110.603469858472,11337.241631009203,11266.177378103479,10270.36987616138,12078.032990679148,10747.933400543498,11472.773660784751,12808.522105548645,10810.215855221353,10558.678146844011,10781.392763886117,11024.613627190773,10813.527537436286
6877.363265944516,12057.044021916192,10279.749409236218,12586.605847799543,11837.271549521045,11518.53837131935,10988.050603776497,11990.259288495803,11839.073565634324,12626.136773319195,10596.759980772067,10660.027126423933,11110.603469858472,11323.00568180182,11266.177378103479,10270.36987616138,12078.032990679148,10747.933400543498,11472.773660784751,12808.522105548645,10810.215855221353,10558.678146844011,10781.392763886117,11024.613627190773,10813.527537436286
6877.363265944516,12057.044021916192,10279.749409236218,12586.605847799543,11837.271549521045,11518.53837131935,10988.050603776497,11990.259288495803,11839.073565634324,12626.136773319195,10596.759980772067,10660.027126423933,11110.603469858472,11323.00568180182,11266.177378103479,10270.36987616138,12078.032990679148,10747.933400543498,11472.773660784751,12808.522105548645,10810.215855221353,10558.678146844011,10781.392763886117,11024.613627190773,10813.527537436286
6877.363265944516,12057.044021916192,10279.749409236218,12586.605847799543,11837.271549521045,10084.633668085902,10988.050603776497,11990.259288495803,11839.073565634324,11550.886108967436,10596.759980772067,10660.027126423933,10823.646758568093,11323.00568180182,11266.177378103479,10270.36987616138,12078.032990679148,10747.933400543498,11472.773660784751,11993.622085258916,10810.215855221353,10558.678146844011,10781.392763886117,11024.613627190773,10813.527537436286
6877.363265944516,12057.044021916192,10279.749409236218,12586.605847799543,11837.271549521045,10084.633668085902,10988.050603776497,11990.259288495803,11487.746871039411,11550.886108967436,10596.759980772067,10660.027126423933,10823.646758568093,11323.00568180182,11266.177378103479,10270.36987616138,12078.032990679148,10747.933400543498,11472.773660784751,11558.74727514282,10810.215855221353,10558.678146844011,10781.392763886117,11024.613627190773,10813.527537436286
6877.363265944516,12057.044021916192,10279.749409236218,12586.605847799543,9556.672823341118,10084.633668085902,10988.050603776497,11990.259288495803,11487.746871039411,11550.886108967436,10596.759980772067,10660.027126423933,10823.646758568093,11323.00568180182,11266.177378103479,10270.36987616138,12078.032990679148,10747.933400543498,11472.773660784751,11558.74727514282,10810.215855221353,10558.678146844011,10781.392763886117,11024.613627190773,10813.527537436286
6877.363265944516,12057.044021916192,10279.749409236218,12586.605847799543,9556.672823341118,10084.633668085902,10988.050603776497,11647.789017982564,11487.746871039411,11550.886108967436,10137.085391794692,10660.027126423933,10823.646758568093,10586.738667446563,11266.177378103479,10270.36987616138,9511.781597027642,10747.933400543498,11472.773660784751,11558.74727514282,10810.215855221353,10558.678146844011,10781.392763886117,11024.613627190773,10813.527537436286
6877.363265944516,11732.288944223652,10279.749409236218,12035.901799296602,9556.672823341118,10084.633668085902,10988.050603776497,11647.789017982564,11487.746871039411,11550.886108967436,10137.085391794692,10660.027126423933,10823.646758568093,10586.738667446563,11266.177378103479,10270.36987616138,9511.781597027642,10747.933400543498,11472.773660784751,11558.74727514282,10810.215855221353,10558.678146844011,10781.392763886117,11024.613627190773,10813.527537436286
6877.363265944516,11732.288944223652,10279.749409236218,12035.901799296602,9556.672823341118,10084.633668085902,10988.050603776497,11647.789017982564,11487.746871039411,11550.886108967436,10137.085391794692,9685.85807292376,10823.646758568093,10586.738667446563,11266.177378103479,10270.36987616138,9511.781597027642,10747.933400543498,11472.773660784751,11541.675164363658,10810.215855221353,10558.678146844011,10781.392763886117,11024.613627190773,10813.527537436286
6877.363265944516,11732.288944223652,10279.749409236218,12035.901799296602,9556.672823341118,10084.633668085902,10988.050603776497,11647.789017982564,11103.256332524728,11550.886108967436,10137.085391794692,9685.85807292376,10823.646758568093,10586.738667446563,11266.177378103479,10270.36987616138,9511.781597027642,10747.933400543498,11472.773660784751,11541.675164363658,10810.215855221353,10558.678146844011,10781.392763886117,11024.613627190773,10813.527537436286
6877.363265944516,11732.288944223652,9888.99952057523,12035.901799296602,9556.672823341118,10084.633668085902,10988.050603776497,11214.079334627697,11103.256332524728,11550.886108967436,10137.085391794692,9685.85807292376,10823.646758568093,10586.738667446563,11266.177378103479,10270.36987616138,9511.781597027642,10747.933400543498,11472.773660784751,11541.675164363658,10810.215855221353,10558.678146844011,10781.392763886117,11024.613627190773,10813.527537436286
6877.363265944516,11732.288944223652,9888.99952057523,12035.901799296602,9556.672823341118,10084.633668085902,10988.050603776497,11214.079334627697,11103.256332524728,11518.329216909244,10137.085391794692,9685.85807292376,10823.646758568093,10586.738667446563,11266.177378103479,10270.36987616138,9511.781597027642,10747.933400543498,11472.773660784751,11541.675164363658,10810.215855221353,10558.678146844011,10781.392763886117,11024.613627190773,10813.527537436286
6877.363265944516,11732.288944223652,9888.99952057523,12035.901799296602,9556.672823341118,10084.633668085902,10988.050603776497,11214.079334627697,11103.256332524728,11518.329216909244,10137.085391794692,9685.85807292376,10823.646758568093,10586.738667446563,11266.177378103479,10270.36987616138,9511.781597027642,10747.933400543498,11472.773660784751,11541.675164363658,10810.215855221353,10558.678146844011,10781.392763886117,11024.613627190773,10813.527537436286
6877.363265944516,11732.288944223652,9888.99952057523,12035.901799296602,9556.672823341118,10084.633668085902,10988.050603776497,11214.079334627697,11103.256332524728,11518.329216909244,10137.085391794692,9685.85807292376,10823.646758568093,10586.738667446563,11266.177378103479,9937.805100356376,9511.781597027642,10747.933400543498,11472.773660784751,11541.675164363658,10810.215855221353,10558.678146844011,10781.392763886117,11024.613627190773,10813.527537436286
6877.363265944516,11732.288944223652,9888.99952057523,12035.901799296602,9556.672823341118,10084.633668085902,10988.050603776497,11214.079334627697,11103.256332524728,11518.329216909244,10137.085391794692,9685.85807292376,10823.646758568093,10586.738667446563,9008.98193630367,9937.805100356376,9511.781597027642,10747.933400543498,11472.773660784751,11541.675164363658,10810.215855221353,10558.678146844011,10781.392763886117,11024.613627190773,10813.527537436286
6877.363265944516,11238.889054623643,9888.99952057523,12035.901799296602,9556.672823341118,10084.633668085902,10988.050603776497,10360.19937218183,11103.256332524728,11518.329216909244,10137.085391794692,9685.85807292376,10823.646758568093,10308.722757379015,9008.98193630367,9937.805100356376,9511.781597027642,9539.020300920318,11472.773660784751,11541.675164363658,10810.215855221353,10558.678146844011,10781.392763886117,10491.83334094855,10813.527537436286
6877.363265944516,11238.889054623643,9888.99952057523,10255.09341437023,9556.672823341118,10084.633668085902,10988.050603776497,10360.19937218183,11103.256332524728,11518.329216909244,10137.085391794692,9685.85807292376,10823.646758568093,10308.722757379015,9008.98193630367,9937.805100356376,9511.781597027642,9539.020300920318,11472.773660784751,11541.675164363658,10810.215855221353,10558.678146844011,10781.392763886117,10491.83334094855,10410.421221950319
6877.363265944516,11238.889054623643,9888.99952057523,10255.09341437023,9556.672823341118,10084.633668085902,10988.050603776497,10360.19937218183,11103.256332524728,11518.329216909244,10137.085391794692,9685.85807292376,10823.646758568093,10308.722757379015,9008.98193630367,9937.805100356376,9511.781597027642,9539.020300920318,11472.773660784751,11541.675164363658,10810.215855221353,10558.678146844011,10781.392763886117,10491.83334094855,10410.421221950319
6877.363265944516,11238.889054623643,9888.99952057523,10255.09341437023,9556.672823341118,10084.633668085902,10988.050603776497,10360.19937218183,11103.256332524728,11518.329216909244,10137.085391794692,9685.85807292376,10823.646758568093,10308.722757379015,9008.98193630367,9937.805100356376,9511.781597027642,9539.020300920318,11472.773660784751,11541.675164363658,10810.215855221353,10558.678146844011,10781.392763886117,9922.380538170524,10410.421221950319
6877.363265944516,11238.889054623643,9888.99952057523,10255.09341437023,9556.672823341118,10084.633668085902,10988.050603776497,10360.19937218183,11103.256332524728,11518.329216909244,10137.085391794692,9685.85807292376,10823.646758568093,10308.722757379015,9008.98193630367,9937.805100356376,9511.781597027642,9539.020300920318,11472.773660784751,11541.675164363658,10810.215855221353,10558.678146844011,10781.392763886117,9922.380538170524,10410.421221950319
6877.363265944516,11238.889054623643,9760.417496915643,10255.09341437023,9556.672823341118,10084.633668085902,10988.050603776497,10360.19937218183,11103.256332524728,11518.329216909244,10137.085391794692,9685.85807292376,10823.646758568093,10308.722757379015,9008.98193630367,9937.805100356376,9511.781597027642,9539.020300920318,11472.773660784751,11541.675164363658,10810.215855221353,10558.678146844011,10781.392763886117,9922.380538170524,10266.051484192627
6877.363265944516,11238.889054623643,9286.341871377555,10255.09341437023,9556.672823341118,10084.633668085902,10988.050603776497,10360.19937218183,11103.256332524728,11518.329216909244,10137.085391794692,9685.85807292376,10823.646758568093,10308.722757379015,9008.98193630367,9937.805100356376,9511.781597027642,9539.020300920318,11472.773660784751,11541.675164363658,10810.215855221353,10558.678146844011,10781.392763886117,9638.06801393114,10266.051484192627
6877.363265944516,11238.889054623643,9286.341871377555,10255.09341437023,9556.672823341118,10084.633668085902,10988.050603776497,10360.19937218183,11103.256332524728,11518.329216909244,10137.085391794692,9685.85807292376,10823.646758568093,10308.722757379015,9008.98193630367,9937.805100356376,9511.781597027642,9539.020300920318,11472.773660784751,10285.814034665504,10810.215855221353,10558.678146844011,10781.392763886117,9638.06801393114,10266.051484192627
6877.363265944516,11238.889054623643,9286.341871377555,10255.09341437023,9556.672823341118,10084.633668085902,9887.29214474961,10360.19937218183,11103.256332524728,11518.329216909244,10137.085391794692,9685.85807292376,10522.001961480424,9075.074583464902,9008.98193630367,9937.805100356376,9511.781597027642,9539.020300920318,11472.773660784751,10285.814034665504,10810.215855221353,10558.678146844011,10781.392763886117,9638.06801393114,10266.051484192627
6877.363265944516,11238.889054623643,9286.341871377555,10255.09341437023,9556.672823341118,10084.633668085902,9887.29214474961,10360.19937218183,11103.256332524728,11518.329216909244,10137.085391794692,9685.85807292376,10352.584262360573,9075.074583464902,9008.98193630367,9937.805100356376,9511.781597027642,9539.020300920318,11472.773660784751,10285.814034665504,10810.215855221353,9366.531964592994,10781.392763886117,9638.06801393114,10266.051484192627
6877.363265944516,11238.889054623643,9286.341871377555,10255.09341437023,9556.672823341118,10084.633668085902,9887.29214474961,10360.19937218183,11103.256332524728,11518.329216909244,10137.085391794692,9685.85807292376,10352.584262360573,9075.074583464902,9008.98193630367,9937.805100356376,9511.781597027642,9539.020300920318,11472.773660784751,10285.814034665504,10810.215855221353,9366.531964592994,10781.392763886117,9638.06801393114,10266.051484192627
6877.363265944516,11238.889054623643,9286.341871377555,10255.09341437023,9556.672823341118,10084.633668085902,9887.29214474961,10360.19937218183,11103.256332524728,11518.329216909244,10137.085391794692,9685.85807292376,10352.584262360573,9075.074583464902,9008.98193630367,9937.805100356376,9511.781597027642,9539.020300920318,11472.773660784751,10285.814034665504,10810.215855221353,9366.531964592994,10781.392763886117,9638.06801393114,10266.051484192627
6877.363265944516,11238.889054623643,9286.341871377555,10255.09341437023,9556.672823341118,10084.633668085902,9887.29214474961,10360.19937218183,11103.256332524728,11518.329216909244,10137.085391794692,9685.85807292376,10352.584262360573,9075.074583464902,9008.98193630367,9937.805100356376,9511.781597027642,9539.020300920318,11472.773660784751,10285.814034665504,10810.215855221353,9366.531964592994,10781.392763886117,9638.06801393114,10266.051484192627
6877.363265944516,11238.889054623643,9286.341871377555,10255.09341437023,9556.672823341118,10084.633668085902,9887.29214474961,10360.19937218183,11103.256332524728,11518.329216909244,10137.085391794692,8725.149017635042,10352.584262360573,9075.074583464902,9008.98193630367,9937.805100356376,9511.781597027642,9539.020300920318,11472.773660784751,10285.814034665504,10810.215855221353,9366.531964592994,10581.096224528279,9638.06801393114,10266.051484192627
6877.363265944516,11238.889054623643,9286.341871377555,10255.09341437023,9556.672823341118,10084.633668085902,9887.29214474961,10360.19937218183,11103.256332524728,11244.254783838089,10137.085391794692,8725.149017635042,10352.584262360573,9075.074583464902,9008.98193630367,9937.805100356376,9511.781597027642,9539.020300920318,10665.441995424982,10285.814034665504,10810.215855221353,9366.531964592994,10581.096224528279,9638.06801393114,10241.371013025753
6877.363265944516,10383.57417211308,9286.341871377555,10255.09341437023,9556.672823341118,10084.633668085902,9887.29214474961,10360.19937218183,11103.256332524728,11244.254783838089,10137.085391794692,8725.149017635042,10352.584262360573,9075.074583464902,9008.98193630367,9937.805100356376,9511.781597027642,9539.020300920318,10665.441995424982,10285.814034665504,10810.215855221353,9366.531964592994,10581.096224528279,9638.06801393114,10241.371013025753
6877.363265944516,10383.57417211308,9286.341871377555,10255.09341437023,9556.672823341118,10084.633668085902,9887.29214474961,10360.19937218183,11103.256332524728,11244.254783838089,10137.085391794692,8725.149017635042,9804.478955929782,9075.074583464902,9008.98193630367,9937.805100356376,9511.781597027642,9539.020300920318,10665.441995424982,10285.814034665504,10810.215855221353,9366.531964592994,10581.096224528279,9638.06801393114,10241.371013025753
6877.363265944516,10383.57417211308,9286.341871377555,10255.09341437023,9556.672823341118,10084.633668085902,9887.29214474961,10360.19937218183,11103.256332524728,11244.254783838089,10137.085391794692,8725.149017635042,8762.720230376337,9075.074583464902,9008.98193630367,9937.805100356376,9511.781597027642,9539.020300920318,10665.441995424982,10285.814034665504,10810.215855221353,9366.531964592994,10581.096224528279,9638.06801393114,10241.371013025753
6877.363265944516,10383.57417211308,9286.341871377555,10255.09341437023,9556.672823341118,10084.633668085902,9887.29214474961,9926.067342073633,11103.256332524728,11244.254783838089,10137.085391794692,8725.149017635042,8762.720230376337,9075.074583464902,9008.98193630367,9937.805100356376,9511.781597027642,9539.020300920318,10665.441995424982,10285.814034665504,10810.215855221353,9366.531964592994,10581.096224528279,9638.06801393114,10241.371013025753
6877.363265944516,10383.57417211308,9286.341871377555,10255.09341437023,9556.672823341118,10084.633668085902,9887.29214474961,9926.067342073633,11103.256332524728,11244.254783838089,10137.085391794692,8725.149017635042,8762.720230376337,9075.074583464902,9008.98193630367,9937.805100356376,9511.781597027642,9539.020300920318,10665.441995424982,10285.814034665504,10810.215855221353,9366.531964592994,10581.096224528279,9638.06801393114,10241.371013025753
6877.363265944516,10383.57417211308,9286.341871377555,10255.09341437023,9556.672823341118,10084.633668085902,9887.29214474961,9926.067342073633,10414.725525495172,11244.254783838089,10137.085391794692,8725.149017635042,8762.720230376337,9075.074583464902,9008.98193630367,9117.857679433575,9511.781597027642,9539.020300920318,10665.441995424982,10285.814034665504,10810.215855221353,9366.531964592994,10581.096224528279,9638.06801393114,10241.371013025753
6877.363265944516,10383.57417211308,9286.341871377555,10255.09341437023,9556.672823341118,10084.633668085902,9887.29214474961,9926.067342073633,10414.725525495172,11244.254783838089,10137.085391794692,8725.149017635042,8762.720230376337,9075.074583464902,9008.98193630367,9117.857679433575,9511.781597027642,9539.020300920318,10665.441995424982,10285.814034665504,10810.215855221353,9366.531964592994,10581.096224528279,7961.958423638749,10241.371013025753
6877.363265944516,10383.57417211308,9286.341871377555,10255.09341437023,9556.672823341118,10084.633668085902,9887.29214474961,9926.067342073633,10414.725525495172,10812.969687786406,10137.085391794692,8725.149017635042,8762.720230376337,9075.074583464902,9008.98193630367,9117.857679433575,9511.781597027642,9539.020300920318,10589.037872615216,10285.814034665504,10810.215855221353,9366.531964592994,10581.096224528279,7961.958423638749,10241.371013025753
6877.363265944516,10383.57417211308,9286.341871377555,10255.09341437023,9556.672823341118,10084.633668085902,9887.29214474961,9926.067342073633,10414.725525495172,10812.969687786406,10137.085391794692,8725.149017635042,8762.720230376337,9075.074583464902,9008.98193630367,9117.857679433575,9511.781597027642,9539.020300920318,10589.037872615216,10285.814034665504,10810.215855221353,9366.531964592994,10581.096224528279,7961.958423638749,10241.371013025753
6877.363265944516,10383.57417211308,9286.341871377555,10255.09341437023,9556.672823341118,10084.633668085902,9887.29214474961,9926.067342073633,10414.725525495172,10812.969687786406,10137.085391794692,8725.149017635042,8762.720230376337,9075.074583464902,9008.98193630367,9117.857679433575,9511.781597027642,9539.020300920318,10589.037872615216,10285.814034665504,10810.215855221353,9366.531964592994,10581.096224528279,7961.958423638749,10241.371013025753
6877.363265944516,10383.57417211308,9286.341871377555,10255.09341437023,9556.672823341118,10084.633668085902,9887.29214474961,9926.067342073633,10414.725525495172,10812.969687786406,10137.085391794692,8725.149017635042,8762.720230376337,9075.074583464902,9008.98193630367,9117.857679433575,9511.781597027642,9539.020300920318,10589.037872615216,10285.814034665504,10810.215855221353,9366.531964592994,10581.096224528279,7961.958423638749,10207.84586855473
6877.363265944516,10383.57417211308,9286.341871377555,10255.09341437023,9556.672823341118,10084.633668085902,9887.29214474961,9926.067342073633,10414.725525495172,10812.969687786406,10137.085391794692,8725.149017635042,8762.720230376337,9075.074583464902,9008.98193630367,9117.857679433575,9511.781597027642,9539.020300920318,10589.037872615216,10285.814034665504,10810.215855221353,9366.531964592994,10581.096224528279,7961.958423638749,10207.84586855473
6877.363265944516,10383.57417211308,9286.341871377555,10255.09341437023,9556.672823341118,10084.633668085902,9887.29214474961,9926.067342073633,10414.725525495172,10812.969687786406,10137.085391794692,8725.149017635042,8762.720230376337,9075.074583464902,9008.98193630367,9117.857679433575,9511.781597027642,9539.020300920318,10443.17991141498,10285.814034665504,10810.215855221353,9366.531964592994,10581.096224528279,7961.958423638749,10207.84586855473
6877.363265944516,10383.57417211308,9286.341871377555,10255.09341437023,9556.672823341118,10084.633668085902,9887.29214474961,7754.878505816441,10414.725525495172,10812.969687786406,10137.085391794692,8725.149017635042,8762.720230376337,9075.074583464902,9008.98193630367,9117.857679433575,9308.318311225396,9539.020300920318,10354.331490426834,10285.814034665504,10810.215855221353,9366.531964592994,9842.37804617357,7961.958423638749,8674.435609599142
6877.363265944516,10383.57417211308,9286.341871377555,10255.09341437023,9556.672823341118,10084.633668085902,9887.29214474961,7754.878505816441,10414.725525495172,10812.969687786406,10137.085391794692,8725.149017635042,8762.720230376337,9075.074583464902,9008.98193630367,9117.857679433575,9308.318311225396,9539.020300920318,10354.331490426834,10285.814034665504,10810.215855221353,9366.531964592994,9842.37804617357,7961.958423638749,8674.435609599142
6877.363265944516,10383.57417211308,9286.341871377555,10255.09341437023,9556.672823341118,10084.633668085902,9887.29214474961,7754.878505816441,10414.725525495172,10812.969687786406,7642.530024854099,8725.149017635042,8762.720230376337,9075.074583464902,9008.98193630367,9104.313379019748,9308.318311225396,9539.020300920318,10354.331490426834,10285.814034665504,10810.215855221353,9366.531964592994,9842.37804617357,7961.958423638749,8674.435609599142
6877.363265944516,10383.57417211308,9286.341871377555,10255.09341437023,9556.672823341118,10084.633668085902,9887.29214474961,7754.878505816441,10414.725525495172,10812.969687786406,7642.530024854099,8725.149017635042,8660.75554975676,9075.074583464902,9008.98193630367,9104.313379019748,9308.318311225396,9539.020300920318,10354.331490426834,10285.814034665504,10484.732826134445,9366.531964592994,9842.37804617357,7961.958423638749,8674.435609599142
6877.363265944516,10383.57417211308,9286.341871377555,10255.09341437023,9556.672823341118,10084.633668085902,9887.29214474961,7754.878505816441,10414.725525495172,7616.862854011231,7642.530024854099,8725.149017635042,8660.75554975676,9075.074583464902,9008.98193630367,9104.313379019748,9308.318311225396,9539.020300920318,9797.01430149208,10285.814034665504,10484.732826134445,9366.531964592994,9842.37804617357,7961.958423638749,8674.435609599142
6877.363265944516,10383.57417211308,9286.341871377555,10255.09341437023,9556.672823341118,10084.633668085902,9887.29214474961,7754.878505816441,10414.725525495172,7616.862854011231,7642.530024854099,8725.149017635042,8660.75554975676,9075.074583464902,9008.98193630367,9104.313379019748,9308.318311225396,9539.020300920318,9797.01430149208,10285.814034665504,10484.732826134445,9366.531964592994,9842.37804617357,7961.958423638749,8674.435609599142
6877.363265944516,10383.57417211308,9286.341871377555,10255.09341437023,9377.840545249132,10084.633668085902,9887.29214474961,7754.878505816441,10414.725525495172,7616.862854011231,7642.530024854099,8725.149017635042,8660.75554975676,9075.074583464902,9008.98193630367,9104.313379019748,9308.318311225396,9539.020300920318,9797.01430149208,10285.814034665504,10484.732826134445,9366.531964592994,9842.37804617357,7961.958423638749,8674.435609599142
6877.363265944516,10383.57417211308,9286.341871377555,10255.09341437023,9377.840545249132,10084.633668085902,9887.29214474961,7754.878505816441,10414.725525495172,7616.862854011231,7642.530024854099,8725.149017635042,8660.75554975676,9075.074583464902,9008.98193630367,9104.313379019748,9308.318311225396,9539.020300920318,9797.01430149208,10285.814034665504,10484.732826134445,9366.531964592994,9842.37804617357,7961.958423638749,8674.435609599142
6877.363265944516,10383.57417211308,9286.341871377555,10255.09341437023,9377.840545249132,10084.633668085902,9887.29214474961,7754.878505816441,10414.725525495172,7616.862854011231,7642.530024854099,8725.149017635042,8660.75554975676,9075.074583464902,9008.98193630367,9104.313379019748,9308.318311225396,9539.020300920318,9797.01430149208,10285.814034665504,10484.732826134445,9366.531964592994,9842.37804617357,7961.958423638749,8674.435609599142
6877.363265944516,10383.57417211308,8740.636534026256,10255.09341437023,9377.840545249132,10084.633668085902,9887.29214474961,7754.878505816441,10414.725525495172,7616.862854011231,7642.530024854099,8725.149017635042,8660.75554975676,9075.074583464902,9008.98193630367,9104.313379019748,9308.318311225396,9539.020300920318,9797.01430149208,10285.814034665504,10484.732826134445,9366.531964592994,9842.37804617357,7961.958423638749,8674.435609599142
6877.363265944516,10383.57417211308,8740.636534026256,10255.09341437023,9377.840545249132,10084.633668085902,9887.29214474961,7754.878505816441,10414.725525495172,7616.862854011231,7642.530024854099,8725.149017635042,8660.75554975676,9075.074583464902,9008.98193630367,9104.313379019748,9308.318311225396,9539.020300920318,9797.01430149208,10285.814034665504,9437.562818181612,9366.531964592994,9842.37804617357,7961.958423638749,8674.435609599142
6877.363265944516,10383.57417211308,8740.636534026256,10255.09341437023,9377.840545249132,10084.633668085902,9887.29214474961,7754.878505816441,10414.725525495172,7616.862854011231,7642.530024854099,8725.149017635042,8660.75554975676,9075.074583464902,9008.98193630367,9104.313379019748,9308.318311225396,9539.020300920318,9797.01430149208,10285.814034665504,9437.562818181612,9366.531964592994,9572.525298248256,7961.958423638749,8674.435609599142
6877.363265944516,10383.57417211308,8740.636534026256,10255.09341437023,9377.840545249132,10084.633668085902,9887.29214474961,7754.878505816441,9373.382611176485,7616.862854011231,7642.530024854099,8725.149017635042,8660.75554975676,9075.074583464902,9008.98193630367,9104.313379019748,9308.318311225396,9539.020300920318,9797.01430149208,10285.814034665504,9437.562818181612,9366.531964592994,9572.525298248256,7961.958423638749,8674.435609599142
6877.363265944516,10383.57417211308,8740.636534026256,10255.09341437023,9377.840545249132,10084.633668085902,9887.29214474961,7754.878505816441,9373.382611176485,7616.862854011231,7642.530024854099,8725.149017635042,8660.75554975676,9075.074583464902,9008.98193630367,9104.313379019748,9308.318311225396,9539.020300920318,9797.01430149208,10285.814034665504,9437.562818181612,9366.531964592994,9572.525298248256,7961.958423638749,8674.435609599142
6877.363265944516,10383.57417211308,8740.636534026256,10255.09341437023,9377.840545249132,10084.633668085902,9887.29214474961,7754.878505816441,9373.382611176485,7616.862854011231,7642.530024854099,8725.149017635042,8660.75554975676,9075.074583464902,9008.98193630367,9104.313379019748,9308.318311225396,9539.020300920318,9441.83430744161,10285.814034665504,9437.562818181612,9366.531964592994,9572.525298248256,7961.958423638749,8674.435609599142
6877.363265944516,10383.57417211308,8740.636534026256,10255.09341437023,9377.840545249132,10084.633668085902,9887.29214474961,7754.878505816441,9373.382611176485,7616.862854011231,7642.530024854099,8725.149017635042,8660.75554975676,9075.074583464902,8589.554014441635,9104.313379019748,9308.318311225396,9539.020300920318,9441.83430744161,10285.814034665504,8877.601786774308,9366.531964592994,9572.525298248256,7961.958423638749,8674.435609599142
6877.363265944516,10383.57417211308,8740.636534026256,10255.09341437023,9377.840545249132,10084.633668085902,9887.29214474961,7754.878505816441,8360.654311839724,7616.862854011231,7642.530024854099,8725.149017635042,8660.75554975676,9075.074583464902,8589.554014441635,9104.313379019748,9308.318311225396,9539.020300920318,9441.83430744161,10285.814034665504,8877.601786774308,9366.531964592994,9572.525298248256,7961.958423638749,8674.435609599142
6877.363265944516,10383.57417211308,8740.636534026256,10255.09341437023,9377.840545249132,10084.633668085902,9278.232075109794,7754.878505816441,8360.654311839724,7616.862854011231,7642.530024854099,8725.149017635042,8660.75554975676,9075.074583464902,8589.554014441635,9104.313379019748,9308.318311225396,9539.020300920318,9441.83430744161,10285.814034665504,8877.601786774308,9366.531964592994,8240.01881350611,7961.958423638749,8674.435609599142
6877.363265944516,10383.57417211308,8740.636534026256,10255.09341437023,9377.840545249132,10084.633668085902,9278.232075109794,7754.878505816441,8360.654311839724,7616.862854011231,7642.530024854099,8725.149017635042,8660.75554975676,9075.074583464902,8589.554014441635,9104.313379019748,9308.318311225396,9539.020300920318,9441.83430744161,10285.814034665504,8877.601786774308,9366.531964592994,8240.01881350611,7961.958423638749,8674.435609599142
6877.363265944516,10383.57417211308,8740.636534026256,10255.09341437023,9377.840545249132,10084.633668085902,9278.232075109794,7754.878505816441,8360.654311839724,7616.862854011231,7642.530024854099,8725.149017635042,8660.75554975676,9075.074583464902,8589.554014441635,9104.313379019748,9308.318311225396,9539.020300920318,9441.83430744161,9795.571046910982,8877.601786774308,9366.531964592994,8240.01881350611,7961.958423638749,8674.435609599142
6877.363265944516,10383.57417211308,8740.636534026256,10255.09341437023,9377.840545249132,10084.633668085902,9278.232075109794,7754.878505816441,8360.654311839724,7616.862854011231,7642.530024854099,8725.149017635042,8660.75554975676,9075.074583464902,8589.554014441635,9104.313379019748,9308.318311225396,9539.020300920318,9441.83430744161,9795.571046910982,8877.601786774308,9366.531964592994,8240.01881350611,7961.958423638749,8674.435609599142
6877.363265944516,10383.57417211308,8740.636534026256,10255.09341437023,9377.840545249132,10084.633668085902,9278.232075109794,7754.878505816441,8360.654311839724,7616.862854011231,7642.530024854099,8725.149017635042,8660.75554975676,9075.074583464902,8589.554014441635,9104.313379019748,9308.318311225396,9539.020300920318,9441.83430744161,9795.571046910982,8877.601786774308,9366.531964592994,8240.01881350611,7961.958423638749,8674.435609599142
6877.363265944516,10383.57417211308,8740.636534026256,10255.09341437023,9377.840545249132,10084.633668085902,9278.232075109794,7754.878505816441,8360.654311839724,7616.862854011231,7642.530024854099,8725.149017635042,8660.75554975676,9075.074583464902,8589.554014441635,9104.313379019748,9308.318311225396,9539.020300920318,9441.83430744161,9795.571046910982,8877.601786774308,9366.531964592994,8240.01881350611,7961.958423638749,8674.435609599142
6877.363265944516,10383.57417211308,8740.636534026256,10255.09341437023,9377.840545249132,10084.633668085902,9278.232075109794,7754.878505816441,8360.654311839724,7616.862854011231,7642.530024854099,8725.149017635042,8660.75554975676,9075.074583464902,8589.554014441635,9104.313379019748,9308.318311225396,9539.020300920318,9441.83430744161,9795.571046910982,8877.601786774308,9366.531964592994,8240.01881350611,7961.958423638749,8674.435609599142
6877.363265944516,10383.57417211308,8740.636534026256,8180.463878461396,9377.840545249132,10084.633668085902,9278.232075109794,7754.878505816441,8360.654311839724,7616.862854011231,7642.530024854099,8725.149017635042,8660.75554975676,9075.074583464902,8589.554014441635,9104.313379019748,9308.318311225396,9539.020300920318,9441.83430744161,9795.571046910982,8877.601786774308,9366.531964592994,8240.01881350611,7961.958423638749,8674.435609599142
6877.363265944516,10383.57417211308,8740.636534026256,8180.463878461396,9377.840545249132,10084.633668085902,9278.232075109794,7754.878505816441,8360.654311839724,7616.862854011231,7642.530024854099,8725.149017635042,8660.75554975676,9075.074583464902,8589.554014441635,9104.313379019748,9308.318311225396,9539.020300920318,9441.83430744161,9795.571046910982,8877.601786774308,9366.531964592994,8240.01881350611,7961.958423638749,8674.435609599142
6877.363265944516,10383.57417211308,8740.636534026256,8180.463878461396,9377.840545249132,10084.633668085902,9278.232075109794,7754.878505816441,8360.654311839724,7616.862854011231,7642.530024854099,8725.149017635042,8660.75554975676,8722.082675439293,8589.554014441635,9104.313379019748,9308.318311225396,9539.020300920318,9441.83430744161,9795.571046910982,8877.601786774308,9366.531964592994,8240.01881350611,7961.958423638749,8674.435609599142
6877.363265944516,10078.538568093112,8740.636534026256,8180.463878461396,9377.840545249132,10084.633668085902,9278.232075109794,7754.878505816441,8360.654311839724,7616.862854011231,7642.530024854099,8725.149017635042,8660.75554975676,8722.082675439293,8589.554014441635,9104.313379019748,9308.318311225396,9539.020300920318,9441.83430744161,9795.571046910982,8877.601786774308,9366.531964592994,8240.01881350611,7961.958423638749,7959.502101143396
6877.363265944516,10078.538568093112,8740.636534026256,8180.463878461396,9377.840545249132,10084.633668085902,9278.232075109794,7754.878505816441,8360.654311839724,7616.862854011231,7642.530024854099,8725.149017635042,8660.75554975676,8722.082675439293,8589.554014441635,9104.313379019748,9308.318311225396,9539.020300920318,9441.83430744161,9795.571046910982,8877.601786774308,9366.531964592994,8240.01881350611,7961.958423638749,7959.502101143396
6877.363265944516,10078.538568093112,8740.636534026256,8180.463878461396,8455.933110531227,10084.633668085902,9278.232075109794,7754.878505816441,8360.654311839724,7616.862854011231,7642.530024854099,8725.149017635042,8660.75554975676,8722.082675439293,8589.554014441635,9104.313379019748,9308.318311225396,9539.020300920318,9441.83430744161,9795.571046910982,8877.601786774308,9366.531964592994,8240.01881350611,7961.958423638749,7959.502101143396
6877.363265944516,10078.538568093112,8740.636534026256,8180.463878461396,8455.933110531227,9900.821132091147,8634.742140027462,7754.878505816441,8360.654311839724,7616.862854011231,7642.530024854099,8725.149017635042,8660.75554975676,8722.082675439293,8589.554014441635,9104.313379019748,9308.318311225396,9539.020300920318,9441.83430744161,9795.571046910982,8877.601786774308,9366.531964592994,8240.01881350611,7961.958423638749,7959.502101143396
6877.363265944516,10078.538568093112,8740.636534026256,8180.463878461396,8455.933110531227,9900.821132091147,8634.742140027462,7754.878505816441,8360.654311839724,7616.862854011231,7642.530024854099,8725.149017635042,8660.75554975676,8722.082675439293,8589.554014441635,7177.359101959299,9308.318311225396,9539.020300920318,9441.83430744161,9795.571046910982,8877.601786774308,9366.531964592994,8240.01881350611,7961.958423638749,7959.502101143396
6877.363265944516,10078.538568093112,8740.636534026256,8180.463878461396,8455.933110531227,9900.821132091147,8634.742140027462,7754.878505816441,8360.654311839724,7616.862854011231,7642.530024854099,8725.149017635042,8660.75554975676,8722.082675439293,8589.554014441635,7177.359101959299,9308.318311225396,9539.020300920318,9441.83430744161,9795.571046910982,8877.601786774308,9366.531964592994,8240.01881350611,7961.958423638749,7959.502101143396
6877.363265944516,10078.538568093112,8740.636534026256,8180.463878461396,8455.933110531227,9900.821132091147,8634.742140027462,7754.878505816441,8360.654311839724,7616.862854011231,7642.530024854099,8725.149017635042,8660.75554975676,8722.082675439293,8589.554014441635,7177.359101959299,9308.318311225396,9539.020300920318,9441.83430744161,9795.571046910982,8877.601786774308,9366.531964592994,8240.01881350611,7961.958423638749,7959.502101143396
6877.363265944516,10078.538568093112,8740.636534026256,8180.463878461396,8455.933110531227,9900.821132091147,8634.742140027462,7754.878505816441,8360.654311839724,7616.862854011231,7642.530024854099,8725.149017635042,8660.75554975676,8722.082675439293,8589.554014441635,7177.359101959299,9308.318311225396,9539.020300920318,9441.83430744161,9795.571046910982,8877.601786774308,9366.531964592994,8240.01881350611,7961.958423638749,7959.502101143396
6877.363265944516,10078.538568093112,8740.636534026256,8180.463878461396,8455.933110531227,9900.821132091147,8634.742140027462,7754.878505816441,8360.654311839724,7616.862854011231,7642.530024854099,8725.149017635042,8509.88160469747,8722.082675439293,8589.554014441635,7177.359101959299,9308.318311225396,9539.020300920318,9441.83430744161,9795.571046910982,8877.601786774308,9366.531964592994,8240.01881350611,7961.958423638749,7959.502101143396
6877.363265944516,10078.538568093112,8740.636534026256,8180.463878461396,8455.933110531227,9900.821132091147,8634.742140027462,7754.878505816441,8360.654311839724,7616.862854011231,7642.530024854099,8723.846037200128,8509.88160469747,8722.082675439293,8589.554014441635,7177.359101959299,9308.318311225396,9539.020300920318,9441.83430744161,9124.766304366283,8877.601786774308,9366.531964592994,8240.01881350611,7961.958423638749,7959.502101143396
6877.363265944516,10078.538568093112,8740.636534026256,8180.463878461396,8455.933110531227,9900.821132091147,8634.742140027462,7754.878505816441,8360.654311839724,7616.862854011231,7642.530024854099,8723.846037200128,8509.88160469747,8722.082675439293,8462.252933623411,7177.359101959299,9308.318311225396,9539.020300920318,9441.83430744161,9124.766304366283,8877.601786774308,9366.531964592994,8240.01881350611,7961.958423638749,7959.502101143396
6877.363265944516,10078.538568093112,8740.636534026256,8180.463878461396,8455.933110531227,9900.821132091147,8634.742140027462,7754.878505816441,8360.654311839724,7616.862854011231,7642.530024854099,8723.846037200128,8509.88160469747,8722.082675439293,8462.252933623411,7177.359101959299,9308.318311225396,9539.020300920318,9441.83430744161,9124.766304366283,8877.601786774308,9366.531964592994,8240.01881350611,7961.958423638749,7959.502101143396
6877.363265944516,10078.538568093112,8740.636534026256,8180.463878461396,8455.933110531227,9900.821132091147,8634.742140027462,7754.878505816441,8360.654311839724,7616.862854011231,7642.530024854099,8723.846037200128,8509.88160469747,8722.082675439293,8462.252933623411,7177.359101959299,9308.318311225396,9539.020300920318,9441.83430744161,9124.766304366283,8877.601786774308,9366.531964592994,8240.01881350611,7961.958423638749,7959.502101143396
6877.363265944516,10078.538568093112,8740.636534026256,8180.463878461396,8455.933110531227,9900.821132091147,8634.742140027462,7235.086873172646,8360.654311839724,7616.862854011231,7642.530024854099,8723.846037200128,8509.88160469747,8722.082675439293,8462.252933623411,7177.359101959299,9308.318311225396,9539.020300920318,9441.83430744161,9124.766304366283,8877.601786774308,9366.531964592994,8240.01881350611,7961.958423638749,7959.502101143396
6877.363265944516,10078.538568093112,8740.636534026256,8180.463878461396,8455.933110531227,9893.048437702193,8634.742140027462,7235.086873172646,8360.654311839724,7616.862854011231,7642.530024854099,8723.846037200128,8509.88160469747,8722.082675439293,8462.252933623411,7177.359101959299,8706.080140221326,9539.020300920318,9441.83430744161,9124.766304366283,8877.601786774308,9366.531964592994,8240.01881350611,7961.958423638749,7959.502101143396
6877.363265944516,10078.538568093112,8740.636534026256,8180.463878461396,8455.933110531227,9893.048437702193,8634.742140027462,7235.086873172646,8360.654311839724,7616.862854011231,7642.530024854099,8723.846037200128,7894.047509244119,8722.082675439293,8462.252933623411,7177.359101959299,8706.080140221326,9539.020300920318,9441.83430744161,9124.766304366283,8877.601786774308,9366.531964592994,8240.01881350611,7961.958423638749,7959.502101143396
6877.363265944516,10078.538568093112,8740.636534026256,8180.463878461396,8455.933110531227,9893.048437702193,8634.742140027462,7235.086873172646,8360.654311839724,7616.862854011231,7642.530024854099,8723.846037200128,7894.047509244119,8722.082675439293,8462.252933623411,7177.359101959299,8706.080140221326,9539.020300920318,9441.83430744161,9124.766304366283,8877.601786774308,9366.531964592994,8240.01881350611,7961.958423638749,7959.502101143396
6877.363265944516,9777.197073584704,8740.636534026256,8180.463878461396,8455.933110531227,9893.048437702193,8634.742140027462,7235.086873172646,8360.654311839724,7616.862854011231,7642.530024854099,8723.846037200128,7894.047509244119,8722.082675439293,7639.709220755689,7177.359101959299,8706.080140221326,9539.020300920318,9441.83430744161,9124.766304366283,8877.601786774308,9366.531964592994,8240.01881350611,7961.958423638749,7959.502101143396
6877.363265944516,9777.197073584704,8740.636534026256,8180.463878461396,8455.933110531227,9893.048437702193,8634.742140027462,7235.086873172646,8360.654311839724,7616.862854011231,7642.530024854099,8723.846037200128,7894.047509244119,8722.082675439293,7639.709220755689,7177.359101959299,8706.080140221326,9539.020300920318,9441.83430744161,9124.766304366283,8877.601786774308,9366.531964592994,8240.01881350611,7961.958423638749,7959.502101143396
6877.363265944516,9777.197073584704,8740.636534026256,8180.463878461396,8455.933110531227,9893.048437702193,8634.742140027462,7235.086873172646,8360.654311839724,7616.862854011231,7642.530024854099,8723.846037200128,7894.047509244119,8722.082675439293,7639.709220755689,7177.359101959299,8706.080140221326,9539.020300920318,9441.83430744161,9124.766304366283,8877.601786774308,9366.531964592994,8240.01881350611,7961.958423638749,7959.502101143396
6877.363265944516,9777.197073584704,8740.636534026256,8180.463878461396,8455.933110531227,9893.048437702193,8634.742140027462,7235.086873172646,8360.654311839724,7616.862854011231,7642.530024854099,8723.846037200128,7894.047509244119,8722.082675439293,7639.709220755689,7177.359101959299,8706.080140221326,9539.020300920318,9441.83430744161,9124.766304366283,8877.601786774308,9366.531964592994,8240.01881350611,7961.958423638749,7959.502101143396
6877.363265944516,8940.636782419038,8740.636534026256,8180.463878461396,8455.933110531227,9893.048437702193,8634.742140027462,7235.086873172646,8360.654311839724,7616.862854011231,7037.9969084916975,7559.4080145618045,7894.047509244119,8722.082675439293,7639.709220755689,7177.359101959299,8706.080140221326,9539.020300920318,9441.83430744161,9124.766304366283,8877.601786774308,9366.531964592994,8240.01881350611,7961.958423638749,7959.502101143396
6877.363265944516,8940.636782419038,8740.636534026256,8180.463878461396,8455.933110531227,9893.048437702193,8634.742140027462,7235.086873172646,8360.654311839724,7616.862854011231,7037.9969084916975,7559.4080145618045,7894.047509244119,8722.082675439293,7639.709220755689,7177.359101959299,8706.080140221326,9539.020300920318,9441.83430744161,9124.766304366283,8877.601786774308,9366.531964592994,8240.01881350611,7961.958423638749,7959.502101143396
6877.363265944516,8940.636782419038,8740.636534026256,8180.463878461396,8455.933110531227,9893.048437702193,8634.742140027462,7235.086873172646,8360.654311839724,7616.862854011231,7037.9969084916975,7559.4080145618045,7894.047509244119,8722.082675439293,7639.709220755689,7177.359101959299,8706.080140221326,9539.020300920318,9441.83430744161,9124.766304366283,8877.601786774308,9366.531964592994,8240.01881350611,7961.958423638749,7959.502101143396
6877.363265944516,8940.636782419038,8740.636534026256,8180.463878461396,8455.933110531227,9893.048437702193,8634.742140027462,7235.086873172646,8360.654311839724,7616.862854011231,7037.9969084916975,7559.4080145618045,7894.047509244119,8722.082675439293,7639.709220755689,7177.359101959299,8706.080140221326,9383.200539452053,9441.83430744161,9124.766304366283,8877.601786774308,9366.531964592994,8240.01881350611,7961.958423638749,7959.502101143396
6877.363265944516,8940.636782419038,8740.636534026256,8180.463878461396,8455.933110531227,9893.048437702193,8634.742140027462,7235.086873172646,8360.654311839724,7616.862854011231,7037.9969084916975,7559.4080145618045,7894.047509244119,8722.082675439293,7639.709220755689,7177.359101959299,8706.080140221326,9383.200539452053,9391.633504786092,9124.766304366283,8877.601786774308,9366.531964592994,8240.01881350611,7961.958423638749,7959.502101143396
6877.363265944516,8940.636782419038,8740.636534026256,8180.463878461396,8455.933110531227,9893.048437702193,8634.742140027462,7235.086873172646,8360.654311839724,7616.862854011231,7037.9969084916975,7559.4080145618045,7894.047509244119,8722.082675439293,7639.709220755689,7177.359101959299,8706.080140221326,9383.200539452053,9391.633504786092,9124.766304366283,8877.601786774308,9366.531964592994,8240.01881350611,7961.958423638749,7959.502101143396
6877.363265944516,8940.636782419038,8740.636534026256,8180.463878461396,8455.933110531227,9893.048437702193,8634.742140027462,7235.086873172646,8360.654311839724,7616.862854011231,7037.9969084916975,7559.4080145618045,7894.047509244119,8722.082675439293,7639.709220755689,7177.359101959299,8706.080140221326,9383.200539452053,9391.633504786092,9124.766304366283,8877.601786774308,9366.531964592994,8240.01881350611,7961.958423638749,7959.502101143396
6877.363265944516,8940.636782419038,8740.636534026256,8180.463878461396,8455.933110531227,9893.048437702193,8634.742140027462,7235.086873172646,8360.654311839724,7616.862854011231,7037.9969084916975,7559.4080145618045,7894.047509244119,8722.082675439293,7639.709220755689,7177.359101959299,8706.080140221326,9383.200539452053,9391.633504786092,9124.766304366283,8877.601786774308,9366.531964592994,8240.01881350611,7961.958423638749,7959.502101143396
6877.363265944516,8940.636782419038,8740.636534026256,8180.463878461396,8455.933110531227,9893.048437702193,8634.742140027462,7235.086873172646,8360.654311839724,7616.862854011231,7037.9969084916975,7559.4080145618045,7894.047509244119,8722.082675439293,7639.709220755689,7177.359101959299,8706.080140221326,9383.200539452053,9391.633504786092,9124.766304366283,8877.601786774308,9366.531964592994,8240.01881350611,7961.958423638749,7959.502101143396
6877.363265944516,8940.636782419038,8740.636534026256,8180.463878461396,8455.933110531227,9893.048437702193,8634.742140027462,7235.086873172646,8360.654311839724,7616.862854011231,7037.9969084916975,7559.4080145618045,7894.047509244119,8722.082675439293,7639.709220755689,7177.359101959299,8706.080140221326,9383.200539452053,9391.633504786092,9124.766304366283,8877.601786774308,9366.531964592994,8240.01881350611,7961.958423638749,7959.502101143396
6877.363265944516,8940.636782419038,8740.636534026256,8180.463878461396,8455.933110531227,9893.048437702193,8634.742140027462,7235.086873172646,8360.654311839724,7616.862854011231,7037.9969084916975,7559.4080145618045,7894.047509244119,8722.082675439293,7639.709220755689,7177.359101959299,8706.080140221326,9383.200539452053,9391.633504786092,9124.766304366283,8877.601786774308,9366.531964592994,8240.01881350611,7961.958423638749,7959.502101143396
6877.363265944516,8940.636782419038,8740.636534026256,8180.463878461396,8455.933110531227,9893.048437702193,8634.742140027462,7235.086873172646,8360.654311839724,7616.862854011231,7037.9969084916975,7559.4080145618045,7894.047509244119,8722.082675439293,7639.709220755689,7177.359101959299,8706.080140221326,9383.200539452053,9391.633504786092,9124.766304366283,8877.601786774308,9366.531964592994,8240.01881350611,7961.958423638749,7959.502101143396
6877.363265944516,8940.636782419038,8740.636534026256,8180.463878461396,8455.933110531227,9893.048437702193,8634.742140027462,7235.086873172646,8360.654311839724,7616.862854011231,7037.9969084916975,7559.4080145618045,7894.047509244119,8722.082675439293,7639.709220755689,7177.359101959299,8706.080140221326,9383.200539452053,9391.633504786092,9124.766304366283,8877.601786774308,9366.531964592994,8240.01881350611,7961.958423638749,7959.502101143396
6877.363265944516,8940.636782419038,8740.636534026256,8180.463878461396,8455.933110531227,9893.048437702193,8634.742140027462,7235.086873172646,8360.654311839724,7616.862854011231,7037.9969084916975,7559.4080145618045,7894.047509244119,8722.082675439293,7639.709220755689,7177.359101959299,8706.080140221326,9383.200539452053,9391.633504786092,9124.766304366283,8877.601786774308,9366.531964592994,8108.05515941991,7961.958423638749,7959.502101143396
6877.363265944516,8940.636782419038,8740.636534026256,8180.463878461396,8455.933110531227,9893.048437702193,8634.742140027462,7235.086873172646,8360.654311839724,7616.862854011231,7037.9969084916975,7559.4080145618045,7894.047509244119,8722.082675439293,7639.709220755689,7177.359101959299,8706.080140221326,9383.200539452053,9391.633504786092,9124.766304366283,8877.601786774308,9366.531964592994,8108.05515941991,7961.958423638749,7959.502101143396
6877.363265944516,8940.636782419038,8740.636534026256,8180.463878461396,8455.933110531227,9893.048437702193,8634.742140027462,7235.086873172646,8360.654311839724,7616.862854011231,7037.9969084916975,7559.4080145618045,7894.047509244119,8722.082675439293,7639.709220755689,7177.359101959299,8706.080140221326,9383.200539452053,9391.633504786092,9124.766304366283,8877.601786774308,9366.531964592994,8108.05515941991,7961.958423638749,7959.502101143396
6877.363265944516,8940.636782419038,8740.636534026256,8180.463878461396,8455.933110531227,9893.048437702193,8634.742140027462,7235.086873172646,8360.654311839724,7616.862854011231,7037.9969084916975,7559.4080145618045,7894.047509244119,8722.082675439293,7639.709220755689,7177.359101959299,8706.080140221326,9383.200539452053,9391.633504786092,9124.766304366283,8877.601786774308,9366.531964592994,8108.05515941991,7961.958423638749,7959.502101143396
6877.363265944516,8940.636782419038,8740.636534026256,8180.463878461396,8455.933110531227,9652.052423746625,8634.742140027462,7235.086873172646,8360.654311839724,7616.862854011231,7037.9969084916975,7559.4080145618045,7894.047509244119,8722.082675439293,7639.709220755689,7177.359101959299,8706.080140221326,9383.200539452053,9391.633504786092,9124.766304366283,8877.601786774308,9366.531964592994,8108.05515941991,7961.958423638749,7959.502101143396
6877.363265944516,8940.636782419038,8740.636534026256,8180.463878461396,8455.933110531227,9652.052423746625,8634.742140027462,7235.086873172646,8360.654311839724,7616.862854011231,7037.9969084916975,7559.4080145618045,7894.047509244119,8722.082675439293,7639.709220755689,7177.359101959299,8706.080140221326,9383.200539452053,9391.633504786092,9124.766304366283,8877.601786774308,9366.531964592994,8108.05515941991,7961.958423638749,7959.502101143396
6877.363265944516,8940.636782419038,8139.775781176801,8180.463878461396,8455.933110531227,9652.052423746625,8634.742140027462,7235.086873172646,8360.654311839724,7616.862854011231,7037.9969084916975,7559.4080145618045,7894.047509244119,8634.828072172177,7639.709220755689,7177.359101959299,8706.080140221326,9383.200539452053,9391.633504786092,9124.766304366283,8877.601786774308,9366.531964592994,8108.05515941991,7961.958423638749,7959.502101143396
6877.363265944516,8940.636782419038,8139.775781176801,8180.463878461396,8455.933110531227,9652.052423746625,8634.742140027462,7235.086873172646,8360.654311839724,7616.862854011231,7037.9969084916975,7559.4080145618045,7894.047509244119,8634.828072172177,7639.709220755689,7177.359101959299,8706.080140221326,9383.200539452053,9391.633504786092,9124.766304366283,8877.601786774308,9366.531964592994,8108.05515941991,7961.958423638749,7959.502101143396
6877.363265944516,8940.636782419038,8139.775781176801,8180.463878461396,8455.933110531227,9652.052423746625,8634.742140027462,7235.086873172646,8360.654311839724,7616.862854011231,7037.9969084916975,7559.4080145618045,7894.047509244119,8634.828072172177,7639.709220755689,7177.359101959299,8706.080140221326,9383.200539452053,9391.633504786092,9124.766304366283,8877.601786774308,9366.531964592994,8108.05515941991,7731.6464980410165,7959.502101143396
6877.363265944516,8940.636782419038,8139.775781176801,8180.463878461396,8455.933110531227,9652.052423746625,8634.742140027462,7235.086873172646,8360.654311839724,7616.862854011231,7037.9969084916975,7559.4080145618045,7894.047509244119,8634.828072172177,7639.709220755689,7177.359101959299,8706.080140221326,9383.200539452053,9097.851045278392,8594.096378683442,8877.601786774308,8977.83297907492,8108.05515941991,7731.6464980410165,7959.502101143396
6877.363265944516,8940.636782419038,8139.775781176801,8180.463878461396,8455.933110531227,9381.201395265341,8634.742140027462,7235.086873172646,8360.654311839724,7616.862854011231,7037.9969084916975,7559.4080145618045,7894.047509244119,8634.828072172177,7639.709220755689,7177.359101959299,8706.080140221326,9383.200539452053,9097.851045278392,8594.096378683442,8877.601786774308,8977.83297907492,8108.05515941991,7731.6464980410165,7959.502101143396
6877.363265944516,8940.636782419038,8139.775781176801,8180.463878461396,8455.933110531227,9381.201395265341,8634.742140027462,7235.086873172646,8360.654311839724,7616.862854011231,7037.9969084916975,7559.4080145618045,7894.047509244119,8634.828072172177,7639.709220755689,7177.359101959299,8706.080140221326,9383.200539452053,9097.851045278392,8594.096378683442,8877.601786774308,8977.83297907492,8108.05515941991,7731.6464980410165,7959.502101143396
6877.363265944516,8940.636782419038,8139.775781176801,8180.463878461396,8455.933110531227,9381.201395265341,8631.138063842649,7235.086873172646,8360.654311839724,7616.862854011231,7037.9969084916975,7559.4080145618045,7894.047509244119,8634.828072172177,7639.709220755689,7177.359101959299,8706.080140221326,9383.200539452053,9097.851045278392,8594.096378683442,8877.601786774308,8977.83297907492,8108.05515941991,7731.6464980410165,7959.502101143396
6877.363265944516,8940.636782419038,8139.775781176801,8180.463878461396,8438.45368489247,9381.201395265341,8631.138063842649,7235.086873172646,8360.654311839724,7616.862854011231,7037.9969084916975,7559.4080145618045,7894.047509244119,8634.828072172177,7639.709220755689,7177.359101959299,8706.080140221326,9383.200539452053,9097.851045278392,8594.096378683442,8877.601786774308,8977.83297907492,8108.05515941991,7731.6464980410165,7959.502101143396
6877.363265944516,8940.636782419038,8139.775781176801,8180.463878461396,8438.45368489247,9381.201395265341,8631.138063842649,7235.086873172646,8360.654311839724,7616.862854011231,7037.9969084916975,7559.4080145618045,7894.047509244119,8191.200159848739,7639.709220755689,7177.359101959299,8706.080140221326,9383.200539452053,9097.851045278392,8594.096378683442,8877.601786774308,8527.954718795318,8108.05515941991,7731.6464980410165,7959.502101143396
6877.363265944516,8940.636782419038,8139.775781176801,8180.463878461396,8438.45368489247,9381.201395265341,8631.138063842649,7235.086873172646,8360.654311839724,7616.862854011231,7037.9969084916975,7559.4080145618045,7894.047509244119,8191.200159848739,7639.709220755689,7177.359101959299,8706.080140221326,9383.200539452053,9097.851045278392,8594.096378683442,8877.601786774308,8527.954718795318,8108.05515941991,7731.6464980410165,7959.502101143396
6877.363265944516,8940.636782419038,8139.775781176801,8180.463878461396,8438.45368489247,9381.201395265341,8631.138063842649,7235.086873172646,8360.654311839724,7616.862854011231,7037.9969084916975,7559.4080145618045,7894.047509244119,8191.200159848739,7639.709220755689,7177.359101959299,7291.567585549768,9383.200539452053,9097.851045278392,8594.096378683442,8877.601786774308,8527.954718795318,8108.05515941991,7731.6464980410165,7959.502101143396
6877.363265944516,8940.636782419038,8139.775781176801,8180.463878461396,7977.118983198461,8660.115474842472,8631.138063842649,7235.086873172646,8360.654311839724,7616.862854011231,7037.9969084916975,7559.4080145618045,7894.047509244119,8191.200159848739,7639.709220755689,7177.359101959299,7291.567585549768,9383.200539452053,9097.851045278392,8594.096378683442,8877.601786774308,8527.954718795318,8108.05515941991,7731.6464980410165,7959.502101143396
6877.363265944516,8940.636782419038,8139.775781176801,6845.78917291735,7977.118983198461,8660.115474842472,8631.138063842649,7235.086873172646,8360.654311839724,7616.862854011231,7037.9969084916975,7559.4080145618045,7894.047509244119,8191.200159848739,7639.709220755689,7177.359101959299,7291.567585549768,9383.200539452053,9097.851045278392,8594.096378683442,7498.7462076983775,8527.954718795318,8108.05515941991,7731.6464980410165,7959.502101143396
6877.363265944516,8940.636782419038,8139.775781176801,6845.78917291735,7977.118983198461,8660.115474842472,8631.138063842649,7235.086873172646,8360.654311839724,7616.862854011231,7037.9969084916975,7559.4080145618045,7894.047509244119,8191.200159848739,7639.709220755689,7177.359101959299,7291.567585549768,9383.200539452053,9097.851045278392,8594.096378683442,7498.7462076983775,8527.954718795318,8108.05515941991,7731.6464980410165,7959.502101143396
6877.363265944516,8940.636782419038,8139.775781176801,6845.78917291735,7977.118983198461,8660.115474842472,8631.138063842649,7235.086873172646,8360.654311839724,7616.862854011231,7037.9969084916975,7559.4080145618045,7894.047509244119,8191.200159848739,7639.709220755689,7177.359101959299,7291.567585549768,9383.200539452053,9097.851045278392,8594.096378683442,7498.7462076983775,8527.954718795318,8108.05515941991,7731.6464980410165,7959.502101143396
6877.363265944516,8940.636782419038,8139.775781176801,6845.78917291735,7977.118983198461,8660.115474842472,8631.138063842649,7235.086873172646,8360.654311839724,7616.862854011231,7037.9969084916975,7559.4080145618045,7894.047509244119,8191.200159848739,7639.709220755689,7177.359101959299,6865.978317895331,9383.200539452053,9097.851045278392,8594.096378683442,7498.7462076983775,8527.954718795318,8108.05515941991,7646.757521558122,7959.502101143396
6877.363265944516,8940.636782419038,8139.775781176801,6845.78917291735,7977.118983198461,8660.115474842472,8631.138063842649,7235.086873172646,8360.654311839724,7616.862854011231,7037.9969084916975,7559.4080145618045,7894.047509244119,8191.200159848739,7639.709220755689,7177.359101959299,6865.978317895331,9383.200539452053,9097.851045278392,8594.096378683442,7498.7462076983775,8425.653790462144,8108.05515941991,7646.757521558122,7959.502101143396
6877.363265944516,8940.636782419038,8139.775781176801,6845.78917291735,7977.118983198461,8660.115474842472,8631.138063842649,7235.086873172646,8360.654311839724,7616.862854011231,7037.9969084916975,7559.4080145618045,7894.047509244119,8191.200159848739,7639.709220755689,7177.359101959299,6865.978317895331,9383.200539452053,9097.851045278392,8594.096378683442,7498.7462076983775,8425.653790462144,8108.05515941991,7646.757521558122,7959.502101143396
6877.363265944516,8940.636782419038,8139.775781176801,6845.78917291735,7977.118983198461,8660.115474842472,8631.138063842649,7235.086873172646,8360.654311839724,7616.862854011231,7037.9969084916975,7559.4080145618045,7894.047509244119,8191.200159848739,7639.709220755689,7177.359101959299,6865.978317895331,9383.200539452053,9097.851045278392,8594.096378683442,7498.7462076983775,8425.653790462144,8108.05515941991,7646.757521558122,7959.502101143396
6877.363265944516,8940.636782419038,8139.775781176801,6845.78917291735,7977.118983198461,8660.115474842472,8631.138063842649,7235.086873172646,8360.654311839724,7616.862854011231,7037.9969084916975,7559.4080145618045,7894.047509244119,8191.200159848739,7639.709220755689,7177.359101959299,6865.978317895331,9383.200539452053,9097.851045278392,8594.096378683442,7498.7462076983775,8425.653790462144,8108.05515941991,7646.757521558122,7959.502101143396
6877.363265944516,8940.636782419038,8139.775781176801,6845.78917291735,7977.118983198461,8660.115474842472,8631.138063842649,7235.086873172646,8360.654311839724,7616.862854011231,7037.9969084916975,7559.4080145618045,7894.047509244119,8191.200159848739,7639.709220755689,7177.359101959299,6865.978317895331,9383.200539452053,9097.851045278392,8594.096378683442,7498.7462076983775,8425.653790462144,8108.05515941991,7646.757521558122,7959.502101143396
6877.363265944516,8940.636782419038,8139.775781176801,6845.78917291735,7823.301713947234,8660.115474842472,8631.138063842649,7235.086873172646,8360.654311839724,7616.862854011231,7037.9969084916975,7559.4080145618045,7894.047509244119,8191.200159848739,7639.709220755689,7177.359101959299,6865.978317895331,9383.200539452053,9097.851045278392,8594.096378683442,7498.7462076983775,8425.653790462144,8108.05515941991,7646.757521558122,7959.502101143396
6877.363265944516,8940.636782419038,8139.775781176801,6845.78917291735,7823.301713947234,8660.115474842472,8631.138063842649,7235.086873172646,8360.654311839724,7616.862854011231,7037.9969084916975,7559.4080145618045,7894.047509244119,8191.200159848739,7639.709220755689,7177.359101959299,6865.978317895331,9383.200539452053,9097.851045278392,8594.096378683442,7498.7462076983775,8425.653790462144,8108.05515941991,7646.757521558122,7959.502101143396
6877.363265944516,8940.636782419038,8139.775781176801,6845.78917291735,7823.301713947234,8660.115474842472,8631.138063842649,7235.086873172646,8360.654311839724,7616.862854011231,7037.9969084916975,7559.4080145618045,7894.047509244119,8191.200159848739,7639.709220755689,7177.359101959299,6865.978317895331,9383.200539452053,9097.851045278392,8594.096378683442,7498.7462076983775,8425.653790462144,8108.05515941991,7646.757521558122,7959.502101143396
6877.363265944516,8940.636782419038,8139.775781176801,6845.78917291735,7823.301713947234,8660.115474842472,8631.138063842649,7235.086873172646,8360.654311839724,7616.862854011231,7037.9969084916975,7559.4080145618045,7894.047509244119,8191.200159848739,7639.709220755689,7177.359101959299,6865.978317895331,9383.200539452053,9097.851045278392,8594.096378683442,7498.7462076983775,8425.653790462144,8108.05515941991,7646.757521558122,7959.502101143396
6877.363265944516,8940.636782419038,8139.775781176801,6845.78917291735,7823.301713947234,8660.115474842472,8631.138063842649,7235.086873172646,8360.654311839724,7616.862854011231,7037.9969084916975,7559.4080145618045,7894.047509244119,8191.200159848739,7639.709220755689,7177.359101959299,6865.978317895331,9383.200539452053,9097.851045278392,8594.096378683442,7498.7462076983775,8425.653790462144,8108.05515941991,7646.757521558122,7959.502101143396
6877.363265944516,8940.636782419038,8139.775781176801,6845.78917291735,7823.301713947234,8660.115474842472,8375.279934192768,7235.086873172646,8360.654311839724,7616.862854011231,7037.9969084916975,7559.4080145618045,7894.047509244119,8191.200159848739,7639.709220755689,7177.359101959299,6865.978317895331,9383.200539452053,9097.851045278392,8594.096378683442,7498.7462076983775,8425.653790462144,8108.05515941991,7646.757521558122,7959.502101143396
6877.363265944516,8940.636782419038,8139.775781176801,6845.78917291735,7504.568340073221,8660.115474842472,8375.279934192768,7235.086873172646,8360.654311839724,7616.862854011231,7037.9969084916975,7559.4080145618045,7894.047509244119,8191.200159848739,7639.709220755689,7177.359101959299,6865.978317895331,9383.200539452053,9097.851045278392,8594.096378683442,7498.7462076983775,8425.653790462144,8108.05515941991,7646.757521558122,7959.502101143396
6877.363265944516,8940.636782419038,8139.775781176801,6845.78917291735,7504.568340073221,8660.115474842472,8375.279934192768,7235.086873172646,8360.654311839724,7616.862854011231,7037.9969084916975,7559.4080145618045,7894.047509244119,8191.200159848739,7639.709220755689,7177.359101959299,6865.978317895331,9305.730810471658,9097.851045278392,8594.096378683442,7498.7462076983775,8425.653790462144,8108.05515941991,7646.757521558122,7959.502101143396
6877.363265944516,8940.636782419038,8139.775781176801,6845.78917291735,7504.568340073221,8660.115474842472,8375.279934192768,7235.086873172646,8360.654311839724,7616.862854011231,7037.9969084916975,7559.4080145618045,7894.047509244119,8191.200159848739,7639.709220755689,7177.359101959299,6865.978317895331,9305.730810471658,9097.851045278392,8594.096378683442,7498.7462076983775,8425.653790462144,8108.05515941991,7646.757521558122,7959.502101143396
6877.363265944516,8940.636782419038,8139.775781176801,6845.78917291735,7504.568340073221,8660.115474842472,7821.839260601522,7235.086873172646,8360.654311839724,7616.862854011231,7037.9969084916975,7559.4080145618045,7894.047509244119,8191.200159848739,7639.709220755689,7177.359101959299,6865.978317895331,9305.730810471658,9097.851045278392,8594.096378683442,7498.7462076983775,7773.440255496338,8108.05515941991,7646.757521558122,7959.502101143396
6877.363265944516,8940.636782419038,8139.775781176801,6845.78917291735,7504.568340073221,8660.115474842472,7821.839260601522,7235.086873172646,8360.654311839724,7616.862854011231,7037.9969084916975,7559.4080145618045,7894.047509244119,8191.200159848739,7639.709220755689,7177.359101959299,6865.978317895331,8706.435996430118,9097.851045278392,8594.096378683442,7498.7462076983775,7773.440255496338,8108.05515941991,7646.757521558122,7547.471961806181
6877.363265944516,8940.636782419038,8139.775781176801,6845.78917291735,7504.568340073221,8660.115474842472,7821.839260601522,7235.086873172646,8360.654311839724,7616.862854011231,7037.9969084916975,7559.4080145618045,7894.047509244119,8191.200159848739,7639.709220755689,7177.359101959299,6865.978317895331,8706.435996430118,9097.851045278392,8594.096378683442,7498.7462076983775,7773.440255496338,8108.05515941991,7133.924897278268,7547.471961806181
6877.363265944516,8940.636782419038,8139.775781176801,6845.78917291735,7504.568340073221,8660.115474842472,7821.839260601522,7235.086873172646,8360.654311839724,7616.862854011231,7037.9969084916975,7559.4080145618045,7894.047509244119,8191.200159848739,7639.709220755689,7177.359101959299,6865.978317895331,8706.435996430118,9097.851045278392,8594.096378683442,7498.7462076983775,7773.440255496338,8108.05515941991,7133.924897278268,7547.471961806181
6877.363265944516,8334.480321056737,8139.775781176801,6845.78917291735,7504.568340073221,8660.115474842472,7821.839260601522,7235.086873172646,8360.654311839724,7084.63543531647,7037.9969084916975,7559.4080145618045,7894.047509244119,8191.200159848739,7639.709220755689,7177.359101959299,6865.978317895331,8706.435996430118,9097.851045278392,8594.096378683442,7498.7462076983775,7773.440255496338,8108.05515941991,7133.924897278268,7547.471961806181
6877.363265944516,8334.480321056737,8139.775781176801,6845.78917291735,7504.568340073221,8660.115474842472,7821.839260601522,7235.086873172646,8360.654311839724,7084.63543531647,7037.9969084916975,7559.4080145618045,7894.047509244119,8191.200159848739,7639.709220755689,7177.359101959299,6865.978317895331,8706.435996430118,9097.851045278392,8594.096378683442,7498.7462076983775,7773.440255496338,8108.05515941991,7133.924897278268,7547.471961806181
6877.363265944516,8334.480321056737,8139.775781176801,6845.78917291735,7504.568340073221,8660.115474842472,7821.839260601522,7235.086873172646,8360.654311839724,7084.63543531647,7037.9969084916975,7559.4080145618045,7894.047509244119,8191.200159848739,7639.709220755689,7177.359101959299,6865.978317895331,8706.435996430118,9097.851045278392,8594.096378683442,7498.7462076983775,7773.440255496338,8108.05515941991,7133.924897278268,7547.471961806181
6877.363265944516,8334.480321056737,8139.775781176801,6845.78917291735,7226.9492966208545,8660.115474842472,7821.839260601522,7235.086873172646,8360.654311839724,7084.63543531647,7037.9969084916975,7559.4080145618045,7894.047509244119,8191.200159848739,7639.709220755689,7177.359101959299,6865.978317895331,8706.435996430118,9097.851045278392,8594.096378683442,7498.7462076983775,7773.440255496338,8108.05515941991,7133.924897278268,7547.471961806181
6877.363265944516,8334.480321056737,8139.775781176801,6845.78917291735,7226.9492966208545,8660.115474842472,7821.839260601522,7235.086873172646,8360.654311839724,7084.63543531647,7037.9969084916975,7559.4080145618045,7894.047509244119,8191.200159848739,7639.709220755689,7177.359101959299,6865.978317895331,8706.435996430118,9097.851045278392,8594.096378683442,7498.7462076983775,7773.440255496338,8108.05515941991,7133.924897278268,7547.471961806181
6877.363265944516,8334.480321056737,8139.775781176801,6845.78917291735,7226.9492966208545,8072.27767458211,7821.839260601522,7235.086873172646,8360.654311839724,7084.63543531647,7037.9969084916975,7559.4080145618045,7894.047509244119,8191.200159848739,7639.709220755689,7177.359101959299,6865.978317895331,8706.435996430118,9097.851045278392,8594.096378683442,7498.7462076983775,7773.440255496338,8108.05515941991,7133.924897278268,7547.471961806181
6877.363265944516,8334.480321056737,8139.775781176801,6845.78917291735,7226.9492966208545,8072.27767458211,7821.839260601522,7235.086873172646,7565.173427088885,7084.63543531647,7037.9969084916975,7559.4080145618045,7894.047509244119,8191.200159848739,7639.709220755689,7177.359101959299,6865.978317895331,8706.435996430118,9097.851045278392,8594.096378683442,7498.7462076983775,7773.440255496338,8108.05515941991,7133.924897278268,7547.471961806181
6877.363265944516,8334.480321056737,8139.775781176801,6845.78917291735,7226.9492966208545,8072.27767458211,7821.839260601522,7235.086873172646,7565.173427088885,7084.63543531647,7037.9969084916975,7559.4080145618045,7894.047509244119,8191.200159848739,7639.709220755689,7177.359101959299,6865.978317895331,8706.435996430118,9097.851045278392,8594.096378683442,7498.7462076983775,7773.440255496338,8108.05515941991,7133.924897278268,7547.471961806181
6877.363265944516,8334.480321056737,8139.775781176801,6845.78917291735,7226.9492966208545,8072.27767458211,7821.839260601522,7235.086873172646,7565.173427088885,7084.63543531647,7037.9969084916975,7559.4080145618045,7894.047509244119,8191.200159848739,7639.709220755689,7177.359101959299,6865.978317895331,8706.435996430118,8990.107786723835,8594.096378683442,7498.7462076983775,7773.440255496338,8108.05515941991,7133.924897278268,7547.471961806181
6877.363265944516,8334.480321056737,8139.775781176801,6845.78917291735,7226.9492966208545,8072.27767458211,7821.839260601522,7235.086873172646,7565.173427088885,7084.63543531647,7037.9969084916975,7559.4080145618045,7894.047509244119,8191.200159848739,7639.709220755689,7177.359101959299,6865.978317895331,8706.435996430118,8990.107786723835,8594.096378683442,7498.7462076983775,7773.440255496338,8108.05515941991,7133.924897278268,7547.471961806181
6877.363265944516,8334.480321056737,8139.775781176801,6845.78917291735,7226.9492966208545,8072.27767458211,7821.839260601522,7235.086873172646,7565.173427088885,7084.63543531647,7037.9969084916975,7559.4080145618045,7894.047509244119,8191.200159848739,7639.709220755689,7177.359101959299,6865.978317895331,8706.435996430118,8990.107786723835,8594.096378683442,7498.7462076983775,7773.440255496338,7343.067761707645,7133.924897278268,7547.471961806181
6877.363265944516,8334.480321056737,8139.775781176801,6845.78917291735,7226.9492966208545,8072.27767458211,7821.839260601522,7235.086873172646,7565.173427088885,7084.63543531647,7037.9969084916975,7559.4080145618045,7894.047509244119,8191.200159848739,7425.31678271127,7177.359101959299,6865.978317895331,8706.435996430118,8990.107786723835,8594.096378683442,7498.7462076983775,7773.440255496338,7343.067761707645,7133.924897278268,7547.471961806181
6877.363265944516,8334.480321056737,8139.775781176801,6845.78917291735,7226.9492966208545,8072.27767458211,7821.839260601522,7235.086873172646,7565.173427088885,7084.63543531647,7037.9969084916975,7559.4080145618045,7894.047509244119,8191.200159848739,7425.31678271127,7177.359101959299,6865.978317895331,8706.435996430118,8741.76287470757,8594.096378683442,7498.7462076983775,7773.440255496338,7343.067761707645,7133.924897278268,7547.471961806181
6877.363265944516,8334.480321056737,8139.775781176801,6845.78917291735,7226.9492966208545,8072.27767458211,7821.839260601522,7235.086873172646,7565.173427088885,7084.63543531647,7037.9969084916975,7559.4080145618045,7894.047509244119,8191.200159848739,7425.31678271127,7177.359101959299,6865.978317895331,8706.435996430118,8741.76287470757,8594.096378683442,7498.7462076983775,7773.440255496338,7343.067761707645,7133.924897278268,7547.471961806181
6877.363265944516,8334.480321056737,8139.775781176801,6845.78917291735,7226.9492966208545,8072.27767458211,7821.839260601522,7235.086873172646,7565.173427088885,7084.63543531647,7037.9969084916975,7506.355086809128,7894.047509244119,8191.200159848739,7425.31678271127,7177.359101959299,6865.978317895331,8706.435996430118,8741.76287470757,8594.096378683442,7498.7462076983775,7773.440255496338,7343.067761707645,7133.924897278268,7547.471961806181
6877.363265944516,8334.480321056737,8139.775781176801,6845.78917291735,7226.9492966208545,8072.27767458211,7821.839260601522,7235.086873172646,7565.173427088885,7084.63543531647,7037.9969084916975,7506.355086809128,7894.047509244119,8191.200159848739,7246.474524452473,7177.359101959299,6865.978317895331,8706.435996430118,8741.76287470757,8594.096378683442,7405.1509532039745,7773.440255496338,7343.067761707645,7133.924897278268,7547.471961806181
6877.363265944516,8334.480321056737,8139.775781176801,6845.78917291735,7226.9492966208545,8072.27767458211,7821.839260601522,7235.086873172646,7565.173427088885,7084.63543531647,7037.9969084916975,7506.355086809128,7894.047509244119,8191.200159848739,6757.3137084718255,7177.359101959299,6865.978317895331,8706.435996430118,8741.76287470757,8594.096378683442,7405.1509532039745,7773.440255496338,7343.067761707645,7133.924897278268,7547.471961806181
6877.363265944516,8334.480321056737,7231.567197495991,6845.78917291735,7226.9492966208545,8072.27767458211,7821.839260601522,7235.086873172646,7565.173427088885,7084.63543531647,7037.9969084916975,7506.355086809128,7894.047509244119,8191.200159848739,6757.3137084718255,7177.359101959299,6865.978317895331,8706.435996430118,8741.76287470757,8594.096378683442,7405.1509532039745,7773.440255496338,7343.067761707645,7133.924897278268,7547.471961806181
6877.363265944516,8334.480321056737,7231.567197495991,6845.78917291735,7226.9492966208545,8072.27767458211,7821.839260601522,7235.086873172646,7565.173427088885,7084.63543531647,7037.9969084916975,7506.355086809128,7894.047509244119,8191.200159848739,6757.3137084718255,7177.359101959299,6865.978317895331,8706.435996430118,8741.76287470757,8594.096378683442,7405.1509532039745,7773.440255496338,7343.067761707645,7133.924897278268,7547.471961806181
6877.363265944516,8334.480321056737,7231.567197495991,6845.78917291735,6354.146321968985,8072.27767458211,7821.839260601522,7235.086873172646,7565.173427088885,7084.63543531647,7037.9969084916975,7506.355086809128,7894.047509244119,8191.200159848739,6757.3137084718255,7177.359101959299,6865.978317895331,8706.435996430118,8741.76287470757,8594.096378683442,7405.1509532039745,7773.440255496338,7343.067761707645,7133.924897278268,7547.471961806181
6877.363265944516,8334.480321056737,7231.567197495991,6845.78917291735,6354.146321968985,8072.27767458211,7821.839260601522,7235.086873172646,7565.173427088885,7084.63543531647,7037.9969084916975,7506.355086809128,7894.047509244119,8191.200159848739,6757.3137084718255,7177.359101959299,6865.978317895331,8706.435996430118,8741.76287470757,8594.096378683442,7405.1509532039745,7773.440255496338,6760.7201948797065,7133.924897278268,7547.471961806181
6877.363265944516,8334.480321056737,7231.567197495991,6845.78917291735,6354.146321968985,8072.27767458211,7821.839260601522,7235.086873172646,7565.173427088885,7084.63543531647,7037.9969084916975,7506.355086809128,7894.047509244119,8191.200159848739,6757.3137084718255,7177.359101959299,6865.978317895331,8706.435996430118,8741.76287470757,8594.096378683442,7405.1509532039745,7773.440255496338,6760.7201948797065,7133.924897278268,7547.471961806181
6877.363265944516,8334.480321056737,7231.567197495991,6845.78917291735,6354.146321968985,8072.27767458211,7821.839260601522,7235.086873172646,7565.173427088885,7084.63543531647,7037.9969084916975,7506.355086809128,7894.047509244119,8191.200159848739,6636.267486525621,7177.359101959299,6865.978317895331,8706.435996430118,8741.76287470757,8594.096378683442,7405.1509532039745,7773.440255496338,6760.7201948797065,7133.924897278268,7547.471961806181
6877.363265944516,8334.480321056737,7231.567197495991,6845.78917291735,6354.146321968985,8072.27767458211,7821.839260601522,7235.086873172646,7565.173427088885,7084.63543531647,7037.9969084916975,7506.355086809128,7806.766960332749,8191.200159848739,6636.267486525621,7177.359101959299,6865.978317895331,8706.435996430118,8741.76287470757,8594.096378683442,7405.1509532039745,7773.440255496338,6760.7201948797065,7133.924897278268,7547.471961806181
6877.363265944516,8334.480321056737,7231.567197495991,6845.78917291735,6354.146321968985,8072.27767458211,7821.839260601522,7235.086873172646,7565.173427088885,7084.63543531647,7037.9969084916975,7506.355086809128,7806.766960332749,8191.200159848739,6636.267486525621,7177.359101959299,6865.978317895331,8706.435996430118,8741.76287470757,8594.096378683442,7405.1509532039745,7773.440255496338,6760.7201948797065,7133.924897278268,7547.471961806181
6877.363265944516,7876.721178128302,7231.567197495991,6845.78917291735,6354.146321968985,8072.27767458211,7821.839260601522,7235.086873172646,7565.173427088885,7084.63543531647,7037.9969084916975,7506.355086809128,7806.766960332749,8191.200159848739,6636.267486525621,7177.359101959299,6865.978317895331,8706.435996430118,8741.76287470757,8594.096378683442,7405.1509532039745,7773.440255496338,6760.7201948797065,7133.924897278268,7547.471961806181
6877.363265944516,7876.721178128302,7231.567197495991,6845.78917291735,6354.146321968985,8072.27767458211,7821.839260601522,7235.086873172646,7565.173427088885,7084.63543531647,7037.9969084916975,7506.355086809128,7806.766960332749,8191.200159848739,6636.267486525621,5563.498092032125,6865.978317895331,8706.435996430118,8741.76287470757,8594.096378683442,7405.1509532039745,7773.440255496338,6760.7201948797065,7133.924897278268,7547.471961806181
6877.363265944516,7876.721178128302,7231.567197495991,6845.78917291735,6354.146321968985,8072.27767458211,7821.839260601522,7235.086873172646,7565.173427088885,6544.184181457958,7037.9969084916975,7506.355086809128,7806.766960332749,8191.200159848739,6636.267486525621,5563.498092032125,6865.978317895331,8706.435996430118,8741.76287470757,8594.096378683442,7405.1509532039745,7773.440255496338,6760.7201948797065,7133.924897278268,7547.471961806181
6877.363265944516,7876.721178128302,7231.567197495991,6845.78917291735,6354.146321968985,8072.27767458211,7821.839260601522,7235.086873172646,7565.173427088885,6544.184181457958,7037.9969084916975,7506.355086809128,7806.766960332749,8191.200159848739,6636.267486525621,5563.498092032125,6231.338852785269,8706.435996430118,8741.76287470757,8594.096378683442,7405.1509532039745,7773.440255496338,6760.7201948797065,7133.924897278268,7547.471961806181
6877.363265944516,7876.721178128302,7231.567197495991,6845.78917291735,6354.146321968985,7247.624211151195,5810.581149348811,7235.086873172646,7565.173427088885,6544.184181457958,7037.9969084916975,7506.355086809128,7806.766960332749,8191.200159848739,6636.267486525621,5563.498092032125,6231.338852785269,8706.435996430118,8741.76287470757,8594.096378683442,7405.1509532039745,7773.440255496338,6760.7201948797065,7031.489461089883,7547.471961806181
6877.363265944516,7876.721178128302,7231.567197495991,6845.78917291735,6354.146321968985,7247.624211151195,5810.581149348811,7235.086873172646,7565.173427088885,6544.184181457958,7037.9969084916975,7506.355086809128,6868.924967916881,8191.200159848739,5543.630833669835,5563.498092032125,6231.338852785269,7407.2875173913435,8741.76287470757,8594.096378683442,7405.1509532039745,7773.440255496338,6760.7201948797065,7031.489461089883,7547.471961806181
6877.363265944516,7876.721178128302,7231.567197495991,6845.78917291735,6354.146321968985,7247.624211151195,5810.581149348811,7235.086873172646,7565.173427088885,6544.184181457958,7037.9969084916975,7506.355086809128,6868.924967916881,8191.200159848739,5543.630833669835,5563.498092032125,6231.338852785269,7407.2875173913435,8741.76287470757,8594.096378683442,7405.1509532039745,7773.440255496338,6760.7201948797065,7031.489461089883,7547.471961806181
6877.363265944516,7876.721178128302,7231.567197495991,6845.78917291735,6354.146321968985,7247.624211151195,5810.581149348811,7235.086873172646,7565.173427088885,6544.184181457958,7037.9969084916975,7506.355086809128,6868.924967916881,8191.200159848739,5543.630833669835,5563.498092032125,6231.338852785269,7407.2875173913435,8741.76287470757,8594.096378683442,7405.1509532039745,7773.440255496338,6760.7201948797065,7031.489461089883,7547.471961806181
6877.363265944516,7876.721178128302,7231.567197495991,6845.78917291735,6354.146321968985,7247.624211151195,5810.581149348811,7235.086873172646,7565.173427088885,6544.184181457958,7037.9969084916975,7506.355086809128,6868.924967916881,8191.200159848739,5543.630833669835,5563.498092032125,6231.338852785269,7407.2875173913435,8741.76287470757,8594.096378683442,7405.1509532039745,7773.440255496338,6760.7201948797065,7031.489461089883,7547.471961806181
6877.363265944516,7476.332516220991,7231.567197495991,6845.78917291735,6354.146321968985,7247.624211151195,5810.581149348811,7235.086873172646,7565.173427088885,6544.184181457958,7037.9969084916975,7506.355086809128,6868.924967916881,8191.200159848739,5543.630833669835,5563.498092032125,6231.338852785269,7407.2875173913435,8741.76287470757,8594.096378683442,7405.1509532039745,7773.440255496338,6760.7201948797065,6202.713407366797,7547.471961806181
6877.363265944516,7476.332516220991,7231.567197495991,6845.78917291735,6354.146321968985,7247.624211151195,5810.581149348811,7235.086873172646,6790.883112131274,6544.184181457958,7037.9969084916975,7506.355086809128,6868.924967916881,8191.200159848739,5543.630833669835,5563.498092032125,6231.338852785269,7407.2875173913435,8741.76287470757,8248.26598499538,7405.1509532039745,7773.440255496338,6760.7201948797065,6202.713407366797,7547.471961806181
6877.363265944516,7476.332516220991,7231.567197495991,6845.78917291735,6354.146321968985,7247.624211151195,5810.581149348811,7235.086873172646,6790.883112131274,6544.184181457958,7037.9969084916975,7506.355086809128,6868.924967916881,8191.200159848739,5543.630833669835,5563.498092032125,6231.338852785269,7407.2875173913435,8741.76287470757,8248.26598499538,7405.1509532039745,7773.440255496338,6760.7201948797065,6202.713407366797,7547.471961806181
6877.363265944516,7476.332516220991,7231.567197495991,6845.78917291735,6354.146321968985,7247.624211151195,5810.581149348811,7235.086873172646,6790.883112131274,6544.184181457958,7037.9969084916975,7506.355086809128,6868.924967916881,8191.200159848739,5543.630833669835,5563.498092032125,6231.338852785269,7407.2875173913435,8741.76287470757,8248.26598499538,7405.1509532039745,7773.440255496338,6760.7201948797065,6202.713407366797,7547.471961806181
6877.363265944516,7476.332516220991,7231.567197495991,6845.78917291735,6354.146321968985,7247.624211151195,5810.581149348811,6393.837927545521,6790.883112131274,6544.184181457958,7037.9969084916975,7506.355086809128,6868.924967916881,8191.200159848739,5543.630833669835,5563.498092032125,6231.338852785269,7407.2875173913435,7686.2513745782835,8248.26598499538,7405.1509532039745,7773.440255496338,6760.7201948797065,6202.713407366797,7547.471961806181
6877.363265944516,7476.332516220991,6697.170981868119,6845.78917291735,6354.146321968985,7247.624211151195,5810.581149348811,6393.837927545521,6790.883112131274,6544.184181457958,7037.9969084916975,6274.848047092393,6868.924967916881,8191.200159848739,5543.630833669835,5563.498092032125,6231.338852785269,7407.2875173913435,7686.2513745782835,8248.26598499538,7405.1509532039745,7773.440255496338,6760.7201948797065,6202.713407366797,7547.471961806181
6877.363265944516,7476.332516220991,6697.170981868119,6845.78917291735,6354.146321968985,7247.624211151195,5810.581149348811,6393.837927545521,6790.883112131274,6544.184181457958,7037.9969084916975,6274.848047092393,6868.924967916881,8191.200159848739,5543.630833669835,5563.498092032125,6231.338852785269,7407.2875173913435,7686.2513745782835,8248.26598499538,7405.1509532039745,7773.440255496338,6760.7201948797065,6202.713407366797,7547.471961806181
6877.363265944516,7476.332516220991,6697.170981868119,6845.78917291735,6354.146321968985,7247.624211151195,5810.581149348811,6393.837927545521,6790.883112131274,6544.184181457958,7037.9969084916975,6274.848047092393,6868.924967916881,8191.200159848739,5543.630833669835,5563.498092032125,6231.338852785269,7407.2875173913435,7686.2513745782835,8248.26598499538,7405.1509532039745,7773.440255496338,6760.7201948797065,6202.713407366797,7335.9693885778015
6877.363265944516,7476.332516220991,6697.170981868119,6845.78917291735,6327.58329706061,7247.624211151195,5810.581149348811,6393.837927545521,6790.883112131274,6544.184181457958,7037.9969084916975,6274.848047092393,6868.924967916881,8191.200159848739,5543.630833669835,5563.498092032125,6231.338852785269,7407.2875173913435,7686.2513745782835,8248.26598499538,7405.1509532039745,7773.440255496338,6760.7201948797065,6202.713407366797,7335.9693885778015
6877.363265944516,7476.332516220991,6697.170981868119,6845.78917291735,6327.58329706061,7247.624211151195,5810.581149348811,6393.837927545521,6790.883112131274,6544.184181457958,7037.9969084916975,6274.848047092393,6868.924967916881,7518.559403283214,5543.630833669835,5563.498092032125,6231.338852785269,7407.2875173913435,7686.2513745782835,8248.26598499538,7405.1509532039745,7773.440255496338,6760.7201948797065,6202.713407366797,7335.9693885778015
6877.363265944516,7476.332516220991,6697.170981868119,6845.78917291735,6327.58329706061,7247.624211151195,5536.565832060463,6393.837927545521,6790.883112131274,6544.184181457958,7037.9969084916975,6274.848047092393,6868.924967916881,6972.846009462111,5543.630833669835,5563.498092032125,6231.338852785269,7407.2875173913435,7686.2513745782835,8248.26598499538,7405.1509532039745,7773.440255496338,6760.7201948797065,6202.713407366797,7335.9693885778015
6877.363265944516,7476.332516220991,6697.170981868119,6845.78917291735,6327.58329706061,7247.624211151195,5536.565832060463,6393.837927545521,6790.883112131274,6544.184181457958,7037.9969084916975,6274.848047092393,6868.924967916881,6972.846009462111,5543.630833669835,5563.498092032125,6231.338852785269,7407.2875173913435,7686.2513745782835,8248.26598499538,7405.1509532039745,7773.440255496338,6760.7201948797065,6202.713407366797,7335.9693885778015
6877.363265944516,7476.332516220991,6697.170981868119,6425.3920362053705,6327.58329706061,7247.624211151195,5536.565832060463,6393.837927545521,6790.883112131274,6544.184181457958,7037.9969084916975,6274.848047092393,6868.924967916881,6972.846009462111,5543.630833669835,5563.498092032125,6231.338852785269,7407.2875173913435,7686.2513745782835,8248.26598499538,7405.1509532039745,7773.440255496338,6760.7201948797065,6202.713407366797,7335.9693885778015
6877.363265944516,7476.332516220991,6697.170981868119,6425.3920362053705,6327.58329706061,7247.624211151195,5536.565832060463,6393.837927545521,6790.883112131274,6544.184181457958,7037.9969084916975,6274.848047092393,6868.924967916881,6972.846009462111,5543.630833669835,5563.498092032125,6231.338852785269,7407.2875173913435,7686.2513745782835,8248.26598499538,7405.1509532039745,7773.440255496338,6760.7201948797065,6202.713407366797,7335.9693885778015
6877.363265944516,7476.332516220991,6697.170981868119,6425.3920362053705,6327.58329706061,7247.624211151195,5536.565832060463,5801.294902281406,6790.883112131274,6544.184181457958,7037.9969084916975,6274.848047092393,6868.924967916881,6972.846009462111,5543.630833669835,5563.498092032125,6231.338852785269,7407.2875173913435,7686.2513745782835,8248.26598499538,7405.1509532039745,7773.440255496338,6760.7201948797065,6202.713407366797,6855.774848792318
6877.363265944516,7476.332516220991,6697.170981868119,6425.3920362053705,6327.58329706061,7247.624211151195,5536.565832060463,5801.294902281406,6790.883112131274,6544.184181457958,7037.9969084916975,6274.848047092393,6868.924967916881,6972.846009462111,5543.630833669835,5563.498092032125,6231.338852785269,7407.2875173913435,7686.2513745782835,8248.26598499538,7405.1509532039745,7773.440255496338,6760.7201948797065,6202.713407366797,6855.774848792318
6877.363265944516,7476.332516220991,6697.170981868119,6425.3920362053705,6327.58329706061,7247.624211151195,5536.565832060463,5801.294902281406,6790.883112131274,6544.184181457958,7037.9969084916975,6274.848047092393,6868.924967916881,6972.846009462111,5543.630833669835,5563.498092032125,6231.338852785269,7407.2875173913435,7686.2513745782835,8248.26598499538,7405.1509532039745,7773.440255496338,6760.7201948797065,6202.713407366797,6855.774848792318
6877.363265944516,7476.332516220991,6697.170981868119,6425.3920362053705,6327.58329706061,7247.624211151195,5536.565832060463,5801.294902281406,6790.883112131274,6544.184181457958,6522.544824958572,6274.848047092393,6868.924967916881,6972.846009462111,5543.630833669835,5563.498092032125,6231.338852785269,7407.2875173913435,7686.2513745782835,8248.26598499538,7344.967836249454,7773.440255496338,6760.7201948797065,6178.111242269877,6855.774848792318
6877.363265944516,7476.332516220991,6697.170981868119,6425.3920362053705,6327.58329706061,7247.624211151195,5536.565832060463,5801.294902281406,6790.883112131274,6544.184181457958,6522.544824958572,6274.848047092393,6868.924967916881,6972.846009462111,5543.630833669835,5563.498092032125,6231.338852785269,7407.2875173913435,7686.2513745782835,8248.26598499538,7344.967836249454,7773.440255496338,6760.7201948797065,6178.111242269877,6855.774848792318
6877.363265944516,7476.332516220991,6697.170981868119,6425.3920362053705,6327.58329706061,7247.624211151195,5536.565832060463,5801.294902281406,6790.883112131274,6544.184181457958,6522.544824958572,6274.848047092393,6868.924967916881,6972.846009462111,5543.630833669835,5563.498092032125,6231.338852785269,7407.2875173913435,7686.2513745782835,8248.26598499538,6785.160082182614,7773.440255496338,6760.7201948797065,6178.111242269877,6855.774848792318
6877.363265944516,7476.332516220991,6697.170981868119,6425.3920362053705,6327.58329706061,7247.624211151195,5536.565832060463,5801.294902281406,6790.883112131274,6544.184181457958,6522.544824958572,6274.848047092393,5970.972982161693,6972.846009462111,5543.630833669835,5563.498092032125,6231.338852785269,7407.2875173913435,7686.2513745782835,8248.26598499538,6785.160082182614,7773.440255496338,6760.7201948797065,6178.111242269877,6855.774848792318
6877.363265944516,7476.332516220991,6697.170981868119,6425.3920362053705,6327.58329706061,7247.624211151195,5536.565832060463,5801.294902281406,6790.883112131274,6544.184181457958,6522.544824958572,6274.848047092393,5970.972982161693,6972.846009462111,5543.630833669835,5563.498092032125,6231.338852785269,7407.2875173913435,7686.2513745782835,8248.26598499538,6785.160082182614,7773.440255496338,6760.7201948797065,6178.111242269877,6855.774848792318
6877.363265944516,7476.332516220991,6697.170981868119,6425.3920362053705,6327.58329706061,7247.624211151195,5536.565832060463,5801.294902281406,6790.883112131274,6544.184181457958,6522.544824958572,6274.848047092393,5970.972982161693,6972.846009462111,5543.630833669835,5563.498092032125,5640.4756399379185,7407.2875173913435,7686.2513745782835,8248.26598499538,6785.160082182614,7773.440255496338,6760.7201948797065,6178.111242269877,6855.774848792318
6877.363265944516,7476.332516220991,6697.170981868119,6425.3920362053705,6327.58329706061,7247.624211151195,5536.565832060463,5801.294902281406,6790.883112131274,6544.184181457958,6522.544824958572,6274.848047092393,5970.972982161693,6972.846009462111,5411.181159112508,5563.498092032125,5640.4756399379185,7407.2875173913435,7686.2513745782835,8248.26598499538,6785.160082182614,7773.440255496338,6760.7201948797065,6178.111242269877,6855.774848792318
6877.363265944516,7476.332516220991,6697.170981868119,6425.3920362053705,6327.58329706061,7247.624211151195,5536.565832060463,5801.294902281406,6790.883112131274,6544.184181457958,6522.544824958572,6180.857571765131,5970.972982161693,6972.846009462111,5411.181159112508,5563.498092032125,5640.4756399379185,7407.2875173913435,7686.2513745782835,8248.26598499538,6785.160082182614,7773.440255496338,6760.7201948797065,6178.111242269877,6855.774848792318
6877.363265944516,7476.332516220991,6697.170981868119,6425.3920362053705,6327.58329706061,7247.624211151195,5536.565832060463,5801.294902281406,6790.883112131274,6544.184181457958,6522.544824958572,6180.857571765131,5970.972982161693,6972.846009462111,5411.181159112508,5563.498092032125,5640.4756399379185,7407.2875173913435,7686.2513745782835,8248.26598499538,6785.160082182614,7773.440255496338,6760.7201948797065,6178.111242269877,6855.774848792318
6877.363265944516,7476.332516220991,6697.170981868119,6425.3920362053705,6327.58329706061,7247.624211151195,5536.565832060463,5801.294902281406,6790.883112131274,6544.184181457958,6522.544824958572,6180.857571765131,5970.972982161693,6972.846009462111,5411.181159112508,5563.498092032125,5640.4756399379185,7407.2875173913435,7686.2513745782835,8248.26598499538,6778.676298698956,7773.440255496338,6760.7201948797065,6178.111242269877,6855.774848792318
6877.363265944516,7476.332516220991,6697.170981868119,6425.3920362053705,6327.58329706061,7247.624211151195,4447.320296854956,5801.294902281406,6790.883112131274,6544.184181457958,6522.544824958572,6180.857571765131,5970.972982161693,6972.846009462111,5411.181159112508,5563.498092032125,5640.4756399379185,7407.2875173913435,7686.2513745782835,8248.26598499538,6778.676298698956,7773.440255496338,6760.7201948797065,6178.111242269877,6855.774848792318
6206.4076685218915,7476.332516220991,6697.170981868119,6425.3920362053705,6327.58329706061,7247.624211151195,4447.320296854956,5801.294902281406,6790.883112131274,6544.184181457958,6522.544824958572,6180.857571765131,5970.972982161693,6972.846009462111,5411.181159112508,5563.498092032125,5640.4756399379185,7407.2875173913435,7686.2513745782835,8248.26598499538,6778.676298698956,7773.440255496338,6760.7201948797065,6178.111242269877,6855.774848792318
6206.4076685218915,7476.332516220991,6697.170981868119,6425.3920362053705,6327.58329706061,7247.624211151195,4447.320296854956,5801.294902281406,6790.883112131274,6544.184181457958,6522.544824958572,6180.857571765131,5970.972982161693,6972.846009462111,5411.181159112508,5563.498092032125,5640.4756399379185,7407.2875173913435,7686.2513745782835,8248.26598499538,6425.861301145142,7773.440255496338,6760.7201948797065,6178.111242269877,6855.774848792318
6206.4076685218915,7476.332516220991,6697.170981868119,6425.3920362053705,6327.58329706061,7247.624211151195,4447.320296854956,5801.294902281406,6790.883112131274,6544.184181457958,6522.544824958572,6180.857571765131,5970.972982161693,6972.846009462111,5411.181159112508,5563.498092032125,5640.4756399379185,7407.2875173913435,7686.2513745782835,8248.26598499538,6425.861301145142,7708.680271287436,6760.7201948797065,6178.111242269877,6623.333158787678
6206.4076685218915,7476.332516220991,6697.170981868119,6425.3920362053705,6327.58329706061,7247.624211151195,4447.320296854956,5801.294902281406,6790.883112131274,6544.184181457958,6522.544824958572,6180.857571765131,5970.972982161693,6972.846009462111,5411.181159112508,5563.498092032125,5640.4756399379185,7407.2875173913435,7686.2513745782835,8248.26598499538,6425.861301145142,7708.680271287436,6760.7201948797065,6178.111242269877,6623.333158787678
6206.4076685218915,7476.332516220991,6697.170981868119,6425.3920362053705,6327.58329706061,7247.624211151195,4447.320296854956,5801.294902281406,6790.883112131274,6544.184181457958,6522.544824958572,6180.857571765131,5970.972982161693,6972.846009462111,5411.181159112508,5563.498092032125,5640.4756399379185,7084.990218427414,7686.2513745782835,8248.26598499538,6425.861301145142,7708.680271287436,6760.7201948797065,6178.111242269877,6623.333158787678
6206.4076685218915,7476.332516220991,6697.170981868119,6425.3920362053705,5421.730744173568,7247.624211151195,4447.320296854956,5801.294902281406,6790.883112131274,6544.184181457958,6522.544824958572,6180.857571765131,5970.972982161693,6972.846009462111,5411.181159112508,5563.498092032125,5640.4756399379185,6791.356158887229,7686.2513745782835,8248.26598499538,6425.861301145142,7633.9543445910585,6760.7201948797065,6178.111242269877,6623.333158787678
6206.4076685218915,7476.332516220991,6697.170981868119,6425.3920362053705,5421.730744173568,7247.624211151195,4447.320296854956,5801.294902281406,6790.883112131274,6544.184181457958,6522.544824958572,6180.857571765131,5970.972982161693,6972.846009462111,5411.181159112508,5563.498092032125,5640.4756399379185,6791.356158887229,7686.2513745782835,8248.26598499538,6425.861301145142,7264.418594566403,6760.7201948797065,6178.111242269877,6623.333158787678
6206.4076685218915,7476.332516220991,6697.170981868119,6425.3920362053705,5421.730744173568,7247.624211151195,4447.320296854956,5801.294902281406,6790.883112131274,6544.184181457958,6522.544824958572,6180.857571765131,5970.972982161693,6972.846009462111,5411.181159112508,5563.498092032125,5640.4756399379185,6791.356158887229,7686.2513745782835,8248.26598499538,6425.861301145142,7264.418594566403,6760.7201948797065,6178.111242269877,6623.333158787678
6206.4076685218915,7476.332516220991,6697.170981868119,6425.3920362053705,5421.730744173568,7247.624211151195,4447.320296854956,5801.294902281406,6790.883112131274,6544.184181457958,6522.544824958572,6180.857571765131,5970.972982161693,6972.846009462111,5411.181159112508,5563.498092032125,5640.4756399379185,6791.356158887229,7686.2513745782835,8248.26598499538,6425.861301145142,7160.663948354375,6760.7201948797065,6178.111242269877,6623.333158787678
6206.4076685218915,7476.332516220991,6697.170981868119,6425.3920362053705,5421.730744173568,7247.624211151195,4447.320296854956,5801.294902281406,6790.883112131274,6544.184181457958,5956.017203523013,6180.857571765131,5970.972982161693,6972.846009462111,5411.181159112508,5563.498092032125,5640.4756399379185,6791.356158887229,7686.2513745782835,8248.26598499538,6425.861301145142,3737.77882032231,6760.7201948797065,6178.111242269877,6623.333158787678
6206.4076685218915,7476.332516220991,6697.170981868119,6425.3920362053705,5421.730744173568,7247.624211151195,4447.320296854956,5801.294902281406,6790.883112131274,6544.184181457958,5956.017203523013,6180.857571765131,5970.972982161693,6972.846009462111,5411.181159112508,5563.498092032125,5640.4756399379185,6791.356158887229,7686.2513745782835,8248.26598499538,6425.861301145142,3737.77882032231,6760.7201948797065,6178.111242269877,6623.333158787678
6206.4076685218915,7476.332516220991,6697.170981868119,6425.3920362053705,5421.730744173568,7247.624211151195,4447.320296854956,5801.294902281406,6790.883112131274,6512.881368235689,5956.017203523013,6180.857571765131,5970.972982161693,6972.846009462111,4479.605016394864,5563.498092032125,5640.4756399379185,6791.356158887229,7686.2513745782835,8248.26598499538,6425.861301145142,3737.77882032231,6760.7201948797065,6178.111242269877,6623.333158787678
6206.4076685218915,7476.332516220991,6697.170981868119,6425.3920362053705,5421.730744173568,7247.624211151195,4447.320296854956,5801.294902281406,6790.883112131274,6512.881368235689,5956.017203523013,6180.857571765131,5970.972982161693,6972.846009462111,4479.605016394864,5563.498092032125,5640.4756399379185,6791.356158887229,7686.2513745782835,8248.26598499538,6425.861301145142,3737.77882032231,6760.7201948797065,6178.111242269877,6623.333158787678
6076.741147601002,7476.332516220991,6697.170981868119,6425.3920362053705,5421.730744173568,7247.624211151195,4447.320296854956,5801.294902281406,6790.883112131274,6512.881368235689,5956.017203523013,6180.857571765131,5970.972982161693,6972.846009462111,4479.605016394864,5563.498092032125,5640.4756399379185,6791.356158887229,7686.2513745782835,8248.26598499538,6425.861301145142,3737.77882032231,6760.7201948797065,6178.111242269877,6623.333158787678
6076.741147601002,7197.618492776217,6697.170981868119,4990.08818849186,5421.730744173568,7247.624211151195,4447.320296854956,5801.294902281406,6790.883112131274,6512.881368235689,5956.017203523013,5951.482630687831,5970.972982161693,6972.846009462111,4479.605016394864,5563.498092032125,5640.4756399379185,6791.356158887229,7156.583011389663,8248.26598499538,6425.861301145142,3737.77882032231,6760.7201948797065,6178.111242269877,6623.333158787678
6076.741147601002,7197.618492776217,6697.170981868119,4990.08818849186,5421.730744173568,7247.624211151195,4447.320296854956,5801.294902281406,6790.883112131274,6512.881368235689,5956.017203523013,5951.482630687831,5970.972982161693,6972.846009462111,4479.605016394864,5563.498092032125,5640.4756399379185,6791.356158887229,7156.583011389663,8248.26598499538,6425.861301145142,3737.77882032231,6760.7201948797065,6178.111242269877,6623.333158787678
6076.741147601002,7197.618492776217,6697.170981868119,4990.08818849186,5421.730744173568,7247.624211151195,4447.320296854956,5801.294902281406,6790.883112131274,6512.881368235689,5956.017203523013,5951.482630687831,5970.972982161693,6972.846009462111,4479.605016394864,5563.498092032125,5640.4756399379185,6791.356158887229,7156.583011389663,8248.26598499538,6425.861301145142,3737.77882032231,6760.7201948797065,6178.111242269877,6623.333158787678
6076.741147601002,7197.618492776217,6697.170981868119,4990.08818849186,5421.730744173568,7247.624211151195,4447.320296854956,5801.294902281406,6790.883112131274,6512.881368235689,5956.017203523013,5951.482630687831,5970.972982161693,6972.846009462111,4479.605016394864,5563.498092032125,5640.4756399379185,6791.356158887229,7156.583011389663,8248.26598499538,6425.861301145142,3737.77882032231,6760.7201948797065,5839.295715564011,6623.333158787678
5717.595817823694,7197.618492776217,6697.170981868119,4990.08818849186,5421.730744173568,7247.624211151195,4447.320296854956,5801.294902281406,6790.883112131274,6512.881368235689,5956.017203523013,5951.482630687831,5970.972982161693,6972.846009462111,4479.605016394864,5563.498092032125,5640.4756399379185,6791.356158887229,7156.583011389663,8231.645883816713,6425.861301145142,3737.77882032231,6760.7201948797065,5839.295715564011,6623.333158787678
5717.595817823694,7197.618492776217,6697.170981868119,4990.08818849186,5421.730744173568,7247.624211151195,4447.320296854956,5801.294902281406,6790.883112131274,6512.881368235689,5956.017203523013,5951.482630687831,5970.972982161693,6972.846009462111,4479.605016394864,5563.498092032125,5640.4756399379185,6791.356158887229,7156.583011389663,8231.645883816713,6425.861301145142,3737.77882032231,6606.575418982033,5839.295715564011,6623.333158787678
5717.595817823694,7197.618492776217,6697.170981868119,4990.08818849186,5421.730744173568,7247.624211151195,4447.320296854956,5801.294902281406,6790.883112131274,6512.881368235689,5956.017203523013,5951.482630687831,5970.972982161693,6972.846009462111,4479.605016394864,5563.498092032125,5640.4756399379185,6791.356158887229,6785.931450682721,8231.645883816713,6425.861301145142,3737.77882032231,6606.575418982033,5839.295715564011,6623.333158787678
5717.595817823694,7197.618492776217,6697.170981868119,4990.08818849186,5421.730744173568,7247.624211151195,4447.320296854956,5801.294902281406,6790.883112131274,6512.881368235689,5956.017203523013,5951.482630687831,5970.972982161693,6972.846009462111,4479.605016394864,5563.498092032125,5640.4756399379185,6791.356158887229,6785.931450682721,8231.645883816713,6425.861301145142,3737.77882032231,6606.575418982033,5839.295715564011,6623.333158787678
5717.595817823694,7197.618492776217,6697.170981868119,4990.08818849186,5421.730744173568,7247.624211151195,4447.320296854956,5801.294902281406,6790.883112131274,6512.881368235689,5956.017203523013,5951.482630687831,5970.972982161693,6972.846009462111,4479.605016394864,5563.498092032125,5640.4756399379185,6791.356158887229,6785.931450682721,7366.779414988203,6425.861301145142,3737.77882032231,6606.575418982033,5839.295715564011,6623.333158787678
5717.595817823694,7197.618492776217,6697.170981868119,4990.08818849186,5421.730744173568,7247.624211151195,4447.320296854956,5801.294902281406,6790.883112131274,6512.881368235689,5956.017203523013,5951.482630687831,5970.972982161693,6972.846009462111,4479.605016394864,5563.498092032125,5640.4756399379185,6791.356158887229,6785.931450682721,7366.779414988203,6425.861301145142,3737.77882032231,6606.575418982033,5839.295715564011,6623.333158787678
5717.595817823694,7197.618492776217,6697.170981868119,4990.08818849186,5421.730744173568,7247.624211151195,4447.320296854956,5801.294902281406,6790.883112131274,6512.881368235689,5956.017203523013,5951.482630687831,5970.972982161693,6861.489474046219,4479.605016394864,5563.498092032125,5640.4756399379185,6791.356158887229,5606.283944830084,7366.779414988203,6425.861301145142,3737.77882032231,6606.575418982033,5839.295715564011,6623.333158787678
5717.595817823694,7197.618492776217,6697.170981868119,4990.08818849186,5421.730744173568,7247.624211151195,4447.320296854956,5517.11169488978,6222.960446100005,6512.881368235689,5956.017203523013,5951.482630687831,5970.972982161693,6861.489474046219,4479.605016394864,5563.498092032125,5640.4756399379185,6791.356158887229,5606.283944830084,7366.779414988203,6425.861301145142,3737.77882032231,6606.575418982033,5839.295715564011,6623.333158787678
5717.595817823694,7197.618492776217,6697.170981868119,4990.08818849186,5421.730744173568,7247.624211151195,4447.320296854956,5517.11169488978,6222.960446100005,6512.881368235689,5956.017203523013,5951.482630687831,5970.972982161693,6861.489474046219,4479.605016394864,5563.498092032125,5640.4756399379185,6791.356158887229,5606.283944830084,7366.779414988203,6379.627669989986,3737.77882032231,6606.575418982033,5839.295715564011,6623.333158787678
5717.595817823694,7197.618492776217,6697.170981868119,4990.08818849186,5421.730744173568,7247.624211151195,4447.320296854956,5517.11169488978,6222.960446100005,6512.881368235689,5956.017203523013,5951.482630687831,5970.972982161693,6861.489474046219,4479.605016394864,5563.498092032125,5640.4756399379185,6791.356158887229,5606.283944830084,7366.779414988203,6379.627669989986,3737.77882032231,6606.575418982033,5791.661632861227,6365.930198835424
5717.595817823694,7197.618492776217,6697.170981868119,4990.08818849186,5421.730744173568,7247.624211151195,4447.320296854956,5517.11169488978,6222.960446100005,6512.881368235689,5956.017203523013,5951.482630687831,5970.972982161693,5931.509015519454,4479.605016394864,5563.498092032125,5640.4756399379185,6755.363334366606,5606.283944830084,7366.779414988203,6379.627669989986,3737.77882032231,6606.575418982033,5791.661632861227,6365.930198835424
5717.595817823694,7197.618492776217,6697.170981868119,4990.08818849186,5421.730744173568,7247.624211151195,4447.320296854956,5517.11169488978,6222.960446100005,6512.881368235689,5956.017203523013,5951.482630687831,5567.270614511992,5931.509015519454,4479.605016394864,5563.498092032125,5640.4756399379185,6755.363334366606,5606.283944830084,7366.779414988203,6379.627669989986,3737.77882032231,6606.575418982033,5791.661632861227,6365.930198835424
5717.595817823694,7197.618492776217,6697.170981868119,4990.08818849186,5421.730744173568,7247.624211151195,4447.320296854956,5517.11169488978,6222.960446100005,6512.881368235689,5956.017203523013,5951.482630687831,5567.270614511992,5778.438269899787,4479.605016394864,5563.498092032125,5640.4756399379185,6755.363334366606,5606.283944830084,7366.779414988203,6379.627669989986,3737.77882032231,6606.575418982033,5791.661632861227,6365.930198835424
5717.595817823694,7197.618492776217,6697.170981868119,4990.08818849186,5421.730744173568,7247.624211151195,4447.320296854956,5517.11169488978,6222.960446100005,6512.881368235689,5956.017203523013,5951.482630687831,5567.270614511992,5778.438269899787,4479.605016394864,5563.498092032125,5640.4756399379185,6755.363334366606,5606.283944830084,7366.779414988203,5565.746191285667,3737.77882032231,6606.575418982033,5790.694361509457,6365.930198835424
5717.595817823694,7197.618492776217,6697.170981868119,4990.08818849186,5421.730744173568,7247.624211151195,4447.320296854956,5517.11169488978,6222.960446100005,6512.881368235689,5956.017203523013,5951.482630687831,5567.270614511992,5778.438269899787,4479.605016394864,5563.498092032125,5640.4756399379185,6755.363334366606,5606.283944830084,7366.779414988203,5565.746191285667,3737.77882032231,5611.717122310816,5790.694361509457,6365.930198835424
5717.595817823694,7197.618492776217,6697.170981868119,4990.08818849186,5421.730744173568,7247.624211151195,4447.320296854956,5517.11169488978,6222.960446100005,6512.881368235689,5956.017203523013,5951.482630687831,5567.270614511992,5778.438269899787,4479.605016394864,5563.498092032125,5640.4756399379185,6755.363334366606,5606.283944830084,6992.5699110978185,5565.746191285667,3737.77882032231,5611.717122310816,5790.694361509457,6365.930198835424
5717.595817823694,7197.618492776217,6697.170981868119,4990.08818849186,5421.730744173568,7035.176682087711,4447.320296854956,5517.11169488978,6222.960446100005,6512.881368235689,5956.017203523013,5951.482630687831,5567.270614511992,5778.438269899787,3990.8180596669117,5563.498092032125,5640.4756399379185,6630.002459217725,5606.283944830084,6992.5699110978185,5565.746191285667,3737.77882032231,5611.717122310816,5790.694361509457,6365.930198835424
5717.595817823694,7197.618492776217,6697.170981868119,4990.08818849186,5421.730744173568,7035.176682087711,4447.320296854956,5517.11169488978,6222.960446100005,6512.881368235689,5956.017203523013,5951.482630687831,5567.270614511992,5778.438269899787,3990.8180596669117,5563.498092032125,5640.4756399379185,6630.002459217725,5606.283944830084,6992.5699110978185,5565.746191285667,3737.77882032231,5611.717122310816,5790.694361509457,6365.930198835424
5717.595817823694,7197.618492776217,6697.170981868119,4990.08818849186,5421.730744173568,7035.176682087711,4447.320296854956,5517.11169488978,5671.489887232283,6512.881368235689,5956.017203523013,5951.482630687831,5567.270614511992,5778.438269899787,3990.8180596669117,5563.498092032125,5640.4756399379185,6630.002459217725,5606.283944830084,6992.5699110978185,5565.746191285667,3737.77882032231,5611.717122310816,5790.694361509457,5511.2247699951695
5717.595817823694,7197.618492776217,6661.501489360611,4990.08818849186,5421.730744173568,7035.176682087711,4447.320296854956,5517.11169488978,5671.489887232283,6512.881368235689,5956.017203523013,5951.482630687831,5567.270614511992,5778.438269899787,3990.8180596669117,5563.498092032125,5640.4756399379185,6630.002459217725,5606.283944830084,6992.5699110978185,5521.380866502754,3737.77882032231,5611.717122310816,5790.694361509457,5511.2247699951695
5717.595817823694,7197.618492776217,6661.501489360611,4990.08818849186,5421.730744173568,6370.566770185134,4447.320296854956,5517.11169488978,5671.489887232283,6512.881368235689,5956.017203523013,5475.654686953534,5567.270614511992,5778.438269899787,3990.8180596669117,5563.498092032125,5640.4756399379185,6630.002459217725,5606.283944830084,6992.5699110978185,5521.380866502754,3737.77882032231,5611.717122310816,5790.694361509457,5511.2247699951695
5717.595817823694,7197.618492776217,6661.501489360611,4990.08818849186,5421.730744173568,6370.566770185134,4447.320296854956,5517.11169488978,5671.489887232283,6512.881368235689,5956.017203523013,5475.654686953534,5567.270614511992,5778.438269899787,3990.8180596669117,5563.498092032125,5640.4756399379185,6630.002459217725,5606.283944830084,6992.5699110978185,5521.380866502754,3737.77882032231,5611.717122310816,5790.694361509457,5511.2247699951695
5717.595817823694,7197.618492776217,6661.501489360611,4990.08818849186,5421.730744173568,6370.566770185134,4447.320296854956,5517.11169488978,5671.489887232283,6512.881368235689,5956.017203523013,5475.654686953534,5567.270614511992,5778.438269899787,3990.8180596669117,5563.498092032125,5640.4756399379185,6630.002459217725,5606.283944830084,6992.5699110978185,5521.380866502754,3737.77882032231,5611.717122310816,5790.694361509457,5511.2247699951695
5717.595817823694,7197.618492776217,6661.501489360611,4990.08818849186,5421.730744173568,6370.566770185134,4447.320296854956,5517.11169488978,5671.489887232283,6512.881368235689,5956.017203523013,5475.654686953534,5567.270614511992,5778.438269899787,3990.8180596669117,5563.498092032125,5640.4756399379185,6630.002459217725,5606.283944830084,6992.5699110978185,5521.380866502754,3737.77882032231,5611.717122310816,5790.694361509457,5140.342309852582
5717.595817823694,7197.618492776217,6661.501489360611,4990.08818849186,5421.730744173568,6356.371142004769,4447.320296854956,5517.11169488978,5671.489887232283,6512.881368235689,5956.017203523013,5475.654686953534,5567.270614511992,5778.438269899787,3990.8180596669117,5563.498092032125,5640.4756399379185,6630.002459217725,5606.283944830084,6992.5699110978185,5157.855464145254,3737.77882032231,5611.717122310816,5790.694361509457,5140.342309852582
4907.129136465261,7197.618492776217,6661.501489360611,4990.08818849186,5314.986425764637,6356.371142004769,4447.320296854956,5517.11169488978,5671.489887232283,6512.881368235689,5956.017203523013,5195.3906771730035,5567.270614511992,5778.438269899787,3990.8180596669117,5454.539262670427,5640.4756399379185,6630.002459217725,5606.283944830084,6992.5699110978185,5157.855464145254,3737.77882032231,5611.717122310816,5790.694361509457,5140.342309852582
4907.129136465261,7197.618492776217,6661.501489360611,4990.08818849186,5314.986425764637,6356.371142004769,4447.320296854956,5517.11169488978,5671.489887232283,6512.881368235689,5956.017203523013,5195.3906771730035,5567.270614511992,5778.438269899787,3990.8180596669117,5454.539262670427,5640.4756399379185,6630.002459217725,5606.283944830084,6992.5699110978185,5157.855464145254,3737.77882032231,5611.717122310816,5790.694361509457,5140.342309852582
4907.129136465261,7197.618492776217,6161.654938545529,4990.08818849186,5314.986425764637,6356.371142004769,4447.320296854956,5517.11169488978,5123.818817853207,6512.881368235689,5956.017203523013,5195.3906771730035,5567.270614511992,5778.438269899787,3990.8180596669117,5454.539262670427,5640.4756399379185,6630.002459217725,5166.747300560677,6992.5699110978185,5157.855464145254,3737.77882032231,5611.717122310816,5790.694361509457,5140.342309852582
4907.129136465261,7197.618492776217,6161.654938545529,4990.08818849186,5314.986425764637,6356.371142004769,4447.320296854956,5517.11169488978,5123.818817853207,6512.881368235689,5956.017203523013,5195.3906771730035,5567.270614511992,5778.438269899787,3990.8180596669117,5454.539262670427,5640.4756399379185,6630.002459217725,5166.747300560677,6992.5699110978185,3998.742600817346,3737.77882032231,5611.717122310816,5790.694361509457,5140.342309852582
4907.129136465261,7197.618492776217,6161.654938545529,4990.08818849186,5314.986425764637,6356.371142004769,4447.320296854956,5517.11169488978,5123.818817853207,5461.581934914335,5707.620878169124,5195.3906771730035,5567.270614511992,5778.438269899787,3990.8180596669117,5454.539262670427,5640.4756399379185,6630.002459217725,5166.747300560677,6992.5699110978185,3998.742600817346,3737.77882032231,5611.717122310816,5790.694361509457,5140.342309852582
4907.129136465261,7197.618492776217,6161.654938545529,4990.08818849186,5314.986425764637,6356.371142004769,4447.320296854956,5517.11169488978,5123.818817853207,5461.581934914335,5707.620878169124,5195.3906771730035,5567.270614511992,5778.438269899787,3990.8180596669117,5454.539262670427,5640.4756399379185,6630.002459217725,5166.747300560677,6992.5699110978185,3998.742600817346,3737.77882032231,5611.717122310816,5790.694361509457,5140.342309852582
4907.129136465261,7197.618492776217,6161.654938545529,4990.08818849186,5314.986425764637,6356.371142004769,4447.320296854956,5517.11169488978,5123.818817853207,5461.581934914335,5707.620878169124,5195.3906771730035,5567.270614511992,5778.438269899787,3990.8180596669117,5454.539262670427,5640.4756399379185,6630.002459217725,5166.747300560677,6992.5699110978185,3998.742600817346,3737.77882032231,5611.717122310816,5761.975674033993,5140.342309852582
4907.129136465261,7197.618492776217,6161.654938545529,4990.08818849186,5314.986425764637,6356.371142004769,4447.320296854956,5517.11169488978,5123.818817853207,5339.30890776444,5707.620878169124,5195.3906771730035,5567.270614511992,5778.438269899787,3990.8180596669117,4463.911244105166,5640.4756399379185,6630.002459217725,5166.747300560677,6992.5699110978185,3998.742600817346,3737.77882032231,5611.717122310816,5761.975674033993,5140.342309852582
4907.129136465261,7197.618492776217,6161.654938545529,4990.08818849186,5314.986425764637,6356.371142004769,4447.320296854956,5517.11169488978,5123.818817853207,5339.30890776444,5707.620878169124,5195.3906771730035,5567.270614511992,5778.438269899787,3990.8180596669117,4463.911244105166,5640.4756399379185,6630.002459217725,5166.747300560677,6992.5699110978185,3998.742600817346,3737.77882032231,5611.717122310816,5180.351490500572,5140.342309852582
4907.129136465261,7197.618492776217,5682.302523470749,4990.08818849186,5314.986425764637,6356.371142004769,4447.320296854956,5517.11169488978,4458.075962248451,5339.30890776444,5707.620878169124,5195.3906771730035,5567.270614511992,5778.438269899787,3990.8180596669117,4298.900045046921,5640.4756399379185,6630.002459217725,5166.747300560677,6827.728033107571,3998.742600817346,3737.77882032231,5611.717122310816,5180.351490500572,5140.342309852582
4907.129136465261,7187.843176802802,5682.302523470749,4990.08818849186,5314.986425764637,6356.371142004769,4447.320296854956,5072.104328946407,4458.075962248451,5339.30890776444,5707.620878169124,5195.3906771730035,5567.270614511992,5778.438269899787,3990.8180596669117,4298.900045046921,5640.4756399379185,6630.002459217725,5166.747300560677,6827.728033107571,3998.742600817346,3737.77882032231,5611.717122310816,5180.351490500572,5140.342309852582
4907.129136465261,6484.432607897594,5682.302523470749,4990.08818849186,5314.986425764637,6356.371142004769,4447.320296854956,5072.104328946407,4458.075962248451,5339.30890776444,5707.620878169124,5195.3906771730035,5567.270614511992,5778.438269899787,3990.8180596669117,4298.900045046921,5640.4756399379185,6630.002459217725,5166.747300560677,6827.728033107571,3998.742600817346,3737.77882032231,5611.717122310816,5180.351490500572,5140.342309852582
4907.129136465261,6484.432607897594,5682.302523470749,4990.08818849186,5314.986425764637,6356.371142004769,4447.320296854956,5072.104328946407,4458.075962248451,5339.30890776444,5707.620878169124,5195.3906771730035,5567.270614511992,5778.438269899787,2916.0613397010748,4265.461174518172,5640.4756399379185,6630.002459217725,5166.747300560677,6827.728033107571,3998.742600817346,3737.77882032231,5611.717122310816,5180.351490500572,5140.342309852582
4907.129136465261,6484.432607897594,5682.302523470749,4990.08818849186,5314.986425764637,6356.371142004769,4447.320296854956,5072.104328946407,4458.075962248451,5339.30890776444,5707.620878169124,5195.3906771730035,5567.270614511992,5778.438269899787,2916.0613397010748,4265.461174518172,5640.4756399379185,6630.002459217725,5166.747300560677,6827.728033107571,3998.742600817346,3737.77882032231,5611.717122310816,5180.351490500572,5140.342309852582
4907.129136465261,6484.432607897594,5682.302523470749,4990.08818849186,5314.986425764637,6356.371142004769,4447.320296854956,5072.104328946407,4458.075962248451,5339.30890776444,5707.620878169124,5195.3906771730035,5567.270614511992,5778.438269899787,2916.0613397010748,4265.461174518172,5640.4756399379185,6630.002459217725,5166.747300560677,6827.728033107571,3998.742600817346,3737.77882032231,5611.717122310816,5180.351490500572,5140.342309852582
4907.129136465261,6484.432607897594,5682.302523470749,4990.08818849186,4947.927897289894,6356.371142004769,4447.320296854956,5072.104328946407,4458.075962248451,5339.30890776444,5707.620878169124,5195.3906771730035,5567.270614511992,5484.205429464699,2916.0613397010748,4265.461174518172,5640.4756399379185,6630.002459217725,5166.747300560677,6827.728033107571,3998.742600817346,3737.77882032231,5611.717122310816,4977.844522295134,5140.342309852582
4907.129136465261,6484.432607897594,5682.302523470749,4990.08818849186,4947.927897289894,6356.371142004769,4447.320296854956,5072.104328946407,4458.075962248451,5339.30890776444,5707.620878169124,5195.3906771730035,5567.270614511992,5341.146987530592,2916.0613397010748,4265.461174518172,5640.4756399379185,6630.002459217725,5166.747300560677,6827.728033107571,3998.742600817346,3737.77882032231,5611.717122310816,4977.844522295134,5140.342309852582
4907.129136465261,6484.432607897594,5682.302523470749,4990.08818849186,4947.927897289894,6356.371142004769,4447.320296854956,5072.104328946407,4458.075962248451,5339.30890776444,5707.620878169124,5195.3906771730035,5567.270614511992,5341.146987530592,2916.0613397010748,4265.461174518172,5640.4756399379185,6630.002459217725,5166.747300560677,6827.728033107571,3998.742600817346,3737.77882032231,5611.717122310816,4977.844522295134,5140.342309852582
4907.129136465261,6484.432607897594,5682.302523470749,4990.08818849186,4947.927897289894,6197.318181273495,4447.320296854956,5072.104328946407,4458.075962248451,5339.30890776444,5707.620878169124,5195.3906771730035,5567.270614511992,5341.146987530592,2916.0613397010748,4265.461174518172,5640.4756399379185,6630.002459217725,5166.747300560677,6827.728033107571,3998.742600817346,3737.77882032231,5611.717122310816,4977.844522295134,5140.342309852582
4907.129136465261,6484.432607897594,5682.302523470749,4990.08818849186,4947.927897289894,6197.318181273495,4447.320296854956,5072.104328946407,4458.075962248451,5339.30890776444,5707.620878169124,5195.3906771730035,5567.270614511992,5341.146987530592,2916.0613397010748,4265.461174518172,5640.4756399379185,6630.002459217725,5166.747300560677,6827.728033107571,3823.010749844885,3737.77882032231,5611.717122310816,4977.844522295134,5140.342309852582
4907.129136465261,6484.432607897594,5682.302523470749,4990.08818849186,4947.927897289894,6197.318181273495,4447.320296854956,5072.104328946407,4458.075962248451,5339.30890776444,5707.620878169124,5195.3906771730035,5567.270614511992,4935.912117006337,2916.0613397010748,4265.461174518172,5640.4756399379185,6630.002459217725,5166.747300560677,6402.056025237147,3823.010749844885,3737.77882032231,4960.847673594886,4977.844522295134,5140.342309852582
4907.129136465261,6484.432607897594,5682.302523470749,4990.08818849186,4947.927897289894,6197.318181273495,4447.320296854956,5072.104328946407,4458.075962248451,5339.30890776444,5053.418950272204,5195.3906771730035,5567.270614511992,4935.912117006337,2916.0613397010748,4265.461174518172,5640.4756399379185,6630.002459217725,5166.747300560677,6402.056025237147,3823.010749844885,3737.77882032231,4960.847673594886,4977.844522295134,5140.342309852582
4907.129136465261,6484.432607897594,5682.302523470749,4990.08818849186,4947.927897289894,5852.341319131536,4447.320296854956,5072.104328946407,4458.075962248451,5339.30890776444,5053.418950272204,5195.3906771730035,5567.270614511992,4935.912117006337,2916.0613397010748,4265.461174518172,5640.4756399379185,6630.002459217725,5166.747300560677,6402.056025237147,3823.010749844885,3737.77882032231,4960.847673594886,4977.844522295134,5140.342309852582
4907.129136465261,6448.653683234301,5682.302523470749,4990.08818849186,4947.927897289894,5852.341319131536,4447.320296854956,5072.104328946407,4458.075962248451,5339.30890776444,5053.418950272204,5195.3906771730035,5042.11683101203,4935.912117006337,2916.0613397010748,4265.461174518172,5640.4756399379185,6630.002459217725,5166.747300560677,6402.056025237147,3823.010749844885,3737.77882032231,4960.847673594886,4977.844522295134,5140.342309852582
4907.129136465261,6448.653683234301,5682.302523470749,4990.08818849186,4947.927897289894,5852.341319131536,4447.320296854956,5072.104328946407,4458.075962248451,5339.30890776444,5053.418950272204,5195.3906771730035,5042.11683101203,4935.912117006337,2916.0613397010748,4258.854601442061,5533.95628064562,6548.440800134706,5166.747300560677,6402.056025237147,3823.010749844885,3737.77882032231,4960.847673594886,4977.844522295134,5140.342309852582
4907.129136465261,6448.653683234301,5682.302523470749,4990.08818849186,4947.927897289894,5852.341319131536,4447.320296854956,5072.104328946407,4458.075962248451,5339.30890776444,5053.418950272204,5195.3906771730035,5042.11683101203,4935.912117006337,2916.0613397010748,4258.854601442061,5533.95628064562,6548.440800134706,5166.747300560677,6402.056025237147,3823.010749844885,3737.77882032231,4960.847673594886,4977.844522295134,5140.342309852582
4776.7692293121,6448.653683234301,5682.302523470749,4990.08818849186,4947.927897289894,5852.341319131536,4447.320296854956,5072.104328946407,4458.075962248451,5339.30890776444,5053.418950272204,5195.3906771730035,5042.11683101203,4856.995782456157,2916.0613397010748,4258.854601442061,5533.95628064562,6548.440800134706,5166.747300560677,6280.798093098087,3823.010749844885,3737.77882032231,4960.847673594886,4846.00245800109,5140.342309852582
4776.7692293121,6448.653683234301,5682.302523470749,4990.08818849186,4947.927897289894,5852.341319131536,4447.320296854956,5072.104328946407,4458.075962248451,5339.30890776444,5053.418950272204,5195.3906771730035,5042.11683101203,4856.995782456157,2916.0613397010748,4258.854601442061,5533.95628064562,6548.440800134706,5166.747300560677,6280.798093098087,3463.774330629629,3737.77882032231,4960.847673594886,4748.324977970504,5140.342309852582
4776.7692293121,6448.653683234301,5682.302523470749,4990.08818849186,4947.927897289894,5852.341319131536,4447.320296854956,5072.104328946407,4458.075962248451,5067.118924194387,5053.418950272204,5116.39377636039,5042.11683101203,4849.898490489581,2916.0613397010748,4258.854601442061,5533.95628064562,6548.440800134706,5166.747300560677,6280.798093098087,3463.774330629629,3737.77882032231,4960.847673594886,4748.324977970504,5140.342309852582
4776.7692293121,6448.653683234301,5682.302523470749,4990.08818849186,4947.927897289894,5852.341319131536,4447.320296854956,5072.104328946407,4458.075962248451,5067.118924194387,5053.418950272204,5116.39377636039,5042.11683101203,4849.898490489581,2916.0613397010748,4258.854601442061,5533.95628064562,6548.440800134706,5166.747300560677,6280.798093098087,3463.774330629629,3737.77882032231,4960.847673594886,4748.324977970504,5140.342309852582
4776.7692293121,6448.653683234301,5682.302523470749,4990.08818849186,4947.927897289894,5852.341319131536,4447.320296854956,5072.104328946407,4458.075962248451,5067.118924194387,5053.418950272204,5056.247881562227,5042.11683101203,4849.898490489581,2916.0613397010748,4258.854601442061,5395.069129406205,6548.440800134706,5166.747300560677,6280.798093098087,3463.774330629629,3737.77882032231,4960.847673594886,4748.324977970504,5140.342309852582
4465.340424235186,6448.653683234301,5682.302523470749,4990.08818849186,4633.004506818033,5852.341319131536,4447.320296854956,5072.104328946407,4458.075962248451,5067.118924194387,5053.418950272204,4771.0963539723525,5042.11683101203,4849.898490489581,2916.0613397010748,4258.854601442061,5395.069129406205,6115.458992661579,5166.747300560677,6280.798093098087,3463.774330629629,3737.77882032231,4960.847673594886,4748.324977970504,5140.342309852582
4465.340424235186,6361.792377071961,5682.302523470749,4990.08818849186,4633.004506818033,5852.341319131536,4447.320296854956,5072.104328946407,4458.075962248451,5067.118924194387,5053.418950272204,4771.0963539723525,5042.11683101203,4849.898490489581,2916.0613397010748,4258.854601442061,5395.069129406205,6115.458992661579,5166.747300560677,6280.798093098087,3463.774330629629,3737.77882032231,4960.847673594886,4748.324977970504,5140.342309852582
4465.340424235186,6361.792377071961,5682.302523470749,4990.08818849186,4633.004506818033,5852.341319131536,4447.320296854956,5072.104328946407,4458.075962248451,5067.118924194387,5053.418950272204,4771.0963539723525,5042.11683101203,4849.898490489581,2916.0613397010748,4258.854601442061,5395.069129406205,5682.2364438923905,4320.779535045309,6280.798093098087,3463.774330629629,3737.77882032231,4960.847673594886,4748.324977970504,5140.342309852582
4465.340424235186,6361.792377071961,5682.302523470749,4990.08818849186,4633.004506818033,5542.5611729755,4447.320296854956,4447.876363845899,4458.075962248451,5067.118924194387,5053.418950272204,4771.0963539723525,5042.11683101203,4849.898490489581,2916.0613397010748,4258.854601442061,5395.069129406205,5682.2364438923905,4320.779535045309,6280.798093098087,2641.0841235606968,3737.77882032231,4960.847673594886,4748.324977970504,5140.342309852582
4465.340424235186,6361.792377071961,5682.302523470749,4990.08818849186,4609.973332172194,5542.5611729755,4447.320296854956,4447.876363845899,4458.075962248451,5067.118924194387,5053.418950272204,4771.0963539723525,5042.11683101203,4849.898490489581,2916.0613397010748,4258.854601442061,5395.069129406205,5682.2364438923905,4320.779535045309,6280.798093098087,2641.0841235606968,3737.77882032231,4960.847673594886,4748.324977970504,5140.342309852582
4465.340424235186,6361.792377071961,5682.302523470749,4990.08818849186,4609.973332172194,5542.5611729755,4447.320296854956,4447.876363845899,4458.075962248451,5067.118924194387,5053.418950272204,4771.0963539723525,5042.11683101203,4849.898490489581,2916.0613397010748,4258.854601442061,5395.069129406205,5682.2364438923905,4320.779535045309,6089.735489938994,2641.0841235606968,3737.77882032231,4960.847673594886,4748.324977970504,5140.342309852582
4465.340424235186,6361.792377071961,5682.302523470749,4990.08818849186,4609.973332172194,5542.5611729755,4447.320296854956,4447.876363845899,4458.075962248451,5067.118924194387,5053.418950272204,4771.0963539723525,5042.11683101203,4849.898490489581,2916.0613397010748,4258.854601442061,5395.069129406205,5682.2364438923905,4245.403677881888,6089.735489938994,2578.327423874922,3737.77882032231,4960.847673594886,4748.324977970504,5140.342309852582
4465.340424235186,6361.792377071961,5682.302523470749,4990.08818849186,4609.973332172194,5542.5611729755,4447.320296854956,4447.876363845899,4458.075962248451,5067.118924194387,5053.418950272204,4771.0963539723525,5042.11683101203,4849.898490489581,2916.0613397010748,4258.854601442061,5395.069129406205,5682.2364438923905,4245.403677881888,6089.735489938994,2578.327423874922,3737.77882032231,4960.847673594886,4748.324977970504,5140.342309852582
4021.8116674977136,6361.792377071961,5682.302523470749,4990.08818849186,4609.973332172194,5542.5611729755,4447.320296854956,4447.876363845899,4458.075962248451,5067.118924194387,5053.418950272204,4771.0963539723525,5042.11683101203,4849.898490489581,2746.070929095691,4083.7926941748156,5395.069129406205,5682.2364438923905,4245.403677881888,6089.735489938994,2578.327423874922,3737.77882032231,4960.847673594886,4748.324977970504,5140.342309852582
4021.8116674977136,6361.792377071961,5682.302523470749,4990.08818849186,4609.973332172194,5542.5611729755,4447.320296854956,4447.876363845899,4458.075962248451,5067.118924194387,5053.418950272204,4771.0963539723525,5042.11683101203,4849.898490489581,2746.070929095691,4083.7926941748156,5147.185591090216,5682.2364438923905,4245.403677881888,6089.735489938994,2578.327423874922,3737.77882032231,4960.847673594886,4748.324977970504,5140.342309852582
4021.8116674977136,6361.792377071961,5682.302523470749,4990.08818849186,4609.973332172194,5158.454287050281,4447.320296854956,4447.876363845899,3747.610946493671,5067.118924194387,5053.418950272204,4771.0963539723525,4627.263257216342,4396.771242016581,2746.070929095691,4083.7926941748156,5147.185591090216,5682.2364438923905,4245.403677881888,6089.735489938994,2578.327423874922,3737.77882032231,4960.847673594886,4274.349541864056,5140.342309852582
4021.8116674977136,6361.792377071961,5682.302523470749,4990.08818849186,4609.973332172194,5158.454287050281,4447.320296854956,4447.876363845899,3747.610946493671,5067.118924194387,5053.418950272204,4771.0963539723525,4627.263257216342,4396.771242016581,2746.070929095691,4083.7926941748156,5147.185591090216,5682.2364438923905,4245.403677881888,6089.735489938994,2578.327423874922,3737.77882032231,4960.847673594886,4274.349541864056,5095.876869954671
3629.16167646167,6361.792377071961,5682.302523470749,4990.08818849186,4609.973332172194,5158.454287050281,4285.4277693964395,4447.876363845899,3607.7533788919354,5067.118924194387,4626.395555365856,4771.0963539723525,4627.263257216342,4396.771242016581,2746.070929095691,4083.7926941748156,5147.185591090216,5682.2364438923905,4245.403677881888,6089.735489938994,2578.327423874922,3737.77882032231,4960.847673594886,4274.349541864056,5095.876869954671
3629.16167646167,6361.792377071961,5682.302523470749,4959.263726825178,4609.973332172194,5158.454287050281,4285.4277693964395,4447.876363845899,3607.7533788919354,5067.118924194387,4626.395555365856,4771.0963539723525,4627.263257216342,4396.771242016581,2746.070929095691,4083.7926941748156,5147.185591090216,5682.2364438923905,4245.403677881888,6089.735489938994,2578.327423874922,3531.152103266999,4960.847673594886,4274.349541864056,5095.876869954671
3629.16167646167,6361.792377071961,5682.302523470749,4959.263726825178,4609.973332172194,5142.0473290045375,4285.4277693964395,4447.876363845899,3607.7533788919354,5067.118924194387,4626.395555365856,4771.0963539723525,4627.263257216342,4396.771242016581,2746.070929095691,4083.7926941748156,5147.185591090216,5598.904228301388,4245.403677881888,6089.735489938994,2578.327423874922,3531.152103266999,4960.847673594886,4274.349541864056,5095.876869954671
3629.16167646167,6361.792377071961,5682.302523470749,4959.263726825178,4575.200114914904,5142.0473290045375,4285.4277693964395,4447.876363845899,3607.7533788919354,5067.118924194387,4626.395555365856,4771.0963539723525,4627.263257216342,4396.771242016581,2746.070929095691,4083.7926941748156,5147.185591090216,5598.904228301388,4245.403677881888,6089.735489938994,2578.327423874922,3531.152103266999,4960.847673594886,3549.3373247006675,4059.3535373637023
3629.16167646167,6361.792377071961,5682.302523470749,4959.263726825178,4575.200114914904,5142.0473290045375,4285.4277693964395,4447.876363845899,3607.7533788919354,5067.118924194387,4626.395555365856,4614.668146033942,4627.263257216342,4396.771242016581,2746.070929095691,4011.9242426582096,5147.185591090216,5577.312940077867,4245.403677881888,6089.735489938994,2578.327423874922,3531.152103266999,4960.847673594886,3549.3373247006675,4059.3535373637023
3629.16167646167,6361.792377071961,4936.466827215896,4959.263726825178,4575.200114914904,5142.0473290045375,4285.4277693964395,4447.876363845899,3607.7533788919354,5067.118924194387,4626.395555365856,4614.668146033942,4627.263257216342,4396.771242016581,2746.070929095691,3975.64536401807,5147.185591090216,5182.0101731312425,4245.403677881888,6089.735489938994,2578.327423874922,3531.152103266999,4960.847673594886,3549.3373247006675,4059.3535373637023
3629.16167646167,6361.792377071961,4936.466827215896,4462.122122240959,4575.200114914904,5142.0473290045375,4285.4277693964395,4447.876363845899,3607.7533788919354,5067.118924194387,4626.395555365856,4614.668146033942,4627.263257216342,4396.771242016581,2746.070929095691,3714.338186849818,5147.185591090216,5182.0101731312425,4245.403677881888,5895.65771828733,2578.327423874922,3531.152103266999,4566.233411678215,3549.3373247006675,4059.3535373637023
3629.16167646167,6361.792377071961,4936.466827215896,4462.122122240959,4575.200114914904,5028.212127324998,4285.4277693964395,4447.876363845899,3607.7533788919354,5067.118924194387,4626.395555365856,4614.668146033942,4627.263257216342,4396.771242016581,2746.070929095691,3714.338186849818,5147.185591090216,5182.0101731312425,4245.403677881888,5895.65771828733,2578.327423874922,3531.152103266999,4566.233411678215,3549.3373247006675,4059.3535373637023
3629.16167646167,6361.792377071961,4718.834112981171,4462.122122240959,4575.200114914904,5028.212127324998,4285.4277693964395,4447.876363845899,3607.7533788919354,5067.118924194387,4626.395555365856,4614.668146033942,4627.263257216342,4396.771242016581,2746.070929095691,3714.338186849818,5147.185591090216,5182.0101731312425,4245.403677881888,5895.65771828733,2578.327423874922,3531.152103266999,4566.233411678215,3549.3373247006675,4059.3535373637023
3629.16167646167,6256.947333758984,4373.738399568487,4462.122122240959,4575.200114914904,4964.270991833469,4285.4277693964395,4447.876363845899,3607.7533788919354,5067.118924194387,4626.395555365856,4614.668146033942,4627.263257216342,4396.771242016581,2746.070929095691,3714.338186849818,4352.440922074649,5182.0101731312425,4033.7077736824685,5895.65771828733,2578.327423874922,3531.152103266999,4566.233411678215,3549.3373247006675,4059.3535373637023
3629.16167646167,6255.404076922103,4373.738399568487,4462.122122240959,4575.200114914904,4964.270991833469,4285.4277693964395,4447.876363845899,3607.7533788919354,5067.118924194387,4626.395555365856,4614.668146033942,4627.263257216342,4396.771242016581,2746.070929095691,3714.338186849818,4352.440922074649,5182.0101731312425,4033.7077736824685,5895.65771828733,2578.327423874922,3531.152103266999,4566.233411678215,3549.3373247006675,4059.3535373637023
3629.16167646167,6255.404076922103,4373.738399568487,4462.122122240959,4575.200114914904,4964.270991833469,4285.4277693964395,4447.876363845899,3607.7533788919354,4881.371338784276,4626.395555365856,4491.852529240437,4302.996385646817,4396.771242016581,2746.070929095691,3714.338186849818,4352.440922074649,5182.0101731312425,4033.7077736824685,5895.65771828733,2578.327423874922,3531.152103266999,4566.233411678215,3549.3373247006675,4059.3535373637023
3629.16167646167,6255.404076922103,4373.738399568487,4462.122122240959,4575.200114914904,4964.270991833469,4285.4277693964395,4447.876363845899,3607.7533788919354,4881.371338784276,4626.395555365856,4410.836295125053,4302.996385646817,4396.771242016581,2527.651575142576,3714.338186849818,4352.440922074649,5182.0101731312425,4033.7077736824685,5895.65771828733,2578.327423874922,3531.152103266999,4566.233411678215,3549.3373247006675,4059.3535373637023
3629.16167646167,6230.18199958299,4373.738399568487,4462.122122240959,3986.805690514535,4964.270991833469,4285.4277693964395,3953.810605044233,3607.7533788919354,4732.9843706756,4626.395555365856,4410.836295125053,4302.996385646817,4396.771242016581,2527.651575142576,3714.338186849818,4352.440922074649,5182.0101731312425,4033.7077736824685,5895.65771828733,2578.327423874922,3531.152103266999,4566.233411678215,3549.3373247006675,4059.3535373637023
3629.16167646167,5378.166084013425,4373.738399568487,4462.122122240959,3986.805690514535,4964.270991833469,4285.4277693964395,3953.810605044233,3607.7533788919354,4732.9843706756,4626.395555365856,4410.836295125053,4302.996385646817,4396.771242016581,2527.651575142576,3714.338186849818,4352.440922074649,5182.0101731312425,4033.7077736824685,5895.65771828733,2119.9870226595667,3531.152103266999,4566.233411678215,2935.2217200868836,4059.3535373637023
3629.16167646167,5378.166084013425,4373.738399568487,4462.122122240959,3986.805690514535,4964.270991833469,4285.4277693964395,3953.810605044233,3607.7533788919354,4732.9843706756,4626.395555365856,4410.836295125053,4302.996385646817,4396.771242016581,2527.651575142576,3714.338186849818,4352.440922074649,5182.0101731312425,3924.6473109150866,5895.65771828733,2119.9870226595667,3531.152103266999,4566.233411678215,2935.2217200868836,4059.3535373637023
3629.16167646167,5378.166084013425,4373.738399568487,4462.122122240959,3986.805690514535,4964.270991833469,4285.4277693964395,3953.810605044233,3607.7533788919354,4732.9843706756,4626.395555365856,4410.836295125053,4302.996385646817,4396.771242016581,2527.651575142576,3714.338186849818,4352.440922074649,5182.0101731312425,3924.6473109150866,5895.65771828733,2119.9870226595667,3531.152103266999,4566.233411678215,2935.2217200868836,4059.3535373637023
3629.16167646167,5378.166084013425,4373.738399568487,4462.122122240959,3986.805690514535,4964.270991833469,4285.4277693964395,3953.810605044233,3607.7533788919354,4732.9843706756,4626.395555365856,4410.836295125053,4302.996385646817,4396.771242016581,2527.651575142576,3094.529403115037,4352.440922074649,4900.2727126384125,3924.6473109150866,5790.857877877028,2119.9870226595667,3531.152103266999,4566.233411678215,2935.2217200868836,4059.3535373637023
3629.16167646167,5378.166084013425,4373.738399568487,4349.303124410162,3986.805690514535,4964.270991833469,4285.4277693964395,3953.810605044233,3607.7533788919354,4732.9843706756,4626.395555365856,4224.782932096168,4302.996385646817,4396.771242016581,2527.651575142576,3094.529403115037,4352.440922074649,4900.2727126384125,3924.6473109150866,5790.857877877028,2119.9870226595667,3531.152103266999,4566.233411678215,2935.2217200868836,4059.3535373637023
3629.16167646167,5378.166084013425,4373.738399568487,4349.303124410162,3986.805690514535,4964.270991833469,4285.4277693964395,3953.810605044233,3607.7533788919354,4732.9843706756,4626.395555365856,3529.586562170305,4302.996385646817,4396.771242016581,2527.651575142576,3094.529403115037,4352.440922074649,4900.2727126384125,3924.6473109150866,5790.857877877028,2119.9870226595667,3531.152103266999,4566.233411678215,2935.2217200868836,4059.3535373637023
3629.16167646167,5378.166084013425,4373.738399568487,4349.303124410162,3986.805690514535,4964.270991833469,4285.4277693964395,3953.810605044233,3607.7533788919354,4732.9843706756,4626.395555365856,3529.586562170305,4302.996385646817,4396.771242016581,2527.651575142576,3094.529403115037,4352.440922074649,4900.2727126384125,3924.6473109150866,5790.857877877028,2119.9870226595667,3531.152103266999,4281.267921245282,2935.2217200868836,4059.3535373637023
3629.16167646167,5378.166084013425,4373.738399568487,4349.303124410162,3986.805690514535,4964.270991833469,4285.4277693964395,3953.810605044233,3607.7533788919354,4732.9843706756,4626.395555365856,3529.586562170305,4302.996385646817,4396.771242016581,2527.651575142576,3094.529403115037,4352.440922074649,4900.2727126384125,3811.434487547376,5761.5210176550845,2119.9870226595667,3531.152103266999,4281.267921245282,2935.2217200868836,3690.6891273963774
3629.16167646167,5378.166084013425,4373.738399568487,4349.303124410162,3986.805690514535,4964.270991833469,4285.4277693964395,3953.810605044233,3607.7533788919354,4732.9843706756,4626.395555365856,3529.586562170305,4302.996385646817,4396.771242016581,2527.651575142576,3094.529403115037,4352.440922074649,4900.2727126384125,3811.434487547376,5173.874060262442,2119.9870226595667,3531.152103266999,4116.718581292142,2850.57637463661,3690.6891273963774
3629.16167646167,5378.166084013425,4373.738399568487,4349.303124410162,3986.805690514535,4606.316128468225,4285.4277693964395,3953.810605044233,3607.7533788919354,4732.9843706756,4626.395555365856,3529.586562170305,4302.996385646817,4396.771242016581,2527.651575142576,3094.529403115037,4352.440922074649,4900.2727126384125,3811.434487547376,5173.874060262442,2119.9870226595667,3531.152103266999,4116.718581292142,2850.57637463661,3690.6891273963774
3629.16167646167,5378.166084013425,4373.738399568487,4349.303124410162,3986.805690514535,4606.316128468225,4285.4277693964395,3953.810605044233,3503.285083234754,4732.9843706756,4626.395555365856,3529.586562170305,4302.996385646817,4396.771242016581,2527.651575142576,3094.529403115037,4352.440922074649,4900.2727126384125,3611.9014607555437,5173.874060262442,1526.1740158499888,3531.152103266999,4116.718581292142,2850.57637463661,3355.7215363449177
3629.16167646167,5378.166084013425,3888.094748546322,4349.303124410162,3986.805690514535,4606.316128468225,4285.4277693964395,3953.810605044233,3503.285083234754,4732.9843706756,4626.395555365856,3335.0554922834453,4302.996385646817,4396.771242016581,2527.651575142576,3094.529403115037,4196.047092972691,4900.2727126384125,3611.9014607555437,5173.874060262442,1526.1740158499888,3531.152103266999,4116.718581292142,2850.57637463661,3355.7215363449177
3629.16167646167,5378.166084013425,3888.094748546322,4349.303124410162,3986.805690514535,4606.316128468225,4285.4277693964395,3953.810605044233,3503.285083234754,4732.9843706756,4626.395555365856,3335.0554922834453,4302.996385646817,4396.771242016581,2527.651575142576,3094.529403115037,4196.047092972691,4900.2727126384125,3611.9014607555437,5173.874060262442,1526.1740158499888,3531.152103266999,4116.718581292142,2850.57637463661,3355.7215363449177
3629.16167646167,5378.166084013425,3888.094748546322,4349.303124410162,3986.805690514535,4449.634432753948,4285.4277693964395,3953.810605044233,3503.285083234754,4732.9843706756,4527.139133914494,3335.0554922834453,4302.996385646817,4396.771242016581,2527.651575142576,2872.987773379471,4128.556311064891,4900.2727126384125,3515.654173271818,5173.874060262442,1526.1740158499888,3531.152103266999,4116.718581292142,2850.57637463661,3355.7215363449177
3629.16167646167,5378.166084013425,3888.094748546322,4349.303124410162,3986.805690514535,4449.634432753948,4285.4277693964395,3953.810605044233,3503.285083234754,4440.062772695572,4527.139133914494,3225.7749765376902,4302.996385646817,4396.771242016581,2527.651575142576,2872.987773379471,4128.556311064891,4900.2727126384125,3515.654173271818,5173.874060262442,1526.1740158499888,3531.152103266999,4043.7232493362935,2850.57637463661,3355.7215363449177
3629.16167646167,5378.166084013425,3888.094748546322,4349.303124410162,3986.805690514535,4449.634432753948,4285.4277693964395,3953.810605044233,3503.285083234754,4440.062772695572,4527.139133914494,3225.7749765376902,4302.996385646817,4396.771242016581,2527.651575142576,2872.987773379471,4128.556311064891,4900.2727126384125,3515.654173271818,5173.874060262442,1526.1740158499888,3531.152103266999,4043.7232493362935,2850.57637463661,3286.1872450741066
3629.16167646167,5217.762519637035,3888.094748546322,4349.303124410162,3986.805690514535,4449.634432753948,4285.4277693964395,3953.810605044233,3503.285083234754,4112.122331281855,4430.278918149284,3225.7749765376902,4302.996385646817,4396.771242016581,2527.651575142576,2872.987773379471,4128.556311064891,4900.2727126384125,3515.654173271818,5173.874060262442,1526.1740158499888,3531.152103266999,4043.7232493362935,2850.57637463661,3286.1872450741066
3629.16167646167,5217.762519637035,3888.094748546322,4349.303124410162,3986.805690514535,4449.634432753948,4285.4277693964395,3953.810605044233,3324.456549995961,4112.122331281855,4430.278918149284,3116.4540200685915,4302.996385646817,4396.771242016581,2527.651575142576,2872.987773379471,3593.374926380082,4900.2727126384125,3515.654173271818,5173.874060262442,1413.3507576267148,3531.152103266999,4043.7232493362935,2850.57637463661,3286.1872450741066
3629.16167646167,5217.762519637035,3888.094748546322,4349.303124410162,3986.805690514535,4449.634432753948,4285.4277693964395,3953.810605044233,3324.456549995961,4112.122331281855,4430.278918149284,3116.4540200685915,4302.996385646817,4396.771242016581,2527.651575142576,2872.987773379471,3593.374926380082,4900.2727126384125,3515.654173271818,5173.874060262442,1413.3507576267148,3531.152103266999,4043.7232493362935,2850.57637463661,3286.1872450741066
3629.16167646167,5217.762519637035,3888.094748546322,4349.303124410162,3986.805690514535,4449.634432753948,4200.016895159792,3953.810605044233,3324.456549995961,4112.122331281855,4430.278918149284,2695.7523262287104,4302.996385646817,4314.59727161314,2527.651575142576,2872.987773379471,3593.374926380082,4900.2727126384125,3515.654173271818,4824.803870365464,1413.3507576267148,3531.152103266999,4043.7232493362935,2850.57637463661,3286.1872450741066
3580.0318549941876,5217.762519637035,3888.094748546322,4349.303124410162,3986.805690514535,4449.634432753948,4015.5670378565737,3953.810605044233,2657.191859497583,4112.122331281855,4430.278918149284,2695.7523262287104,4302.996385646817,4314.59727161314,2527.651575142576,2872.987773379471,3593.374926380082,4900.2727126384125,3515.654173271818,4824.803870365464,1413.3507576267148,3531.152103266999,4043.7232493362935,2850.57637463661,3286.1872450741066
3580.0318549941876,5217.762519637035,3888.094748546322,4349.303124410162,3986.805690514535,4449.634432753948,4015.5670378565737,3953.810605044233,2657.191859497583,4112.122331281855,4388.3718071069925,2695.7523262287104,4262.57794040961,4111.51609858916,2527.651575142576,2872.987773379471,3593.374926380082,4900.2727126384125,2862.781101615099,4824.803870365464,1413.3507576267148,3531.152103266999,4043.7232493362935,2850.57637463661,3286.1872450741066
3580.0318549941876,5217.762519637035,3495.4515503380426,4349.303124410162,3986.805690514535,4449.634432753948,4015.5670378565737,3953.810605044233,2657.191859497583,4112.122331281855,4388.3718071069925,2695.7523262287104,4262.57794040961,4111.51609858916,2527.651575142576,2872.987773379471,3593.374926380082,4900.2727126384125,2753.3135634435785,4824.803870365464,1413.3507576267148,3531.152103266999,4043.7232493362935,2850.57637463661,3286.1872450741066
3580.0318549941876,5217.762519637035,3495.4515503380426,4349.303124410162,3986.805690514535,4449.634432753948,4015.5670378565737,3953.810605044233,2657.191859497583,4112.122331281855,4260.3604787516815,2695.7523262287104,4262.57794040961,4111.51609858916,2527.651575142576,2872.987773379471,3593.374926380082,4900.2727126384125,2753.3135634435785,4824.803870365464,1252.7152980511928,3531.152103266999,3954.0101052478894,2850.57637463661,3286.1872450741066
3478.4878596922754,5217.762519637035,3495.4515503380426,4349.303124410162,3897.354377188163,4449.634432753948,4015.5670378565737,3953.810605044233,2657.191859497583,4112.122331281855,4260.3604787516815,2695.7523262287104,4262.57794040961,4111.51609858916,2527.651575142576,2872.987773379471,3593.374926380082,4900.2727126384125,2753.3135634435785,4824.803870365464,1252.7152980511928,3531.152103266999,3954.0101052478894,2850.57637463661,2416.7483903853354
3478.4878596922754,5217.762519637035,3495.4515503380426,3993.8963830295106,3897.354377188163,3971.1920837307043,4015.5670378565737,3953.810605044233,2657.191859497583,4112.122331281855,4260.3604787516815,2695.7523262287104,4262.57794040961,4111.51609858916,2527.651575142576,2872.987773379471,3593.374926380082,4900.2727126384125,2753.3135634435785,4824.803870365464,1252.7152980511928,3490.1292342858032,3954.0101052478894,2850.57637463661,2416.7483903853354
3478.4878596922754,5217.762519637035,3495.4515503380426,3972.2846307706786,3805.3121125914804,3971.1920837307043,4015.5670378565737,3953.810605044233,2657.191859497583,4112.122331281855,4260.3604787516815,2695.7523262287104,4262.57794040961,4111.51609858916,2527.651575142576,2872.987773379471,3352.990341245939,4900.2727126384125,2753.3135634435785,4824.803870365464,1252.7152980511928,3490.1292342858032,3954.0101052478894,2850.57637463661,2416.7483903853354
3478.4878596922754,5217.762519637035,3495.4515503380426,3972.2846307706786,3673.023405380809,3971.1920837307043,4015.5670378565737,3953.810605044233,2657.191859497583,2820.302054294825,4260.3604787516815,2695.7523262287104,4262.57794040961,4111.51609858916,2527.651575142576,2872.987773379471,3352.990341245939,4900.2727126384125,2753.3135634435785,4824.803870365464,1252.7152980511928,3391.1391021495547,3702.571136303599,2850.57637463661,2416.7483903853354
3477.4078738274766,5020.1144013827325,3495.4515503380426,3895.709916386022,3468.1526563864063,3971.1920837307043,4015.5670378565737,3832.7385202017176,2657.191859497583,2820.302054294825,4260.3604787516815,2695.7523262287104,4262.57794040961,3994.5047693994165,2359.830170223642,2872.987773379471,3352.990341245939,4900.2727126384125,2753.3135634435785,4824.803870365464,1252.7152980511928,3207.1633088648196,3702.571136303599,2850.57637463661,2416.7483903853354
3477.4078738274766,4772.693165559314,3495.4515503380426,3895.709916386022,3468.1526563864063,3925.7005907056628,3902.764056636508,3832.7385202017176,2657.191859497583,2820.302054294825,4252.148154754657,2695.7523262287104,4262.57794040961,3946.211196401491,2359.830170223642,2872.987773379471,3352.990341245939,4732.952886075556,2753.3135634435785,4824.803870365464,1252.7152980511928,3207.1633088648196,3702.571136303599,2850.57637463661,2416.7483903853354
3477.4078738274766,4772.693165559314,3495.4515503380426,3895.709916386022,3468.1526563864063,3925.7005907056628,3826.396161640969,3832.7385202017176,2405.6514779719546,2820.302054294825,4252.148154754657,2695.7523262287104,4262.57794040961,3946.211196401491,2359.830170223642,2872.987773379471,3352.990341245939,4732.952886075556,2753.3135634435785,4824.803870365464,1252.7152980511928,2913.8597509683823,3702.571136303599,2850.57637463661,2416.7483903853354
3224.1115934518384,4644.258155653304,3495.4515503380426,3895.709916386022,3468.1526563864063,3925.7005907056628,3826.396161640969,3832.7385202017176,2405.6514779719546,2820.302054294825,3985.0659002769426,2695.7523262287104,3965.9936996626893,3946.211196401491,2359.830170223642,2872.987773379471,3352.990341245939,4676.577733531914,2753.3135634435785,4824.803870365464,1252.7152980511928,2913.8597509683823,3702.571136303599,2850.57637463661,2416.7483903853354
3224.1115934518384,4644.258155653304,3495.4515503380426,3895.709916386022,3468.1526563864063,3925.7005907056628,3798.646124332001,3736.273125879976,2405.6514779719546,2820.302054294825,3985.0659002769426,2695.7523262287104,3965.9936996626893,3946.211196401491,2359.830170223642,2872.987773379471,3352.990341245939,4676.577733531914,2753.3135634435785,4824.803870365464,1252.7152980511928,2913.8597509683823,3644.528051489069,2850.57637463661,2416.7483903853354
3224.1115934518384,4597.40949362878,3495.4515503380426,3877.123855557609,3419.556358756843,3925.7005907056628,3798.646124332001,3736.273125879976,2405.6514779719546,2820.302054294825,3985.0659002769426,2695.7523262287104,3646.7732270877714,3946.211196401491,2359.830170223642,2872.987773379471,3352.990341245939,4676.577733531914,2676.205923441521,4824.803870365464,1252.7152980511928,2913.8597509683823,3644.528051489069,2850.57637463661,2416.7483903853354
3224.1115934518384,4597.40949362878,3495.4515503380426,3877.123855557609,3419.556358756843,3925.7005907056628,3798.646124332001,3736.273125879976,2405.6514779719546,2820.302054294825,3628.3245969876807,2695.7523262287104,3646.7732270877714,3946.211196401491,2359.830170223642,2872.987773379471,3352.990341245939,4676.577733531914,2676.205923441521,4639.337136067403,1168.5218290309967,2913.8597509683823,3603.7029091943914,2850.57637463661,2416.7483903853354
3106.6375718272284,4388.507322306421,3495.4515503380426,3641.8827514661098,3419.556358756843,3925.7005907056628,3798.646124332001,3736.273125879976,2405.6514779719546,2820.302054294825,3628.3245969876807,2695.7523262287104,3646.7732270877714,3946.211196401491,2359.830170223642,2872.987773379471,3352.990341245939,4650.665643479428,2676.205923441521,4639.337136067403,1168.5218290309967,2913.8597509683823,3603.7029091943914,2850.57637463661,2416.7483903853354
3106.6375718272284,4388.507322306421,3495.4515503380426,3600.14123152558,3419.556358756843,3925.7005907056628,3798.646124332001,3736.273125879976,2405.6514779719546,2820.302054294825,3595.7533091019177,2695.7523262287104,3646.7732270877714,3550.302631859053,2359.830170223642,2872.987773379471,3252.6453506289035,4650.665643479428,2676.205923441521,4639.337136067403,1168.5218290309967,2913.8597509683823,3603.7029091943914,2850.57637463661,2416.7483903853354
3106.6375718272284,4388.507322306421,3495.4515503380426,3600.14123152558,3414.624108849741,3680.25074389992,3798.646124332001,3736.273125879976,2405.6514779719546,2820.302054294825,3595.7533091019177,2695.7523262287104,3646.7732270877714,3550.302631859053,2359.830170223642,2872.987773379471,3252.6453506289035,4650.665643479428,2676.205923441521,4639.337136067403,1168.5218290309967,2913.8597509683823,3403.3610035786987,2850.57637463661,2416.7483903853354
3106.6375718272284,4344.786429833643,3495.4515503380426,3600.14123152558,3414.624108849741,3680.25074389992,3341.702618562522,3736.273125879976,2405.6514779719546,2820.302054294825,3595.7533091019177,2695.7523262287104,3646.7732270877714,3550.302631859053,2359.830170223642,2872.987773379471,3252.6453506289035,4650.665643479428,2676.205923441521,4639.337136067403,1168.5218290309967,2913.8597509683823,3403.3610035786987,2850.57637463661,1953.6264244931663
3106.6375718272284,4344.786429833643,3495.4515503380426,3600.14123152558,3414.624108849741,3636.2763020414786,3341.702618562522,3736.273125879976,2309.6630283373343,2820.302054294825,3595.7533091019177,2695.7523262287104,3575.73528285015,3550.302631859053,2359.830170223642,2872.987773379471,3252.6453506289035,4650.665643479428,2676.205923441521,4639.337136067403,1168.5218290309967,2913.8597509683823,3403.3610035786987,2850.57637463661,1953.6264244931663
3017.82265717848,4344.786429833643,3495.4515503380426,3600.14123152558,3414.624108849741,3636.2763020414786,3341.702618562522,3720.421272142048,2309.6630283373343,2820.302054294825,3595.7533091019177,2695.7523262287104,3476.37188554398,3185.980294493809,2359.830170223642,2872.987773379471,3252.6453506289035,4650.665643479428,2676.205923441521,4639.337136067403,1168.5218290309967,2901.319616169694,3403.3610035786987,2850.57637463661,1953.6264244931663
3017.82265717848,4344.786429833643,3495.4515503380426,3600.14123152558,3414.624108849741,3636.2763020414786,3341.702618562522,3629.6471556234646,2309.6630283373343,2573.919752256421,3595.7533091019177,2695.7523262287104,3476.37188554398,3185.980294493809,2359.830170223642,2790.3759670312647,3252.6453506289035,4650.665643479428,2676.205923441521,4549.272277879438,817.6517072247079,2901.319616169694,3403.3610035786987,2850.57637463661,1953.6264244931663
3017.82265717848,4229.486108459012,3495.4515503380426,3600.14123152558,3414.624108849741,3376.8688246530146,3341.702618562522,3629.6471556234646,2309.6630283373343,2573.919752256421,3595.7533091019177,2695.7523262287104,3476.37188554398,3185.980294493809,2359.830170223642,2790.3759670312647,3252.6453506289035,4403.567881482846,2676.205923441521,4549.272277879438,488.34148821298004,2901.319616169694,3403.3610035786987,2850.57637463661,1953.6264244931663
3017.82265717848,4229.486108459012,3495.4515503380426,3600.14123152558,3414.624108849741,3376.8688246530146,3341.702618562522,3580.0651052713984,2309.6630283373343,2573.919752256421,3595.7533091019177,2695.7523262287104,3469.4140399204625,3185.980294493809,2041.3036668030836,2790.3759670312647,3252.6453506289035,4403.567881482846,2540.0250836714476,4549.272277879438,488.34148821298004,2901.319616169694,3403.3610035786987,2850.57637463661,1953.6264244931663
3017.82265717848,4229.486108459012,3495.4515503380426,3600.14123152558,3414.624108849741,3376.8688246530146,3341.702618562522,3580.0651052713984,2309.6630283373343,2573.919752256421,3595.7533091019177,2647.4428083716957,3469.4140399204625,3185.980294493809,2041.3036668030836,2790.3759670312647,3252.6453506289035,4403.567881482846,2540.0250836714476,4549.272277879438,488.34148821298004,2864.1785636433233,3371.177270637876,2850.57637463661,1953.6264244931663
3017.82265717848,4229.486108459012,3495.4515503380426,3600.14123152558,3230.698801346545,3347.13862663669,3341.702618562522,3580.0651052713984,2309.6630283373343,2573.919752256421,3595.7533091019177,2595.882754197697,3407.809034844875,3173.956383286659,2041.3036668030836,2790.3759670312647,3252.6453506289035,4109.377208611331,2540.0250836714476,4549.272277879438,482.3047385531063,2864.1785636433233,3371.177270637876,2776.1210310467395,1953.6264244931663
3017.82265717848,4229.486108459012,3456.906522630281,3528.5332838097056,3230.698801346545,3347.13862663669,3050.0550096703228,3580.0651052713984,2309.6630283373343,2573.919752256421,3570.217308403371,2595.882754197697,3407.809034844875,3173.956383286659,2041.3036668030836,2781.006873324226,3100.0099466061765,4109.377208611331,2540.0250836714476,4549.272277879438,379.4115320167839,2864.1785636433233,3371.177270637876,2776.1210310467395,1953.6264244931663
2465.66461361248,4229.486108459012,3432.648569752051,3437.7031971392535,3230.698801346545,3347.13862663669,3050.0550096703228,3580.0651052713984,2254.316553232369,2573.919752256421,3570.217308403371,2336.8777962652202,3407.809034844875,3173.956383286659,2041.3036668030836,2781.006873324226,3100.0099466061765,4109.377208611331,2536.77364943509,4549.272277879438,377.1095194996851,2864.1785636433233,3371.177270637876,2776.1210310467395,1953.6264244931663
2465.66461361248,4229.486108459012,3432.648569752051,3427.2780200268535,3230.698801346545,3297.644055120243,3050.0550096703228,3580.0651052713984,2254.316553232369,2573.919752256421,3570.217308403371,2336.8777962652202,3384.6226614269326,3173.956383286659,1757.2219868245047,2781.006873324226,3100.0099466061765,4109.377208611331,2438.646158558615,4549.272277879438,377.1095194996851,2864.1785636433233,3371.177270637876,2776.1210310467395,1953.6264244931663
2465.66461361248,4229.486108459012,3218.719961148985,3427.2780200268535,3029.7145103569346,3292.3178843687238,3050.0550096703228,3580.0651052713984,2254.316553232369,2573.919752256421,3570.217308403371,2336.8777962652202,3384.6226614269326,3173.956383286659,1617.7736092242194,2781.006873324226,3100.0099466061765,4109.377208611331,2415.0467042499076,4549.272277879438,377.1095194996851,2855.791249489783,3371.177270637876,2776.1210310467395,1953.6264244931663
2465.66461361248,4229.486108459012,3218.719961148985,3427.2780200268535,3029.7145103569346,3292.3178843687238,2999.5765634370764,3580.0651052713984,2254.316553232369,2573.919752256421,3570.217308403371,2336.8777962652202,3384.6226614269326,3173.956383286659,1617.7736092242194,2781.006873324226,3100.0099466061765,4026.9241399418534,2415.0467042499076,4549.272277879438,377.1095194996851,2773.5952413803643,3371.177270637876,2776.1210310467395,1953.6264244931663
2312.4822299847547,4229.486108459012,3218.719961148985,3427.2780200268535,3029.7145103569346,3292.3178843687238,2999.5765634370764,3550.9405049880224,2254.316553232369,2233.0517979438555,3570.217308403371,2336.8777962652202,3384.6226614269326,3173.956383286659,1617.7736092242194,2781.006873324226,3100.0099466061765,3901.5004393714626,2415.0467042499076,4508.337071858565,226.55277786599618,2773.5952413803643,3371.177270637876,2776.1210310467395,1953.6264244931663
2312.4822299847547,4185.195723442826,3218.719961148985,3427.2780200268535,3029.7145103569346,3292.3178843687238,2999.5765634370764,3389.1459018546448,2235.894789946313,2233.0517979438555,3570.217308403371,2336.8777962652202,3237.275857633347,3173.956383286659,1617.7736092242194,2781.006873324226,3100.0099466061765,3901.5004393714626,2415.0467042499076,4508.337071858565,226.55277786599618,2680.825040734406,3363.7348498261854,2747.535357836434,1953.6264244931663
1670.3899599964243,4185.195723442826,3172.990592596376,3423.719051025757,3029.7145103569346,3292.3178843687238,2999.5765634370764,3389.1459018546448,2235.894789946313,2233.0517979438555,3570.217308403371,2336.8777962652202,3237.275857633347,3173.956383286659,1612.530713258242,2781.006873324226,3100.0099466061765,3901.5004393714626,2393.011468399731,4508.337071858565,226.55277786599618,2680.825040734406,3363.7348498261854,2747.535357836434,1953.6264244931663
1538.8865182433146,3667.2567059689645,3172.990592596376,3337.4875450837753,3029.7145103569346,3253.182370330309,2999.5765634370764,3389.1459018546448,2178.4510513938185,2002.4109359588329,3437.824100442711,2336.8777962652202,3237.275857633347,3173.956383286659,1612.530713258242,2781.006873324226,2935.7714031310607,3901.5004393714626,2393.011468399731,4508.337071858565,226.55277786599618,2680.825040734406,3339.664380899325,2747.535357836434,1953.6264244931663
1538.8865182433146,3667.2567059689645,3172.990592596376,3337.4875450837753,3029.7145103569346,3004.4218170853674,2181.259884905543,3389.1459018546448,2178.4510513938185,2002.4109359588329,3437.824100442711,2336.8777962652202,3237.275857633347,3173.956383286659,1525.3555504394135,2781.006873324226,2935.7714031310607,3901.5004393714626,2393.011468399731,4384.385216291612,226.55277786599618,2680.825040734406,3275.4940859695344,2747.535357836434,1953.6264244931663
1538.8865182433146,3538.31358035421,3172.990592596376,3246.360918491344,3029.7145103569346,3004.4218170853674,2181.259884905543,3389.1459018546448,2101.8122163438893,2002.4109359588329,3437.824100442711,2336.8777962652202,3237.275857633347,3173.956383286659,1347.6175720912688,2781.006873324226,2906.979763836327,3901.5004393714626,2393.011468399731,4384.385216291612,226.55277786599618,2680.825040734406,3273.196562186142,2747.535357836434,1953.6264244931663
1538.8865182433146,3452.216082340743,3172.990592596376,3246.360918491344,3013.502826789867,3004.4218170853674,2181.259884905543,3389.1459018546448,2101.8122163438893,2002.4109359588329,3380.8859697646294,2336.8777962652202,3237.275857633347,3173.956383286659,1347.6175720912688,2742.9526325616753,2906.979763836327,3901.5004393714626,2362.38822845506,4384.385216291612,226.55277786599618,2635.6682393514566,3230.772749850519,2693.869784221777,1953.6264244931663
1437.3042062155364,3452.216082340743,3172.990592596376,3246.360918491344,3013.502826789867,3004.4218170853674,2181.259884905543,3389.1459018546448,2064.9512881434384,2002.4109359588329,3380.8859697646294,2302.6099774619943,3237.275857633347,3173.956383286659,1347.6175720912688,2742.9526325616753,2811.266865474041,3780.6837595967263,2272.502585968581,4291.270036306218,90.43519064192515,2635.6682393514566,3230.772749850519,2542.878901506625,1953.6264244931663
1437.3042062155364,3452.216082340743,3172.990592596376,3246.360918491344,3013.502826789867,3004.4218170853674,2181.259884905543,3389.1459018546448,1960.1997708877498,2002.4109359588329,3380.8859697646294,2204.321057112189,3237.275857633347,3173.956383286659,1303.9005613347508,2742.9526325616753,2811.266865474041,3780.6837595967263,2272.502585968581,4242.1150355231,90.43519064192515,2635.6682393514566,3221.838019977262,2434.8024038305557,1953.6264244931663
1431.874214105319,3452.216082340743,3172.990592596376,3069.8238800097824,2973.379830830665,3004.4218170853674,2181.259884905543,3389.1459018546448,1960.1997708877498,2002.4109359588329,3380.8859697646294,2204.321057112189,3237.275857633347,3173.956383286659,1218.1961263438825,2742.9526325616753,2811.266865474041,3780.6837595967263,2272.502585968581,4242.1150355231,-118.0232790233822,2635.6682393514566,3221.838019977262,2434.8024038305557,1953.6264244931663
1431.874214105319,3452.216082340743,3172.990592596376,3069.8238800097824,2973.379830830665,2907.1199960276354,2181.259884905543,3325.8113341924145,1797.4184347135051,2002.4109359588329,3380.8859697646294,2204.321057112189,3237.275857633347,3173.956383286659,1218.1961263438825,2742.9526325616753,2811.266865474041,3756.625142610337,2272.502585968581,4215.78630317366,-163.3239864363204,2635.6682393514566,3086.47047830838,2434.8024038305557,1670.3867655875401
1431.874214105319,3452.216082340743,3093.0208998367707,3069.8238800097824,2884.6570887347807,2907.1199960276354,2181.259884905543,3193.143150869855,1797.4184347135051,2002.4109359588329,3380.8859697646294,2204.321057112189,3237.275857633347,3173.956383286659,1218.1961263438825,2742.9526325616753,2762.5462468956466,3755.6848651857945,2200.319789754718,4215.78630317366,-163.3239864363204,2635.6682393514566,3086.47047830838,2434.8024038305557,1670.3867655875401
1333.2155781526635,3452.216082340743,3093.0208998367707,3069.8238800097824,2884.6570887347807,2876.69720311086,2181.259884905543,3193.143150869855,1772.6284274527716,2002.4109359588329,3380.8859697646294,2204.321057112189,3237.275857633347,3173.956383286659,982.6392805685246,2742.9526325616753,2762.5462468956466,3689.7804466552116,2200.319789754718,4215.78630317366,-163.3239864363204,2627.2003810012757,3086.47047830838,2434.8024038305557,1670.3867655875401
1333.2155781526635,3452.216082340743,3076.040590307235,3069.8238800097824,2884.6570887347807,2817.1001410394383,2181.259884905543,3080.7695924130094,1772.6284274527716,2002.4109359588329,3371.4827878047836,2204.321057112189,3237.275857633347,3093.8101371011035,982.6392805685246,2742.9526325616753,2762.5462468956466,3659.6243460550104,2200.319789754718,4190.761674208123,-211.66578636807753,2627.2003810012757,3076.9709863027783,2434.1205728141213,1670.3867655875401
1332.8698602026452,3452.216082340743,3046.745987918781,3025.3189480227265,2677.1153824324574,2777.3457094642545,2181.259884905543,3025.2690221013654,1772.6284274527716,2002.4109359588329,3371.4827878047836,2204.321057112189,3233.1272262290804,3093.8101371011035,982.6392805685246,2742.9526325616753,2762.5462468956466,3659.6243460550104,2200.319789754718,4190.761674208123,-211.66578636807753,2510.2694443403416,3050.5130027437954,2395.5333099185846,1670.3867655875401
1150.4387540830685,3273.7929508458183,3046.745987918781,2984.887061601814,2662.360459674652,2752.875950874557,2094.3996958263415,2979.3261103560762,1740.7769642825406,1938.4702439282482,3371.4827878047836,2064.5699897396844,3204.650409174257,3093.8101371011035,982.6392805685246,2742.9526325616753,2762.5462468956466,3659.6243460550104,2200.319789754718,4190.761674208123,-298.24043507603346,2510.2694443403416,3006.9974894046136,2298.313715907403,1670.3867655875401
1150.4387540830685,3273.7929508458183,3046.745987918781,2942.6932711624795,2662.360459674652,2708.6853256433315,2094.3996958263415,2979.3261103560762,1740.7769642825406,1938.4702439282482,3371.4827878047836,2055.2132078899267,3184.2531536223723,3093.8101371011035,972.5008921439403,2665.815441236551,2762.5462468956466,3659.6243460550104,2200.319789754718,4190.761674208123,-298.24043507603346,2503.396246540502,3006.9974894046136,2298.313715907403,1670.3867655875401
1059.0436200207332,3273.7929508458183,2993.4386359086384,2942.6932711624795,2662.360459674652,2617.112781250613,2094.3996958263415,2921.0659848020405,1699.7660913378859,1916.5067145493485,3312.4773883103153,1985.9381974100106,3166.4976374264807,2953.8053917327525,972.5008921439403,2665.815441236551,2703.227865343779,3659.6243460550104,2088.25709149833,4114.864630016309,-347.74282700749245,2503.396246540502,3006.9974894046136,2298.313715907403,1670.3867655875401
1059.0436200207332,3273.7929508458183,2993.4386359086384,2942.6932711624795,2662.360459674652,2605.113566259737,2094.3996958263415,2921.0659848020405,1699.7660913378859,1885.0333645815263,3172.7632641325727,1985.9381974100106,2955.249822484562,2953.8053917327525,972.5008921439403,2665.815441236551,2552.24486971194,3622.087215319898,2088.25709149833,4114.864630016309,-347.74282700749245,2503.396246540502,2931.4606563662855,2298.313715907403,1670.3867655875401
1045.1862513644628,3273.7929508458183,2955.913417195781,2787.4671510640037,2585.4696816955147,2478.0505691024337,2094.3996958263415,2867.9106312981166,1699.7660913378859,1885.0333645815263,3172.7632641325727,1985.9381974100106,2955.249822484562,2870.7363951931766,972.5008921439403,2665.815441236551,2552.24486971194,3588.5665318922765,2088.25709149833,4114.864630016309,-347.74282700749245,2503.396246540502,2883.5638845933427,2221.578568730816,1670.3867655875401
1045.1862513644628,3226.4940285597077,2870.9530231625504,2724.6559959636397,2585.4696816955147,2409.9588038000875,2094.3996958263415,2867.9106312981166,1699.7660913378859,1885.0333645815263,3172.7632641325727,1985.9381974100106,2955.249822484562,2870.7363951931766,844.8458060438534,2602.6707926457384,2434.076772097309,3533.2626247243934,2088.25709149833,4114.864630016309,-347.74282700749245,2485.346248617374,2883.5638845933427,2221.578568730816,1670.3867655875401
1031.7771933505755,3226.4940285597077,2859.6021088850575,2708.375332020627,2585.4696816955147,2390.285928129517,2094.3996958263415,2867.9106312981166,1667.957610980393,1885.0333645815263,3172.7632641325727,1985.9381974100106,2955.249822484562,2870.7363951931766,842.0681373744701,2545.6522919259696,2434.076772097309,3506.685980628983,2051.023027808871,4114.864630016309,-347.74282700749245,2485.346248617374,2864.836550124037,2221.578568730816,1567.9197503345276
1031.7771933505755,3226.4940285597077,2859.6021088850575,2708.375332020627,2585.4696816955147,2327.0804101802205,2094.3996958263415,2855.6501873208654,1637.1810271537688,1885.0333645815263,3172.7632641325727,1956.293721800237,2955.249822484562,2870.7363951931766,835.7974023193274,2545.6522919259696,2382.891791144517,3506.685980628983,2051.023027808871,4114.864630016309,-416.51051496734726,2480.037147666226,2864.836550124037,2221.578568730816,1567.9197503345276
956.1326940010331,3226.4940285597077,2859.6021088850575,2670.5672643950347,2585.4696816955147,2327.0804101802205,2094.3996958263415,2855.6501873208654,1626.550942934733,1885.0333645815263,3172.7632641325727,1956.293721800237,2943.0206863808817,2870.7363951931766,828.5316549550298,2519.872436781723,2336.7680878644096,3479.1135217713418,2024.6338878692295,4114.864630016309,-490.35989357879225,2480.037147666226,2864.836550124037,2214.40323797398,1567.9197503345276
933.2374985042516,3226.4940285597077,2859.6021088850575,2670.5672643950347,2585.4696816955147,2327.0804101802205,2094.3996958263415,2825.8098580585174,1626.550942934733,1885.0333645815263,3134.640856753107,1956.293721800237,2931.177048325626,2862.4042928957533,828.5316549550298,2510.506504197303,2313.760332031219,3479.1135217713418,2024.6338878692295,4114.864630016309,-490.35989357879225,2480.037147666226,2838.900486679824,2214.40323797398,1567.9197503345276
933.2374985042516,3226.4940285597077,2859.6021088850575,2645.5669049463213,2513.283041432347,2291.473088177434,2094.3996958263415,2825.8098580585174,1626.550942934733,1885.0333645815263,3134.640856753107,1943.392229541314,2917.8382850183953,2862.4042928957533,804.4994265461428,2510.506504197303,2300.2155862762156,3479.1135217713418,2012.4083730424281,4114.864630016309,-490.35989357879225,2480.037147666226,2838.900486679824,2214.40323797398,1567.9197503345276
933.2374985042516,3219.1876375078937,2851.543988857302,2645.5669049463213,2513.283041432347,2287.048518843276,2079.8517651885704,2825.8098580585174,1607.6124785116008,1885.0333645815263,3078.440489261684,1933.6487398496538,2886.762065694955,2862.4042928957533,804.4994265461428,2510.506504197303,2300.2155862762156,3479.1135217713418,2001.6704206094728,4101.340146242623,-496.94352095554495,2480.037147666226,2838.900486679824,2201.5256629207215,1520.6124274056601
927.0971277907229,3219.1876375078937,2851.543988857302,2645.5669049463213,2504.841033174096,2287.048518843276,2058.301457892234,2812.1150150461435,1598.9489717159886,1885.0333645815263,3078.440489261684,1921.246550267766,2881.338353253577,2862.4042928957533,804.4994265461428,2508.8275305162606,2300.2155862762156,3479.1135217713418,2001.6704206094728,4101.340146242623,-496.94352095554495,2478.1416404598313,2838.900486679824,2201.5256629207215,1520.610978985209
920.7336703712426,3219.1876375078937,2850.726706563615,2622.9821064876996,2504.841033174096,2287.048518843276,2053.437879517576,2809.6303954454634,1595.383911437868,1883.243523149693,3071.962764026681,1921.246550267766,2881.338353253577,2862.4042928957533,798.8231248896227,2508.8275305162606,2293.707924729315,3474.9830399465973,2001.6704206094728,4101.340146242623,-497.98502146085593,2478.1416404598313,2829.2985811613944,2190.7575561189333,1520.610978985209
920.7336703712426,3219.1876375078937,2850.726706563615,2622.9821064876996,2504.841033174096,2287.048518843276,2053.437879517576,2809.6303954454634,1595.383911437868,1883.243523149693,3071.962764026681,1921.246550267766,2881.338353253577,2862.4042928957533,798.8231248896227,2508.8275305162606,2293.707924729315,3474.9830399465973,2001.6704206094728,4101.340146242623,-497.98502146085593,2478.1416404598313,2829.2985811613944,2190.7575561189333,1520.610978985209
917.2432567129072,3219.1876375078937,2848.2068607780166,2622.9821064876996,2504.841033174096,2287.048518843276,2053.437879517576,2809.6303954454634,1595.383911437868,1883.064239088657,3071.962764026681,1919.712038021149,2881.057632190572,2861.124064461317,798.8231248896227,2507.310749225908,2293.707924729315,3474.9830399465973,2001.6704206094728,4101.340146242623,-497.98502146085593,2478.1416404598313,2818.9591106109074,2190.7575561189333,1519.2202896306844
