trial_1,trial_2,trial_3,trial_4,trial_5,trial_6,trial_7,trial_8,trial_9,trial_10,trial_11,trial_12,trial_13,trial_14,trial_15,trial_16,trial_17,trial_18,trial_19,trial_20,trial_21,trial_22,trial_23,trial_24,trial_25
59790029835.55799,113512434565.71593,50980184823.94114,87045539629.5078,120964648089.30225,64418448293.58069,123613879738.29175,99383649462.9436,83834859091.94186,87351052220.23154,92369252295.16245,76196206060.62866,71123220295.76926,57160180950.4328,74553675233.2035,61847331183.26252,122810625332.89923,77868911588.01657,71474590711.70773,73320176377.80858,59088201249.82747,36494017979.129776,63592609771.12272,61442061341.36021,89842805693.42413
56418331209.476654,65046809606.167015,46506811464.77443,63777756220.59889,75593171192.14297,55284843143.64026,70713072156.45343,70839196038.03586,73606177461.56107,55763881296.96208,65037233978.14683,71756808538.99466,46235415487.10524,40281286061.071075,72816043648.58134,47438323812.51666,75120535053.36758,72237379887.56589,60227203926.864815,40120256143.47261,47806600722.65163,35555083534.50988,47243366116.67336,36342225292.554855,60753728483.8002
51653466711.97893,59476009594.90552,42331382434.90142,55652641076.67123,73212826873.92523,48366000939.55585,63035793741.14634,62289880304.59904,66980584936.31276,48511914754.504974,60980061479.41754,67869655679.911705,45555757147.43536,35740987058.49911,69975089421.2313,42422193849.47151,73900308681.81424,54557516286.13814,39663015417.908676,37020538047.30021,27752054332.95865,32582281703.0494,46549480728.744415,28885476406.403797,52150286072.51699
44604929816.22177,58396469769.89519,37883588549.32646,55001482300.23602,72397128376.652,47319966160.36679,60454505614.07769,58367687875.97838,60121671118.70244,42086752155.03607,51587805380.088486,67281083097.59601,34662555690.34468,34516089045.22531,55475753979.634605,28368371975.82289,71084547558.89096,52368762539.4276,38035843204.25011,34656856177.13693,26816939991.437233,25006005452.10598,45629290410.55488,28458798902.01953,41679769957.867935
41368049709.53467,58227065509.372055,37646663494.19484,53739468752.57219,72205634267.77371,45848757243.95531,59989433038.45046,53312399089.01903,57191892648.862915,41201199458.806,49593376143.251045,61621888635.298065,32378541267.70552,34085192333.846264,48428892284.627525,28190203741.76084,70065346981.18076,50044079203.84186,37759865056.44147,34430445013.06899,26086146484.88604,24979703811.25894,44305991468.72131,26266322234.30642,37841920234.64581
40753167227.02232,57865620085.69273,35878317415.23838,53313736069.24307,70373840583.297,41904285300.698555,59318157144.64844,53157539546.33539,51702638246.034546,40401641825.551765,47897627848.80769,57751030744.584,31902512791.20434,34005251580.54187,47952587341.66948,26651497215.602795,67066553671.57367,47337582024.52204,36632681688.440506,34152089382.7327,24959396097.898148,24679762997.169125,42848357141.56887,25396549635.495182,36084410703.76148
40051323984.24486,57856958794.30165,35393983308.69205,52250395105.83829,68435813635.27678,41252321439.71362,57210912006.78383,51966113586.141106,51115283718.26952,39560809725.56601,45741332908.25609,56842713825.59533,31242612871.012184,33464029354.663635,46893471761.48488,25340169454.23777,66742382946.95806,46135995417.725334,34869472860.45064,34115124336.516716,24729981810.745655,22909073284.301,42377487141.642746,23968149044.22989,35753225958.59459
39592525540.65557,57774725683.30697,33817062816.37287,49869393905.78484,65625089634.78169,40206148526.884995,54840467959.334076,49658662965.23241,47577310817.0567,38513769413.67963,43228990284.15527,55908902157.25717,30971416843.769676,33127315988.188007,44523718242.686844,24594592805.510525,65405015327.67168,41822036811.310524,33423615547.033447,33265703154.248955,24347646384.327904,22765151923.235054,41934092636.587036,23336174308.901638,35255856216.06877
36989174301.68006,57710009815.69559,33594957993.667458,49807357761.74629,64114134871.13379,39626410747.09555,54435090383.54943,48653830436.15451,46145783537.890976,36893341509.235214,42945008988.544754,55739030097.558044,30469966582.43605,33082304506.161808,42674279451.445656,24110220267.11737,64851688773.01848,38029993966.39743,32586161284.261684,32877087709.04141,24049548148.727882,22519745096.759357,41765092746.280365,23004359659.71826,35142936264.886444
36171194342.420746,56868781380.87616,32807608928.916275,49566236242.88933,63304490543.070114,38974514936.14003,53507158314.52431,46123075183.628494,42875934121.45044,35337443402.589035,42267184306.46418,52976479771.13835,30067845142.22387,33007531027.98347,38598486910.878296,23958830631.730896,64524759596.654175,34545108127.99477,32527696494.505997,32623932297.08816,23982847725.530502,22008479914.741417,38914556550.43397,19847984108.200176,34117532044.786644
35312823211.31173,55336403495.967545,32793975770.931347,48877721449.41501,61505817595.69244,38388360992.32742,52172949407.00569,44523036839.35042,41943093373.78989,34345933914.74237,41837810821.0056,50478830344.91838,29767491736.666557,32660706333.290154,38097946798.43473,23822169529.104317,62011636812.26058,33544439579.82878,32305661565.067543,32381875208.501106,23914267008.98809,21026881958.06488,38741210440.44731,18397974566.791584,32657628281.53766
32813434404.64704,54792386064.412384,32404764817.51052,48806247881.814766,56400650211.1061,37731078035.43938,51852396371.21681,42331166915.556335,40284901909.910774,33471248189.52443,41455223953.57214,49418447340.245056,29562110924.93435,32227375326.67268,35355484741.80061,23667972608.36657,61255481803.87638,32181149302.61928,32177459402.651466,32123216124.596558,23801286331.356857,20321624570.76872,38616821646.12449,17785136645.528084,32261259753.430603
30239250600.20898,54168141728.34718,31977359163.261665,48586873229.77014,55841228776.02617,37227048016.82433,51675842088.40041,40925543437.3822,36772088036.39933,32691214074.80665,39641247811.58898,48959635011.20481,29485085576.5382,31908768027.800026,34482959633.51277,23535838492.37133,60493670891.96402,31202032331.09121,31860107268.356796,31887525293.892395,23738607726.710655,19978098515.187965,38381972801.990204,17461578862.390785,30845230521.35861
28184801594.892677,53722808466.26291,31841462268.100227,48383903268.18654,55381343529.94295,36836864684.235275,51591573715.925156,38900475703.35354,36507630188.98563,32304748920.277893,39013688497.79075,48378597880.98299,29189425145.84321,31664955414.047646,33055848910.888367,23434755602.147575,59377313578.05415,30904663647.252,31627665435.792557,31842292696.476635,23657191512.84768,18658109869.828266,38183473497.55354,17271355228.87423,30563976911.265602
27885413053.916843,51359551546.99104,31669047093.493816,48340894680.47128,54760044767.17837,36403324234.224594,51503379282.808395,36019404661.10875,35898705398.864944,31985833854.103916,38882940190.45941,47701799756.704636,28752736432.653156,31591286890.090973,31657282713.542423,23276426863.068317,59155629104.68819,29606655359.182484,31405897949.58678,31693918453.88029,23437485424.30049,18454341149.903435,38154643243.11084,17193956407.378654,29904331898.17285
26866630301.055496,50744579714.55745,31647604948.446384,48267437904.242294,53153689877.92447,36389858182.753456,51334164903.043816,35457753024.3885,35238872468.84082,31785913831.668785,37387557700.554756,47457555745.160614,28702093573.34238,31534134115.243164,29482307671.574944,23174115288.483242,57991629683.05104,28754478456.3704,31226709211.02803,31564922591.189342,23062767515.634212,18416965751.554573,37935489322.36908,16645988122.77148,29147840583.52253
25082011800.365135,49437591448.26065,31507373169.72943,48208067571.01439,52343473724.24351,35921885981.05321,51231702041.177704,35241698602.09752,35079092687.55997,31270873429.613106,36508577010.40001,47137540745.54316,28419257269.378273,31326423867.89067,27861090449.692467,22959286619.982918,57244453653.63739,28681762332.99605,31075920538.556908,31425611027.312782,22959538079.3119,18409889280.475864,36883317572.01147,16290491801.649704,28716382205.98813
23003677229.384857,48968690470.61748,31272216550.97529,48070516630.98549,50259898758.87616,35738305627.18149,50926337676.7555,34904565619.66159,34619803818.60614,31086264305.23916,35792044703.79212,47102778995.71625,28233634970.768333,30863562962.10662,26875450518.590363,22766206868.77601,56195139566.07223,28681762332.99605,31001909670.789513,31386281466.98547,22745072408.858776,18360824609.514397,36718098917.6814,16290248617.798061,28067271510.958015
21801597195.74008,47662995466.88284,30608420058.9834,48013669845.238266,49895736853.13481,35703152672.307556,50569580287.28281,34746974565.67598,33249722059.25618,30774576450.181664,35215493263.47835,46962900234.427315,27680586422.780273,30566761747.145805,26279341681.962425,22584904802.38394,55189892114.885956,28489600822.555626,30863677244.17312,31329460123.122383,22637683878.880478,18295441720.722183,35503442808.03458,16088561347.432138,27777651225.485962
21183617642.625206,46327736508.94389,27789345428.82753,47382033241.336815,48246568129.73382,35497961030.44761,50287527896.41672,33310673385.27487,32855198251.145477,29480046183.524254,34855334120.53534,44681293004.93361,27574113310.90364,30391474142.673244,25481627123.81588,22527611954.61757,54806351997.71944,28367321526.947838,30700384023.829117,31261365860.33986,22278236887.01239,18203243187.73452,34969455100.000435,15990436742.558058,27102291961.175194
20679808568.02547,44869138458.25062,27428826085.92877,46966210756.76349,47535056947.5884,35296966342.08878,48683636967.758446,33151747190.87461,32428943693.30305,28825215964.671,33691017344.90191,43781514245.16318,27362919144.75968,30343524784.497105,25070972895.44317,22493951705.906982,54313336932.00244,28367321526.947838,30594511501.601845,31248229069.818478,21871958611.213837,17936766019.917896,33583288792.699646,15899480221.329117,26572195668.986748
20074786310.94142,43268910254.009926,27299590934.651703,46601986522.66216,47213884854.92414,35131364440.64686,47511162917.09118,32742788754.43125,32281481817.235897,28036113906.18381,33424815116.7053,43147994789.24452,26873650185.819664,30155815045.705563,23627941824.111446,22163301377.674706,53010328409.55574,28092302715.298935,30458328542.388565,31185548324.143436,21635205699.949463,17864964826.207863,32684598846.501434,15891870244.377682,26422622334.092487
19145793113.085594,42824310261.005394,27210216844.88537,46256542448.75246,47014755775.98955,34660616883.447105,45408650251.91451,32418358562.81193,31737366647.378883,27690378503.825966,32708671688.692776,41304266790.225555,26689450862.76571,29985621302.15666,22606829757.97277,22110476384.052174,52334792813.026245,27972201695.087883,29760783777.37216,31137288513.268257,21490794308.02839,17816549740.92464,32181820019.155304,15824495760.962807,25701953487.142693
18655013214.0568,41982534498.40622,26874239924.13997,46081772662.87326,46235217340.43526,34040379400.465633,44288475269.9409,31990009332.153355,31119783334.099815,27429866147.410297,32270163999.7043,40374241497.869415,26400593908.300858,29750287866.926037,22337796174.731808,22019304518.693462,52009358354.48291,27810473583.705673,29294677030.875366,31093751682.46047,21165874500.16036,17770604939.644974,31302678649.63085,15750665679.954533,25382703744.444317
18440983698.89465,40031765665.16315,26669433160.770767,45836965161.14662,45462543908.487724,31923002721.722626,43913562383.893295,31428203024.85972,30307924707.973507,27100343397.570927,31778800659.26246,39160672504.94185,25888165286.672478,29377729601.42449,22039015172.77584,21874904656.900536,50888023259.6399,26602619970.185482,29157585503.080326,31069989004.03461,21114107405.082333,17731069477.333744,30583627910.330887,15664002487.66673,25057705570.234814
18306561472.717663,37923688515.805626,26005559194.054245,45726018254.461075,43039594477.01395,30668529904.932854,42690109675.46672,30883950202.77838,29625570980.120674,26948315304.126186,30554883938.628166,36611971238.80111,25807178036.062103,28770397415.93995,21987983611.962086,21824947694.80568,50272804134.76056,21051829404.290546,28908237772.514374,30418256153.385696,20941845184.677353,17549072872.74883,30317811900.13366,15636949715.930948,24922399800.80166
17973640832.502434,35466972049.2153,24955182096.0693,45461593640.89172,42735889706.05679,30062295455.55652,41611586628.141235,29359646671.887173,29237617513.565453,26859258750.14258,29704367061.963554,35782889528.7324,25664099546.749928,28381046452.000717,21870777707.750546,21791959919.154076,49984965704.08,19971751598.47073,28575817368.185696,29639909716.154896,20831644351.04666,17531217581.315777,30003812466.356148,15569404881.78579,24242364908.7827
17364487347.149567,34622493493.73024,24091378771.071777,45196763826.78807,42375309602.25654,29911711516.83515,41355115819.29475,28681635233.82169,28919214238.581116,26741636809.453865,28785670852.79752,35149438690.211494,24911514828.57125,28357717513.500412,21830376892.447456,21751479273.16982,49735353399.65292,19655456230.72104,28449878046.791515,29049536735.166756,20327376900.208366,17531217581.315777,29026575143.07187,15501560897.406956,23672413368.897118
17279993618.9889,31944429387.683304,23843360400.70539,44978259920.74562,42042462438.350395,29169867860.052193,40725551616.23613,28401570542.533447,28749862711.141525,26612348321.06136,27156339638.479465,34322556335.44274,24457291170.75954,28108531082.51188,21488756509.524628,21722931830.85208,49390221940.39403,19009359052.546146,28280862287.25058,28658367785.96984,20018587436.46669,17430086225.62575,28321736004.421707,15488313495.720158,23364221083.055176
16996158147.733158,31180749741.721794,23244893873.993263,44824749973.72156,41491758098.97456,27966521896.720234,40014682625.566025,27713994443.774017,28444225211.526104,26293439725.20311,26570196780.744385,33912922418.89997,24176276479.974815,26626600501.69697,20378824626.91297,21677290013.56083,49239169457.18858,18180879578.84835,28045535242.943787,28299731667.94019,19752747828.9753,17356284214.486534,28239309858.317287,15454585438.853199,22259809216.592625
16651367471.90151,30914556407.522526,22919346177.04306,44645491907.89366,41093327551.98575,27132144301.625168,39566973345.42813,25739984514.20146,28336724301.098896,26135911983.086914,25454600305.37665,33562607019.119015,23914907502.21501,26370381732.670624,19641841428.248524,21648547226.56305,48828238158.35788,18034499758.16537,27483992344.38942,28129549070.712196,19751048706.477207,17353085983.716705,26826622259.92864,15365333000.2006,21488214770.92832
16395496589.836285,30774730803.06302,22861965346.251114,44448734769.9538,40754570527.238235,27022386997.28952,39252411478.9074,24514757842.810524,28097614508.175377,25725986684.73548,24396630528.922676,33519159981.94773,23810062574.089935,25527576828.45607,19581965549.434357,21580112156.231247,48320381374.53134,17699116382.55528,27064977908.986168,27962533376.930218,19416899452.69893,17268714400.595993,22684638694.609924,15263491114.501213,21435989324.2835
15667859524.667625,30101100999.35176,22781676779.85637,44072969902.08171,40539176049.666534,26698661590.05287,38306680197.89768,24140120887.954376,27861299358.680275,25333737746.52939,24000395848.290085,33279936076.997368,23667801422.09145,24643496897.255074,18586432726.288696,21523727408.54799,47883736028.2007,17599163842.973778,26783623816.030872,27704095093.900375,19301070753.68377,17047013536.612923,21323172907.972015,15104575757.498932,21129707816.623512
15614307229.077,29184021235.442444,22728324518.329807,43726750263.619736,40286063308.236725,26021322097.546967,37788769751.92772,23951477865.16806,27405358252.121563,25263263463.64525,23278751171.12623,33059014458.975273,23236011088.21738,24252312159.572716,18470283215.965763,21415269849.929955,47796806205.30635,16988303132.41933,26415890467.861107,27404611430.258156,19068262043.314392,16980224530.31916,20785217752.445522,14922450261.744053,20834948149.61663
15533709337.964054,28541727883.52051,22206768559.193317,43203226787.93154,39945625136.98423,25368651639.721508,35941222247.862335,23513384741.010796,27275290721.489937,25028581585.50852,22237584042.740433,30914933555.060974,22451377183.04187,24232035243.88503,18388697949.562138,21237692591.683296,47371871930.762405,16310429865.213396,25891378428.922295,27208902982.39154,18513081370.253334,16779513664.300842,20102698206.046707,14800199323.483927,20659121716.165558
15427132096.299925,28339918359.116127,20091658725.6922,43012586605.37094,38778126713.694855,24940538451.45632,34953768919.85599,22688838320.936527,27137892392.137867,24941928306.090977,21705239912.84575,29705360753.337772,22366982006.479404,23867836920.865944,18078662943.402103,21055753776.77509,46610835331.96529,16203461954.525017,25808276505.64451,27087739918.863266,18046307585.04285,16658485960.719898,19751206649.647964,14747528761.836143,20415003606.836525
15290193117.108782,26905140446.69091,19748269030.843357,42632910493.300095,38410288503.9426,24716844315.54042,34483080644.50427,21770345516.070755,26596400101.61958,24894544464.562996,20895434490.787033,28991200591.039528,21784644446.200165,23500293552.80725,17752497032.56131,20993777495.52661,46266429758.52811,16101516730.976725,25436101137.68062,26914084570.164955,17324024556.102783,16639258629.621809,19473122098.934464,14715348959.333076,20307716114.332787
15242764886.441643,26595022060.36295,19042018849.509735,42334592598.38113,38327253141.88945,24686263906.267254,33884962659.29978,21290270432.02427,26043118100.134037,24838245190.61859,20184671829.234955,28465495428.321022,19225973334.20644,23355572028.098377,17623045061.538788,20727243459.715088,46124541533.188965,15968344851.620068,25313948468.366997,26750928413.630943,16930897406.957201,16393242168.14137,19187625918.60012,14690807233.308958,20286420651.91833
15192076473.369736,26316744575.042564,18446434906.762547,41950799347.19884,37532199678.8524,24564539657.374565,32451357792.16691,20210475079.488274,25789547653.808147,24813480237.172745,19558788651.551636,27523420534.419933,18817927887.42343,23197095979.960716,17359607904.67439,20434470374.093437,44982350110.01604,15788536727.74341,25213669722.860825,26483350207.244537,16611436116.594542,16290531609.03639,18892118799.238132,14629780579.20599,20250054828.58868
14980348995.527653,25686871745.317455,18232943993.36114,41758328879.796776,36660127484.17805,24391341225.7446,31524670520.997833,19890010378.817184,25282210806.212074,24720304606.12286,17861801874.66125,26705190329.6692,18567610275.34794,23010790981.95858,16670170334.09885,18964480828.533417,44533184833.95842,15743021449.15131,25157717611.318558,26276408252.42478,16099041976.282082,16267650609.127914,18161556170.21574,14592262156.541203,20182224480.612846
14936994861.444702,25279885936.559063,17702818204.5448,41291752143.23158,36074629021.16953,24024086843.931335,31428496660.004765,19635285396.3287,25064476102.491127,24667811666.41409,16893189022.988214,25380515228.05043,18466529292.132465,23002613124.564117,16072743277.268543,18650441006.203327,44130592779.244934,15664217919.149326,25043191867.179516,26216299161.673313,15819042217.403915,16239057092.44365,18077271711.607265,14515733014.918589,20086557981.15351
14698394703.719822,24956884011.83914,17319022533.060066,41081663261.451935,35389450948.628944,23949679380.481014,31326318869.339863,19234406366.44666,24826137688.8467,23939287859.362663,16830016667.299625,24942115230.79799,18367923557.077736,22858098225.872368,15911178118.492733,17975797197.571404,43018590056.84787,15548873622.109726,24993528920.02758,26115075156.40643,15584268431.589514,16212060118.937708,17800835706.589554,14478914371.48615,20022637102.03856
14672829516.76152,24718186263.16925,16888942984.555317,41016125694.54309,34544371604.14299,23882869728.643715,31205967169.70517,18745458193.897278,24656099287.642838,23710675162.766335,16483545830.160692,24095344124.876472,18253229745.632217,22788108770.754868,15498661882.5601,17515429677.13845,42333328362.38074,15359623629.47937,24934771462.280888,25581883577.00569,15449183189.242783,16166604446.382118,16736437686.70942,14370623993.826637,19880614402.354847
14596024543.849506,24329230795.61001,16757968149.025806,40898885990.82455,33570660855.936077,23837021840.652267,30949990772.981697,18529910688.13536,24535215832.137505,23479195077.010178,16361113218.385262,24066298196.507435,18098832424.628937,22709204432.022972,15216881787.450466,17264589391.01002,41765400973.7298,15185941358.816586,24889419283.035812,25037484587.041428,15073540344.145584,16150011217.72538,16146640339.872328,14335239382.551304,19812865441.56071
14562197527.780983,24038518329.543545,16451446040.759724,40845261211.21962,33000351658.21591,23738239061.65776,30865772771.47789,18456808091.25798,24400071600.94829,23184524648.540398,16082877691.339869,23945847477.435894,17893821150.17659,22675384097.814034,14671762783.490883,17019696014.502672,41387813471.26353,15017117995.160778,24764047893.369484,24877636538.02526,15058281018.280022,16126326624.582602,15781487318.805344,14275795205.887556,19594142117.43568
14473625348.827427,23867867500.91987,15809893742.744614,40658166971.46344,32733732667.36107,23720937461.335533,30748703087.490097,18456808091.25798,24322411333.0029,22991142035.888702,15912857923.172512,23931564110.305267,17725997701.161613,22562797045.315598,14014736892.697588,16490533045.205315,41068519785.74364,14770498113.920637,24532761093.87552,24816117252.442505,14916733779.520485,16107514994.451462,15532901969.776915,14204088525.274342,19511714090.792088
14422071985.19102,23640835477.152954,15449553436.153507,40551972053.33281,32469548208.435677,23457621584.190224,28432994380.235832,18421843928.445152,24172699812.73525,22778306727.521744,15847217212.163052,23520176971.386215,17570968772.3322,22440290706.047623,13581798347.39722,16269069838.925798,40409220132.78914,14425521088.02067,24443082553.02278,24214833498.449196,14775900499.155867,16088865373.93879,15073679560.109047,14170937772.432686,19444356267.79206
14362328861.440735,23589488882.984894,15097370790.59046,40295951710.04132,31865963279.39521,23328141464.19455,26833702129.066723,18394306959.44273,24126765481.89383,22637114161.857838,15743890761.612555,23358016740.032665,17274076193.708687,22368062415.7046,13256941848.949184,15810554427.708675,40172320818.60513,14026695549.238962,24096300309.014095,24082956695.31848,14487251714.29539,15748867320.46817,14858213872.83969,14027451540.657354,19409154122.80297
14255822604.876177,23367939882.262424,14790097017.270187,40177513624.01347,31718718798.941235,23294285997.55094,26260696936.09788,18342969724.6174,24005366319.669353,22382241978.254814,15245216744.692417,23270436537.277916,17083156703.396446,22328173154.527565,13171437823.537815,15540517795.208603,40076700018.15971,13657006841.895102,23911725136.736763,23757243918.203842,14430525975.198078,15658837689.05768,14372995480.704048,13980808425.078526,19303603000.346577
14209104286.042698,23296292481.21576,14066100114.818073,40131988049.99806,31520144356.86933,23278971659.1996,26229895534.857376,18305372112.88877,23866412234.109917,22195031604.76734,15049059109.581614,22968629002.495205,16969790004.785824,22249786834.149883,13008646451.672226,15297630404.998634,39717951200.18225,13263687503.713068,23813521201.945366,23638726316.230366,14312855662.763409,15641106580.091154,14133978847.406519,13937889214.554226,19254389229.85956
14195781881.405605,23208353964.510353,13880212390.344835,40087675314.46604,31068810449.488976,23129315994.986923,26081589133.287624,18280373230.03811,23750634820.884144,22189424805.556618,14824604678.227472,22915714823.795296,16931505382.278477,22130857889.856945,12882921015.743443,15247460164.041279,39476282222.732056,12885376607.152039,23756913481.34236,23357922467.06429,14105728440.162003,15637224496.63042,13586612757.870571,13908347204.26559,19103522763.484955
14171009010.01144,23181008337.369896,13693581757.28958,39997147490.72403,30521502078.592068,22603381193.1893,25965181719.546745,18170822638.565006,22888671362.109386,22133440889.54482,14755765910.117655,22904098358.68416,16884103368.962975,21968561849.041973,12695048026.346111,14819478737.795599,39427966619.063835,12745425196.69309,23599348511.38254,22988986222.336777,13976994775.877401,15608252979.897854,13352428133.466236,13882244225.512823,19087743307.19702
14170458174.602295,23108644874.55336,13562266235.124771,39909154039.96107,30313282670.403843,22358632606.210587,25941608173.10618,18064734658.86149,20483732489.003918,22073128417.12625,14692947825.897783,22705648678.387978,16826084726.431042,21912835606.05088,12351881893.200596,14679834039.107206,39384086205.87462,12675056216.157711,23548411523.088875,22866612722.640312,13847792126.74005,15608252979.897854,13221993637.208714,13733025711.776909,19054518312.1058
14102340441.8264,22853625535.20624,13384246926.012163,39871010459.173294,30043082673.533073,22107021289.53448,25409476436.829247,17811632883.420288,19666343123.76531,22058090692.58891,14633150993.287466,20300768872.25163,16685355419.354296,21767597210.10353,12100705187.50826,14300714138.39388,39369383692.21196,12597176607.881474,23496882261.05208,22798411595.98563,13637344969.43785,15592690959.516361,13056052214.667992,13602358412.302744,18915360063.089966
14063232431.729347,22749961043.71712,13326875194.670341,39821840572.70761,29802534383.985737,21869248785.683205,25349751717.663113,17586421792.632553,19470036603.32959,21990455252.43228,14591495001.200684,18669291257.97808,16663099325.764088,21700207678.469917,11820640191.127842,13989525974.82655,39321163989.41054,12352026528.007591,22977832677.630768,22683281561.89302,13567423408.460865,15522320472.26873,13028185482.084309,13516198883.778309,18622404341.490616
14048355694.408276,22336841978.63849,13156915762.292187,39775026355.67286,29335486541.01122,21596615870.902695,25224240164.139206,17530561538.798588,18449317510.36757,21940198320.82682,14453857246.88368,18369203774.256714,16545024191.873995,21618301796.699097,11781046420.030115,13499985429.558775,39306988771.22944,12104681417.36177,22145033225.565327,22510764201.278114,13450588263.103428,15518694895.237343,12776519234.10482,13384691971.211323,17764710423.294724
14047059031.271751,22243587702.7779,13075795334.4347,39703109822.74698,29023229059.80999,21011755699.30018,24985816068.834194,17381684535.399345,17215535415.470932,21860533357.109505,14373819695.686527,18224988592.209515,16457481593.651112,21471536823.40697,11565683202.967709,13152357842.50294,39266435109.007385,12010554505.497257,21067713951.088097,22409300711.919384,13326643303.96476,15495612687.201681,12682189481.88469,12448387914.97902,17444855245.78802
13994220640.918098,21912403395.53408,13058439176.484108,39668669685.68093,28418259835.19256,20560525092.05585,24954175536.15309,17115698497.150898,17119206659.06104,21808419601.829163,14323399470.99939,18138708659.3114,16235687535.534136,21338252605.205223,11330353659.977549,12562571870.19703,39189936636.76217,11936641454.806,20623084472.58295,22395422271.518646,13099041910.598112,15476579413.052135,12427192009.884537,12430756611.513203,16842968260.169243
13975668943.893185,21718570726.9207,12921421704.87706,39638490176.46387,28047019081.767494,20437404735.593063,24928775108.586746,16931632093.129313,16748950710.618526,21765727030.481968,14315623392.403786,18069623620.45838,16067717027.109364,21223064806.873253,10512573656.774363,12326949758.347027,39132649262.60358,11861089464.975182,18442951085.96315,22304482092.698498,13088655391.104462,15446786295.579903,12290648173.349457,12358002452.098015,16118343196.883142
13971872131.855701,21302956630.901024,12698819834.042265,39519403071.74167,27540815670.25849,20355909918.258865,24920582873.301025,16740065552.20554,16509925022.647654,21688628499.859238,14289279201.836414,17777246863.88199,15909723114.469763,21044927334.17511,10418528553.06857,11974989886.31526,38781783628.21254,11809468489.376953,17496993818.308617,22193143460.815884,12974376041.611572,15241913589.492813,12079972923.201256,12351568325.920345,15005488602.634197
13971061164.415424,20737952090.472557,12577530528.69107,39450442181.888855,27183501776.893433,20326381114.482327,24847350456.393932,16603132080.471518,16056136477.452915,21597663079.961967,14261926982.72062,17763044676.604496,15868482646.54632,20881570175.750896,10340192784.157677,11884280378.006336,38694143967.06787,11752465446.866766,16826363723.320107,21986618283.54174,12888949198.974281,15202606759.588516,11996937008.288357,12287133053.22966,13507146758.458912
13908347320.703554,20051131974.247963,12436176143.807762,39395476313.21631,26822602743.661247,20161295772.405518,24795747297.485413,16524359057.142185,15505389003.18948,21458264566.37834,14198031754.099636,17751391489.695393,15755562365.812874,20758691991.086105,10275858643.42637,11857527768.671719,38605603293.43005,11396210823.421768,13324914504.54995,21800994096.703693,12502324524.81551,15066836879.774952,11886356062.662756,12216301137.580585,12853182665.29954
13888917734.280277,19019835512.098606,12326486150.532495,39326307088.17938,26210673835.006386,20074112947.49919,24718997668.403114,16432938556.154282,15322157715.241352,21413860789.76989,14145476272.977482,17612171535.120544,15550068100.83736,20667397201.752815,10113851461.972029,11686551697.999287,38386993289.25167,11033230039.730171,13114593797.704594,21573824285.216663,12414163689.43328,14925102103.897903,11832418818.387299,12176593492.869137,11908731532.837717
13869181594.527582,18308238732.7277,12212010803.983425,39279774681.68244,25571055082.747894,19848587202.11033,24665988737.615623,16331829323.920506,15127218648.457375,21322214326.176586,14057566046.21648,17598607155.333645,15362317042.89259,20568286479.646416,10051496958.783573,11610242465.164232,36780403634.47548,10888585301.200104,12335103037.255352,21384123777.863926,12310774461.701202,14785125566.289713,11816003001.361689,12168176258.08194,11556280368.38851
13799823761.858955,16073598491.186563,12134273780.130735,39249992740.774994,24673453752.419243,19347811899.03641,24553543404.319515,16084387686.889277,14638953686.834366,21293403156.61115,14030757094.723076,17522133570.097763,15131550624.256348,20313967839.89165,10021462353.191217,11610242465.164232,34599388959.83429,10629644739.918423,11443983540.910246,21035967652.555073,12260278754.571428,14662619102.57171,11811582804.522816,12013863622.69766,11069421362.781582
13789854394.582497,15791455136.282627,12088265517.12373,39211473825.57814,23602697165.425392,19057749702.484577,24389678678.474445,15938369816.167881,14261312580.77789,21200384240.477673,14013718684.805931,17420978749.23993,14998113320.670238,20176430915.874104,10013637402.203327,11583351922.08693,33695633310.013,10530291357.016827,11126971809.912868,20918542058.59407,12177198181.337114,14602052786.775658,11784263369.386122,11730996911.957668,10010502767.553291
13146302586.53735,15698780185.336916,12052416901.249262,38501378049.35307,23329163256.381588,18732986395.95852,24279392698.90599,15810953266.75178,14024814990.06062,21135548683.06134,13959861819.298586,17372237625.966164,14872427748.360275,20131192878.477524,9986664589.175068,11508446130.040043,32236777348.01642,10470814542.945894,10535702015.311245,20673702278.44446,11872864438.783451,14428197406.155748,11603522493.304573,11619514534.922691,9722384598.133837
12795462014.882904,15457349159.333569,11998246165.018513,38097930634.58862,23144930047.82769,18226093309.54654,24133702691.218483,15719274308.615322,13926606557.33525,21044598529.02726,13101575822.583765,17319636129.778748,14660943191.030449,19837841821.80661,9980562853.380665,11388039262.664772,31171008141.96051,10202780714.240017,9927733623.95684,20469396340.529335,11763574226.476292,14362530406.354748,11484280227.821068,11491825523.228254,9063774433.293121
12552702052.388845,14889697870.91205,11924661837.654446,37977717598.97333,22922413284.259624,18048188965.257484,23775080280.146774,15601016452.638174,13926606557.33525,20731969091.36705,12812246469.65899,17298768471.971703,14602147772.079636,19650458653.12508,9945849019.615036,11337616166.995548,31100773835.306038,10152828206.962421,9562273031.891771,20412806940.353962,11569917036.342678,14201809795.424475,11453984247.986233,11282036071.296684,9059233705.032877
12089662064.560001,14682361257.050303,11908129599.455982,37919202358.98251,22886608766.28941,17629387922.62944,23115545070.315193,15369006633.689629,13890995429.686487,20576811565.61985,12656283693.922405,17287671687.09314,14512392564.06268,19543515218.980034,9928885618.618244,11283920477.11495,30613164114.524376,10108610288.809772,9411728818.671907,20316252191.54091,10790857227.556778,13921885212.742798,11416855963.819126,11174733951.702374,9022556989.39145
11915090791.325808,14645959449.500124,11821571245.788872,37818291046.59856,22787764595.11533,17270563558.312176,22687207571.287495,14999740404.31483,13872324353.203815,20393080037.357735,12507807643.037579,17267545952.03554,14258763682.855423,19408786877.489353,9906792381.791363,11272251057.95274,30489166878.392113,10103586662.227093,9344127269.010902,20215819934.37416,10563181892.494446,13719557882.605291,11335538943.559603,11106163848.499609,8121076441.778699
11913398159.943295,14506917393.590122,11681088412.474033,37708909721.93627,22787764595.11533,16635948800.093172,22503023657.44146,14893303296.48792,13841486604.681396,20105106613.56884,11972296853.063026,17258772802.242977,13824773610.883358,19301240340.76493,9882273752.82214,11267022289.881836,30269972794.02893,9962796555.869867,9042818926.305813,20101326875.278534,10247751242.65519,13432576035.191338,11227130218.209162,11017343946.369503,8080525194.669144
11864713185.177826,14302045542.274004,11595695035.646168,36887837520.04977,22787764595.11533,16368523672.70544,22435750996.287094,14547855170.743073,13810914769.870192,19813416016.34234,11846313468.286324,17206396519.435646,13792234829.946274,19181580222.331745,9869267418.765749,11266458142.402805,30057935067.535072,9927654120.894371,9007254883.257534,19937014483.374557,9983602718.690685,13274631297.617222,11207958620.854057,10919527616.059418,7809556400.890957
11839737239.36573,14012093267.144104,11536642918.503654,36002225752.12973,22773070909.669384,15996395644.18113,22182726714.61315,14447709262.118004,13770483613.212149,19743628690.52157,11729594214.40198,17098687419.007065,13375525182.119892,19047502610.027805,9835629175.235142,11264475735.323353,29645161600.975067,9845861146.25607,8964828918.20712,19880721596.67311,9891589033.79578,13246749410.690948,11188366303.668505,10802255058.586098,7722405650.961567
11672317351.220558,13932829338.754137,11495428258.093254,35892595029.79376,22722413206.980328,15731832868.351212,21560823559.12931,14145119804.31122,13734132582.810604,19701862680.535904,11622301009.512157,17042489721.543945,13055757567.645653,18930359486.674633,9813637988.353413,11261445663.537998,27477480333.05011,9803239774.915361,8933261853.443316,19759736934.193783,9652928246.346478,13218333857.068485,11166742930.101704,10281236199.53595,7619394201.655548
11658985245.872581,13792069211.530323,11373794284.305363,35712779023.43522,22675646065.269745,15624375393.177883,21412040491.442772,13869628025.606419,13713180348.727642,19622625246.69349,11536942725.81686,16997207623.841896,12743283055.626717,18878013332.588,9804661653.9592,10984671938.767393,26770438284.142143,9733276862.654158,8913994023.084488,19613817510.531677,9628833373.754679,13128331186.352926,11124491777.748085,10173091483.758743,7405368373.535598
11573565750.39122,13762568978.409294,11281906587.623577,35481965435.35492,22662357119.843918,15494666616.767197,20893187402.95746,13639930010.169365,13663171783.76672,19477405310.344334,11340783377.207697,16987761530.0191,12679227505.638021,18790502762.61579,9792755765.479673,10924792395.708637,26427565787.493282,9696811423.660725,8881694330.79931,19530691966.2879,9566194057.178827,13050004267.695614,11095344201.047218,10161112672.081116,7370811423.317917
11550493797.651554,13500580941.97522,11216509003.144709,35395594960.70984,22658572305.911613,15345091843.597868,20670544406.532864,13094905254.776466,13630295258.42695,19224599932.656654,11303243089.817274,16897271564.779453,12572446035.239712,18735865238.066067,9789457107.91295,10774432664.38156,25116309556.64025,9623665887.565577,8876027653.189383,19406393852.66113,9530048111.895098,12957093635.337456,11076566023.353645,10005122451.693836,7287273587.6205635
11346973893.687227,13436137456.004425,11129723980.178165,34660698662.425995,21942416538.327957,15273576020.003094,20569301971.2453,12412674813.272715,13594103274.285763,19115558550.461166,11198740950.252045,16853143432.170391,12474175623.50984,18636726115.050003,9702541736.135422,10700348705.056602,24957683088.82792,9571832889.971046,8622241556.170923,19345592965.063164,9434573857.176952,12923276139.769596,11067902812.782183,9890490470.396734,7242775355.111109
11287513595.353373,13372701788.804943,11084185169.60206,34350799932.85951,21813311212.94211,15207155158.300673,20521365119.540726,11816799958.15076,13551014257.447905,19093308961.725555,11024711174.034407,16747623732.644371,12064179807.468197,18482380568.516094,9629340815.953955,10659134172.417688,24844703758.991673,9509072374.41399,8568790769.533987,19245563476.976513,9407800636.149652,12869601331.920856,11057525384.886932,9819067362.367334,7225594367.347317
11082288180.298038,13221379942.01172,11049878585.737144,34261417135.787643,21574373078.615654,14807457951.344383,20379570702.984528,11621065989.047665,13533650066.00602,19036736771.476673,10950866382.829012,16717471473.538177,11731209695.365858,18340737279.966187,9573508130.052673,10635592889.040243,24743515104.591576,9384450118.754799,8502567644.814674,19031855759.076553,9328665628.887217,12751713400.401398,11003399908.516665,9785334433.219498,7171342093.729501
11031317212.026848,13155317405.550014,11045174401.812672,33490775238.184666,21350095342.574394,13664809635.205196,20037731049.46566,11208469502.650177,13519293635.77723,18730099077.208214,10905723287.618088,16669850553.85748,11430592821.34447,17628057480.827457,9528988726.825333,10516390133.222902,24632686929.161873,9266597479.388056,8482086708.741034,18980017514.508904,9323650360.322834,12715461502.576996,10908300462.559479,9717314540.787914,7052637420.991835
10888679204.35142,13080207698.334843,10885664737.962467,33252475019.596912,20968319213.092625,13571648374.784338,19806884558.24005,11021147116.569859,13469421373.118317,18596198411.659218,10769563423.035982,16585200901.960667,11379069110.397232,17370375100.156113,9461265986.574083,10416144487.422855,24287504803.00952,9230874515.143932,8428958977.166864,18843448821.79447,9316406320.842222,12701232952.60419,10727855235.481318,9696133468.030672,7005584956.925089
9906010872.161186,12997175989.813011,10853463345.302237,33178540749.917824,20722689559.913532,13415915623.634634,19745680965.121384,10738810546.365726,13422377481.07214,18367549923.183846,10720472560.57089,16455329539.697924,11343898238.250835,17207650040.21335,9401507496.331226,10343013962.548798,24228917082.946198,9066428056.497196,8400103251.28839,18696923520.837555,9309074286.438446,12664742128.80193,10612511873.785624,9601431275.705225,6944652334.395674
9606618382.938187,12913154385.993055,10847327717.525764,32986771044.347538,20550551563.549404,13097841882.036324,18345557711.12723,10310867752.603334,13401905907.632437,18153230099.61988,10582925939.256271,16434118219.75135,11302742894.942444,17100100759.269648,9387718599.12827,10222711106.273123,24118459985.80083,9033381914.749998,8388545270.529745,18533017010.53749,9307886030.944334,12640080988.0388,10479279128.169737,9510744310.430986,6655886059.866295
9455362211.538666,12819576957.392296,10118646505.038183,32769166003.6921,20117976837.36296,12908006172.46538,17873163345.46968,10039795003.705212,13347071270.835812,17889080361.995224,10546660964.274456,16368316268.70745,11008526921.030048,16783649951.870232,9379149874.886835,10115948065.02121,23845850120.455498,9003862914.90432,8375177128.078246,18398056864.555702,9252522643.19388,12617521412.186806,10346576569.173382,9425995327.617968,6584263611.600783
9226040032.900091,12762469918.83767,7519584323.307291,32705707107.38122,19829088681.56022,12838804672.255733,17651969169.95974,9835909431.31579,13298633218.190853,17513229820.90026,10546660964.274456,16364794851.996012,10776352538.199408,16396560295.394424,9371606565.762928,10042431173.697723,23656262461.347168,8929365744.185307,8314838585.468848,18366982733.87787,9210536763.897018,12572717186.524029,10323770249.168669,9305965483.186672,6489612537.277128
8952517549.245323,12649931115.633972,7444468079.969492,29495050674.76186,19456096655.125793,12667124884.594215,17258329271.17887,9754309675.24721,13194087837.631355,17170471648.081219,10465677156.013165,16337594654.40959,10517159570.009804,16178223668.622465,9362879313.061417,9939515820.370512,23279151475.36921,8892900279.208828,8297967131.8396435,18222026584.427612,9210536763.897018,12541411146.363201,9720613430.552513,9214104953.162022,6429545791.087905
8772574129.6429,12528563987.542107,7314856256.912094,28953702291.709923,18945581317.11429,12571235318.20887,17126661795.165577,9527768097.811844,13092379040.26574,17006443639.441261,10402341440.558882,16323990959.983013,10327527495.792614,15771444399.2531,9332984469.014076,9850837315.92811,23093678226.471226,8716413694.119596,8254835327.9778595,18108531287.146244,9188334751.259926,12482420188.222939,9153408131.00907,9208669209.715372,6372347351.7985
8577547596.57162,12504435292.090443,7242841330.937204,28893424043.577843,18734598250.398495,12351731733.963703,16990326330.961353,9493583926.846268,12982310573.547073,16835979723.07166,10354471533.273157,16316979545.738672,9955832204.518717,15298390140.551262,9007938152.456112,9785459789.146143,22887519532.639812,8643722178.815899,8250462074.703375,17857672574.892727,9139049870.135197,12462813108.450958,9122220809.833775,9059123350.539219,6246544462.856997
8501967723.30032,12437544882.91111,7209511963.297621,28881357626.513496,18114110274.11583,12216400026.622738,16784192104.851116,9438911776.431711,12813574577.198889,16521927187.930946,10199583199.485199,16224030687.834534,9785003237.933432,14907360630.551254,8773468327.429298,9701111465.165249,22827948384.73733,8626392952.163174,8231136788.083818,17822322560.613007,9058720209.25919,12450372500.708817,9053052723.338926,9027465271.607174,6209427713.401468
8483028866.533209,12408959056.171162,7139484429.242237,28622075860.78202,17973322502.6416,12072061837.526676,16454621779.33311,9336792719.676426,12633383652.166538,16486660959.01104,10196552803.887547,16168505664.547588,9375804808.461628,14628168656.58804,8738076302.732172,9593411785.17822,22768728554.33676,8551629126.505733,8214458092.069356,17721165147.337116,9029837527.522957,12406609939.083065,8976161918.476486,8983219806.972767,6187274403.768145
8356859999.85981,12385702585.007256,7126493668.726899,28539273984.2317,17543827910.00138,11989495731.827742,16332689967.200457,9224954545.089039,12523536964.993553,16452893525.428276,10146335018.03677,16081843520.98151,9111903630.140047,14335830449.511265,8686214637.793844,9573660427.40018,22522292578.77379,8530065059.140179,8183807229.502758,17646976636.52248,9010352567.23119,12389683229.183723,8889611604.655014,8947412828.6091,6115881279.805187
8282270327.092478,12321394113.173391,7088668781.375643,28470568254.07978,17369683640.86513,11773197544.374275,16265542432.530113,9161989526.340942,12478621290.555069,16416358512.256165,10117140884.703417,15869751117.949108,8753046348.42364,14136248758.509212,8650563184.187134,9513224154.714874,22398330069.76326,8474549822.0747795,8174142964.749831,17466801797.374672,8940461915.221909,12341669348.996952,8840793051.682232,8926445284.184162,6035262563.428139
8243118823.0060625,12167185591.073769,7018965182.330096,28281562138.169655,17272753724.30365,11620807041.145657,16142803027.176128,9147941802.12363,12288635715.14709,16324622556.063934,10010494808.566936,15756761246.95311,8041788570.942798,13838332011.450333,8636165952.417566,9401399316.953917,22009393773.4139,8083312654.268108,8161396793.317698,17406299705.8703,8885739406.139784,12231296194.872086,8834726494.346273,8910475104.59903,5885113255.601994
8205500126.744005,12154120275.46729,6972563259.84156,28211908535.28581,17185176726.283688,11423598507.350475,16016444987.015087,9128385827.53909,12274315804.855057,16141461959.434101,9990211666.348146,15635549629.844074,7489823327.316053,13742081708.829926,8611536287.643967,9373161384.01715,21807217079.32807,7968205856.629803,8138466256.606146,17178158113.211678,8817664947.383047,12202253572.597984,8715996316.325272,8875701033.908253,5778073347.997746
8182807831.325926,12124071455.392578,6930350027.891958,27345942804.85021,16770631403.559608,11285939432.736788,15387686251.434378,9119669903.208569,12108357694.910198,16083351631.45729,9877204106.029919,15461949871.048107,7165353290.06983,13414506868.10201,8470701145.181156,9262207020.5832,21628956296.552505,7870234770.218563,8126624951.798165,16982133802.762814,8802989162.474548,12183781082.833405,8599222742.764046,8862777482.002415,5578889803.555767
8152391153.799054,12034956334.893988,6869519522.340193,26751682987.50235,16717524526.583893,11179404683.064323,15080257690.379078,9051156335.822445,12032651258.241077,16022934154.146025,9814780909.579092,15274347230.169037,6886951125.72803,12939148380.26013,8198552486.350836,9223769066.61929,20659007798.882004,7689244751.214865,8111914956.792108,16830495708.009409,8776756089.583075,12057667006.82219,8340666358.142168,8797690258.51566,5497325547.23344
8075316696.660162,11976315156.026478,6724211851.630098,26493468456.302734,16567166173.235462,11065377494.75784,14979113459.304213,8998910220.016584,11959764976.725306,15980732247.691502,9783084343.669706,15086104806.737816,6461706938.748269,12777190039.740234,8130403167.657152,9138394126.295887,20123565201.376167,7647407932.987676,8046924009.836708,16572281362.807213,8677904445.77111,12011187882.249716,8329288529.337446,8770943398.971813,5460891307.534939
8028212978.303059,11931006724.554665,6680143626.116582,26151008322.94831,16521870845.724958,10983757512.440025,14495121807.202887,8953723401.543083,11640159245.168243,15934735709.03696,9742670731.830816,14892649008.320248,6255441736.690077,12730218622.077045,8103082497.208423,9085979061.653553,19949510527.63324,7416434454.099857,8011695788.697698,16272149755.960693,8637820353.952267,11972473278.24617,8296489848.962193,8715926232.34225,5388807116.878651
8000257472.59511,11902398774.755222,6624639834.796462,25930045320.048122,16449648767.353628,10912772515.66029,14387399384.095467,8933518815.669983,11593729536.660412,15862079899.134825,9690412853.329441,14817634528.941189,6184086105.31566,12584015374.3712,7995355913.652521,9061904751.806532,19899461299.642723,7275406999.236736,7983104602.332689,16094343152.91014,8480321524.481556,11942880724.240604,8268005703.784124,8674504128.061829,5323831961.660112
7977235084.055754,11866584229.641834,6543739368.246305,25779540057.585903,16367803936.022104,10888155679.594845,14204522833.529976,8876698078.739859,11582175159.110832,15826654072.806461,9638250489.644901,14728367402.552454,6167398777.589115,12526423195.062004,7881655362.864471,9031783281.687534,19616878104.77697,7198351196.62884,7968670612.081877,15786237057.499691,8400992087.938194,11704007488.27747,8196159691.059693,8592834058.815506,5283212427.945994
7950986225.9606495,11853030086.201395,6175415550.827845,25730452545.911842,16329565364.05495,10808651713.010267,14031540167.893335,8825499728.217922,11555525337.981556,15800987563.301685,9583875313.136581,14695742523.45097,6151712190.773663,12450338500.819859,7781509901.100645,9001918248.97351,19298070242.632313,7149953994.0281315,7935546232.415641,15394471687.55962,8339701546.948838,11629989654.191683,8126925466.71607,8508098051.04178,5213228880.525166
7863059670.18202,11825087720.742426,6077018231.156182,25358211230.12591,16234066401.888744,10784047391.58488,13945690419.762253,8711461073.225433,11512530917.877613,15654735207.376488,9493651268.73523,14579076933.376703,6056194427.497435,12351869226.8591,7600708416.063818,8979423575.776768,19234090129.487167,7037359047.9727745,7882557493.785682,15139071223.76073,8301196880.372267,11602746768.438772,8029458090.104254,8506521792.387743,5169135730.382656
7818865950.156137,11778269761.30117,5931141018.190876,25151545000.975994,12608920253.673185,10521746103.042461,13860804045.8853,8292209297.90657,11448257659.241331,15548024655.03386,8968225923.925348,14483695961.332838,5894187961.416271,12169960308.089668,7504289602.717315,8950352540.50927,19118931490.449574,6927265550.804955,7865231323.134447,14872755323.458517,8282664977.89341,11547079143.308887,7990641280.503661,8424425470.866908,5095029723.341242
7798023696.425531,11736497760.964489,5893762209.196997,25034979326.069004,12593204230.438278,10520175806.14124,13718279315.146149,8174832720.753319,11404136794.771963,15443159482.185371,8003587748.767248,14462530278.367653,5875098363.6605625,12096678212.872705,7410519293.059057,8928629177.8668,19029481989.393394,6882277234.389563,7838069572.792535,14834402288.238775,8240272342.528103,11527005590.325993,7925642739.702204,8367829954.87783,5052603633.818478
7743719407.155267,11714451908.318405,5731673231.74722,24609651872.716763,12182283649.700577,10444048679.49801,13563582966.060728,8154949148.487821,11283561543.128075,15365062816.339636,7763284238.553175,14314666924.604355,5838287605.273191,11983782681.487232,7383127833.284428,8859189748.645279,18860935821.463238,6792541769.607452,7810053909.477015,14621189613.300713,8236596008.436821,11475438067.662731,7867535659.848034,8240709234.949232,4980366707.580431
7716800303.666023,11672692557.515728,5651352671.704403,22969849613.57096,12155868058.680927,10431809952.702496,13356127521.568836,8120160112.072826,11233988597.37989,15234611348.472595,7393527812.460176,14246213581.518402,5786487346.986866,11964945093.18488,7333923191.781956,8849500960.473848,18799413656.860455,6690461598.694822,7801735170.740187,14566177278.395756,8212660976.932229,11358166450.717852,7817191486.529739,8196458990.704506,4890560336.426792
7700178259.329786,11636727876.02958,5622677778.913654,22710558676.055687,12126189705.075062,10348474547.768415,13232049209.207407,8100008075.844771,11200072831.478727,15215956851.540634,6975185290.778482,13422666805.094952,5722073625.105235,11830956653.98661,7287422055.800331,8797017929.018862,18781578014.837013,6616432319.348081,7797517007.862513,14387655675.9483,8176915918.372494,11279550382.063847,7703724206.937899,8146813374.770274,4784751141.243275
7656269655.849096,11601521572.796474,5605876753.669543,22511667802.34123,12013317081.237537,10301241917.536806,13085116291.753054,8045675145.971018,11146314591.357758,15126925579.159924,6807715205.177942,13395963896.756775,5679181484.875483,11676279349.49881,7218552981.661192,8777440072.347925,18735212919.195698,6469409092.652164,7784354909.056251,14302572343.789532,8170622270.276705,11202877835.67807,7677053272.923852,8050022919.982149,4779153754.383554
7632202554.078522,11469328491.595253,5595554127.615946,22421851237.323524,11933237734.878094,10213825830.605713,12730797301.505554,7995467289.526011,11059081420.372822,15061376911.18718,6711006152.36158,13272968957.864746,5641567178.24975,11583717408.524704,7149941706.72328,8762146159.7576,18597738544.95966,6311544979.259329,7781793078.319643,14190553701.461655,7731794265.837484,11185905190.291767,7620961269.042163,7980061631.225338,4622848776.870202
7588803216.044907,11444454022.903149,5576980014.887735,22231836645.203278,11776406870.557858,10163236397.302574,12418226452.487541,7917502388.295486,11008373427.69326,14999806892.353413,6561863080.393923,13146220107.90133,5586610655.875635,11473864837.547243,7129063717.823856,8745576902.329315,18439786368.021408,6182050182.549711,7780837752.978424,14021667047.198448,7592703407.279469,11096432727.652658,7472822465.238575,7933722824.084546,4523447273.100784
7465787981.242474,11409917408.17366,5566837567.755451,21635307161.796597,11750736934.698578,10136403449.6669,12164619038.473665,7890176489.222508,10933804324.903164,14126276576.069836,6165036606.796385,12977307513.904186,5575005994.126967,11389960643.247128,7072231320.895079,8710148756.076458,18356482102.07492,5849457828.144787,7738214894.967801,13929119771.146275,7557803443.834286,11047533360.470499,7395026912.420192,7881850499.564884,4466619680.963278
7445532527.432995,11384517275.747772,5552679494.627555,21398002110.89582,11561719248.284645,10086412242.290012,11812744854.063776,7875717580.694505,10897066898.693146,14015375461.056664,6063939479.068548,12960853519.153736,5567880373.219563,11271205138.014912,6985360376.658718,8702791873.277075,18218141219.315376,5755677280.0884495,7724095924.220312,13813671391.89634,7398900226.229523,10968730458.19788,7134672396.677626,7780531108.468664,4402759046.177259
7395894899.83003,11354720764.487343,5531335895.0286255,21150370947.44995,11468645700.958042,10055306657.651794,11613501752.381567,7848416126.87069,10812855733.477655,13814656227.812014,5751142084.680264,12772181385.9463,4827042215.516642,11121349218.94799,6895198640.317623,8687427484.936214,18055307760.35157,5723229098.294521,7717012198.102755,13641445191.202263,7369576459.113596,10910134240.420237,6987330443.527711,7731813393.446886,4342942250.4244175
7356543154.213166,11318239580.859142,5515411314.757416,20992459680.712032,11304714461.333399,9960602995.597115,11174074908.270367,7832428900.60939,10751638867.108381,13693540002.267023,5750329384.141411,12673949538.654911,4644937144.990522,10908098142.80954,6788046934.011278,8596390176.225424,17928508412.104614,5712298837.461393,7665458172.8419,13579056470.461666,7334449511.956539,10866886032.936054,6750447038.436374,7658665239.437221,4275279432.9369097
7257007717.609759,11296555538.988403,5497573713.394981,20588509663.33509,11134265235.88366,9931258686.112028,10939167783.281584,7829280362.770369,10598074415.895342,13632713992.28223,5617638998.339501,12579285363.513556,4623891619.601957,10838496091.00383,6734224567.710245,8562464767.772192,17736892969.237442,5708785755.84991,7637282340.0186,10635947807.254997,7319417284.734274,10816057782.267853,6570399364.40882,7612132634.800587,4247824122.529239
7221917559.481207,11272756939.141127,5482621086.180729,20526629504.6381,11115217972.706095,9767629455.26099,10616540175.36721,7795906751.922938,10501168308.806517,13617377204.462418,5516617950.263422,12495603380.9588,4610704863.657424,10751743959.185959,6702406757.684627,8542370440.841278,17635967561.2607,5689810749.902477,7580904128.049613,10395321704.281483,7300562548.052231,10765009050.718552,6402476774.817646,7555055268.981298,4228319354.5646305
7186579492.448719,11239264893.123142,5479057321.114719,20077961176.45119,11071854581.264492,9680167929.655298,10400664103.842613,7785691059.286539,10458254330.242025,13591717693.919888,5434885265.991656,12356193132.866156,4592778290.583803,10644272403.697973,6669842477.692097,8532440070.666346,16810320504.97644,5683629165.934542,7493558552.498356,10370263324.210163,7286877849.129734,10741726794.066828,6202580564.239677,7513881989.051491,4174705790.4128246
7099922066.423416,11230516412.55019,5477614681.141611,19663557436.857006,11041040161.1554,9619488329.214027,10360562634.46401,7728683042.4949875,10396515532.747417,13562331752.073654,5275766706.075417,12241127834.021112,4513182671.25983,10249557253.123043,6654628344.122593,8521026823.574196,16664693502.740585,5616875969.376564,7373774090.086363,10259422263.53532,7251191665.954405,10698798281.874584,6142249765.238632,7478061951.533113,4139220839.659971
7060724910.476311,11177325956.35797,5436914241.510854,19309910486.039276,11011744044.867523,9526725611.192095,9977737173.44574,7290044784.703099,10331878708.32321,13378693694.035252,5228953469.637621,12140143075.064434,4471184330.822977,10144918113.491947,6541663437.133713,8479326020.391391,16422816869.291176,5614325199.703441,7159493538.313361,10188120775.534313,7193948918.604157,10670701082.241148,6028136409.216564,7421910002.139996,4032215173.4083934
7009878493.133836,11099397418.998007,5391589037.676617,18955669381.31492,11003841701.447704,9479035260.769693,9794171400.479546,7197115097.647918,10223622621.693346,13265414298.142828,5195049770.190536,12065173818.487537,4404780383.15372,10137824622.048185,6443933869.64994,8422229001.292589,16334485388.912634,5602815837.351774,7078918424.715267,10159418862.714485,7143357764.708762,10652379505.384697,5902680926.282446,7384261230.722401,3964990151.2170334
6974151850.90846,11054832909.581203,5361961832.168163,18770107064.10504,10995336503.15022,9439179730.546432,9569907110.460018,7176421420.646355,10132230741.294495,13161349070.095226,5171732507.879749,11875316481.8857,4395968884.044468,10057509910.222876,6389249767.64963,8378606595.896278,16076944203.60392,5597359713.080828,6977859981.404308,10118040624.253017,7134420951.005585,10631414298.114697,5807714765.640324,7364271103.152082,3877717833.5693135
6912922527.703184,11008486525.240202,5329266583.047122,18521717457.113125,10953215262.503912,9330477556.408207,9482650342.188215,7153299092.502136,10054982357.794306,10509506191.560349,5107760342.685344,11693259121.512457,4350578642.612637,9980167150.174797,6373328538.983305,8375599554.897947,15836726667.266445,5591933676.369043,6851910217.927922,10052000583.989174,7087039339.598156,10611491930.02243,5686177868.000435,7283197761.302937,3845276029.674178
6869743178.1130905,10858609780.69949,5300424236.625519,18335108256.12542,10944567193.01904,9301093163.516533,9255527003.186657,7148971630.461576,10053203629.724205,10093421099.221863,5010966121.625473,11508761833.356565,4332998522.053612,9951608813.726437,6363096499.130114,8371964684.767709,15697024515.932674,5562275256.392737,6745355509.635319,9805620239.63282,6957495109.421499,10469864786.194641,5593649915.9504595,7163656331.258844,3800588873.7024417
6825719061.823317,10575223312.614481,5290092886.418018,17630653064.795773,10930442234.046402,9244619659.668823,9113414164.070108,7071954212.932023,9996295324.762611,9535332708.830812,4995444502.451457,11244962468.98275,4311698560.323033,9572893829.342077,6356097935.633768,8360184885.61343,15667537537.309711,5516557001.635839,6675127581.286104,9732318355.561779,6933164546.853819,10283352417.758787,5546838153.50046,7108758200.546619,3756641952.324258
6560455813.294117,10441325295.599415,5285915299.889973,17534630619.916805,10914142244.931473,9237046073.129875,9083866821.293798,7065137608.434185,9981516857.49732,9375364694.485384,4978791681.247695,11119528726.867926,4217198094.2187934,9330311165.691063,6313989705.872358,8355712229.649309,15621636941.913277,5498970203.053204,6653984354.504919,9502385536.85085,6908335720.248437,10231604185.920483,5418275275.076817,7061099392.472648,3642306753.206802
6456826719.731878,10243916707.66513,5242418747.3359375,17458810048.52238,10904536066.904297,9180923681.251322,9029008108.517948,7044493916.779925,9952953867.916523,9068243026.022478,4907729338.38768,11111684212.083996,4208333365.416681,9253838002.174576,6303441549.807434,8350694929.546751,15326155074.364332,5457799217.185772,6636762821.909512,9451551763.12705,6848696733.6225605,10201358309.218111,5302951680.115448,7023995248.846355,3609293709.473521
6414225693.0745125,10019680748.00301,5208171346.55192,17385729988.809452,10839129187.54655,9088374590.969875,8872888594.210587,6264137091.415909,9600926286.814737,8795489594.185265,4907729338.38768,11027336563.597408,4194026663.9884067,8989920440.351616,6298783439.564629,8350146543.932038,15249331816.045193,5444026059.055703,6630144001.722099,9124856000.69085,6817659494.590441,10178480298.059315,5057711676.60762,7008395900.464327,3566380880.8383203
6325127003.547801,9773977519.05541,5176484635.180603,17201908411.36441,10810053933.057589,8949615347.32733,8674415222.469398,5237259313.424236,9404432079.75301,8787703593.929005,4871723014.01889,11005553125.742788,4155790102.884412,8904618581.989141,6297481394.711564,8341133667.335976,15103209362.648232,5423969260.789862,6618412724.482494,9069949368.512629,6784554983.084373,10042323328.934952,5010160980.866763,6935314031.285969,3472576579.2581396
6263856821.492505,9564749456.716383,5109122975.787531,16995447867.513466,10726068182.426586,8850151984.051655,8570613508.932382,5065006334.127648,8912097176.674412,8779904602.589766,4867719611.901036,10992676689.071152,4148627730.8069134,8780816700.370073,6284299831.664427,8209799185.076401,15008368392.91423,5418189764.850891,6562811093.913573,8973980387.788122,6758901564.2739315,9740209397.642262,4933725968.395954,6918166406.532253,3429710784.371055
6170023708.070228,9106086522.25217,5016703136.9169855,16946067402.815369,10644373497.387907,8734343910.151945,8348902937.618277,4907265678.405481,8675205432.181656,8774098756.547688,4862190144.344764,10976954265.646282,4064510621.9559493,8697700435.84586,6282678970.597754,8052642957.6370125,14862491944.977726,5412428117.250711,6501495533.526352,8873579102.146635,6612283699.429294,9685510341.38092,4874640299.754369,6899724944.082806,3393275576.788472
6016778690.737487,8888060096.481918,5007129628.809579,16840585475.219255,10623454026.368141,8622412108.024185,8157794827.667847,4822504739.296679,8383895464.163676,8714491239.531643,4852757244.137023,10954314973.72259,3770411363.567311,8608769654.615091,6278517905.851183,8048042370.461686,14729101357.290962,5383824525.826572,6470585074.387807,8802983547.624674,6208090322.93074,9646544291.039692,4835010314.727947,6880737570.291318,3342051537.8560762
5822467518.602404,8683559959.885681,4910982075.741478,16705997078.726196,10572874980.482838,8574651299.004517,8048669872.824795,4424975391.63595,8168941874.215628,8249301152.737646,4779322298.115604,10913054573.728535,3604757635.552779,8555136596.879772,6266886483.783646,8042933836.69609,14416641285.371681,5292428320.134351,6445930965.4528885,8685341384.120932,5891811506.9134035,9507766931.156227,4769429421.478031,6847056701.545888,3270633520.3042936
5691664808.825075,8639028778.723358,4696159932.327657,16685844610.986946,10560573499.406303,8460966928.476316,7822943715.383999,4311150848.690847,8006991400.253358,7813140043.572767,4748296836.199132,10903411530.115303,3307767236.8542624,8454417916.869602,6258560597.928783,7549907408.717714,14094572410.706566,5238232130.450104,6384750669.998438,8647081474.978832,5764884323.304602,9416941925.739407,4744822673.040056,6821139332.23017,3204570932.9246964
5612819028.744919,8543940213.707893,4411275783.689165,16643276180.877384,10537189245.160095,8395940903.873119,7697689204.095078,4117487115.7653065,7873832089.229141,7445277957.746664,4737289181.8045635,10896896787.603146,3234425182.918703,8413021290.544556,5732240905.334488,7387334909.012087,13724827049.34002,5197375413.217455,6367894637.037862,8625899976.573967,5472445679.379166,9334050001.355907,4614969225.811689,6752434688.263601,3170686489.94557
5561503081.88139,7930357708.617289,4160882888.5664825,16610506027.308008,10511239702.597826,8324234136.538248,7412761441.561258,4056019916.7299204,7586819645.436364,7208081095.248815,4731269625.514189,10890235193.22743,3140913574.7995033,8383781793.547231,5517383381.981297,7161923643.091345,13494700068.71445,5145252906.959946,6284615230.207261,8582281886.596838,5400051569.141523,9248393435.927097,4602980937.153307,6739690450.096243,3131349367.1997557
5512701964.078726,7740729239.989243,4076852827.607007,16401043337.947304,10486342086.403297,8257921123.076243,7282512504.442025,4007250284.419946,7121401683.365355,6952622538.300512,4723692287.10435,10880793929.850937,2964860173.705345,8343944020.028808,5459734576.407603,7100399774.079285,13147661414.899357,5126339387.237732,6284615230.207261,8543961638.544508,5323145083.877559,9137684856.243517,4558245145.579833,6686201091.528956,3125250731.4964046
5410497156.165094,7630630351.544478,3957812500.9382935,16397919955.945072,10453678318.208708,8174198468.127493,7202919451.457857,3909748681.748639,7040714499.943401,6938585792.259048,4707254492.150402,10856264472.988556,2932730225.740326,8218499515.227816,5407288145.697413,7087317222.031146,12846937118.839539,5088183128.353834,6263075788.0830145,8434609405.268213,5108163954.9920225,8986981281.283993,4554135000.153174,6634928067.803697,3112083106.2286034
5345204609.71144,7610940936.114634,3908585936.9465604,16357385615.747261,10362374078.067135,8140062794.217784,7038393119.306311,3882503396.811268,6894376081.303812,6902850118.255293,4696214174.632451,10829591192.362566,2911838832.066701,8182553367.291128,5361448135.872954,7081461745.555227,12283692548.288702,5066045102.677047,6256129441.370539,8349036265.999114,5043262117.329198,8753597067.98413,4518650749.643192,6517873056.609907,3110257004.2562265
5269902437.03586,7475149030.060594,3896336140.884024,16277327788.22971,10346115479.42889,8097443064.112709,6888608863.874165,3737102743.7695274,6844264988.637034,6856073226.207657,4650772650.5188055,10813573564.427391,2817095737.506567,7881605181.7385,5259456930.466241,6966151630.908071,12103055934.796343,5025845382.243423,6254043877.017333,8310856270.998545,5016620561.451717,8609950861.508587,4505747204.980444,6424069235.582161,3109078153.9227095
5227494389.980446,7409281426.389338,3888154612.1852813,16247106855.367304,10316562311.02079,8070854279.868885,6672519946.941427,3686264912.769637,6684080717.758738,6806455960.6114645,4643644616.770268,10812222800.180643,2798977591.300185,7862930505.573179,5163181242.109402,6910584606.045763,12043109129.357258,4995318424.056718,5995787373.275686,8214110950.404604,4930409968.715503,8553655017.748689,4428738695.7414,6245646828.238919,3098663136.065272
5210675530.543617,7277727099.792998,3882157856.901379,16199719672.654095,10272048017.227177,8028843103.142254,6571848255.191217,3651632073.2974367,6590912635.794386,6677707854.8570385,4586251953.6356535,10809369264.235092,2757039113.8474874,7660403301.808351,5071801936.993971,6865045106.691387,11844733537.467281,4962716592.268135,5968239134.317188,8118025755.460728,4820346142.685264,8381232039.72421,4410823518.283684,6203720180.174643,3082621495.6847415
5194523983.243393,7251885619.016443,3875744691.209719,16135276312.29784,10221328013.395826,7992060009.364737,6548547456.9333,3631638585.0314407,6350958685.05299,6627402324.996389,4553986677.4584465,9924445518.207468,2727952059.694049,7593398428.605799,4931284087.72447,6790406200.667036,11785361997.075666,4925364088.815014,5878143937.179434,8083819150.545931,4748629286.330877,8218029945.453432,4337234431.795335,6136253808.848832,3078724514.12776
5186856978.567806,7147503074.355162,3856773365.8747015,16096375707.325949,10169393376.56066,7513996182.588032,6477713273.141571,3610996659.902564,6244856545.4289665,6595475523.293911,4507494002.773214,9712226723.358997,2704922086.734992,7464210972.954088,4898097678.786606,6760107052.345905,11609264822.60872,4867336480.215572,5616660342.315123,8045216005.292883,4725636539.90992,8135066273.445988,4326522242.047266,6050318693.728409,3072489631.497402
5173680375.887919,7051575886.675194,3836076276.608142,16079956419.75882,10076148580.419697,7275298171.69314,6368743546.728521,3585651357.712618,6138099426.283316,6586028055.462132,4435616229.353839,9379266961.812449,2702089696.682291,7369547119.457297,4816817723.759308,6741722280.730383,11517272110.700726,4866129871.066582,5563272942.158722,7888553376.220517,4703560896.308262,7945773412.292805,4322340277.19396,6039543844.764525,3070256877.418227
5166608784.069168,7013961440.079973,3828217461.4547033,16056586757.462954,10029518476.382223,7090976540.67395,6357049705.592809,3531288541.4241204,6120286467.277043,6548346747.498067,4340958544.487439,9118213103.092634,2694790856.8019,7275909261.99404,4796736010.73934,6739239675.5385685,11431065556.265438,4840319693.949596,5488536051.527715,7817878884.283222,4669658953.997363,7869398903.703469,4308458248.33514,5929899576.115986,3066036506.0803585
5145634079.443335,7003177809.465088,3821099642.2728744,15953885402.443165,9977053754.007717,6843160638.819824,6322009949.942314,3519455261.368886,6055840424.142507,6521796447.849659,4278123363.202441,9088585909.761951,2686549047.1417227,7213195399.627088,4736320713.647658,6721803911.399355,11266683959.623194,4791392888.725645,5391658106.774707,7779558077.731712,4626530770.460479,7851837394.29114,4303697548.703085,5880431703.070328,3060309490.1602135
5114316418.181221,6965380164.84524,3812373675.6167,15895592081.649197,9929895960.4217,6634594784.256505,6294330597.008156,3447406209.4177556,6024937836.482587,6467656412.000706,4150223949.1426196,8989577467.317238,2681349037.431818,7159012737.52449,4699192750.326675,6713632623.804435,10874917122.452158,4776711610.959009,5383683421.482631,7609225709.717609,4611162513.459993,7760112527.714586,4276026588.60184,5861894456.070314,3055881539.9009724
5102357088.079384,6942116264.064831,3802846189.7893,15787745626.655605,9924724753.344189,6529246455.042274,6185408344.762659,3401922323.3741937,5651310739.515537,6441564867.896046,4062886693.555252,8704856715.509237,2679050089.746643,7116727671.818805,4694626472.334204,6699562393.288319,10783518972.242857,4771607087.898639,5305739195.843566,7488973563.078474,4586073640.5891,7656739200.381931,4265588296.378419,5726198304.804089,3049178692.037841
5083026407.019672,6816054638.711281,3757995958.201756,15773401985.199509,9888555639.634861,6418729455.112671,6133503767.754782,3383540109.182498,5539666304.108035,6387814112.170301,4017022124.5507154,8597433872.536627,2669369400.038101,6974648874.017647,4682541767.070381,6686967719.449365,10696499330.327469,4730877240.614146,5254160587.430768,7400864770.067146,4562191859.29932,7534296519.760523,4258165901.4614334,5723453049.892244,3044584496.3460946
5064644674.981308,6748991511.249458,3757995958.201756,15749844505.474602,9873187957.799603,6378761053.879631,6068826888.539267,3363108211.100672,5509810335.750158,6230735070.631678,3983125217.5531797,8347095225.261337,2648257646.366931,6893171942.197567,4671507717.642608,6675314014.37133,10535251484.168552,4721390579.738345,5210769121.755379,7167611677.690931,4545840431.650007,7511497558.233294,4246153125.4728045,5718238911.647472,3043000431.1532197
5052210127.6933565,6718103310.618893,3756610096.545583,15717022931.473713,9842837832.097496,6215823531.256863,5939522703.909869,3356315177.849378,5469843248.143978,6188077742.8973,3941686827.8130474,8207603960.770143,2646081833.7534556,6850803759.733619,4636433798.520912,6652711260.904235,10423673896.049366,4688867879.460062,5174301332.612441,6993566754.048291,4536088784.263481,7449372750.487674,4237890452.5521965,5716644517.176359,3028745807.4997015
5035117106.973501,6665104277.61466,3754437987.415003,15645211614.284607,9829095881.927902,6185484536.598404,5815580323.082367,3253382623.3676987,5439397056.770657,6164922704.370546,3877729682.6475897,8059409453.187066,2635223679.161417,6579287671.423611,4602568532.6067295,6634666186.944296,10421409049.877357,4672356541.873229,5165026163.82983,6803934147.133303,4507198086.31205,7424605656.687305,4191515096.6174536,5689659841.588163,3018845982.0000424
5023968893.588373,6404758181.262299,3744779046.297997,15596520403.533785,9794688200.088936,6071744588.809792,5798174220.741495,3218594935.9103575,5398821694.61239,6085911399.702543,3792145663.840355,7991687382.002584,2622707217.205114,6432273157.091265,4537524831.191665,6631843155.849358,10360515034.380527,4661497225.920233,5133226754.42904,6753850939.930742,4489002703.176083,7308596623.031072,3999520116.7460976,5677352629.866477,3014289380.542725
4964990974.859329,6183293590.449995,3705078730.180901,15553462648.683952,9748669492.095072,6034522195.824396,5735388086.732328,3203905746.9787207,5296057090.534871,6070121112.698835,3730312370.644746,7951940996.869423,2618531669.1201067,6393652410.127668,4502431429.8748865,6621923415.866417,10339217345.518837,4651966973.9416485,5130872812.566581,6638868183.6301155,4461008115.538477,7304957702.280527,3969431571.9778304,5659582310.450281,3007530761.3035984
4950824081.466513,6147652528.038113,3690813436.0728416,15482534382.64579,9711688287.078842,5990895391.717064,5698540691.275066,3185332007.9368815,5176610387.033972,6045697469.636595,3667217015.167864,7892556263.763999,2616562755.381874,6227065550.18013,4462209075.778184,6583431321.748677,10288449326.759768,4643667670.154551,5063579286.436436,6499125651.544062,4418126560.068102,7301865206.654839,3917485162.1411505,5618458650.514837,2998188958.1876097
4916643218.225641,5828549071.552733,3667832117.338708,15384192771.602537,9479704680.210018,5914264050.5212,5680007250.100557,3135229171.6629906,5102576830.073569,6027077830.076939,3599763757.7328815,7826681064.077747,2609756599.7761927,5630973480.088589,4442469953.126299,6562299423.170753,10274262872.245277,4631853488.711804,5045023817.828985,6489987625.590639,4357718329.479711,7296665191.880716,3874814923.4592957,5618458650.514837,2986068400.0921516
4894262078.186161,5647141540.623676,3650316042.637236,15337455855.371464,8727330831.908354,5850877738.187502,5660688815.584677,3101446385.722014,5038637459.79219,6021491594.119219,3525306276.174909,7755639182.878031,2594106085.117896,5542869265.13719,4415240164.506304,6549149927.547057,10269504319.909492,4619210707.397881,5012660678.818618,6480771259.206762,4330248977.341604,7283797849.966677,3844189487.537404,5546351791.390068,2982745209.6946135
4890760747.333818,5466625456.040556,3646648119.8315983,15302984482.608196,8699135129.209023,5838250763.888952,5623574595.730585,3066392156.274503,4970172249.481546,5993392558.2860365,3407011036.624583,7678523901.982855,2579647516.9838448,5303457045.949393,4392254380.63324,6514234915.365325,10246817163.940117,4597165578.702956,4989017751.400668,6435413946.911898,4177572061.475248,7258387121.949659,3817761955.896634,5390113938.762219,2977885303.1513195
4850647174.706724,5347995256.144612,3629615925.093518,15276019203.292604,8554830081.728061,5702931767.555918,5587081882.054684,3059175841.2466173,4924769438.334853,5976411781.956886,3380034980.295475,7606960179.615484,2573903174.5157948,5105319735.269878,4356724055.382328,6490762369.266272,10145015677.984093,4586096992.97478,4954147552.545126,6417053845.03699,4112343917.4613914,7239979746.604894,3809512438.595414,5237833157.56591,2928768636.3073316
4836833500.882516,5310436687.741053,3616821893.0942926,15152349369.126278,8221661287.007415,5631072804.177221,5429935821.045908,3002840450.9349065,4850033781.662556,5948275448.124618,3246477708.263897,7525894666.715885,2559840326.485772,5017165547.9883175,4285797462.666687,6440168353.89052,10089069508.98048,4382171189.892406,4938889264.266958,6376186463.52799,4096786473.708764,7231951236.011297,3764192669.071578,5123624778.421759,2903437716.4998245
4834251646.910944,5140078393.250177,3609172851.496091,15060070362.247017,8219184240.3916,5568539724.87672,5351191506.361237,2970125810.399111,4749822657.374517,5931869384.052796,3197848517.2522564,7434411214.171598,2535315712.316042,4946193694.601854,4263465355.1627364,6412342109.105114,10068813918.782711,4318682505.291539,4907367818.422131,6318617522.844431,4077656474.7374644,7215073852.223825,3742003390.0435085,5040753243.463644,2874165662.070692
4826795326.372513,4764154901.509288,3576412594.1636987,14969926401.24358,8134091016.649181,5542990702.185251,5274719446.553763,2937478979.208136,4661294608.751525,5927638231.458424,3062841958.1153183,7347766119.690832,2508177010.1521363,4849396766.185122,4250586634.054949,6392932226.399627,9917747448.694765,4300846923.665717,4893555385.053486,6299880420.84008,4073648423.7840557,7134471117.427698,3711309451.0920787,5010656191.909829,2861085526.565105
4824325569.534966,4722536908.28384,3569196531.077682,14927400548.872574,8085593524.985912,5537051323.782364,5222824944.217234,2886904754.7319813,4586501251.95482,5868326312.804861,2935249424.759603,7269286155.1444645,2504349982.637898,4829064960.716032,4222084307.7547383,6380696953.520789,9668962798.31369,4287898216.612005,4884390121.133812,6293172653.164463,4034507088.721776,7034519319.3317995,3681821916.6355834,4982216279.122152,2849431452.4884167
4814630891.0476885,4696507893.642464,3569196531.077682,14893132796.766891,8072441469.793869,5522516262.99249,5166290865.775705,2853957489.8327255,4580551449.197531,5854369713.961454,2834466500.750267,7160857572.766428,2482858663.005776,4726782855.788812,4213874125.482067,6351455772.471189,9417971008.386902,4280063903.682919,4877371109.252522,6265870133.630055,3992047839.708467,6947307092.877901,3669822319.2262573,4948747960.308277,2840685261.6993113
4808362622.656274,4626898730.970978,3567842667.501325,14828079358.6955,7985288064.415838,5485582089.929018,5088389680.19104,2836434435.4938326,4569258216.952553,5847592650.318598,2801804513.4860277,7058075068.576446,2460113220.5138474,4607665690.210159,4185735960.909244,6340592089.912962,9351534365.877726,4257748149.648839,4844319348.604944,6222398545.990604,3907984384.7685437,6947307092.877901,3647404905.6529274,4919527236.248951,2838342644.5464687
4801720040.726006,4609807999.182592,3567685832.030278,14803606895.464663,7946918866.66478,5446100931.3567295,4974337962.800524,2771081321.916639,4550163187.541691,5839329329.151197,2770259829.9745955,6999434877.542349,2448409394.0514936,4595520742.387679,4171746669.28683,6322921146.934288,9329037779.364304,4246748504.8876657,4822562835.062632,6214109404.335469,3867926933.9218636,6917965541.558618,3613717935.929973,4856921909.908922,2831176550.006573
4793894391.577404,4589277043.570706,3567587115.723992,14704077114.859577,7864442598.21263,5404483137.718953,4885120896.203987,2754094755.727457,4493089102.85391,5834103736.356806,2757371785.674144,6966909939.888045,2440043645.820815,4470307891.086624,4158265937.9067583,6309147866.595231,9251756543.74042,4172745069.0618753,4794592553.434244,6200345535.116194,3858305587.874324,6868358544.268103,3325844171.419608,4830079276.489536,2815055844.976123
4785556869.544495,4544876746.804626,3562442339.317921,14644986231.234571,7810579006.713787,5374377427.286398,4858259990.8508625,2729435750.1679296,4473828731.710505,5823193558.583401,2723769835.881351,6917004459.708387,2395188075.1802073,4373638823.716305,4143324074.4322214,6285812878.035589,9169605637.30959,4138468568.297286,4776167594.5068,6194191248.072668,3850005024.033278,6766952894.705517,3212822718.138337,4807239594.005828,2802944216.322896
4763727630.0601845,4524330542.58771,3557039220.837364,14617084777.181196,7762333365.0648155,5358146304.226562,4832025811.177643,2718213138.7229576,4434580965.596021,5820424497.390226,2677987080.3756227,6838535053.419043,2378012462.7742696,4287070894.610031,4089735014.0935564,6267125210.512191,9025485866.681068,4119653283.849493,4759598713.957108,6190026126.873641,3835105156.1485395,6724965277.030462,3167397435.3735743,4748506663.989465,2795791971.123082
4728750052.55451,4493740120.493084,3551216007.715275,14509885893.377514,7729813855.169216,5345022679.543409,4782639164.201925,2713244675.346932,4404531822.504975,5811318055.318329,2630081675.7471275,6816337824.031786,2370031579.5666685,4170335410.2104235,4068943328.056223,6254651542.322007,8948889996.513523,4069205096.402842,4749130269.329305,6187447047.82309,3825980109.090625,6693630845.382532,3086494274.8502283,4729767517.302264,2778894767.0542164
4722730782.726002,4475429985.147215,3548444578.8121967,14395966751.747093,7669783317.110513,5326098100.137148,4776198592.521941,2705140600.2568784,4352761173.741351,5809574390.360943,2577769071.7470703,6780172861.070485,2359181663.5653086,4102153836.915392,4057963040.934367,6249913372.447803,8865181474.364353,4034920919.1676216,4741797001.421059,6180667197.341437,3808025616.469199,6645909370.151104,3032726110.339818,4693945879.520723,2775846576.5519657
4710135720.974677,4447301094.711052,3540088236.564657,14318601944.360477,7583683584.657009,5305099580.396978,4764867986.250498,2689426333.8230143,4303386878.154874,5615142085.160495,2549626522.137767,6701231849.852949,2354434663.3892736,4036497464.163209,4002717001.9127483,6220606835.546226,8813170292.292694,3994121632.7366543,4733800147.596934,6176042927.284159,3794929934.698725,6558351863.117972,2952962139.6808257,4676234665.6261,2773969702.062787
4704167690.006728,4432841541.050012,3530503539.2918563,14287682877.879192,7463769907.344453,5278338568.881131,4747768719.985064,2676236591.7766085,4285774668.8789024,5560534280.89027,2545380057.467449,6677042008.306821,2350825541.598856,3978552462.4570723,3991346767.895151,6192190599.333563,8777781240.225355,3958835894.578532,4687988219.135672,6168804022.850758,3755780890.996359,6445195374.554731,2928196718.57106,4603786019.332479,2769618752.363246
4669631045.32029,4419388148.699951,3518160030.84971,14282031205.20942,7386077790.141138,5267371732.632383,4714439608.414057,2657709319.2951956,4271114201.9227095,5510105774.932304,2534838274.0876055,6605369346.475239,2335663513.2528615,3861255800.13814,3977226255.2674904,6177749783.357401,8670108706.375301,3883782001.8283806,4649999382.3663845,6166281249.966306,3703856511.26453,6417040326.751569,2912543556.275619,4574872194.601643,2766460889.6490717
4653343467.34156,4409098094.540258,3505651871.236607,14279086728.421804,7290484143.116888,5250144973.599102,4670072619.713417,2629550188.394995,4252454810.3465085,5463491060.157219,2529599663.935673,6554747098.078178,2312782799.374474,3787653090.5380993,3971866420.819338,6162827864.405614,8550520424.782181,3845140186.047305,4606165156.879192,6164724365.279399,3676931148.1234684,6384898478.992046,2896267561.940231,4496636236.470337,2757463325.10836
4639170901.526911,4404393370.250155,3500270145.112513,14261468961.3618,7132258720.479717,5172785122.375616,4631822557.588154,2620038999.9727316,4237029402.672175,5429410521.231234,2480842639.172701,6492271259.77688,2297151000.614002,3730733444.2310476,3971292702.96,6128997443.267782,8521067617.789791,3822992023.2875066,4505013096.243388,6101468750.662632,3636564523.1642933,6373622372.184035,2888549727.761484,4496636236.470337,2753707280.4558015
4630077904.025064,4376297085.121968,3485811568.056419,14247219766.736183,7100764757.377787,5097534711.746865,4521335912.622614,2608011370.4086027,4230343325.7793245,5418163883.790825,2463460258.029816,6470200925.250643,2240717449.156871,3699739984.8743386,3967465482.57336,6119077579.714775,8458680565.325216,3808493189.7233796,4488310993.3616085,6066067346.389078,3627609660.5066624,6346806986.135695,2878899156.6316867,4463608120.357243,2692498107.586879
4608032532.800493,4364762330.707797,3474209406.3125796,14164636216.87774,7060169959.321221,5015466502.583094,4494126969.163547,2583809632.5963755,4230050599.255093,5389203793.510615,2448825655.7318087,6410392417.868306,2208275900.85847,3656370972.2692833,3951981546.868281,6088955231.493279,8371503604.11834,3783089535.2396936,4462105491.457048,6039672225.046543,3595098752.366149,6329175729.217652,2878019267.59505,4428549196.319916,2651127028.7763495
4596495845.577787,4350858207.440317,3472414715.64864,14084259411.735561,7044895867.618304,4970759159.213697,4458231056.064567,2546766404.2029977,4227611898.8043613,5368346444.956421,2427425244.963744,6380805148.391504,2183286613.149819,3644954908.364313,3947612581.2368526,6040571042.700751,8292684674.819038,3778581526.8625193,4438863759.797082,6024476106.220462,3582123949.779345,6317462815.391829,2849547695.800374,4414389885.886345,2604038972.5539546
4561083795.125495,4347557888.557666,3461618868.2822924,14057658384.919037,6999174809.087393,4944898599.69334,4447210839.422917,2502754816.8389387,4224037868.235424,5358228334.975941,2408969989.634191,6173977355.8552,2161831976.2586575,3604717591.0173244,3942015007.1724205,6003245406.069452,8184756448.870628,3769050544.280738,4310348806.453568,5999209448.290157,3569570730.946125,6285431167.53816,2840799765.9281116,4400757930.379861,2579480625.1487627
4545308351.829067,4304057741.562215,3455894986.221719,14034604002.060455,6970854182.518701,4900748987.606233,4425411588.311053,2470978244.6210127,4222272984.7002983,5282460615.082563,2400482007.533747,6102552183.859615,2145977844.5842984,3590462056.162819,3937822271.2329807,5995042968.778681,8088547805.327385,3717337924.3068137,4257265469.09356,5975417817.021513,3563626196.575719,6267166442.584346,2839634249.9067616,4386724620.257338,2549375468.6664066
4510913924.55158,4276901615.165457,3447574998.33338,13973614518.584045,6906106137.092093,4850063798.789871,4391566558.997161,2440602334.8178077,4218340917.1974325,5230348058.07052,2371835735.4145,6073084439.476561,2143090313.3060246,3572158775.9445806,3926924867.613181,5989367448.794767,8020456945.283656,3679324292.2656126,4255879812.3192825,5869980854.954544,3560528801.177406,5932960624.625345,2832494279.638773,4372085457.836191,2525279549.6280093
4505755421.107076,4268652841.583234,3441549482.319033,13925602824.24932,6882902294.022556,4821712543.8445,4379479478.997294,2405540093.861701,4176805252.675934,5199875310.104353,2353114857.9972253,6061773114.108147,2133447139.9453783,3555760300.080654,3789147475.1485205,5830560985.508983,7997052616.784768,3646790939.204035,4204219411.227865,5837388584.430338,3559564092.9051437,5914761489.805747,2824984687.528347,4213721413.857336,2509831176.472417
4497913009.596545,4260715892.5740004,3440775033.311316,13909771022.979164,6866581486.925825,4774992571.268429,4371082441.962616,2394508452.1902113,4165138459.701248,5161403021.272056,2351291949.700423,6035678562.333388,2120855319.840204,3536990670.4998703,3705885291.4068084,5824282828.948814,7966625570.205498,3616006212.0432854,4166023615.3729253,5809449373.801787,3422619053.1084704,5912413855.490332,2822692432.3099384,4171066436.090539,2467074695.1319256
4482141821.589499,4251115103.7879868,3439662121.2908406,13884072868.383963,6857692723.773996,4715215004.470954,4290523185.270752,2378900929.9644403,4155633688.835932,5103575974.123138,2315245860.1336617,6016877358.988926,2062786131.390193,3517856568.5595818,3676766091.019143,5734797678.410277,7940971379.008463,3579201132.954751,4152920560.0425797,5786946405.811502,3405671105.237174,5898855312.0993595,2819029935.993616,4146171318.315962,2462624720.9199066
4460821679.133308,4208073420.925467,3436101764.665946,13883482893.394466,6835479589.750963,4708374965.222174,4257351968.32274,2367366142.4834547,4154916961.5081997,5038129662.248822,2261410333.341132,5985225193.467526,2035430446.5587206,3499647290.620038,3644681597.933672,5709764207.449673,7937286310.238201,3549739134.175364,4152602429.3365197,5760388716.417084,3365642221.2786913,5893085563.554465,2805904332.368087,4133508912.7775574,2447360842.05046
4458780863.765349,4194730387.609329,3434426239.029603,13881747849.527609,6788217320.422656,4660692295.1409445,4230372760.5407763,2350522390.145606,4154078486.5450125,4999827649.496124,2252372047.011806,5943517081.357645,2032077293.8221602,3483997752.579712,3641340040.629183,5690191398.25374,7848020890.00984,3536064208.4410477,4135838283.4463954,5747340259.593461,3312760668.951772,5821805245.442622,2789609783.1692953,4124643555.631114,2412436612.516795
4447634145.208672,4157086298.4472623,3430217468.3331037,13878975148.66002,6695982552.063904,4588917677.519175,4191353524.194829,2339980994.450615,4154078486.5450125,4993563961.59334,2246828380.7903914,5926322962.29959,2028657779.6886983,3466368694.1925097,3635708322.2513766,5671881162.449623,7809415927.567426,3527199135.8642144,4107778979.9862776,5727649906.052992,3286509826.9340796,5772742214.417711,2788558966.5328965,4110495757.4794254,2404454819.9129744
4444686106.474262,4116370924.7460337,3427588603.244979,13810072195.044851,6680296178.422348,4522147665.57445,4163151566.755329,2325400027.8746905,4140468374.9798474,4978052535.020195,2231795259.8970356,5903892014.591443,2023680736.3999054,3437963685.0020046,3570039308.90448,5662513952.246109,7787710970.290697,3477833693.4759984,4005353399.927466,5708572830.185225,3173486309.8081055,5604208229.00891,2782639360.69493,4098619235.101702,2402016892.864428
4421685858.560242,4010718449.052102,3426871800.7395577,13796227333.357368,6676745724.553183,4493261021.368968,4125518141.622694,2315635240.8903193,4087905800.761639,4970713834.861763,2014759785.0703356,5876837822.433122,2011241513.571347,3414386418.9641747,3484598465.5998735,5652471945.080953,7723912619.45606,3383925480.001514,3985175553.101611,5680256657.520368,3139381919.54631,5562378163.810342,2778102916.909903,4082326975.4229946,2385617876.4172616
4369154767.584156,3959195592.2162437,3424750410.7712216,13528333653.748217,6645694037.8327675,4484010089.0125675,4093453796.428591,2311347502.60678,4061583464.474244,4954386862.245977,1986413188.3692017,5856906964.834646,1970843131.4910746,3370383012.2121973,3447614821.4206467,5629912345.758202,7686603642.795293,3186569100.570141,3922764906.878458,5645346783.047247,3129733710.5803037,5522020310.180039,2773751987.4486704,4075569706.976227,2376864681.2147818
4328664078.5151825,3865997431.466852,3423004763.6727495,13449076242.994116,6638826588.598568,4455532281.632245,4059108817.435972,2308322079.92135,4045915975.564399,4853149313.435712,1984478049.1686683,5835564968.3893,1955765693.840594,3334452028.086917,3430507863.519847,5621335550.2771,7659892150.5351,3103727362.6719766,3892457298.3723745,5635520680.160804,3107817022.62681,5508066000.2270355,2767478199.1845703,4055694134.872932,2365655201.5221167
4301513894.611207,3820160840.667461,3420369298.634104,13407705751.040327,6637428539.13159,4447505932.676397,4042620939.4475603,2299424513.0423274,4026543243.210658,4790445337.588383,1982159281.8592062,5822658509.222881,1933381789.5083847,3316148193.3977795,3414550756.771406,5592301614.290097,7642428915.081114,3003729990.9151554,3847975205.2495575,5599235054.105295,3099875981.0872993,5472662346.1119375,2761459593.790283,4025761610.503193,2353506840.5027404
4291689344.2937775,3797176888.659219,3419406070.157624,13387175247.333698,6634991376.081546,4437678736.872357,4020978660.738304,2226324094.868867,3996301327.886587,4727924189.743164,1977621507.436606,5739414918.175272,1918227028.7164862,3272960409.5875473,3375839600.025343,5567055264.893978,7634655098.288954,2961104119.60935,3775985709.581478,5560730562.9997835,3078185021.495577,5450797986.03953,2752375090.851306,4014943097.449752,2327886378.7345657
4282214767.848712,3649613066.7956476,3412268581.3585734,13376689505.219687,6630034073.482225,4416130026.261032,3991268158.8618155,2221221165.5273385,3981210190.8735304,4681087973.687602,1975209642.6396754,5676523811.528685,1909280147.0339305,3244997483.3491926,3338872151.995269,5557555540.105075,7050421352.494631,2942052806.2763457,3730963607.853206,5542625777.326888,3038720004.9554462,5440694074.294794,2693587463.7251115,3983727863.128892,2314185277.412105
4266417037.955517,3618286799.0380516,3410732172.589833,13364866368.125847,6629226470.080044,4405241825.904361,3953346414.9241066,2209824353.627509,3966834250.5685673,4632933895.84279,1970210569.1051116,5622343909.676725,1902015395.9514697,3197943335.1293025,3335283693.4290624,5542267894.316353,7000949605.75094,2933544815.7488003,3705447789.254122,5529885520.7198105,2985247867.3398814,5424173202.565142,2671308979.519641,3979435935.2036996,2295271723.371558
4239414668.4253955,3586633508.0565696,3408452197.078988,13357633098.016901,6617984932.326948,4373645435.604157,3942878333.9915357,2203186232.896833,3957552579.5150557,4557601457.464939,1958520109.7955017,5574196479.745741,1891266191.264286,3165468300.6909685,3296099114.8524566,5523984408.380066,6918474983.613958,2925898092.9854817,3683029978.3385878,5503068600.881498,2967110532.26795,5387211118.239575,2636910115.0111923,3961410198.999501,2277100674.6381955
4234508751.6275754,3475272528.061331,3330156615.3680196,13352857290.830902,6606261393.315601,4203221012.2364006,3926175690.464588,2199500897.578712,3920837143.5824394,4497217214.0587,1947004753.5218282,5554301931.867073,1885475875.7315068,2539244598.295598,3284212465.2311835,5509306591.036082,6839187899.440514,2911873167.870907,3586127914.0015135,5438723509.938982,2946098270.871537,5357447952.270716,2623744371.8172092,3946526544.5342083,2243042357.24117
4148595050.6726017,3006918775.689616,3329678720.9472466,12927341054.353945,6599163162.529776,4152859543.106965,3920505495.8003244,2190859351.3611407,3894938886.921918,4412669165.187178,1944591401.774296,5499371741.360518,1883028999.2445383,2139957628.682087,3271504235.7302504,5495938463.526184,6741287725.333939,2900682228.5939837,3568353636.74568,5416227165.637934,2938757014.518914,5334141636.652925,2611595621.8817077,3933381956.858744,2225641431.825352
4118811839.8738465,2958680154.250492,3322647922.865734,12597337459.853172,6580570482.46805,4129396394.342122,3903895956.809063,2172454290.911342,3880429699.272808,4369838187.829202,1933165694.4330893,5476845562.467877,1863761476.6334844,2038469953.914633,3251616072.902709,5465184611.036943,6683155467.812235,2882682190.393008,3560990610.544073,5402989807.024666,2891606557.131032,5288016347.640925,2589465168.2688565,3890805377.6752234,2212695917.518768
4061755902.888053,2842620779.1688347,3320158621.5985312,12424315302.529705,6568232956.863064,4105688855.8635683,3900982498.7797565,2146126125.6744738,3858768486.393445,4310137228.167519,1930467488.930359,5459644803.708246,1861865440.704271,2019397924.0032375,3233450885.7112017,5452888499.712729,6577615090.6335945,2869328246.834624,3520704802.933407,5384068378.253288,2866877063.2657866,5272396380.030847,2552585218.634698,3830122706.850995,2195691671.2431927
4015753209.400489,2744721644.7142496,3319028873.5875044,12180485702.216446,6550938820.265358,4047775479.9206553,3869234447.5462894,2118800585.7454748,3817583415.9191675,4241233868.906853,1926096546.2092748,5455426285.692551,1852026524.3656178,1993309599.6585598,3222485833.205387,5435131322.866147,6419150971.044586,2849344282.465264,3480430960.5527105,5358709477.028392,2840542469.3190794,5246179489.317288,2542118775.3133793,3804051182.6327524,2167876881.8257227
3978783765.656831,2654921855.595149,3317398935.65361,12051434677.95206,6524205423.884224,3955859345.9681587,3746085355.945968,2097944451.6254709,3813581066.666973,4167549141.7944236,1919021497.5962327,5452263318.978861,1837536711.798571,1983914707.3976479,3217821988.1188307,5408694937.635279,6265352480.406735,2834012910.4940863,3461883971.7195234,5348334275.954321,2817242703.4971848,5243139882.7359915,2534540700.3187532,3760908777.34461,2159880180.0793123
3930398033.484832,2576071858.514875,3316946786.5576134,11937403203.532133,6483156020.307779,3910991649.261754,3598918402.970853,2087328648.7087393,3806097427.5269876,4141398418.3834724,1909614981.4892573,5451295229.230888,1815784610.2583578,1975631274.4188414,3205061470.667484,5403899606.15862,6165121344.724231,2813565139.3518867,3445338082.2252717,5295625746.07995,2809548170.213065,5218126018.399105,2528369591.411895,3727292109.353757,2155450512.6615143
3758054542.830063,2532535233.6921988,3313073047.522109,11653102183.336231,6477792142.188414,3896890785.570279,3518007108.4929357,2064302166.5515437,3793925024.956708,4103942846.3006783,1874781615.32198,5444223273.204179,1805147086.0536544,1971053116.2783103,3202700988.5589333,5396694310.729956,6095310329.279469,2803575625.3077126,3423982323.5147934,5267112202.247505,2800655748.331812,5186380103.817682,2509853986.419379,3701256115.718913,2151118571.47011
3689344758.405234,2514829406.1316986,3305749370.015111,11485713979.14074,6443815733.173826,3886603285.2548275,3463250876.235856,2038097563.806891,3781415555.3050184,4094659376.5020094,1853501125.2451694,5417109192.245262,1803783587.4683332,1964103398.2634788,3187266220.19347,5386620896.216422,6018720139.367137,2782791475.024963,3398832618.9627852,5254779962.0994625,2797301963.523426,5173706248.815688,2493181091.62901,3653999164.98152,2143374245.001797
3607411167.5950603,2501076444.3025546,3299667412.211788,11230560668.7481,6441790717.817902,3878717031.970537,3431354734.9862995,1973197183.4974904,3767667829.34744,4079272667.3003187,1838629580.557333,5404060311.592955,1796543264.419668,1960048645.2911155,3148499627.48464,5378956414.07622,5913208620.285352,2774756672.8036137,3379829579.4008346,5244888913.857645,2782043212.5627565,5164264719.046621,2484078191.8238482,3633892108.1448326,2085993787.8071766
3557790455.4112654,2478738043.091728,3274653969.9341826,11012425985.261595,6170601405.782803,3806516766.5368814,3399006558.8856773,1948476249.9801474,3746570824.585238,4050880075.6570854,1831819722.0530682,5389252446.116578,1774683752.2424567,1953658508.8960748,3130328558.2573743,5361955464.909387,5715762868.148109,2757702049.273219,3362738579.0269637,5242677744.400034,2776211867.580908,5141656918.312245,2444403916.8739796,3602791484.3493476,2078749394.6813786
3495226560.7595057,2428887408.535977,3252676045.350688,10484371965.272799,6095863151.439192,3733448843.1925697,3319102361.426726,1932149228.7283468,3723491182.303671,4010846161.330554,1819567406.8613029,5376367982.788369,1761207292.9456298,1930328445.3739853,3111799310.236331,5340476220.195737,5465071027.018461,2753143547.8183765,3341043933.440901,5211731944.684091,2768113108.037388,5135026881.29163,2428687078.081257,3580641021.40043,2072140586.9658904
3467246667.2230206,2401140298.90283,3229461190.3522387,10275711783.10232,5997028057.074299,3697701932.2714715,3284017426.464072,1916631762.2552133,3708426078.3251524,4008058986.2454224,1810629428.8501432,5362296133.903154,1749111263.1610339,1920586378.7252672,3093655841.283187,5073306807.583196,5390473822.559396,2748692536.71626,3318470396.4660583,5123349310.832844,2763890810.0867906,5094245063.262837,2413954685.439357,3567890742.612401,2070765694.7596068
3449012525.3294616,2310701565.3642416,3215112098.1494417,10034022550.740322,5924237246.583519,3678655919.157379,3258732530.249528,1909376204.510498,3690720861.943862,4006374330.1475925,1793480403.6613255,5357770356.913927,1735153962.2743998,1914287406.1458006,3062112942.918292,5029987753.213137,5277680890.036409,2722019817.036697,3286902166.8386507,5116825167.658564,2755883052.0518003,5073046308.732414,2399854901.221604,3553153387.62554,2070618636.4934754
3402157632.4177337,2266910837.8217273,3188731024.320246,9836200946.84474,5817188820.467337,3651186950.2109046,3246387292.1597233,1905383260.2460706,3650811440.5862722,3975938445.5337763,1785224002.4997005,5350535583.0928755,1716952103.7808337,1909995325.195084,3011342772.0819874,5016590536.613028,5237339566.316975,2713882766.947562,3270388199.7274857,5111117653.949703,2735758531.1366906,5055197016.2453,2388434954.260289,3500231187.928106,2069255201.0534554
3386563538.41924,2223422138.2203197,3151190217.8813944,9714893320.790028,5758542310.06078,3629273828.053073,3236288967.7613883,1893674963.5755372,3646993172.6429625,3951174312.39963,1781020217.487262,5345278296.50777,1716150721.800375,1896594260.4151511,2982618714.1787124,4974077017.35542,5196330612.00368,2697037135.7244806,3041629889.456291,5082537582.1063795,2098240785.4705153,5043564304.278749,2380024066.4656153,3462272957.5599604,2067433183.0715194
3334445574.9236174,2210835265.9589744,3130874619.7264266,9670052634.969826,5614709645.15666,3604555103.49967,3219660898.500108,1890482217.1049132,3633832231.409911,3888109878.224248,1745487752.0838606,5339368444.054056,1706627451.0574088,1890294248.4920707,2954185333.6805763,4932254294.343323,5151316833.284304,2692530011.4581776,3007257066.887538,5049768795.055148,2039152196.2552454,5027094101.55571,2375057399.048266,3441074583.810319,2063046966.6262197
3318868190.5092063,2184129057.7181635,3087797736.9628115,9487067711.680054,5493995172.464555,3570398321.611531,3199511321.169319,1868432745.8128202,3621971639.7155437,3813838669.393073,1723314150.123399,5332390903.165394,1686003047.2874007,1880743763.77312,2926005096.687855,4892603404.393149,5107659511.568697,2684460464.6341805,2979712140.1141953,5041085053.40973,2027349178.6685262,5017223378.596916,2363582260.8099422,3435002833.032775,2060538143.248861
3283708505.135543,2173230838.9068694,3063972612.333352,9441132599.462135,5415503466.340713,3517886274.4967575,3173816153.300458,1860355232.5276947,3590437495.2832327,3772818500.300688,1714285938.692267,4977448303.505575,1680083722.5912342,1846729923.100942,2899165245.683125,4861887734.421983,5082707639.395535,2678332411.420937,2949482595.80455,5014090183.38228,2021775144.5027013,4994982496.859039,2358517608.534647,3403169258.6436205,2056585829.9583387
3269136631.0577307,2168229542.452298,3037749746.6009555,9431284281.905415,5382359428.303397,3429052595.2922263,3167036823.8078966,1852490959.2453175,3581039966.7867193,3737395734.259451,1709092969.1782155,4972889213.499351,1678646853.409332,1833529203.1802046,2886581230.981389,4833959640.65797,5027510795.860376,2674763850.8550797,2731561551.1461697,5004708023.786253,2018318068.1561594,4983666853.730077,2335147756.246523,3389699724.531366,2046584775.4853418
3254720924.624254,2159580892.888595,3027764912.158622,9378109593.78264,5359724943.241261,3363739266.1234803,3164753692.634658,1845466368.2162263,3551777189.8813033,3721046418.652082,1705435326.9120853,4945916502.879836,1672300442.5118167,1812712647.9015255,2847591228.147995,4817405030.920167,4984260818.007154,2672543330.7456284,2568230094.5302424,4986844833.663174,2007821487.6979933,4959153887.364557,2329165248.6521087,3380841307.3452053,2045814312.2908213
3247641006.742088,2149897614.2316203,3001069010.370571,9306579428.03652,5320483458.462287,3350569238.854632,3159956702.3798485,1841189108.9199362,3521228484.2260504,3705860341.701028,1697015313.760748,4935027711.787579,1661903910.3738708,1803263881.741083,2829858838.765805,4806556502.431192,4957792570.772074,2670029459.125022,2548024083.318548,4979034872.038175,2003952301.979262,4952791245.359624,2320838390.3751884,3357407769.960834,2041612081.2109563
3240552328.9128346,2143917778.8088756,2970924348.4015646,9227744464.344143,5292300995.305535,3341659290.8730316,3119812660.3212705,1836778297.949651,3512113416.2502503,3689411235.9752464,1678230421.8193212,4919749347.98924,1646294969.2352083,1784263379.805059,2823428825.902364,4799047692.688916,4930190050.367153,2665035228.3278303,2506602898.5693283,4963423070.76108,1996794519.8398907,4936046077.555387,2273980359.084436,3343593959.159688,2038787520.433999
3229001528.199379,2133524785.56244,2942129691.0905995,9224236546.687283,5239679969.751972,3326487067.250133,3063669159.2500777,1831827154.8511882,3506334373.857663,3676783421.091356,1657880922.1638784,4914892712.057749,1640774585.1315851,1771347317.6560202,2811893084.621638,4796651084.145739,4850911950.689343,2642515762.0023594,2484991200.6632857,4957436046.163908,1987324427.5517912,4923907634.922523,2253355106.3918614,3319997239.321293,2033337425.1431134
3217065323.19018,2124153177.3319468,2896657530.9683514,9198951268.436102,5209865099.671284,3283654967.409075,3041252352.3639083,1827877709.2907553,3487362192.167019,3661233729.5699396,1626030692.976248,4674475528.34756,1635189582.6266444,1753344467.3033679,2807270808.393045,4748616275.662046,4821472946.192458,2589310460.4103994,2462690728.2054987,4954850298.758801,1983772915.7011793,4913323109.491257,2235240030.2443066,3310984896.900714,2025115082.866333
3203942472.6625557,2107536735.2958643,2882087635.4890356,9184384184.290058,5189919326.716811,3265578453.5511255,3030010156.9910703,1812177653.9598691,3460786964.7754564,3641460747.4179068,1618157309.8644438,4591014183.763899,1603942258.3134046,1740069787.8626304,2798206831.850959,4731508106.163965,4787902951.429827,2577019907.8620687,2460231601.2707524,4952169014.566505,1954999528.182525,4893142818.010872,2219550394.741287,3293007124.63638,2007860816.6364844
3189898816.0427074,2097231599.0109,2875874324.0448127,9150055698.258354,5138049597.649526,3247483058.4323783,3013815873.307185,1809415466.8842232,3445957744.438962,3617482700.5204134,1587427523.8440747,4525031578.504845,1593702486.3249798,1730283284.416449,2792201485.3121057,4699460746.54627,4741845554.924728,2572671954.014661,2415311330.8738747,4948914135.034401,1935798018.9613879,4869386666.54647,2200211158.18432,3275894554.188057,1989874066.6307957
3178467303.2417183,2088916630.6712399,2866908252.498882,9132076787.336153,5117524306.643234,3221969241.6835337,2995809822.879225,1807049608.421904,3402863479.449356,3594253992.242175,1574817769.9872494,4489784540.856512,1579595936.9563572,1701537412.8377366,2785528985.5738907,4663528041.457026,4632932085.821527,2557985019.486734,2358896375.332653,4928581823.532282,1907360359.4250307,4860737925.03741,2169153409.0856323,3253255610.5018635,1977972595.7626176
3178467303.2417183,2068722932.3697057,2861201071.6253004,9087352716.768742,5101387015.587351,3194250168.198867,2987850009.459021,1802643632.3657947,3396352877.2629833,3583781259.58005,1542642373.7351093,4453283238.519312,1549403091.4293523,1660472293.1473293,2779787155.853011,4620745698.348473,4579052587.6464615,2557985019.486734,2337629734.9369926,4921815036.728389,1899605914.0508087,4852539385.422263,2147445597.8233953,3239553987.5809126,1967279611.3246274
3173855727.6006966,1988308753.8166962,2857690732.763092,9087213150.46152,5098965529.8127365,3162148616.666662,2973777793.348262,1798878945.449926,3347102403.4134607,3566453749.905079,1501263172.8799868,4312400020.800433,1523117419.6357837,1628944430.922068,2773921454.072511,4597099260.990353,4474486043.725389,2538914464.48701,2323651006.2680073,4905858330.265237,1892962060.133616,4831877085.278146,2136658878.9862156,3229316089.580878,1955078591.076448
3168342248.961193,1976704787.810225,2853568824.4300246,9085963247.776335,5096655522.163419,3152535896.082821,2940300305.1463084,1795688092.1104784,3337121055.894696,3547413382.382725,1474992075.1453245,4300287093.29477,1503039908.7752142,1610139038.5096836,2771031609.333869,4578415391.755173,4417743649.245464,2526829595.523625,2250555945.479358,4898368293.359494,1883375361.627024,4830094478.994496,2130894473.419805,3213757665.5750747,1929292634.4083061
3162459709.038871,1948221841.1745844,2841649831.7571516,9065359007.295742,5095587949.508193,3143461274.04421,2922927904.4672875,1794097482.1344912,3290065928.680433,3538140513.7650423,1455369387.5691059,4257748450.3950915,1495349884.1116853,1580787455.0637393,2767593470.2797246,4558856878.863277,4379535555.455936,2511196265.548365,2207514966.351141,4880288327.630571,1869616595.8525438,4803911212.723063,2120561375.972113,3208640005.1502905,1907790536.0846486
3154938492.166286,1932315014.856881,2829611673.0853424,9061848174.041168,5095028339.963045,3138484687.846284,2918068217.2921524,1791332150.478496,3230939518.1285396,3513078950.188034,1443398254.7990084,4238945011.9721932,1464211620.956818,1564919822.0567613,2762831138.5267158,4535134098.307951,4359311169.783476,2504995208.609063,2174829502.8507867,4867131531.564233,1827036088.4367304,4789702052.309086,2097398008.1469142,3201510548.9507732,1896269228.4989815
3148089889.886487,1898201508.5028465,2763660380.5896926,8901011174.707111,5091857319.922664,3072124579.202382,2909839484.244538,1790073988.73814,3213283944.761041,3495629587.2185335,1434741499.4697812,4149555505.9406714,1455640849.3775692,1554133053.6937804,2759784921.806504,4494708299.783384,4305718456.525855,2488595632.4633307,2108175816.5171056,4855708661.62361,1805564862.4321947,4738763637.687443,2080752788.6534433,3175878724.472727,1892190489.8639793
3139371799.7586703,1882645820.134097,2718430988.516569,8822107376.513535,5069836088.586974,3067706227.960389,2895111135.746603,1778360474.5869489,3202971350.269829,3474284107.218481,1430210055.8302245,4135034712.3899345,1449081353.622581,1525960537.1997013,2739938605.499834,4455507713.200222,4098666835.017262,2474757192.456911,1922165529.1758924,4832844068.526384,1769143249.3117406,4709796792.641389,2069395986.8049183,3166898301.2111483,1881516153.5636196
3135531026.0246844,1875803104.7578022,2691292637.9056087,8808300611.173431,5049182409.747196,3056930455.270751,2883604776.8365135,1773984906.8993013,3192594543.7248054,3458825262.1268387,1397866883.9225287,4110353487.2200217,1436985589.0508406,1495693281.7184644,2731360219.4320774,4439030104.592775,4075638066.7832837,2473577209.2660832,1885043717.944668,4823016219.584111,1753602666.2589092,4689252870.827264,2061437332.3135536,3163252619.0331993,1868719647.5982776
3123949861.128299,1857025926.8074772,2657906148.0923195,8804049303.583624,5021142772.584141,3053557773.796547,2881566534.4405746,1759513360.7600584,3177139318.699213,3452396535.860523,1347827486.882561,4082814269.0958657,1431703444.5267997,1484438803.500761,2725193175.2771664,4401762007.610291,4044960594.603403,2463755929.914125,1870477502.2430677,4790285751.571623,1730208665.7698631,4640631006.373607,2029225498.8292668,3156924220.9106092,1862501991.3377125
3116077614.5774546,1848425894.4116652,2645010536.686328,8737410815.07273,4994144596.363558,3052496219.6897354,2860249911.327758,1749809059.0527077,3132936756.422487,3447981142.54383,1326521873.5415068,4067090351.7712164,1429393352.5534544,1469113832.1688929,2714673044.9480042,4360260297.057352,3993918869.2318306,2454613605.901291,1849624896.889909,4758500671.421431,1693921455.2755537,4621241767.854089,1987811916.5834146,3152381742.7300224,1845904327.6384382
3111802973.8773403,1830701577.4407783,2585224791.578102,8644295097.467663,4981041405.092413,3050614345.2473774,2833346990.534238,1729106247.2059176,3121617027.6052094,3440388349.3970346,1301810507.0059857,4027165034.2555857,1425794591.7521129,1445665825.379127,2704399096.8060856,4351279274.088776,3971187368.1887007,2451859884.6477547,1835104990.8103385,4740487646.457125,1663420104.5461693,4587212889.570925,1976670721.7971663,3136921134.766161,1835888158.531838
3104667713.111428,1821361749.7584994,2575451870.929133,8588210861.842955,4970773696.575163,3035307706.140643,2827202604.063551,1694674828.1746294,3116131285.7875385,3434458579.0841246,1280476513.393209,4007287389.6940985,1418659532.763219,1436724756.3178492,2683659083.7895107,4345536863.639226,3938953170.445122,2448073744.573075,1800803908.91166,4731388286.201862,1646615406.6679173,4536610357.241827,1956122901.8952534,3120482017.505287,1824275859.2508345
3092684909.208748,1817704666.7407753,2560488798.2425256,8555779494.427774,4930189966.36465,2989208620.287406,2809250499.808663,1675474131.909236,3115260062.5864167,3422183661.290951,1245759330.084023,3971880070.452509,1416906907.4586873,1422234991.5237966,2660803525.4199314,4339191900.398861,3923900814.78828,2445586421.711376,1779845692.8108082,4715577496.272422,1644739858.1497884,4504291460.380266,1939685885.7532632,3106228801.1246934,1809381887.9400895
3082409526.1084194,1814560736.7857318,2548581194.083634,8506880200.772149,4916504377.838427,2981606031.2325954,2800871067.3552866,1668919446.4927154,3083614601.1709914,3414343065.542549,1213811035.331882,3964434595.0435863,1408642279.229807,1397075170.7030482,2621518164.0544405,4322932454.091758,3905418346.2438726,2432196343.407891,1759483497.7770915,4680320708.354522,1638920274.824123,4447746802.710643,1930404818.3798673,3097877624.120255,1807533856.6248085
3076222033.472536,1813624241.631321,2535623941.549749,8480390625.138515,4907741681.270654,2964399070.7926607,2777981770.3866787,1665118981.433147,3083614601.1709914,3407651857.2279196,1192434177.977863,3962619199.076869,1404040716.448784,1389413582.7095766,2575106302.538993,4279836256.433668,3885383281.2014046,2425506256.6508255,1703094905.9939122,4666944578.773319,1638920274.824123,4397752076.7802515,1925275449.0642247,3084638321.1655226,1806837531.9900799
3060980498.329465,1808810652.6452746,2533893530.0820265,8358386571.703211,4880435308.055958,2957476054.8773847,2756420686.1213055,1663791386.771008,3078895826.149526,3401440668.42155,1181109000.0508223,3940121080.7158494,1401171846.6576698,1358583918.6609497,2538038546.435796,4260878798.1322093,3875071410.79203,2419417726.6671095,1680791864.014904,4616122875.753106,1624341921.1313882,4355616897.974029,1918575155.476762,3073318589.9285617,1806526620.6656923
3050468605.335525,1804277364.464888,2527033834.7632284,8276244821.511044,4866036357.966736,2928846069.1404185,2710563458.4554114,1663288489.1786919,3076703115.42889,3398488685.034384,1172876769.628611,3751289335.569683,1399847688.893648,1348686197.6004617,2499162154.4333067,4228084406.5854783,3854693882.328955,2416790169.829558,1669244810.4394455,4593061436.241392,1612866007.4336467,4304561084.055638,1917038816.4126484,2649022886.077476,1741353818.4353242
3047444831.751316,1801458914.8545375,2515381173.5022306,8192494430.907173,4859930280.650015,2910603981.3159685,2673062579.248137,1663207199.3640976,3074987762.437884,3393008574.2344427,1168955257.9427576,3734410788.417156,1397062653.4732487,1332404247.6819782,2474860216.500643,4207119521.4450912,3847912664.753972,2413724680.1130986,1653341739.1260002,4589072297.622803,1612089926.8128724,4283480223.9724865,1915459048.3287978,2616570373.3291492,1729426259.8264055
3035966299.294681,1797909992.919836,2487010053.9479175,8126607634.244739,4829812099.640248,2881829907.320773,2611491480.8840065,1654760523.6388903,3069241195.758952,3390222903.303194,1152048591.3515105,3714957498.325268,1394492263.544285,1322465329.1453514,2468166972.320387,4168388370.5887737,3839828828.902726,2410455232.0505104,1642201522.808753,4574245741.606829,1600223300.6370068,4130045273.816184,1914056341.0213165,2580568595.151095,1718589220.8314989
3029184340.062481,1794856131.8984306,2470774896.537741,8024259291.416409,4807171137.747438,2872205495.042026,2556510235.4617534,1632017133.3286965,3068074281.208704,3387152708.413965,1141809048.461706,3694658582.07388,1394037787.752872,1310443456.3013813,2361512064.1447744,4136887580.8036027,3828109406.0198736,2406097303.241702,1612910752.4627514,4548847045.797629,1572706636.7190478,3909206693.321135,1913911993.0359702,2554359821.7843046,1706867576.8993442
3023839629.309466,1793594575.4610844,2458232923.067315,7962584372.582677,4803074172.460196,2848478891.5072474,2511340339.944023,1595953496.50649,3058752709.400361,3384991394.7649918,1120792121.1153219,3667961490.3955894,1391747503.7265456,1286606696.8123364,2347505106.698684,4097273071.3299236,3818876472.5343037,2345778238.1547656,1584195459.4002986,4503475937.870018,1567641738.7045577,3662384042.862139,1913207424.4133215,2535830831.6399827,1695213644.1959786
3015615844.6951537,1789666899.4999902,2445907945.426386,7804940431.289257,4764513361.05095,2831585827.663168,2485252376.3459873,1552998298.9336739,3054214673.8151674,3292690526.74738,1113882847.9380145,3643858405.6431456,1389048282.9242337,1233094829.5718267,2298775462.412556,4077197617.22993,3809663463.819615,2305969577.5990033,1580135113.7462397,4489362482.395941,1566529278.6165981,3456393056.5535297,1867996531.8985536,2498717012.9516344,1689908910.9503632
3003145470.7040377,1777964734.3760867,2412813239.303161,7755799040.604515,4727464803.977901,2802443655.574091,2466668607.5506735,1537170409.9826465,3049352407.2699995,3215714167.2322464,1101476812.637497,3621839425.9514756,1384608080.0198574,1232899901.9704971,2293179423.765838,4031060992.8297324,3805017531.8746853,2305458672.195545,1568323963.664719,4426574959.278869,1564717798.0154035,3258175422.729536,1848590228.5322406,2476027380.119263,1672628260.2621176
2991265966.0751095,1770178381.5551167,2392389292.165163,7681782112.062227,4702227361.713021,2789679063.9157743,2464526885.9680405,1506095299.595773,3044267115.5851727,3204202595.9847937,1053516468.9650607,3590622100.1844006,1380952330.7051225,1216248180.5294642,2279564627.8336096,4005164564.2646656,3777838389.345318,2301849250.739891,1463894981.7928724,4384790518.621087,1562951972.8923876,3101558246.6385612,1826053623.1762338,2453956186.585727,1657478141.4898903
2986055273.2361374,1740623289.5299327,2373681805.560672,7532522440.828886,4694494215.422199,2761608079.3750477,2447748218.2428856,1471238450.7096527,3040820003.9286613,3180948116.768603,1024113292.6189454,3578123347.719022,1378669354.919398,1213370094.8709095,2276429898.802628,3971883143.5379734,3702492314.779539,2300325108.908819,1421451102.839598,4357585307.850838,1562042512.49428,3096461069.769073,1819031495.167959,2435233301.918815,1642104084.1811862
2914610034.4576464,1728971984.4862442,2354085512.4807243,7504984229.489087,4622946370.531485,2743927331.8786182,2440176478.1384587,1457069928.4362025,3031044879.484952,3163547549.416292,1011258356.5939275,3562896023.538364,1375464319.6507287,1211191157.7903967,2273691504.671976,3913337810.937585,3672108563.6793776,2295772268.533472,1415853613.772811,4269472708.4689503,1561407335.355687,2948611828.951768,1816980255.5502477,2407219877.0217843,1626475357.4485388
2905427977.541492,1725587558.695193,2306203060.606597,7490366996.748554,4589424830.402452,2722908042.334612,2435010971.0918846,1424044222.7389991,3016952807.3575106,3141429560.035385,1000867972.610347,3525613227.310767,1370998107.858662,1207256310.995245,2272695694.499653,3889493472.321619,3634780163.955352,2281193977.7709827,1402560625.4496133,4236319713.0058317,1559245775.3943899,2895722584.4771194,1792477116.8294134,2366700458.4507284,1584376119.3531039
2901393456.6556168,1710654026.430065,2277523230.4454427,7465370005.349117,4578512991.074238,2694498973.9796124,2432546123.017849,1371784987.9139166,3001943451.7521253,3120977138.1839128,983041874.9674865,3513923559.0531435,1367068562.421152,1203263828.0641625,2271941040.586664,3849027545.3126545,3601412643.1896944,2275304046.9799304,1395552849.7583833,4206187563.4582477,1558555472.672658,2870849179.914997,1781015322.9886153,2345878003.0686154,1543116809.54348
2590192894.8945084,1708712870.115994,2250389600.5040436,7431334987.171427,4557024219.620351,2683920425.704815,2426993253.522952,1364500923.0390768,2990035185.091172,3068156196.0408,967152966.5255244,3488669900.7942214,1361368878.5073416,1199158316.2989388,2268967708.3785954,3823097710.546067,3582291942.8946133,2272252712.9989414,1393042545.0138125,4190378793.0822096,1556547259.2898421,2862965419.9207687,1773885944.2465892,2319096999.2849784,1529896305.7727675
2505135957.959856,1699171371.7698336,2157803631.4844756,7394534570.92669,4497360813.489123,2677276707.9003067,2423955855.9571934,1349464355.3006918,2977233654.1971593,3046109263.0258465,947413878.4352579,3455099521.142691,1356402089.4078612,1198488679.0542476,2261469901.4118366,3801885021.289762,3501596187.509279,2263443751.7947116,1388910358.6536553,4158756503.290712,1522815214.74304,2845992746.4226985,1772615322.6792655,2283289670.3185945,1526505133.7892632
2439236287.316669,1692635384.445296,2134984297.8132873,7346252233.159804,4452003012.072734,2617962882.9704,2413336161.863964,1346204595.5652318,2962573808.757497,3014066767.2430525,924105284.3665683,3431001942.9480877,1352475768.0429418,1197763917.172941,2190913149.2860584,3765026924.40319,3486161310.7286177,2254309396.286785,1383157934.1349475,4130434422.49312,1507557477.5674353,2828681903.527821,1768205866.0320628,2231530223.871319,1517657731.0767417
2370747327.9427166,1684476909.1450715,2114785798.5169194,7318896767.230989,4432067328.239862,2577357389.0501013,2405266438.755571,1341005425.037454,2945041987.706543,2963621125.9146876,915050767.7221978,3419350657.5395045,1343535245.3828995,1193991522.484992,2173733177.46204,3722138799.8285766,3475418934.9403925,2247804972.656888,1376459023.243226,4082120644.7766705,1499229992.6605225,2812892223.7166,1750042083.9937816,2203374865.806782,1489773353.3911767
2350709715.3099837,1681996634.226739,2107835607.7249644,7229989498.295929,4386913766.352823,2572055105.754423,2395960066.5085354,1339420528.1430078,2933403559.700598,2909676363.446459,910670075.1273394,3339044658.5050497,1340161251.2334805,1191097489.7175765,2143572656.590794,3682712798.3804717,3471875223.666588,2242741288.358109,1367702378.6848173,4043582403.722848,1495200625.702686,2803959476.7973523,1736130975.8518927,2182714432.840224,1472121217.2313952
2311535519.72635,1679836039.4277296,2101672298.8136878,7158779011.37512,4371455175.28221,2550708443.564932,2085844732.8895888,1338448817.631899,2879758340.9360723,2878464451.8846483,904458795.4933723,3314492122.827773,1335397657.90738,1174253817.1529086,2125680293.2030096,3653801816.7313824,3462923932.576816,2233999996.7620697,1365091256.1377516,4038354202.012021,1491438284.168779,2782824992.258833,1723468270.3113704,2155096786.2186804,1471472779.2281528
2279372351.9333463,1677208841.1441185,2069553224.5637507,7128018067.688996,4325630717.662635,2549477915.6118193,1976400166.553408,1326942635.8977118,2839755367.3181834,2849803670.7872415,897546929.9670177,3287583739.235655,1332844192.9685073,1138699257.1646876,2117097310.736126,3619410448.2325,3452388479.7183146,2223699420.6693487,1359717276.9818845,4016080312.2550793,1460619944.0512502,2750073390.6981196,1707642563.858529,2128524693.883028,1463076562.4368968
2197452949.385097,1661858691.8502724,2035948759.1744373,7095754404.953121,4275062368.5041766,2539645877.4424486,1931484296.7888765,1319615194.043529,2809389878.1095896,2735368347.8667994,895394098.9090471,3234544914.937916,1332429942.762848,1125996013.871541,2096459898.4326212,3596559557.5549335,3449332717.0849113,2216298214.5534806,1349040424.3178678,4005959783.0550117,1447723834.8240025,2728318281.935504,1703325959.7916458,2091351667.3508983,1461173032.7499182
2132500449.1764855,1660524911.6189373,1998896651.5922558,7033155127.795858,4201868137.5043135,2520651972.716114,1909249156.275608,1303378613.4463732,2765432870.9942045,2700169071.195753,893857699.913414,3134983129.1359754,1331979689.7824688,1119382215.5965998,2082916382.988902,3568375349.4531326,3442311581.522788,2203995431.7945695,1344057593.9096923,3997243274.0784206,1430109007.7437363,2714802514.1503963,1697406440.2687142,2058572485.288354,1459158049.8072574
2110194085.0482578,1656757876.5112605,1968274610.3816779,6979292550.647818,4180831880.4499063,2506530046.7090034,1840365754.76882,1292363753.0852427,2734354727.9789143,2688517392.226023,891777866.0220802,3125409955.6467376,1331349086.1815562,1107768800.5900369,2077127945.2808087,3503689763.58525,3434339938.2367444,2199647235.416894,1340855169.215004,3986905209.1652365,1423223330.7827365,2699000169.4783187,1688855613.1482632,2047939513.0876517,1458485908.7074094
2102970407.7720394,1653848481.8535635,1950464563.628029,6926232335.661157,4154951976.041806,2491077215.2170596,1813153989.2478125,1287020400.3646836,2698510958.042339,2667966621.947449,889602606.019878,3117161579.253512,1329949895.6677547,1095996573.5425987,2067119009.5414553,3468007178.112208,3429439894.4141126,2195555960.5237336,1337644775.385851,3974659710.1444216,1411258932.9721615,2691258625.2993507,1686885456.9787874,2038555967.250444,1458096928.1176095
2095856690.720284,1650623388.6380072,1929870580.8394547,6914268169.325883,4122965435.420623,2377552098.6518884,1792252342.7403116,1271667978.464477,2696761189.0548434,2656243192.459925,886258072.88054,3086923388.596402,1328523666.148528,1089776513.9980936,2044918584.219195,3461471405.456568,3296321706.974567,2193147347.6465735,1335437481.2176652,3965034843.3544846,1398388068.2009256,2681699905.5383654,1682958537.4644601,2025656577.2195156,1457420802.8204699
2067248111.198192,1645883313.124974,1918813386.8758419,6840752855.902113,4102304380.1238256,2300437461.1256495,1761085369.3591263,1260957581.1773288,2672587669.781348,2651092222.990373,882868128.0703361,3071660232.5881395,1327279951.1762345,1077742939.5974784,2017405806.6301947,3439885590.812522,3272649423.252606,2174796768.079771,1325854310.3107026,3949921349.515823,1384008967.420268,2459994140.059221,1681243271.0835757,2011619772.514555,1445534593.605097
2056128051.461554,1643767397.9040878,1902366608.821782,6771789955.890365,4086391164.171936,2267461186.1511326,1756841325.7137125,1253461322.6294127,2669699249.0574775,2645987001.419045,880169259.6994373,3029955774.1986322,1316287573.5667534,1071797340.7550782,2011047592.853383,3417888726.859271,3223850474.827008,2157183444.3244276,1320920063.9892197,3943528064.2963758,1367956226.0105357,2446853699.43703,1679554978.3046832,1993134106.5523574,1434794821.3645828
2040989257.5436044,1640448677.1029792,1880670550.027339,6745481800.809652,4069719099.028351,2211226413.477397,1724538166.7523274,1250501102.2481508,2661849843.6281095,2600744135.804608,877789806.4765815,3016310527.3438225,1288297978.2604496,1067943087.9629452,1985467517.9325273,3378713426.8381596,3162640424.234318,2147553243.677561,1307045413.0389304,3938450759.1544385,1331028145.0021698,2445322747.597246,1671311144.2631102,1982699518.869346,1425557320.912605
2026488598.7421155,1638060790.3891964,1863178670.3906372,6730758638.9464855,4037133207.2336903,2197373054.6747794,1696687110.8476653,1242627052.5442445,2660096636.508082,2574090036.395808,874050597.0842416,3001213207.727597,1279601059.5321875,1061915843.613094,1969481042.7818847,3352489386.0554223,3141661813.0670147,2145875495.9079201,1301291484.5774498,3933021293.6566086,1316488602.7890244,2431074386.996346,1671307746.7488036,1971890256.197702,1421355713.8087904
2021190080.5111117,1635067186.7085464,1814787030.213321,6712398578.508884,4022045469.2160807,2176770085.0038285,1672662461.5073702,1238078580.746026,2655900064.34927,2558761998.9303617,868270064.8507411,2987271384.2589226,1267779673.8263001,1058901317.9769819,1958095160.019898,3341502762.772847,3127198473.8779674,2142518704.2415295,1293762976.9764907,3918129272.6082525,1300447232.8503141,2412229482.5746355,1668119683.6785572,1909350782.4798417,1416087660.2664213
1987343951.7674103,1632399884.8981023,1748758190.1336923,6593056248.830506,4008041786.005211,2168639077.937416,1636134985.5656033,1230830881.6245449,2653223590.7257137,2534020677.225205,859787984.9079053,2977740796.0073705,1260129585.6383646,1057166825.8522283,1949558606.5857487,3311667385.1185374,3109969982.7706246,2142058015.673893,1285824137.6566002,3914052374.1507015,1290751019.203808,2393747939.182481,1663568755.0229964,1900228711.6728523,1411122821.315828
1980130374.6312447,1628004606.975021,1691149297.7196667,6560672574.245301,4001235527.945504,2156917787.129881,1609505588.8395205,1220124289.6630867,2651215717.262753,2332572026.533368,852276214.5324826,2961150503.775568,1250464957.389855,1051711992.0133249,1947294266.2330813,3299589220.3565125,3077624340.1400957,2141707661.3813853,1280219505.0929008,3907713315.058296,1261948599.5203402,2388483495.385939,1658768899.0183046,1894316166.2052803,1409331473.126499
1976041486.7257137,1623840614.72819,1641397720.5478585,6533703225.579023,3998697461.149824,2143526250.8290133,1584031811.3213155,1217956910.1807601,2649224491.069625,2301796613.3513784,848149829.2106271,2955511951.2196407,1240113379.9650424,1048646956.956651,1942632280.9351652,3271123828.964466,2948523252.5198174,2111738497.0119758,1273782608.5329077,3894059882.777199,1228021355.8654394,2382353220.5292206,1643792412.8012831,1890806323.9381225,1407128877.267038
1965902742.7430081,1615658025.6508803,1625974466.973394,6517440740.841944,3994384815.9436975,2134725845.8483078,1547117139.9555151,1217697407.8436682,2647990714.1241336,2267225680.1191783,845592695.2130201,2948278027.28044,1235118899.2500067,1043442772.6661847,1934636095.0351408,3250683780.087749,2942916967.063933,2109913543.566865,1272966844.0962744,3867861664.908311,1201178618.5412133,2378946932.048156,1639960901.9624848,1889440636.2228663,1406130815.434024
1963045215.999628,1607597072.022539,1606214735.315647,6493827629.9016,3961233830.469099,2128575993.319624,1498548124.9869525,1217316065.6329188,2645277470.1043544,2231840637.61048,841162247.6893883,2939500320.878805,1222711719.9950035,1009806244.8724102,1923523511.7926676,3209636808.015117,2928777226.9467745,2102361556.498946,1272280040.2954054,3860560185.865709,1164905361.3295803,2362371988.1690025,1617720621.8019986,1881864177.339668,1403347809.0985289
1948201642.4890122,1601690101.336471,1549943083.743538,6318126727.455558,3885731258.400427,2113618135.1599703,1453308342.8678336,1212961674.892974,2641539275.543058,2201955341.2736225,824719615.8522868,2918450030.308655,1207824504.875414,986005860.2679005,1922764344.1457677,3196925868.2020683,2920123109.350068,2100000409.4537048,1271820688.3228126,3856099779.5082383,1129577582.037476,2334047252.738597,1605085622.8138304,1873614121.2669685,1400919705.5904832
1938147409.417758,1596683058.8707116,1544467319.3919685,6242500572.013816,3793964160.83158,2098430625.16687,1410663725.3134751,1202128874.616965,2639467428.8789897,2187237219.628682,820247069.9988269,2911634323.5750093,1187839340.8494003,984698622.2994654,1904247919.9638808,3178708433.2954264,2913551170.1532073,2086777128.049334,1263020551.7183824,3848553707.018381,1120140946.536253,2323746190.813602,1596873121.5236528,1870560901.6202285,1399586994.0300279
1924584892.7082074,1584435808.893948,1525367652.940761,6214417234.207275,3744004620.3657084,2094030725.063449,1375538231.266046,1199009625.7876928,2636454181.5755033,2161623807.2211714,817268466.3297143,2903637949.9395967,1176469359.5522645,980054346.6148043,1897541366.4582527,3154879706.215867,2904680202.592425,2080497673.4917684,1253564695.1946325,3843658190.123458,1112922445.2322276,2269250729.256802,1585444731.7436786,1866996862.5190277,1396195452.0922675
1911193041.5552173,1579736888.8266535,1501696426.1898344,6161063995.503891,3719516622.9445343,2079065693.8574438,1351955983.407319,1192817392.7044287,2633483181.7448,2142581866.0717592,811584420.9066906,2893251593.358929,1154346065.132059,975592620.5187424,1886204439.3696325,3136005045.8267374,2896519239.398708,2071790161.0852337,1242286239.2603228,3838571967.850279,1098986151.8090692,2252252298.648065,1573562834.563681,1864097918.363644,1390683559.2248383
1885449930.2223494,1572122815.209735,1454321198.4274402,6132946566.422974,3698182338.833044,2070315709.9880862,1323807348.8854852,1187491486.8317323,2631133573.223574,2126338832.4126153,810316581.9888201,2885429152.2152443,1132530840.3103623,965788603.5403289,1872299893.7032673,3098901064.7314396,2890352483.2306776,2065622405.908285,1231323617.2847683,3836669400.8410883,1091974927.138378,2223172319.1824684,1558227336.813522,1856375421.8162696,1388876973.7082157
1852344905.1114736,1563136042.1621575,1436200234.4702752,6125090431.561534,3670163721.0155315,2061060321.687511,1314795803.0861652,1184667085.932889,2629508725.715393,2116334538.8911204,809144420.4331791,2876097855.9345937,1123430797.5471933,945141008.9612012,1849867404.9234624,3082310844.71104,2883292723.361946,2051565464.417653,1219799925.2288482,3831636771.890977,1091084385.1129234,2213790373.675645,1550040643.6096244,1850588839.0600593,1383615559.6263294
1823493229.724513,1547640954.0504284,1419211778.2938147,6071295813.842172,3634068196.739923,2030975808.636279,1306543155.725737,1183331771.273969,2624663436.4326673,2088446874.684679,803165624.8874693,2871459161.604236,1105623207.9593494,930522892.6009547,1832510204.899956,3060202277.16306,2875777662.67243,2043691980.3693182,1216023912.6606293,3824958262.120158,1087002144.9693036,2190783125.145894,1545352108.3163955,1847283982.3084192,1366694696.9664958
1814620005.0804834,1535083826.2558627,1412294493.1712859,6054611915.634881,3614559400.7490993,2015672895.719253,1299397957.363253,1182674180.106898,2621621531.797406,2075753989.3971946,798817330.0694674,2869020627.761454,1069294517.0850174,909030833.0293914,1800291008.5991971,3044867669.7580805,2861188397.8505144,2041210637.97842,1208710171.0790763,3801199370.010126,1082744323.4317095,2176371451.234409,1532274211.7973914,1840105121.7832437,1358210641.9211392
1804334747.8016477,1516757823.128039,1378715598.4056842,6044736870.800387,3578358470.18075,2005976149.6914926,1291018793.205377,1181630115.1722763,2619161500.127962,2041256562.6408503,796509136.8540187,2860852616.4948344,1061481486.0195936,901439754.8068022,1770203418.1028886,3028358233.3820505,2855593603.0023623,2034131289.1312547,1188963239.1710982,3782856601.8847075,1078913137.5266705,2155275110.272798,1519595647.9972103,1833728179.7558188,1348462257.3439093
1795532744.4793885,1509776984.318741,1349777240.9718602,6023519770.1610365,3548215271.5708055,1982718756.117733,1287166994.0825806,1135821194.2541277,2616073020.261295,2021961055.222512,785787552.7074552,2843538757.483795,1056642235.0758004,894306422.7335205,1754733174.2529287,3014819472.081679,2830629846.131152,2024363060.2951355,1155267992.8135018,3766868516.8334184,1071923436.30902,2138353877.4545016,1513041822.7834249,1827659729.4872766,1343469982.9418983
1788103513.7082555,1501059227.1490343,1330183611.1247191,6009431800.713665,3522135137.7038374,1978092171.3030581,1276154424.0141554,1115870267.422116,2524501662.0510607,2008928097.6825955,774293690.9990785,2837361060.5020695,1050748919.8356314,869447808.0142398,1687770354.738301,3006978837.0532484,2825992558.643856,2023694376.4506125,1144484987.4768033,3756384097.462905,1067026190.2397349,2107031580.9682052,1503547860.985643,1806134502.202747,1330878990.7404864
1783218888.34019,1488704875.651,1312235915.9339294,6000883381.076397,3447481251.078042,1976145268.2312684,1274219135.6309128,1110913907.1871731,2485136151.8212204,2001407910.506236,765635168.148215,2834387723.465195,1040210914.3943241,850813042.7765708,1666467810.6380806,2995267937.441847,2810998502.1745667,2020340553.4319563,1121591983.1112218,3740617532.6128902,1064901249.1441181,2075769186.2523909,1501001828.7770822,1803091182.294742,1318712925.0113645
1779819827.1304333,1392543790.5869598,1304505947.619239,5984604655.236093,3420128279.9875116,1965202538.5911517,1255883081.8865995,1105753524.0735373,2482860290.744713,1992236881.7651212,760412401.5534573,2829801680.691329,1034827506.5502516,846999654.8068041,1648566021.362725,2972055630.9045177,2805833750.72084,2013344723.7457757,1108983183.7330337,3735255791.412656,1063727379.9961383,2058253823.4404125,1500126165.8976507,1801427433.0198345,1315478308.4493284
1775677128.0680885,1305502102.6134176,1296736032.520822,5978066155.882502,3384745524.0726366,1962136311.3270116,1244584706.3359933,1099162989.6531456,2466631556.467679,1982984014.9362345,755888945.7886479,2819779525.443848,1024378212.3582894,843131766.7430136,1640033021.681873,2961800215.8966966,2795482212.455401,2011522675.5140333,1105900143.6999648,3731473857.866453,1058501676.1275073,2035014405.8815603,1496752934.5144603,1800463542.920187,1302618851.4601557
1773495591.31219,1299640038.0195444,1292872933.2576406,5969337529.051687,3349540099.323531,1957089281.7211046,1239808555.087274,1089182088.6547217,2463386031.8865833,1969455152.2704782,750477965.5888872,2817891673.228731,1006964614.0763394,841982589.6617156,1632252925.7551472,2952907386.784846,2783138374.2327404,2009422854.2208292,1104149262.2957757,3724650794.5102067,1036095445.5972853,2013322792.3239632,1483846747.3861191,1799113989.256686,1296781993.9297714
1769670111.067708,1285925953.4100194,1276471180.233926,5963790603.595055,3301305388.8894587,1951675468.623441,1235436280.2730293,1086689277.9261065,2460906863.9581265,1964666183.7149634,745270871.3576165,2816037432.162686,998393713.8247503,841629390.3757558,1628700024.9033818,2950265405.933573,2775704739.3506546,2007689510.043118,1097400779.1281595,3721093356.0745473,966505774.0345508,2003695523.2791276,1480818106.744256,1795266082.1568632,1283458635.242464
1762415603.11195,1279442315.6917186,1253751993.0346794,5955869180.066144,3251395430.7632675,1939900836.5611105,1229378370.0273628,1080426758.9120526,2460070391.812156,1956878742.070065,741302078.528339,2813816957.040293,980637042.6830387,840282189.4559114,1623502825.674193,2941416900.6208525,2764170863.0580034,2007161157.8205152,1082124997.5704732,3713425105.4525685,966505774.0345508,1969829064.1340966,1473249500.9777946,1792960958.7439506,1275146821.0690007
1755408755.1476684,1257569927.5926151,1228410433.2789602,5929399700.251024,3217380106.504173,1921751349.3766408,1221144886.3811662,1064678569.7003756,2457098580.978941,1929206929.1327033,735744932.6047422,2811969923.595925,966850671.4258653,839876209.7891448,1619532012.919184,2928759393.6164947,2753769088.7840176,2004004816.2008972,1079321404.0590496,3706625475.9214654,964824555.3340895,1940360474.4896498,1464325511.7736893,1789238820.2071545,1273655080.3091667
1750356429.971572,1242217482.658804,1212072935.8830435,5805943816.99262,3198726477.4715805,1910387205.049982,1213741499.595407,1060767417.6173589,2454989774.4112015,1921344907.5718274,728957178.8583351,2807449902.11657,957820799.0280166,839353468.9682021,1614133790.4255693,2919864222.221585,2742498456.5226445,2002486758.599174,1073152944.3286406,3654095269.3154716,959793153.1102259,1930015783.777759,1453664577.130679,1785636578.4792457,1272337669.6194572
1745623894.3559043,1219601220.9885259,1205594668.4380586,5766826133.273875,3173733733.2369013,1900212926.870922,1200727554.7608027,1058233881.2206421,2452901702.8675756,1905548191.2713456,725166678.8991544,2683064934.2825108,942568951.6308633,838860533.8724941,1611295339.721727,2914172867.1494837,2734947247.6915774,2001437620.4658315,1034693989.4617321,3610684607.736048,958461768.6888077,1923813617.0491781,1441165940.4792304,1780237002.0200806,1266512843.3930483
1732928277.9751039,1209983016.101235,1197004102.0922139,5752797915.928694,3155106303.9389324,1888023230.7793863,1197628467.1492822,1047709784.542974,2451712365.143516,1892158133.3883216,719805544.2249883,2639214327.081618,939286529.9374722,833558941.7804965,1540223902.2111828,2906902138.665826,2725542850.9825406,1998836591.2473755,1032948137.1586392,3591901624.812798,956997175.1167889,1914175063.6276,1437226862.7843022,1778432969.0819716,1265024505.8526335
1721647065.8595552,1204700040.0111785,1184367373.9842114,5719952977.174957,3127909647.158896,1872801497.2859113,1194693176.638657,1045831212.9267449,2451110165.313621,1883334509.6026907,714506058.5393069,2619053883.2735267,934768934.7797014,823029046.4875629,1513466442.9496772,2897949530.352025,2707738480.179849,1996513553.8872736,1027147516.7148856,3565606308.5843854,955606327.1132374,1910893244.326542,1432398250.1117053,1775630729.3790498,1262806017.7985196
1718086491.1981099,1201131229.943481,1157495098.6440582,5667241592.195971,3102629498.1858826,1856133740.4314353,1191787962.0725577,1043054357.0319759,2449363887.827655,1873970909.652246,710634454.7393488,2609537173.9847865,925034119.4360766,820062566.6828835,1504241990.1933434,2890949260.174578,2696469379.3523893,1993478395.8501725,1016965507.6049604,3529367904.854088,953602020.3481059,1903405454.5918372,1420697973.2742364,1774054912.6718225,1260766466.790856
1717114304.46324,1184872355.524407,1126625675.334659,5645916385.688944,3091507195.8318386,1851269376.375747,1190197507.3495016,1040688006.1193827,2446389138.896526,1867613952.3520741,706849227.2079595,2604803447.202142,922161644.6700661,796742002.9406803,1492588726.9742,2885261111.103556,2684991991.1680613,1991707681.8330266,1009123312.3547556,3499854693.990926,951496221.2086389,1894784197.0681763,1416904158.4613564,1772100166.1368558,1258000047.4808168
1715943563.330174,1171046033.8709009,1107369341.2353594,5605977735.58643,3080395408.730135,1842628032.739034,1181351100.1486268,1037342261.2047019,2422029941.4299893,1864249669.4344466,706185497.1756413,2583431373.6351414,917920343.7027212,795186122.6295146,1478194209.4527364,2874669368.9044113,2662160899.305428,1990243762.128497,1007062785.848947,3472232360.3359838,950604988.5576271,1887515261.3627853,1407327313.21452,1741153468.5586379,1255900855.0752795
1713689447.462113,1128414989.078007,1096211899.56808,5569845646.145936,3061040634.433849,1836578544.9036407,1158091803.1129594,1032378841.8630303,2421108724.2986217,1860684146.0294921,697226904.0202944,2574598954.092507,913005576.7717716,773590479.8811297,1440851989.2844622,2853288909.4123883,2632980546.235811,1982099541.175304,1005621323.9924135,3429629590.5834064,949502092.7820407,1884107199.6910207,1398854353.1420944,1725637919.9244213,1252901302.5955634
1712696980.785369,1116192453.606958,1083977761.8429234,5502028841.076996,3052550569.7740164,1824083435.974867,1114222092.4964857,1029651571.9718359,2420851962.4168415,1851077630.6844347,692713882.0554286,2548157248.341872,905605728.1833192,762826612.9769716,1410724543.2026224,2824516047.183548,2600417487.3804827,1973007838.0591886,1004868540.6156745,3400044483.4771576,946559222.2879777,1879943572.369051,1395931892.1966372,1689618546.9863007,1226525736.8756053
1711677595.4310577,1101473539.49427,1079329354.1844838,5464492341.843203,3037511752.2596836,1816476389.4113128,1062907390.5274146,1026724964.3623259,2415531429.597458,1845073592.8282673,690604050.1425182,2540590335.8612094,899100417.7223865,755870447.6294202,1392748708.518388,2807844315.3122754,2583325707.7095537,1964740821.1018987,998755812.305245,3387252918.799439,944544317.7422972,1877042435.1904924,1385035870.2134292,1677899811.4402926,1215660786.3326483
1691595295.0601125,1086348538.661719,1071502023.4119048,5436988061.967594,3025495752.1115513,1810161060.3135703,1038269131.681397,1024422798.0266883,2413944436.836993,1834126783.0011668,686623167.1650743,2527371836.5479965,892880504.7879666,753234748.9861268,1369306128.1430902,2786767685.9228096,2569850751.8048606,1958565666.4771535,996786635.7479411,3345178171.4035296,939500595.8028798,1873687228.730156,1380261951.175252,1669715498.8076448,1215026552.2953734
1663727433.3780203,1081983701.8305995,1067966876.3858674,5405631738.449729,3010921071.692748,1807488975.6838193,1031031430.4916866,1021459781.5406651,2413525169.881764,1822390070.7801328,684035885.295371,2523835192.448311,888911844.3207226,752314150.1571323,1347303224.7012691,2727564674.5980706,2544638436.6317353,1956277817.927602,991260278.6884148,3332621778.5349293,938308765.201242,1869397282.932238,1375835421.1509285,1663553961.8951962,1212869293.7311375
1649979630.862195,1071501509.4621745,1053757486.8027484,5379344736.101779,2983943435.449907,1804544351.89832,1029017699.4038736,1019057256.5279412,2412880209.4867125,1818654034.3249624,682122731.6746638,2499259411.554124,885873121.7470645,750943684.2163421,1317055894.1013956,2610522065.6043196,2538514142.0598335,1952531187.9794483,986398916.6879783,3319452169.9269285,936354634.7720344,1863942146.914298,1373663763.3454301,1656867309.7720497,1208576417.1936235
1643171494.944295,1062287536.1846027,1048835424.7424047,5372165938.070707,2968399630.8772383,1803070117.787898,1024631295.4806998,1015844038.4421614,2410978057.9869604,1810117145.3758376,678970433.7292753,2496551364.9932537,881072933.8435793,748034734.1633831,1304112097.2919126,2605536313.208662,2534519653.3617024,1949774340.1773238,984314038.6404368,3304993857.6683807,935063192.4065173,1858279793.6783664,1362778460.326483,1652478529.6059306,1208192209.6842256
1641828129.6528776,1056227517.4275819,1038630067.8724705,5362635969.518579,2961436362.875433,1795175657.8935623,1021956336.0186243,1010889526.8557342,2409628366.3814807,1805180441.4313972,672119634.4592106,2493128080.264364,871957062.2730497,745453765.7207136,1300092636.5595574,2596470164.5089436,2526932322.2041206,1946707846.075439,980409915.5573595,3294840064.769953,934716449.3058686,1858204756.6987402,1354629580.27661,1646689423.275954,1207424076.1213765
1638412963.984075,1050746311.2504473,1033102063.6925592,5359122322.397532,2936397666.3123164,1794029910.5514936,1016869888.9699949,986887695.9570583,2404498209.3795843,1796754283.971135,671009611.5766172,2487821539.9079275,870172338.5718374,744638681.0047189,1292423324.811407,2587536776.0260296,2520522372.4008403,1945817897.159897,975866624.4911928,3275848867.6982336,930966849.5015218,1858009250.3765445,1315591843.9693317,1634874719.3747532,1207185040.4161735
1636123422.7815096,1048513654.2171636,1026243194.2561742,5356623846.566254,2930039148.9146676,1792666926.8841498,1014735017.5269265,981032944.6433939,2392281491.167222,1782511664.6363657,670449275.3046376,2484388091.103828,868539780.7814264,739223149.7804308,1285955197.9822469,2530275372.622902,2514992414.0702686,1945265647.5157237,969334527.5843745,3266015357.6321373,927383156.9778383,1826116733.2640195,1298162126.930228,1628932581.9997938,1206276359.7349691
1633420601.431995,1043041906.5331253,1022165009.4234067,5316038414.42394,2928621338.346636,1791810525.354206,1009569116.485384,964527423.3281498,2381371735.3531594,1777313885.5812538,667710790.0700895,2481385641.0262403,866952944.4286776,734278349.7348757,1269311094.1179585,2399586470.87279,2500854378.6964498,1944349125.773124,961438791.6545044,3255750263.922108,925314453.8438067,1804559178.2331243,1288735157.178764,1626244354.8579369,1203423407.2295036
1630582737.6177707,1030305157.8273218,1017943579.7616528,5314793134.584499,2925578034.2872887,1789085872.5756176,1000558547.3730314,947679088.9086512,2373946785.6661224,1769449303.5677288,665646533.852541,2477154491.271861,865101276.2051647,728788169.1938668,1264739200.0885158,2388343694.960316,2489996315.828487,1943846948.4241436,956558521.646856,3255118700.575013,924500696.7547591,1792332686.1865916,1284520988.9120533,1623284020.6010876,1202235165.826961
1628689219.6636188,1004027169.318772,1010518416.1042392,5289349070.181779,2925274079.955102,1780928933.4668887,996404479.6721807,939355610.5610323,2365400896.9514184,1766685342.2435884,663505027.8670526,2474523299.6228695,862905487.3312798,722422174.7181631,1260896676.307055,2358462482.7508454,2483062020.378882,1930253957.5348947,940847294.0175211,3254444882.6286564,924316820.3126376,1779785905.1793468,1281685885.4456933,1617102130.9950624,1200326797.6011038
1624610866.5160367,989479669.6105217,1007759507.826259,5268251675.628039,2908729157.0165534,1778106710.4359555,990932045.7663193,928171149.7375449,2359750585.200255,1763857851.3701847,661708037.0323086,2472718596.713838,862516238.1129482,719042390.0341032,1256573246.0420089,2347121779.957046,2466968653.884772,1925130651.5068507,870588773.4670869,3253173566.1857634,923345378.9136264,1765504229.153863,1279396929.1510653,1607159128.8116825,1177562601.3538613
1618831236.5677507,980505625.1122633,1005000108.814374,5256927708.434546,2894981364.735196,1773211681.8259451,989573456.0903687,920909024.933987,2349374413.6945434,1760531943.4436855,658261036.5927889,2467163799.0194035,845639346.906409,716600459.0175002,1253922985.4171798,2341416038.6278453,2453141901.1107965,1919028728.0123305,854341532.7535498,3174204264.5048084,923140013.7097077,1747228035.7971191,1270094458.5741713,1603211730.1039076,1134465556.19557
1615781593.44297,971285740.7368124,1004708859.7217677,5249801421.1086855,2881212290.58692,1712500779.1785502,978382226.0917077,919113460.6044534,2330366896.684189,1757526088.6774013,655425123.2970014,2460032068.2403064,836941219.6344293,710900378.0257227,1246389720.4859846,2322603285.4866285,2437413045.4346914,1916017214.8656194,822338614.540299,3130895990.137951,922212685.334266,1742799046.971714,1266934702.7945085,1597938819.2540717,1134064024.1042078
1610034292.823781,958097394.2433333,1004082989.1240754,5240859940.286734,2864179945.0222907,1661057032.5394664,973730938.8755612,915286869.0540648,2319368732.782174,1755702764.354156,652403896.8888181,2452057638.9668074,832341078.2818542,708295805.1041571,1244043644.201137,2304351063.7539587,2423760686.866059,1910528656.8225005,813616811.8308129,3126310732.39626,920645976.4563966,1733769519.037229,1263827165.3619606,1588498703.4778435,1131301696.5297365
1606462994.79773,947359576.7305667,1003711844.7977118,5232345970.076941,2849238528.1353097,1651634099.61187,968820983.1608086,910866359.0849696,2301873614.540559,1752961722.8036206,651150105.6832032,2443860737.4414644,831664196.2869189,707911978.1894546,1239960022.1071715,2282658675.012406,2399354664.439005,1901957777.247921,771864588.7856348,3120900002.085584,919775852.4472411,1708400841.5083938,1260675935.7518842,1585673434.893223,1129536854.2330267
1605059842.4750981,943846302.6426597,1003596915.3164427,5225233788.365922,2831611279.533724,1633813143.283952,966547218.8084188,902508127.5959901,2277300505.235207,1750976626.097381,647800227.6606196,2433061889.114785,828697889.7681429,697490076.2421272,1236879835.1357872,2271492868.207414,2392644484.4731073,1897219480.3796065,763828725.408097,3115357270.6095085,918507227.6276668,1687683446.389834,1257944834.0279546,1583033727.3328862,1115201860.3523333
1591773655.9004457,933562612.1729686,1003288448.2516351,5217249724.107826,2800396796.2996187,1609979526.5581117,962703221.2822385,901018721.9390756,2258225032.0884943,1748747930.78538,646354552.227764,2425637608.481512,827703881.4781249,678969014.1436735,1233179960.7893233,2258088260.7180605,2383534032.1342463,1891086609.5349128,757793168.4057577,3109056727.290249,883949645.4031186,1677127510.0259068,1255278465.8920941,1580610827.5603719,1092997944.6080477
1587650216.3447852,926854101.8465977,1003222031.020586,5205446981.497308,2696505265.4411764,1589512668.132447,956401426.0665255,897682394.2898226,2236926792.5658,1746779818.5585687,645121330.1610992,2421121210.58299,826188683.9411535,676464295.9886059,1141807891.3790994,2249822814.5323434,2372727767.036134,1886266452.8823867,753344582.8188721,3102238168.457118,881615502.4264231,1657604959.0183601,1255126081.5859811,1578799268.541956,1068752465.7946012
1583558433.7373023,907521517.0775931,1003104403.051756,5195754457.510844,2690864423.9719353,1562898074.3901696,953045389.2439373,896976144.0110362,2220829898.0033293,1745698345.6028647,642897895.3338351,2418145087.1480565,825566162.0839413,675509615.6465383,1118414444.001717,2242549995.1203938,2367815243.006601,1881502137.8354094,750736726.9183688,3094981203.2762594,880971310.9605057,1645795111.856532,1254818162.860905,1578359987.5195487,1054137495.3444113
1581397052.5231028,883279093.5669627,1000048126.6640371,5184175382.598559,2680156946.6468124,1528531990.5017567,950549308.6035657,888760236.4178962,2203628996.1392546,1744354222.1845355,641932815.3834665,2403078303.121411,814194603.9629699,670938152.6260751,1099845479.1481755,2232454415.874657,2351371138.062611,1875873269.7470987,740188465.946251,3090248206.285386,880000965.8930207,1641173116.1002183,1254268136.0999153,1576794404.9222283,1049893775.9727207
1574858398.8974657,863166245.6334276,998244095.4786259,5173112240.189471,2664639747.2150865,1502901974.4842448,946790257.1972647,884139071.7933706,2170441198.1968904,1729300766.7729185,641130025.6917166,2375001419.1870604,806098119.4262068,668638057.9361855,1084694998.9969723,2225258565.819882,2347401288.4977355,1868967147.4756846,735182355.5095608,3035989186.9820704,879775174.3362367,1629489272.4321594,1251103917.1479604,1574878902.168073,1030886487.5428736
1572195165.907922,842295619.7720686,998112969.6151108,5166316778.9762745,2658978972.141222,1469415955.656939,940617145.036697,882303280.7088535,2141982624.2363408,1714322286.478069,621595828.6169052,2364109645.995287,799391756.8860105,666130358.1843575,1078276752.220442,2218867322.402245,2325071483.738631,1863004147.1725826,696961394.1373407,3004580461.281459,878804125.5788271,1614946296.1469407,1249387720.1882315,1570680903.231271,1026875017.0698282
1568812078.5840027,821692913.8044829,998013621.9050357,5165640175.120422,2639338281.2126045,1452231287.0004997,938413823.6309259,880783552.2465305,2128767547.2932458,1711271751.7319615,614009605.8394134,2357858525.685353,795541463.673351,663926752.4999566,1048785723.0688593,2202182718.395951,2311885598.9046206,1861257584.3898613,651007124.3408628,2985076348.9529467,873233658.8182306,1604569027.7773113,1246217623.7757215,1566668449.1622553,1023523588.3714125
1560972168.3876355,813843751.0888028,996962670.9413301,5139135524.321953,2616920814.66947,1442460485.4335725,932713249.7595975,880159150.171216,2116376275.6480045,1701692822.1465912,612764889.03716,2343255743.4676294,790710139.2309661,663059221.2142555,1042775851.8057679,2183992988.69568,2303066485.141688,1850720404.0764756,638586844.4106759,2962634370.0797496,871293291.9662924,1598184790.2140694,1244038693.5489752,1563592514.4158213,1018806215.1348519
1554120720.5802011,799535406.7500557,995907566.0146691,5130047697.148815,2598745971.9578476,1432141228.4926124,929564942.971874,879736294.7805116,2109353808.2707434,1697958777.8153996,612010531.8118645,2334642172.2734637,786116197.2066683,661598075.4037344,1032167176.296748,2168686089.531531,2298902232.656039,1848054521.6360354,636594745.1551185,2944832532.0613923,867093552.0035793,1597071233.3509011,1241801320.221596,1555050411.0396786,1014609543.4352865
1548885799.233593,791397117.9951913,995441276.2127991,5105058145.078788,2580688913.4677515,1426165169.3881435,924997015.8079141,877775347.4576545,2080932004.3668866,1694798951.2198632,611576630.4607277,2327211745.9387636,780199147.0850673,660041266.2663357,1022173188.5955373,2152550614.365072,2296626870.2270575,1844652249.3122206,633725017.6500924,2938478953.361884,841101036.4576443,1592651982.2057219,1239886239.334742,1550245010.2877262,1009333141.955994
1535147488.6569817,775899058.0703225,994991862.3237476,5083853220.48482,2561288759.7156324,1423514480.1987834,922835311.7959015,875588230.3247433,2057782686.372569,1687423677.0547898,610482003.7750773,2314578738.200876,772290060.7500002,658910798.7502872,1019298930.0075512,2143242456.5459626,2292011039.5897894,1842891356.7223635,630873582.1653466,2925738586.7612615,835171490.7007248,1581007154.6564302,1235234375.802735,1545242461.0075014,1006497569.7181454
1529429701.8176172,771080950.1928564,994519990.4825251,5058250773.409783,2540641601.9869967,1420441058.8542893,921621267.3435373,870727670.9068196,2050185330.4158785,1668884012.159276,608384263.1872077,2310485338.464458,768935675.2263027,657334608.1266844,1013648344.8527832,2108736518.1087477,2288289535.0365844,1839369383.0731394,614913228.4127797,2908730996.706284,823582067.1147639,1572301661.75417,1232556543.8306332,1539919642.7775068,1002737211.9585599
1524543233.2613335,768330030.1134558,994239384.9534264,5037500484.65344,2523366670.1599665,1410815360.395644,919398797.587688,867809628.8700502,2038092135.0882995,1584287790.113082,592843534.05314,2304614373.8422413,764581733.2064474,649939666.4476995,1005709669.6268687,2092400488.1598103,2278380119.4626565,1834405251.3027802,596370344.3215606,2894022815.59961,816709128.3840181,1565914625.6220064,1229247479.5847912,1536612920.1939893,998174262.5042584
1516697555.7113552,764920568.2126372,994010146.2751974,5021570639.771871,2483504132.114112,1403896992.4430842,918096765.5324166,863981046.1212665,2022136736.3353796,1529458630.6796207,587966705.4893134,2289857563.2918005,761742582.7779802,637515240.2540255,991499972.9416604,2089762532.4075215,2240666690.354987,1831687251.0598607,593477247.233395,2881515181.0441313,814189477.067966,1557053181.3465934,1224090445.8583043,1533229931.2550008,997502763.3838031
1514229724.3416018,741462266.3111321,993571325.0694505,5017416010.859909,2459662935.2691345,1402729666.65656,916278337.4937649,861407586.441021,2009129831.7657714,1499871670.2667627,586421296.9911019,2273488005.6892633,758021737.9185697,630633740.309602,923921631.5248395,2065299681.7443857,2215168044.8561077,1827279488.2598069,584031878.2136358,2872774687.6680765,798270417.4301394,1545007512.5140934,1223222202.4624214,1532312278.463595,996137470.0171027
1510778483.6704755,716315161.7778711,993194312.2534428,4999441039.060847,2438531325.7622747,1397912774.5947964,884037250.0111403,850002343.3209093,1987440582.7055862,1482835670.9302511,584714919.5838687,2251831156.0517645,754519509.1430519,624810180.7849472,921950155.8583227,2060109018.732974,2209558550.9326806,1823850165.5975063,581196593.8115067,2869921978.9068027,794340498.8693203,1533544110.0208507,1219959672.1224623,1530914038.2249744,992969323.6262195
1504308499.246187,714363898.4881381,992861392.7574295,4982455874.258482,2411423124.17418,1393310921.4769914,870590633.9309623,846168291.8200576,1974536936.1905375,1412175518.0542386,584066010.1983732,2237149510.5587664,752702067.8111124,622129306.2596228,916981318.8994265,2038705785.9483314,2202171221.364686,1821392079.6745017,579229770.3872426,2862907138.606541,793213646.8210663,1523030543.3304582,1219012064.556778,1530838739.8518486,991313223.4494658
1497299702.2565436,705362784.0761585,989802846.3876884,4974484642.616351,2375122261.3452206,1390767527.3313024,868798795.3371795,843641351.8975809,1961353229.9927084,1409225944.6786776,583285099.8204123,2225182659.086735,750711891.1664301,619331276.8783013,914751294.4618742,2024678152.202602,2191766916.573006,1821321238.4646797,577920174.4569927,2857577599.267214,793003895.2171805,1485712970.7154431,1215170447.1222749,1524216739.7130609,989905456.5623082
1487939193.826684,702159341.5611291,986162494.2602774,4963263471.546557,2322121641.996988,1389198415.953507,862157448.5668736,840569712.5230486,1938899877.5142124,1394409689.7266483,582894968.029112,2204947241.1679897,739596268.0852473,616828366.4976717,906833077.45234,2020734406.3943572,2181876339.521992,1821124658.2431636,574653336.7879865,2855079976.5037136,775069184.8174183,1459079697.3079646,1213849970.1645365,1522400948.2862303,987804114.7696581
1479928511.4530282,695678808.6805524,980451172.9074969,4949561830.487148,2304074288.1960573,1379270863.9599254,858671985.2707882,833716247.2341853,1899021634.6945858,1383244585.2998638,582420225.8007076,2201501002.6784034,736423355.5696604,610203429.9469547,888722722.6049678,2014667334.4717171,2169656819.644947,1821063808.9526908,571998119.2806498,2847877974.8702326,771133921.9550941,1433615942.9209876,1206232840.1696079,1520734628.2055092,985797582.3634149
1474209089.7477636,693348370.1792593,976101777.8532201,4939693535.133648,2285623711.457485,1364178565.4180696,856553327.0829539,829824676.6951222,1879580337.7460172,1354944730.6898568,581736892.6412435,2196683671.4949307,734863194.7134881,606275490.8855649,882437488.0360577,2003197864.155993,2160497236.654154,1820233212.7387433,570424015.0426757,2843437101.401943,768158365.3090918,1396877603.1976,1203756369.7451255,1519607872.1139789,984253857.2033352
1470195125.4278579,688676400.6675872,973235179.0220976,4917825763.971894,2275666970.780898,1351034007.099257,854016540.7008117,822631300.9877291,1860891299.5946095,1352352066.8829727,580769953.0677451,2192987174.673803,733362902.9260575,600742037.7257191,879459000.8424143,1997296676.213704,2136813947.8546042,1819866898.1223836,568181830.3566054,2840953992.4444394,765484489.613125,1367068225.7727683,1199723553.2007885,1517717173.229928,982318566.9048209
1469651723.9907806,681347642.2750793,970510519.5551697,4913126455.175202,2259365407.030059,1347089704.841952,851664604.326968,816552313.4965498,1841016934.9672244,1347602938.5131707,580118660.7641232,2186001901.353182,731378448.622349,595085276.0126603,873565288.2882957,1991670133.5820103,2118975733.9336846,1814417679.5642128,551319946.2010688,2832738033.056486,763767426.8394256,1351777506.3246298,1195462123.4447403,1510365271.264266,975354406.8946607
1458438976.3049793,678532358.6628299,965200727.4211969,4895672185.122873,2249867000.939705,1341685647.2822433,848721188.6639994,805466600.8684943,1826509595.8396254,1345392800.4182382,579526359.7919106,2179008483.14373,730309063.7708745,588069627.826523,869078897.7482045,1984233038.6012902,2104919320.8443751,1808410941.8331661,547595708.0670954,2823240102.0720415,760121051.0874612,1333215997.9859319,1175044751.4838915,1502811276.937294,970729783.8008431
1443589567.6452577,675152118.2629094,960432798.0430292,4882297397.5140295,2242905268.463228,1339605456.492741,844942856.0199513,801448810.9466133,1790027046.4840965,1338748930.1839972,579182259.127133,2172328715.6046047,729334817.6704943,585207233.8060014,865783227.0854123,1969695812.605998,2081459304.7303932,1804019543.6922054,544289442.9578129,2819578452.9110584,757451702.8183881,1311862631.3515704,1161569353.2283247,1496670319.5162764,966585413.4656312
1440117715.6414814,673618510.5318756,955624936.1914687,4867485289.535585,2209120971.822865,1335001202.6177158,843983740.863543,795918515.8683239,1767429287.3986924,1335992878.6750567,578833476.5550683,2165221593.325633,728936540.369778,567973600.8660605,858514382.7599559,1955608295.9966607,2061800859.0437791,1799450184.7337947,538566016.0025073,2815437142.712831,755147881.1665114,1295764267.8025298,1156036225.9935205,1494988664.5608978,962564687.7498615
1436781341.8935661,673279887.9289252,952961701.7638649,4853034550.141914,2177843974.2835293,1333933791.1824284,843827443.1902972,792278720.9579277,1737413671.755236,1321056593.3688478,578670072.0238675,2160513096.212849,728515684.4736719,558413367.1952368,854834575.2220434,1948043923.8778448,2048286115.4862206,1794976219.5985863,534533516.6195277,2811108773.3440356,751939143.3443365,1249410872.189344,1152205853.6428943,1458140689.2240446,961764120.2859702
1432879416.0465765,673134898.0408432,949430445.075949,4846318705.936285,2176249694.0166445,1332741427.8266053,843222453.1569963,780431559.1834543,1712083359.3597784,1311321417.301687,578533129.3318238,2156264217.185696,728127058.5212822,556702721.1259129,845769743.2683928,1930431632.8585482,2026281365.920262,1784491193.5328536,531772334.4768445,2806436666.7049813,749177040.6231298,1236560699.0703497,1144678686.7318273,1455246360.3611178,959102443.1004583
1430955638.5417678,672961907.7795285,946872515.5793808,4834474507.916318,2160289953.854287,1330736905.268654,842610704.3134983,774419438.6115191,1675200346.583569,1305151648.170519,571634497.584879,2148558928.474435,727538409.0807896,554724590.1389675,838789262.108619,1914658328.3149693,1990752379.8401787,1780441197.4451752,518550883.0706958,2803249449.013773,745579576.1281563,1219960184.5146837,1142270152.0004716,1451794031.23549,958329036.0171123
1430755072.0317984,664440862.2279079,945404036.2396474,4825988396.498369,2148677668.7674685,1328143665.9818687,842306931.9204339,768243940.0779284,1645640152.239187,1302260420.371158,568429480.677771,2140517629.639277,727151523.8696802,554055696.2541265,834399431.1195564,1895577587.258133,1977402828.2564816,1771607764.8118138,516914405.57788444,2800710127.4850135,744576190.3027186,1207634263.3055096,1139079463.4308865,1446352217.059401,957090980.899734
1404794455.1203558,664235059.6044289,943163432.7114909,4819220197.093071,2131221199.2411807,1318432595.1897426,841908516.0676451,755375054.6412766,1637817516.1200755,1299118516.9087179,567310832.4259909,2102619070.095487,726747731.2875655,552138268.0409474,830124709.8105268,1884218963.6495318,1970849796.0513515,1763876298.9646354,516313346.80399907,2797628924.1810474,739049445.2330103,1207335034.4049973,1137600493.8750715,1444803760.4696453,955290222.4214011
1378844244.5611153,664115270.3536353,940170901.5260855,4815282535.640538,2116971160.6801767,1313460154.764696,839630705.8602974,744530436.9736288,1627881683.230598,1288349861.6958787,566138155.4363614,2086735769.8429437,716051644.3001447,547719219.4681304,827283369.9831624,1879800990.350385,1969493409.8451612,1758557971.6812813,511840843.20381325,2796639158.780917,735561023.2818856,1197731469.336516,1135430445.2444334,1438772803.6733987,953672558.9032717
1370172250.5562487,663714559.6304551,938967859.7071987,4808813686.059041,2099278758.105748,1311091837.3747835,835128178.6013968,739333873.7813244,1608397483.520803,1279135355.5301251,564845504.5038135,2065393867.685461,707383120.4190931,545687865.3605497,823167561.3155352,1876177089.7693415,1916758217.0833144,1752248872.6700473,508046478.1840782,2796486663.4559107,733449534.5233827,1193954084.8130224,1131896900.697732,1434243848.5811276,952809387.7224115
1352788726.7225366,663037114.0543141,938038756.751965,4807311697.325473,2092641078.466919,1305462556.5487852,820536766.3560407,732617106.9650658,1599119558.162594,1270650543.3012486,563290839.94368,2044050358.3775876,704478400.649824,545219174.511517,820709419.9217017,1873209202.314799,1905642759.8771124,1741324012.0176616,506959820.44605565,2796443329.905344,731491221.5755802,1189145473.4987748,1128486045.6121035,1428401154.0237632,951655876.6444721
1331412427.663103,662800550.5535762,936773219.3992103,4785156360.048457,2088442720.0227828,1300839191.7322865,809620794.5935533,727975434.1191618,1586892278.158716,1260317885.7225628,562602635.8347749,2001791926.1228213,701236422.6406393,543997402.9299066,818472674.9037461,1871839105.677435,1901466723.8213918,1715160208.4833992,504259006.8758037,2794093183.1050406,729685499.1973269,1186046562.0824814,1126592355.6042907,1427123558.2219265,950561479.5003457
1313779084.2326767,662618993.5464754,934277915.4044483,4717475555.423173,2085991383.0016396,1295502940.1762834,801235030.8058027,725329137.8267026,1578985899.7252846,1249128343.410861,561704160.5208001,1980359666.9057221,697451843.7726004,542788918.4931971,817314994.3408623,1833249752.6200404,1880485967.1741915,1679848116.1081803,502880523.13435745,2790486568.0644293,728378676.865005,1183327713.3845668,1124883469.8601525,1425149720.4779112,950175560.1328416
1292382737.2499344,650000836.5273662,893098198.3275236,4710726839.288126,2084799296.9231505,1291608517.568266,797801409.5335956,723426394.022182,1571244283.8448439,1237268231.7088566,551547660.4415152,1944372860.1387756,693471338.1086173,537121594.2571332,790759268.7145996,1828408041.6715207,1866547684.6029418,1666928538.7703497,502082008.416237,2711880591.4424176,726990636.3249497,1178770486.7029595,1118901580.2550364,1421869842.2805696,940414134.2726653
1280485109.8115034,649237811.4856441,885190297.6861426,4705473886.136207,2083979789.6394887,1287062202.329175,791254935.43462,720637720.6135912,1549535275.958854,1229850049.375903,548619003.7350514,1933545079.3682542,690276608.5480834,526866995.8510241,785199737.6303856,1823259298.0742388,1861776979.9853647,1662751459.036878,494639491.4936278,2682574857.006239,726433780.0597758,1177463225.5273447,1110797010.6922128,1418329848.677621,930475217.6662749
1269211861.0473404,647237794.0287228,876996867.3831899,4703847997.599568,2082370835.1721196,1282100427.5983891,786595166.9271189,717825417.0434325,1514760685.1196122,1219176233.9275703,546048494.1109822,1919491781.2455122,687703484.4310732,521694350.84778535,781297532.6282883,1820854736.705972,1855141843.4132833,1661379042.119921,490705309.8864727,2675442586.4699006,724762057.7938628,1164682583.4145527,1108347144.1325068,1414621705.5453975,923953710.3940334
1258227745.1473627,635844610.25042,872643590.8539181,4693964962.697224,2047102491.1677701,1275058999.571816,782471564.4499707,714518137.1287597,1496384234.2049804,1216161493.8159432,544448324.8523496,1906244638.0914345,686853801.9050952,519250615.70367277,776947590.2051201,1809352350.727602,1849436204.3610241,1660259857.0598807,486015856.8994335,2668449227.702014,724031572.9790664,1163751200.5242703,1085857808.548677,1412990478.509478,921451495.6527961
1251423329.6440058,633462457.6923254,851058415.3796043,4686132612.771421,2043094882.166029,1272853075.976294,776663520.6736482,712756142.0183952,1489328156.7586536,1210904240.951047,544191327.6699224,1902533943.539253,673779880.3256989,517523938.66631496,775465480.4174854,1802854338.5048358,1845958260.3872418,1652915528.6716769,482804723.48268974,2662961479.975077,721954227.0292481,1147148598.8392975,1082482777.097846,1390438710.6733062,916281049.8690819
1246641200.6826913,629980634.4620359,843990885.4429508,4673384346.473298,2022108134.9945192,1271565982.0544026,774276686.5111991,710685370.089034,1488118360.0543108,1206631521.5124922,539583197.2835544,1894943730.5949068,671644510.4550942,516551857.82191664,773994315.2664227,1792956265.970833,1843281092.3420947,1640471307.5282607,478791850.1489904,2649201320.3515973,720810117.1881406,1134467380.3740919,1076921625.4537477,1364185461.7053378,912061136.8930215
1244553918.3899286,627203635.7073603,834832751.3725048,4665416343.408229,2015896258.5233784,1258393910.4661212,769641815.0353504,707659730.1290629,1485739301.0276942,1203741295.7303994,537284840.9168117,1886021738.8560922,669325791.7483337,515426249.49240494,771718422.2620273,1787924770.4663327,1840296679.6498542,1635391768.1033943,477445946.6503134,2628882653.3076086,718787590.2961644,1125156057.852744,1038673311.7227662,1362277728.7163093,910626576.1471932
1240640664.4934819,626861084.7667255,831705981.9816676,4655798185.205934,2008135341.6573849,1254145717.3379385,766501676.22027,696448005.3005664,1472953925.2467532,1200185727.3980458,534866085.60655755,1883176976.0965607,667586299.0857482,513726894.1849074,770033629.701743,1764792019.7828288,1835996033.059066,1594772706.7726364,475873340.52646583,2616878536.039591,717124318.1541584,1116258749.424807,1032913890.2386818,1361656482.8959684,907234893.8352094
1238536364.290687,623424309.0868052,827268759.2442721,4648278394.329775,2003081997.1714616,1251978776.972969,762385138.8637846,666223243.9448895,1467688258.9983163,1199051293.8976095,531626812.9510059,1881838557.9681,665935270.5426035,512441429.24755514,768841864.1370091,1747575317.6137486,1825692421.9061177,1556507370.9634228,474140541.4800258,2587463975.9590425,714997194.4118611,1108647943.153485,1023013065.858804,1349333677.5459697,903083895.0922439
1236298066.2048984,618825633.2830157,814670725.4029573,4639968443.123373,2001523821.6072197,1248279658.854228,761528526.6714731,663134920.878976,1459913632.036888,1183042895.528845,522907694.9133329,1872389003.9579768,659528033.5855416,511914212.8292806,767255134.6031793,1734193199.1259212,1810932648.6250455,1552494998.8898282,472200981.2678567,2575801687.276958,708346861.7869192,1101567035.5381005,1017162797.0924478,1327057461.3667107,899715475.4979315
1235233352.955864,615673188.8541942,811568182.9624993,4632057560.225767,2000595496.9278603,1246311414.2100897,759569946.505779,659724622.6270324,1454831344.3399472,1181420355.5813487,521167439.11981565,1864354181.4334173,657132518.2226319,510484410.8321433,762471052.1140018,1726379501.7878232,1804236856.2112844,1540649946.404155,470293125.6685071,2573640781.6199083,704681806.7531369,1090742352.942851,1007704802.8543506,1318344136.7775776,898522001.0371448
1234626158.4407723,613787778.3993874,808366700.2463866,4622883200.080254,1999038450.390767,1242337752.3775845,758411934.5163755,646630779.1226608,1454185773.3636012,1174921915.6157906,520662679.56403196,1848411305.3996518,654484373.8569043,509232081.9952791,761143772.4763983,1705709774.446691,1801896569.3501973,1533278719.2183728,468729826.1172341,2560345406.660654,697512082.6462746,1082638377.0422235,1002318975.963105,1314544385.7335396,885203726.7322273
1233676702.8536496,609313075.4566498,805924740.861782,4611671971.810804,1997205683.49265,1238733319.4998822,753192139.8032517,639595457.5207038,1449062402.6245036,1161329974.4138582,519488531.08085114,1839061520.9952455,652628399.85919,508330804.6375866,758768937.0743752,1697963898.7681327,1759708512.2915237,1529675882.374745,466889297.7190609,2546972017.9230633,691310823.0298655,1073328092.3034159,996004163.7969602,1313349902.096428,872615395.3539312
1232879074.8415527,606344131.8114228,804271408.2918355,4596060616.637526,1995538961.6609402,1236366920.146993,742020569.4864259,635083451.7208987,1448756060.0315785,1160790961.2850015,518379322.32541233,1832078217.0517282,652244062.8481253,507968219.7859248,756966830.4980682,1691498065.0396075,1749959306.0949783,1529332627.3887632,465300885.9975013,2533147735.099555,685547242.105484,1069322628.5186546,994342142.4319477,1308084426.6547778,866104762.1715176
1231634990.1259162,602497688.6204027,803140134.085077,4587945436.753206,1982911496.829702,1234015384.0823011,738927453.0317993,629347850.3449258,1448003453.6211777,1159075566.7653487,516075041.183289,1802083621.9337234,650797697.8429272,507782911.2857422,755759122.699043,1686742453.1938624,1736595362.7879207,1524692133.1253424,464948565.16969836,2523424478.833601,674630068.6854306,1064601386.0919641,990225512.7711389,1306023490.754594,859555311.0577753
1231118982.359405,596532835.5128858,802556351.599646,4579715899.5639715,1979032561.3782284,1229337663.90041,737122641.3745383,626126705.6529663,1447747814.6783297,1158127961.096848,514920382.7439287,1743152714.7578392,649372952.9725405,504993882.31182885,753015168.6170465,1681928118.4840653,1728445301.6648993,1516309880.6100872,464320378.93609,2511873970.409959,669521334.8036381,1059479714.2737763,989022634.0344036,1302032688.659496,855074541.7391648
1230460567.447954,594024801.4092183,801466683.1534376,4568738806.977671,1964734006.4059002,1225562458.1983626,735957070.7755625,623861737.8642627,1447274380.119919,1157203179.439205,513884694.8763386,1715164404.3786325,646223424.615583,504444126.71913534,750464134.640961,1676891287.982995,1721424880.236312,1510523908.0372572,462942885.4028684,2506147114.4245296,663392061.8529233,1057150706.4313297,987725992.3906934,1298350377.8614526,851100544.9947894
1230080850.4514093,591048668.0275816,800864012.9999804,4555623012.919743,1954201177.218958,1224398066.8285477,734611368.1810017,621710369.3754439,1443775855.2699087,1154312559.2783294,513264026.7667831,1698422518.4336078,644840724.0135689,502426777.3584784,748107394.8344622,1673179793.7502036,1718591988.815759,1490927162.5471587,459773026.3235005,2498040800.9449205,658464561.0484895,1053372288.0248687,985252559.3874623,1291504411.7755344,844531956.7005959
1226651862.4080422,589125702.8848653,799893360.5010884,4547926259.739253,1951651137.0674849,1223739215.080847,721072965.5858109,620547753.6527071,1439991284.7562141,1133665624.191583,512500739.7895873,1687811173.6789947,644699074.0677181,494757506.0775159,744521530.8813201,1666023715.6630354,1717604811.9596434,1477743595.429392,457846800.1391201,2490302487.420292,648396926.4598333,1051264341.7560165,983595768.4950626,1280946560.6772642,839307383.456454
1225797508.0444446,586894042.8798509,798859267.269306,4541299725.440784,1949609772.9116387,1221013786.214831,720347303.3841748,619920342.2307068,1437340415.123508,1131036524.9264493,512150301.52268136,1680771838.753821,640341859.645737,485090466.76634777,740112264.4563547,1661237195.2442915,1714558654.3707757,1469813406.3770018,457097001.1694542,2480244161.041405,638311660.5897515,1048387095.8207871,982710713.6718149,1274209791.4676843,835804041.6862735
1224799098.350297,585414488.184089,798146855.1419684,4533767830.832167,1942153273.0161185,1220188463.544173,719715839.5321581,618904879.8080935,1434802943.9766262,1126292664.6965609,511182806.5633363,1668782519.223772,637493585.2884707,483520365.8007481,736445216.9830422,1657162753.4066863,1712642318.4446013,1454611889.6446915,455801978.8624375,2472183747.5338535,636231679.030112,1045945157.7030851,980689439.4401053,1271404071.5990636,830961243.5320591
1224016839.5002112,584950243.0665727,797563321.9201366,4532417121.075882,1940682875.5678108,1217997115.288355,718878840.7029139,618754950.3772261,1429561386.472076,1124105857.8335738,510088527.63350564,1657706715.8093057,635587614.0720178,478930605.872875,730350590.5622635,1655401763.7034125,1711515958.1368601,1446856367.896203,453992010.8982776,2464906248.690652,632528262.8191288,1042972028.6680489,978952182.9254954,1269191817.2435813,821013697.7735407
1222500710.4979343,584516356.4444013,797153620.006792,4532309837.342165,1935821313.0092669,1216031683.800789,718577222.20932,616270137.4508607,1425998360.9949088,1113852926.9820528,509369809.3027541,1632940954.363009,634284594.6725346,477966423.24241114,713013396.1069735,1653025208.2606502,1711038978.7946253,1442243760.7081904,453540482.5686527,2455778786.9119215,624304996.6117783,1036647185.3046669,978187531.549549,1263593908.6796498,818840814.3459249
1222109572.4518595,583871405.8749027,796049271.9045527,4532171018.851841,1929342045.1638932,1214943100.2151,718178770.5051663,609712651.4149055,1422572127.6074698,1110551255.9103663,508581239.6605726,1627319768.1609235,632503745.9402158,477423985.0106654,703122030.8463694,1651208340.3255744,1710679967.3030984,1434291950.4870996,448316172.47173774,2435803427.84417,616429067.7237029,1036132219.9245272,977460836.7092974,1261307031.5778759,815164147.3625189
1221712664.6553357,583662978.605983,795359544.2149079,4532102994.458925,1914530166.9345942,1213430550.620957,717493969.6615764,607834360.0102774,1417448243.2036154,1109320514.4575617,507196047.36878735,1616453026.8282366,631095238.1228925,472382160.7099352,696958655.8575064,1648930958.3870163,1709751663.843489,1423235340.167978,448140225.96874,2434629157.322357,614034115.9626755,1035495562.7323169,976682812.0409083,1254236007.8154042,814014632.0246127
1220999092.3838484,583425549.6515197,791357422.526123,4503024981.638144,1903349314.3145154,1205994243.6439686,716730203.8073021,604028443.2530749,1413471780.1483746,1108630524.1527765,506388973.08760667,1610353150.7709396,629569188.9272108,466054861.8350991,690603742.267666,1646512319.5195293,1707761702.3743386,1411798815.126403,447860931.9719734,2433469833.54112,608050424.8244658,1034040341.7135243,975962394.9236586,1252801886.668023,812183355.0850703
1219985407.8048854,582918055.6784862,790286566.9527309,4488304047.880432,1894348227.4005656,1201971677.1200278,716423979.7481282,594463508.1849499,1409122962.3898838,1107560014.0426464,505537683.05793387,1604093065.1893165,628570862.7893586,464647806.849589,687887285.0133522,1644853832.6926486,1689278546.8828385,1405859300.1390038,447344462.4536742,2429976266.5952296,606693757.9712533,1032828432.812258,975201739.360732,1249201596.5207803,808339966.7511175
1217616037.0502696,581764486.8688906,789669169.1318598,4473172133.5998125,1887893894.0787272,1196712500.2453434,715741120.5885744,592171682.6773118,1398322834.8055289,1106659804.9579918,505317954.60096663,1596043289.6569421,627947045.5735271,464496400.1834229,687759815.1575073,1600361105.9318156,1680051379.8334286,1399931732.2783952,446819802.03255767,2428162478.451941,604865280.7779841,1031747814.7834227,968653877.0559447,1246492604.284391,797111445.1225168
1217000348.389172,580838834.3472636,788916124.7036836,4437474268.750638,1883191776.5856497,1193533528.448432,702103684.24879,590419902.9962755,1396207207.7096047,1105493776.7456472,505261954.62199616,1591922928.0317042,627614483.5145968,460368543.1988055,687628284.8252423,1595633832.636215,1675351014.7731981,1397290705.1305945,446440023.2953799,2421491490.96568,603089348.1005356,1030957635.0229857,964812752.9437381,1223937511.004907,789010013.7379713
1215901571.8994834,580334394.9341947,787697189.0934628,4416065660.565119,1875777479.5545287,1191289287.7796385,700276084.7575859,588536937.5366302,1394488427.911652,1103277013.0406387,505183728.4073987,1588375962.2311532,627292312.3501878,459261620.63211715,687352345.251471,1586267109.396275,1671460637.796129,1392546297.8012233,446122455.9346691,2418000326.638658,601935041.472458,1029494657.466109,960915663.1072394,1218288664.6226728,785478006.5224253
1215424142.2141986,579806271.4712253,778212403.0734457,4394366977.560484,1870559819.556262,1184595760.1625333,693388701.279812,585253060.0035651,1394228038.607847,1089857108.2624762,505104927.2024657,1584821255.4540434,627031621.317309,458125669.60490555,687032605.2377731,1579680152.603508,1669161179.8473754,1384204090.0280054,445964131.83531713,2413598642.301567,591875616.1660626,1028589868.6529765,957643027.3127267,1214062788.4744291,782194980.9846444
1208189986.1107087,578907064.9198009,774028151.502957,4366192244.111683,1866995844.9950852,1179773645.0585318,688859842.5541364,584236292.0508211,1394141673.0706367,1031063545.5357931,504929411.1189702,1580139594.4304018,620294304.6497148,456411575.4832027,686658263.1418633,1570016874.405454,1646472813.9681673,1380228415.6126764,445705247.3272423,2410601635.1389275,583392830.0943279,1026994476.4741685,952286083.1046162,1207015878.966393,761571204.5398152
1206011842.9787402,577671438.0293803,772009224.6075602,4350946672.458013,1865112898.1444085,1176136743.925856,686760622.4220061,583282367.1944244,1393040993.526977,996972682.1481032,504785414.10003006,1574180200.0986013,607776805.687102,455824130.4007829,686455399.971303,1567045000.2756088,1638814587.478425,1375689511.2665253,445328416.5205828,2402104877.8158975,574220535.9670062,1024498174.1703026,947901044.2649494,1199697757.1258621,759581310.7656007
1204887819.0020797,575940443.7158971,770414387.1747768,4335629264.45429,1858466635.4283032,1173190523.0714722,685802530.9496596,582492194.0565012,1392386351.3788948,981468683.8245451,504736661.11952984,1551415210.1847754,607089145.0884473,455506945.28872633,685518345.3035567,1445361532.514034,1629003435.3985376,1371978418.6399453,445156237.65873253,2394810336.226156,568363422.6660472,1023339447.4883295,943868039.7410054,1197095481.451407,758449180.3367932
1202318860.6979785,574545600.5602211,769798673.0123482,4328254230.024405,1857166950.9165032,1170441968.581105,684512004.1984786,571905713.8435168,1391105197.7274995,979261218.0351205,504580121.30848634,1538211250.1364772,606223152.2192303,455049516.1217844,673976446.0783678,1433401521.448502,1617092682.3503442,1368312149.7313976,445047563.47674644,2385900814.2250023,564941916.047936,1022429503.2900345,941551597.3971255,1194372529.9484966,755663189.479122
1201510399.011991,572854286.932374,769398549.899596,4285289185.1767836,1853877058.6727555,1168624342.6308408,684184773.1302254,570459953.735653,1386416378.751502,970459395.8145812,503492614.02794415,1534437962.0364978,603986205.0112078,454423547.80345637,666588800.573295,1427927457.043698,1602170332.2133052,1366303289.4271927,444521567.5894812,2373617463.559577,559636496.4863716,1019826423.5803947,938456299.5632352,1190494149.9960485,753997143.894279
1200792764.5382862,571122943.2036583,766263457.0201206,4276722792.915168,1852051840.0319595,1165222987.9041333,683969103.7863898,568361166.1000217,1380378411.7432513,962296750.000541,503306604.9377972,1529695311.3899975,601091117.302986,452120792.42616725,663145929.5815345,1422749803.691909,1594103024.448499,1364436174.616319,433650446.1913925,2361971440.140956,557643593.9891708,1018430571.2845471,937069237.8066591,1185231702.0164351,752881976.4578559
1200303452.4616807,569829869.9068646,765749990.3657901,4266964729.445384,1850369760.1795173,1164200272.2291484,683627810.6850129,566827187.9578427,1376793855.843727,958557232.2420484,502890598.9694276,1527900059.8535554,596495162.7784324,447763367.5713164,660607989.7955418,1417840767.0379086,1568520344.8431058,1362846838.1464748,425776735.65530604,2352256046.190442,555387332.575234,1016161549.2415881,936479946.6785407,1183174421.870474,751340161.8140341
1199783323.6437397,567720856.6032661,764812596.0034214,4263187658.5919495,1847657813.260951,1161366086.748689,678344716.7786604,566075874.0607781,1375042164.9265366,955201521.8623501,502590466.4938061,1524560635.9899962,594221404.9602425,446274958.8663056,659574360.576508,1414845360.7451916,1559586808.7680366,1362129262.3648381,424286805.2997356,2346001299.9827695,553943764.6176713,1009883296.154818,934976497.2775387,1181826597.9154143,748056330.8706218
1199380982.770812,565718021.547452,763951167.9749441,4258823173.9918246,1845617743.809808,1143407109.9232676,676573370.315658,565154895.6144655,1374868823.2176535,952451110.0393435,500968417.9743295,1520481506.058219,592478331.2879986,443962134.7163838,655747007.5522892,1412341418.9162223,1552445223.2777452,1362099252.0402017,423024528.1021748,2340926066.5274935,552812099.9595218,1002124834.2498908,932928690.2651448,1180239622.905849,736048231.7473297
1198827455.167296,563067161.3770072,763648867.1262705,4247512432.799874,1818552137.832646,1131264613.7754974,675486914.8826107,562528879.8436568,1353619077.4799247,951345267.5376043,500701220.4562887,1517453973.1387048,584574889.0031573,441965923.82607913,655293275.8127733,1410091872.983579,1541615640.666644,1345186094.1249504,421949380.44050884,2322337310.142233,552249322.885633,996805836.2029998,932080636.0760629,1173585723.2527761,735357421.81419
1198264999.7920659,558556413.5652866,763212866.126217,4240114569.1151876,1802118344.0189576,1119492599.637209,674777323.7510095,558477623.2092489,1349562740.2403235,950363519.7724314,500442558.33067054,1515858344.8564744,581081043.8192396,440830171.243383,654364649.9240717,1402962145.6494381,1528529884.7482839,1338359809.6817558,421232718.6730343,2313415206.229318,552046183.60723,994592765.4036089,929982725.9463228,1169693170.31755,734689880.7461376
1197995956.5258884,557358080.7620198,763027573.742484,4233768382.815545,1800870133.7275622,1116002208.0930815,670829463.7364347,556773248.3437858,1346443983.2813542,949120922.641393,500305596.84999675,1513041868.5999305,576795811.2658367,439976652.05590767,653353037.7443134,1377850384.5607142,1512530957.4718366,1334954923.5618825,420378977.7950402,2304636870.7626605,551673968.5218663,971539152.4730799,929244255.3421307,1166644334.131597,734495322.0875509
1195328130.1492572,556199336.3478796,762809039.0998416,4230466150.514357,1799344851.3274264,1111575628.1556487,669740685.0749891,555031558.2614919,1342022172.7685113,945091874.200355,499946988.07289314,1512148326.2515535,573863678.0750586,439344852.0863619,652815784.8624082,1353052835.2292485,1505426208.7204018,1330679055.551346,419193718.07319856,2260290817.896619,551127014.4488642,963312485.12209,926542179.6921928,1164519081.9107003,734294713.7467545
1186506627.0169237,554559830.6378264,762377555.6609019,4150424062.400496,1798697963.6317663,1110597297.6881676,667218579.1744225,553126771.6207153,1331437172.531284,943789012.3713925,499672917.35080427,1510324522.8576124,571156448.18373,437022517.990745,652296935.074276,1345081483.953763,1495731723.7091427,1326159028.1876795,418505379.61675286,2247633105.349632,550861499.7700508,960855761.4083068,925699238.0376748,1162449911.77959,732495217.5400227
1184356752.7389781,554137425.4754051,762081844.7350096,4134498489.9704227,1797567345.8772109,1109872544.0734901,666334806.9010876,551021281.8985003,1315224997.1050496,940362134.2821108,499406585.20342565,1509429382.1502023,570567576.3175739,436464431.12165534,651897885.5409589,1343020942.6084986,1488315010.7410624,1324108985.8043618,417869670.2580025,2241922390.4075546,550331309.6949494,958477863.5656221,922689856.5221801,1159215393.359004,732394081.5537851
1182021864.5742068,552180843.5630565,761658777.2919468,4117334579.0944057,1786429114.581473,1109459926.331835,664886441.573508,544634595.3361441,1310529622.5735593,938804591.7513554,499226109.2620423,1509187039.8116848,569971424.880144,435275553.0615812,638948601.2283111,1339136091.1762173,1478196259.0542798,1323123375.602977,417142183.30225265,2227841190.1157594,550010210.7400401,957987558.4751827,922246041.3210112,1157444780.9183307,729524936.3459952
1178541576.6216917,547061774.4421495,750742024.7950482,4105183647.3042016,1784050296.1006234,1100790888.821896,663749222.3555481,541402041.3771596,1306521598.874984,927061391.4663287,497292085.01927286,1501748355.6979601,569754646.5908371,433219672.11099446,638948601.2283111,1337239653.3162205,1477480161.4055681,1296941212.3095987,416861183.561634,2220475672.8810997,549692251.9071937,957026515.0247996,920964494.5701458,1156864844.2216687,726911270.8065655
1176641455.9758036,546773387.0575385,749054890.9263686,4093386188.6069136,1730059707.4001107,1096924299.493155,661160574.1564662,538124967.7060505,1304558568.4167976,922286465.5202193,494997445.73269993,1499526352.7691476,564598960.9945352,428463799.9118724,638879405.295888,1334610750.055334,1472161859.3775434,1277290508.6532226,416695175.87063366,2215009540.9193697,549345921.340499,956726192.7372934,920346743.0468391,1151780501.837708,723254009.9020636
1175154841.4924304,543135895.8778126,748821866.2477779,4089544177.2628083,1722647971.3778367,1092424899.9487398,658997406.556066,534176184.23188627,1304123348.917191,919599890.5889552,493925942.5082506,1495739729.190465,563723403.90631,423439108.99607134,631902102.5592232,1332550961.1596208,1462830485.5082874,1274257331.2113972,416475903.52755594,2207836537.1194925,549117312.9963412,956067376.5287588,919768141.0576576,1150106763.6015244,720803518.5993795
1171583181.203514,542377016.4181421,743833852.245241,4077348617.5294313,1712543996.5967636,1054560775.6686814,655575108.1152588,526578706.17368436,1294542774.8625715,915553188.3114675,493472725.71342874,1492571481.6918232,561854215.056519,417707692.72006345,625517830.862282,1331296761.2248569,1459139837.2820015,1269244191.1451654,415993487.554124,2198162744.3642435,548964787.036016,954877513.348354,919468324.2216704,1148097034.611578,720613178.0964206
1168875813.2345653,541267167.1989138,742724318.8845376,4073630234.458138,1699895556.2742991,1050340972.3297901,654908706.0188875,525418575.3072971,1271049149.415287,868130255.0692433,492803635.0534744,1488185334.582584,559578669.3724421,415992665.5084755,623089824.0707073,1330000358.152084,1453306142.5281897,1267329869.4709368,415455255.9505085,2190925699.4300156,548334181.1299964,950697351.9703887,918495210.7603973,1146600464.4195085,720392995.9722776
1167214022.218532,540843961.7148952,742100737.0064222,4033652036.417988,1695913465.8668618,1049037038.3406671,653937617.0428333,524341037.18323034,1269329417.3306487,856736870.4290922,491928399.18381095,1485054526.3820353,557075909.3025626,413336209.96079373,620201968.3875397,1328088197.2025595,1450006513.530503,1263637957.0269532,406198082.3914562,2180495285.487538,548041120.8362553,947147747.0065489,913094923.3235402,1144614644.316435,719955356.5230564
1165488110.6061568,539644525.2937397,741393771.4098113,4020657231.002725,1691955588.9024885,1046302055.1788454,653159743.7395794,511913118.3303506,1266884209.1112516,849781326.6089513,491748222.49384564,1483162728.987923,555775853.3176999,411043701.8621645,617041732.1574539,1324229591.4112222,1445118612.9047225,1259896007.391667,403946113.2763276,2174205777.3771734,534374543.72176313,942730006.5101824,909710641.7746987,1142754519.6164248,714227330.8719728
1163835189.8549824,539615983.6567107,740264480.301831,4007253130.8662453,1683025450.8754854,1045413911.8139274,652272756.4116211,490592024.6211959,1263527276.2110415,837001101.0235547,491532007.72484833,1479499565.7266662,554245867.8269417,408510692.7487962,614415340.2757292,1323109458.2532191,1443464822.7223988,1258962137.2121553,402199144.4604202,2168562152.8614826,533476629.1654448,940083509.1317527,906775755.2977574,1140175502.9680302,712928090.6094524
1162373439.538715,539568761.3743654,739909307.600841,3996638883.553882,1673569137.9073207,1044803890.935642,651356698.8891817,488158507.3223743,1262216835.4488087,830927279.6011515,491286413.5929347,1469317011.8012128,552923087.8391956,406704560.963002,612901320.5472226,1319249812.5883663,1438926839.867205,1256810520.1394727,400545631.30464816,2165048016.0791574,532349123.32124865,938579991.5902891,904887065.8090351,1138311274.3352065,712124991.0777936
1160728717.1490216,538570285.2953244,739493187.5779299,3985093811.2701335,1665723029.2699144,1042996402.4896636,650297728.6871227,487497043.4864117,1261695361.8862057,824068034.428053,491178336.79259056,1465793963.978002,552172588.6991104,406251704.36193746,611953057.8920794,1317501483.6128762,1431513876.6455858,1253261871.7015293,400143364.92151,2153608737.2292924,531503434.2032814,937144953.7642448,903691257.8899896,1134446337.2877498,707416531.721216
1158168440.3345728,537682940.2187804,739206203.4413979,3974282275.988645,1664402782.2581573,1042314123.8413188,649551900.3310167,484128412.6318115,1261355188.8178325,817362336.8554597,491063998.44078517,1463061758.8321307,551397025.4314911,403803792.04961544,609994596.4071097,1312211732.9140294,1428937156.3973212,1251504357.6768074,399869961.6184705,2146421656.1366477,531115116.65662014,936176511.5286074,902580318.1055857,1124378057.6268597,693872896.5286584
1156726048.3756738,537202058.1389759,733552639.6215106,3970092459.459136,1649345641.6710286,1041799893.528646,649371879.549828,482967444.9363538,1236865007.232866,814667763.1253132,491000216.4132427,1459806070.2873967,550380945.4836112,401069886.0738388,608264108.4508822,1307441680.6188512,1427142078.383158,1249751523.7772737,398751899.4659048,2141666628.4437099,529437676.85677445,922231509.1198395,901324147.7574266,1119048897.6979647,666926767.5168014
1156011700.218545,520833113.17869794,733143843.4680519,3964080965.564243,1646853673.0318437,1041543697.5310817,649052072.7598145,479458421.5160981,1227197198.5557382,812082119.5453631,490941737.94446456,1457983210.141475,549503828.6531276,399714105.04241985,606139228.8212266,1304861493.3602395,1425848042.495178,1227266478.3400726,393130858.47724015,2137569553.8327365,529037635.415674,896540684.5254748,900204603.4335339,1102370742.5672216,664389556.7000608
1153462836.782717,517267808.8258918,732742129.3364025,3951668675.8771915,1642856383.192968,1041441108.7997148,613844920.0036045,477770398.42949045,1225885120.089581,807535867.2604455,490884196.6819761,1454971344.167959,549072135.9346215,397305617.9518354,604925140.9627118,1302989670.3502126,1421604662.734453,1217345122.2720306,389979898.37613106,2126039091.4821587,528595897.9810144,887628879.2150621,898884731.3727093,1096721154.3211212,661113322.0966238
1150090477.263011,513578820.76042974,732664017.5544281,3852914967.83855,1640717159.804436,1036469815.4648432,613606398.3783492,476810731.4975295,1224332287.8286772,803246808.9461687,490796943.55534065,1451079752.6879342,546090496.6324978,396618631.40404963,604163888.2840581,1302317157.5312755,1420156088.9372926,1213790520.6358492,389505195.125781,2122068011.722819,527955164.94319427,884562967.1335926,897723689.504252,1095273630.8271098,660056759.770257
1148842170.1378808,510886621.3917708,732448275.5112878,3826252717.064105,1638040214.6433563,1036333948.4834245,611794700.144798,475935029.8948295,1222868509.9617827,802435824.6314725,488009009.6650826,1447534710.1001294,544204813.2582442,395460593.03757393,603012220.4244665,1300542589.8265567,1418740849.055365,1211631147.3243442,388931169.72510254,2118485347.8715432,527615696.1771523,875280871.7670829,897600360.2741529,1093247660.1573298,659336914.886955
1147085398.6835675,509543962.62330854,731722153.0294964,3800204572.987833,1637143239.3126168,1030139053.800031,610219342.7527378,475314084.4898508,1219001348.1867654,800338292.6623793,487912344.80007505,1443845249.6090164,543986621.4483682,393642661.0345361,602386151.4599438,1299166125.4638684,1417433334.3640277,1208106830.091752,387546155.91580063,2111366929.0299826,527407807.8329037,871873046.7581155,897449373.7811489,1091123411.1510248,654360533.4036292
1145675924.0994976,506887243.7523774,729408094.1993767,3790093054.169723,1636243589.3862948,1029484825.6417011,603342449.7261659,474684025.2605722,1206193910.9745777,798700112.5960884,487336496.91454744,1438625240.5037677,542218840.1230718,392670555.1046484,598464017.7529734,1298636821.933742,1395734506.4870203,1206234183.8236976,386581834.56610525,2107638590.0727787,527277301.0617047,870936264.7810512,897355694.7722101,1089034199.0998259,646385534.3322461
1133022184.3953903,504592714.1676339,729123904.7723223,3779631943.2441607,1599755370.469847,1028215049.0481858,593283177.1505489,474431725.68297017,1204220134.7675068,797682323.9946692,487067031.9794783,1423871498.3165894,540064683.5773139,391774991.03930724,596917565.058653,1298140350.2565968,1390951059.2334523,1205446167.407345,386181443.254658,2103714686.9161577,519923219.1529457,864862106.9567553,894981781.6458948,1088213927.5562348,645298313.1829011
1095042879.1237113,501921784.11493534,728419929.1937189,3764301643.112619,1597495811.056472,1022229888.580549,590815298.3961233,474194065.4125136,1202435150.1472387,796577435.7378165,486582449.6806289,1413881437.5088022,539010601.722539,389443680.9316575,594451400.1801765,1297953455.6328738,1387790746.7157273,1204355490.3556018,385407467.2435808,2095892526.6042957,517939784.1429731,864274388.1629077,894768554.988372,1087373367.608122,643562729.2118757
1090506944.6683054,500575948.8408354,710948927.2074175,3747047024.0070395,1593565628.3802242,1021903216.6466818,589844204.5259404,473872120.60567033,1199037253.5201085,795617163.8550628,486165742.8873279,1408617218.3793437,535180822.61067337,388613425.63634807,594204141.3773141,1297759594.8497295,1386839788.369815,1203396584.6506345,379695093.0942993,2095002556.8566153,516997367.11044043,859152842.9026065,894133883.3443116,1079540015.2744274,641593420.163157
1084258785.2881918,499233904.00778306,702108040.5508313,3701665245.2718296,1591708949.306035,1020468370.6794502,587861053.5780327,473717701.5189412,1198171296.5622087,790746830.5735973,484489326.7973405,1404925072.8519275,531963836.6015269,387137949.18484664,594014347.4155879,1296034175.5703003,1385690348.0739226,1201652710.135667,379226414.92809165,2094287772.8036442,516770723.3737675,847160977.522044,894025530.0269324,1077506690.4934938,641086786.8072642
1078466806.1512945,497678654.8005904,699861427.4816086,3694772540.298222,1588553058.806263,1018114412.1802093,585742054.8052671,466882442.9849686,1194360179.5637662,788592017.8478289,483549607.2823539,1401812199.4470906,528980070.91062987,386720700.53402174,593920262.9765595,1248339922.1972923,1384375953.9492416,1201181994.134014,376002398.516471,2093436211.9718575,516715334.282287,845589574.780832,893931600.0393509,1075423291.380572,640037402.8364855
1070411477.4321923,496892877.9488851,698235037.7309636,3641750125.825988,1584871852.0266628,1009059802.2265178,584305855.670712,463400717.0043783,1193341094.273334,768857836.3838006,482778818.4921699,1396885709.2997665,528440977.31418914,386296549.7513559,593453203.6979897,1235546179.3830025,1367109389.9862669,1200578610.2790577,374289392.1062474,2093065828.1933734,516688132.9312206,845507695.4062773,893706226.0555009,1074586815.7561274,639010256.4524614
1066809695.4392147,495986828.30902964,696376343.831959,3628584755.90509,1577963271.0696983,998487014.8947991,582556689.5170017,462068582.59602135,1192928584.0068588,759381748.3162433,482446022.8016553,1392149378.8721297,527444853.4169359,385845479.5612631,593185682.6168126,1228177033.809729,1337015592.8292031,1182764973.472728,373580969.28121895,2060106511.321472,516676295.0071175,844652351.1008403,892801598.6914786,1073246410.1561701,638309786.8752793
1065036441.3458998,494968309.6412828,694100114.7695982,3606927468.5868382,1575002637.3693657,995324678.3024871,581756215.627589,461592577.6761071,1192416353.039028,758371440.453639,480468741.28732073,1388833543.0952585,527082185.38335544,384943910.3932468,593048958.7621042,1220260283.7056448,1332658373.5192373,1150648529.4842384,373431363.97152436,2047405434.739212,516662978.3496045,843837809.7275352,890054614.9363614,1068199974.5321802,637798293.5038041
1063328796.7899824,493746928.7079979,693154620.2361265,3587255169.639254,1568444114.3941681,994724264.475679,580991677.021306,461242139.77604306,1191188197.5492125,757081531.4792776,478659985.7404934,1386855333.826354,526750204.17119336,384708021.5612266,592390082.7323687,1216985232.26081,1326891381.9552057,1134729440.8342361,371970610.08750504,2037721262.0536618,516126472.2036809,843433911.7147021,888967627.1812271,1064338905.3186615,637454012.6211866
1062579212.9953116,492851713.2447639,674206164.5724143,3568717935.51,1469584774.516631,971352986.1641955,579896440.4197338,454571278.7913935,1190843028.7859528,755980950.1774268,477236070.1763381,1384089396.1221793,526433701.2549317,376638542.0738025,592150943.2928562,1177624171.2837596,1324892223.5821574,1096422843.4265296,369118785.5840726,2028757222.7247424,514230416.8277386,842870885.5180911,888021948.9652086,1062527123.106524,637331064.237166
1062138086.4228535,491890235.4861974,673125792.4962015,3559443614.928924,1428201066.2959723,968550734.9228978,578776275.6481453,454192071.3493669,1186591014.830801,753377037.6958789,475916388.9628495,1378300077.141217,526080752.53895724,374820206.32100904,591623286.5657221,1172838143.5502217,1319974865.016768,1092080884.174942,368687190.16595614,2023729677.8481607,506091322.9191062,839843895.8475844,885965504.7027884,1062177291.7028551,637205295.8859986
1061377717.9715441,490436746.83013624,673005220.4029479,3555422929.941328,1411940426.95946,967775513.7350323,575437905.4132962,454076658.5711234,1179815599.4561038,751836735.4102461,475169481.4776944,1376866533.2874036,525493962.96402395,371837226.8855565,591292274.272804,1164255068.5625038,1316797123.230599,1090313048.0567212,368117497.2291361,2018850373.4673448,504952137.433169,838452302.59657,885631142.602265,1061517582.9273164,636659502.7392008
1055176856.2565551,488591893.637554,672817109.9765263,3547207452.350294,1397849750.8287547,966547061.1615623,571239250.9247863,453826323.1283146,1155007761.0612056,747657547.0482473,473956398.19713247,1375858020.611797,525387311.2860141,370328140.2077155,590796667.5984403,1160348623.971864,1303871615.633808,1090023225.4969244,367329420.41222394,1999248149.5078983,501732863.2246989,837551533.0810385,884028320.4819335,1061059209.5570548,634583539.4289587
1026706234.7410066,487665585.31582874,672541648.4935284,3532350506.2195497,1380797123.6908514,965883139.3959432,570326250.1405603,453430679.76433265,1154112053.9856153,735816650.8988271,472866065.09790874,1374431844.3931024,524742737.7205237,369747351.8907931,590386330.8351332,1157700921.0593035,1301084596.6448712,1089239505.7331147,366618231.70827925,1993374086.408711,499359688.7102982,836946275.6056237,883749526.3214383,1060860574.7219567,631365331.3276262
1024458729.2763623,486612398.78170496,671878730.370644,3446496324.366219,1372203785.7779655,965476206.3335867,555198459.4121554,452035124.5317528,1148712100.4249585,732536185.6327413,471981925.25068396,1370885439.7034297,524571184.447518,369439281.8888333,589541869.0589844,1155249846.7204747,1296706575.1829524,1087268180.3389816,366209134.36499316,1992114947.201718,498435321.7929036,836453887.5477941,883009472.9519478,1060639479.7592359,625790578.8189138
1023154898.612608,486287098.7738142,670269919.2654388,3429800550.1246357,1347194961.739387,965194777.1602384,530193082.91731066,450925278.28292763,1142530485.1510453,729170165.9069064,471517078.6185153,1370443710.6384923,523427069.2826766,369110443.34218025,588467566.6385587,1153768543.4747026,1294411160.3557448,1086779343.0904849,365702906.11841506,1984459292.0403068,497876212.2682875,820812736.126133,879323299.6259058,1055582267.5506601,621744087.91255
1023079866.8415093,485694303.8463241,669688311.1401323,3414581134.061514,1340575871.636752,963598566.7284561,527404570.3909402,449706635.71455586,1141721239.1708286,728125395.8968617,470450479.74731094,1365082574.7399123,522300061.20940727,368754698.58811235,582645871.6692277,1151489704.683759,1292071538.1583054,1084550325.0986054,365254456.66176987,1979613792.001042,497287043.7786756,810726893.5540833,878611560.3013421,1054303855.0978736,620355352.1109737
1021958950.0416265,485507047.2047554,669546450.0103915,3400758044.2245197,1336461418.3629005,959563740.0630221,523599373.03343564,448857749.24451995,1141626499.7340143,716378326.1394843,470097427.2284318,1363657345.953182,521165458.2603736,368617239.0322268,574977786.5485392,1135820318.660726,1291246790.1233034,1083994406.0026405,364350730.01151204,1974718157.8827796,493952313.1290446,808959155.6290191,877984593.1154357,1032190864.0714006,619685456.1305484
1021185485.4235157,482276789.5286366,667778741.5342995,3393426783.724192,1333793668.921836,946515461.5119301,517865810.54794204,448344927.5858549,1141550472.7195597,715313955.7593886,469813327.84924936,1360124035.4938538,506064819.8296586,364388569.6225241,564721763.2689523,1121341480.539411,1290885162.4126673,1083468799.1972175,363303883.3018485,1968206662.4245813,493280693.5227751,807322776.9279819,876162983.1090266,1019595403.2956406,619167306.9325098
1020302258.8890643,481557156.0923388,665164332.1483548,3390347994.146747,1329450093.523669,941004095.6251395,515198470.7623962,438240266.0423436,1126075892.3406944,714142508.1808697,469625572.6142255,1358855082.8659577,505553627.2467986,359539967.95885366,560221030.4344707,1119215040.612727,1280269586.4774754,1081085275.360607,363162306.2760483,1793587314.959958,492560101.90820915,806187701.8525468,875932583.63269,1011660456.8471109,591063559.0849302
1019632733.1627383,480164664.2090998,664772191.3452449,3383706770.0224857,1326089930.6826587,910819695.8581976,514177247.4609901,436589018.74899435,1106979421.888834,713569969.9889888,469537562.2706319,1356743391.367282,505333685.03976005,359320650.1986245,557917456.3167837,1098422462.9014497,1274126790.8212998,1080528666.447956,363033338.3424257,1765897202.3529255,492149907.3309299,792986403.7977326,874512655.8868684,1005905853.5283915,589303401.2398603
1019345678.8629405,479371724.50592417,664018867.8783371,3382249110.290119,1309561990.02741,903237980.6445975,510640577.3372282,425973627.29467,1096662776.7751436,713328255.1032264,458502032.2826143,1355577924.587511,505192332.2248911,359074698.5234332,557342889.3979504,1097968161.5608094,1266987639.2657528,1069575027.9379916,362107731.3374014,1736639395.8894827,491817172.8359113,790556578.1534668,873488024.6660148,1001912810.0056237,586480739.2755903
1018993205.6407043,479090223.75133646,663576491.2732602,3380789801.660031,1292799815.2629218,902192726.5181658,508049775.8665165,420569419.4989678,1089037630.6212637,712314695.9418169,456885100.10588115,1355014363.36446,504815823.25798434,358942227.8536028,556218034.2610856,1097481267.414744,1258937067.4415042,1061511925.3695633,361988609.1048691,1706317317.8695881,491649424.0493748,787371546.3879572,865978813.9389843,1000493674.3347961,585411274.188555
991543744.0821902,478883752.58158654,662016986.222534,3331300342.7513638,1287551763.700801,900748099.7241843,507058174.2072407,419679701.56433135,1085500138.6173663,711844435.0056851,453406606.4938527,1303474361.404849,503843450.73532295,358923595.9940087,555168588.7382853,1095839962.7756333,1257557434.9133668,1060018083.5228816,361730736.1520278,1692848782.219266,491495805.36567175,783948450.0424607,865452893.8563348,999182576.1607833,580728665.3378203
975861045.1907877,477532470.266039,661608150.61076,3273326096.7379007,1282110508.952895,900095572.933876,506798970.5381702,419388296.51383245,1083199275.8582666,710486876.8022048,445218025.4771458,1298893448.2846377,503514503.4815792,357771659.01394856,554972255.720089,1092542609.30193,1255765250.7078476,1059753269.9025413,361658531.1747227,1684569974.9753125,491061308.49235404,780954318.0320023,863122354.9415265,997363814.6040401,578463738.7332213
975550740.929453,477229266.1140659,661450202.6582637,3250817563.192045,1279646049.658463,899578160.6905831,506603618.712807,419230373.3028668,1080976652.9715989,701766991.9715838,444255327.6645916,1297696621.9600215,503337140.5959393,355352935.2820513,554002991.7623092,1078803227.6678827,1254725516.0954738,1058001654.3734412,360470363.25795054,1679518162.6575117,486791893.7679611,779226739.424892,856609109.6795614,991803452.9971119,576611330.2776533
969777300.0227705,468947782.7103605,661197640.8878684,3229665657.90285,1273565638.0934014,890471005.161661,505963134.9834542,418147716.0526611,1080348667.742326,685828847.222121,443787277.8190836,1296247667.7934818,503097131.37421143,354382252.1191711,548599540.7156624,1077076853.91115,1252709423.497548,1056620881.0139962,359668984.1273736,1676748397.3750222,486336043.90198046,777892262.8839068,845270712.9377272,952409065.9295306,575314565.9807439
966179543.9145755,467336554.05023384,661017743.8530985,3223392130.5814805,1270814917.1253507,883919015.3364706,505242131.43224156,413564564.4015825,1079475319.9772463,684334540.9546609,443697766.2601907,1295730526.1133277,503030235.94688684,354098769.113579,546973226.680141,1075793001.7483315,1248453901.2525632,1050764914.1878641,359506109.23880285,1640187291.965451,485645212.2704505,775569782.3501981,812735017.6887274,938184070.8054849,573878619.4487951
961202213.356447,465800860.4571614,660869792.818418,3216333985.1897373,1262392546.6694846,860125459.7994107,501472920.72644824,413139574.477562,1077414993.2501137,682751790.1802387,443320839.47816616,1288641589.4124153,502864819.828717,346555550.53721416,542625802.55681,1074577860.3398223,1241701434.0849197,1048347561.7991498,358548636.6346427,1632248028.22923,485244775.49092406,771228988.0599674,807330627.1425924,937669433.5386219,573100324.620247
959694171.3179414,465425828.86350715,659255082.5562963,3212780094.4877357,1257001328.4293022,857428120.1907109,488200331.7195966,412798342.4987089,1068363379.186834,681348182.5589669,443094876.2915687,1285933707.239367,502786855.56869954,345778060.7670873,538826627.3864545,1072756313.1880975,1238858998.0688481,1047105337.7044921,353150654.9952293,1629783538.8286195,484812914.9716673,770727428.7935841,806713226.9645127,936133587.36143,572302908.5477798
959386830.0329504,465240847.55242896,653991220.0253192,3205576694.7256117,1255976740.429367,856736219.4106872,482759992.6777209,408555210.5986102,1064948661.7956622,680635323.5532086,442667179.2074609,1284077404.0551937,500822225.9931653,345248645.54660994,536673574.50462186,1069091917.975503,1237729815.2920835,1038263655.7617781,352945134.82340074,1610206538.1148107,484309369.6654049,768976732.1860795,801874363.5220729,919887512.3521965,568236844.8715653
958591855.0788735,459089699.98838484,648894243.17291,3197294824.08782,1236974045.7691076,853842082.6936935,481196424.70020527,407523271.2466891,1062863093.0289673,679069878.3677313,431033581.2525881,1282034141.6566594,500733449.9796486,342585343.7080327,534839012.98648393,1056910352.8891232,1236660832.8184874,1028832366.5316443,352822297.70296955,1600657824.912701,482572568.33270985,767587718.1630709,801127976.0154163,918115164.8224914,567898688.7546878
949262594.2421886,457035650.331817,646275748.2594703,3086665893.7271934,1227397554.0867763,853102925.5429587,480189663.3658668,407141508.07651746,1061351517.2150775,677863121.4526856,430302158.2488118,1281718527.4569485,500719624.6955119,342195695.44700414,532515876.51515025,1055425383.2520136,1208572118.1171062,1027254779.3509068,352550506.56455976,1596336234.4255319,481406859.79749644,767350809.1801115,800115437.0021218,906246750.0105127,567322719.3150839
948507939.1691401,455489391.39537364,645177151.712043,3078474622.559614,1222943729.3125725,851553896.9472885,477560572.17807496,406749656.6151376,1055093884.9839662,677618652.8302982,429842637.95890385,1281143207.9453373,498217768.807978,335986885.1424518,530619101.34030384,1050172863.8459525,1174626027.498533,1026931798.4543457,351808299.54219043,1576107533.3311486,481226072.68762636,746424670.9043906,799728239.685922,901453768.6621281,566758454.442909
945195691.8922988,454585023.90397656,644979558.6063758,3046112137.382812,1222851032.2627754,850121276.8138359,475117798.4583976,406405825.6562957,1053789543.8569945,677560615.1259886,427387441.2273576,1280669173.4195614,497510149.56639194,334377634.0093291,529514393.4813156,1035075263.6070012,1169777074.0676968,1024311366.7887768,351635923.570187,1558722059.4749205,480965055.2893227,744889346.0466267,777037028.1615261,900370638.5848464,566616522.3642795
944331865.5752635,453916599.9643547,644843312.9536598,2998270466.4371877,1222830557.3491442,849701070.4159689,469868856.8801359,406110693.980158,1053117941.2682787,674834668.9474572,423862657.10241115,1278942621.9268875,496856383.91782355,333337641.72172076,528129971.2449155,1034464546.6528229,1168993824.0664783,1021901149.163391,336692983.67411304,1550182401.5016835,480717210.2085848,743565455.2028,776588389.0543299,882802595.4343939,566185853.1859368
934727807.7905284,451840439.9938854,644694892.1454282,2987170250.7965355,1216801699.8632817,849284885.6314689,466563248.92277443,405761765.2819051,1052778531.3885598,674295149.3433783,419592844.9267088,1278025075.9060173,493098868.5325345,331007308.6247805,526798678.9059039,1032585680.7643925,1167959700.406528,1020826529.5809444,334817131.4884967,1539313584.2250733,480657363.6980292,736053849.1812956,775783087.3802265,875407754.6330925,564426920.5538281
911577247.7774942,447140847.12983334,636447040.6876426,2981720610.873221,1215767501.106859,849089002.5903769,462141626.2063117,405369698.4415126,1043315695.9888257,673995754.6601987,418673428.5504441,1274705947.5464985,492171218.1775177,324720190.3434266,526240083.5336558,1029641699.4840266,1158352863.787801,1020530258.1050539,334484895.8176286,1536417713.9814587,479394094.7227403,733410043.0248033,774864964.0852956,872364249.0869867,553428809.424814
860815271.3401252,441316566.921981,634619168.7591915,2935945642.1162825,1181157569.514875,842687223.5133102,461603530.99541867,405213441.4757976,1042220500.5292878,671959510.1745709,417863668.7017523,1273770973.6280913,491564920.299647,324472770.59952915,518951567.80191743,1014334609.0035326,1156504043.7541885,1019029719.2092807,333236792.3166441,1533573022.8282435,479239072.0323619,732331080.6253827,771039740.8467901,870630592.3094261,545244616.4123206
856029885.9719048,440004708.86141014,634495316.4594932,2932422873.1774836,1164421278.7802138,841969210.6050406,461038169.61096543,405104190.3016117,1041301382.7633687,671494143.3581053,417087978.68974465,1273395751.194328,489684877.47677404,324072998.78356385,518508838.8292789,1013323325.3886546,1155172590.3737247,1018201349.20046,332902502.2337089,1531123250.3377068,476991474.6188284,730641949.4245119,770464846.9167525,869487995.6169121,544590062.362858
854176672.8514513,427867700.8687117,634445943.6360407,2928470828.511687,1161997050.3889766,834398674.5029359,460801347.19734603,405080371.3964966,1040454546.6014085,671027640.5851022,417004906.3398235,1271866624.1164696,488321563.1117284,323958921.04529047,517609415.2071534,1000551899.0782158,1154117728.6615293,1002502089.1440837,332761227.5437213,1528848355.776181,476774714.930624,728705847.9548478,768755019.6026348,869047816.5382192,544311954.5955985
852577001.4855672,427238748.0138086,634399064.9046243,2928152362.126266,1161506444.6863892,833715212.7619629,457733915.419141,401418384.6284955,1040089440.2912363,658954572.4714851,411193513.72835577,1266019209.910567,487789654.89500386,319812591.1685683,517188634.2285561,997214626.3455681,1152516395.8808372,1000263980.7426002,329177050.1827745,1528435419.2451515,476447683.1100453,725043270.0113474,750669420.9397739,868929974.858095,544154417.6643882
852244307.7527777,425916436.5451451,634298892.1993828,2903495885.721648,1159671294.6329165,832934613.0147829,456719997.6535027,401132751.60051507,1038433938.3372655,655639561.41045,394737437.9124253,1265547725.6187446,487504499.1184361,319108614.75248134,516786904.33542275,995748407.6192707,1137818125.931722,988002084.3572403,320886988.1511587,1521031385.2093012,476337889.99873394,723713787.7173591,742104362.7251314,868525749.9177716,541319988.3092093
846826646.8593471,424847871.6540599,634173325.579088,2879614985.145697,1158574265.755921,832612600.4282155,455827223.4744875,400797745.38014895,1029022384.1568158,654083498.5114131,393320064.62026817,1199936155.520072,487212513.3613598,318652671.7865809,516737527.7199031,994310594.8103684,1126169799.8601365,981015784.9326004,317596338.06420124,1496668205.7280946,476258219.6453271,722573847.9989245,718506011.4475803,853597233.8023357,536255843.485227
839937718.0754775,423819620.7347862,634083026.220551,2877022427.632345,1157867632.634116,830599291.2884588,450812867.0336765,398206829.0377588,1028826070.7506319,653393351.530263,392230126.63852906,1197141591.9277287,487113012.0970205,311420290.81195194,516613493.6431122,990482772.0066006,1124549784.2381747,979728276.7259393,316571743.2716695,1484544844.6370115,474901604.52079886,722032879.6691294,716879257.8644631,849863652.1955216,531282840.77214473
830513868.6152784,422697394.32004565,633977836.4649456,2874226227.879758,1150869074.0213292,830217114.708762,449756942.166943,398141716.8123459,1020228940.3934896,648742860.2081039,392087531.4772601,1195499480.167668,477078538.27191657,304166481.60021466,516521016.8517775,988493468.7977102,1118453233.6438508,979322357.7097495,315311773.06531435,1472148630.350897,474253988.0963464,719387561.8385592,715399102.898782,848346770.5971721,529389505.37804306
829398288.5057534,419364474.66756034,633946634.4722005,2872351650.6605864,1149330013.9564078,806914108.8105363,446651818.40682375,398133399.1737564,1018513307.1431313,647432853.0330489,391981659.5926186,1194326781.9022055,475619728.7508807,303928532.8583838,516208649.69038785,978043303.2851906,1107495667.0471885,978867853.9416451,314176989.9452714,1460807617.004561,473912576.49101985,713648025.6040225,713459532.5825547,843409394.6276023,515280223.3042481
828880091.3431928,413504523.5404441,633733448.9879633,2871513852.028229,1148978872.9810748,806025294.7712138,444180969.39079183,395838336.651449,1017029058.1551948,646027703.4553456,390384779.9034138,1189195485.7306683,474540602.9908199,303406181.73869944,512087543.45511067,977219204.7198805,1102980530.3523614,977213810.9510704,313933809.62617004,1457811488.1344826,471334756.7874506,712577056.3401804,682017524.545653,842244979.5347464,511555158.8628424
828373445.5258372,411372969.4372722,633389917.2990416,2844941475.656015,1127930792.1480227,802337821.5840025,443468120.9167915,395612258.1248786,1001049410.2647071,644589964.9554911,389744795.85103935,1183863555.577484,471912015.52068156,303024811.8846385,509451710.96389407,976242552.7675407,1086477067.2632508,973250695.4776516,313190419.6102346,1455488529.8423705,470295179.5224207,703047717.6862231,676791999.8335687,840740826.9770331,510486154.9241451
828318354.2274253,410256570.05213857,632493873.8130554,2838207373.160276,1122063919.4174712,798921283.7764899,435235968.10306317,395533900.22499806,983339042.8685309,644039501.0719688,388494731.23391855,1182675232.6966307,471557955.48244935,302987162.8808359,508254880.2191378,975247092.779095,1084355869.1407452,972875834.896281,312440058.08846486,1449005252.4612153,469612522.92270833,695236954.1234107,674289457.2969878,775698310.23248,508054125.1650179
827228361.8091291,409263476.2884528,630039730.8483641,2833185490.580446,1121206919.8398523,789110903.6215923,434355248.08643305,391285299.1917574,971920853.4472425,643631052.5251851,376147082.5052342,1174355791.3320193,470820815.7207997,302958550.42967737,502725674.3328547,974758945.7842319,1084161685.401248,970308568.234843,309767072.07648313,1444706612.1640537,460050735.4911494,694493952.8433243,673861646.0939426,761687513.7748785,506715586.69259477
819917442.0776281,409037208.71695167,629934784.9171425,2827947468.59589,1119909417.5085042,786400786.6664602,433963538.2976154,390114211.0515137,970638857.6040895,642877239.2948567,373289337.1765136,1166661101.9416387,470753478.1754151,302777944.32680196,501708558.3216281,970728266.6790812,1083332404.3496883,967875476.2230887,305000923.32410264,1443411634.4583876,453861613.11401427,694276816.052185,667602185.3920716,761190223.6555055,483953865.8584633
815757810.2813354,408693283.5578685,629388739.1435106,2713138087.7985673,1119702386.5127761,785543025.0836997,432557004.9915165,381388119.50605893,970134635.2272313,642675555.5523688,372155762.1663925,1160520852.3520718,470640341.4883062,301445225.7400356,501175665.45408523,954614123.35895,1079125358.8953135,967269066.6395162,300889321.4194602,1439012137.7656043,453425607.6493416,693974143.026479,660949848.4122573,760715979.8721122,482388949.01656324
806154153.8489125,407228990.3354941,627867108.6548692,2702606764.092941,1114332435.5047045,785141441.3168993,432025906.4337694,380469864.57011366,954425749.2113214,622667138.2912546,372031302.311326,1159774441.766368,465716977.6034088,300885138.98129797,500744533.14962363,950700593.1750486,1070249850.4370346,966169828.5112225,300369811.2512978,1406138600.6471858,452345494.8516743,692393145.6807325,659717442.5101435,759241880.5361564,481545644.7102404
796793248.2669607,406634739.79933023,627619313.4988159,2700882996.590597,1085944716.0269363,779876863.9712816,429299654.5549971,379953874.3021351,952656575.5786997,620483484.0725417,363909125.9030495,1156427744.4640753,465399301.8670946,300677183.1447755,495356410.67558146,949639907.3743614,1055239775.2790024,961420237.9191251,299764249.1033744,1391610379.749921,449606052.6543377,691352466.7416654,658523668.7915397,759104473.1787096,465969173.704894
794021590.2825418,406035070.8761953,625299414.4019519,2699180447.325838,1059888648.8922231,778903969.8434538,428410157.99036604,379751944.57260025,950849597.8036093,619866424.2021295,362772544.3326111,1154835622.4751484,460786198.6681041,297526373.1152428,495203156.52138776,948996332.5244641,1054351042.153182,959358782.8268533,299221471.08643526,1384536265.8779666,448637088.832414,688679820.1871223,657803655.4506526,757332314.6354753,463998780.05314463
793303721.2900828,397886234.7000775,617909773.0052434,2697942571.8118877,1058982211.618479,778468587.8527669,416603720.2407765,379368213.9180318,918311755.7568114,616458433.9425924,362141061.96022767,1154165840.9274576,457789825.9639233,297182817.69890714,492371306.42560256,948767107.3957895,1036069353.5691713,959233795.6437743,299175122.6377773,1378614247.904127,440025615.67027915,686696793.0901833,657493185.1097174,753350531.2838659,463656566.0974257
792865274.8743525,388316423.71834373,614267527.8499917,2686818937.983051,1057798821.1221848,777812987.5592227,413353399.1589128,376608920.7599611,905944364.7436341,614561267.7588931,358451597.36063546,1151430871.1335852,457684884.5161408,296361922.77853006,489764954.1313302,932340824.4122151,1033501242.3253686,954548502.7341467,299123145.38180673,1373604244.8887913,439546617.545903,682666166.7697932,654118744.754513,751253396.2627603,460903498.2156102
790449276.193814,387759483.87573713,614015524.0840275,2653737564.748997,1055624539.0082352,771188335.0045358,412783406.77355164,375976794.7487789,901994143.4076782,612533467.4405923,358144341.4844581,1146673183.9426808,449042997.40140724,295338612.0441229,487803821.70438033,930593205.3569863,962717454.6310722,953811280.4896998,296355283.43852556,1366084143.4546652,438987024.63401496,681594989.6510174,643863413.742682,751132730.8381194,438333089.015088
763178124.9846534,386701816.8638234,609957664.9945891,2632763653.3817816,1014986226.9429672,770575494.3347174,409433658.1325618,360368251.7036624,895915249.3478432,611759650.2317638,357611274.02209735,1119275462.8841853,448714191.3616427,293375538.79209036,484705492.64329123,928855383.996087,954343858.5908821,951523753.4930017,295830196.35420376,1358728814.8765106,438925877.33953613,681485973.2883568,635399744.723772,747444620.2296114,425995294.0204157
761185114.7245361,385456133.02959764,608510742.2926846,2602430662.3636584,1007157334.6995976,770075137.43749,406176601.3615081,358577851.7479551,895638996.0195926,604047141.136114,351467622.22374916,1110656455.0074863,441233486.2736715,293205667.41999066,483946696.1832974,927856562.4225242,952836031.5408378,946145819.6247921,294927814.3021666,1321473911.0234613,435568282.2820939,677337016.7880898,634241011.1329072,746368370.7543142,425694659.8127207
746520692.7232937,385348032.47953814,605841009.8629024,2596632141.0169015,1006988099.1567278,769370772.6651089,405454549.15927684,358228761.9026911,892573785.2819408,603609475.7447575,351193591.6768032,1107413137.4928706,440206890.4279335,292557877.9671323,479164591.39171964,926061079.9030687,932401718.4150559,939768750.635533,290577341.00106966,1319171365.9270058,427520842.278271,673624424.6399255,629244105.2762239,745493903.3834506,424947525.33811855
744191769.998606,370501559.5772872,604711620.7461531,2579981739.7956076,973093205.8580494,766011148.4537168,404333157.2922429,357799478.4631245,873336420.3470927,602238014.455663,350469207.3986254,1107319317.4529512,439856778.655648,291976914.5227663,463883780.5314442,923308986.7297866,929949233.673372,936657522.7638831,290398820.9562536,1300963646.7782621,427071296.966922,673011866.3200088,627193314.7603052,736726822.4385952,424740827.4883334
743802324.1760373,358603937.5720261,604566679.450545,2575084107.542793,972007997.2852439,760978800.367045,403269334.33850265,357458736.450033,867565053.5847331,595401329.2103863,350164061.79885036,1102079199.9097672,439172666.285503,291867657.06779575,460919357.4126427,919120640.3344773,928132164.9218838,935805337.1514261,287572883.5866726,1269922741.6293614,419982884.0359243,671994176.7300698,626864477.5220693,705983600.3612283,421828240.53238505
743640009.8164525,358465908.5165009,601076605.4152458,2560676689.817155,969530466.953047,760265585.50037,402451867.0827119,357269938.45886165,867248735.1143554,594791472.5940707,348808665.14597565,1101740196.1981552,426321302.7707613,291495942.071677,458643942.0373751,913444788.1002584,925079679.1059546,935552458.1691692,287383305.04092646,1264109331.721037,419358014.67432463,671954062.8786396,626800820.2834748,705658138.7189167,421122243.44916356
743115847.8855736,357815910.57577467,600099487.6876289,2553518339.204235,962619789.5714169,759640896.2581488,399564725.7261094,351349287.4566256,863091472.9603368,588290115.0999006,343974591.1635641,1099966904.7058737,401412656.188077,290197636.55742925,456291612.10955715,911225413.3677843,889465448.2647616,934208163.8118932,287211713.08803385,1241822616.6312037,419172280.3850571,671225529.0518168,623991890.1292375,705319481.2725061,421031897.13680124
741435777.3759396,357725702.29635835,597905927.8126494,2553224806.8672614,962273389.8904767,756081071.1475629,386321622.79015875,348004138.32938796,861821817.2013768,587410468.2194425,343779744.2486963,1098883936.1240737,400677537.1139421,287762828.1232122,451863964.60538316,891797098.17155,889295414.923008,933579682.2473799,286218085.28314805,1218888410.308461,413459076.1529226,666284852.5885568,622297606.6456648,701122576.6681056,420423004.0679194
735855604.8606668,351626132.40510035,594172526.0047268,2493517200.0495477,946421533.0194578,755892269.3353472,385445486.6856014,347781973.1004726,855494185.1036391,582735910.4107032,342390997.6772702,1097983639.1727235,400520037.0409357,287585464.6376004,447205383.9115695,869504031.4589763,866989974.6925824,928310809.885662,284687322.9965643,1218442197.8873966,399486798.6062331,666105512.0122037,619767026.3571234,699431619.9315356,411474971.119673
735598463.5989983,349239383.6870017,594026603.1557987,2458440915.692738,939194013.912405,755615718.8901489,378625051.71160436,345520334.1382195,850405549.6395892,575593748.9275925,338876041.99731123,1088648370.5982401,400470374.8361046,287453892.8129202,445524742.6906962,869407199.1598586,866346097.7685072,926551105.5964389,284415735.4830733,1212410526.7635646,395108666.45724034,665887998.388772,613942355.4748834,679765484.8758376,406798043.87288976
734183899.6010239,349159519.9529717,593940085.9913871,2389215984.8773746,938646911.998901,751685747.1454895,376753086.0329816,345163826.5203625,828826611.1422282,563680287.6239153,332090691.057919,1080346986.9294705,398464573.75623196,285873839.84203947,436427545.0242996,867261814.2237012,856423308.0946912,912818979.8411928,282577028.7586118,1208608844.8928213,394910416.5979668,634199488.8562676,607983145.5254433,677520938.6368032,406500579.93834436
732608407.1966553,349157243.5224541,588470396.8759505,2377853784.9267397,938187863.0105026,746435500.2092564,376501788.2639322,344721006.83473533,818672736.3943596,560158507.8543186,330070872.15549207,1077712028.9755933,393812415.50822735,284934571.144014,435301213.27790964,865821605.9855256,851386078.4771578,906441774.608342,281676275.3733441,1189622435.8016918,393502677.5997466,632907097.354638,607708090.9581544,675178284.0790131,400021549.22240555
732553768.5642045,348764551.50966144,587036138.7638158,2365637709.519285,927714492.3262599,738121838.9009312,373575947.8638844,343562213.8806558,816877003.3016391,551821636.3604957,329153049.02982956,1077513320.519751,392817808.3574388,283876726.74056196,432784404.14978945,864274530.4761394,851081341.8020016,906151481.4816515,281603153.73720646,1187719185.627121,393256607.9817099,624943245.9383812,604077729.0691736,665416640.1890932,393185038.8122717
724115093.5737816,348495194.9183307,586953292.1488726,2358521369.00687,922126333.7067497,736052362.3530353,367522965.2427948,342019513.9146739,815243487.4416486,551759502.1936783,328373243.3498719,1076208827.741956,392732508.10025764,283658002.2001993,411257971.8308375,858797991.9514046,834261861.0255866,903579356.1398737,280780530.9519513,1181139585.6589155,393220716.06088394,623744487.1868799,603336582.1268637,663595447.8514359,393036550.8351265
721849095.7853662,345517656.6356434,584629428.5395283,2352466938.541185,920788319.4664298,734793347.6160159,365804106.15495557,341684779.93462485,814632127.2352096,546103543.4339215,326449390.08386683,1069951510.5226694,387854557.6798069,283607922.86661917,401674460.88638455,850099457.3049269,822503283.6600002,896586749.9421222,278378209.6891546,1176145736.2252924,393186538.1751455,617964409.2165067,601346315.3918552,663258804.5995734,393026309.98595303
718015960.7535868,343835093.7626791,582657716.0438685,2349114731.208348,904280976.7968599,734731752.1408646,365741987.3435375,338852022.06619966,766389517.359126,543643572.6892217,318820038.6809512,1068949150.0198714,385710614.6537687,280400144.8492104,401114807.64724827,850024618.4538463,821523513.130769,896537356.7793767,277601730.4028333,1150042954.744235,390333243.8081026,612633577.7098606,600824318.6702322,644851439.1519974,389245264.6732155
715435149.1436942,343827722.5454961,582617859.1050658,2348277755.7592726,900039308.2859626,731681639.4436097,356310969.33192825,338719105.2591624,761748284.5794541,519201285.49222463,318193271.4974073,1062560282.5384164,385644061.76938975,280348495.76150495,400682455.8669743,849811204.3230569,813456778.2270976,889943059.726854,277057840.8454354,1149199716.8357265,368812824.8023199,612441275.7795614,599767464.070011,637145442.2266974,385509224.7216666
715435016.3898888,331685246.1629033,578858803.090212,2307165268.839621,897362105.1052866,731414113.6429617,354774046.1509568,333751194.9013543,761465897.7110951,512677677.5830761,312854521.1705837,1061167679.4873213,378621119.95159763,274961634.1198033,397727743.6735093,838325591.4124303,812858817.2927178,889431116.075856,276787193.2899208,1147078720.5782485,368008651.44122213,608930890.4355714,599591318.8933866,636932646.771472,384041436.1071663
715435016.3898888,331051709.3149217,578858803.090212,2307165268.839621,897238297.1389456,731414113.6429617,354769622.8753611,333751194.9013543,761465897.7110951,512677677.5830761,312854521.1705837,1061167679.4873213,378405743.23356354,274961634.1198033,397727743.6735093,838325591.4124303,812858817.2927178,883768943.4677904,274259880.0451387,1147078720.5782485,368008651.44122213,608930890.4355714,599591318.8933866,636932646.771472,384041436.1071663
