trial_1,trial_2,trial_3,trial_4,trial_5,trial_6,trial_7,trial_8,trial_9,trial_10,trial_11,trial_12,trial_13,trial_14,trial_15,trial_16,trial_17,trial_18,trial_19,trial_20,trial_21,trial_22,trial_23,trial_24,trial_25
127896488902.68005,101624674233.67462,156202692002.5391,47990830608.13223,48321030174.07792,122237388482.16557,85890972936.09863,101643131243.3563,92723682991.49615,87062789189.2555,104731996900.05708,102665921478.62793,94911466801.19423,68346643776.478226,146392835132.5,87209059875.63882,72015664871.1192,54810774965.81962,112189131961.86613,85235448089.71854,91103163125.17981,116038780636.63246,106650018386.55153,111919590426.73564,70363473532.00543
127896488902.68005,101624674233.67462,153436980717.88678,47990830608.13223,48321030174.07792,103732135364.41321,85890972936.09863,101643131243.3563,92723682991.49615,87062789189.2555,104731996900.05708,102665921478.62793,94911466801.19423,68346643776.478226,146392835132.5,87209059875.63882,72015664871.1192,54810774965.81962,112189131961.86613,85235448089.71854,87351654618.80884,116038780636.63246,106650018386.55153,111919590426.73564,70363473532.00543
127896488902.68005,101624674233.67462,112215302998.62332,47990830608.13223,48321030174.07792,103732135364.41321,85890972936.09863,101643131243.3563,92723682991.49615,87062789189.2555,104731996900.05708,102665921478.62793,73064857205.59958,68346643776.478226,146392835132.5,87209059875.63882,72015664871.1192,54810774965.81962,112189131961.86613,85235448089.71854,74425130526.4996,54817462198.82877,106650018386.55153,111919590426.73564,70363473532.00543
127896488902.68005,101624674233.67462,112215302998.62332,47990830608.13223,48321030174.07792,103732135364.41321,85890972936.09863,101643131243.3563,92723682991.49615,87062789189.2555,104731996900.05708,102665921478.62793,73064857205.59958,68346643776.478226,146392835132.5,87209059875.63882,72015664871.1192,54810774965.81962,112189131961.86613,85235448089.71854,74425130526.4996,54817462198.82877,106650018386.55153,111919590426.73564,70363473532.00543
127896488902.68005,65402394207.066864,112215302998.62332,47990830608.13223,48321030174.07792,103732135364.41321,85890972936.09863,101643131243.3563,92723682991.49615,87062789189.2555,104731996900.05708,102665921478.62793,73064857205.59958,68346643776.478226,146392835132.5,87209059875.63882,72015664871.1192,54810774965.81962,112189131961.86613,85235448089.71854,74425130526.4996,54817462198.82877,106650018386.55153,111919590426.73564,70363473532.00543
127896488902.68005,65402394207.066864,112215302998.62332,47990830608.13223,48321030174.07792,103732135364.41321,85890972936.09863,70663410353.26262,92723682991.49615,87062789189.2555,104731996900.05708,102665921478.62793,73064857205.59958,68346643776.478226,128537178179.03465,87209059875.63882,72015664871.1192,54810774965.81962,112189131961.86613,85235448089.71854,74425130526.4996,54817462198.82877,106650018386.55153,111919590426.73564,70363473532.00543
127896488902.68005,65402394207.066864,93788031291.15775,47990830608.13223,48321030174.07792,103732135364.41321,85890972936.09863,70663410353.26262,84351092802.34186,87062789189.2555,104731996900.05708,102665921478.62793,73064857205.59958,68346643776.478226,121861939367.97763,87209059875.63882,72015664871.1192,54810774965.81962,112189131961.86613,85235448089.71854,74425130526.4996,54817462198.82877,106650018386.55153,111919590426.73564,70363473532.00543
127896488902.68005,43802047471.69006,93788031291.15775,47990830608.13223,48321030174.07792,103732135364.41321,85890972936.09863,70663410353.26262,84351092802.34186,87062789189.2555,104731996900.05708,102665921478.62793,73064857205.59958,68346643776.478226,121861939367.97763,87209059875.63882,72015664871.1192,54810774965.81962,112189131961.86613,85235448089.71854,74425130526.4996,54817462198.82877,106650018386.55153,111919590426.73564,70363473532.00543
127896488902.68005,43802047471.69006,86096419753.61618,47990830608.13223,48321030174.07792,103732135364.41321,85890972936.09863,70663410353.26262,84351092802.34186,87062789189.2555,104731996900.05708,102665921478.62793,73064857205.59958,68346643776.478226,121861939367.97763,87209059875.63882,72015664871.1192,54810774965.81962,112189131961.86613,85235448089.71854,74425130526.4996,54817462198.82877,106650018386.55153,111919590426.73564,70363473532.00543
127358620737.54308,43802047471.69006,86096419753.61618,47990830608.13223,48321030174.07792,103732135364.41321,85890972936.09863,70663410353.26262,84351092802.34186,87062789189.2555,104731996900.05708,102665921478.62793,73064857205.59958,68346643776.478226,121861939367.97763,87209059875.63882,72015664871.1192,54810774965.81962,112189131961.86613,85235448089.71854,74425130526.4996,54817462198.82877,106650018386.55153,107006125391.45532,70363473532.00543
127358620737.54308,43802047471.69006,86096419753.61618,47990830608.13223,48321030174.07792,103732135364.41321,85890972936.09863,70663410353.26262,84351092802.34186,87062789189.2555,104731996900.05708,102665921478.62793,73064857205.59958,68346643776.478226,104005719175.57724,87209059875.63882,72015664871.1192,54810774965.81962,97949534687.3842,85235448089.71854,74425130526.4996,54817462198.82877,106650018386.55153,107006125391.45532,70363473532.00543
127358620737.54308,43802047471.69006,76043346448.68683,47990830608.13223,48321030174.07792,103732135364.41321,85890972936.09863,70663410353.26262,84351092802.34186,87062789189.2555,104731996900.05708,102665921478.62793,73064857205.59958,68346643776.478226,104005719175.57724,87209059875.63882,72015664871.1192,54810774965.81962,97949534687.3842,85235448089.71854,74425130526.4996,54817462198.82877,106650018386.55153,107006125391.45532,70363473532.00543
127358620737.54308,43802047471.69006,76043346448.68683,47990830608.13223,48321030174.07792,103732135364.41321,85890972936.09863,70663410353.26262,84351092802.34186,87062789189.2555,104731996900.05708,102665921478.62793,73064857205.59958,68346643776.478226,67370855600.32508,87209059875.63882,72015664871.1192,54810774965.81962,97949534687.3842,85235448089.71854,74425130526.4996,54817462198.82877,106650018386.55153,107006125391.45532,70363473532.00543
127358620737.54308,43802047471.69006,76043346448.68683,47990830608.13223,48321030174.07792,103732135364.41321,85890972936.09863,70663410353.26262,84351092802.34186,87062789189.2555,41242910134.6748,102665921478.62793,73064857205.59958,68346643776.478226,67370855600.32508,87209059875.63882,72015664871.1192,54810774965.81962,97949534687.3842,85235448089.71854,74425130526.4996,54817462198.82877,92594453816.05319,84909887174.3075,70363473532.00543
127358620737.54308,43802047471.69006,76043346448.68683,47990830608.13223,48321030174.07792,103732135364.41321,85890972936.09863,70663410353.26262,84351092802.34186,87062789189.2555,41242910134.6748,63707030086.778404,73064857205.59958,68346643776.478226,67370855600.32508,87209059875.63882,72015664871.1192,54810774965.81962,85104910021.44467,85235448089.71854,74425130526.4996,54817462198.82877,92594453816.05319,84909887174.3075,70363473532.00543
127358620737.54308,43802047471.69006,76043346448.68683,47990830608.13223,48321030174.07792,103732135364.41321,85890972936.09863,70663410353.26262,84351092802.34186,87062789189.2555,41242910134.6748,63707030086.778404,73064857205.59958,68346643776.478226,67370855600.32508,87209059875.63882,72015664871.1192,54810774965.81962,85104910021.44467,85235448089.71854,74425130526.4996,54817462198.82877,92594453816.05319,84909887174.3075,70363473532.00543
104489587637.4224,43802047471.69006,76043346448.68683,47990830608.13223,48321030174.07792,69458920874.41106,85890972936.09863,70663410353.26262,84351092802.34186,72684887507.2329,41242910134.6748,63707030086.778404,73064857205.59958,68346643776.478226,67370855600.32508,87209059875.63882,72015664871.1192,54810774965.81962,85104910021.44467,85235448089.71854,74425130526.4996,54817462198.82877,92594453816.05319,84909887174.3075,70363473532.00543
104489587637.4224,43802047471.69006,76043346448.68683,47990830608.13223,48321030174.07792,69458920874.41106,85890972936.09863,63139240887.97796,84351092802.34186,72684887507.2329,41242910134.6748,63707030086.778404,67700653326.7841,68346643776.478226,59292781952.853836,87209059875.63882,72015664871.1192,54810774965.81962,85104910021.44467,85235448089.71854,74425130526.4996,54817462198.82877,92594453816.05319,45573854268.782135,70363473532.00543
104489587637.4224,43802047471.69006,76043346448.68683,47990830608.13223,48321030174.07792,69458920874.41106,53604183634.40217,63139240887.97796,84351092802.34186,72684887507.2329,41242910134.6748,63707030086.778404,67700653326.7841,68346643776.478226,59292781952.853836,87209059875.63882,72015664871.1192,54810774965.81962,85104910021.44467,85235448089.71854,74425130526.4996,54817462198.82877,82388247375.22401,45573854268.782135,70363473532.00543
86792406568.99423,43802047471.69006,76043346448.68683,47990830608.13223,48321030174.07792,69458920874.41106,53604183634.40217,63139240887.97796,84351092802.34186,72684887507.2329,41242910134.6748,63707030086.778404,67700653326.7841,68346643776.478226,59292781952.853836,87209059875.63882,72015664871.1192,54810774965.81962,51979992099.925446,85235448089.71854,74425130526.4996,54817462198.82877,82388247375.22401,45573854268.782135,67629235277.843124
86792406568.99423,43802047471.69006,76043346448.68683,47990830608.13223,48321030174.07792,69458920874.41106,53604183634.40217,63139240887.97796,84351092802.34186,72684887507.2329,41242910134.6748,63707030086.778404,67700653326.7841,68346643776.478226,59292781952.853836,87209059875.63882,72015664871.1192,54810774965.81962,51979992099.925446,85235448089.71854,74425130526.4996,54817462198.82877,82388247375.22401,45573854268.782135,67629235277.843124
86792406568.99423,43802047471.69006,76043346448.68683,47990830608.13223,48321030174.07792,69458920874.41106,53604183634.40217,63139240887.97796,77222323359.25337,72684887507.2329,41242910134.6748,63707030086.778404,67700653326.7841,68346643776.478226,59292781952.853836,65409499636.11023,72015664871.1192,54810774965.81962,51979992099.925446,85235448089.71854,74425130526.4996,54817462198.82877,82388247375.22401,45573854268.782135,67629235277.843124
86792406568.99423,43802047471.69006,76043346448.68683,47990830608.13223,48321030174.07792,69458920874.41106,53604183634.40217,63139240887.97796,77222323359.25337,39658310498.14164,41242910134.6748,63707030086.778404,67700653326.7841,68346643776.478226,59292781952.853836,65409499636.11023,72015664871.1192,54810774965.81962,51979992099.925446,85235448089.71854,56018313982.113594,54817462198.82877,81566926100.36885,45573854268.782135,67629235277.843124
86792406568.99423,43802047471.69006,76043346448.68683,47990830608.13223,48321030174.07792,69458920874.41106,53604183634.40217,63139240887.97796,77222323359.25337,39658310498.14164,41242910134.6748,63707030086.778404,67700653326.7841,68346643776.478226,59292781952.853836,60395172668.89151,56512862059.48158,54810774965.81962,51979992099.925446,85235448089.71854,56018313982.113594,54817462198.82877,81566926100.36885,45573854268.782135,67629235277.843124
78583664745.46948,43802047471.69006,76043346448.68683,47990830608.13223,48321030174.07792,69458920874.41106,53604183634.40217,63139240887.97796,77222323359.25337,39658310498.14164,41242910134.6748,63707030086.778404,67700653326.7841,68346643776.478226,59292781952.853836,60395172668.89151,56512862059.48158,54810774965.81962,51979992099.925446,85235448089.71854,56018313982.113594,54817462198.82877,81566926100.36885,45573854268.782135,67629235277.843124
78583664745.46948,43802047471.69006,76043346448.68683,47990830608.13223,48321030174.07792,69458920874.41106,53604183634.40217,63139240887.97796,77222323359.25337,39658310498.14164,41242910134.6748,63707030086.778404,67700653326.7841,68346643776.478226,59292781952.853836,60395172668.89151,56512862059.48158,54810774965.81962,51979992099.925446,85235448089.71854,56018313982.113594,54817462198.82877,72206551955.57297,45573854268.782135,67629235277.843124
78583664745.46948,43802047471.69006,76043346448.68683,47990830608.13223,48321030174.07792,69458920874.41106,53604183634.40217,56946939886.91818,77222323359.25337,39658310498.14164,41242910134.6748,63707030086.778404,67700653326.7841,68346643776.478226,59292781952.853836,60395172668.89151,56512862059.48158,54810774965.81962,51979992099.925446,85235448089.71854,56018313982.113594,54817462198.82877,62452196042.99236,45573854268.782135,67629235277.843124
78583664745.46948,43802047471.69006,76043346448.68683,47990830608.13223,48321030174.07792,69458920874.41106,53604183634.40217,56946939886.91818,77222323359.25337,39658310498.14164,41242910134.6748,63707030086.778404,67700653326.7841,68346643776.478226,59292781952.853836,60395172668.89151,56512862059.48158,54810774965.81962,51979992099.925446,85235448089.71854,56018313982.113594,54817462198.82877,62452196042.99236,45573854268.782135,67629235277.843124
78583664745.46948,43802047471.69006,76043346448.68683,47990830608.13223,48321030174.07792,67786698451.76331,53604183634.40217,56946939886.91818,77222323359.25337,39658310498.14164,41242910134.6748,63707030086.778404,67700653326.7841,68346643776.478226,59292781952.853836,60395172668.89151,56512862059.48158,54810774965.81962,51979992099.925446,72180725908.60944,56018313982.113594,54817462198.82877,62452196042.99236,45573854268.782135,67629235277.843124
78583664745.46948,43802047471.69006,76043346448.68683,47990830608.13223,48321030174.07792,67786698451.76331,53604183634.40217,56946939886.91818,77222323359.25337,39658310498.14164,41242910134.6748,63707030086.778404,67700653326.7841,68346643776.478226,59292781952.853836,60395172668.89151,56512862059.48158,54810774965.81962,51979992099.925446,72180725908.60944,56018313982.113594,54817462198.82877,62452196042.99236,45573854268.782135,67629235277.843124
78583664745.46948,43802047471.69006,76043346448.68683,47990830608.13223,48321030174.07792,67786698451.76331,53604183634.40217,56946939886.91818,77222323359.25337,39658310498.14164,41242910134.6748,63707030086.778404,67700653326.7841,68346643776.478226,59292781952.853836,58796190342.71689,56512862059.48158,54810774965.81962,51979992099.925446,72180725908.60944,56018313982.113594,54817462198.82877,62452196042.99236,45573854268.782135,67629235277.843124
55959319170.45034,43802047471.69006,76043346448.68683,47990830608.13223,48321030174.07792,67786698451.76331,53604183634.40217,33343079390.90372,77222323359.25337,30242102816.302094,41242910134.6748,63707030086.778404,67700653326.7841,68346643776.478226,59292781952.853836,58796190342.71689,56512862059.48158,54810774965.81962,51979992099.925446,72180725908.60944,56018313982.113594,54817462198.82877,62452196042.99236,45573854268.782135,65085989999.791885
55959319170.45034,43802047471.69006,76043346448.68683,47990830608.13223,48321030174.07792,67786698451.76331,53604183634.40217,33343079390.90372,77222323359.25337,30242102816.302094,41242910134.6748,63707030086.778404,67700653326.7841,68346643776.478226,54271879319.15162,58796190342.71689,56512862059.48158,54810774965.81962,51979992099.925446,72180725908.60944,56018313982.113594,54817462198.82877,62452196042.99236,45573854268.782135,65085989999.791885
55959319170.45034,43802047471.69006,76043346448.68683,47990830608.13223,48321030174.07792,57952538136.805954,53604183634.40217,33343079390.90372,77222323359.25337,30242102816.302094,41242910134.6748,63707030086.778404,67700653326.7841,68346643776.478226,54271879319.15162,58796190342.71689,56512862059.48158,54810774965.81962,51979992099.925446,70262680573.70215,56018313982.113594,54817462198.82877,62452196042.99236,45573854268.782135,65085989999.791885
55959319170.45034,43802047471.69006,72363878935.47713,47990830608.13223,48321030174.07792,57952538136.805954,53604183634.40217,33343079390.90372,77222323359.25337,30242102816.302094,41242910134.6748,63707030086.778404,67700653326.7841,68346643776.478226,54271879319.15162,58796190342.71689,56512862059.48158,54810774965.81962,51979992099.925446,56856023763.64154,56018313982.113594,54817462198.82877,62452196042.99236,45573854268.782135,65085989999.791885
55959319170.45034,43802047471.69006,72363878935.47713,47990830608.13223,48321030174.07792,57952538136.805954,53604183634.40217,33343079390.90372,77222323359.25337,30242102816.302094,41242910134.6748,63707030086.778404,66360046180.8082,68346643776.478226,54271879319.15162,58796190342.71689,56512862059.48158,54810774965.81962,51979992099.925446,56856023763.64154,56018313982.113594,54817462198.82877,38922634174.95189,45573854268.782135,65085989999.791885
55959319170.45034,43802047471.69006,72363878935.47713,47990830608.13223,48321030174.07792,54953052328.60537,53604183634.40217,33343079390.90372,41669901149.47721,30242102816.302094,41242910134.6748,63707030086.778404,56335720259.764206,68346643776.478226,54271879319.15162,58796190342.71689,56512862059.48158,54810774965.81962,51934681594.27222,56856023763.64154,56018313982.113594,54817462198.82877,38922634174.95189,45573854268.782135,65085989999.791885
55959319170.45034,43802047471.69006,58099590249.01482,47990830608.13223,48321030174.07792,54953052328.60537,53604183634.40217,33343079390.90372,41669901149.47721,30242102816.302094,41242910134.6748,63707030086.778404,56335720259.764206,68346643776.478226,54271879319.15162,58796190342.71689,56512862059.48158,54810774965.81962,51934681594.27222,56856023763.64154,56018313982.113594,54817462198.82877,38922634174.95189,45573854268.782135,65085989999.791885
55959319170.45034,43802047471.69006,58099590249.01482,47990830608.13223,48321030174.07792,54953052328.60537,53604183634.40217,33343079390.90372,41669901149.47721,30242102816.302094,41242910134.6748,63707030086.778404,56335720259.764206,68346643776.478226,54271879319.15162,58796190342.71689,56512862059.48158,54810774965.81962,51934681594.27222,56856023763.64154,56018313982.113594,54817462198.82877,38922634174.95189,45573854268.782135,65085989999.791885
55959319170.45034,43802047471.69006,58099590249.01482,47990830608.13223,48321030174.07792,54953052328.60537,53604183634.40217,33343079390.90372,41669901149.47721,30242102816.302094,41242910134.6748,63707030086.778404,56335720259.764206,68346643776.478226,54271879319.15162,58796190342.71689,56512862059.48158,54810774965.81962,51934681594.27222,56856023763.64154,56018313982.113594,25528882433.78781,38922634174.95189,45573854268.782135,65085989999.791885
55959319170.45034,43802047471.69006,58099590249.01482,47990830608.13223,48321030174.07792,54953052328.60537,53604183634.40217,33343079390.90372,41669901149.47721,30242102816.302094,41242910134.6748,63707030086.778404,56335720259.764206,64498411850.56523,54271879319.15162,58796190342.71689,56512862059.48158,54810774965.81962,51934681594.27222,56856023763.64154,56018313982.113594,25528882433.78781,38922634174.95189,45573854268.782135,65085989999.791885
55959319170.45034,43802047471.69006,56373910601.20381,47990830608.13223,48321030174.07792,54953052328.60537,53604183634.40217,33343079390.90372,41669901149.47721,30242102816.302094,41242910134.6748,63707030086.778404,56335720259.764206,64498411850.56523,54271879319.15162,58796190342.71689,56512862059.48158,54810774965.81962,39924009593.17167,56856023763.64154,56018313982.113594,25528882433.78781,38922634174.95189,45573854268.782135,65085989999.791885
55959319170.45034,43802047471.69006,56373910601.20381,47990830608.13223,48321030174.07792,54953052328.60537,53604183634.40217,33343079390.90372,41669901149.47721,30242102816.302094,41242910134.6748,62936278862.10576,56335720259.764206,64498411850.56523,54271879319.15162,58796190342.71689,56512862059.48158,54810774965.81962,39924009593.17167,56856023763.64154,56018313982.113594,25528882433.78781,38922634174.95189,45573854268.782135,65085989999.791885
55959319170.45034,43802047471.69006,56373910601.20381,47990830608.13223,48321030174.07792,54264734472.4892,53604183634.40217,33343079390.90372,41669901149.47721,30242102816.302094,41242910134.6748,62936278862.10576,56335720259.764206,64498411850.56523,54271879319.15162,58796190342.71689,56512862059.48158,54810774965.81962,39924009593.17167,56856023763.64154,56018313982.113594,25528882433.78781,38922634174.95189,45573854268.782135,65085989999.791885
55959319170.45034,43802047471.69006,56373910601.20381,47990830608.13223,48321030174.07792,54264734472.4892,53604183634.40217,33343079390.90372,41669901149.47721,30242102816.302094,41242910134.6748,53645044657.204346,56335720259.764206,64498411850.56523,54271879319.15162,58796190342.71689,56512862059.48158,54810774965.81962,39924009593.17167,56856023763.64154,56018313982.113594,25528882433.78781,38922634174.95189,45573854268.782135,65085989999.791885
55959319170.45034,43802047471.69006,56373910601.20381,47990830608.13223,48321030174.07792,54264734472.4892,51052823996.17021,33343079390.90372,41669901149.47721,30242102816.302094,41242910134.6748,53645044657.204346,56335720259.764206,64498411850.56523,54271879319.15162,58796190342.71689,53311534720.32805,54810774965.81962,39924009593.17167,56856023763.64154,56018313982.113594,25528882433.78781,38922634174.95189,45573854268.782135,65085989999.791885
55959319170.45034,43802047471.69006,56373910601.20381,47990830608.13223,48321030174.07792,54264734472.4892,51052823996.17021,33343079390.90372,41669901149.47721,30242102816.302094,41242910134.6748,53645044657.204346,56335720259.764206,64498411850.56523,54271879319.15162,58796190342.71689,53311534720.32805,54810774965.81962,39924009593.17167,56856023763.64154,56018313982.113594,25528882433.78781,38922634174.95189,45573854268.782135,65085989999.791885
55959319170.45034,43802047471.69006,56373910601.20381,47990830608.13223,48321030174.07792,54264734472.4892,51052823996.17021,33343079390.90372,41669901149.47721,30242102816.302094,41242910134.6748,53645044657.204346,56335720259.764206,64498411850.56523,54271879319.15162,58796190342.71689,53311534720.32805,54810774965.81962,39924009593.17167,56856023763.64154,56018313982.113594,25528882433.78781,38922634174.95189,38379667929.71051,65085989999.791885
55959319170.45034,43802047471.69006,56373910601.20381,47990830608.13223,48321030174.07792,54264734472.4892,51052823996.17021,33343079390.90372,41669901149.47721,30242102816.302094,41242910134.6748,53645044657.204346,56335720259.764206,64498411850.56523,54271879319.15162,58796190342.71689,53311534720.32805,54810774965.81962,39924009593.17167,56856023763.64154,56018313982.113594,25528882433.78781,36547407521.69555,38379667929.71051,65085989999.791885
55959319170.45034,43802047471.69006,32685069141.01966,47990830608.13223,48321030174.07792,54264734472.4892,51052823996.17021,33343079390.90372,41669901149.47721,30242102816.302094,41242910134.6748,53645044657.204346,56335720259.764206,64498411850.56523,54271879319.15162,58796190342.71689,53311534720.32805,54810774965.81962,39924009593.17167,56856023763.64154,56018313982.113594,25528882433.78781,36547407521.69555,38379667929.71051,26803758455.889824
55959319170.45034,43802047471.69006,32685069141.01966,44300712311.26869,48321030174.07792,54264734472.4892,51052823996.17021,33343079390.90372,41669901149.47721,30242102816.302094,41242910134.6748,53645044657.204346,56335720259.764206,64498411850.56523,54271879319.15162,53588224774.2117,53311534720.32805,54810774965.81962,39924009593.17167,56856023763.64154,56018313982.113594,25528882433.78781,36547407521.69555,38379667929.71051,26803758455.889824
55959319170.45034,43802047471.69006,32685069141.01966,44300712311.26869,48321030174.07792,54264734472.4892,51052823996.17021,33343079390.90372,41669901149.47721,30242102816.302094,41242910134.6748,53645044657.204346,56335720259.764206,29002398961.58158,54271879319.15162,53588224774.2117,53311534720.32805,54810774965.81962,39924009593.17167,56856023763.64154,56018313982.113594,25528882433.78781,36547407521.69555,31349991580.94831,26803758455.889824
55959319170.45034,43802047471.69006,32685069141.01966,44300712311.26869,48321030174.07792,54264734472.4892,51052823996.17021,33343079390.90372,41669901149.47721,30242102816.302094,41242910134.6748,53645044657.204346,56335720259.764206,29002398961.58158,54271879319.15162,53588224774.2117,53311534720.32805,54810774965.81962,39924009593.17167,56856023763.64154,56018313982.113594,25528882433.78781,36547407521.69555,31349991580.94831,26803758455.889824
55959319170.45034,43802047471.69006,32685069141.01966,44300712311.26869,48321030174.07792,54264734472.4892,51052823996.17021,33343079390.90372,41669901149.47721,30242102816.302094,41242910134.6748,53645044657.204346,56335720259.764206,29002398961.58158,54271879319.15162,40630910864.483925,53311534720.32805,53855372755.43454,39924009593.17167,45515552062.00685,56018313982.113594,25528882433.78781,36547407521.69555,31349991580.94831,26803758455.889824
55959319170.45034,43802047471.69006,32685069141.01966,44300712311.26869,48321030174.07792,54264734472.4892,51052823996.17021,33343079390.90372,41669901149.47721,30242102816.302094,41242910134.6748,53645044657.204346,47617471162.61948,29002398961.58158,54271879319.15162,40630910864.483925,53311534720.32805,53855372755.43454,39924009593.17167,45515552062.00685,56018313982.113594,25528882433.78781,36547407521.69555,31349991580.94831,26803758455.889824
55959319170.45034,43802047471.69006,32685069141.01966,44300712311.26869,48321030174.07792,54264734472.4892,51052823996.17021,33343079390.90372,41669901149.47721,30242102816.302094,41242910134.6748,53645044657.204346,47617471162.61948,29002398961.58158,54271879319.15162,40630910864.483925,53311534720.32805,53855372755.43454,39924009593.17167,45515552062.00685,56018313982.113594,25528882433.78781,36547407521.69555,31349991580.94831,26803758455.889824
55959319170.45034,43802047471.69006,32685069141.01966,44300712311.26869,48321030174.07792,54264734472.4892,51052823996.17021,33343079390.90372,41669901149.47721,30242102816.302094,41242910134.6748,53645044657.204346,47617471162.61948,29002398961.58158,54271879319.15162,40630910864.483925,53311534720.32805,53855372755.43454,39924009593.17167,45515552062.00685,56018313982.113594,25528882433.78781,36547407521.69555,31349991580.94831,26803758455.889824
55959319170.45034,43802047471.69006,32685069141.01966,44300712311.26869,48321030174.07792,54264734472.4892,51052823996.17021,33343079390.90372,41669901149.47721,30242102816.302094,41242910134.6748,53645044657.204346,47617471162.61948,29002398961.58158,54271879319.15162,40630910864.483925,53311534720.32805,53855372755.43454,39924009593.17167,45515552062.00685,56018313982.113594,25528882433.78781,36547407521.69555,31349991580.94831,26803758455.889824
55959319170.45034,43802047471.69006,32685069141.01966,44300712311.26869,48321030174.07792,54264734472.4892,51052823996.17021,33343079390.90372,41669901149.47721,30242102816.302094,41242910134.6748,53645044657.204346,47617471162.61948,29002398961.58158,54271879319.15162,40630910864.483925,53311534720.32805,53855372755.43454,28168400449.639305,45515552062.00685,56018313982.113594,25528882433.78781,36547407521.69555,31349991580.94831,26803758455.889824
55959319170.45034,43802047471.69006,32685069141.01966,44300712311.26869,48321030174.07792,54264734472.4892,51052823996.17021,33343079390.90372,41669901149.47721,30242102816.302094,41242910134.6748,53645044657.204346,47617471162.61948,29002398961.58158,46276509226.42244,40630910864.483925,53311534720.32805,53855372755.43454,28168400449.639305,45515552062.00685,56018313982.113594,25528882433.78781,36547407521.69555,31349991580.94831,26803758455.889824
55959319170.45034,43802047471.69006,32685069141.01966,44300712311.26869,48321030174.07792,54264734472.4892,51052823996.17021,33343079390.90372,41669901149.47721,30242102816.302094,41242910134.6748,53645044657.204346,47617471162.61948,29002398961.58158,46276509226.42244,40630910864.483925,53311534720.32805,53855372755.43454,28168400449.639305,45515552062.00685,56018313982.113594,25528882433.78781,36547407521.69555,31349991580.94831,26803758455.889824
55959319170.45034,43802047471.69006,32685069141.01966,27347194202.889114,48321030174.07792,54264734472.4892,51052823996.17021,33343079390.90372,36958789172.410126,30242102816.302094,41242910134.6748,53645044657.204346,47617471162.61948,29002398961.58158,46276509226.42244,40630910864.483925,32116932530.501076,53855372755.43454,28168400449.639305,45515552062.00685,56018313982.113594,25528882433.78781,36547407521.69555,31349991580.94831,26803758455.889824
55959319170.45034,43802047471.69006,32685069141.01966,27347194202.889114,48321030174.07792,54264734472.4892,51052823996.17021,33343079390.90372,36958789172.410126,30242102816.302094,41242910134.6748,53645044657.204346,47617471162.61948,29002398961.58158,46276509226.42244,40630910864.483925,32116932530.501076,53855372755.43454,28168400449.639305,45515552062.00685,56018313982.113594,25528882433.78781,36547407521.69555,31349991580.94831,26803758455.889824
55959319170.45034,43802047471.69006,32685069141.01966,27347194202.889114,48321030174.07792,54264734472.4892,47100116250.76902,33343079390.90372,36958789172.410126,30242102816.302094,41242910134.6748,46254542998.261734,28874640640.525417,29002398961.58158,46276509226.42244,40630910864.483925,32116932530.501076,53855372755.43454,28168400449.639305,45515552062.00685,56018313982.113594,25528882433.78781,36547407521.69555,31349991580.94831,26803758455.889824
55959319170.45034,43802047471.69006,32685069141.01966,27347194202.889114,48321030174.07792,54264734472.4892,47100116250.76902,33343079390.90372,36958789172.410126,30242102816.302094,41242910134.6748,46254542998.261734,28874640640.525417,29002398961.58158,46276509226.42244,40630910864.483925,32116932530.501076,53855372755.43454,28168400449.639305,45515552062.00685,56018313982.113594,25528882433.78781,36547407521.69555,31349991580.94831,26803758455.889824
55959319170.45034,43802047471.69006,32685069141.01966,27347194202.889114,48321030174.07792,54264734472.4892,47100116250.76902,33343079390.90372,36958789172.410126,30242102816.302094,41242910134.6748,46254542998.261734,28874640640.525417,29002398961.58158,46276509226.42244,40630910864.483925,32116932530.501076,53855372755.43454,28168400449.639305,45515552062.00685,56018313982.113594,25528882433.78781,36547407521.69555,31349991580.94831,26803758455.889824
55959319170.45034,43802047471.69006,32685069141.01966,27347194202.889114,48321030174.07792,54264734472.4892,47100116250.76902,33343079390.90372,36958789172.410126,30242102816.302094,41242910134.6748,46254542998.261734,28874640640.525417,29002398961.58158,46276509226.42244,40630910864.483925,32116932530.501076,53855372755.43454,28168400449.639305,45515552062.00685,56018313982.113594,25528882433.78781,36547407521.69555,31349991580.94831,26803758455.889824
55959319170.45034,43802047471.69006,32685069141.01966,27347194202.889114,48321030174.07792,54264734472.4892,47100116250.76902,33343079390.90372,36958789172.410126,30242102816.302094,41242910134.6748,46254542998.261734,28874640640.525417,29002398961.58158,46276509226.42244,40630910864.483925,32116932530.501076,53855372755.43454,28168400449.639305,45515552062.00685,56018313982.113594,25528882433.78781,36547407521.69555,31349991580.94831,26803758455.889824
55959319170.45034,43802047471.69006,32685069141.01966,27347194202.889114,48321030174.07792,16502721288.220581,47100116250.76902,33343079390.90372,36958789172.410126,30242102816.302094,41242910134.6748,46254542998.261734,28874640640.525417,29002398961.58158,46276509226.42244,40630910864.483925,32116932530.501076,53855372755.43454,28168400449.639305,45515552062.00685,56018313982.113594,25528882433.78781,36547407521.69555,31349991580.94831,26803758455.889824
55959319170.45034,43802047471.69006,32685069141.01966,27347194202.889114,48321030174.07792,16502721288.220581,47100116250.76902,33343079390.90372,36958789172.410126,30242102816.302094,41242910134.6748,46254542998.261734,28874640640.525417,29002398961.58158,46276509226.42244,40630910864.483925,32116932530.501076,53855372755.43454,28168400449.639305,45515552062.00685,56018313982.113594,25528882433.78781,36547407521.69555,31349991580.94831,26803758455.889824
55959319170.45034,43802047471.69006,32685069141.01966,27347194202.889114,48321030174.07792,16502721288.220581,47100116250.76902,33343079390.90372,36958789172.410126,30242102816.302094,41242910134.6748,46254542998.261734,28874640640.525417,29002398961.58158,46276509226.42244,40630910864.483925,32116932530.501076,53855372755.43454,28168400449.639305,45515552062.00685,45910092258.07471,25528882433.78781,36547407521.69555,31349991580.94831,26803758455.889824
47278186217.471245,43802047471.69006,32685069141.01966,27347194202.889114,48321030174.07792,16502721288.220581,34495916585.3918,33343079390.90372,36958789172.410126,30242102816.302094,41242910134.6748,46254542998.261734,28874640640.525417,29002398961.58158,46276509226.42244,40630910864.483925,32116932530.501076,53855372755.43454,28168400449.639305,45515552062.00685,45910092258.07471,25528882433.78781,36547407521.69555,31349991580.94831,26803758455.889824
47278186217.471245,43802047471.69006,32685069141.01966,27347194202.889114,48321030174.07792,16502721288.220581,34495916585.3918,33343079390.90372,36958789172.410126,30242102816.302094,41242910134.6748,46254542998.261734,28874640640.525417,26725464481.19616,46276509226.42244,40630910864.483925,32116932530.501076,53855372755.43454,28168400449.639305,45515552062.00685,45910092258.07471,25528882433.78781,36547407521.69555,31349991580.94831,26803758455.889824
47278186217.471245,43802047471.69006,32685069141.01966,27347194202.889114,48321030174.07792,16502721288.220581,34495916585.3918,33343079390.90372,36958789172.410126,30242102816.302094,41242910134.6748,46254542998.261734,28874640640.525417,26725464481.19616,46276509226.42244,40630910864.483925,32116932530.501076,53855372755.43454,28168400449.639305,45515552062.00685,45910092258.07471,25528882433.78781,36547407521.69555,31349991580.94831,26803758455.889824
47278186217.471245,43802047471.69006,32685069141.01966,27347194202.889114,48321030174.07792,16502721288.220581,34495916585.3918,33343079390.90372,36958789172.410126,30242102816.302094,41242910134.6748,46254542998.261734,28874640640.525417,26725464481.19616,46276509226.42244,40630910864.483925,32116932530.501076,53855372755.43454,28168400449.639305,45515552062.00685,45910092258.07471,25528882433.78781,36547407521.69555,31349991580.94831,26803758455.889824
47278186217.471245,43802047471.69006,32685069141.01966,27347194202.889114,48321030174.07792,16502721288.220581,34495916585.3918,33343079390.90372,36958789172.410126,30242102816.302094,41242910134.6748,46254542998.261734,28874640640.525417,26725464481.19616,46276509226.42244,40630910864.483925,32116932530.501076,53855372755.43454,28168400449.639305,45515552062.00685,45910092258.07471,25528882433.78781,36547407521.69555,31349991580.94831,26803758455.889824
47278186217.471245,43802047471.69006,32685069141.01966,27347194202.889114,48321030174.07792,16502721288.220581,34495916585.3918,33343079390.90372,36958789172.410126,30242102816.302094,41242910134.6748,46254542998.261734,28874640640.525417,26725464481.19616,46276509226.42244,40630910864.483925,32116932530.501076,53855372755.43454,28168400449.639305,45515552062.00685,45910092258.07471,25528882433.78781,36547407521.69555,31349991580.94831,26803758455.889824
47278186217.471245,43802047471.69006,32685069141.01966,27347194202.889114,48321030174.07792,16502721288.220581,34495916585.3918,33343079390.90372,36958789172.410126,30242102816.302094,41242910134.6748,35231058625.31104,28874640640.525417,26725464481.19616,46276509226.42244,40630910864.483925,32116932530.501076,53855372755.43454,28168400449.639305,45515552062.00685,45910092258.07471,25528882433.78781,36547407521.69555,31349991580.94831,26803758455.889824
47278186217.471245,43802047471.69006,32685069141.01966,27347194202.889114,48321030174.07792,16502721288.220581,34495916585.3918,33343079390.90372,36958789172.410126,30242102816.302094,39683679749.63223,35231058625.31104,28874640640.525417,26725464481.19616,46276509226.42244,40630910864.483925,32116932530.501076,53855372755.43454,28168400449.639305,45515552062.00685,45910092258.07471,25528882433.78781,36547407521.69555,31349991580.94831,26803758455.889824
47278186217.471245,43802047471.69006,32685069141.01966,27347194202.889114,48321030174.07792,16502721288.220581,34495916585.3918,33343079390.90372,36958789172.410126,30242102816.302094,39683679749.63223,35231058625.31104,28874640640.525417,26725464481.19616,46276509226.42244,40630910864.483925,32116932530.501076,48003580269.76731,28168400449.639305,45515552062.00685,45910092258.07471,25528882433.78781,36547407521.69555,31349991580.94831,26803758455.889824
47278186217.471245,43802047471.69006,32685069141.01966,27347194202.889114,48321030174.07792,16502721288.220581,34495916585.3918,33343079390.90372,36958789172.410126,30242102816.302094,39683679749.63223,35231058625.31104,28874640640.525417,26725464481.19616,41180051709.85076,40630910864.483925,32116932530.501076,48003580269.76731,28168400449.639305,45515552062.00685,45910092258.07471,25528882433.78781,36547407521.69555,31349991580.94831,26803758455.889824
47278186217.471245,39436571079.01308,32685069141.01966,27347194202.889114,48321030174.07792,16502721288.220581,34495916585.3918,33343079390.90372,36958789172.410126,30242102816.302094,39683679749.63223,35231058625.31104,28874640640.525417,26725464481.19616,31951481201.357666,40630910864.483925,32116932530.501076,48003580269.76731,28168400449.639305,39791158092.70104,45910092258.07471,25528882433.78781,36547407521.69555,31349991580.94831,26803758455.889824
47278186217.471245,39436571079.01308,32685069141.01966,27347194202.889114,48321030174.07792,16502721288.220581,34495916585.3918,33343079390.90372,36958789172.410126,30242102816.302094,39683679749.63223,35231058625.31104,28874640640.525417,26725464481.19616,31951481201.357666,40630910864.483925,32116932530.501076,48003580269.76731,28168400449.639305,39791158092.70104,45910092258.07471,25528882433.78781,36547407521.69555,31349991580.94831,26803758455.889824
47278186217.471245,39436571079.01308,32685069141.01966,27347194202.889114,45533207221.985214,16502721288.220581,34495916585.3918,33343079390.90372,36958789172.410126,30242102816.302094,39683679749.63223,35231058625.31104,28874640640.525417,26725464481.19616,31951481201.357666,40630910864.483925,32116932530.501076,48003580269.76731,28168400449.639305,39791158092.70104,37024743383.0527,25528882433.78781,36547407521.69555,31349991580.94831,26803758455.889824
46980546727.20044,39436571079.01308,32685069141.01966,27347194202.889114,45533207221.985214,16502721288.220581,34495916585.3918,33343079390.90372,36958789172.410126,30242102816.302094,39683679749.63223,35231058625.31104,28874640640.525417,26725464481.19616,31951481201.357666,40630910864.483925,32116932530.501076,48003580269.76731,28168400449.639305,39791158092.70104,37024743383.0527,25528882433.78781,32526121220.827946,31349991580.94831,26803758455.889824
46980546727.20044,39436571079.01308,32685069141.01966,27347194202.889114,45533207221.985214,16502721288.220581,34495916585.3918,33343079390.90372,36958789172.410126,30242102816.302094,39683679749.63223,35231058625.31104,28874640640.525417,26725464481.19616,31951481201.357666,40630910864.483925,32116932530.501076,48003580269.76731,28168400449.639305,39791158092.70104,37024743383.0527,25528882433.78781,32526121220.827946,31349991580.94831,26803758455.889824
46980546727.20044,39436571079.01308,32685069141.01966,27347194202.889114,45533207221.985214,16502721288.220581,34495916585.3918,33343079390.90372,36958789172.410126,30242102816.302094,39683679749.63223,35231058625.31104,28874640640.525417,26725464481.19616,31951481201.357666,40630910864.483925,32116932530.501076,48003580269.76731,28168400449.639305,39791158092.70104,37024743383.0527,25528882433.78781,32526121220.827946,31349991580.94831,26803758455.889824
46980546727.20044,39436571079.01308,32685069141.01966,27347194202.889114,45533207221.985214,16502721288.220581,34495916585.3918,33343079390.90372,36958789172.410126,30242102816.302094,39683679749.63223,35231058625.31104,28874640640.525417,26725464481.19616,31951481201.357666,40630910864.483925,32116932530.501076,48003580269.76731,28168400449.639305,39791158092.70104,37024743383.0527,25528882433.78781,32526121220.827946,31349991580.94831,26803758455.889824
42252322397.098305,39436571079.01308,32685069141.01966,27347194202.889114,45533207221.985214,16502721288.220581,34495916585.3918,33343079390.90372,36958789172.410126,30242102816.302094,39683679749.63223,35231058625.31104,28874640640.525417,26725464481.19616,31951481201.357666,40630910864.483925,32116932530.501076,48003580269.76731,28168400449.639305,39791158092.70104,37024743383.0527,25528882433.78781,32526121220.827946,31349991580.94831,26803758455.889824
42252322397.098305,39436571079.01308,32685069141.01966,27347194202.889114,45533207221.985214,16502721288.220581,34495916585.3918,33343079390.90372,36958789172.410126,30242102816.302094,39683679749.63223,35231058625.31104,28874640640.525417,26725464481.19616,31951481201.357666,40630910864.483925,32116932530.501076,48003580269.76731,28168400449.639305,39791158092.70104,37024743383.0527,25528882433.78781,32526121220.827946,31349991580.94831,26803758455.889824
42252322397.098305,39436571079.01308,32685069141.01966,27347194202.889114,34370506907.0804,16502721288.220581,34495916585.3918,33343079390.90372,36958789172.410126,30242102816.302094,38631165849.828896,35231058625.31104,28874640640.525417,26725464481.19616,31951481201.357666,40630910864.483925,32116932530.501076,48003580269.76731,28168400449.639305,39791158092.70104,34682760266.76123,25528882433.78781,32526121220.827946,31349991580.94831,26803758455.889824
42252322397.098305,39436571079.01308,32685069141.01966,27347194202.889114,34370506907.0804,16502721288.220581,34495916585.3918,33343079390.90372,36958789172.410126,30242102816.302094,38631165849.828896,35231058625.31104,28874640640.525417,26725464481.19616,31951481201.357666,40630910864.483925,32116932530.501076,48003580269.76731,28168400449.639305,39791158092.70104,34682760266.76123,25528882433.78781,32526121220.827946,31349991580.94831,26803758455.889824
42252322397.098305,39436571079.01308,32685069141.01966,27347194202.889114,34370506907.0804,16502721288.220581,34495916585.3918,33343079390.90372,36958789172.410126,30242102816.302094,38631165849.828896,35231058625.31104,28874640640.525417,26725464481.19616,31951481201.357666,40630910864.483925,32116932530.501076,48003580269.76731,28168400449.639305,39791158092.70104,34682760266.76123,25528882433.78781,32526121220.827946,31349991580.94831,26803758455.889824
31538669595.92543,39436571079.01308,32685069141.01966,27347194202.889114,34370506907.0804,16502721288.220581,34495916585.3918,33343079390.90372,36958789172.410126,30242102816.302094,38631165849.828896,35231058625.31104,28874640640.525417,26725464481.19616,31951481201.357666,40630910864.483925,32116932530.501076,48003580269.76731,28168400449.639305,39791158092.70104,34682760266.76123,25528882433.78781,32526121220.827946,31349991580.94831,26803758455.889824
31538669595.92543,39436571079.01308,32685069141.01966,27347194202.889114,34370506907.0804,16502721288.220581,34495916585.3918,33343079390.90372,36958789172.410126,30242102816.302094,38631165849.828896,35231058625.31104,28874640640.525417,26725464481.19616,31951481201.357666,40630910864.483925,32116932530.501076,48003580269.76731,28168400449.639305,39791158092.70104,34682760266.76123,25528882433.78781,32526121220.827946,31349991580.94831,26803758455.889824
31538669595.92543,39436571079.01308,32685069141.01966,27347194202.889114,34370506907.0804,16502721288.220581,34495916585.3918,33343079390.90372,36958789172.410126,30242102816.302094,38631165849.828896,35231058625.31104,28874640640.525417,26725464481.19616,31951481201.357666,40630910864.483925,32116932530.501076,48003580269.76731,28168400449.639305,39791158092.70104,34682760266.76123,25528882433.78781,32526121220.827946,31349991580.94831,26803758455.889824
31538669595.92543,39436571079.01308,32685069141.01966,27347194202.889114,34370506907.0804,16502721288.220581,34495916585.3918,33343079390.90372,36958789172.410126,30242102816.302094,38631165849.828896,35231058625.31104,28874640640.525417,26725464481.19616,31951481201.357666,40630910864.483925,32116932530.501076,48003580269.76731,28168400449.639305,39791158092.70104,34682760266.76123,25528882433.78781,32526121220.827946,31349991580.94831,26803758455.889824
31538669595.92543,39436571079.01308,32685069141.01966,27347194202.889114,34370506907.0804,16502721288.220581,34150233492.293747,33343079390.90372,36958789172.410126,30242102816.302094,38631165849.828896,35231058625.31104,28874640640.525417,26725464481.19616,31951481201.357666,40630910864.483925,32116932530.501076,48003580269.76731,28168400449.639305,39791158092.70104,34682760266.76123,25528882433.78781,32526121220.827946,31349991580.94831,26803758455.889824
31538669595.92543,39436571079.01308,32685069141.01966,27347194202.889114,34370506907.0804,16502721288.220581,34150233492.293747,33343079390.90372,36958789172.410126,30242102816.302094,38631165849.828896,35231058625.31104,28874640640.525417,26725464481.19616,31951481201.357666,40630910864.483925,32116932530.501076,48003580269.76731,28168400449.639305,39791158092.70104,34682760266.76123,25528882433.78781,32526121220.827946,31349991580.94831,26803758455.889824
31538669595.92543,39436571079.01308,32685069141.01966,27347194202.889114,34370506907.0804,16502721288.220581,34150233492.293747,33343079390.90372,36958789172.410126,30242102816.302094,38631165849.828896,35231058625.31104,28874640640.525417,26725464481.19616,31951481201.357666,40630910864.483925,32116932530.501076,48003580269.76731,28168400449.639305,39791158092.70104,34682760266.76123,25528882433.78781,32526121220.827946,31349991580.94831,26803758455.889824
31538669595.92543,39436571079.01308,32685069141.01966,27347194202.889114,34370506907.0804,16502721288.220581,34150233492.293747,33343079390.90372,36958789172.410126,30242102816.302094,38631165849.828896,35231058625.31104,28874640640.525417,26725464481.19616,31951481201.357666,40630910864.483925,32116932530.501076,43371527457.30949,28168400449.639305,21696252877.055695,34682760266.76123,25528882433.78781,32526121220.827946,31349991580.94831,26803758455.889824
31538669595.92543,39436571079.01308,32685069141.01966,27347194202.889114,34370506907.0804,16502721288.220581,34150233492.293747,33343079390.90372,36958789172.410126,30242102816.302094,38631165849.828896,35231058625.31104,28874640640.525417,26725464481.19616,31951481201.357666,40630910864.483925,32116932530.501076,43371527457.30949,28168400449.639305,21696252877.055695,34682760266.76123,25528882433.78781,32526121220.827946,31349991580.94831,26803758455.889824
31538669595.92543,39436571079.01308,30741842159.83403,27347194202.889114,30967714495.78715,16502721288.220581,29252555414.377655,33343079390.90372,36958789172.410126,30242102816.302094,38631165849.828896,35231058625.31104,28874640640.525417,26725464481.19616,31951481201.357666,40630910864.483925,32116932530.501076,43371527457.30949,28168400449.639305,21696252877.055695,34682760266.76123,25528882433.78781,32526121220.827946,31349991580.94831,26803758455.889824
31538669595.92543,39436571079.01308,30741842159.83403,27347194202.889114,30967714495.78715,16502721288.220581,29252555414.377655,33343079390.90372,36958789172.410126,30242102816.302094,38631165849.828896,35231058625.31104,28874640640.525417,26725464481.19616,31951481201.357666,40630910864.483925,32116932530.501076,43371527457.30949,28168400449.639305,21696252877.055695,34682760266.76123,25528882433.78781,32526121220.827946,25233630849.71322,26803758455.889824
31538669595.92543,39436571079.01308,30741842159.83403,27347194202.889114,30967714495.78715,16502721288.220581,29252555414.377655,33343079390.90372,36958789172.410126,30242102816.302094,38631165849.828896,35231058625.31104,28874640640.525417,23529461246.70977,31951481201.357666,40630910864.483925,32116932530.501076,43371527457.30949,28168400449.639305,21696252877.055695,34682760266.76123,25528882433.78781,32526121220.827946,25233630849.71322,26803758455.889824
31538669595.92543,39436571079.01308,30741842159.83403,27347194202.889114,30967714495.78715,16502721288.220581,29252555414.377655,33343079390.90372,36958789172.410126,30242102816.302094,38631165849.828896,35231058625.31104,28874640640.525417,23529461246.70977,31951481201.357666,40630910864.483925,32116932530.501076,43371527457.30949,28168400449.639305,21696252877.055695,34682760266.76123,25528882433.78781,32526121220.827946,25233630849.71322,26803758455.889824
31538669595.92543,39436571079.01308,30741842159.83403,27347194202.889114,30967714495.78715,16502721288.220581,29252555414.377655,33343079390.90372,36958789172.410126,30242102816.302094,38631165849.828896,35231058625.31104,28874640640.525417,23529461246.70977,31951481201.357666,40630910864.483925,32116932530.501076,43371527457.30949,28168400449.639305,21696252877.055695,34682760266.76123,25528882433.78781,32526121220.827946,25233630849.71322,26803758455.889824
31538669595.92543,39436571079.01308,30741842159.83403,27347194202.889114,30967714495.78715,16502721288.220581,29252555414.377655,33343079390.90372,36958789172.410126,30242102816.302094,38631165849.828896,35231058625.31104,28874640640.525417,23529461246.70977,31951481201.357666,40630910864.483925,32116932530.501076,43371527457.30949,28168400449.639305,21696252877.055695,34682760266.76123,25528882433.78781,32526121220.827946,25233630849.71322,26803758455.889824
31538669595.92543,39436571079.01308,30741842159.83403,27347194202.889114,30967714495.78715,16502721288.220581,29252555414.377655,33343079390.90372,36958789172.410126,30242102816.302094,38631165849.828896,35231058625.31104,28874640640.525417,23529461246.70977,31951481201.357666,40630910864.483925,32116932530.501076,43371527457.30949,28168400449.639305,20140781168.369057,34682760266.76123,25528882433.78781,32526121220.827946,25233630849.71322,26803758455.889824
31538669595.92543,39436571079.01308,30741842159.83403,27347194202.889114,30967714495.78715,16502721288.220581,29252555414.377655,33343079390.90372,36958789172.410126,30242102816.302094,38631165849.828896,35231058625.31104,28874640640.525417,23529461246.70977,31951481201.357666,40630910864.483925,32116932530.501076,43371527457.30949,28168400449.639305,20140781168.369057,34682760266.76123,25528882433.78781,32526121220.827946,25233630849.71322,26803758455.889824
31538669595.92543,39436571079.01308,30741842159.83403,27347194202.889114,30967714495.78715,16502721288.220581,29252555414.377655,33343079390.90372,36958789172.410126,30242102816.302094,38631165849.828896,35231058625.31104,28874640640.525417,23529461246.70977,31951481201.357666,40630910864.483925,32116932530.501076,43371527457.30949,28168400449.639305,20140781168.369057,34682760266.76123,25528882433.78781,32526121220.827946,25233630849.71322,26803758455.889824
31538669595.92543,39436571079.01308,30741842159.83403,27347194202.889114,30967714495.78715,16502721288.220581,29252555414.377655,33343079390.90372,34919166658.75269,30242102816.302094,38631165849.828896,35231058625.31104,25164080436.040104,23529461246.70977,31951481201.357666,40630910864.483925,32116932530.501076,43371527457.30949,28168400449.639305,20140781168.369057,34682760266.76123,25528882433.78781,32526121220.827946,25233630849.71322,26803758455.889824
31538669595.92543,39436571079.01308,30741842159.83403,27347194202.889114,30967714495.78715,16502721288.220581,29252555414.377655,33343079390.90372,34919166658.75269,30242102816.302094,38631165849.828896,35231058625.31104,25164080436.040104,23529461246.70977,31951481201.357666,40630910864.483925,32116932530.501076,43371527457.30949,28168400449.639305,20140781168.369057,34682760266.76123,25528882433.78781,32526121220.827946,25233630849.71322,26803758455.889824
31538669595.92543,39436571079.01308,30741842159.83403,27347194202.889114,30967714495.78715,16502721288.220581,29252555414.377655,33343079390.90372,34919166658.75269,30242102816.302094,38631165849.828896,35231058625.31104,25164080436.040104,23529461246.70977,31951481201.357666,40630910864.483925,32116932530.501076,43371527457.30949,28168400449.639305,20140781168.369057,34682760266.76123,25528882433.78781,32526121220.827946,25233630849.71322,26803758455.889824
31538669595.92543,32297364430.28363,30741842159.83403,27347194202.889114,30967714495.78715,16502721288.220581,29252555414.377655,33343079390.90372,34919166658.75269,30242102816.302094,38631165849.828896,35231058625.31104,25164080436.040104,23529461246.70977,31951481201.357666,40630910864.483925,32116932530.501076,43371527457.30949,28168400449.639305,20140781168.369057,34682760266.76123,25528882433.78781,32526121220.827946,25233630849.71322,26803758455.889824
31538669595.92543,32297364430.28363,30741842159.83403,27347194202.889114,30967714495.78715,16502721288.220581,29252555414.377655,33343079390.90372,34919166658.75269,30242102816.302094,38631165849.828896,35231058625.31104,25164080436.040104,23529461246.70977,31951481201.357666,40630910864.483925,32116932530.501076,43371527457.30949,28168400449.639305,20140781168.369057,34682760266.76123,25528882433.78781,32526121220.827946,25233630849.71322,26803758455.889824
31538669595.92543,32297364430.28363,30741842159.83403,27347194202.889114,30967714495.78715,16502721288.220581,29252555414.377655,33343079390.90372,34919166658.75269,30242102816.302094,38631165849.828896,35231058625.31104,25164080436.040104,23529461246.70977,31951481201.357666,40630910864.483925,32116932530.501076,43371527457.30949,28168400449.639305,20140781168.369057,34682760266.76123,25528882433.78781,32526121220.827946,25233630849.71322,26803758455.889824
31538669595.92543,32297364430.28363,30741842159.83403,27347194202.889114,30967714495.78715,16502721288.220581,29252555414.377655,33343079390.90372,34919166658.75269,30242102816.302094,38631165849.828896,35231058625.31104,25164080436.040104,23529461246.70977,31951481201.357666,40630910864.483925,32116932530.501076,43371527457.30949,28168400449.639305,20140781168.369057,34682760266.76123,25528882433.78781,32526121220.827946,25233630849.71322,26803758455.889824
31538669595.92543,32297364430.28363,30741842159.83403,27347194202.889114,30967714495.78715,16502721288.220581,29252555414.377655,33343079390.90372,34919166658.75269,30242102816.302094,38631165849.828896,35231058625.31104,25164080436.040104,23529461246.70977,31951481201.357666,40630910864.483925,32116932530.501076,43371527457.30949,28168400449.639305,20140781168.369057,29255983944.555374,25528882433.78781,32526121220.827946,25233630849.71322,26803758455.889824
31538669595.92543,32297364430.28363,30741842159.83403,27347194202.889114,30967714495.78715,16502721288.220581,29252555414.377655,33343079390.90372,34919166658.75269,30242102816.302094,38631165849.828896,35231058625.31104,25164080436.040104,23529461246.70977,31951481201.357666,40630910864.483925,32116932530.501076,43371527457.30949,28168400449.639305,20140781168.369057,29255983944.555374,25528882433.78781,32526121220.827946,25233630849.71322,26803758455.889824
31538669595.92543,32297364430.28363,30741842159.83403,27347194202.889114,30967714495.78715,16502721288.220581,29252555414.377655,33343079390.90372,34919166658.75269,30242102816.302094,38631165849.828896,35231058625.31104,25164080436.040104,23529461246.70977,31951481201.357666,40630910864.483925,32116932530.501076,43371527457.30949,28168400449.639305,20140781168.369057,29255983944.555374,25528882433.78781,32526121220.827946,25233630849.71322,26803758455.889824
31538669595.92543,28854991962.453934,30741842159.83403,27347194202.889114,30967714495.78715,16502721288.220581,29252555414.377655,33343079390.90372,34919166658.75269,30242102816.302094,38631165849.828896,35231058625.31104,25164080436.040104,23529461246.70977,31951481201.357666,40630910864.483925,32116932530.501076,43371527457.30949,28168400449.639305,20140781168.369057,29255983944.555374,25528882433.78781,32526121220.827946,25233630849.71322,26803758455.889824
31538669595.92543,28854991962.453934,30741842159.83403,27347194202.889114,30967714495.78715,16502721288.220581,29252555414.377655,32426843097.53456,34919166658.75269,30242102816.302094,38631165849.828896,35231058625.31104,25164080436.040104,23529461246.70977,31951481201.357666,40630910864.483925,32116932530.501076,43371527457.30949,25943728112.708565,20140781168.369057,29255983944.555374,25528882433.78781,32526121220.827946,25233630849.71322,26803758455.889824
31538669595.92543,28854991962.453934,30741842159.83403,27347194202.889114,30967714495.78715,16502721288.220581,29252555414.377655,32426843097.53456,34919166658.75269,30242102816.302094,23666531495.54007,35231058625.31104,25164080436.040104,23529461246.70977,31951481201.357666,40630910864.483925,32116932530.501076,43371527457.30949,25943728112.708565,20140781168.369057,29255983944.555374,25528882433.78781,32526121220.827946,25233630849.71322,26803758455.889824
31538669595.92543,28854991962.453934,30741842159.83403,27347194202.889114,30967714495.78715,16502721288.220581,29252555414.377655,32426843097.53456,34919166658.75269,30242102816.302094,23666531495.54007,35231058625.31104,25164080436.040104,23529461246.70977,31951481201.357666,40630910864.483925,32116932530.501076,43371527457.30949,25943728112.708565,20140781168.369057,29255983944.555374,25528882433.78781,32526121220.827946,25233630849.71322,26803758455.889824
31538669595.92543,28854991962.453934,30741842159.83403,27347194202.889114,30967714495.78715,16502721288.220581,29252555414.377655,32426843097.53456,34919166658.75269,30242102816.302094,23666531495.54007,35231058625.31104,25164080436.040104,23529461246.70977,31951481201.357666,40630910864.483925,32116932530.501076,43371527457.30949,25943728112.708565,20140781168.369057,29255983944.555374,25528882433.78781,32526121220.827946,25233630849.71322,26803758455.889824
31538669595.92543,28854991962.453934,30741842159.83403,27347194202.889114,30967714495.78715,16502721288.220581,29252555414.377655,32426843097.53456,34919166658.75269,30242102816.302094,23666531495.54007,31504457456.658905,25164080436.040104,23529461246.70977,31951481201.357666,40630910864.483925,32116932530.501076,32361567017.97976,25943728112.708565,20140781168.369057,29255983944.555374,25528882433.78781,32526121220.827946,25233630849.71322,26803758455.889824
31538669595.92543,28854991962.453934,30741842159.83403,27347194202.889114,30967714495.78715,16502721288.220581,29252555414.377655,32426843097.53456,34919166658.75269,30242102816.302094,23666531495.54007,31504457456.658905,25164080436.040104,23529461246.70977,31951481201.357666,40630910864.483925,32116932530.501076,32361567017.97976,25943728112.708565,20140781168.369057,29255983944.555374,25528882433.78781,32526121220.827946,25233630849.71322,26803758455.889824
31538669595.92543,28854991962.453934,30741842159.83403,27347194202.889114,30967714495.78715,16502721288.220581,29252555414.377655,32426843097.53456,34919166658.75269,30242102816.302094,23666531495.54007,31504457456.658905,25164080436.040104,23529461246.70977,31951481201.357666,40630910864.483925,32116932530.501076,32361567017.97976,25943728112.708565,20140781168.369057,29255983944.555374,25528882433.78781,28736384539.942764,25233630849.71322,26803758455.889824
31538669595.92543,28854991962.453934,30741842159.83403,27347194202.889114,30967714495.78715,16502721288.220581,29252555414.377655,32426843097.53456,34919166658.75269,30242102816.302094,23666531495.54007,31504457456.658905,25164080436.040104,23529461246.70977,31951481201.357666,40630910864.483925,32116932530.501076,32361567017.97976,25943728112.708565,20140781168.369057,29255983944.555374,25528882433.78781,28736384539.942764,25233630849.71322,26803758455.889824
31538669595.92543,28854991962.453934,30741842159.83403,27347194202.889114,30967714495.78715,16502721288.220581,29252555414.377655,32426843097.53456,34919166658.75269,30242102816.302094,23666531495.54007,31504457456.658905,25164080436.040104,23529461246.70977,31951481201.357666,40630910864.483925,32116932530.501076,32361567017.97976,25943728112.708565,20140781168.369057,29255983944.555374,25528882433.78781,28736384539.942764,25233630849.71322,26803758455.889824
31538669595.92543,28854991962.453934,30741842159.83403,27347194202.889114,30967714495.78715,16502721288.220581,29252555414.377655,32426843097.53456,34919166658.75269,30242102816.302094,23666531495.54007,31504457456.658905,25164080436.040104,23529461246.70977,31951481201.357666,40630910864.483925,32116932530.501076,32361567017.97976,25943728112.708565,20140781168.369057,29255983944.555374,25528882433.78781,28736384539.942764,25233630849.71322,26803758455.889824
31538669595.92543,28854991962.453934,30741842159.83403,27347194202.889114,30967714495.78715,16502721288.220581,29252555414.377655,32426843097.53456,34919166658.75269,30242102816.302094,23666531495.54007,31504457456.658905,25164080436.040104,23529461246.70977,31951481201.357666,40630910864.483925,32116932530.501076,32361567017.97976,25943728112.708565,20140781168.369057,29255983944.555374,25528882433.78781,28736384539.942764,25233630849.71322,26803758455.889824
31538669595.92543,28854991962.453934,30741842159.83403,27347194202.889114,30967714495.78715,16502721288.220581,29252555414.377655,32426843097.53456,34919166658.75269,30242102816.302094,23666531495.54007,31504457456.658905,25164080436.040104,23529461246.70977,31951481201.357666,40630910864.483925,32116932530.501076,32361567017.97976,25943728112.708565,20140781168.369057,29255983944.555374,25528882433.78781,28736384539.942764,25233630849.71322,26803758455.889824
31538669595.92543,28854991962.453934,30741842159.83403,27347194202.889114,30967714495.78715,16502721288.220581,29252555414.377655,32426843097.53456,34919166658.75269,30242102816.302094,23666531495.54007,31504457456.658905,25164080436.040104,23529461246.70977,31951481201.357666,40630910864.483925,32116932530.501076,32361567017.97976,25943728112.708565,20140781168.369057,29255983944.555374,25528882433.78781,28736384539.942764,25233630849.71322,26803758455.889824
31538669595.92543,28854991962.453934,30741842159.83403,27347194202.889114,30967714495.78715,16502721288.220581,29252555414.377655,32426843097.53456,34919166658.75269,30242102816.302094,23666531495.54007,31504457456.658905,25164080436.040104,23529461246.70977,31951481201.357666,40630910864.483925,32116932530.501076,32361567017.97976,25943728112.708565,20140781168.369057,29255983944.555374,25528882433.78781,22792559057.08956,25233630849.71322,26803758455.889824
31538669595.92543,28854991962.453934,30741842159.83403,27347194202.889114,30967714495.78715,16502721288.220581,29252555414.377655,32426843097.53456,34919166658.75269,30242102816.302094,23666531495.54007,31504457456.658905,25164080436.040104,23529461246.70977,31951481201.357666,40630910864.483925,32116932530.501076,32361567017.97976,25943728112.708565,20140781168.369057,29255983944.555374,25528882433.78781,22792559057.08956,25233630849.71322,26803758455.889824
31538669595.92543,28854991962.453934,30741842159.83403,27347194202.889114,30967714495.78715,16502721288.220581,29252555414.377655,32426843097.53456,34919166658.75269,30242102816.302094,23666531495.54007,31504457456.658905,25164080436.040104,23529461246.70977,31951481201.357666,40630910864.483925,32116932530.501076,32361567017.97976,25943728112.708565,20140781168.369057,29255983944.555374,25528882433.78781,22792559057.08956,25233630849.71322,26803758455.889824
31538669595.92543,28854991962.453934,30741842159.83403,27347194202.889114,30967714495.78715,16502721288.220581,29252555414.377655,32426843097.53456,31996757218.491432,30242102816.302094,23666531495.54007,31504457456.658905,25164080436.040104,23529461246.70977,31951481201.357666,40630910864.483925,32116932530.501076,32361567017.97976,25943728112.708565,20140781168.369057,29255983944.555374,25528882433.78781,22792559057.08956,25233630849.71322,26803758455.889824
31538669595.92543,28854991962.453934,30741842159.83403,27347194202.889114,30967714495.78715,16502721288.220581,29252555414.377655,32426843097.53456,31996757218.491432,30242102816.302094,23666531495.54007,31504457456.658905,25164080436.040104,23529461246.70977,31951481201.357666,40630910864.483925,32116932530.501076,32361567017.97976,25943728112.708565,20140781168.369057,29255983944.555374,25528882433.78781,22792559057.08956,25233630849.71322,26803758455.889824
31538669595.92543,28854991962.453934,30741842159.83403,27347194202.889114,30967714495.78715,16502721288.220581,29252555414.377655,32426843097.53456,31996757218.491432,30242102816.302094,23666531495.54007,31504457456.658905,25164080436.040104,23529461246.70977,31951481201.357666,40630910864.483925,32116932530.501076,32361567017.97976,25943728112.708565,20140781168.369057,29255983944.555374,25528882433.78781,22792559057.08956,25233630849.71322,26803758455.889824
31538669595.92543,28854991962.453934,30741842159.83403,27347194202.889114,30967714495.78715,16502721288.220581,29252555414.377655,32426843097.53456,31996757218.491432,30242102816.302094,23666531495.54007,31504457456.658905,25164080436.040104,23529461246.70977,31951481201.357666,40630910864.483925,32116932530.501076,32361567017.97976,25943728112.708565,20140781168.369057,29255983944.555374,25528882433.78781,22792559057.08956,25233630849.71322,26803758455.889824
31538669595.92543,28854991962.453934,30741842159.83403,27347194202.889114,30967714495.78715,16502721288.220581,29252555414.377655,32426843097.53456,31996757218.491432,30242102816.302094,23666531495.54007,31504457456.658905,25164080436.040104,23529461246.70977,31951481201.357666,40630910864.483925,32116932530.501076,32361567017.97976,25943728112.708565,20140781168.369057,29255983944.555374,25528882433.78781,22792559057.08956,25233630849.71322,26803758455.889824
31538669595.92543,28854991962.453934,30741842159.83403,27347194202.889114,30967714495.78715,16502721288.220581,29252555414.377655,32426843097.53456,31996757218.491432,30242102816.302094,23666531495.54007,31504457456.658905,25164080436.040104,23529461246.70977,31951481201.357666,40630910864.483925,32116932530.501076,32361567017.97976,25943728112.708565,20140781168.369057,29255983944.555374,25528882433.78781,22792559057.08956,25233630849.71322,26803758455.889824
31538669595.92543,28854991962.453934,30741842159.83403,27347194202.889114,30967714495.78715,16502721288.220581,29252555414.377655,32426843097.53456,31996757218.491432,30242102816.302094,23666531495.54007,31504457456.658905,25164080436.040104,23529461246.70977,31951481201.357666,40630910864.483925,32116932530.501076,32361567017.97976,25943728112.708565,20140781168.369057,29255983944.555374,25528882433.78781,22792559057.08956,25233630849.71322,26803758455.889824
31538669595.92543,28854991962.453934,30741842159.83403,27347194202.889114,30967714495.78715,16502721288.220581,29252555414.377655,32426843097.53456,31996757218.491432,30242102816.302094,23666531495.54007,31504457456.658905,25164080436.040104,23529461246.70977,31951481201.357666,40390827604.78759,32116932530.501076,32361567017.97976,25943728112.708565,20140781168.369057,29255983944.555374,25528882433.78781,22792559057.08956,25233630849.71322,26803758455.889824
31538669595.92543,28854991962.453934,30741842159.83403,27347194202.889114,30967714495.78715,16502721288.220581,29252555414.377655,32426843097.53456,31996757218.491432,30242102816.302094,23666531495.54007,31504457456.658905,25164080436.040104,23529461246.70977,31951481201.357666,40390827604.78759,32116932530.501076,32361567017.97976,25943728112.708565,20140781168.369057,29255983944.555374,25528882433.78781,22792559057.08956,25233630849.71322,26803758455.889824
31538669595.92543,28854991962.453934,30741842159.83403,27347194202.889114,30967714495.78715,16502721288.220581,29252555414.377655,32426843097.53456,31996757218.491432,30242102816.302094,23666531495.54007,31504457456.658905,25164080436.040104,23529461246.70977,31951481201.357666,40390827604.78759,32116932530.501076,32361567017.97976,25943728112.708565,20140781168.369057,29255983944.555374,25528882433.78781,22792559057.08956,25233630849.71322,26803758455.889824
31538669595.92543,28854991962.453934,30741842159.83403,27347194202.889114,30967714495.78715,16502721288.220581,29252555414.377655,32426843097.53456,31996757218.491432,30242102816.302094,23666531495.54007,31504457456.658905,25164080436.040104,23529461246.70977,31951481201.357666,40390827604.78759,32116932530.501076,32361567017.97976,25943728112.708565,20140781168.369057,29255983944.555374,25528882433.78781,22792559057.08956,25233630849.71322,26803758455.889824
31538669595.92543,28854991962.453934,30741842159.83403,27347194202.889114,30967714495.78715,16502721288.220581,29252555414.377655,32426843097.53456,31996757218.491432,30242102816.302094,23666531495.54007,31504457456.658905,25164080436.040104,23529461246.70977,31951481201.357666,40390827604.78759,32116932530.501076,32361567017.97976,25943728112.708565,20140781168.369057,29255983944.555374,25528882433.78781,22792559057.08956,25233630849.71322,26803758455.889824
31538669595.92543,28854991962.453934,30741842159.83403,27347194202.889114,30967714495.78715,16502721288.220581,29252555414.377655,32426843097.53456,31996757218.491432,30242102816.302094,23666531495.54007,31504457456.658905,25164080436.040104,23529461246.70977,31951481201.357666,40390827604.78759,32116932530.501076,32361567017.97976,25943728112.708565,20140781168.369057,29255983944.555374,25528882433.78781,22792559057.08956,25233630849.71322,26803758455.889824
31538669595.92543,28854991962.453934,30741842159.83403,27347194202.889114,30967714495.78715,16502721288.220581,29252555414.377655,32426843097.53456,31996757218.491432,30242102816.302094,23666531495.54007,31504457456.658905,25164080436.040104,23529461246.70977,31951481201.357666,40390827604.78759,32116932530.501076,32361567017.97976,25943728112.708565,20140781168.369057,29255983944.555374,25528882433.78781,22792559057.08956,25233630849.71322,26803758455.889824
31538669595.92543,28854991962.453934,30741842159.83403,27347194202.889114,30967714495.78715,16502721288.220581,29252555414.377655,32426843097.53456,31996757218.491432,30242102816.302094,23666531495.54007,31504457456.658905,25164080436.040104,23529461246.70977,31951481201.357666,40390827604.78759,32116932530.501076,32361567017.97976,25943728112.708565,20140781168.369057,29255983944.555374,25528882433.78781,22792559057.08956,25233630849.71322,26803758455.889824
31538669595.92543,28854991962.453934,30741842159.83403,27347194202.889114,30967714495.78715,16502721288.220581,29252555414.377655,32426843097.53456,31996757218.491432,30242102816.302094,23666531495.54007,31504457456.658905,25164080436.040104,23529461246.70977,31951481201.357666,36293086971.677246,32116932530.501076,32361567017.97976,25943728112.708565,20140781168.369057,29255983944.555374,25528882433.78781,22792559057.08956,25233630849.71322,26803758455.889824
31538669595.92543,28854991962.453934,30741842159.83403,27347194202.889114,30967714495.78715,16502721288.220581,29252555414.377655,32426843097.53456,31996757218.491432,30242102816.302094,23666531495.54007,31504457456.658905,25164080436.040104,23529461246.70977,31493751025.173203,36293086971.677246,32116932530.501076,32361567017.97976,23883083975.37881,20140781168.369057,29255983944.555374,25528882433.78781,22792559057.08956,25233630849.71322,26803758455.889824
31538669595.92543,28854991962.453934,30741842159.83403,27347194202.889114,30967714495.78715,16502721288.220581,29252555414.377655,32426843097.53456,31996757218.491432,30242102816.302094,23666531495.54007,31504457456.658905,25164080436.040104,23529461246.70977,31493751025.173203,36293086971.677246,32116932530.501076,32361567017.97976,23883083975.37881,20140781168.369057,29255983944.555374,25528882433.78781,22792559057.08956,25233630849.71322,26803758455.889824
31538669595.92543,28854991962.453934,30741842159.83403,27347194202.889114,30967714495.78715,16502721288.220581,29252555414.377655,32426843097.53456,31996757218.491432,30242102816.302094,23666531495.54007,31504457456.658905,25164080436.040104,23529461246.70977,31493751025.173203,36293086971.677246,32116932530.501076,32361567017.97976,23883083975.37881,20140781168.369057,29255983944.555374,25528882433.78781,22792559057.08956,25233630849.71322,26803758455.889824
28839984131.097008,28854991962.453934,30741842159.83403,27347194202.889114,30967714495.78715,16502721288.220581,29252555414.377655,32426843097.53456,31996757218.491432,30242102816.302094,23666531495.54007,31504457456.658905,25164080436.040104,23529461246.70977,31493751025.173203,36293086971.677246,32116932530.501076,32361567017.97976,23883083975.37881,20140781168.369057,29255983944.555374,25528882433.78781,22792559057.08956,25233630849.71322,26803758455.889824
28839984131.097008,28854991962.453934,30741842159.83403,27347194202.889114,30967714495.78715,16502721288.220581,29252555414.377655,32426843097.53456,31996757218.491432,30242102816.302094,23666531495.54007,31504457456.658905,25164080436.040104,23529461246.70977,31493751025.173203,36293086971.677246,32116932530.501076,32361567017.97976,23883083975.37881,20140781168.369057,29255983944.555374,25528882433.78781,22792559057.08956,25233630849.71322,26803758455.889824
28839984131.097008,28854991962.453934,30741842159.83403,27347194202.889114,30967714495.78715,16502721288.220581,29252555414.377655,32426843097.53456,31996757218.491432,30242102816.302094,23666531495.54007,31504457456.658905,25164080436.040104,23529461246.70977,31493751025.173203,36293086971.677246,32116932530.501076,32361567017.97976,23883083975.37881,20140781168.369057,29255983944.555374,25528882433.78781,22792559057.08956,25233630849.71322,26803758455.889824
28839984131.097008,28854991962.453934,30741842159.83403,27347194202.889114,30967714495.78715,16502721288.220581,29252555414.377655,32426843097.53456,31996757218.491432,30242102816.302094,23666531495.54007,31504457456.658905,25164080436.040104,23529461246.70977,31493751025.173203,36293086971.677246,32116932530.501076,32361567017.97976,23883083975.37881,20140781168.369057,24546832965.204014,25528882433.78781,22792559057.08956,25233630849.71322,26803758455.889824
28839984131.097008,28854991962.453934,30741842159.83403,27347194202.889114,30967714495.78715,16502721288.220581,29252555414.377655,32426843097.53456,31996757218.491432,30242102816.302094,23666531495.54007,31504457456.658905,25164080436.040104,23529461246.70977,31493751025.173203,36293086971.677246,32116932530.501076,32361567017.97976,23883083975.37881,20140781168.369057,24546832965.204014,24917007567.51712,22792559057.08956,25233630849.71322,26803758455.889824
28839984131.097008,28854991962.453934,30741842159.83403,27347194202.889114,30967714495.78715,16502721288.220581,29252555414.377655,32426843097.53456,31996757218.491432,30242102816.302094,23475849497.04166,31504457456.658905,25164080436.040104,23529461246.70977,31493751025.173203,36293086971.677246,32116932530.501076,32361567017.97976,23883083975.37881,20140781168.369057,24546832965.204014,24917007567.51712,22792559057.08956,25233630849.71322,26803758455.889824
28839984131.097008,28854991962.453934,30741842159.83403,27347194202.889114,30967714495.78715,16502721288.220581,29252555414.377655,32426843097.53456,31996757218.491432,30242102816.302094,23475849497.04166,31504457456.658905,25164080436.040104,23529461246.70977,31493751025.173203,36293086971.677246,32116932530.501076,32361567017.97976,23883083975.37881,20140781168.369057,24546832965.204014,24917007567.51712,22792559057.08956,25233630849.71322,26803758455.889824
28839984131.097008,28854991962.453934,30741842159.83403,27347194202.889114,30967714495.78715,16502721288.220581,29252555414.377655,32426843097.53456,31996757218.491432,30242102816.302094,23475849497.04166,31504457456.658905,25164080436.040104,23529461246.70977,31493751025.173203,36293086971.677246,32116932530.501076,32361567017.97976,23883083975.37881,20140781168.369057,24546832965.204014,24917007567.51712,22792559057.08956,25233630849.71322,26803758455.889824
28839984131.097008,28854991962.453934,30741842159.83403,27347194202.889114,30967714495.78715,16502721288.220581,29252555414.377655,32426843097.53456,31996757218.491432,30242102816.302094,23475849497.04166,31504457456.658905,25164080436.040104,23529461246.70977,31493751025.173203,36293086971.677246,32116932530.501076,30110629068.521053,23883083975.37881,20140781168.369057,24546832965.204014,24917007567.51712,22792559057.08956,25233630849.71322,26803758455.889824
28839984131.097008,28854991962.453934,30741842159.83403,27347194202.889114,30967714495.78715,16502721288.220581,29252555414.377655,32426843097.53456,31996757218.491432,30242102816.302094,23475849497.04166,31504457456.658905,25164080436.040104,23529461246.70977,31493751025.173203,36293086971.677246,32116932530.501076,24621714592.24999,23883083975.37881,20140781168.369057,24546832965.204014,24917007567.51712,22792559057.08956,25233630849.71322,26803758455.889824
28839984131.097008,28854991962.453934,30741842159.83403,27347194202.889114,30967714495.78715,16502721288.220581,29252555414.377655,32426843097.53456,31996757218.491432,30242102816.302094,23475849497.04166,31504457456.658905,25164080436.040104,23529461246.70977,31493751025.173203,33793174550.14487,32116932530.501076,24621714592.24999,23883083975.37881,20140781168.369057,24546832965.204014,24917007567.51712,22792559057.08956,25233630849.71322,26803758455.889824
28839984131.097008,28854991962.453934,30741842159.83403,27347194202.889114,30967714495.78715,16502721288.220581,29252555414.377655,32426843097.53456,31996757218.491432,30242102816.302094,23475849497.04166,31504457456.658905,25164080436.040104,23529461246.70977,31493751025.173203,33793174550.14487,32116932530.501076,24621714592.24999,23883083975.37881,20140781168.369057,24546832965.204014,24917007567.51712,22792559057.08956,25233630849.71322,26803758455.889824
28839984131.097008,28854991962.453934,28663123782.938156,27347194202.889114,30967714495.78715,16502721288.220581,29252555414.377655,32426843097.53456,31996757218.491432,30242102816.302094,23475849497.04166,31504457456.658905,25164080436.040104,23529461246.70977,31493751025.173203,33793174550.14487,32116932530.501076,24621714592.24999,23883083975.37881,19417049375.98169,24546832965.204014,24917007567.51712,22792559057.08956,25233630849.71322,26803758455.889824
28839984131.097008,28854991962.453934,28663123782.938156,27347194202.889114,30967714495.78715,16502721288.220581,29252555414.377655,32426843097.53456,31996757218.491432,30242102816.302094,23475849497.04166,31504457456.658905,25164080436.040104,23529461246.70977,29088490939.816246,33793174550.14487,32116932530.501076,24621714592.24999,23883083975.37881,19417049375.98169,24546832965.204014,24917007567.51712,22792559057.08956,25233630849.71322,26803758455.889824
28839984131.097008,28854991962.453934,28663123782.938156,27347194202.889114,30967714495.78715,16502721288.220581,29252555414.377655,32426843097.53456,31996757218.491432,30242102816.302094,23475849497.04166,31504457456.658905,25164080436.040104,23529461246.70977,29088490939.816246,33793174550.14487,32116932530.501076,24621714592.24999,23883083975.37881,19417049375.98169,24546832965.204014,24917007567.51712,22792559057.08956,25233630849.71322,26803758455.889824
28839984131.097008,28854991962.453934,28663123782.938156,27347194202.889114,30967714495.78715,16502721288.220581,29252555414.377655,32426843097.53456,31996757218.491432,30242102816.302094,23475849497.04166,31504457456.658905,25164080436.040104,23529461246.70977,29088490939.816246,33793174550.14487,32116932530.501076,24621714592.24999,23883083975.37881,19417049375.98169,24546832965.204014,24917007567.51712,22792559057.08956,25233630849.71322,26803758455.889824
28839984131.097008,28854991962.453934,27040357064.288864,27347194202.889114,30967714495.78715,16502721288.220581,29252555414.377655,32426843097.53456,31996757218.491432,30242102816.302094,23475849497.04166,31504457456.658905,25164080436.040104,23529461246.70977,29088490939.816246,33793174550.14487,32116932530.501076,24621714592.24999,23883083975.37881,19417049375.98169,24546832965.204014,24917007567.51712,22792559057.08956,25233630849.71322,26803758455.889824
28839984131.097008,28854991962.453934,27040357064.288864,27347194202.889114,30967714495.78715,16502721288.220581,29252555414.377655,32426843097.53456,31996757218.491432,30242102816.302094,23475849497.04166,31504457456.658905,25164080436.040104,23529461246.70977,29088490939.816246,33793174550.14487,32116932530.501076,24621714592.24999,23883083975.37881,19417049375.98169,24546832965.204014,24917007567.51712,22792559057.08956,25233630849.71322,26803758455.889824
28839984131.097008,28854991962.453934,27040357064.288864,27347194202.889114,30967714495.78715,16502721288.220581,29252555414.377655,32426843097.53456,31996757218.491432,30242102816.302094,23475849497.04166,31504457456.658905,25164080436.040104,23529461246.70977,29088490939.816246,33793174550.14487,32116932530.501076,24621714592.24999,23883083975.37881,19417049375.98169,24546832965.204014,24917007567.51712,22792559057.08956,25233630849.71322,26803758455.889824
28839984131.097008,28854991962.453934,27040357064.288864,27347194202.889114,30967714495.78715,16502721288.220581,29252555414.377655,32426843097.53456,31996757218.491432,30242102816.302094,23475849497.04166,31504457456.658905,25164080436.040104,23529461246.70977,29088490939.816246,33793174550.14487,32116932530.501076,24621714592.24999,23883083975.37881,19417049375.98169,24546832965.204014,24917007567.51712,22792559057.08956,25233630849.71322,26803758455.889824
28839984131.097008,28854991962.453934,27040357064.288864,27347194202.889114,30967714495.78715,16502721288.220581,29252555414.377655,32426843097.53456,31996757218.491432,30242102816.302094,23475849497.04166,31504457456.658905,25164080436.040104,23529461246.70977,29088490939.816246,33793174550.14487,32116932530.501076,24621714592.24999,23883083975.37881,19417049375.98169,24546832965.204014,24917007567.51712,22792559057.08956,25233630849.71322,26803758455.889824
28839984131.097008,28854991962.453934,27040357064.288864,27347194202.889114,30967714495.78715,16502721288.220581,29252555414.377655,32426843097.53456,31996757218.491432,30242102816.302094,23475849497.04166,31504457456.658905,21415845527.53781,23529461246.70977,29088490939.816246,29014391823.41877,32116932530.501076,24621714592.24999,23883083975.37881,19417049375.98169,24546832965.204014,24917007567.51712,22792559057.08956,25233630849.71322,26803758455.889824
28839984131.097008,28854991962.453934,27040357064.288864,27347194202.889114,30967714495.78715,16502721288.220581,29252555414.377655,32426843097.53456,31996757218.491432,30242102816.302094,23475849497.04166,31504457456.658905,21415845527.53781,23529461246.70977,29088490939.816246,29014391823.41877,32116932530.501076,24621714592.24999,23883083975.37881,19417049375.98169,24546832965.204014,24917007567.51712,22792559057.08956,25233630849.71322,26803758455.889824
28839984131.097008,24480841903.25997,27040357064.288864,27347194202.889114,30967714495.78715,16502721288.220581,29252555414.377655,32426843097.53456,31996757218.491432,30242102816.302094,23475849497.04166,31504457456.658905,21415845527.53781,23529461246.70977,29088490939.816246,29014391823.41877,32116932530.501076,24621714592.24999,23883083975.37881,19417049375.98169,24546832965.204014,24917007567.51712,22792559057.08956,25233630849.71322,26803758455.889824
28839984131.097008,24480841903.25997,27040357064.288864,27347194202.889114,30967714495.78715,16502721288.220581,29252555414.377655,32426843097.53456,31996757218.491432,30242102816.302094,23475849497.04166,31504457456.658905,21415845527.53781,23529461246.70977,29088490939.816246,29014391823.41877,32116932530.501076,24621714592.24999,23883083975.37881,19417049375.98169,24546832965.204014,24917007567.51712,22792559057.08956,25233630849.71322,26803758455.889824
28839984131.097008,24480841903.25997,27040357064.288864,27347194202.889114,30967714495.78715,16502721288.220581,29252555414.377655,32426843097.53456,31996757218.491432,30242102816.302094,23475849497.04166,31504457456.658905,21415845527.53781,23529461246.70977,29088490939.816246,29014391823.41877,32116932530.501076,24621714592.24999,23883083975.37881,19417049375.98169,24546832965.204014,24917007567.51712,22792559057.08956,25233630849.71322,26803758455.889824
28839984131.097008,24480841903.25997,27040357064.288864,27347194202.889114,30967714495.78715,16502721288.220581,29252555414.377655,32426843097.53456,31996757218.491432,30242102816.302094,23475849497.04166,31504457456.658905,21415845527.53781,23529461246.70977,29088490939.816246,29014391823.41877,32116932530.501076,24621714592.24999,23883083975.37881,19417049375.98169,24546832965.204014,24917007567.51712,22792559057.08956,25233630849.71322,26803758455.889824
28839984131.097008,24480841903.25997,27040357064.288864,27347194202.889114,30967714495.78715,16502721288.220581,29252555414.377655,32426843097.53456,31996757218.491432,30242102816.302094,23475849497.04166,31504457456.658905,21415845527.53781,23529461246.70977,29088490939.816246,29014391823.41877,32116932530.501076,24621714592.24999,23883083975.37881,19417049375.98169,24546832965.204014,24917007567.51712,22792559057.08956,21606071819.23168,26803758455.889824
28839984131.097008,24480841903.25997,27040357064.288864,27347194202.889114,30967714495.78715,16502721288.220581,29252555414.377655,32426843097.53456,31996757218.491432,30242102816.302094,23475849497.04166,31504457456.658905,21415845527.53781,23529461246.70977,29088490939.816246,29014391823.41877,32116932530.501076,24621714592.24999,23883083975.37881,19417049375.98169,24546832965.204014,24917007567.51712,22792559057.08956,21606071819.23168,26803758455.889824
28839984131.097008,24480841903.25997,27040357064.288864,27347194202.889114,30967714495.78715,16502721288.220581,29252555414.377655,32426843097.53456,31996757218.491432,30242102816.302094,23475849497.04166,31504457456.658905,21415845527.53781,23529461246.70977,29088490939.816246,29014391823.41877,32116932530.501076,24621714592.24999,23883083975.37881,19417049375.98169,24546832965.204014,24917007567.51712,22792559057.08956,21606071819.23168,26803758455.889824
28839984131.097008,24480841903.25997,27040357064.288864,27347194202.889114,30967714495.78715,16502721288.220581,29252555414.377655,32426843097.53456,31996757218.491432,30242102816.302094,23475849497.04166,31504457456.658905,21415845527.53781,23529461246.70977,29088490939.816246,29014391823.41877,32116932530.501076,24621714592.24999,23883083975.37881,19417049375.98169,24546832965.204014,24917007567.51712,22792559057.08956,21606071819.23168,26803758455.889824
28839984131.097008,24480841903.25997,27040357064.288864,27347194202.889114,30967714495.78715,16502721288.220581,29252555414.377655,32426843097.53456,31996757218.491432,30242102816.302094,23475849497.04166,31504457456.658905,21415845527.53781,23529461246.70977,29088490939.816246,21197235829.62837,32116932530.501076,24621714592.24999,23883083975.37881,19417049375.98169,24546832965.204014,24917007567.51712,22792559057.08956,21606071819.23168,26803758455.889824
28839984131.097008,24480841903.25997,27040357064.288864,27347194202.889114,30967714495.78715,16502721288.220581,29252555414.377655,32426843097.53456,31996757218.491432,30242102816.302094,23475849497.04166,31504457456.658905,21415845527.53781,23529461246.70977,29088490939.816246,21197235829.62837,32116932530.501076,24621714592.24999,23883083975.37881,19417049375.98169,24546832965.204014,24917007567.51712,22792559057.08956,21606071819.23168,26803758455.889824
28839984131.097008,24480841903.25997,27040357064.288864,27347194202.889114,30967714495.78715,16502721288.220581,29252555414.377655,32426843097.53456,31996757218.491432,30242102816.302094,23475849497.04166,31504457456.658905,21415845527.53781,23529461246.70977,29088490939.816246,21197235829.62837,32116932530.501076,24621714592.24999,23883083975.37881,19417049375.98169,24546832965.204014,24917007567.51712,22792559057.08956,21606071819.23168,26803758455.889824
28839984131.097008,24480841903.25997,27040357064.288864,27347194202.889114,30967714495.78715,16502721288.220581,29252555414.377655,32426843097.53456,31996757218.491432,30242102816.302094,23475849497.04166,31504457456.658905,21415845527.53781,23529461246.70977,29088490939.816246,21197235829.62837,32116932530.501076,24621714592.24999,23883083975.37881,19417049375.98169,24546832965.204014,24917007567.51712,22792559057.08956,21606071819.23168,26803758455.889824
28839984131.097008,24480841903.25997,27040357064.288864,27347194202.889114,30967714495.78715,16502721288.220581,29252555414.377655,32426843097.53456,31996757218.491432,30242102816.302094,23475849497.04166,31504457456.658905,21415845527.53781,23529461246.70977,29088490939.816246,21197235829.62837,32116932530.501076,24621714592.24999,23883083975.37881,19417049375.98169,24546832965.204014,24917007567.51712,22792559057.08956,21606071819.23168,26803758455.889824
28839984131.097008,24480841903.25997,27040357064.288864,27347194202.889114,30967714495.78715,16502721288.220581,29252555414.377655,32426843097.53456,31996757218.491432,30242102816.302094,23475849497.04166,31504457456.658905,21415845527.53781,23529461246.70977,29088490939.816246,21197235829.62837,32116932530.501076,24621714592.24999,23883083975.37881,19417049375.98169,24546832965.204014,24917007567.51712,22792559057.08956,21606071819.23168,26803758455.889824
28839984131.097008,24480841903.25997,27040357064.288864,27347194202.889114,30967714495.78715,16502721288.220581,29252555414.377655,32426843097.53456,31996757218.491432,30242102816.302094,23475849497.04166,31504457456.658905,21415845527.53781,23529461246.70977,29088490939.816246,21197235829.62837,32116932530.501076,24621714592.24999,23883083975.37881,19417049375.98169,24546832965.204014,24917007567.51712,22792559057.08956,21606071819.23168,26803758455.889824
28839984131.097008,23286103288.03916,27040357064.288864,27347194202.889114,30967714495.78715,16502721288.220581,29252555414.377655,32426843097.53456,31996757218.491432,30242102816.302094,23475849497.04166,31504457456.658905,21415845527.53781,23529461246.70977,29088490939.816246,21197235829.62837,32116932530.501076,24621714592.24999,23883083975.37881,19417049375.98169,24546832965.204014,24917007567.51712,22792559057.08956,21606071819.23168,26803758455.889824
28839984131.097008,23286103288.03916,27040357064.288864,27347194202.889114,30967714495.78715,16502721288.220581,29252555414.377655,32426843097.53456,31996757218.491432,30242102816.302094,23475849497.04166,31504457456.658905,21415845527.53781,23529461246.70977,29088490939.816246,21197235829.62837,32116932530.501076,24621714592.24999,23883083975.37881,19417049375.98169,24546832965.204014,24917007567.51712,22792559057.08956,21606071819.23168,26803758455.889824
28839984131.097008,23286103288.03916,27040357064.288864,27347194202.889114,30967714495.78715,16502721288.220581,29252555414.377655,32426843097.53456,31996757218.491432,30242102816.302094,23475849497.04166,31504457456.658905,21415845527.53781,23529461246.70977,29088490939.816246,21197235829.62837,32116932530.501076,24621714592.24999,23883083975.37881,19417049375.98169,24546832965.204014,24917007567.51712,22792559057.08956,21606071819.23168,26803758455.889824
28839984131.097008,23286103288.03916,27040357064.288864,27347194202.889114,30967714495.78715,16502721288.220581,29252555414.377655,32426843097.53456,31996757218.491432,30242102816.302094,23475849497.04166,31504457456.658905,21415845527.53781,23529461246.70977,29088490939.816246,21197235829.62837,32116932530.501076,24621714592.24999,23883083975.37881,19417049375.98169,24546832965.204014,24917007567.51712,22792559057.08956,21606071819.23168,26803758455.889824
28839984131.097008,23286103288.03916,27040357064.288864,27347194202.889114,30967714495.78715,16502721288.220581,29252555414.377655,32426843097.53456,31996757218.491432,30242102816.302094,23475849497.04166,31504457456.658905,21415845527.53781,23529461246.70977,29088490939.816246,21197235829.62837,32116932530.501076,24621714592.24999,23883083975.37881,19417049375.98169,24546832965.204014,24917007567.51712,22792559057.08956,21606071819.23168,26803758455.889824
28839984131.097008,23286103288.03916,27040357064.288864,27347194202.889114,30967714495.78715,16502721288.220581,29252555414.377655,32426843097.53456,31996757218.491432,30242102816.302094,23475849497.04166,13027531329.303133,21415845527.53781,23529461246.70977,29088490939.816246,21197235829.62837,32116932530.501076,24621714592.24999,23883083975.37881,19417049375.98169,24546832965.204014,24917007567.51712,22792559057.08956,21606071819.23168,26803758455.889824
28839984131.097008,23286103288.03916,27040357064.288864,27347194202.889114,30967714495.78715,16502721288.220581,29252555414.377655,32426843097.53456,31996757218.491432,30242102816.302094,23475849497.04166,13027531329.303133,21415845527.53781,23529461246.70977,29088490939.816246,21197235829.62837,32116932530.501076,24621714592.24999,23883083975.37881,19417049375.98169,24546832965.204014,24917007567.51712,22792559057.08956,21606071819.23168,26803758455.889824
28839984131.097008,23286103288.03916,27040357064.288864,27347194202.889114,30967714495.78715,16502721288.220581,29252555414.377655,32426843097.53456,31996757218.491432,30242102816.302094,23475849497.04166,13027531329.303133,21415845527.53781,23529461246.70977,29088490939.816246,21197235829.62837,32116932530.501076,24621714592.24999,23883083975.37881,19417049375.98169,24546832965.204014,24917007567.51712,22792559057.08956,21606071819.23168,26803758455.889824
28839984131.097008,23286103288.03916,24192059758.15914,27347194202.889114,30967714495.78715,16502721288.220581,29252555414.377655,32426843097.53456,31996757218.491432,30242102816.302094,23475849497.04166,13027531329.303133,21415845527.53781,23529461246.70977,29088490939.816246,21197235829.62837,32116932530.501076,24621714592.24999,23883083975.37881,19417049375.98169,24546832965.204014,24917007567.51712,22792559057.08956,21606071819.23168,26803758455.889824
28839984131.097008,23286103288.03916,24192059758.15914,27347194202.889114,30967714495.78715,16502721288.220581,29252555414.377655,32426843097.53456,31996757218.491432,30242102816.302094,23475849497.04166,13027531329.303133,21415845527.53781,23529461246.70977,29088490939.816246,21197235829.62837,32116932530.501076,24621714592.24999,23883083975.37881,19417049375.98169,24546832965.204014,24917007567.51712,22792559057.08956,21606071819.23168,26803758455.889824
28839984131.097008,23286103288.03916,24192059758.15914,27347194202.889114,30967714495.78715,16502721288.220581,29252555414.377655,32426843097.53456,31996757218.491432,30242102816.302094,23475849497.04166,13027531329.303133,21415845527.53781,23529461246.70977,29088490939.816246,21197235829.62837,32116932530.501076,24621714592.24999,23883083975.37881,19417049375.98169,24546832965.204014,24917007567.51712,22792559057.08956,21606071819.23168,26803758455.889824
28839984131.097008,23286103288.03916,24192059758.15914,27347194202.889114,30967714495.78715,16502721288.220581,29252555414.377655,32426843097.53456,31996757218.491432,30242102816.302094,23475849497.04166,13027531329.303133,21415845527.53781,23529461246.70977,29088490939.816246,21197235829.62837,32116932530.501076,24621714592.24999,23883083975.37881,19417049375.98169,24546832965.204014,24917007567.51712,22792559057.08956,21606071819.23168,26803758455.889824
28839984131.097008,23286103288.03916,24192059758.15914,27347194202.889114,30967714495.78715,16502721288.220581,29252555414.377655,32426843097.53456,31996757218.491432,30242102816.302094,23475849497.04166,13027531329.303133,21415845527.53781,23529461246.70977,29088490939.816246,21197235829.62837,32116932530.501076,24621714592.24999,23883083975.37881,19417049375.98169,24546832965.204014,24917007567.51712,22792559057.08956,21606071819.23168,26803758455.889824
28839984131.097008,23286103288.03916,24192059758.15914,27347194202.889114,30967714495.78715,16502721288.220581,29252555414.377655,32426843097.53456,31996757218.491432,30242102816.302094,23475849497.04166,13027531329.303133,21415845527.53781,23529461246.70977,29088490939.816246,21197235829.62837,32116932530.501076,24621714592.24999,23883083975.37881,19417049375.98169,24546832965.204014,24917007567.51712,22792559057.08956,21606071819.23168,26803758455.889824
28839984131.097008,23286103288.03916,24192059758.15914,27347194202.889114,30967714495.78715,16502721288.220581,29252555414.377655,32426843097.53456,31996757218.491432,30242102816.302094,23475849497.04166,13027531329.303133,21415845527.53781,23529461246.70977,29088490939.816246,21197235829.62837,32116932530.501076,24621714592.24999,23883083975.37881,19417049375.98169,24546832965.204014,24917007567.51712,22792559057.08956,21606071819.23168,26803758455.889824
28839984131.097008,23286103288.03916,24192059758.15914,27347194202.889114,30967714495.78715,16502721288.220581,29252555414.377655,32426843097.53456,31996757218.491432,30242102816.302094,23475849497.04166,13027531329.303133,21415845527.53781,23529461246.70977,29088490939.816246,21197235829.62837,32116932530.501076,24621714592.24999,23883083975.37881,19417049375.98169,24546832965.204014,24917007567.51712,22792559057.08956,21606071819.23168,26803758455.889824
28839984131.097008,23286103288.03916,24192059758.15914,27347194202.889114,30967714495.78715,16502721288.220581,29252555414.377655,32426843097.53456,31996757218.491432,30242102816.302094,23475849497.04166,13027531329.303133,21415845527.53781,23529461246.70977,25488701772.029427,21197235829.62837,32116932530.501076,24621714592.24999,23883083975.37881,19417049375.98169,24546832965.204014,24917007567.51712,22792559057.08956,21606071819.23168,26803758455.889824
28839984131.097008,23286103288.03916,24192059758.15914,27347194202.889114,30967714495.78715,16502721288.220581,29252555414.377655,32426843097.53456,31996757218.491432,30242102816.302094,23475849497.04166,13027531329.303133,21415845527.53781,23529461246.70977,25488701772.029427,21197235829.62837,32116932530.501076,24621714592.24999,23883083975.37881,19417049375.98169,24546832965.204014,24917007567.51712,22792559057.08956,21606071819.23168,26803758455.889824
28839984131.097008,23286103288.03916,24192059758.15914,27347194202.889114,30967714495.78715,16502721288.220581,29252555414.377655,32426843097.53456,31996757218.491432,30242102816.302094,23475849497.04166,13027531329.303133,21415845527.53781,23529461246.70977,25488701772.029427,21197235829.62837,32116932530.501076,24621714592.24999,23883083975.37881,19417049375.98169,24546832965.204014,24917007567.51712,22792559057.08956,21606071819.23168,26803758455.889824
28839984131.097008,23286103288.03916,24192059758.15914,27347194202.889114,30967714495.78715,16502721288.220581,29252555414.377655,32426843097.53456,31996757218.491432,30242102816.302094,23475849497.04166,13027531329.303133,21415845527.53781,23529461246.70977,25488701772.029427,21197235829.62837,32116932530.501076,24621714592.24999,23883083975.37881,19417049375.98169,24546832965.204014,24917007567.51712,22792559057.08956,21606071819.23168,26803758455.889824
28839984131.097008,23286103288.03916,24192059758.15914,27347194202.889114,30967714495.78715,16502721288.220581,28792169951.120583,32074202298.666363,31996757218.491432,30242102816.302094,23475849497.04166,13027531329.303133,21415845527.53781,23529461246.70977,25488701772.029427,21197235829.62837,32116932530.501076,24621714592.24999,23883083975.37881,19417049375.98169,24546832965.204014,24917007567.51712,22792559057.08956,21606071819.23168,26803758455.889824
28839984131.097008,23286103288.03916,24192059758.15914,27347194202.889114,30967714495.78715,16502721288.220581,28792169951.120583,32074202298.666363,31996757218.491432,30242102816.302094,23475849497.04166,13027531329.303133,21415845527.53781,23529461246.70977,25488701772.029427,21197235829.62837,32116932530.501076,24621714592.24999,23883083975.37881,19417049375.98169,24546832965.204014,24917007567.51712,22792559057.08956,21606071819.23168,26803758455.889824
28839984131.097008,23286103288.03916,24192059758.15914,27347194202.889114,30967714495.78715,16502721288.220581,28792169951.120583,32074202298.666363,31996757218.491432,30242102816.302094,23475849497.04166,13027531329.303133,21415845527.53781,23529461246.70977,25488701772.029427,21197235829.62837,32116932530.501076,24621714592.24999,23883083975.37881,19417049375.98169,24546832965.204014,24917007567.51712,22792559057.08956,21606071819.23168,26803758455.889824
28839984131.097008,23286103288.03916,24192059758.15914,27347194202.889114,30967714495.78715,16502721288.220581,28792169951.120583,32074202298.666363,31996757218.491432,30242102816.302094,23475849497.04166,13027531329.303133,21415845527.53781,23529461246.70977,25488701772.029427,21197235829.62837,32116932530.501076,24621714592.24999,23883083975.37881,19417049375.98169,24546832965.204014,24917007567.51712,22792559057.08956,21606071819.23168,26803758455.889824
28839984131.097008,23286103288.03916,24192059758.15914,27347194202.889114,30967714495.78715,16502721288.220581,28792169951.120583,32074202298.666363,31996757218.491432,30242102816.302094,23475849497.04166,13027531329.303133,21415845527.53781,23529461246.70977,25488701772.029427,21197235829.62837,32116932530.501076,24621714592.24999,23883083975.37881,19417049375.98169,24546832965.204014,24917007567.51712,21034148170.736794,21606071819.23168,26803758455.889824
26264636912.88514,23286103288.03916,24192059758.15914,27347194202.889114,30967714495.78715,16502721288.220581,28792169951.120583,32074202298.666363,31996757218.491432,30242102816.302094,23475849497.04166,13027531329.303133,21415845527.53781,23529461246.70977,25488701772.029427,21197235829.62837,32116932530.501076,24621714592.24999,23883083975.37881,19417049375.98169,24546832965.204014,24917007567.51712,21034148170.736794,21606071819.23168,26803758455.889824
26264636912.88514,23286103288.03916,24192059758.15914,27347194202.889114,30967714495.78715,16502721288.220581,28792169951.120583,32074202298.666363,31996757218.491432,30242102816.302094,23475849497.04166,13027531329.303133,21415845527.53781,23529461246.70977,25488701772.029427,21197235829.62837,32116932530.501076,24621714592.24999,23883083975.37881,19417049375.98169,24546832965.204014,24917007567.51712,21034148170.736794,21606071819.23168,18875513831.545998
26264636912.88514,23286103288.03916,24192059758.15914,27347194202.889114,30967714495.78715,16502721288.220581,28792169951.120583,32074202298.666363,31996757218.491432,30242102816.302094,23475849497.04166,13027531329.303133,21415845527.53781,23529461246.70977,25488701772.029427,21197235829.62837,32116932530.501076,24621714592.24999,23883083975.37881,19417049375.98169,24546832965.204014,24917007567.51712,21034148170.736794,21606071819.23168,18875513831.545998
26264636912.88514,23286103288.03916,24192059758.15914,19582504175.8112,19020437013.43663,16502721288.220581,28792169951.120583,32074202298.666363,31996757218.491432,30242102816.302094,23475849497.04166,13027531329.303133,21415845527.53781,23529461246.70977,25488701772.029427,21197235829.62837,32116932530.501076,24621714592.24999,23883083975.37881,19417049375.98169,24546832965.204014,24917007567.51712,21034148170.736794,21606071819.23168,18875513831.545998
26264636912.88514,23286103288.03916,24192059758.15914,19582504175.8112,19020437013.43663,16502721288.220581,28792169951.120583,32074202298.666363,31996757218.491432,30242102816.302094,23475849497.04166,13027531329.303133,21415845527.53781,23529461246.70977,25488701772.029427,21197235829.62837,32116932530.501076,24621714592.24999,23883083975.37881,19417049375.98169,24546832965.204014,24917007567.51712,21034148170.736794,21606071819.23168,18875513831.545998
26264636912.88514,23286103288.03916,24192059758.15914,19582504175.8112,19020437013.43663,16502721288.220581,28792169951.120583,32074202298.666363,31996757218.491432,30242102816.302094,23475849497.04166,13027531329.303133,21415845527.53781,23529461246.70977,25488701772.029427,21197235829.62837,32116932530.501076,24621714592.24999,23883083975.37881,19417049375.98169,24546832965.204014,24917007567.51712,21034148170.736794,21606071819.23168,18875513831.545998
26264636912.88514,23286103288.03916,24192059758.15914,19582504175.8112,19020437013.43663,16502721288.220581,28792169951.120583,32074202298.666363,31996757218.491432,30242102816.302094,23475849497.04166,13027531329.303133,21415845527.53781,23529461246.70977,25488701772.029427,21197235829.62837,32116932530.501076,24621714592.24999,23883083975.37881,19417049375.98169,24546832965.204014,24917007567.51712,21034148170.736794,21606071819.23168,18875513831.545998
26264636912.88514,23286103288.03916,24192059758.15914,19582504175.8112,19020437013.43663,16502721288.220581,28792169951.120583,32074202298.666363,31996757218.491432,30242102816.302094,23475849497.04166,13027531329.303133,21415845527.53781,23529461246.70977,25488701772.029427,21197235829.62837,32116932530.501076,24621714592.24999,23883083975.37881,19417049375.98169,24546832965.204014,24917007567.51712,21034148170.736794,21606071819.23168,18875513831.545998
26264636912.88514,23286103288.03916,24192059758.15914,19582504175.8112,19020437013.43663,16502721288.220581,28792169951.120583,32074202298.666363,31996757218.491432,30242102816.302094,23475849497.04166,13027531329.303133,21415845527.53781,23529461246.70977,25488701772.029427,21197235829.62837,32116932530.501076,24621714592.24999,23883083975.37881,19417049375.98169,24546832965.204014,24917007567.51712,21034148170.736794,21606071819.23168,18875513831.545998
26264636912.88514,23286103288.03916,24192059758.15914,19582504175.8112,19020437013.43663,16502721288.220581,28792169951.120583,32074202298.666363,31996757218.491432,30242102816.302094,23475849497.04166,13027531329.303133,21415845527.53781,23529461246.70977,25488701772.029427,21197235829.62837,32116932530.501076,24621714592.24999,23883083975.37881,19417049375.98169,24546832965.204014,24917007567.51712,21034148170.736794,21606071819.23168,18875513831.545998
26264636912.88514,23286103288.03916,24192059758.15914,18104267571.830063,19020437013.43663,16502721288.220581,28792169951.120583,32074202298.666363,31996757218.491432,30242102816.302094,23475849497.04166,13027531329.303133,21415845527.53781,23529461246.70977,25488701772.029427,21197235829.62837,32116932530.501076,24621714592.24999,23883083975.37881,19417049375.98169,24546832965.204014,24917007567.51712,21034148170.736794,21606071819.23168,18875513831.545998
26264636912.88514,23286103288.03916,24192059758.15914,18104267571.830063,19020437013.43663,16502721288.220581,28792169951.120583,32074202298.666363,31996757218.491432,30242102816.302094,23475849497.04166,13027531329.303133,21415845527.53781,23529461246.70977,25488701772.029427,21197235829.62837,32116932530.501076,24621714592.24999,23883083975.37881,19417049375.98169,24546832965.204014,24917007567.51712,21034148170.736794,21606071819.23168,18875513831.545998
26264636912.88514,23286103288.03916,24192059758.15914,18104267571.830063,19020437013.43663,16502721288.220581,28792169951.120583,32074202298.666363,31996757218.491432,30242102816.302094,23475849497.04166,13027531329.303133,21415845527.53781,23529461246.70977,25488701772.029427,21197235829.62837,32116932530.501076,24621714592.24999,23883083975.37881,19417049375.98169,24546832965.204014,24917007567.51712,21034148170.736794,21606071819.23168,18875513831.545998
26264636912.88514,23286103288.03916,24192059758.15914,18104267571.830063,19020437013.43663,16502721288.220581,28792169951.120583,32074202298.666363,31996757218.491432,30242102816.302094,23475849497.04166,13027531329.303133,21415845527.53781,23529461246.70977,25488701772.029427,21197235829.62837,32116932530.501076,24621714592.24999,23883083975.37881,19417049375.98169,24546832965.204014,24917007567.51712,21034148170.736794,21606071819.23168,18875513831.545998
26264636912.88514,23286103288.03916,24192059758.15914,18104267571.830063,19020437013.43663,16502721288.220581,28792169951.120583,32074202298.666363,31996757218.491432,30242102816.302094,23475849497.04166,13027531329.303133,21415845527.53781,23529461246.70977,25488701772.029427,21197235829.62837,32116932530.501076,24621714592.24999,23883083975.37881,19417049375.98169,24546832965.204014,24917007567.51712,21034148170.736794,21606071819.23168,18875513831.545998
26264636912.88514,23286103288.03916,24192059758.15914,18104267571.830063,19020437013.43663,16502721288.220581,28792169951.120583,32074202298.666363,31996757218.491432,30242102816.302094,23475849497.04166,13027531329.303133,21415845527.53781,23529461246.70977,25488701772.029427,21197235829.62837,32116932530.501076,24621714592.24999,23883083975.37881,19417049375.98169,24546832965.204014,24917007567.51712,21034148170.736794,21606071819.23168,18875513831.545998
26264636912.88514,23286103288.03916,24192059758.15914,18104267571.830063,19020437013.43663,16502721288.220581,28792169951.120583,32074202298.666363,31996757218.491432,30242102816.302094,23475849497.04166,13027531329.303133,21415845527.53781,23529461246.70977,25488701772.029427,21197235829.62837,32116932530.501076,24621714592.24999,23883083975.37881,19417049375.98169,24546832965.204014,24917007567.51712,21034148170.736794,21606071819.23168,18875513831.545998
26264636912.88514,23286103288.03916,24192059758.15914,18104267571.830063,19020437013.43663,16502721288.220581,28792169951.120583,32074202298.666363,31996757218.491432,30242102816.302094,23475849497.04166,13027531329.303133,21415845527.53781,23529461246.70977,25488701772.029427,21197235829.62837,32116932530.501076,24621714592.24999,18024522546.868576,19417049375.98169,24546832965.204014,24917007567.51712,21034148170.736794,21606071819.23168,18875513831.545998
26264636912.88514,23286103288.03916,24192059758.15914,18104267571.830063,19020437013.43663,16502721288.220581,28792169951.120583,32074202298.666363,27433898358.75019,30242102816.302094,23475849497.04166,13027531329.303133,21415845527.53781,23529461246.70977,25488701772.029427,21197235829.62837,32116932530.501076,24621714592.24999,18024522546.868576,19417049375.98169,24546832965.204014,24917007567.51712,21034148170.736794,21606071819.23168,18875513831.545998
26264636912.88514,23286103288.03916,24192059758.15914,18104267571.830063,19020437013.43663,16502721288.220581,28792169951.120583,32074202298.666363,27433898358.75019,30242102816.302094,23475849497.04166,13027531329.303133,21415845527.53781,23529461246.70977,25488701772.029427,21197235829.62837,32116932530.501076,24621714592.24999,18024522546.868576,19417049375.98169,24546832965.204014,24917007567.51712,21034148170.736794,21606071819.23168,18875513831.545998
26264636912.88514,23286103288.03916,24192059758.15914,18104267571.830063,19020437013.43663,16502721288.220581,28792169951.120583,32074202298.666363,27433898358.75019,30242102816.302094,23475849497.04166,13027531329.303133,21415845527.53781,23529461246.70977,25488701772.029427,21197235829.62837,32116932530.501076,24621714592.24999,18024522546.868576,19417049375.98169,24546832965.204014,24917007567.51712,21034148170.736794,21606071819.23168,18875513831.545998
26264636912.88514,23286103288.03916,24192059758.15914,18104267571.830063,19020437013.43663,16502721288.220581,28792169951.120583,32074202298.666363,27433898358.75019,30242102816.302094,23475849497.04166,13027531329.303133,21415845527.53781,23529461246.70977,25488701772.029427,21197235829.62837,32116932530.501076,24621714592.24999,18024522546.868576,19417049375.98169,24546832965.204014,24917007567.51712,21034148170.736794,21606071819.23168,18875513831.545998
26264636912.88514,23286103288.03916,24192059758.15914,18104267571.830063,19020437013.43663,16502721288.220581,28792169951.120583,32074202298.666363,27433898358.75019,30242102816.302094,23475849497.04166,13027531329.303133,21415845527.53781,23529461246.70977,25488701772.029427,21197235829.62837,32116932530.501076,24621714592.24999,18024522546.868576,19417049375.98169,24546832965.204014,24917007567.51712,21034148170.736794,21606071819.23168,18875513831.545998
26264636912.88514,23286103288.03916,24192059758.15914,18104267571.830063,19020437013.43663,16502721288.220581,28792169951.120583,32074202298.666363,27433898358.75019,30242102816.302094,23475849497.04166,13027531329.303133,21415845527.53781,23529461246.70977,25488701772.029427,21197235829.62837,32116932530.501076,24621714592.24999,18024522546.868576,19417049375.98169,24546832965.204014,24917007567.51712,21034148170.736794,21606071819.23168,18875513831.545998
26264636912.88514,23286103288.03916,24192059758.15914,18104267571.830063,19020437013.43663,16502721288.220581,28792169951.120583,32074202298.666363,27433898358.75019,30242102816.302094,23475849497.04166,13027531329.303133,21415845527.53781,23529461246.70977,25488701772.029427,21197235829.62837,32116932530.501076,24621714592.24999,18024522546.868576,19417049375.98169,24546832965.204014,24917007567.51712,21034148170.736794,21606071819.23168,18875513831.545998
26264636912.88514,23286103288.03916,24192059758.15914,18104267571.830063,19020437013.43663,16502721288.220581,28792169951.120583,32074202298.666363,27433898358.75019,30242102816.302094,23475849497.04166,13027531329.303133,21415845527.53781,23529461246.70977,25488701772.029427,21197235829.62837,31455739979.52128,24621714592.24999,18024522546.868576,19417049375.98169,24546832965.204014,24917007567.51712,21034148170.736794,21606071819.23168,18875513831.545998
26264636912.88514,23286103288.03916,24192059758.15914,18104267571.830063,19020437013.43663,16502721288.220581,28792169951.120583,32074202298.666363,27433898358.75019,30242102816.302094,23475849497.04166,13027531329.303133,21415845527.53781,23529461246.70977,25488701772.029427,21197235829.62837,31455739979.52128,24621714592.24999,18024522546.868576,19417049375.98169,24546832965.204014,24917007567.51712,21034148170.736794,21606071819.23168,18875513831.545998
26264636912.88514,23286103288.03916,24192059758.15914,18104267571.830063,19020437013.43663,16502721288.220581,28792169951.120583,32074202298.666363,27433898358.75019,30242102816.302094,23475849497.04166,13027531329.303133,21415845527.53781,23529461246.70977,25488701772.029427,21197235829.62837,31455739979.52128,24621714592.24999,18024522546.868576,19417049375.98169,24546832965.204014,24917007567.51712,21034148170.736794,21606071819.23168,18875513831.545998
26264636912.88514,23286103288.03916,24192059758.15914,18104267571.830063,19020437013.43663,16502721288.220581,28792169951.120583,32074202298.666363,27433898358.75019,30242102816.302094,23475849497.04166,13027531329.303133,21415845527.53781,23529461246.70977,25488701772.029427,21197235829.62837,31455739979.52128,24621714592.24999,18024522546.868576,19417049375.98169,24546832965.204014,24917007567.51712,21034148170.736794,21606071819.23168,18875513831.545998
26264636912.88514,23286103288.03916,24192059758.15914,18104267571.830063,19020437013.43663,16502721288.220581,28792169951.120583,32074202298.666363,27433898358.75019,30242102816.302094,23475849497.04166,13027531329.303133,21415845527.53781,23529461246.70977,25488701772.029427,21197235829.62837,31455739979.52128,24621714592.24999,18024522546.868576,19417049375.98169,24546832965.204014,24917007567.51712,21034148170.736794,21606071819.23168,18875513831.545998
26264636912.88514,23286103288.03916,24192059758.15914,18104267571.830063,19020437013.43663,16502721288.220581,28792169951.120583,32074202298.666363,27433898358.75019,30242102816.302094,23475849497.04166,13027531329.303133,21415845527.53781,23529461246.70977,25488701772.029427,21197235829.62837,31455739979.52128,24621714592.24999,18024522546.868576,19417049375.98169,24546832965.204014,24917007567.51712,21034148170.736794,21606071819.23168,18875513831.545998
26264636912.88514,23286103288.03916,24192059758.15914,18104267571.830063,19020437013.43663,16502721288.220581,28792169951.120583,32074202298.666363,27433898358.75019,30242102816.302094,23475849497.04166,13027531329.303133,21415845527.53781,23529461246.70977,25488701772.029427,21197235829.62837,26839145055.85276,24621714592.24999,18024522546.868576,19417049375.98169,24546832965.204014,24917007567.51712,21034148170.736794,21606071819.23168,18875513831.545998
26264636912.88514,23286103288.03916,24192059758.15914,18104267571.830063,19020437013.43663,16502721288.220581,28792169951.120583,32074202298.666363,27433898358.75019,30242102816.302094,23475849497.04166,13027531329.303133,21415845527.53781,23529461246.70977,25488701772.029427,21197235829.62837,26839145055.85276,24621714592.24999,18024522546.868576,19417049375.98169,24546832965.204014,24917007567.51712,21034148170.736794,21606071819.23168,18875513831.545998
26264636912.88514,23286103288.03916,24192059758.15914,18104267571.830063,19020437013.43663,16502721288.220581,28792169951.120583,32074202298.666363,27433898358.75019,30242102816.302094,23475849497.04166,13027531329.303133,21415845527.53781,23529461246.70977,25488701772.029427,21197235829.62837,26839145055.85276,24621714592.24999,18024522546.868576,19417049375.98169,24546832965.204014,24917007567.51712,21034148170.736794,21606071819.23168,18875513831.545998
26264636912.88514,23286103288.03916,24192059758.15914,18104267571.830063,19020437013.43663,16502721288.220581,28792169951.120583,32074202298.666363,27433898358.75019,30242102816.302094,23475849497.04166,13027531329.303133,21415845527.53781,23529461246.70977,25488701772.029427,21197235829.62837,26839145055.85276,24621714592.24999,18024522546.868576,19417049375.98169,24546832965.204014,24917007567.51712,21034148170.736794,21606071819.23168,18875513831.545998
26264636912.88514,23286103288.03916,24192059758.15914,18104267571.830063,19020437013.43663,16502721288.220581,28792169951.120583,32074202298.666363,27433898358.75019,30242102816.302094,23475849497.04166,13027531329.303133,21415845527.53781,23529461246.70977,25488701772.029427,21197235829.62837,26839145055.85276,24621714592.24999,18024522546.868576,19417049375.98169,24546832965.204014,24917007567.51712,21034148170.736794,21606071819.23168,18875513831.545998
26264636912.88514,23286103288.03916,24192059758.15914,18104267571.830063,19020437013.43663,16502721288.220581,28792169951.120583,32074202298.666363,27433898358.75019,30242102816.302094,23475849497.04166,13027531329.303133,19253956183.421154,20821330320.512493,25488701772.029427,21197235829.62837,26839145055.85276,24621714592.24999,18024522546.868576,19417049375.98169,24546832965.204014,24917007567.51712,21034148170.736794,21606071819.23168,18875513831.545998
26264636912.88514,23286103288.03916,24192059758.15914,18104267571.830063,19020437013.43663,16502721288.220581,28792169951.120583,32074202298.666363,27433898358.75019,30242102816.302094,23475849497.04166,13027531329.303133,19253956183.421154,20821330320.512493,25488701772.029427,21197235829.62837,26839145055.85276,24621714592.24999,18024522546.868576,19417049375.98169,24546832965.204014,24917007567.51712,21034148170.736794,21606071819.23168,18875513831.545998
26264636912.88514,23286103288.03916,24192059758.15914,18104267571.830063,19020437013.43663,16502721288.220581,28792169951.120583,32074202298.666363,27433898358.75019,30242102816.302094,23475849497.04166,13027531329.303133,19253956183.421154,20821330320.512493,25488701772.029427,21197235829.62837,26839145055.85276,24621714592.24999,18024522546.868576,19417049375.98169,24546832965.204014,24917007567.51712,21034148170.736794,21606071819.23168,18875513831.545998
26264636912.88514,23286103288.03916,24192059758.15914,18104267571.830063,19020437013.43663,16502721288.220581,28792169951.120583,32074202298.666363,27433898358.75019,30242102816.302094,23475849497.04166,13027531329.303133,19253956183.421154,20821330320.512493,25488701772.029427,21197235829.62837,26839145055.85276,24621714592.24999,18024522546.868576,19417049375.98169,24546832965.204014,24917007567.51712,21034148170.736794,21606071819.23168,18875513831.545998
26264636912.88514,23286103288.03916,24192059758.15914,18104267571.830063,19020437013.43663,16502721288.220581,26715538031.982506,32074202298.666363,27433898358.75019,30242102816.302094,23475849497.04166,13027531329.303133,19253956183.421154,20821330320.512493,25488701772.029427,21197235829.62837,26839145055.85276,24621714592.24999,18024522546.868576,19417049375.98169,24546832965.204014,24488690509.154762,21034148170.736794,21606071819.23168,18875513831.545998
26264636912.88514,23286103288.03916,24192059758.15914,18104267571.830063,19020437013.43663,16502721288.220581,26715538031.982506,32074202298.666363,27433898358.75019,30242102816.302094,23475849497.04166,13027531329.303133,19253956183.421154,20821330320.512493,25488701772.029427,21197235829.62837,26839145055.85276,24621714592.24999,18024522546.868576,19417049375.98169,24546832965.204014,24488690509.154762,21034148170.736794,21606071819.23168,18875513831.545998
26264636912.88514,23286103288.03916,24192059758.15914,18104267571.830063,19020437013.43663,16502721288.220581,26715538031.982506,32074202298.666363,27433898358.75019,30242102816.302094,23475849497.04166,13027531329.303133,19253956183.421154,20821330320.512493,25488701772.029427,21197235829.62837,26839145055.85276,24621714592.24999,18024522546.868576,19417049375.98169,24546832965.204014,24488690509.154762,21034148170.736794,21606071819.23168,18875513831.545998
26264636912.88514,23286103288.03916,24192059758.15914,18104267571.830063,19020437013.43663,16502721288.220581,26715538031.982506,32074202298.666363,27433898358.75019,30242102816.302094,23475849497.04166,13027531329.303133,19253956183.421154,20821330320.512493,25488701772.029427,21197235829.62837,26839145055.85276,24621714592.24999,18024522546.868576,19417049375.98169,24546832965.204014,24488690509.154762,21034148170.736794,21606071819.23168,18875513831.545998
26264636912.88514,23286103288.03916,24192059758.15914,18104267571.830063,19020437013.43663,16502721288.220581,26715538031.982506,32074202298.666363,27433898358.75019,30242102816.302094,23475849497.04166,13027531329.303133,19253956183.421154,20821330320.512493,25488701772.029427,21197235829.62837,26839145055.85276,24621714592.24999,18024522546.868576,19417049375.98169,24546832965.204014,24488690509.154762,21034148170.736794,21606071819.23168,18875513831.545998
26264636912.88514,23286103288.03916,24192059758.15914,18104267571.830063,19020437013.43663,16502721288.220581,26715538031.982506,32074202298.666363,27433898358.75019,30242102816.302094,23475849497.04166,13027531329.303133,19253956183.421154,20821330320.512493,25488701772.029427,21197235829.62837,26839145055.85276,24621714592.24999,18024522546.868576,19417049375.98169,24546832965.204014,24488690509.154762,21034148170.736794,21606071819.23168,18875513831.545998
26264636912.88514,23286103288.03916,24192059758.15914,18104267571.830063,19020437013.43663,16502721288.220581,26715538031.982506,32074202298.666363,27433898358.75019,9455174008.308489,23475849497.04166,13027531329.303133,19253956183.421154,20821330320.512493,25488701772.029427,21197235829.62837,26839145055.85276,24621714592.24999,18024522546.868576,19417049375.98169,24546832965.204014,24488690509.154762,21034148170.736794,21606071819.23168,18875513831.545998
26264636912.88514,23286103288.03916,24192059758.15914,18104267571.830063,19020437013.43663,16502721288.220581,26715538031.982506,32074202298.666363,27433898358.75019,9455174008.308489,23475849497.04166,13027531329.303133,19253956183.421154,20821330320.512493,25488701772.029427,21197235829.62837,26839145055.85276,24621714592.24999,18024522546.868576,19417049375.98169,24546832965.204014,24488690509.154762,21034148170.736794,21606071819.23168,18875513831.545998
26264636912.88514,23286103288.03916,24192059758.15914,18104267571.830063,19020437013.43663,16502721288.220581,26715538031.982506,32074202298.666363,27433898358.75019,9455174008.308489,23475849497.04166,13027531329.303133,19253956183.421154,20821330320.512493,25488701772.029427,21197235829.62837,26839145055.85276,24621714592.24999,18024522546.868576,19417049375.98169,24546832965.204014,24488690509.154762,21034148170.736794,21606071819.23168,18875513831.545998
26264636912.88514,23286103288.03916,24192059758.15914,18104267571.830063,19020437013.43663,16502721288.220581,26715538031.982506,32074202298.666363,27433898358.75019,9455174008.308489,23475849497.04166,13027531329.303133,19253956183.421154,20821330320.512493,25488701772.029427,21197235829.62837,26839145055.85276,24621714592.24999,18024522546.868576,19417049375.98169,24546832965.204014,24488690509.154762,21034148170.736794,21606071819.23168,18875513831.545998
26264636912.88514,23286103288.03916,24192059758.15914,18104267571.830063,19020437013.43663,16502721288.220581,26715538031.982506,32074202298.666363,27433898358.75019,9455174008.308489,23475849497.04166,13027531329.303133,19253956183.421154,20821330320.512493,25488701772.029427,21197235829.62837,26839145055.85276,24621714592.24999,18024522546.868576,19417049375.98169,24546832965.204014,24488690509.154762,21034148170.736794,21606071819.23168,18875513831.545998
26264636912.88514,23286103288.03916,24192059758.15914,18104267571.830063,19020437013.43663,16502721288.220581,26715538031.982506,32074202298.666363,27433898358.75019,9455174008.308489,23475849497.04166,13027531329.303133,19253956183.421154,20821330320.512493,25488701772.029427,21197235829.62837,26839145055.85276,24621714592.24999,18024522546.868576,19417049375.98169,24546832965.204014,24488690509.154762,21034148170.736794,21606071819.23168,18875513831.545998
26264636912.88514,23286103288.03916,24192059758.15914,18104267571.830063,19020437013.43663,16502721288.220581,26715538031.982506,32074202298.666363,27433898358.75019,9455174008.308489,23475849497.04166,13027531329.303133,19253956183.421154,20821330320.512493,25488701772.029427,21197235829.62837,26839145055.85276,24621714592.24999,18024522546.868576,19417049375.98169,24546832965.204014,24488690509.154762,21034148170.736794,21606071819.23168,18875513831.545998
26264636912.88514,23286103288.03916,24192059758.15914,18104267571.830063,19020437013.43663,16502721288.220581,26715538031.982506,32074202298.666363,27433898358.75019,9455174008.308489,23475849497.04166,13027531329.303133,19253956183.421154,20821330320.512493,25488701772.029427,21197235829.62837,26839145055.85276,24621714592.24999,18024522546.868576,19417049375.98169,24546832965.204014,24488690509.154762,21034148170.736794,21606071819.23168,18875513831.545998
26264636912.88514,23286103288.03916,24192059758.15914,18104267571.830063,19020437013.43663,16502721288.220581,26715538031.982506,32074202298.666363,23761765429.307766,9455174008.308489,23475849497.04166,13027531329.303133,19253956183.421154,20821330320.512493,25488701772.029427,21197235829.62837,26839145055.85276,24621714592.24999,18024522546.868576,19417049375.98169,24546832965.204014,24488690509.154762,21034148170.736794,21606071819.23168,18875513831.545998
26264636912.88514,23286103288.03916,24192059758.15914,18104267571.830063,19020437013.43663,16502721288.220581,26715538031.982506,32074202298.666363,23761765429.307766,9455174008.308489,23475849497.04166,13027531329.303133,19253956183.421154,20821330320.512493,25488701772.029427,21197235829.62837,26839145055.85276,24621714592.24999,18024522546.868576,19417049375.98169,24546832965.204014,24488690509.154762,21034148170.736794,21606071819.23168,18875513831.545998
26264636912.88514,23286103288.03916,24192059758.15914,18104267571.830063,19020437013.43663,16502721288.220581,26715538031.982506,32074202298.666363,23761765429.307766,9455174008.308489,23475849497.04166,13027531329.303133,19253956183.421154,20821330320.512493,25488701772.029427,21197235829.62837,26839145055.85276,24621714592.24999,18024522546.868576,19417049375.98169,24546832965.204014,24488690509.154762,21034148170.736794,21606071819.23168,18875513831.545998
26264636912.88514,23286103288.03916,24192059758.15914,18104267571.830063,19020437013.43663,16502721288.220581,24882710733.148678,32074202298.666363,23761765429.307766,9455174008.308489,23475849497.04166,13027531329.303133,19253956183.421154,20821330320.512493,25488701772.029427,21197235829.62837,26839145055.85276,24621714592.24999,18024522546.868576,19417049375.98169,24546832965.204014,24488690509.154762,21034148170.736794,21606071819.23168,18875513831.545998
26264636912.88514,23286103288.03916,24192059758.15914,18104267571.830063,19020437013.43663,16502721288.220581,24882710733.148678,32074202298.666363,23761765429.307766,9455174008.308489,23475849497.04166,13027531329.303133,19253956183.421154,20821330320.512493,25488701772.029427,21197235829.62837,26839145055.85276,24621714592.24999,18024522546.868576,19417049375.98169,24546832965.204014,24488690509.154762,21034148170.736794,21606071819.23168,18875513831.545998
26264636912.88514,23286103288.03916,24192059758.15914,18104267571.830063,19020437013.43663,16502721288.220581,24882710733.148678,32074202298.666363,23761765429.307766,9455174008.308489,23475849497.04166,13027531329.303133,19253956183.421154,20821330320.512493,25488701772.029427,21197235829.62837,26839145055.85276,24621714592.24999,18024522546.868576,19417049375.98169,24546832965.204014,24488690509.154762,21034148170.736794,21606071819.23168,18875513831.545998
26264636912.88514,23286103288.03916,24192059758.15914,18104267571.830063,19020437013.43663,16502721288.220581,24882710733.148678,32074202298.666363,23761765429.307766,9455174008.308489,23475849497.04166,13027531329.303133,19253956183.421154,20821330320.512493,25488701772.029427,21197235829.62837,26839145055.85276,24621714592.24999,18024522546.868576,19417049375.98169,24546832965.204014,24488690509.154762,21034148170.736794,21606071819.23168,18875513831.545998
26264636912.88514,23286103288.03916,24192059758.15914,18104267571.830063,19020437013.43663,16502721288.220581,24882710733.148678,32074202298.666363,23761765429.307766,9455174008.308489,23475849497.04166,13027531329.303133,19253956183.421154,20821330320.512493,25488701772.029427,21197235829.62837,26839145055.85276,24621714592.24999,18024522546.868576,19417049375.98169,24546832965.204014,24488690509.154762,21034148170.736794,21606071819.23168,18875513831.545998
26264636912.88514,23286103288.03916,24192059758.15914,18104267571.830063,19020437013.43663,16502721288.220581,24882710733.148678,32074202298.666363,23761765429.307766,9455174008.308489,23475849497.04166,13027531329.303133,19253956183.421154,20821330320.512493,25488701772.029427,21197235829.62837,26839145055.85276,24621714592.24999,18024522546.868576,19417049375.98169,24546832965.204014,24488690509.154762,21034148170.736794,21606071819.23168,18875513831.545998
26264636912.88514,23286103288.03916,24192059758.15914,18104267571.830063,19020437013.43663,16502721288.220581,24882710733.148678,32074202298.666363,23761765429.307766,9455174008.308489,23475849497.04166,13027531329.303133,19253956183.421154,20821330320.512493,25488701772.029427,21197235829.62837,26839145055.85276,24621714592.24999,18024522546.868576,19417049375.98169,24546832965.204014,24488690509.154762,21034148170.736794,21606071819.23168,18875513831.545998
26264636912.88514,23286103288.03916,24192059758.15914,18104267571.830063,19020437013.43663,16502721288.220581,24882710733.148678,32074202298.666363,23761765429.307766,9455174008.308489,23475849497.04166,13027531329.303133,19253956183.421154,20821330320.512493,25488701772.029427,21197235829.62837,26839145055.85276,24621714592.24999,18024522546.868576,19417049375.98169,24546832965.204014,22409416024.211926,21034148170.736794,21606071819.23168,18875513831.545998
26264636912.88514,23286103288.03916,24192059758.15914,18104267571.830063,19020437013.43663,16502721288.220581,24882710733.148678,32074202298.666363,23761765429.307766,9455174008.308489,23475849497.04166,13027531329.303133,19253956183.421154,20821330320.512493,25488701772.029427,21197235829.62837,26839145055.85276,24621714592.24999,18024522546.868576,19417049375.98169,24546832965.204014,22409416024.211926,21034148170.736794,21606071819.23168,18875513831.545998
26264636912.88514,23286103288.03916,24192059758.15914,18104267571.830063,19020437013.43663,16502721288.220581,24882710733.148678,32074202298.666363,23761765429.307766,9455174008.308489,23475849497.04166,13027531329.303133,19253956183.421154,20821330320.512493,25488701772.029427,21197235829.62837,26839145055.85276,24621714592.24999,18024522546.868576,19417049375.98169,24546832965.204014,22409416024.211926,21034148170.736794,21606071819.23168,18875513831.545998
26264636912.88514,23286103288.03916,24192059758.15914,18104267571.830063,19020437013.43663,16502721288.220581,24882710733.148678,32074202298.666363,23761765429.307766,9455174008.308489,23475849497.04166,13027531329.303133,19253956183.421154,20821330320.512493,25488701772.029427,21197235829.62837,26839145055.85276,24621714592.24999,18024522546.868576,19417049375.98169,24546832965.204014,22409416024.211926,21034148170.736794,21606071819.23168,18875513831.545998
26264636912.88514,23286103288.03916,24192059758.15914,18104267571.830063,19020437013.43663,16502721288.220581,24882710733.148678,32074202298.666363,23761765429.307766,9455174008.308489,23475849497.04166,13027531329.303133,19253956183.421154,20821330320.512493,25488701772.029427,21197235829.62837,26839145055.85276,24621714592.24999,18024522546.868576,19417049375.98169,24546832965.204014,22409416024.211926,21034148170.736794,21606071819.23168,18875513831.545998
26264636912.88514,23286103288.03916,24192059758.15914,18104267571.830063,19020437013.43663,16502721288.220581,24882710733.148678,32074202298.666363,23761765429.307766,9455174008.308489,23475849497.04166,13027531329.303133,19253956183.421154,20821330320.512493,25488701772.029427,21197235829.62837,26839145055.85276,24621714592.24999,18024522546.868576,19417049375.98169,24546832965.204014,22409416024.211926,21034148170.736794,21606071819.23168,18875513831.545998
26264636912.88514,23286103288.03916,24192059758.15914,18104267571.830063,19020437013.43663,16502721288.220581,24882710733.148678,32074202298.666363,23761765429.307766,9455174008.308489,23475849497.04166,13027531329.303133,19253956183.421154,20821330320.512493,25488701772.029427,21197235829.62837,26839145055.85276,24621714592.24999,18024522546.868576,19417049375.98169,24546832965.204014,22409416024.211926,21034148170.736794,21606071819.23168,18875513831.545998
26264636912.88514,23286103288.03916,24192059758.15914,18104267571.830063,19020437013.43663,16502721288.220581,24882710733.148678,32074202298.666363,23761765429.307766,9455174008.308489,23475849497.04166,13027531329.303133,19253956183.421154,20821330320.512493,25488701772.029427,21197235829.62837,26839145055.85276,24621714592.24999,18024522546.868576,19417049375.98169,24546832965.204014,22409416024.211926,21034148170.736794,21606071819.23168,18875513831.545998
26264636912.88514,23286103288.03916,24192059758.15914,18104267571.830063,19020437013.43663,16502721288.220581,24882710733.148678,32074202298.666363,23761765429.307766,9455174008.308489,23475849497.04166,13027531329.303133,19253956183.421154,20821330320.512493,25488701772.029427,21197235829.62837,26839145055.85276,24621714592.24999,18024522546.868576,19417049375.98169,24546832965.204014,22409416024.211926,15178627864.970097,21606071819.23168,18875513831.545998
26264636912.88514,23286103288.03916,24192059758.15914,18104267571.830063,19020437013.43663,16502721288.220581,24882710733.148678,32074202298.666363,23761765429.307766,9455174008.308489,23475849497.04166,13027531329.303133,19253956183.421154,20821330320.512493,25488701772.029427,21197235829.62837,26839145055.85276,24621714592.24999,18024522546.868576,19417049375.98169,24546832965.204014,22409416024.211926,15178627864.970097,21606071819.23168,18875513831.545998
26264636912.88514,23286103288.03916,24192059758.15914,18104267571.830063,19020437013.43663,16502721288.220581,24882710733.148678,32074202298.666363,23761765429.307766,9455174008.308489,23475849497.04166,13027531329.303133,19253956183.421154,20821330320.512493,25488701772.029427,21197235829.62837,26839145055.85276,24621714592.24999,18024522546.868576,19417049375.98169,24546832965.204014,22409416024.211926,15178627864.970097,21606071819.23168,18875513831.545998
26264636912.88514,23286103288.03916,24192059758.15914,18104267571.830063,19020437013.43663,16502721288.220581,24882710733.148678,32074202298.666363,23761765429.307766,9455174008.308489,23475849497.04166,13027531329.303133,19253956183.421154,20821330320.512493,25488701772.029427,21197235829.62837,26839145055.85276,24621714592.24999,18024522546.868576,19417049375.98169,24546832965.204014,22409416024.211926,15178627864.970097,21606071819.23168,18875513831.545998
26264636912.88514,23286103288.03916,24192059758.15914,18104267571.830063,19020437013.43663,16502721288.220581,24882710733.148678,32074202298.666363,23761765429.307766,9455174008.308489,23475849497.04166,13027531329.303133,19253956183.421154,20821330320.512493,25488701772.029427,21197235829.62837,26839145055.85276,24621714592.24999,18024522546.868576,19417049375.98169,24546832965.204014,22409416024.211926,15178627864.970097,21606071819.23168,18875513831.545998
26264636912.88514,23286103288.03916,24192059758.15914,18104267571.830063,19020437013.43663,16502721288.220581,24882710733.148678,32074202298.666363,23761765429.307766,9455174008.308489,23475849497.04166,13027531329.303133,19253956183.421154,20821330320.512493,25488701772.029427,21197235829.62837,26839145055.85276,24621714592.24999,18024522546.868576,19417049375.98169,24546832965.204014,22409416024.211926,15178627864.970097,21606071819.23168,18875513831.545998
26264636912.88514,23286103288.03916,24192059758.15914,18104267571.830063,19020437013.43663,16502721288.220581,24882710733.148678,32074202298.666363,23761765429.307766,9455174008.308489,23475849497.04166,13027531329.303133,19253956183.421154,20821330320.512493,25488701772.029427,21197235829.62837,26839145055.85276,24621714592.24999,18024522546.868576,19417049375.98169,24546832965.204014,22409416024.211926,15178627864.970097,21606071819.23168,18875513831.545998
26264636912.88514,23286103288.03916,24192059758.15914,18104267571.830063,19020437013.43663,16502721288.220581,24882710733.148678,32074202298.666363,23761765429.307766,9455174008.308489,23475849497.04166,13027531329.303133,19253956183.421154,20821330320.512493,25488701772.029427,21197235829.62837,26839145055.85276,24621714592.24999,18024522546.868576,19417049375.98169,24546832965.204014,22409416024.211926,15178627864.970097,21606071819.23168,18875513831.545998
26264636912.88514,23286103288.03916,24192059758.15914,18104267571.830063,19020437013.43663,16502721288.220581,24882710733.148678,32074202298.666363,23761765429.307766,9455174008.308489,23475849497.04166,13027531329.303133,19253956183.421154,20821330320.512493,25488701772.029427,21197235829.62837,26839145055.85276,24621714592.24999,18024522546.868576,19417049375.98169,24546832965.204014,22409416024.211926,15178627864.970097,21606071819.23168,18875513831.545998
26264636912.88514,23286103288.03916,24192059758.15914,18104267571.830063,19020437013.43663,16502721288.220581,24882710733.148678,32074202298.666363,23761765429.307766,9455174008.308489,23475849497.04166,13027531329.303133,19253956183.421154,20821330320.512493,25488701772.029427,21197235829.62837,26839145055.85276,24621714592.24999,18024522546.868576,19417049375.98169,24546832965.204014,22409416024.211926,15178627864.970097,21606071819.23168,18875513831.545998
26264636912.88514,23286103288.03916,24192059758.15914,18104267571.830063,19020437013.43663,16502721288.220581,24882710733.148678,32074202298.666363,23761765429.307766,9455174008.308489,23475849497.04166,13027531329.303133,19253956183.421154,20821330320.512493,25488701772.029427,21197235829.62837,26839145055.85276,24621714592.24999,18024522546.868576,19417049375.98169,24546832965.204014,22409416024.211926,15178627864.970097,21606071819.23168,18875513831.545998
26264636912.88514,23286103288.03916,24192059758.15914,18104267571.830063,19020437013.43663,16502721288.220581,24882710733.148678,32074202298.666363,23761765429.307766,9455174008.308489,23475849497.04166,13027531329.303133,19253956183.421154,20821330320.512493,25488701772.029427,21197235829.62837,26839145055.85276,24621714592.24999,18024522546.868576,19417049375.98169,24546832965.204014,22409416024.211926,15178627864.970097,21606071819.23168,18875513831.545998
26264636912.88514,23286103288.03916,24192059758.15914,18104267571.830063,19020437013.43663,16502721288.220581,24882710733.148678,32074202298.666363,23761765429.307766,9455174008.308489,23475849497.04166,13027531329.303133,19253956183.421154,20821330320.512493,25488701772.029427,21197235829.62837,26839145055.85276,24621714592.24999,18024522546.868576,19417049375.98169,24546832965.204014,22409416024.211926,15178627864.970097,21606071819.23168,18875513831.545998
26264636912.88514,23286103288.03916,24192059758.15914,18104267571.830063,19020437013.43663,16502721288.220581,17193944484.953613,32074202298.666363,23761765429.307766,9455174008.308489,23475849497.04166,13027531329.303133,19253956183.421154,20821330320.512493,25488701772.029427,21197235829.62837,26839145055.85276,24621714592.24999,18024522546.868576,19417049375.98169,24546832965.204014,22409416024.211926,15178627864.970097,21606071819.23168,18875513831.545998
26264636912.88514,23286103288.03916,24192059758.15914,18104267571.830063,19020437013.43663,16502721288.220581,17193944484.953613,32074202298.666363,23761765429.307766,9455174008.308489,23475849497.04166,13027531329.303133,19253956183.421154,20821330320.512493,25488701772.029427,21197235829.62837,26839145055.85276,24621714592.24999,18024522546.868576,19417049375.98169,24546832965.204014,22409416024.211926,15178627864.970097,21606071819.23168,18875513831.545998
26264636912.88514,23286103288.03916,24192059758.15914,18104267571.830063,19020437013.43663,16502721288.220581,17193944484.953613,32074202298.666363,23761765429.307766,9455174008.308489,23475849497.04166,13027531329.303133,19253956183.421154,20821330320.512493,25488701772.029427,21197235829.62837,26839145055.85276,24621714592.24999,18024522546.868576,19417049375.98169,24546832965.204014,22409416024.211926,15178627864.970097,21606071819.23168,18875513831.545998
26264636912.88514,23286103288.03916,24192059758.15914,18104267571.830063,19020437013.43663,16502721288.220581,17193944484.953613,32074202298.666363,23761765429.307766,9455174008.308489,23475849497.04166,13027531329.303133,19253956183.421154,20821330320.512493,25488701772.029427,21197235829.62837,26839145055.85276,24621714592.24999,18024522546.868576,19417049375.98169,24546832965.204014,22409416024.211926,15178627864.970097,21606071819.23168,18875513831.545998
26264636912.88514,23286103288.03916,24192059758.15914,18104267571.830063,19020437013.43663,16502721288.220581,17193944484.953613,32074202298.666363,23761765429.307766,9455174008.308489,23475849497.04166,13027531329.303133,19253956183.421154,20821330320.512493,25488701772.029427,21197235829.62837,26839145055.85276,24621714592.24999,18024522546.868576,19417049375.98169,24546832965.204014,22409416024.211926,15178627864.970097,21606071819.23168,18875513831.545998
26264636912.88514,23286103288.03916,24192059758.15914,18104267571.830063,19020437013.43663,16502721288.220581,17193944484.953613,32074202298.666363,23761765429.307766,9455174008.308489,23475849497.04166,13027531329.303133,19253956183.421154,20821330320.512493,25488701772.029427,21197235829.62837,26839145055.85276,24621714592.24999,18024522546.868576,19417049375.98169,24546832965.204014,22409416024.211926,15178627864.970097,21606071819.23168,18875513831.545998
26264636912.88514,23286103288.03916,24192059758.15914,18104267571.830063,19020437013.43663,16502721288.220581,17193944484.953613,32074202298.666363,23761765429.307766,9455174008.308489,23475849497.04166,13027531329.303133,19253956183.421154,20821330320.512493,25488701772.029427,21197235829.62837,26839145055.85276,24621714592.24999,18024522546.868576,19417049375.98169,24546832965.204014,22409416024.211926,15178627864.970097,21606071819.23168,18875513831.545998
26264636912.88514,23286103288.03916,24192059758.15914,18104267571.830063,19020437013.43663,16502721288.220581,17193944484.953613,32074202298.666363,23761765429.307766,9455174008.308489,23475849497.04166,13027531329.303133,19253956183.421154,20821330320.512493,25488701772.029427,21197235829.62837,26839145055.85276,24621714592.24999,18024522546.868576,19417049375.98169,24546832965.204014,22409416024.211926,15178627864.970097,21606071819.23168,18875513831.545998
26264636912.88514,23286103288.03916,24192059758.15914,18104267571.830063,19020437013.43663,16502721288.220581,17193944484.953613,32074202298.666363,23761765429.307766,9455174008.308489,23475849497.04166,13027531329.303133,19253956183.421154,20821330320.512493,25488701772.029427,21197235829.62837,26839145055.85276,24621714592.24999,18024522546.868576,19417049375.98169,24546832965.204014,22409416024.211926,15178627864.970097,21606071819.23168,18875513831.545998
26264636912.88514,23286103288.03916,24192059758.15914,18104267571.830063,19020437013.43663,16502721288.220581,17193944484.953613,32074202298.666363,23761765429.307766,9455174008.308489,23475849497.04166,13027531329.303133,19253956183.421154,20821330320.512493,25488701772.029427,21197235829.62837,26839145055.85276,24621714592.24999,18024522546.868576,19417049375.98169,24546832965.204014,22409416024.211926,15178627864.970097,21606071819.23168,18875513831.545998
26264636912.88514,23286103288.03916,24192059758.15914,18104267571.830063,19020437013.43663,16502721288.220581,17193944484.953613,32074202298.666363,23761765429.307766,9455174008.308489,23475849497.04166,13027531329.303133,19253956183.421154,20821330320.512493,25488701772.029427,21197235829.62837,26839145055.85276,24621714592.24999,18024522546.868576,19417049375.98169,24546832965.204014,22409416024.211926,15178627864.970097,21606071819.23168,18875513831.545998
26264636912.88514,23286103288.03916,24192059758.15914,18104267571.830063,19020437013.43663,16502721288.220581,17193944484.953613,32074202298.666363,23761765429.307766,9455174008.308489,23475849497.04166,13027531329.303133,19253956183.421154,20821330320.512493,25488701772.029427,21197235829.62837,26839145055.85276,24621714592.24999,18024522546.868576,19417049375.98169,24546832965.204014,22409416024.211926,15178627864.970097,21606071819.23168,18875513831.545998
26264636912.88514,23286103288.03916,24192059758.15914,18104267571.830063,19020437013.43663,16502721288.220581,17193944484.953613,32074202298.666363,23761765429.307766,9455174008.308489,23475849497.04166,13027531329.303133,19253956183.421154,20821330320.512493,25488701772.029427,21197235829.62837,26839145055.85276,24621714592.24999,18024522546.868576,15433769838.784077,24546832965.204014,22409416024.211926,15178627864.970097,21606071819.23168,18875513831.545998
26264636912.88514,23286103288.03916,24192059758.15914,18104267571.830063,19020437013.43663,16502721288.220581,17193944484.953613,32074202298.666363,23761765429.307766,9455174008.308489,23475849497.04166,13027531329.303133,19253956183.421154,20821330320.512493,25488701772.029427,21197235829.62837,26839145055.85276,24621714592.24999,18024522546.868576,15433769838.784077,24546832965.204014,22409416024.211926,15178627864.970097,21606071819.23168,18875513831.545998
26264636912.88514,23286103288.03916,24192059758.15914,18104267571.830063,19020437013.43663,16502721288.220581,17193944484.953613,32074202298.666363,23761765429.307766,9455174008.308489,23475849497.04166,13027531329.303133,19253956183.421154,20821330320.512493,25488701772.029427,21197235829.62837,26839145055.85276,24621714592.24999,18024522546.868576,15433769838.784077,24546832965.204014,22409416024.211926,15178627864.970097,21606071819.23168,18875513831.545998
26264636912.88514,23286103288.03916,24192059758.15914,18104267571.830063,19020437013.43663,16502721288.220581,17193944484.953613,32074202298.666363,23761765429.307766,9455174008.308489,23475849497.04166,13027531329.303133,19253956183.421154,20821330320.512493,25488701772.029427,21197235829.62837,26839145055.85276,24621714592.24999,18024522546.868576,15433769838.784077,24546832965.204014,22409416024.211926,15178627864.970097,21606071819.23168,18875513831.545998
26264636912.88514,23286103288.03916,24192059758.15914,18104267571.830063,19020437013.43663,16502721288.220581,17193944484.953613,32074202298.666363,23761765429.307766,9455174008.308489,23475849497.04166,13027531329.303133,19253956183.421154,20821330320.512493,25488701772.029427,21197235829.62837,26839145055.85276,24621714592.24999,18024522546.868576,15433769838.784077,24546832965.204014,22409416024.211926,15178627864.970097,21606071819.23168,18875513831.545998
26264636912.88514,23286103288.03916,24192059758.15914,18104267571.830063,19020437013.43663,16502721288.220581,17193944484.953613,32074202298.666363,23761765429.307766,9455174008.308489,23475849497.04166,13027531329.303133,19253956183.421154,20821330320.512493,25488701772.029427,21197235829.62837,26839145055.85276,24621714592.24999,18024522546.868576,15433769838.784077,24546832965.204014,22409416024.211926,15178627864.970097,21606071819.23168,18875513831.545998
26264636912.88514,23286103288.03916,24192059758.15914,18104267571.830063,19020437013.43663,16502721288.220581,17193944484.953613,32074202298.666363,23761765429.307766,9455174008.308489,23475849497.04166,13027531329.303133,19253956183.421154,20821330320.512493,25488701772.029427,21197235829.62837,26839145055.85276,24621714592.24999,18024522546.868576,15433769838.784077,24546832965.204014,22409416024.211926,15178627864.970097,21606071819.23168,18875513831.545998
26264636912.88514,23286103288.03916,24192059758.15914,18104267571.830063,19020437013.43663,16502721288.220581,17193944484.953613,32074202298.666363,23761765429.307766,9455174008.308489,23475849497.04166,13027531329.303133,19253956183.421154,20821330320.512493,25488701772.029427,21197235829.62837,26839145055.85276,24621714592.24999,18024522546.868576,15433769838.784077,24546832965.204014,22409416024.211926,15178627864.970097,21606071819.23168,18875513831.545998
26264636912.88514,23286103288.03916,24192059758.15914,18104267571.830063,19020437013.43663,16502721288.220581,17193944484.953613,32074202298.666363,23761765429.307766,9455174008.308489,23475849497.04166,13027531329.303133,19253956183.421154,20821330320.512493,25488701772.029427,21197235829.62837,26839145055.85276,24621714592.24999,18024522546.868576,15433769838.784077,24546832965.204014,22409416024.211926,15178627864.970097,21606071819.23168,18875513831.545998
26264636912.88514,23286103288.03916,24192059758.15914,18104267571.830063,19020437013.43663,16502721288.220581,17193944484.953613,32074202298.666363,23761765429.307766,9455174008.308489,23475849497.04166,13027531329.303133,19253956183.421154,20821330320.512493,25488701772.029427,21197235829.62837,26839145055.85276,24621714592.24999,18024522546.868576,15433769838.784077,24546832965.204014,22409416024.211926,15178627864.970097,21606071819.23168,18875513831.545998
26264636912.88514,23286103288.03916,24192059758.15914,18104267571.830063,19020437013.43663,16502721288.220581,17193944484.953613,32074202298.666363,23761765429.307766,9455174008.308489,23475849497.04166,13027531329.303133,19253956183.421154,20821330320.512493,25488701772.029427,21197235829.62837,26839145055.85276,24621714592.24999,18024522546.868576,15433769838.784077,24546832965.204014,22409416024.211926,15178627864.970097,21606071819.23168,18875513831.545998
26264636912.88514,23286103288.03916,24192059758.15914,18104267571.830063,19020437013.43663,16502721288.220581,17193944484.953613,32074202298.666363,23761765429.307766,9455174008.308489,23475849497.04166,13027531329.303133,17392976173.827007,20821330320.512493,25488701772.029427,21197235829.62837,26839145055.85276,24621714592.24999,18024522546.868576,15433769838.784077,24546832965.204014,22409416024.211926,15178627864.970097,21606071819.23168,18875513831.545998
26264636912.88514,23286103288.03916,24192059758.15914,18104267571.830063,19020437013.43663,16502721288.220581,17193944484.953613,32074202298.666363,23761765429.307766,9455174008.308489,23475849497.04166,13027531329.303133,17392976173.827007,20821330320.512493,25488701772.029427,21197235829.62837,26839145055.85276,24621714592.24999,18024522546.868576,15433769838.784077,24546832965.204014,22409416024.211926,15178627864.970097,21606071819.23168,18875513831.545998
26264636912.88514,23286103288.03916,24192059758.15914,18104267571.830063,19020437013.43663,16502721288.220581,17193944484.953613,32074202298.666363,23761765429.307766,9455174008.308489,23475849497.04166,13027531329.303133,17392976173.827007,20212632319.476288,25488701772.029427,21197235829.62837,26839145055.85276,24621714592.24999,18024522546.868576,15433769838.784077,24546832965.204014,22409416024.211926,15178627864.970097,21606071819.23168,18875513831.545998
26264636912.88514,23286103288.03916,24192059758.15914,18104267571.830063,19020437013.43663,16502721288.220581,17193944484.953613,32074202298.666363,23761765429.307766,9455174008.308489,23475849497.04166,13027531329.303133,17392976173.827007,20212632319.476288,25488701772.029427,21197235829.62837,26839145055.85276,24621714592.24999,18024522546.868576,15433769838.784077,24546832965.204014,22409416024.211926,15178627864.970097,21606071819.23168,18875513831.545998
26264636912.88514,23286103288.03916,24192059758.15914,18104267571.830063,19020437013.43663,16502721288.220581,17193944484.953613,32074202298.666363,23761765429.307766,9455174008.308489,23475849497.04166,13027531329.303133,17392976173.827007,20212632319.476288,25488701772.029427,21197235829.62837,26839145055.85276,24621714592.24999,18024522546.868576,15433769838.784077,24546832965.204014,22409416024.211926,15178627864.970097,21606071819.23168,18875513831.545998
26264636912.88514,23286103288.03916,24192059758.15914,18104267571.830063,19020437013.43663,16502721288.220581,17193944484.953613,32074202298.666363,23761765429.307766,9455174008.308489,23475849497.04166,13027531329.303133,17392976173.827007,20212632319.476288,25488701772.029427,21197235829.62837,26839145055.85276,24621714592.24999,18024522546.868576,15433769838.784077,24546832965.204014,22409416024.211926,15178627864.970097,21606071819.23168,18875513831.545998
26264636912.88514,23286103288.03916,24192059758.15914,18104267571.830063,19020437013.43663,16502721288.220581,17193944484.953613,32074202298.666363,23761765429.307766,9455174008.308489,23475849497.04166,13027531329.303133,17392976173.827007,20212632319.476288,25488701772.029427,21197235829.62837,26839145055.85276,24621714592.24999,18024522546.868576,15433769838.784077,24546832965.204014,22409416024.211926,15178627864.970097,21606071819.23168,18875513831.545998
26264636912.88514,23286103288.03916,24192059758.15914,18104267571.830063,19020437013.43663,16502721288.220581,17193944484.953613,32074202298.666363,23761765429.307766,9455174008.308489,23475849497.04166,13027531329.303133,17392976173.827007,20212632319.476288,25488701772.029427,21197235829.62837,26839145055.85276,24621714592.24999,18024522546.868576,15433769838.784077,24546832965.204014,22409416024.211926,15178627864.970097,21606071819.23168,18875513831.545998
26264636912.88514,23286103288.03916,24192059758.15914,18104267571.830063,19020437013.43663,16502721288.220581,17193944484.953613,28771278664.19069,23761765429.307766,9455174008.308489,23475849497.04166,13027531329.303133,17392976173.827007,20212632319.476288,25488701772.029427,21197235829.62837,26839145055.85276,24621714592.24999,18024522546.868576,15433769838.784077,24546832965.204014,22409416024.211926,15178627864.970097,21606071819.23168,18875513831.545998
26264636912.88514,23286103288.03916,24192059758.15914,18104267571.830063,19020437013.43663,16502721288.220581,17193944484.953613,28771278664.19069,23761765429.307766,9455174008.308489,23475849497.04166,13027531329.303133,17392976173.827007,20212632319.476288,25488701772.029427,21197235829.62837,26839145055.85276,24621714592.24999,18024522546.868576,15433769838.784077,24546832965.204014,22409416024.211926,15178627864.970097,21606071819.23168,18875513831.545998
26264636912.88514,23286103288.03916,24192059758.15914,18104267571.830063,19020437013.43663,16502721288.220581,17193944484.953613,28771278664.19069,23761765429.307766,9455174008.308489,23475849497.04166,13027531329.303133,17392976173.827007,20212632319.476288,25488701772.029427,21197235829.62837,26839145055.85276,24621714592.24999,18024522546.868576,15433769838.784077,24546832965.204014,22409416024.211926,15178627864.970097,21606071819.23168,18875513831.545998
26264636912.88514,23286103288.03916,24192059758.15914,18104267571.830063,19020437013.43663,16502721288.220581,17193944484.953613,28771278664.19069,23761765429.307766,9455174008.308489,23475849497.04166,13027531329.303133,17392976173.827007,20212632319.476288,25488701772.029427,21197235829.62837,26839145055.85276,24621714592.24999,18024522546.868576,15433769838.784077,24546832965.204014,22409416024.211926,15178627864.970097,21606071819.23168,18875513831.545998
26264636912.88514,23286103288.03916,24192059758.15914,18104267571.830063,19020437013.43663,16502721288.220581,17193944484.953613,28771278664.19069,23761765429.307766,9455174008.308489,23475849497.04166,13027531329.303133,17392976173.827007,20212632319.476288,25488701772.029427,21197235829.62837,26839145055.85276,24621714592.24999,18024522546.868576,15433769838.784077,24546832965.204014,22409416024.211926,15178627864.970097,21606071819.23168,18875513831.545998
26264636912.88514,23286103288.03916,24192059758.15914,18104267571.830063,19020437013.43663,16502721288.220581,17193944484.953613,28771278664.19069,23761765429.307766,9455174008.308489,23475849497.04166,13027531329.303133,17392976173.827007,20212632319.476288,25488701772.029427,21197235829.62837,26839145055.85276,24621714592.24999,18024522546.868576,15433769838.784077,24546832965.204014,22409416024.211926,15178627864.970097,21606071819.23168,18875513831.545998
26264636912.88514,23286103288.03916,24192059758.15914,18104267571.830063,19020437013.43663,16502721288.220581,17193944484.953613,28771278664.19069,23761765429.307766,9455174008.308489,23475849497.04166,13027531329.303133,17392976173.827007,20212632319.476288,25488701772.029427,21197235829.62837,26839145055.85276,24621714592.24999,18024522546.868576,15433769838.784077,24546832965.204014,22409416024.211926,15178627864.970097,21606071819.23168,18875513831.545998
26264636912.88514,23286103288.03916,24192059758.15914,18104267571.830063,19020437013.43663,16502721288.220581,17193944484.953613,28771278664.19069,23761765429.307766,9455174008.308489,16097781274.32489,13027531329.303133,17392976173.827007,20212632319.476288,25488701772.029427,21197235829.62837,26839145055.85276,24621714592.24999,18024522546.868576,15433769838.784077,24546832965.204014,22409416024.211926,15178627864.970097,21606071819.23168,18875513831.545998
26264636912.88514,23286103288.03916,24192059758.15914,18104267571.830063,19020437013.43663,16502721288.220581,17193944484.953613,28771278664.19069,23761765429.307766,9455174008.308489,16097781274.32489,13027531329.303133,17392976173.827007,20212632319.476288,25488701772.029427,21197235829.62837,26839145055.85276,24621714592.24999,18024522546.868576,15433769838.784077,24546832965.204014,22409416024.211926,15178627864.970097,21606071819.23168,18875513831.545998
26264636912.88514,23286103288.03916,24192059758.15914,18104267571.830063,19020437013.43663,16502721288.220581,17193944484.953613,25924679708.379143,23761765429.307766,9455174008.308489,16097781274.32489,13027531329.303133,17392976173.827007,20212632319.476288,25488701772.029427,21197235829.62837,26839145055.85276,24621714592.24999,18024522546.868576,15433769838.784077,24546832965.204014,22409416024.211926,15178627864.970097,21606071819.23168,18875513831.545998
25458866219.147415,23286103288.03916,24192059758.15914,18104267571.830063,19020437013.43663,16502721288.220581,17193944484.953613,25924679708.379143,23761765429.307766,9455174008.308489,16097781274.32489,13027531329.303133,17392976173.827007,20212632319.476288,25488701772.029427,21197235829.62837,26839145055.85276,24621714592.24999,18024522546.868576,15433769838.784077,24546832965.204014,22409416024.211926,15178627864.970097,21606071819.23168,18875513831.545998
23155833882.98849,23286103288.03916,24192059758.15914,18104267571.830063,19020437013.43663,16502721288.220581,17193944484.953613,25924679708.379143,23761765429.307766,9455174008.308489,16097781274.32489,13027531329.303133,17392976173.827007,20212632319.476288,25488701772.029427,21197235829.62837,26839145055.85276,24621714592.24999,18024522546.868576,15433769838.784077,24546832965.204014,22409416024.211926,15178627864.970097,21606071819.23168,18875513831.545998
23155833882.98849,23286103288.03916,24192059758.15914,18104267571.830063,19020437013.43663,16502721288.220581,17193944484.953613,25924679708.379143,23761765429.307766,9455174008.308489,16097781274.32489,13027531329.303133,17392976173.827007,20212632319.476288,25488701772.029427,21197235829.62837,26839145055.85276,24621714592.24999,18024522546.868576,15433769838.784077,24546832965.204014,22409416024.211926,15178627864.970097,21606071819.23168,18875513831.545998
23155833882.98849,23286103288.03916,24192059758.15914,18104267571.830063,19020437013.43663,16502721288.220581,17193944484.953613,25924679708.379143,23761765429.307766,9455174008.308489,16097781274.32489,13027531329.303133,17392976173.827007,20212632319.476288,25488701772.029427,21197235829.62837,26839145055.85276,24621714592.24999,18024522546.868576,15433769838.784077,24546832965.204014,22409416024.211926,15178627864.970097,21606071819.23168,18875513831.545998
23155833882.98849,23286103288.03916,24192059758.15914,18104267571.830063,19020437013.43663,16502721288.220581,17193944484.953613,25924679708.379143,23761765429.307766,9455174008.308489,16097781274.32489,13027531329.303133,17392976173.827007,20212632319.476288,25488701772.029427,21197235829.62837,26839145055.85276,24621714592.24999,18024522546.868576,15433769838.784077,24546832965.204014,22409416024.211926,15178627864.970097,21606071819.23168,18875513831.545998
22339302071.763405,23286103288.03916,24192059758.15914,18104267571.830063,19020437013.43663,16502721288.220581,17193944484.953613,25924679708.379143,23761765429.307766,9455174008.308489,16097781274.32489,13027531329.303133,17392976173.827007,20212632319.476288,25488701772.029427,21197235829.62837,26839145055.85276,24621714592.24999,18024522546.868576,15433769838.784077,24546832965.204014,22409416024.211926,15178627864.970097,21606071819.23168,18875513831.545998
22339302071.763405,23286103288.03916,24192059758.15914,18104267571.830063,12145954207.319124,16502721288.220581,17193944484.953613,25924679708.379143,23761765429.307766,9455174008.308489,16097781274.32489,13027531329.303133,17392976173.827007,20212632319.476288,25488701772.029427,21197235829.62837,26839145055.85276,24621714592.24999,18024522546.868576,15433769838.784077,24546832965.204014,22409416024.211926,15178627864.970097,21606071819.23168,18875513831.545998
22339302071.763405,23286103288.03916,24192059758.15914,18104267571.830063,12145954207.319124,16502721288.220581,17193944484.953613,25924679708.379143,23761765429.307766,9455174008.308489,16097781274.32489,13027531329.303133,17392976173.827007,20212632319.476288,25488701772.029427,21197235829.62837,26839145055.85276,24621714592.24999,18024522546.868576,15433769838.784077,24546832965.204014,22409416024.211926,15178627864.970097,21606071819.23168,18875513831.545998
22339302071.763405,23286103288.03916,24192059758.15914,18104267571.830063,12145954207.319124,16502721288.220581,17193944484.953613,25924679708.379143,23761765429.307766,9455174008.308489,16097781274.32489,13027531329.303133,17392976173.827007,20212632319.476288,25488701772.029427,21197235829.62837,23764086487.667885,24621714592.24999,18024522546.868576,15433769838.784077,24546832965.204014,22409416024.211926,15178627864.970097,21606071819.23168,18875513831.545998
22339302071.763405,23286103288.03916,24192059758.15914,18104267571.830063,12145954207.319124,16502721288.220581,17193944484.953613,25924679708.379143,23761765429.307766,9455174008.308489,16097781274.32489,13027531329.303133,17392976173.827007,20212632319.476288,25488701772.029427,21197235829.62837,23764086487.667885,24621714592.24999,18024522546.868576,15433769838.784077,24546832965.204014,22409416024.211926,15178627864.970097,21606071819.23168,18875513831.545998
22339302071.763405,23286103288.03916,24192059758.15914,18104267571.830063,12145954207.319124,16502721288.220581,17193944484.953613,25924679708.379143,23761765429.307766,9455174008.308489,16097781274.32489,13027531329.303133,17392976173.827007,20212632319.476288,25488701772.029427,21197235829.62837,23764086487.667885,24621714592.24999,18024522546.868576,15433769838.784077,24546832965.204014,22409416024.211926,15178627864.970097,21606071819.23168,18875513831.545998
22339302071.763405,23286103288.03916,24192059758.15914,18104267571.830063,12145954207.319124,16502721288.220581,17193944484.953613,25924679708.379143,23761765429.307766,9455174008.308489,16097781274.32489,13027531329.303133,17392976173.827007,20212632319.476288,25488701772.029427,21197235829.62837,23764086487.667885,24621714592.24999,18024522546.868576,15433769838.784077,24546832965.204014,22409416024.211926,15178627864.970097,21606071819.23168,18875513831.545998
22339302071.763405,23286103288.03916,24192059758.15914,18104267571.830063,12145954207.319124,16502721288.220581,17193944484.953613,25924679708.379143,23761765429.307766,9455174008.308489,16097781274.32489,13027531329.303133,17392976173.827007,20212632319.476288,25488701772.029427,21197235829.62837,23764086487.667885,24621714592.24999,18024522546.868576,15433769838.784077,24546832965.204014,22409416024.211926,15178627864.970097,21606071819.23168,18875513831.545998
22339302071.763405,23286103288.03916,24192059758.15914,18104267571.830063,12145954207.319124,16502721288.220581,17193944484.953613,25924679708.379143,23761765429.307766,9455174008.308489,16097781274.32489,13027531329.303133,17392976173.827007,20212632319.476288,25488701772.029427,21197235829.62837,23764086487.667885,24621714592.24999,18024522546.868576,15433769838.784077,24546832965.204014,22409416024.211926,15178627864.970097,21606071819.23168,18875513831.545998
22339302071.763405,23286103288.03916,24192059758.15914,18104267571.830063,12145954207.319124,16502721288.220581,17193944484.953613,25924679708.379143,23761765429.307766,9455174008.308489,16097781274.32489,13027531329.303133,17392976173.827007,20212632319.476288,25488701772.029427,21197235829.62837,23764086487.667885,24621714592.24999,18024522546.868576,15433769838.784077,24546832965.204014,22409416024.211926,15178627864.970097,21606071819.23168,18875513831.545998
22339302071.763405,23286103288.03916,24192059758.15914,18104267571.830063,12145954207.319124,16502721288.220581,17193944484.953613,25924679708.379143,23761765429.307766,9455174008.308489,16097781274.32489,13027531329.303133,17392976173.827007,20212632319.476288,25488701772.029427,21197235829.62837,23764086487.667885,24621714592.24999,18024522546.868576,15433769838.784077,24546832965.204014,22409416024.211926,15178627864.970097,21606071819.23168,18875513831.545998
22339302071.763405,23286103288.03916,24192059758.15914,18104267571.830063,12145954207.319124,16502721288.220581,17193944484.953613,25924679708.379143,23761765429.307766,9455174008.308489,16097781274.32489,13027531329.303133,17392976173.827007,20212632319.476288,25488701772.029427,21197235829.62837,23764086487.667885,24621714592.24999,18024522546.868576,15433769838.784077,24546832965.204014,22409416024.211926,15178627864.970097,21606071819.23168,18875513831.545998
22339302071.763405,23286103288.03916,24192059758.15914,18104267571.830063,12145954207.319124,16502721288.220581,17193944484.953613,25924679708.379143,23761765429.307766,9455174008.308489,16097781274.32489,13027531329.303133,17392976173.827007,20212632319.476288,25488701772.029427,21197235829.62837,23764086487.667885,24621714592.24999,18024522546.868576,15433769838.784077,24546832965.204014,22409416024.211926,15178627864.970097,21606071819.23168,18875513831.545998
22339302071.763405,23286103288.03916,24192059758.15914,18104267571.830063,12145954207.319124,16502721288.220581,17193944484.953613,25924679708.379143,23761765429.307766,9455174008.308489,16097781274.32489,13027531329.303133,17392976173.827007,20212632319.476288,25488701772.029427,21197235829.62837,23764086487.667885,24621714592.24999,18024522546.868576,15433769838.784077,22476330587.24062,22409416024.211926,15178627864.970097,21606071819.23168,18875513831.545998
22339302071.763405,23286103288.03916,24192059758.15914,18104267571.830063,12145954207.319124,16502721288.220581,17193944484.953613,25924679708.379143,23761765429.307766,9455174008.308489,16097781274.32489,13027531329.303133,17392976173.827007,20212632319.476288,25488701772.029427,21197235829.62837,23764086487.667885,24621714592.24999,18024522546.868576,15433769838.784077,22476330587.24062,22409416024.211926,15178627864.970097,21606071819.23168,18875513831.545998
22339302071.763405,23286103288.03916,24192059758.15914,18104267571.830063,12145954207.319124,16502721288.220581,17193944484.953613,25924679708.379143,23761765429.307766,9455174008.308489,16097781274.32489,13027531329.303133,17392976173.827007,20212632319.476288,25488701772.029427,21197235829.62837,23764086487.667885,24621714592.24999,18024522546.868576,15433769838.784077,22476330587.24062,22409416024.211926,15178627864.970097,21606071819.23168,18875513831.545998
22339302071.763405,23286103288.03916,24192059758.15914,18104267571.830063,12145954207.319124,16502721288.220581,17193944484.953613,25924679708.379143,23761765429.307766,9455174008.308489,16097781274.32489,13027531329.303133,17392976173.827007,20212632319.476288,25488701772.029427,21197235829.62837,23764086487.667885,24621714592.24999,18024522546.868576,15433769838.784077,22476330587.24062,22409416024.211926,15178627864.970097,21606071819.23168,18875513831.545998
22339302071.763405,23286103288.03916,24192059758.15914,18104267571.830063,12145954207.319124,16502721288.220581,17193944484.953613,25924679708.379143,23761765429.307766,9455174008.308489,16097781274.32489,13027531329.303133,17392976173.827007,20212632319.476288,25488701772.029427,21197235829.62837,23764086487.667885,24621714592.24999,18024522546.868576,15433769838.784077,22476330587.24062,22409416024.211926,15178627864.970097,21606071819.23168,18875513831.545998
22339302071.763405,23286103288.03916,24192059758.15914,18104267571.830063,12145954207.319124,16502721288.220581,17193944484.953613,25924679708.379143,23761765429.307766,9455174008.308489,16097781274.32489,13027531329.303133,17392976173.827007,20212632319.476288,25488701772.029427,21197235829.62837,23764086487.667885,24621714592.24999,18024522546.868576,15433769838.784077,22476330587.24062,22409416024.211926,15178627864.970097,21606071819.23168,18875513831.545998
22339302071.763405,23286103288.03916,24192059758.15914,18104267571.830063,12145954207.319124,16502721288.220581,17193944484.953613,25924679708.379143,23761765429.307766,9455174008.308489,16097781274.32489,13027531329.303133,17392976173.827007,20212632319.476288,25488701772.029427,21197235829.62837,23764086487.667885,24621714592.24999,18024522546.868576,15433769838.784077,22476330587.24062,22409416024.211926,15178627864.970097,21606071819.23168,18875513831.545998
22339302071.763405,23286103288.03916,24192059758.15914,18104267571.830063,12145954207.319124,16502721288.220581,17193944484.953613,25924679708.379143,23761765429.307766,9455174008.308489,16097781274.32489,13027531329.303133,17392976173.827007,20212632319.476288,25488701772.029427,21197235829.62837,23764086487.667885,24621714592.24999,18024522546.868576,15433769838.784077,22476330587.24062,22409416024.211926,15178627864.970097,21606071819.23168,18875513831.545998
22339302071.763405,23286103288.03916,24192059758.15914,18104267571.830063,12145954207.319124,16502721288.220581,17193944484.953613,25684099989.591167,23761765429.307766,9455174008.308489,16097781274.32489,13027531329.303133,17392976173.827007,20212632319.476288,25488701772.029427,21197235829.62837,23764086487.667885,24621714592.24999,18024522546.868576,15433769838.784077,22476330587.24062,22409416024.211926,15178627864.970097,21606071819.23168,18875513831.545998
22339302071.763405,23286103288.03916,24192059758.15914,18104267571.830063,12145954207.319124,16502721288.220581,17193944484.953613,25684099989.591167,23761765429.307766,9455174008.308489,16097781274.32489,13027531329.303133,17392976173.827007,20212632319.476288,25488701772.029427,21197235829.62837,23764086487.667885,24621714592.24999,18024522546.868576,15433769838.784077,22476330587.24062,22409416024.211926,15178627864.970097,21606071819.23168,18875513831.545998
22339302071.763405,23286103288.03916,24192059758.15914,18104267571.830063,12145954207.319124,16502721288.220581,17193944484.953613,25684099989.591167,23761765429.307766,9455174008.308489,16097781274.32489,13027531329.303133,17392976173.827007,20212632319.476288,25488701772.029427,21197235829.62837,23764086487.667885,24621714592.24999,18024522546.868576,15433769838.784077,22476330587.24062,22409416024.211926,15178627864.970097,21606071819.23168,18875513831.545998
22339302071.763405,23286103288.03916,24192059758.15914,18104267571.830063,12145954207.319124,16502721288.220581,17193944484.953613,25684099989.591167,23761765429.307766,9455174008.308489,16097781274.32489,13027531329.303133,17392976173.827007,20212632319.476288,25488701772.029427,21197235829.62837,23764086487.667885,24621714592.24999,18024522546.868576,15433769838.784077,22476330587.24062,22409416024.211926,15178627864.970097,21606071819.23168,18875513831.545998
22339302071.763405,23286103288.03916,24192059758.15914,18104267571.830063,12145954207.319124,16502721288.220581,17193944484.953613,25684099989.591167,23761765429.307766,9455174008.308489,16097781274.32489,13027531329.303133,17392976173.827007,20212632319.476288,25488701772.029427,21197235829.62837,23764086487.667885,24621714592.24999,18024522546.868576,15433769838.784077,22476330587.24062,22409416024.211926,15178627864.970097,21606071819.23168,18875513831.545998
22339302071.763405,23286103288.03916,24192059758.15914,18104267571.830063,12145954207.319124,16502721288.220581,17193944484.953613,25684099989.591167,23761765429.307766,9455174008.308489,16097781274.32489,13027531329.303133,17392976173.827007,20212632319.476288,25488701772.029427,21197235829.62837,23764086487.667885,24621714592.24999,18024522546.868576,15433769838.784077,22476330587.24062,22409416024.211926,15178627864.970097,21606071819.23168,18875513831.545998
22339302071.763405,23286103288.03916,24192059758.15914,18104267571.830063,12145954207.319124,16502721288.220581,17193944484.953613,25684099989.591167,23761765429.307766,9455174008.308489,16097781274.32489,13027531329.303133,17392976173.827007,20212632319.476288,25488701772.029427,21197235829.62837,23764086487.667885,24621714592.24999,18024522546.868576,15433769838.784077,22476330587.24062,22409416024.211926,15178627864.970097,21606071819.23168,18875513831.545998
22339302071.763405,23286103288.03916,24192059758.15914,18104267571.830063,12145954207.319124,16502721288.220581,17193944484.953613,25684099989.591167,23761765429.307766,9455174008.308489,16097781274.32489,13027531329.303133,17392976173.827007,20212632319.476288,23937517457.381214,21197235829.62837,23764086487.667885,24621714592.24999,18024522546.868576,15433769838.784077,22476330587.24062,22409416024.211926,15178627864.970097,21606071819.23168,18875513831.545998
22339302071.763405,23286103288.03916,24192059758.15914,18104267571.830063,12145954207.319124,16502721288.220581,17193944484.953613,25684099989.591167,23761765429.307766,9455174008.308489,16097781274.32489,13027531329.303133,17392976173.827007,20212632319.476288,23937517457.381214,21197235829.62837,23764086487.667885,24621714592.24999,18024522546.868576,15433769838.784077,22476330587.24062,22409416024.211926,15178627864.970097,21606071819.23168,18875513831.545998
22339302071.763405,23286103288.03916,24192059758.15914,18104267571.830063,12145954207.319124,16502721288.220581,17193944484.953613,25684099989.591167,23761765429.307766,9455174008.308489,16097781274.32489,13027531329.303133,17392976173.827007,20212632319.476288,23937517457.381214,21197235829.62837,23764086487.667885,24621714592.24999,18024522546.868576,15433769838.784077,22476330587.24062,22409416024.211926,15178627864.970097,21606071819.23168,18875513831.545998
22339302071.763405,23286103288.03916,24192059758.15914,18104267571.830063,12145954207.319124,16502721288.220581,17193944484.953613,25684099989.591167,23761765429.307766,9455174008.308489,16097781274.32489,13027531329.303133,17392976173.827007,20212632319.476288,23937517457.381214,21197235829.62837,23764086487.667885,24621714592.24999,18024522546.868576,15433769838.784077,22476330587.24062,22409416024.211926,15178627864.970097,21606071819.23168,18875513831.545998
22339302071.763405,23286103288.03916,24192059758.15914,18104267571.830063,12145954207.319124,16502721288.220581,17193944484.953613,25684099989.591167,23538133970.814377,9455174008.308489,16097781274.32489,13027531329.303133,17392976173.827007,20212632319.476288,23937517457.381214,21197235829.62837,23764086487.667885,24621714592.24999,18024522546.868576,15433769838.784077,22476330587.24062,22409416024.211926,15178627864.970097,21606071819.23168,18875513831.545998
22339302071.763405,23286103288.03916,24192059758.15914,18104267571.830063,12145954207.319124,16502721288.220581,17193944484.953613,25684099989.591167,23538133970.814377,9455174008.308489,16097781274.32489,13027531329.303133,17392976173.827007,20212632319.476288,23937517457.381214,21197235829.62837,23764086487.667885,24621714592.24999,18024522546.868576,15433769838.784077,22476330587.24062,22409416024.211926,15178627864.970097,21606071819.23168,18875513831.545998
22339302071.763405,23286103288.03916,24192059758.15914,18104267571.830063,12145954207.319124,16502721288.220581,17193944484.953613,25684099989.591167,23538133970.814377,9455174008.308489,16097781274.32489,13027531329.303133,17392976173.827007,20212632319.476288,23937517457.381214,21197235829.62837,23764086487.667885,24621714592.24999,18024522546.868576,15433769838.784077,22476330587.24062,22409416024.211926,15178627864.970097,21606071819.23168,18875513831.545998
22339302071.763405,23286103288.03916,24192059758.15914,18104267571.830063,12145954207.319124,16502721288.220581,17193944484.953613,25684099989.591167,23538133970.814377,9455174008.308489,16097781274.32489,13027531329.303133,17392976173.827007,20212632319.476288,23937517457.381214,21197235829.62837,23764086487.667885,18803397460.382202,18024522546.868576,15433769838.784077,22476330587.24062,22409416024.211926,15178627864.970097,21606071819.23168,18875513831.545998
22339302071.763405,23286103288.03916,24192059758.15914,18104267571.830063,12145954207.319124,16502721288.220581,17193944484.953613,25684099989.591167,23538133970.814377,9455174008.308489,16097781274.32489,13027531329.303133,17392976173.827007,20212632319.476288,23937517457.381214,21197235829.62837,23764086487.667885,18803397460.382202,18024522546.868576,15433769838.784077,22476330587.24062,19481405927.96117,15178627864.970097,21606071819.23168,18875513831.545998
22339302071.763405,23286103288.03916,24192059758.15914,18104267571.830063,12145954207.319124,16502721288.220581,17193944484.953613,25684099989.591167,23538133970.814377,9455174008.308489,16097781274.32489,13027531329.303133,17392976173.827007,20212632319.476288,23937517457.381214,21197235829.62837,23764086487.667885,18803397460.382202,18024522546.868576,15433769838.784077,22476330587.24062,19481405927.96117,15178627864.970097,21606071819.23168,18875513831.545998
22339302071.763405,23286103288.03916,24192059758.15914,18104267571.830063,12145954207.319124,16502721288.220581,17193944484.953613,25684099989.591167,23538133970.814377,9455174008.308489,16097781274.32489,13027531329.303133,17392976173.827007,20212632319.476288,23937517457.381214,21197235829.62837,23764086487.667885,18803397460.382202,18024522546.868576,15433769838.784077,22476330587.24062,19481405927.96117,15178627864.970097,21606071819.23168,18875513831.545998
22339302071.763405,23286103288.03916,24192059758.15914,18104267571.830063,12145954207.319124,16502721288.220581,17193944484.953613,25684099989.591167,23538133970.814377,9455174008.308489,16097781274.32489,13027531329.303133,17392976173.827007,20212632319.476288,23937517457.381214,21197235829.62837,23764086487.667885,18803397460.382202,18024522546.868576,15433769838.784077,22476330587.24062,19481405927.96117,15178627864.970097,21606071819.23168,18875513831.545998
22339302071.763405,23286103288.03916,24192059758.15914,18104267571.830063,12145954207.319124,16502721288.220581,17193944484.953613,25684099989.591167,22079783714.494267,9455174008.308489,16097781274.32489,13027531329.303133,17392976173.827007,20212632319.476288,23937517457.381214,21197235829.62837,23764086487.667885,18803397460.382202,18024522546.868576,15433769838.784077,22476330587.24062,19481405927.96117,15178627864.970097,21606071819.23168,18875513831.545998
22339302071.763405,23286103288.03916,24192059758.15914,18104267571.830063,12145954207.319124,16502721288.220581,17193944484.953613,25684099989.591167,22079783714.494267,9455174008.308489,16097781274.32489,13027531329.303133,17392976173.827007,20212632319.476288,23937517457.381214,21197235829.62837,23764086487.667885,18803397460.382202,18024522546.868576,15433769838.784077,22476330587.24062,19481405927.96117,15178627864.970097,21606071819.23168,18875513831.545998
22339302071.763405,23286103288.03916,24192059758.15914,18104267571.830063,12145954207.319124,16502721288.220581,17193944484.953613,25684099989.591167,22079783714.494267,9455174008.308489,16097781274.32489,13027531329.303133,17392976173.827007,20212632319.476288,23937517457.381214,21197235829.62837,23764086487.667885,18803397460.382202,18024522546.868576,15433769838.784077,22476330587.24062,19481405927.96117,15178627864.970097,21606071819.23168,18875513831.545998
22339302071.763405,23286103288.03916,24192059758.15914,18104267571.830063,12145954207.319124,16502721288.220581,17193944484.953613,25684099989.591167,22079783714.494267,9455174008.308489,16097781274.32489,13027531329.303133,17392976173.827007,20212632319.476288,23937517457.381214,21197235829.62837,23764086487.667885,18803397460.382202,18024522546.868576,15433769838.784077,18869505299.175266,19481405927.96117,15178627864.970097,21606071819.23168,18875513831.545998
22339302071.763405,23286103288.03916,24192059758.15914,18104267571.830063,12145954207.319124,16502721288.220581,17193944484.953613,25684099989.591167,22079783714.494267,9455174008.308489,16097781274.32489,13027531329.303133,17392976173.827007,20212632319.476288,23937517457.381214,21197235829.62837,23764086487.667885,18803397460.382202,18024522546.868576,15433769838.784077,18869505299.175266,19481405927.96117,15178627864.970097,21606071819.23168,18875513831.545998
22339302071.763405,23286103288.03916,24192059758.15914,18104267571.830063,12145954207.319124,16502721288.220581,17193944484.953613,25684099989.591167,22079783714.494267,9455174008.308489,16097781274.32489,13027531329.303133,17392976173.827007,20212632319.476288,23937517457.381214,21197235829.62837,23764086487.667885,18803397460.382202,18024522546.868576,15433769838.784077,18869505299.175266,19481405927.96117,15178627864.970097,21606071819.23168,18875513831.545998
22339302071.763405,23286103288.03916,24192059758.15914,18104267571.830063,12145954207.319124,16502721288.220581,17193944484.953613,25684099989.591167,22079783714.494267,9455174008.308489,16097781274.32489,13027531329.303133,17392976173.827007,20212632319.476288,23937517457.381214,21197235829.62837,23764086487.667885,18803397460.382202,18024522546.868576,15433769838.784077,18869505299.175266,19481405927.96117,15178627864.970097,21606071819.23168,18875513831.545998
22339302071.763405,23286103288.03916,24192059758.15914,18104267571.830063,12145954207.319124,16502721288.220581,17193944484.953613,25684099989.591167,22079783714.494267,9455174008.308489,16097781274.32489,13027531329.303133,17392976173.827007,20212632319.476288,23937517457.381214,21197235829.62837,23764086487.667885,18803397460.382202,18024522546.868576,15433769838.784077,18869505299.175266,19481405927.96117,15178627864.970097,21606071819.23168,18875513831.545998
22339302071.763405,23286103288.03916,24192059758.15914,18104267571.830063,12145954207.319124,16502721288.220581,17193944484.953613,25684099989.591167,22079783714.494267,9455174008.308489,16097781274.32489,13027531329.303133,17392976173.827007,20212632319.476288,23937517457.381214,21197235829.62837,23764086487.667885,18803397460.382202,18024522546.868576,15433769838.784077,18869505299.175266,19481405927.96117,15178627864.970097,21606071819.23168,18875513831.545998
22339302071.763405,23286103288.03916,24192059758.15914,18104267571.830063,12145954207.319124,16502721288.220581,17193944484.953613,25684099989.591167,22079783714.494267,9455174008.308489,16097781274.32489,13027531329.303133,17392976173.827007,20212632319.476288,23937517457.381214,21197235829.62837,23764086487.667885,18803397460.382202,18024522546.868576,15433769838.784077,18869505299.175266,19481405927.96117,15178627864.970097,21606071819.23168,18875513831.545998
22339302071.763405,23286103288.03916,24192059758.15914,18104267571.830063,12145954207.319124,16502721288.220581,17193944484.953613,25684099989.591167,22079783714.494267,9455174008.308489,16097781274.32489,13027531329.303133,17392976173.827007,20212632319.476288,23937517457.381214,21197235829.62837,23764086487.667885,18803397460.382202,18024522546.868576,15433769838.784077,18869505299.175266,19481405927.96117,15178627864.970097,21606071819.23168,18875513831.545998
22339302071.763405,23286103288.03916,24192059758.15914,18104267571.830063,12145954207.319124,16502721288.220581,17193944484.953613,25684099989.591167,22079783714.494267,9455174008.308489,16097781274.32489,13027531329.303133,17392976173.827007,20212632319.476288,23937517457.381214,21197235829.62837,23764086487.667885,18803397460.382202,18024522546.868576,15433769838.784077,18869505299.175266,19481405927.96117,15178627864.970097,21606071819.23168,18875513831.545998
22339302071.763405,23286103288.03916,24192059758.15914,18104267571.830063,12145954207.319124,16502721288.220581,17193944484.953613,25684099989.591167,22079783714.494267,9455174008.308489,16097781274.32489,13027531329.303133,17392976173.827007,20212632319.476288,23937517457.381214,21197235829.62837,23764086487.667885,18803397460.382202,18024522546.868576,15433769838.784077,18869505299.175266,19481405927.96117,15178627864.970097,21606071819.23168,18875513831.545998
22339302071.763405,23286103288.03916,24192059758.15914,18104267571.830063,12145954207.319124,16502721288.220581,17193944484.953613,25684099989.591167,22079783714.494267,9455174008.308489,16097781274.32489,13027531329.303133,17392976173.827007,20212632319.476288,23937517457.381214,21197235829.62837,23764086487.667885,18803397460.382202,18024522546.868576,15433769838.784077,18869505299.175266,19481405927.96117,15178627864.970097,21606071819.23168,18875513831.545998
22339302071.763405,23286103288.03916,24192059758.15914,18104267571.830063,12145954207.319124,16502721288.220581,17193944484.953613,25684099989.591167,22079783714.494267,9455174008.308489,16097781274.32489,13027531329.303133,17392976173.827007,20212632319.476288,23937517457.381214,21197235829.62837,23764086487.667885,18803397460.382202,18024522546.868576,15433769838.784077,18869505299.175266,19481405927.96117,15178627864.970097,21606071819.23168,18875513831.545998
22339302071.763405,23286103288.03916,24192059758.15914,18104267571.830063,12145954207.319124,16502721288.220581,17193944484.953613,25684099989.591167,22079783714.494267,9455174008.308489,16097781274.32489,13027531329.303133,17392976173.827007,20212632319.476288,23937517457.381214,21197235829.62837,23764086487.667885,18803397460.382202,18024522546.868576,15433769838.784077,18869505299.175266,19481405927.96117,15178627864.970097,21606071819.23168,18875513831.545998
22339302071.763405,23286103288.03916,24192059758.15914,18104267571.830063,12145954207.319124,16502721288.220581,17193944484.953613,25684099989.591167,22079783714.494267,9455174008.308489,16097781274.32489,13027531329.303133,17392976173.827007,20212632319.476288,23937517457.381214,21197235829.62837,23764086487.667885,18803397460.382202,18024522546.868576,15433769838.784077,18869505299.175266,19481405927.96117,15178627864.970097,21606071819.23168,18875513831.545998
22339302071.763405,23286103288.03916,24192059758.15914,18104267571.830063,12145954207.319124,16502721288.220581,17193944484.953613,25684099989.591167,22079783714.494267,9455174008.308489,16097781274.32489,13027531329.303133,17392976173.827007,20212632319.476288,23937517457.381214,21197235829.62837,23764086487.667885,18803397460.382202,18024522546.868576,15433769838.784077,18869505299.175266,19481405927.96117,15178627864.970097,21606071819.23168,18875513831.545998
22339302071.763405,23286103288.03916,24192059758.15914,18104267571.830063,12145954207.319124,16502721288.220581,17193944484.953613,25684099989.591167,22079783714.494267,9455174008.308489,16097781274.32489,13027531329.303133,17392976173.827007,20212632319.476288,23937517457.381214,21197235829.62837,23764086487.667885,18803397460.382202,18024522546.868576,15433769838.784077,18869505299.175266,19481405927.96117,15178627864.970097,21606071819.23168,18875513831.545998
22251090904.447514,23286103288.03916,24192059758.15914,18104267571.830063,12145954207.319124,16502721288.220581,17193944484.953613,25684099989.591167,22079783714.494267,9455174008.308489,16097781274.32489,13027531329.303133,17392976173.827007,20212632319.476288,23937517457.381214,21197235829.62837,23764086487.667885,18803397460.382202,18024522546.868576,15433769838.784077,18869505299.175266,19481405927.96117,15178627864.970097,21606071819.23168,18875513831.545998
22251090904.447514,23286103288.03916,24192059758.15914,18104267571.830063,12145954207.319124,16502721288.220581,17193944484.953613,25684099989.591167,22079783714.494267,9455174008.308489,16097781274.32489,13027531329.303133,17392976173.827007,20212632319.476288,23937517457.381214,21197235829.62837,23764086487.667885,18803397460.382202,18024522546.868576,15433769838.784077,18869505299.175266,19481405927.96117,15178627864.970097,21606071819.23168,18875513831.545998
22251090904.447514,23286103288.03916,24192059758.15914,18104267571.830063,12145954207.319124,16502721288.220581,17193944484.953613,25684099989.591167,22079783714.494267,9455174008.308489,16097781274.32489,13027531329.303133,17392976173.827007,20212632319.476288,23937517457.381214,21197235829.62837,23764086487.667885,18803397460.382202,18024522546.868576,15433769838.784077,18869505299.175266,19481405927.96117,15178627864.970097,21606071819.23168,18875513831.545998
22251090904.447514,23286103288.03916,24192059758.15914,18104267571.830063,12145954207.319124,16502721288.220581,17193944484.953613,25684099989.591167,22079783714.494267,9455174008.308489,16097781274.32489,13027531329.303133,17392976173.827007,20212632319.476288,23937517457.381214,21197235829.62837,23764086487.667885,18803397460.382202,18024522546.868576,15433769838.784077,18869505299.175266,19481405927.96117,15178627864.970097,21606071819.23168,18875513831.545998
22251090904.447514,23286103288.03916,24192059758.15914,18104267571.830063,12145954207.319124,16502721288.220581,17193944484.953613,25684099989.591167,22079783714.494267,9455174008.308489,16097781274.32489,13027531329.303133,17392976173.827007,20212632319.476288,23937517457.381214,21197235829.62837,23764086487.667885,18803397460.382202,18024522546.868576,15433769838.784077,18869505299.175266,19481405927.96117,15178627864.970097,21606071819.23168,18875513831.545998
22251090904.447514,23286103288.03916,24192059758.15914,18104267571.830063,12145954207.319124,16502721288.220581,17193944484.953613,25684099989.591167,22079783714.494267,9455174008.308489,16097781274.32489,13027531329.303133,17392976173.827007,20212632319.476288,23937517457.381214,20711995098.77505,23764086487.667885,18803397460.382202,18024522546.868576,15433769838.784077,18869505299.175266,19481405927.96117,15178627864.970097,21606071819.23168,18875513831.545998
22251090904.447514,23286103288.03916,24192059758.15914,18104267571.830063,12145954207.319124,16502721288.220581,17193944484.953613,25684099989.591167,22079783714.494267,9455174008.308489,16097781274.32489,13027531329.303133,17392976173.827007,20212632319.476288,23937517457.381214,20711995098.77505,23764086487.667885,18803397460.382202,18024522546.868576,15433769838.784077,18869505299.175266,19481405927.96117,15178627864.970097,21606071819.23168,18875513831.545998
22251090904.447514,23286103288.03916,24192059758.15914,18104267571.830063,12145954207.319124,16502721288.220581,17193944484.953613,25684099989.591167,22079783714.494267,9455174008.308489,16097781274.32489,13027531329.303133,17392976173.827007,20212632319.476288,23937517457.381214,20711995098.77505,23764086487.667885,18803397460.382202,18024522546.868576,15433769838.784077,18869505299.175266,19481405927.96117,15178627864.970097,21606071819.23168,18875513831.545998
22251090904.447514,23286103288.03916,24192059758.15914,18104267571.830063,12145954207.319124,16502721288.220581,17193944484.953613,25684099989.591167,22079783714.494267,9455174008.308489,16097781274.32489,13027531329.303133,17392976173.827007,20212632319.476288,23937517457.381214,20711995098.77505,23764086487.667885,18803397460.382202,18024522546.868576,15433769838.784077,18869505299.175266,19481405927.96117,15178627864.970097,21606071819.23168,18875513831.545998
22251090904.447514,23286103288.03916,24192059758.15914,18104267571.830063,12145954207.319124,16502721288.220581,17193944484.953613,25684099989.591167,22079783714.494267,9455174008.308489,16097781274.32489,13027531329.303133,17392976173.827007,20212632319.476288,23937517457.381214,20711995098.77505,23764086487.667885,18803397460.382202,18024522546.868576,15433769838.784077,18869505299.175266,19481405927.96117,15178627864.970097,21606071819.23168,18875513831.545998
22251090904.447514,23286103288.03916,24192059758.15914,18104267571.830063,12145954207.319124,16502721288.220581,17193944484.953613,25684099989.591167,22079783714.494267,9455174008.308489,16097781274.32489,13027531329.303133,17392976173.827007,20212632319.476288,23937517457.381214,20711995098.77505,23764086487.667885,18803397460.382202,18024522546.868576,15433769838.784077,18869505299.175266,19481405927.96117,15178627864.970097,21606071819.23168,18875513831.545998
22251090904.447514,23286103288.03916,24192059758.15914,18104267571.830063,12145954207.319124,16502721288.220581,17193944484.953613,25684099989.591167,22079783714.494267,9455174008.308489,16097781274.32489,13027531329.303133,17392976173.827007,20212632319.476288,23937517457.381214,20711995098.77505,23764086487.667885,18803397460.382202,18024522546.868576,15433769838.784077,18869505299.175266,19481405927.96117,15178627864.970097,21606071819.23168,18875513831.545998
20362563281.320286,23286103288.03916,24192059758.15914,18104267571.830063,12145954207.319124,16502721288.220581,17193944484.953613,25684099989.591167,22079783714.494267,9455174008.308489,16097781274.32489,13027531329.303133,17392976173.827007,20212632319.476288,23937517457.381214,20711995098.77505,23764086487.667885,18803397460.382202,18024522546.868576,15433769838.784077,18869505299.175266,19481405927.96117,15178627864.970097,21606071819.23168,18875513831.545998
20362563281.320286,23286103288.03916,24192059758.15914,18104267571.830063,12145954207.319124,16502721288.220581,17193944484.953613,23485173956.189785,22079783714.494267,9455174008.308489,16097781274.32489,13027531329.303133,17392976173.827007,20212632319.476288,23937517457.381214,20711995098.77505,23764086487.667885,18803397460.382202,18024522546.868576,15433769838.784077,18869505299.175266,19481405927.96117,15178627864.970097,21606071819.23168,18875513831.545998
20362563281.320286,23286103288.03916,24192059758.15914,18104267571.830063,12145954207.319124,16502721288.220581,17193944484.953613,23485173956.189785,22079783714.494267,9455174008.308489,16097781274.32489,13027531329.303133,17392976173.827007,20212632319.476288,23937517457.381214,20711995098.77505,23764086487.667885,18803397460.382202,18024522546.868576,15433769838.784077,18869505299.175266,19481405927.96117,15178627864.970097,21606071819.23168,18875513831.545998
20362563281.320286,23286103288.03916,24192059758.15914,18104267571.830063,12145954207.319124,16502721288.220581,17193944484.953613,23485173956.189785,22079783714.494267,9455174008.308489,16097781274.32489,13027531329.303133,17392976173.827007,20212632319.476288,23937517457.381214,20711995098.77505,23764086487.667885,18803397460.382202,18024522546.868576,15433769838.784077,18869505299.175266,19481405927.96117,15178627864.970097,21606071819.23168,18875513831.545998
20362563281.320286,23286103288.03916,24192059758.15914,18104267571.830063,12145954207.319124,16502721288.220581,17193944484.953613,23485173956.189785,22079783714.494267,9455174008.308489,16097781274.32489,13027531329.303133,17392976173.827007,20212632319.476288,23937517457.381214,20711995098.77505,23764086487.667885,18803397460.382202,18024522546.868576,15433769838.784077,18869505299.175266,19481405927.96117,15178627864.970097,21606071819.23168,18875513831.545998
20362563281.320286,23286103288.03916,24192059758.15914,18104267571.830063,12145954207.319124,16502721288.220581,17193944484.953613,23485173956.189785,22079783714.494267,9455174008.308489,16097781274.32489,13027531329.303133,17392976173.827007,20212632319.476288,23937517457.381214,20711995098.77505,23764086487.667885,18803397460.382202,18024522546.868576,15433769838.784077,18869505299.175266,19481405927.96117,15178627864.970097,21606071819.23168,18875513831.545998
20362563281.320286,23286103288.03916,24192059758.15914,18104267571.830063,12145954207.319124,16502721288.220581,17193944484.953613,23485173956.189785,22079783714.494267,9455174008.308489,16097781274.32489,13027531329.303133,17392976173.827007,20212632319.476288,23937517457.381214,20711995098.77505,23764086487.667885,18803397460.382202,18024522546.868576,15433769838.784077,18869505299.175266,19481405927.96117,15178627864.970097,21606071819.23168,18875513831.545998
20362563281.320286,23286103288.03916,24192059758.15914,18104267571.830063,12145954207.319124,16502721288.220581,17193944484.953613,23485173956.189785,22079783714.494267,9455174008.308489,16097781274.32489,13027531329.303133,17392976173.827007,20212632319.476288,23937517457.381214,20711995098.77505,23764086487.667885,18803397460.382202,18024522546.868576,15433769838.784077,18869505299.175266,19481405927.96117,15178627864.970097,21606071819.23168,18875513831.545998
20362563281.320286,23286103288.03916,24192059758.15914,18104267571.830063,12145954207.319124,16502721288.220581,17193944484.953613,23485173956.189785,22079783714.494267,9455174008.308489,16097781274.32489,13027531329.303133,17392976173.827007,20212632319.476288,23937517457.381214,20711995098.77505,23764086487.667885,18803397460.382202,18024522546.868576,15433769838.784077,18869505299.175266,19481405927.96117,15178627864.970097,21606071819.23168,18875513831.545998
20362563281.320286,23286103288.03916,24192059758.15914,18104267571.830063,12145954207.319124,16502721288.220581,17193944484.953613,23485173956.189785,22079783714.494267,9455174008.308489,16097781274.32489,13027531329.303133,17392976173.827007,20212632319.476288,23937517457.381214,20711995098.77505,23764086487.667885,18803397460.382202,18024522546.868576,15433769838.784077,18869505299.175266,19481405927.96117,15178627864.970097,21606071819.23168,18875513831.545998
20362563281.320286,23286103288.03916,24192059758.15914,18104267571.830063,12145954207.319124,16502721288.220581,17193944484.953613,23485173956.189785,22079783714.494267,9455174008.308489,16097781274.32489,13027531329.303133,17392976173.827007,20212632319.476288,23937517457.381214,20711995098.77505,23764086487.667885,18803397460.382202,18024522546.868576,15433769838.784077,18869505299.175266,19481405927.96117,15178627864.970097,21606071819.23168,18875513831.545998
20362563281.320286,23286103288.03916,24192059758.15914,18104267571.830063,12145954207.319124,16502721288.220581,17193944484.953613,23485173956.189785,22079783714.494267,9455174008.308489,16097781274.32489,13027531329.303133,17392976173.827007,20212632319.476288,23937517457.381214,20711995098.77505,23764086487.667885,18803397460.382202,18024522546.868576,15433769838.784077,18869505299.175266,19481405927.96117,15178627864.970097,21606071819.23168,18875513831.545998
20362563281.320286,23286103288.03916,24192059758.15914,18104267571.830063,12145954207.319124,16502721288.220581,17193944484.953613,23485173956.189785,22079783714.494267,9455174008.308489,16097781274.32489,13027531329.303133,17392976173.827007,20212632319.476288,23937517457.381214,20711995098.77505,23764086487.667885,18803397460.382202,18024522546.868576,15433769838.784077,18869505299.175266,19481405927.96117,15178627864.970097,21606071819.23168,18875513831.545998
20362563281.320286,23286103288.03916,24192059758.15914,18104267571.830063,12145954207.319124,16502721288.220581,17193944484.953613,23485173956.189785,22079783714.494267,9455174008.308489,16097781274.32489,13027531329.303133,17392976173.827007,20212632319.476288,23937517457.381214,20711995098.77505,23764086487.667885,18803397460.382202,18024522546.868576,15433769838.784077,18869505299.175266,19481405927.96117,15178627864.970097,21606071819.23168,18875513831.545998
20362563281.320286,23286103288.03916,24192059758.15914,18104267571.830063,12145954207.319124,16502721288.220581,17193944484.953613,23485173956.189785,22079783714.494267,9455174008.308489,16097781274.32489,13027531329.303133,17392976173.827007,20212632319.476288,23937517457.381214,20711995098.77505,23764086487.667885,18803397460.382202,18024522546.868576,15433769838.784077,18869505299.175266,19481405927.96117,15178627864.970097,21606071819.23168,18875513831.545998
20362563281.320286,23286103288.03916,20503077035.20076,18104267571.830063,12145954207.319124,16502721288.220581,17193944484.953613,23485173956.189785,22079783714.494267,9455174008.308489,16097781274.32489,13027531329.303133,17392976173.827007,20212632319.476288,23937517457.381214,20711995098.77505,23764086487.667885,18803397460.382202,18024522546.868576,15433769838.784077,18869505299.175266,19481405927.96117,15178627864.970097,21606071819.23168,18875513831.545998
20362563281.320286,23286103288.03916,20503077035.20076,18104267571.830063,12145954207.319124,16502721288.220581,17193944484.953613,23485173956.189785,22079783714.494267,9455174008.308489,16097781274.32489,13027531329.303133,17392976173.827007,20212632319.476288,23937517457.381214,20711995098.77505,23764086487.667885,18803397460.382202,18024522546.868576,15433769838.784077,18869505299.175266,19481405927.96117,15178627864.970097,21606071819.23168,18875513831.545998
20362563281.320286,23286103288.03916,20503077035.20076,18104267571.830063,12145954207.319124,16502721288.220581,17193944484.953613,23485173956.189785,22079783714.494267,9455174008.308489,16097781274.32489,13027531329.303133,17392976173.827007,20212632319.476288,23937517457.381214,20711995098.77505,23764086487.667885,18803397460.382202,18024522546.868576,15433769838.784077,18869505299.175266,19481405927.96117,15178627864.970097,21606071819.23168,18875513831.545998
20362563281.320286,23286103288.03916,20503077035.20076,18104267571.830063,12145954207.319124,16502721288.220581,17193944484.953613,23485173956.189785,22079783714.494267,9455174008.308489,16097781274.32489,13027531329.303133,17392976173.827007,20212632319.476288,23937517457.381214,20711995098.77505,23764086487.667885,18803397460.382202,18024522546.868576,15433769838.784077,18869505299.175266,19481405927.96117,15178627864.970097,21606071819.23168,18875513831.545998
20362563281.320286,23286103288.03916,20503077035.20076,18104267571.830063,12145954207.319124,16502721288.220581,17193944484.953613,23485173956.189785,21009604797.34128,9455174008.308489,16097781274.32489,13027531329.303133,17392976173.827007,20212632319.476288,23937517457.381214,20711995098.77505,23764086487.667885,18803397460.382202,18024522546.868576,15433769838.784077,18869505299.175266,19481405927.96117,15178627864.970097,21606071819.23168,18875513831.545998
20362563281.320286,23286103288.03916,20503077035.20076,18104267571.830063,12145954207.319124,16502721288.220581,17193944484.953613,23485173956.189785,21009604797.34128,9455174008.308489,16097781274.32489,13027531329.303133,17392976173.827007,20212632319.476288,23937517457.381214,20711995098.77505,23764086487.667885,18803397460.382202,18024522546.868576,15433769838.784077,18869505299.175266,19481405927.96117,15178627864.970097,21606071819.23168,18875513831.545998
20362563281.320286,23286103288.03916,20503077035.20076,18104267571.830063,12145954207.319124,16502721288.220581,17193944484.953613,23485173956.189785,21009604797.34128,9455174008.308489,16097781274.32489,13027531329.303133,17392976173.827007,20212632319.476288,23221783505.200455,20711995098.77505,23764086487.667885,18803397460.382202,18024522546.868576,15433769838.784077,18869505299.175266,19481405927.96117,15178627864.970097,21606071819.23168,18875513831.545998
20362563281.320286,23286103288.03916,20503077035.20076,18104267571.830063,12145954207.319124,16502721288.220581,17193944484.953613,23485173956.189785,21009604797.34128,9455174008.308489,16097781274.32489,13027531329.303133,17392976173.827007,20212632319.476288,23221783505.200455,20711995098.77505,23764086487.667885,18803397460.382202,18024522546.868576,15433769838.784077,18869505299.175266,19481405927.96117,15178627864.970097,21606071819.23168,18875513831.545998
20362563281.320286,23286103288.03916,20503077035.20076,18104267571.830063,12145954207.319124,16502721288.220581,17193944484.953613,23485173956.189785,21009604797.34128,9455174008.308489,16097781274.32489,13027531329.303133,17392976173.827007,20212632319.476288,23221783505.200455,20711995098.77505,23764086487.667885,18803397460.382202,18024522546.868576,15433769838.784077,18869505299.175266,19481405927.96117,15178627864.970097,21606071819.23168,18875513831.545998
20362563281.320286,23286103288.03916,20503077035.20076,18104267571.830063,12145954207.319124,16502721288.220581,17193944484.953613,23485173956.189785,21009604797.34128,9455174008.308489,16097781274.32489,13027531329.303133,17392976173.827007,20212632319.476288,23221783505.200455,20711995098.77505,23764086487.667885,18803397460.382202,18024522546.868576,15433769838.784077,18869505299.175266,19481405927.96117,15178627864.970097,21606071819.23168,18875513831.545998
20362563281.320286,23286103288.03916,20503077035.20076,18104267571.830063,12145954207.319124,16502721288.220581,17193944484.953613,23485173956.189785,21009604797.34128,9455174008.308489,16097781274.32489,13027531329.303133,17392976173.827007,20212632319.476288,23221783505.200455,20711995098.77505,23764086487.667885,18803397460.382202,18024522546.868576,15433769838.784077,18869505299.175266,19481405927.96117,15178627864.970097,21606071819.23168,18875513831.545998
20362563281.320286,23286103288.03916,20503077035.20076,18104267571.830063,12145954207.319124,16502721288.220581,17193944484.953613,23485173956.189785,21009604797.34128,9455174008.308489,16097781274.32489,13027531329.303133,17392976173.827007,20212632319.476288,23221783505.200455,20711995098.77505,23764086487.667885,18803397460.382202,18024522546.868576,15433769838.784077,18869505299.175266,19481405927.96117,15178627864.970097,21606071819.23168,18875513831.545998
20362563281.320286,23286103288.03916,20503077035.20076,18104267571.830063,12145954207.319124,16502721288.220581,17193944484.953613,23485173956.189785,21009604797.34128,9455174008.308489,16097781274.32489,13027531329.303133,17392976173.827007,20212632319.476288,23221783505.200455,20711995098.77505,23764086487.667885,18803397460.382202,18024522546.868576,15433769838.784077,18869505299.175266,19481405927.96117,15178627864.970097,21606071819.23168,18875513831.545998
20362563281.320286,23286103288.03916,20503077035.20076,18104267571.830063,12145954207.319124,16502721288.220581,17193944484.953613,23485173956.189785,21009604797.34128,9455174008.308489,16097781274.32489,13027531329.303133,17392976173.827007,20212632319.476288,23221783505.200455,20711995098.77505,23764086487.667885,18803397460.382202,18024522546.868576,15433769838.784077,18869505299.175266,19481405927.96117,15178627864.970097,21606071819.23168,18875513831.545998
20362563281.320286,23286103288.03916,20503077035.20076,18104267571.830063,12145954207.319124,16502721288.220581,17193944484.953613,23485173956.189785,21009604797.34128,9455174008.308489,16097781274.32489,13027531329.303133,17392976173.827007,20212632319.476288,23221783505.200455,20711995098.77505,23764086487.667885,18803397460.382202,18024522546.868576,15433769838.784077,18869505299.175266,19481405927.96117,15178627864.970097,21606071819.23168,18875513831.545998
20362563281.320286,23286103288.03916,20503077035.20076,18104267571.830063,12145954207.319124,16502721288.220581,17193944484.953613,23485173956.189785,21009604797.34128,9455174008.308489,16097781274.32489,13027531329.303133,17392976173.827007,20212632319.476288,23221783505.200455,20711995098.77505,23764086487.667885,18803397460.382202,18024522546.868576,15433769838.784077,18869505299.175266,19481405927.96117,15178627864.970097,21606071819.23168,18875513831.545998
20362563281.320286,23286103288.03916,20503077035.20076,18104267571.830063,12145954207.319124,16502721288.220581,17193944484.953613,23485173956.189785,21009604797.34128,9455174008.308489,16097781274.32489,13027531329.303133,17392976173.827007,20212632319.476288,23221783505.200455,20711995098.77505,23764086487.667885,18803397460.382202,18024522546.868576,15433769838.784077,18869505299.175266,19481405927.96117,15178627864.970097,21606071819.23168,18875513831.545998
20362563281.320286,23286103288.03916,20503077035.20076,18104267571.830063,12145954207.319124,16502721288.220581,17193944484.953613,23485173956.189785,21009604797.34128,9455174008.308489,16097781274.32489,13027531329.303133,17392976173.827007,20212632319.476288,23221783505.200455,20711995098.77505,23764086487.667885,18803397460.382202,18024522546.868576,15433769838.784077,18869505299.175266,19481405927.96117,15178627864.970097,21606071819.23168,18875513831.545998
20362563281.320286,23286103288.03916,20503077035.20076,18104267571.830063,12145954207.319124,16502721288.220581,17193944484.953613,23485173956.189785,21009604797.34128,9455174008.308489,16097781274.32489,13027531329.303133,17392976173.827007,20212632319.476288,23221783505.200455,20711995098.77505,23764086487.667885,18803397460.382202,18024522546.868576,15433769838.784077,18869505299.175266,19481405927.96117,15178627864.970097,21606071819.23168,18875513831.545998
20362563281.320286,23286103288.03916,20503077035.20076,18104267571.830063,12145954207.319124,16502721288.220581,17193944484.953613,23485173956.189785,21009604797.34128,9455174008.308489,16097781274.32489,13027531329.303133,17392976173.827007,20212632319.476288,23221783505.200455,20711995098.77505,23764086487.667885,18803397460.382202,18024522546.868576,15433769838.784077,18869505299.175266,19481405927.96117,15178627864.970097,21606071819.23168,18875513831.545998
20362563281.320286,23286103288.03916,20503077035.20076,18104267571.830063,12145954207.319124,16502721288.220581,17193944484.953613,23485173956.189785,21009604797.34128,9455174008.308489,16097781274.32489,13027531329.303133,17392976173.827007,20212632319.476288,23221783505.200455,20711995098.77505,23764086487.667885,18803397460.382202,18024522546.868576,15433769838.784077,18869505299.175266,19481405927.96117,15178627864.970097,21606071819.23168,18875513831.545998
20362563281.320286,23286103288.03916,20503077035.20076,18104267571.830063,12145954207.319124,16502721288.220581,17193944484.953613,23485173956.189785,21009604797.34128,9455174008.308489,16097781274.32489,13027531329.303133,17392976173.827007,20212632319.476288,23221783505.200455,20711995098.77505,23764086487.667885,18803397460.382202,18024522546.868576,15433769838.784077,18869505299.175266,19481405927.96117,15178627864.970097,21606071819.23168,18875513831.545998
20362563281.320286,23286103288.03916,20503077035.20076,18104267571.830063,12145954207.319124,16502721288.220581,17193944484.953613,23485173956.189785,21009604797.34128,9455174008.308489,16097781274.32489,13027531329.303133,17392976173.827007,20212632319.476288,23221783505.200455,20711995098.77505,23764086487.667885,18803397460.382202,18024522546.868576,15433769838.784077,18869505299.175266,19481405927.96117,15178627864.970097,21606071819.23168,18875513831.545998
20362563281.320286,23286103288.03916,20503077035.20076,18104267571.830063,12145954207.319124,16502721288.220581,17193944484.953613,23485173956.189785,21009604797.34128,9455174008.308489,16097781274.32489,13027531329.303133,17392976173.827007,20212632319.476288,23221783505.200455,20711995098.77505,23764086487.667885,18803397460.382202,18024522546.868576,15433769838.784077,18869505299.175266,19481405927.96117,15178627864.970097,21606071819.23168,18875513831.545998
20362563281.320286,23286103288.03916,20503077035.20076,18104267571.830063,12145954207.319124,16502721288.220581,17193944484.953613,23485173956.189785,21009604797.34128,9455174008.308489,16097781274.32489,13027531329.303133,17392976173.827007,20212632319.476288,23221783505.200455,20711995098.77505,23764086487.667885,18803397460.382202,18024522546.868576,15433769838.784077,18869505299.175266,19481405927.96117,15178627864.970097,21606071819.23168,18875513831.545998
20362563281.320286,23286103288.03916,20503077035.20076,18104267571.830063,12145954207.319124,16502721288.220581,17193944484.953613,23485173956.189785,21009604797.34128,9455174008.308489,16097781274.32489,13027531329.303133,17392976173.827007,20212632319.476288,23221783505.200455,20711995098.77505,23764086487.667885,18803397460.382202,18024522546.868576,15433769838.784077,18869505299.175266,19481405927.96117,15178627864.970097,21606071819.23168,18875513831.545998
20362563281.320286,23286103288.03916,20503077035.20076,18104267571.830063,12145954207.319124,16502721288.220581,17193944484.953613,23485173956.189785,21009604797.34128,9455174008.308489,16097781274.32489,13027531329.303133,17392976173.827007,20212632319.476288,23221783505.200455,20711995098.77505,23764086487.667885,18803397460.382202,18024522546.868576,15433769838.784077,18869505299.175266,19481405927.96117,15178627864.970097,21606071819.23168,18875513831.545998
20362563281.320286,23286103288.03916,20503077035.20076,18104267571.830063,12145954207.319124,16502721288.220581,17193944484.953613,23485173956.189785,21009604797.34128,9455174008.308489,16097781274.32489,13027531329.303133,17392976173.827007,20212632319.476288,23221783505.200455,20711995098.77505,23764086487.667885,18803397460.382202,18024522546.868576,15433769838.784077,18869505299.175266,19481405927.96117,15178627864.970097,21606071819.23168,18875513831.545998
20362563281.320286,23286103288.03916,20503077035.20076,18104267571.830063,12145954207.319124,16502721288.220581,17193944484.953613,23485173956.189785,21009604797.34128,9455174008.308489,16097781274.32489,13027531329.303133,17392976173.827007,20212632319.476288,23221783505.200455,20711995098.77505,23764086487.667885,18803397460.382202,18024522546.868576,15433769838.784077,18869505299.175266,19481405927.96117,15178627864.970097,21606071819.23168,18875513831.545998
20362563281.320286,23286103288.03916,20503077035.20076,18104267571.830063,12145954207.319124,16502721288.220581,17193944484.953613,23485173956.189785,21009604797.34128,9455174008.308489,16097781274.32489,13027531329.303133,17392976173.827007,20212632319.476288,23221783505.200455,20711995098.77505,23764086487.667885,18803397460.382202,18024522546.868576,15433769838.784077,18869505299.175266,19481405927.96117,15178627864.970097,21606071819.23168,18875513831.545998
20362563281.320286,23286103288.03916,20503077035.20076,18104267571.830063,12145954207.319124,16502721288.220581,17193944484.953613,23485173956.189785,21009604797.34128,9455174008.308489,16097781274.32489,13027531329.303133,17392976173.827007,20212632319.476288,23221783505.200455,20711995098.77505,23764086487.667885,18803397460.382202,18024522546.868576,15433769838.784077,18869505299.175266,19481405927.96117,15178627864.970097,21606071819.23168,18875513831.545998
20362563281.320286,23286103288.03916,20503077035.20076,18104267571.830063,12145954207.319124,16502721288.220581,17193944484.953613,23485173956.189785,21009604797.34128,9455174008.308489,16097781274.32489,13027531329.303133,17392976173.827007,20212632319.476288,23221783505.200455,20711995098.77505,23764086487.667885,18803397460.382202,18024522546.868576,15433769838.784077,18869505299.175266,19481405927.96117,15178627864.970097,21606071819.23168,18875513831.545998
20362563281.320286,23286103288.03916,20503077035.20076,18104267571.830063,12145954207.319124,16502721288.220581,17193944484.953613,23485173956.189785,21009604797.34128,9455174008.308489,16097781274.32489,13027531329.303133,17392976173.827007,20212632319.476288,23221783505.200455,20711995098.77505,23764086487.667885,18803397460.382202,18024522546.868576,15433769838.784077,18869505299.175266,19481405927.96117,15178627864.970097,21606071819.23168,18875513831.545998
20362563281.320286,23286103288.03916,20503077035.20076,18104267571.830063,12145954207.319124,16502721288.220581,17193944484.953613,23485173956.189785,21009604797.34128,9455174008.308489,16097781274.32489,13027531329.303133,17392976173.827007,20212632319.476288,23221783505.200455,20711995098.77505,23764086487.667885,18803397460.382202,18024522546.868576,15433769838.784077,18869505299.175266,19481405927.96117,15178627864.970097,21606071819.23168,18875513831.545998
20362563281.320286,23286103288.03916,20503077035.20076,18104267571.830063,12145954207.319124,16502721288.220581,17193944484.953613,23485173956.189785,21009604797.34128,9455174008.308489,16097781274.32489,13027531329.303133,17392976173.827007,20212632319.476288,23221783505.200455,20711995098.77505,23764086487.667885,18803397460.382202,18024522546.868576,15433769838.784077,18869505299.175266,19481405927.96117,15178627864.970097,21606071819.23168,18875513831.545998
20362563281.320286,23286103288.03916,20503077035.20076,18104267571.830063,12145954207.319124,16502721288.220581,17193944484.953613,23485173956.189785,21009604797.34128,9455174008.308489,16097781274.32489,13027531329.303133,17392976173.827007,20212632319.476288,23221783505.200455,20711995098.77505,23764086487.667885,18803397460.382202,18024522546.868576,15433769838.784077,18869505299.175266,19481405927.96117,15178627864.970097,21606071819.23168,18875513831.545998
20362563281.320286,23286103288.03916,20503077035.20076,18104267571.830063,12145954207.319124,16502721288.220581,17193944484.953613,23485173956.189785,21009604797.34128,9455174008.308489,16097781274.32489,13027531329.303133,17392976173.827007,20212632319.476288,23221783505.200455,20711995098.77505,23764086487.667885,18803397460.382202,18024522546.868576,15433769838.784077,18869505299.175266,19481405927.96117,15178627864.970097,21606071819.23168,18875513831.545998
20362563281.320286,23286103288.03916,20503077035.20076,18104267571.830063,12145954207.319124,16502721288.220581,17193944484.953613,23485173956.189785,21009604797.34128,9455174008.308489,16097781274.32489,13027531329.303133,17392976173.827007,20212632319.476288,23221783505.200455,20711995098.77505,23764086487.667885,18803397460.382202,18024522546.868576,15433769838.784077,18869505299.175266,19481405927.96117,15178627864.970097,21606071819.23168,18875513831.545998
20362563281.320286,23286103288.03916,20503077035.20076,18104267571.830063,12145954207.319124,16502721288.220581,17193944484.953613,23485173956.189785,21009604797.34128,9455174008.308489,16097781274.32489,13027531329.303133,17392976173.827007,20212632319.476288,23221783505.200455,20711995098.77505,23764086487.667885,18803397460.382202,18024522546.868576,15433769838.784077,18869505299.175266,19481405927.96117,15178627864.970097,21606071819.23168,18875513831.545998
20362563281.320286,23286103288.03916,20503077035.20076,18104267571.830063,12145954207.319124,16502721288.220581,17193944484.953613,23485173956.189785,21009604797.34128,9455174008.308489,16097781274.32489,13027531329.303133,17392976173.827007,20212632319.476288,23221783505.200455,20711995098.77505,23764086487.667885,18803397460.382202,18024522546.868576,15433769838.784077,18869505299.175266,19481405927.96117,15178627864.970097,21606071819.23168,18875513831.545998
20362563281.320286,23286103288.03916,20503077035.20076,18104267571.830063,12145954207.319124,16502721288.220581,17193944484.953613,23485173956.189785,21009604797.34128,9455174008.308489,16097781274.32489,13027531329.303133,17392976173.827007,20212632319.476288,23221783505.200455,20711995098.77505,23764086487.667885,18803397460.382202,18024522546.868576,15433769838.784077,18869505299.175266,19481405927.96117,15178627864.970097,21606071819.23168,18875513831.545998
20362563281.320286,23286103288.03916,20503077035.20076,18104267571.830063,12145954207.319124,16502721288.220581,17193944484.953613,23485173956.189785,21009604797.34128,9455174008.308489,16097781274.32489,13027531329.303133,17392976173.827007,20212632319.476288,23221783505.200455,20711995098.77505,23764086487.667885,18803397460.382202,18024522546.868576,15433769838.784077,18869505299.175266,19481405927.96117,15178627864.970097,21606071819.23168,18875513831.545998
20362563281.320286,23286103288.03916,20503077035.20076,18104267571.830063,12145954207.319124,16502721288.220581,17193944484.953613,23485173956.189785,21009604797.34128,9455174008.308489,16097781274.32489,13027531329.303133,17392976173.827007,20212632319.476288,23221783505.200455,20711995098.77505,23764086487.667885,18803397460.382202,18024522546.868576,14216756165.12278,18869505299.175266,19481405927.96117,15178627864.970097,21606071819.23168,18875513831.545998
20362563281.320286,23286103288.03916,20503077035.20076,18104267571.830063,12145954207.319124,16502721288.220581,17193944484.953613,23485173956.189785,21009604797.34128,9455174008.308489,16097781274.32489,13027531329.303133,17392976173.827007,20212632319.476288,23221783505.200455,20711995098.77505,23764086487.667885,18803397460.382202,18024522546.868576,14216756165.12278,18869505299.175266,19481405927.96117,15178627864.970097,21606071819.23168,18875513831.545998
20362563281.320286,23286103288.03916,20503077035.20076,18104267571.830063,12145954207.319124,16502721288.220581,17193944484.953613,23485173956.189785,21009604797.34128,9455174008.308489,16097781274.32489,13027531329.303133,17392976173.827007,20212632319.476288,23221783505.200455,20711995098.77505,23764086487.667885,18803397460.382202,18024522546.868576,14216756165.12278,18869505299.175266,19481405927.96117,15178627864.970097,21606071819.23168,18875513831.545998
20362563281.320286,23286103288.03916,20503077035.20076,18104267571.830063,12145954207.319124,16502721288.220581,17193944484.953613,23485173956.189785,21009604797.34128,9455174008.308489,16097781274.32489,13027531329.303133,17392976173.827007,20212632319.476288,23221783505.200455,20711995098.77505,23764086487.667885,18803397460.382202,18024522546.868576,14216756165.12278,18869505299.175266,19481405927.96117,15178627864.970097,21606071819.23168,18875513831.545998
20362563281.320286,23286103288.03916,20503077035.20076,18104267571.830063,12145954207.319124,16502721288.220581,17193944484.953613,23485173956.189785,21009604797.34128,9455174008.308489,16097781274.32489,13027531329.303133,17392976173.827007,20212632319.476288,23221783505.200455,20711995098.77505,23764086487.667885,18803397460.382202,18024522546.868576,14216756165.12278,18869505299.175266,19481405927.96117,15178627864.970097,21606071819.23168,18875513831.545998
20362563281.320286,23286103288.03916,14973161152.112415,18104267571.830063,12145954207.319124,16502721288.220581,17193944484.953613,23485173956.189785,21009604797.34128,9455174008.308489,16097781274.32489,13027531329.303133,17392976173.827007,20212632319.476288,23221783505.200455,20711995098.77505,23764086487.667885,18803397460.382202,18024522546.868576,14216756165.12278,18869505299.175266,19481405927.96117,15178627864.970097,21606071819.23168,18875513831.545998
20362563281.320286,23286103288.03916,14973161152.112415,18104267571.830063,12145954207.319124,16502721288.220581,17193944484.953613,23485173956.189785,21009604797.34128,9455174008.308489,16097781274.32489,13027531329.303133,17392976173.827007,20212632319.476288,23221783505.200455,20711995098.77505,23764086487.667885,18803397460.382202,18024522546.868576,14216756165.12278,18869505299.175266,19481405927.96117,15178627864.970097,21606071819.23168,18875513831.545998
20362563281.320286,23286103288.03916,14973161152.112415,18104267571.830063,12145954207.319124,16502721288.220581,17193944484.953613,23485173956.189785,21009604797.34128,9455174008.308489,16097781274.32489,13027531329.303133,17392976173.827007,20212632319.476288,23221783505.200455,20711995098.77505,23764086487.667885,18803397460.382202,18024522546.868576,14216756165.12278,18869505299.175266,19481405927.96117,15178627864.970097,21606071819.23168,18875513831.545998
20362563281.320286,23286103288.03916,14973161152.112415,18104267571.830063,12145954207.319124,16502721288.220581,17193944484.953613,23485173956.189785,13540981544.416382,9455174008.308489,16097781274.32489,13027531329.303133,17392976173.827007,20212632319.476288,23221783505.200455,20711995098.77505,23764086487.667885,18803397460.382202,18024522546.868576,14216756165.12278,18869505299.175266,19481405927.96117,15178627864.970097,21606071819.23168,18875513831.545998
20362563281.320286,23286103288.03916,14973161152.112415,18104267571.830063,12145954207.319124,16502721288.220581,17193944484.953613,23485173956.189785,13540981544.416382,9455174008.308489,16097781274.32489,13027531329.303133,17392976173.827007,20212632319.476288,23221783505.200455,20711995098.77505,23764086487.667885,18803397460.382202,18024522546.868576,14216756165.12278,18869505299.175266,19481405927.96117,15178627864.970097,21606071819.23168,18875513831.545998
20362563281.320286,23286103288.03916,14973161152.112415,18104267571.830063,12145954207.319124,16502721288.220581,17193944484.953613,23485173956.189785,13540981544.416382,9455174008.308489,16097781274.32489,13027531329.303133,17392976173.827007,20212632319.476288,23221783505.200455,20711995098.77505,23764086487.667885,18803397460.382202,18024522546.868576,14216756165.12278,18869505299.175266,19481405927.96117,15178627864.970097,21606071819.23168,18875513831.545998
20362563281.320286,23286103288.03916,14973161152.112415,18104267571.830063,12145954207.319124,16502721288.220581,17193944484.953613,23485173956.189785,13540981544.416382,9455174008.308489,16097781274.32489,13027531329.303133,12237028009.371643,20212632319.476288,23221783505.200455,20711995098.77505,23764086487.667885,18803397460.382202,18024522546.868576,14216756165.12278,18869505299.175266,19481405927.96117,15178627864.970097,21606071819.23168,18875513831.545998
20362563281.320286,23286103288.03916,14973161152.112415,18104267571.830063,12145954207.319124,16502721288.220581,17193944484.953613,23485173956.189785,13540981544.416382,9455174008.308489,16097781274.32489,13027531329.303133,12237028009.371643,20212632319.476288,23221783505.200455,20711995098.77505,20794572035.595,18803397460.382202,18024522546.868576,14216756165.12278,18869505299.175266,19481405927.96117,15178627864.970097,21606071819.23168,18875513831.545998
20362563281.320286,23286103288.03916,14973161152.112415,18104267571.830063,12145954207.319124,16502721288.220581,17193944484.953613,23485173956.189785,13540981544.416382,9455174008.308489,16097781274.32489,13027531329.303133,12237028009.371643,20212632319.476288,23221783505.200455,20711995098.77505,20794572035.595,18803397460.382202,11299956089.25252,14216756165.12278,18869505299.175266,19481405927.96117,15178627864.970097,21606071819.23168,18875513831.545998
20362563281.320286,23286103288.03916,14973161152.112415,18104267571.830063,12145954207.319124,16502721288.220581,17193944484.953613,23485173956.189785,13540981544.416382,9455174008.308489,16097781274.32489,13027531329.303133,12237028009.371643,20212632319.476288,23221783505.200455,20711995098.77505,20794572035.595,18803397460.382202,11299956089.25252,14216756165.12278,18869505299.175266,19481405927.96117,15178627864.970097,21606071819.23168,18875513831.545998
20362563281.320286,23286103288.03916,14973161152.112415,18104267571.830063,12145954207.319124,16502721288.220581,17193944484.953613,23485173956.189785,13540981544.416382,9455174008.308489,16097781274.32489,13027531329.303133,12237028009.371643,20212632319.476288,23221783505.200455,20711995098.77505,20794572035.595,18803397460.382202,11299956089.25252,14216756165.12278,18869505299.175266,19481405927.96117,15178627864.970097,21606071819.23168,18875513831.545998
20362563281.320286,23286103288.03916,14973161152.112415,18104267571.830063,12145954207.319124,16502721288.220581,17193944484.953613,23485173956.189785,13540981544.416382,9455174008.308489,16097781274.32489,13027531329.303133,12237028009.371643,20212632319.476288,23221783505.200455,20711995098.77505,20794572035.595,18803397460.382202,11299956089.25252,14216756165.12278,18869505299.175266,19481405927.96117,15178627864.970097,21606071819.23168,18875513831.545998
20362563281.320286,23286103288.03916,14973161152.112415,18104267571.830063,12145954207.319124,16502721288.220581,17193944484.953613,23485173956.189785,13540981544.416382,9455174008.308489,16097781274.32489,13027531329.303133,12237028009.371643,20212632319.476288,23221783505.200455,20711995098.77505,20794572035.595,18803397460.382202,11299956089.25252,14216756165.12278,18869505299.175266,19481405927.96117,15178627864.970097,21606071819.23168,18875513831.545998
20362563281.320286,23286103288.03916,14973161152.112415,18104267571.830063,12145954207.319124,16502721288.220581,17193944484.953613,23485173956.189785,13540981544.416382,9455174008.308489,16097781274.32489,13027531329.303133,12237028009.371643,20212632319.476288,23221783505.200455,20711995098.77505,20794572035.595,18803397460.382202,11299956089.25252,14216756165.12278,18869505299.175266,19481405927.96117,15178627864.970097,21606071819.23168,18875513831.545998
20362563281.320286,23286103288.03916,14973161152.112415,18104267571.830063,12145954207.319124,16502721288.220581,17193944484.953613,23485173956.189785,13540981544.416382,9455174008.308489,16097781274.32489,13027531329.303133,12237028009.371643,20212632319.476288,23221783505.200455,20711995098.77505,20794572035.595,18803397460.382202,11299956089.25252,14216756165.12278,18869505299.175266,19481405927.96117,15178627864.970097,21606071819.23168,18875513831.545998
20362563281.320286,23286103288.03916,14973161152.112415,18104267571.830063,12145954207.319124,16502721288.220581,17193944484.953613,23485173956.189785,13540981544.416382,9455174008.308489,16097781274.32489,13027531329.303133,12237028009.371643,20212632319.476288,23221783505.200455,20711995098.77505,20794572035.595,18803397460.382202,11299956089.25252,14216756165.12278,18869505299.175266,19481405927.96117,15178627864.970097,21606071819.23168,18875513831.545998
