trial_1,trial_2,trial_3,trial_4,trial_5,trial_6,trial_7,trial_8,trial_9,trial_10,trial_11,trial_12,trial_13,trial_14,trial_15,trial_16,trial_17,trial_18,trial_19,trial_20,trial_21,trial_22,trial_23,trial_24,trial_25
403060.7149758073,449035.4137993169,367260.74142288486,452261.0713716962,431750.1385367165,446201.50638901204,438501.93734482233,382810.3180278279,416413.37149638357,429247.1487555444,432473.78263933084,353943.6836721963,366882.69366136054,361228.01889597037,434300.2673994826,406091.82776768686,399001.3152884982,394768.22880983556,370815.2511152843,397359.5768096622,353738.6956679061,381428.0714396248,412105.69703583117,453215.4587998325,442512.42800805945
370233.59807197977,372797.75276287453,327128.0148372761,376123.23166100006,346927.7662936818,378640.6019383098,333054.2086190718,343662.81913658796,396184.08686229674,376610.5934033511,391015.71432380367,353943.6836721963,366882.69366136054,358482.47183568904,332503.941381191,371568.4949228915,396002.9495311018,365842.5819104512,353013.75335468043,304346.7083002148,343955.8448674157,380014.0220469044,361264.2199851171,371364.88883294165,386821.3289251294
337772.22936836595,337663.9661697979,311445.86566904833,355687.77181973174,342303.25427947164,326156.98656078184,333054.2086190718,343662.81913658796,304538.9628766022,317381.3584302274,334716.3974305315,344466.09968207235,290809.5732692184,311900.14819397987,295782.1932048487,344118.09232907393,322922.6766135612,296974.6797658206,293483.98531181476,304346.7083002148,312489.2678035179,343656.1619773143,340928.5969901953,298945.89061018464,329890.6159640162
320420.7553135141,298946.75656916347,306450.24609891913,307292.8131163879,311700.84993692214,289637.26188473887,307486.93615385244,340237.3748735915,304538.9628766022,307398.68192428985,328757.3702949596,312670.00250163104,290809.5732692184,287015.07119357324,273977.3193748653,316280.78811994684,322922.6766135612,296974.6797658206,293483.98531181476,297696.5797259325,312489.2678035179,312703.5491658627,312316.2821060498,298945.89061018464,250489.90955443543
299744.3908771329,298946.75656916347,286297.54072856845,290102.27715302387,261160.2127938052,289637.26188473887,255494.3635568404,319014.24642791145,288714.01912086684,293054.58514938556,273062.0988716329,285179.28227818967,285378.55811882723,287015.07119357324,259872.2660068544,281956.2221388116,284060.28964952985,296974.6797658206,249096.4666389831,297696.5797259325,276183.64528724254,265385.06648710504,293328.36784392287,288909.39875219885,250489.90955443543
282712.93802716536,252407.09397474508,273523.4396234756,250396.46308848684,261160.2127938052,277169.24135071464,237298.90489696327,289665.3789560152,258918.59411984193,275809.9236306914,250902.0141207721,283640.0782795044,272510.09907600906,287015.07119357324,232974.01783726894,263865.64332391357,284060.28964952985,258465.78070681775,241353.27781417716,295647.2079419594,275665.37631379435,250882.57895151313,272896.54637465597,276290.57952485495,250489.90955443543
265367.76090554503,252407.09397474508,228427.87096974812,245069.40718062536,195033.3199001953,264756.68279423856,230057.92969980327,259077.66117438982,201248.60732964973,272193.5460412905,231076.8136241035,264942.0816239153,254951.89462550785,266397.6134652934,219261.6459949219,243732.29061726516,247312.344335966,227405.92064668454,233127.82203739163,265790.3340521709,233791.36993612789,250882.57895151313,226154.54572823207,256499.46117570624,250489.90955443543
258541.18930076502,228903.67111105498,228427.87096974812,245069.40718062536,184468.2204248436,240005.12128858344,204015.40060582184,257042.11439591038,201248.60732964973,257147.03411160898,204188.86486332418,259321.64858840837,246528.2956941134,246660.69999498804,203611.41132514807,229613.29231810835,221830.68195589993,227405.92064668454,219627.77483604255,239094.39560156787,213367.11112963854,241513.58826525699,226154.54572823207,242262.55307427517,228149.30243559834
228082.28123002162,228903.67111105498,215203.49993546974,245069.40718062536,184468.2204248436,212850.18947760403,157554.86667517136,211837.98409136073,201248.60732964973,220283.18784427925,194902.51456136914,239587.8835264759,217134.37876184258,225624.43861491038,203611.41132514807,206601.0589414737,221830.68195589993,217269.59905087357,197243.51649415775,215785.15085937738,213367.11112963854,241513.58826525699,208334.8352125158,241050.00889006784,210484.42610579706
228082.28123002162,215772.26911911607,179168.78024773733,207151.67031192186,180047.9555987416,212560.41461901867,143586.44295629117,184879.08865105023,201248.60732964973,220283.18784427925,194902.51456136914,221279.15241647733,217134.37876184258,214641.17903358227,183901.56344140627,189276.98426897018,221830.68195589993,177988.26983731976,185683.3081784788,215785.15085937738,184765.5153606666,241513.58826525699,191837.22821325262,216662.21616336034,208809.34588582485
206830.0988763058,205966.39782996444,179168.78024773733,197014.22262505678,157154.53207554657,193086.53898730586,143586.44295629117,181479.73305487083,189007.0611723134,220283.18784427925,163328.05724981485,195795.2248584011,189798.0796194052,213699.15385291682,183901.56344140627,186232.46663542863,212523.82451420996,177988.26983731976,180923.95530384843,205063.8070317375,184765.5153606666,224666.54850871043,191837.22821325262,202598.08164710563,200125.90356434547
199325.9169620361,190225.76374316588,161563.1201940252,184666.50901769556,157154.53207554657,179579.63621277825,143586.44295629117,181479.73305487083,182423.0977954114,206174.2280770036,163328.05724981485,195795.2248584011,189798.0796194052,213699.15385291682,171713.6822672013,166355.25998196646,195471.6336921292,174627.72231682367,169334.38886021616,186141.3960911466,171404.90092296194,224666.54850871043,185832.75935592537,187231.39308043168,186219.78766414215
199325.9169620361,190225.76374316588,161563.1201940252,154545.99850256697,117349.04553776987,153211.43600291072,123454.26967751747,171360.37847219533,161318.82858561302,191147.1436620634,163328.05724981485,186310.95469670522,189798.0796194052,194077.98728607336,159270.25083716802,159312.75995294208,185858.4083811237,151780.8971720528,157712.4083849651,175131.19654059835,168119.65152514598,195381.0112828693,168099.32542628882,178742.51153829813,174739.5202930821
192109.72395068742,185328.74941545853,134106.8533861395,145244.5393705556,117349.04553776987,153211.43600291072,117217.05172876395,156738.2768323172,159113.6128847386,168852.89078104342,139321.36643089887,152384.49684348152,189798.0796194052,194077.98728607336,154449.63357344997,149667.67916122015,171496.22622573643,149058.73001305014,143346.97219784858,155970.3111812197,159507.3595989435,195381.0112828693,158298.1357504729,178012.02054034168,168517.2138324346
177599.19289021764,181253.82098115238,134106.8533861395,135198.00163861184,117349.04553776987,142010.81822399105,117217.05172876395,155493.3105152715,148650.47738273782,168852.89078104342,131025.4704871829,152384.49684348152,187392.55138023006,194077.98728607336,139610.74884674454,138013.70575582422,171496.22622573643,139233.27398295596,134656.42733074047,155970.3111812197,139468.53707183886,176003.6242619363,143261.73918064774,162401.8345456377,152776.91374566464
175033.22197961796,181253.82098115238,124707.41744077651,135198.00163861184,117349.04553776987,127275.3715130741,117217.05172876395,149833.11761712193,141375.8289374382,166696.36252703544,127864.3920607646,150180.14793852405,164489.36081577782,179160.84195078656,117748.17897915839,123836.35553762212,170153.49313099968,131435.88110236757,127675.15733725172,155970.3111812197,124136.36984726517,176003.6242619363,131613.25442610908,130934.5833204703,136021.13845737316
162579.0739350791,166976.6873131059,114683.45735493545,120692.56464915747,104704.11681556955,127275.3715130741,110236.78551762048,136198.4119479988,138836.52094880067,151572.39802172172,118052.98149781518,134068.99909680636,164489.36081577782,168954.40871676753,106072.09601874166,123733.52541398388,163358.52059715815,131347.75391192146,127675.15733725172,144852.65971620908,124136.36984726517,171909.15193158938,129002.75340561083,130710.39712860627,134471.043888101
162579.0739350791,159400.95722665082,113748.61707233438,120324.56736052119,103123.73239755697,121570.43875965176,107706.0676342682,129950.58639383533,134589.30598461264,147616.86967475727,103580.57703435957,123509.08761351771,158781.35850599877,162952.97977352978,101720.79135963804,118708.79987240898,154450.1520359668,121391.6284948249,103504.4490537239,144852.65971620908,124136.36984726517,157340.90749922884,106091.26147917865,119317.1481057169,119560.1755023042
157784.59829704437,151642.96042191953,107017.42917069244,120116.35621307268,103123.73239755697,116944.65393564434,97282.73614140929,129950.58639383533,117865.16143127638,140452.79027807905,97028.88600664024,120944.00415153203,149055.95068603547,145888.8404650023,97926.03420086134,110992.79403354622,154450.1520359668,103218.83822222993,81294.12948528382,134686.5390057624,116025.83190177864,156193.7500804887,100272.48103357124,110447.42993603714,117610.44867508847
145374.2720873246,150405.3367842084,94321.81914354324,114456.32043661394,96733.6468358447,110165.26598201778,91941.50633119412,119865.93704746797,112424.79121760525,128737.00253601241,87146.0408096317,118054.77025039379,149055.95068603547,141315.51155966235,92424.97675101784,108222.65889256023,127270.88697987652,103218.83822222993,81294.12948528382,129789.066990919,116025.83190177864,140394.9832123166,100272.48103357124,104883.59464720525,109835.88078796676
144130.72080506204,148577.94433577394,94321.81914354324,109727.17444266366,93609.94342982593,100487.25666324348,91941.50633119412,112264.27268058452,110618.44462699765,116718.44608538641,87146.0408096317,96090.75017070449,137910.20580148784,127022.36686629162,92424.97675101784,93133.23205838267,109206.88344579548,98771.13019907333,81294.12948528382,125254.89936937185,114022.23623356427,126507.7932436905,100272.48103357124,104637.36047389213,102138.66098709339
144130.72080506204,136497.20851692543,80747.82434064729,101461.4492699434,93609.94342982593,98424.6696797927,87250.42803257737,105038.60395260432,97847.70237807682,114249.05164384948,84469.39440633282,96090.75017070449,132477.93004651548,124404.0120670021,83883.50875086419,91230.87885010341,104452.40877742112,93214.08163650264,81294.12948528382,116392.7778842356,103956.52813222798,126507.7932436905,94677.70910357121,94350.18985455662,95510.77199432591
144130.72080506204,136497.20851692543,80747.82434064729,100492.9522031715,82268.47205267948,94429.25513052769,82825.47242292113,90193.21574124413,84345.8442332376,110034.11554507482,72681.04420430238,94197.20481791753,121525.04276566535,116861.64266287496,83883.50875086419,81254.04550845615,92149.64201853173,81724.9762475053,81294.12948528382,114310.41754433866,91444.89513002115,120611.27319914856,93022.34955161941,94350.18985455662,95510.77199432591
144130.72080506204,136214.24343291423,79856.10872640726,95200.44748952586,82268.47205267948,91415.22269116816,73767.57297833946,90188.48201809166,84345.8442332376,98355.41218021142,72681.04420430238,87820.75302456104,112621.12063523907,114117.7559235884,77047.78858648794,71657.6003214013,91856.47072583245,73706.50190200697,81294.12948528382,110009.47734455728,91444.89513002115,112088.43594685597,92009.07803098123,86046.94275809839,95326.88267118222
144130.72080506204,131805.58688050922,71866.62546442011,94818.34377510467,80298.32026671729,89288.23304523434,73767.57297833946,80279.09019663374,84345.8442332376,98355.41218021142,72681.04420430238,81791.00264922873,107488.67012796989,107176.5807144847,68791.05747494787,71657.6003214013,89109.32530171397,66352.19129587064,81185.68689385352,105026.66664328982,87110.58169704562,99859.21723977872,84881.42239836378,86046.94275809839,84715.47997845813
142434.857413572,128758.23649478263,71866.62546442011,86043.27660580697,80298.32026671729,84039.3369943222,73767.57297833946,80279.09019663374,84303.31297174333,95022.51437510051,68127.61458860642,80652.82380580151,107488.67012796989,99978.31538367564,68791.05747494787,71657.6003214013,85555.50038274113,63994.67414677724,73758.11007079422,99977.81113763186,85402.34376219865,95085.81484152212,83228.22228677208,81820.33314069232,76003.73788120999
139819.25612750617,128758.23649478263,67778.75132718321,84022.64761637495,77033.02691910067,74705.34806107398,68756.40627167173,77824.35364855452,77576.98576336761,93342.76532106062,64529.088633635794,78688.47990193273,91741.68316755145,93784.75753989456,68776.07403329981,71017.82835736942,81607.64791924082,63994.67414677724,73391.48424799614,89406.07109880414,77807.39427479632,91346.60223700872,76276.71396486319,77673.4986938525,76003.73788120999
139515.67795782766,124339.43118451162,67189.51059495113,84022.64761637495,65166.44335066426,74705.34806107398,68574.44504323132,72351.75246439518,71311.8783460306,85576.04287291659,64529.088633635794,65291.27513360041,88157.87168233056,82182.90814852862,62935.55938793239,67481.0605514992,77169.37677247432,61337.7601881458,67962.39709338221,89406.07109880414,77807.39427479632,86993.87004950026,76276.71396486319,77515.80274672754,70122.74535696159
132913.39684509387,120173.01500980149,59783.382529228045,76670.83250462465,65166.44335066426,67346.35292220447,67050.11154617919,72351.75246439518,71139.70706533709,77280.34496741646,64064.04897228001,65291.27513360041,85463.17761134385,78248.41983979108,62935.55938793239,65967.60998993614,75318.23497115143,61337.7601881458,66347.69614663029,85870.89415976172,75502.95064877559,82439.5177786044,64420.68497590723,71022.76114771725,69163.27650942851
132913.39684509387,120173.01500980149,59783.382529228045,76670.83250462465,65166.44335066426,67346.35292220447,65827.02287276517,63949.90932052126,69920.78445543462,74760.03887187895,57914.25791403829,65291.27513360041,77333.75170055668,71748.50429966858,62525.62728144542,63298.217679004854,74333.70588679488,58765.262852332235,61959.81147006856,84800.03743772884,72007.77303978075,78653.11116479106,64420.68497590723,66965.18470168873,62496.45840454243
125588.99252337754,113854.52805168825,54101.34005856651,71150.87415142174,64142.56109755148,63194.44053115329,62284.708316144905,63949.90932052126,65410.09239787478,73166.09272385374,57914.25791403829,65291.27513360041,77333.75170055668,71698.17888129911,61309.009438346766,58307.80663595671,68746.18063003881,58765.262852332235,61959.81147006856,75504.2826097432,69415.94314600852,75103.77646395976,64420.68497590723,66965.18470168873,62496.45840454243
125588.99252337754,113854.52805168825,48174.38782811174,69441.78990100954,59975.7286293776,63194.44053115329,59449.06336180754,63949.90932052126,61558.596262652405,71994.51997081209,51035.51160650357,65049.58735828183,72253.6333876067,71698.17888129911,61015.35337733634,58307.80663595671,63963.61985734156,53597.37572896117,61959.81147006856,73503.43451025743,65220.36105503753,75103.77646395976,60440.47983002549,63429.86230819954,62496.45840454243
122578.45471654857,112280.4892364287,48174.38782811174,64581.477370610985,58896.185924947524,63194.44053115329,59449.06336180754,61441.744711344225,61558.596262652405,63689.373132958615,51035.51160650357,62993.67223607696,72253.6333876067,69908.1018848906,61015.35337733634,54153.90389162383,63963.61985734156,53597.37572896117,59108.73368005328,73503.43451025743,64324.812544595006,70307.99834763362,60085.12601859627,63429.86230819954,61330.72001905107
121885.18508403248,106528.04988407444,46106.23355984946,58483.94191575321,58159.99878220629,63194.44053115329,56669.97793950124,60589.677741949905,58096.184657780934,63689.373132958615,51035.51160650357,62993.67223607696,66139.97114915858,66497.66688349348,55979.873369852554,53939.31956629023,61557.28299505597,53597.37572896117,57418.9926039745,69733.12119650771,61972.08953889138,70307.99834763362,60085.12601859627,61157.747548653984,59733.967288589534
121658.55907237409,105108.43594439211,46106.23355984946,58483.94191575321,53805.897651350904,55927.51917907723,53432.84059280323,58762.57042362328,57083.29456115319,63689.373132958615,51035.51160650357,56824.293011715155,65592.1744150141,63276.115586952845,55979.873369852554,53939.31956629023,61165.57934566859,52880.228275801164,54272.07826355731,69485.17458287785,59190.079842518695,63576.89543288057,60085.12601859627,59478.83644554343,56418.20340460967
113773.1591303396,97548.71471982259,46106.23355984946,58483.94191575321,49384.454222580585,55927.51917907723,50567.561239360664,57224.01272992376,57083.29456115319,61426.02794783787,51035.51160650357,56824.293011715155,65592.1744150141,60952.46536015736,53297.31536532303,50619.32162646138,61165.57934566859,49804.07669044758,50976.81780451442,65605.05988040575,56824.42806101919,62885.80928513529,58135.86666737406,59478.83644554343,53072.60894469066
113773.1591303396,95743.4426679278,46106.23355984946,54006.97869013956,49335.09288776982,55927.51917907723,50567.561239360664,55290.70046639055,54577.413597386156,59245.620780383644,47455.56121656608,54283.2942301507,61110.35642364754,57075.243036692686,51404.57024825545,47453.60316975211,57154.49129396184,49804.07669044758,50976.81780451442,64540.114511427964,54069.05305241914,62885.80928513529,57726.971635201306,56313.94975515269,53072.60894469066
109451.61740601202,92045.99217337533,44549.77944901255,54006.97869013956,49335.09288776982,55927.51917907723,49320.16897566304,53556.00084407985,52466.82075973219,59245.620780383644,47455.56121656608,52713.9440700379,61110.35642364754,57075.243036692686,48464.4546702879,47453.60316975211,57154.49129396184,49055.59244847969,49411.0318032591,64540.114511427964,54069.05305241914,60737.3428518225,52746.83042723361,54342.351621329406,53072.60894469066
106457.00075853383,85564.71699198657,44549.77944901255,54006.97869013956,49198.14491999578,55518.85905546296,42962.952307598214,53556.00084407985,52466.82075973219,57777.43548884181,47090.236337332855,52713.9440700379,58386.83852533252,55685.25380582886,48464.4546702879,46231.84060327638,55245.057315623446,48827.674827876275,49411.0318032591,64540.114511427964,54069.05305241914,57793.98360284146,52746.83042723361,54342.351621329406,52130.376799138205
106300.37668356208,79459.6263934215,44549.77944901255,52615.9211937944,47533.58941643492,55078.845790180785,42962.952307598214,53556.00084407985,52466.82075973219,55532.94358907464,47090.236337332855,52713.9440700379,56747.09022131382,54758.142585425594,48464.4546702879,46231.84060327638,55245.057315623446,48257.20802930399,49411.0318032591,59569.41253034295,50460.120018880225,57793.98360284146,52746.83042723361,51279.065837498805,52130.376799138205
97546.11057507234,79459.6263934215,44549.77944901255,52615.9211937944,47247.92382516095,54314.53064165382,42962.952307598214,53286.931278055636,49294.75887472501,55532.94358907464,45776.288393310286,50000.1135277739,56747.09022131382,53161.62505159322,48464.4546702879,46231.84060327638,48527.42291057096,48257.20802930399,47402.98141918228,59569.41253034295,50460.120018880225,57793.98360284146,52746.83042723361,51279.065837498805,51104.11908846625
92503.21323609298,77063.1846080644,44549.77944901255,52615.9211937944,47247.92382516095,52935.48685662792,42962.952307598214,52017.27543409471,49294.75887472501,55532.94358907464,44177.65622976265,48550.503707562,56747.09022131382,50281.61334614628,48464.4546702879,46231.84060327638,48527.42291057096,48257.20802930399,47402.98141918228,57679.7220953997,50460.120018880225,54825.46210499534,52746.83042723361,50656.46851361618,49998.2411018224
89630.06539466414,73456.42720614314,43160.27547715408,51421.640263396934,43735.51722939085,52528.73075172456,42504.84724508629,46767.33070049018,49294.75887472501,54148.82204390878,44177.65622976265,48550.503707562,56747.09022131382,50042.59076731776,46799.354174915214,46231.84060327638,48527.42291057096,48257.20802930399,46449.79879526445,56832.49939776221,48760.18483025092,54825.46210499534,50114.74389814598,49268.152307134405,49998.2411018224
88487.41772214421,73456.42720614314,43160.27547715408,51421.640263396934,43735.51722939085,50645.45513154583,42504.84724508629,46767.33070049018,49294.75887472501,49748.885104905574,44177.65622976265,47227.738348499945,53460.67430163907,45982.4781448958,46799.354174915214,44701.10186779519,48527.42291057096,43929.02839671419,46449.79879526445,56832.49939776221,48760.18483025092,51897.64029693837,48180.46896711516,49268.152307134405,48840.62703975215
83333.2677241174,72445.80044662481,40421.27238598543,51421.640263396934,43735.51722939085,50645.45513154583,41726.35199189771,46307.19311932386,49294.75887472501,49588.608239936184,42231.02387030371,47227.738348499945,53460.67430163907,45982.4781448958,44746.98678509909,44488.81101711659,48527.42291057096,43929.02839671419,46107.99348792733,55211.31698947212,47040.103700732776,51897.64029693837,48180.46896711516,49268.152307134405,47121.6880919586
81060.87333382161,70865.11838263152,40421.27238598543,49486.1084695762,43735.51722939085,50645.45513154583,41726.35199189771,46291.24027156165,49098.597069512645,49588.608239936184,42231.02387030371,47227.738348499945,53379.36259517539,45012.6078805428,44746.98678509909,43463.13976258419,48527.42291057096,43929.02839671419,43977.53590791012,52753.94019861851,47040.103700732776,48140.595962707695,48180.46896711516,49268.152307134405,47121.6880919586
77687.21661575325,68204.02670367312,40421.27238598543,49454.11312692837,43735.51722939085,49905.37111579906,41726.35199189771,46104.9661910263,45207.97169228371,49588.608239936184,42231.02387030371,45388.89509353182,53104.52275234056,44023.319505567364,44746.98678509909,43463.13976258419,48259.03349419464,43929.02839671419,43578.911169551684,52753.94019861851,45023.16943249616,48135.98854396656,48148.0387634638,45190.690245087906,47121.6880919586
74760.98761295096,68204.02670367312,39043.38917323534,49454.11312692837,43735.51722939085,49905.37111579906,41462.25171169885,43815.87858118718,43596.22473185455,48251.29133919831,41376.127684441526,41695.12458560919,48986.54987659995,41292.386307970344,44376.72755851925,43463.13976258419,47272.66186958332,43571.03651791694,41684.11354750762,52613.9543798888,42470.460243376045,48135.98854396656,47848.20433397382,45190.690245087906,46060.909902001906
73262.18132272954,67858.11747807576,39043.38917323534,49454.11312692837,42664.59166837852,48336.980739617116,40317.458367835156,43815.87858118718,43596.22473185455,48229.95169269316,41376.127684441526,41695.12458560919,48851.5880413961,41292.386307970344,41807.24597790927,41716.86247047259,47272.66186958332,41929.90027943804,41220.38338668472,50922.05198356669,42470.460243376045,47894.303536104526,47255.81332460126,45190.690245087906,46005.65652931878
68143.9864814466,63254.827905651386,39043.38917323534,47861.7098979716,42664.59166837852,46930.32835674999,40317.458367835156,43086.86345378715,43596.22473185455,47616.759955681686,39368.80878246787,41695.12458560919,48851.5880413961,41292.386307970344,41164.10556115132,41716.86247047259,47272.66186958332,41440.382022784266,41220.38338668472,50840.47782331203,41576.848290150876,47894.303536104526,46431.38358303029,45190.690245087906,44558.88738186881
68143.9864814466,63254.827905651386,39043.38917323534,47861.7098979716,41009.32204286519,45173.03430242973,38578.7056170018,42723.24767762339,43596.22473185455,44919.30306522519,39368.80878246787,41695.12458560919,46492.88334294161,40426.09629891676,41019.19741438292,40901.539392697436,47021.77443190322,41440.382022784266,41220.38338668472,48278.922760714784,40212.41889930497,43914.78901780979,41121.94866277738,45190.690245087906,43494.85252577356
68143.9864814466,63254.827905651386,36016.35671409797,47314.89290903296,41009.32204286519,45173.03430242973,38578.7056170018,39845.74903171314,41171.11229941332,44919.30306522519,38954.95019006644,41695.12458560919,46492.88334294161,39172.13282778557,41019.19741438292,40901.539392697436,46500.74322232318,41440.382022784266,41220.38338668472,48278.922760714784,39426.525731386544,43914.78901780979,41121.94866277738,45190.690245087906,41769.673846351834
68143.9864814466,63254.827905651386,36016.35671409797,47314.89290903296,41009.32204286519,45173.03430242973,38578.7056170018,39845.74903171314,41171.11229941332,44201.84168502269,38954.95019006644,41695.12458560919,45548.19886463517,39172.13282778557,41019.19741438292,40901.539392697436,44814.51936082888,41440.382022784266,40311.668198603984,47143.69749239237,39426.525731386544,43914.78901780979,40185.53266639444,45190.690245087906,40951.5560159251
67576.08917449787,63254.827905651386,36016.35671409797,44448.00294126778,40029.27073358765,42586.1088776828,38578.7056170018,39287.94996953309,41171.11229941332,41923.29107426337,38954.95019006644,41695.12458560919,45548.19886463517,36064.48346266801,40529.60043288565,40901.539392697436,44814.51936082888,40663.85232004823,39707.55913340791,46536.38040637953,39426.525731386544,43914.78901780979,40185.53266639444,44852.03029806044,40951.5560159251
64805.58989492615,59475.01634686149,36016.35671409797,44259.705909620956,39836.99837902282,42586.1088776828,38112.27584607163,38933.94233041266,41171.11229941332,41923.29107426337,38846.44843727203,40531.349379008745,45548.19886463517,36064.48346266801,39341.668744834664,38852.30231156753,44814.51936082888,40050.320542776666,39707.55913340791,46536.38040637953,39426.525731386544,42663.435098355825,40185.53266639444,44227.48080622416,40951.5560159251
60486.353222367834,59475.01634686149,36016.35671409797,44259.705909620956,39836.99837902282,42586.1088776828,38112.27584607163,38933.94233041266,41171.11229941332,41923.29107426337,38846.44843727203,40531.349379008745,44900.32440439078,36064.48346266801,38344.08590375337,38852.30231156753,43038.3599920852,38787.50910491155,39707.55913340791,45573.44401260933,39426.525731386544,41228.52944175513,39425.64779236818,43282.069917012566,39601.5354917539
60486.353222367834,59475.01634686149,36005.1370878128,43493.045509734715,39836.99837902282,42523.14879495634,36526.434979058096,38933.94233041266,38814.095584273615,40823.89037053961,37867.46983460793,38932.25346821479,44174.82752924328,36064.48346266801,38344.08590375337,38852.30231156753,43038.3599920852,38787.50910491155,39397.83030460436,44531.56103200946,36629.63040037712,39740.09123449488,39425.64779236818,43282.069917012566,39601.5354917539
60486.353222367834,57647.8193484674,33814.175035427885,41965.45303215601,39836.99837902282,41938.30125624065,36526.434979058096,35820.98721857212,38814.095584273615,39673.719168954325,37867.46983460793,38932.25346821479,42823.09873641375,36064.48346266801,38344.08590375337,38852.30231156753,43038.3599920852,38523.15870949685,38577.04133997565,44245.256675578916,36629.63040037712,35690.87220379151,39425.64779236818,43020.51922150078,39601.5354917539
59904.02467031437,53916.06973575623,33765.462628453344,41903.184454675415,39721.31064817808,41938.30125624065,36526.434979058096,35820.98721857212,36113.51143366695,39673.719168954325,37269.766824384744,38932.25346821479,42823.09873641375,36064.48346266801,38344.08590375337,38852.30231156753,43038.3599920852,38523.15870949685,37454.08928269656,44245.256675578916,35469.68537648289,35690.87220379151,39425.64779236818,43020.51922150078,39601.5354917539
57288.111884263504,50776.38575529934,33765.462628453344,40469.01448427094,36579.1161232677,41938.30125624065,36526.434979058096,35735.50023968019,36113.51143366695,39181.5020273564,36916.99316781701,38932.25346821479,42084.170921325865,34919.71771803516,37819.410510213376,38852.30231156753,43009.00464628381,38523.15870949685,36174.26756747472,43888.486598904106,35469.68537648289,35690.87220379151,38943.88705090707,43020.51922150078,39601.5354917539
56631.98455687538,49551.81648225777,33765.462628453344,40469.01448427094,36579.1161232677,41938.30125624065,36526.434979058096,35735.50023968019,36113.51143366695,38581.25376713398,35085.33583182635,37096.037018314855,42084.170921325865,34919.71771803516,37819.410510213376,37124.45995531243,42583.65685362498,37524.650027745774,35950.2613876469,43888.486598904106,35469.68537648289,35690.87220379151,38546.29742134243,42958.248498276196,39601.5354917539
53483.41700935113,49551.81648225777,33765.462628453344,40469.01448427094,36579.1161232677,41938.30125624065,36151.74654445317,35735.50023968019,36113.51143366695,37209.35756542056,35085.33583182635,37096.037018314855,41154.87450225101,34282.08379431821,36663.97366131601,34430.55101441668,42583.65685362498,37524.650027745774,35950.2613876469,43051.50637172035,33617.91785600029,35690.87220379151,38546.29742134243,41160.527870001344,39601.5354917539
51869.818959613345,49551.81648225777,33765.462628453344,40469.01448427094,36579.1161232677,41740.28119619175,34426.26309136819,35202.10905329844,36022.189894872245,37209.35756542056,35067.59006068008,36987.86160506456,41154.87450225101,34282.08379431821,36663.97366131601,34430.55101441668,42469.281597073634,37524.650027745774,35950.2613876469,41735.85391237267,33617.91785600029,35690.87220379151,37013.71734150756,41160.527870001344,38121.611464673035
51869.818959613345,49551.81648225777,33765.462628453344,40469.01448427094,36370.42772048943,39745.16369552361,34310.509352751906,35202.10905329844,36022.189894872245,37209.35756542056,35067.59006068008,36987.86160506456,40582.583968064435,34282.08379431821,36663.97366131601,34430.55101441668,41383.89429099743,37267.06431999182,33175.38886134338,40942.34511049897,33617.91785600029,35690.87220379151,37013.71734150756,41095.98867803867,38121.611464673035
51869.818959613345,49551.81648225777,33765.462628453344,40469.01448427094,35287.05138568919,39519.41492603506,34310.509352751906,35202.10905329844,36022.189894872245,35950.62767817382,34549.47279632058,36987.86160506456,40017.424995204856,34282.08379431821,36663.97366131601,34430.55101441668,41383.89429099743,36247.18619443426,33175.38886134338,40367.235506047466,33617.91785600029,35690.87220379151,34753.672081934725,40954.901078671166,38002.88901015837
51869.818959613345,49551.81648225777,32887.83401671197,39648.38490563645,35287.05138568919,39519.41492603506,33811.67641558705,33675.091983685415,36022.189894872245,35950.62767817382,34415.36018556195,36987.86160506456,38884.75486190465,33508.88296552091,36663.97366131601,34430.55101441668,39874.39322070051,35695.16410747688,33175.38886134338,39678.00230232699,33617.91785600029,35690.87220379151,34753.672081934725,38519.64313864971,36781.430021569206
50873.07616490533,47953.0138784768,32887.83401671197,36955.391756934034,34390.09128402198,39519.41492603506,33022.920797599334,33675.091983685415,35988.33948272821,35950.62767817382,34415.36018556195,35275.0450960306,38884.75486190465,33508.88296552091,36215.68329189605,34430.55101441668,39874.39322070051,35695.16410747688,33175.38886134338,39678.00230232699,33617.91785600029,35690.87220379151,34753.672081934725,38519.64313864971,36781.430021569206
50873.07616490533,46223.52479520102,32887.83401671197,36955.391756934034,34390.09128402198,39519.41492603506,33022.920797599334,33675.091983685415,35988.33948272821,35950.62767817382,34415.36018556195,34721.53472873194,38884.75486190465,33508.88296552091,35678.89896519756,34430.55101441668,39874.39322070051,35347.733570951306,33175.38886134338,39678.00230232699,33617.91785600029,35690.87220379151,34753.672081934725,37913.01996085202,36781.430021569206
50873.07616490533,46223.52479520102,32887.83401671197,36955.391756934034,33865.80040468367,37565.86647872865,33022.920797599334,32469.759416132227,34689.768160135485,35950.62767817382,34415.36018556195,34721.53472873194,38064.73939297193,33508.88296552091,35678.89896519756,34430.55101441668,39874.39322070051,35347.733570951306,33175.38886134338,39678.00230232699,33617.91785600029,35690.87220379151,34491.376755617,37913.01996085202,36628.16770242462
49058.84764711153,46223.52479520102,32887.83401671197,36955.391756934034,32854.0952801548,37565.86647872865,33022.920797599334,32469.759416132227,34689.768160135485,35521.608825642106,33900.56669182502,34721.53472873194,37573.92981832169,33508.88296552091,35678.89896519756,34430.55101441668,39874.39322070051,35016.32072086823,33175.38886134338,39297.80981300121,33617.91785600029,35615.80729181304,34365.758225296246,37913.01996085202,36628.16770242462
48128.958779942535,45757.488642233264,32503.334409685773,36955.391756934034,32091.504501333016,37565.86647872865,32087.450771853622,32469.759416132227,34689.768160135485,35521.608825642106,33900.56669182502,34721.53472873194,37573.92981832169,32071.42154610462,35678.89896519756,33804.56728537791,38196.8570355641,35016.32072086823,33175.38886134338,39297.80981300121,33617.91785600029,35615.80729181304,34365.758225296246,37913.01996085202,36628.16770242462
48128.958779942535,45366.75273044008,32483.346607972664,36813.76281843891,32091.504501333016,37565.86647872865,32087.450771853622,32469.759416132227,34648.150236431415,35452.86192710353,33660.16345934947,34165.41352598797,37573.92981832169,31803.51816197992,34486.113890222136,32366.715942009443,38196.8570355641,35016.32072086823,33175.38886134338,39297.80981300121,33617.91785600029,35615.80729181304,34365.758225296246,37913.01996085202,36628.16770242462
46951.31029714236,45366.75273044008,31138.994566896083,36813.76281843891,32091.504501333016,37565.86647872865,32087.450771853622,32469.759416132227,34648.150236431415,35452.86192710353,33660.16345934947,34165.41352598797,37573.92981832169,31803.51816197992,33625.789713963415,32366.715942009443,38196.8570355641,35016.32072086823,33175.38886134338,39217.53810092429,32268.978662714362,33511.65516485491,34365.758225296246,37913.01996085202,35509.16095516947
46078.534080659345,43166.43143729835,31138.994566896083,35545.90685654864,32091.504501333016,37415.06152315844,32087.450771853622,32469.759416132227,34074.964220218484,33700.00518216622,33660.16345934947,34165.41352598797,36522.22479389601,31136.169432236406,33625.789713963415,32366.715942009443,38196.8570355641,35016.32072086823,33175.38886134338,39217.53810092429,32268.978662714362,33511.65516485491,34365.758225296246,37701.21045333474,35509.16095516947
46078.534080659345,43166.43143729835,31138.994566896083,35545.90685654864,32091.504501333016,37415.06152315844,32087.450771853622,32469.759416132227,34074.964220218484,33700.00518216622,33660.16345934947,33715.580637439256,35189.94714248241,31136.169432236406,33625.789713963415,32366.715942009443,38196.8570355641,34597.432124082676,33175.38886134338,36888.843596615785,32268.978662714362,33511.65516485491,34365.758225296246,37701.21045333474,35509.16095516947
45257.84422432691,43166.43143729835,30695.08210373993,35545.90685654864,32091.504501333016,37250.974728727764,31670.15644183299,31368.04985281528,33421.91300589891,33700.00518216622,33193.023095353456,33715.580637439256,35189.94714248241,30352.00522477776,33625.789713963415,32366.715942009443,38196.8570355641,34597.432124082676,32916.118477340926,36888.843596615785,32268.978662714362,33511.65516485491,34365.758225296246,37701.21045333474,35509.16095516947
45257.84422432691,43166.43143729835,30465.35726632953,34095.30980032621,30654.731397103318,35141.0957056639,31670.15644183299,31217.829630823533,31673.330857242003,33700.00518216622,32635.544924171063,33715.580637439256,35189.94714248241,30352.00522477776,32997.25658511527,32366.715942009443,38196.8570355641,34597.432124082676,31834.16840808288,36888.843596615785,32268.978662714362,32476.51679138979,32760.28407083681,33975.94066671679,34509.23885980073
45257.84422432691,41222.1578594305,30354.609708519587,34095.30980032621,30654.731397103318,35141.0957056639,31670.15644183299,31217.829630823533,30690.240474497274,33700.00518216622,32635.544924171063,33715.580637439256,35189.94714248241,30352.00522477776,32997.25658511527,32366.715942009443,38196.8570355641,34199.12557787884,31834.16840808288,36888.843596615785,32268.978662714362,32476.51679138979,32760.28407083681,33975.94066671679,34509.23885980073
42347.27548254215,41222.1578594305,28847.95683916915,34095.30980032621,30654.731397103318,35141.0957056639,31065.291555566728,31217.829630823533,30690.240474497274,33700.00518216622,31380.72763647456,33715.580637439256,34847.33433937881,30352.00522477776,32997.25658511527,31074.82108649447,38196.8570355641,33157.80430585313,31834.16840808288,36888.843596615785,32264.58092749263,32476.51679138979,32760.28407083681,33975.94066671679,34509.23885980073
42347.27548254215,41222.1578594305,28847.95683916915,33476.50513606001,30492.648027691997,35141.0957056639,31065.291555566728,31217.829630823533,30690.240474497274,33700.00518216622,31380.72763647456,33715.580637439256,34847.33433937881,30352.00522477776,32997.25658511527,31074.82108649447,38196.8570355641,33157.80430585313,31834.16840808288,36588.40650873292,32264.58092749263,32476.51679138979,32760.28407083681,33975.94066671679,34509.23885980073
42025.32218985632,41222.1578594305,28847.95683916915,33476.50513606001,30492.648027691997,33799.4044844133,31065.291555566728,30924.51440225118,30690.240474497274,33700.00518216622,31380.72763647456,31599.665524338263,34296.55877756128,29690.54246598305,32997.25658511527,31074.82108649447,37724.36782475556,33157.80430585313,31834.16840808288,36588.40650873292,31474.955159787754,31790.078202315362,32760.28407083681,33975.94066671679,34509.23885980073
42025.32218985632,41222.1578594305,28847.95683916915,33476.50513606001,30492.648027691997,33799.4044844133,30030.968994758445,30924.51440225118,30690.240474497274,32633.597244838107,31380.72763647456,31599.665524338263,34296.55877756128,29690.54246598305,32997.25658511527,31074.82108649447,37566.70458240739,33157.80430585313,31834.16840808288,36588.40650873292,31474.955159787754,31790.078202315362,32072.68310681718,33975.94066671679,34509.23885980073
42025.32218985632,39077.78501782868,28847.95683916915,33476.50513606001,30492.648027691997,33799.4044844133,30030.968994758445,29975.798930531113,30690.240474497274,32633.597244838107,31380.72763647456,31599.665524338263,34296.55877756128,29690.54246598305,32997.25658511527,31074.82108649447,37566.70458240739,33157.80430585313,31834.16840808288,34664.52853410215,31474.955159787754,30814.8814567257,32072.68310681718,33975.94066671679,34426.06234731275
42025.32218985632,39077.78501782868,28847.95683916915,33476.50513606001,30169.394191406223,33799.4044844133,30030.968994758445,29975.798930531113,30690.240474497274,32237.526461969723,31282.2421281802,31599.665524338263,34296.55877756128,29690.54246598305,32997.25658511527,30582.417243163127,37001.51000502067,33157.80430585313,31834.16840808288,34664.52853410215,31304.92341454165,30814.8814567257,32072.68310681718,33975.94066671679,33828.23970170252
42025.32218985632,39077.78501782868,28847.95683916915,33476.50513606001,30169.394191406223,33799.4044844133,30030.968994758445,29975.798930531113,30690.240474497274,32237.526461969723,31246.42025866137,31599.665524338263,33477.19457438839,29690.54246598305,32997.25658511527,30582.417243163127,36428.93053429419,33157.80430585313,31834.16840808288,34664.52853410215,31304.92341454165,30814.8814567257,32072.68310681718,33975.94066671679,33699.50293071945
42025.32218985632,39077.78501782868,28847.95683916915,33476.50513606001,30169.394191406223,33570.42389015079,30030.968994758445,29975.798930531113,30690.240474497274,32237.526461969723,31246.42025866137,31599.665524338263,33477.19457438839,29690.54246598305,32579.271644876095,30582.417243163127,36428.93053429419,32482.06192142448,31834.16840808288,34664.52853410215,31304.92341454165,30814.8814567257,32072.68310681718,33975.94066671679,33699.50293071945
42025.32218985632,39077.78501782868,28847.95683916915,32556.91455404469,30169.394191406223,33570.42389015079,29822.521628173956,29975.798930531113,30091.237668912723,32237.526461969723,31246.42025866137,31599.665524338263,33477.19457438839,29381.12626873017,32579.271644876095,30582.417243163127,35713.565281194424,32482.06192142448,31210.862551461396,34664.52853410215,30906.639550409443,30814.8814567257,32072.68310681718,33975.94066671679,33699.50293071945
41480.37077627747,38733.19600462934,27775.92485475578,32556.91455404469,30169.394191406223,33570.42389015079,29366.971044739203,29975.798930531113,30091.237668912723,32237.526461969723,30444.456193424383,31599.665524338263,33477.19457438839,29381.12626873017,32579.271644876095,30582.417243163127,35713.565281194424,32482.06192142448,31210.862551461396,34664.52853410215,30906.639550409443,30814.8814567257,31531.08073350715,33975.94066671679,33699.50293071945
41243.930658611614,37553.05684575397,27775.92485475578,32556.91455404469,30169.394191406223,33570.42389015079,29366.971044739203,27724.25509130406,30091.237668912723,32237.526461969723,30444.456193424383,31599.665524338263,33477.19457438839,28522.275227821905,32579.271644876095,30582.417243163127,35713.565281194424,32482.06192142448,31210.862551461396,34664.52853410215,30906.639550409443,30814.8814567257,31413.85655373102,33975.94066671679,33699.50293071945
41243.930658611614,37553.05684575397,27775.92485475578,32556.91455404469,30007.18740017188,33570.42389015079,29366.971044739203,27724.25509130406,29660.260671175434,32237.526461969723,30444.456193424383,31599.665524338263,33477.19457438839,28185.230965818,32579.271644876095,30582.417243163127,35232.30391649933,32482.06192142448,31112.43137627372,34664.52853410215,30256.799029103466,30814.8814567257,31413.85655373102,33330.569740760206,33665.84411021804
41243.930658611614,37553.05684575397,26919.78486522957,32556.91455404469,28314.242714156913,33184.57644635164,29366.971044739203,26931.451074825633,29660.260671175434,32132.610834663996,30444.456193424383,31599.665524338263,33477.19457438839,28185.230965818,32249.909821868867,30582.417243163127,35230.69574248269,31809.375338819013,31058.250568494248,34664.52853410215,29419.470433409035,30814.8814567257,31245.378842229697,33330.569740760206,33665.84411021804
41243.930658611614,37553.05684575397,26919.78486522957,32527.59462317818,28314.242714156913,33184.57644635164,29366.971044739203,26931.451074825633,28141.292268059115,32069.347771986173,30444.456193424383,31599.665524338263,33419.817543145065,28185.230965818,32249.909821868867,30582.417243163127,34771.643297755116,31809.375338819013,31058.250568494248,34664.52853410215,29419.470433409035,29536.952196375,30963.755999018747,33330.569740760206,32964.67021750302
41243.930658611614,37553.05684575397,26919.78486522957,32527.59462317818,28314.242714156913,33184.57644635164,29177.797740408936,26931.451074825633,28141.292268059115,31779.68429973458,30444.456193424383,31599.665524338263,33419.817543145065,28185.230965818,32249.909821868867,28742.46945834851,34013.459415973644,31809.375338819013,30406.87599471935,34664.52853410215,29419.470433409035,27900.88365340349,30963.755999018747,33330.569740760206,32875.926446690515
41243.930658611614,37553.05684575397,26919.78486522957,32527.59462317818,28314.242714156913,33184.57644635164,29177.797740408936,26931.451074825633,28141.292268059115,31256.873421964247,30444.456193424383,31519.097595576357,33419.817543145065,28185.230965818,32249.909821868867,28742.46945834851,34013.459415973644,31809.375338819013,30406.87599471935,34278.74562359757,29419.470433409035,27900.88365340349,30963.755999018747,33330.569740760206,32875.926446690515
39087.813002247225,36465.369560992134,26919.78486522957,32340.093162733017,28314.242714156913,33184.57644635164,29001.03264245591,26931.451074825633,27258.55807206167,30834.050815936647,30444.456193424383,31519.097595576357,33419.817543145065,28185.230965818,32249.909821868867,28742.46945834851,33795.077866310196,31809.375338819013,30033.816041454476,33446.02505413221,29419.470433409035,27900.88365340349,30963.755999018747,33330.569740760206,32875.926446690515
39057.60525444744,36465.369560992134,26919.78486522957,31088.372546414987,28314.242714156913,31959.537043221626,28548.00610131833,26931.451074825633,27258.55807206167,30735.6222588151,30444.456193424383,31519.097595576357,33419.817543145065,28185.230965818,32249.909821868867,28742.46945834851,33795.077866310196,31809.375338819013,30033.816041454476,33446.02505413221,29419.470433409035,27900.88365340349,30963.755999018747,33330.569740760206,32762.581638960608
39057.60525444744,36325.71549622199,26919.78486522957,31088.372546414987,28314.242714156913,31959.537043221626,28548.00610131833,26931.451074825633,27258.55807206167,30735.6222588151,30444.456193424383,31413.70624146953,33419.817543145065,28185.230965818,32120.509612352893,27743.253612030563,33795.077866310196,31542.907449682512,30033.816041454476,33446.02505413221,29419.470433409035,27900.88365340349,30963.755999018747,33330.569740760206,32564.27705140926
39057.60525444744,36325.71549622199,26919.78486522957,31088.372546414987,28272.410912028896,31775.831985685938,28548.00610131833,26931.451074825633,27258.55807206167,30735.6222588151,30323.133250062507,31136.91235068463,32745.270404606268,28185.230965818,32120.509612352893,27743.253612030563,33795.077866310196,31542.907449682512,30033.816041454476,33446.02505413221,29419.470433409035,27900.88365340349,30187.161113668782,33330.569740760206,32564.27705140926
39057.60525444744,35827.70835356951,26919.78486522957,31088.372546414987,28272.410912028896,31775.831985685938,27468.768385587387,26931.451074825633,27258.55807206167,30735.6222588151,30323.133250062507,29966.51238522706,32561.33443065632,28185.230965818,31646.705546395475,27743.253612030563,33795.077866310196,31542.907449682512,30033.816041454476,33446.02505413221,29419.470433409035,27900.88365340349,30187.161113668782,32647.476179598812,32564.27705140926
39057.60525444744,35827.70835356951,26285.44584758813,30610.04968273499,28272.410912028896,31775.831985685938,27468.768385587387,26931.451074825633,27258.55807206167,30410.016277611783,30323.133250062507,29966.51238522706,32561.33443065632,28185.230965818,31646.705546395475,27743.253612030563,33795.077866310196,31444.544246495494,30033.816041454476,33446.02505413221,29419.470433409035,27900.88365340349,30017.01408692172,32647.476179598812,32564.27705140926
39057.60525444744,34997.15493059443,26285.44584758813,30610.04968273499,28272.410912028896,31775.831985685938,27468.768385587387,26931.451074825633,27258.55807206167,30410.016277611783,30323.133250062507,29966.51238522706,31711.34408382642,28185.230965818,31646.705546395475,27743.253612030563,33795.077866310196,31444.544246495494,30033.816041454476,33446.02505413221,29419.470433409035,27900.88365340349,30017.01408692172,32647.476179598812,32564.27705140926
38759.526639108015,34997.15493059443,26285.44584758813,30610.04968273499,28272.410912028896,31775.831985685938,27468.768385587387,26931.451074825633,27258.55807206167,30410.016277611783,28664.905569412214,29966.51238522706,31129.09868284081,28185.230965818,31646.705546395475,27743.253612030563,33795.077866310196,31444.544246495494,29836.792382127533,32675.94867401279,29419.470433409035,27900.88365340349,28864.190056453095,32647.476179598812,31890.800365190644
38759.526639108015,33862.60214470577,26285.44584758813,30610.04968273499,27520.69181712797,31775.831985685938,27468.768385587387,26931.451074825633,27258.55807206167,30364.044694913337,28664.905569412214,29966.51238522706,31129.09868284081,28147.250008841183,31631.70700968665,27451.845229293296,32843.14290805215,31444.544246495494,29836.792382127533,32589.77265382698,29419.470433409035,27900.88365340349,28864.190056453095,32423.941719789098,31890.800365190644
37907.88790858832,33862.60214470577,26285.44584758813,30610.04968273499,27520.69181712797,31775.831985685938,27468.768385587387,26402.693402671444,27258.55807206167,30364.044694913337,28664.905569412214,29966.51238522706,31129.09868284081,27073.289457993586,31631.70700968665,27451.845229293296,32843.14290805215,31444.544246495494,29836.792382127533,32589.77265382698,29419.470433409035,27900.88365340349,28864.190056453095,32423.941719789098,31403.821776676374
37643.28383803341,33862.60214470577,26285.44584758813,30610.04968273499,27520.69181712797,31678.438238580035,27468.768385587387,26402.693402671444,27258.55807206167,29681.24336112963,28664.905569412214,29966.51238522706,31129.09868284081,27073.289457993586,31597.460904202053,27451.845229293296,32843.14290805215,31444.544246495494,29836.792382127533,32589.77265382698,29419.470433409035,27900.88365340349,28864.190056453095,32402.634195302096,31403.821776676374
37056.129730026965,32882.026951287895,26285.44584758813,29978.133302599166,27460.78512297069,31352.311431800536,27096.52698101709,26402.693402671444,27258.55807206167,29159.094794521723,28664.905569412214,29966.51238522706,31129.09868284081,27073.289457993586,31597.460904202053,27451.845229293296,32843.14290805215,31135.938547217454,29836.792382127533,32589.77265382698,29018.235243928055,27900.88365340349,28864.190056453095,32402.634195302096,31003.575368074675
36584.690467988636,32882.026951287895,26285.44584758813,29978.133302599166,27460.78512297069,31352.311431800536,26940.557357125264,26402.693402671444,27258.55807206167,28851.600317062483,28664.905569412214,29966.51238522706,31129.09868284081,27073.289457993586,31597.460904202053,27270.482605167992,32843.14290805215,30420.561242342294,29836.792382127533,32589.77265382698,29018.235243928055,27714.236046796683,28864.190056453095,31817.77657971976,31003.575368074675
36584.690467988636,32882.026951287895,26285.44584758813,29512.98863598704,27047.955154023475,31129.305063114716,26940.557357125264,26402.693402671444,27258.55807206167,28851.600317062483,28664.905569412214,29966.51238522706,31129.09868284081,27073.289457993586,31597.460904202053,27037.894447580406,32843.14290805215,30420.561242342294,29740.208602957944,32589.77265382698,29018.235243928055,27714.236046796683,28864.190056453095,31817.77657971976,31003.575368074675
36584.690467988636,32882.026951287895,25617.352063493414,29512.98863598704,27047.955154023475,30638.769488977727,26728.80875788931,26402.693402671444,27258.55807206167,28851.600317062483,28664.905569412214,29966.51238522706,31129.09868284081,27073.289457993586,31597.460904202053,27037.894447580406,32843.14290805215,30406.233686711876,29275.46166709139,32284.40680141219,29018.235243928055,27714.236046796683,28660.345778279097,31559.06958250722,30998.52256774728
36584.690467988636,32673.327884308375,25617.352063493414,29512.98863598704,25820.831006429795,30638.769488977727,26728.80875788931,26402.693402671444,27258.55807206167,28851.600317062483,28664.905569412214,29966.51238522706,31066.084568704227,27073.289457993586,31597.460904202053,27037.894447580406,32843.14290805215,30406.233686711876,28580.698894242192,32284.40680141219,28658.376085807588,27595.67422971723,28003.793208005467,31559.06958250722,30998.52256774728
36584.690467988636,32673.327884308375,25248.399605629496,29443.099645944472,25820.831006429795,30638.769488977727,26437.120287692524,26402.693402671444,27258.55807206167,28576.103910139747,28664.905569412214,29966.51238522706,31066.084568704227,27011.36767962423,31282.70140580382,25766.92596765037,32439.721953044987,30406.233686711876,28580.698894242192,32032.72183888193,28149.242343054535,27595.67422971723,27323.534246951564,31134.121114054986,30859.81884215078
36584.690467988636,32673.327884308375,25044.205854415788,29443.099645944472,25820.831006429795,30638.769488977727,26437.120287692524,26402.693402671444,27258.55807206167,28112.855150539708,28000.856060124097,29966.51238522706,31066.084568704227,27011.36767962423,31149.5227618308,25766.92596765037,32439.721953044987,30406.233686711876,28580.698894242192,32032.72183888193,28017.379109593716,27273.272664386088,27323.534246951564,31134.121114054986,30859.81884215078
36339.238582122205,32673.327884308375,25044.205854415788,29443.099645944472,25820.831006429795,29759.91250862039,26437.120287692524,26161.63710748142,26950.984436094273,28112.855150539708,28000.856060124097,29966.51238522706,31066.084568704227,27011.36767962423,31149.5227618308,25766.92596765037,32439.721953044987,29953.081624635048,28580.698894242192,31795.010682156342,28017.379109593716,27273.272664386088,27323.534246951564,31045.1060588255,30578.61528386965
33779.65382321781,32673.327884308375,25044.205854415788,29443.099645944472,25545.67917912184,29759.91250862039,26426.06972553711,25753.001381047412,25987.513117696766,27671.422522298817,28000.856060124097,29966.51238522706,30850.63657128103,27011.36767962423,31149.5227618308,25766.92596765037,32439.721953044987,29953.081624635048,28580.698894242192,31795.010682156342,28017.379109593716,27273.272664386088,27213.8951861301,31045.1060588255,30578.61528386965
33779.65382321781,32673.327884308375,25044.205854415788,29365.45810799484,25545.67917912184,29759.91250862039,26346.688350997643,25753.001381047412,25987.513117696766,27671.422522298817,28000.856060124097,29966.51238522706,30850.63657128103,27011.36767962423,31149.5227618308,25766.92596765037,32420.29003719881,29953.081624635048,28580.698894242192,31795.010682156342,28017.379109593716,27238.213200859613,27213.8951861301,31045.1060588255,30029.867171827642
33779.65382321781,32673.327884308375,25044.205854415788,29365.45810799484,25545.67917912184,29413.664563646496,26346.688350997643,25753.001381047412,25987.513117696766,27671.422522298817,27285.40950879713,29966.51238522706,30850.63657128103,27011.36767962423,31149.5227618308,25588.978001878866,32420.29003719881,29953.081624635048,28580.698894242192,30872.771262386243,27826.0284304223,26776.758985169563,27213.8951861301,31045.1060588255,30029.867171827642
33779.65382321781,32673.327884308375,25044.205854415788,28495.27674895334,25545.67917912184,29413.664563646496,26346.688350997643,25753.001381047412,25987.513117696766,27212.70006526852,27285.40950879713,29966.51238522706,30850.63657128103,27011.36767962423,31149.5227618308,25588.978001878866,32420.29003719881,29953.081624635048,28142.03125397138,30872.771262386243,27826.0284304223,26776.758985169563,27213.8951861301,31045.1060588255,30029.867171827642
33779.65382321781,32673.327884308375,24722.744614029496,28495.27674895334,25545.67917912184,29413.664563646496,26346.688350997643,25653.020599413856,25987.513117696766,27212.70006526852,27023.10927286771,29966.51238522706,29981.890851428092,26905.361504962497,31000.359888489664,25588.978001878866,32420.29003719881,29556.015665725998,28142.03125397138,30872.771262386243,27826.0284304223,26776.758985169563,27213.8951861301,30387.212134845737,30029.867171827642
33779.65382321781,32673.327884308375,24722.744614029496,28495.27674895334,25545.67917912184,29413.664563646496,26091.44660640712,25653.020599413856,25987.513117696766,27212.70006526852,27023.10927286771,29966.51238522706,29981.890851428092,26710.141462104333,30733.491871408376,25588.978001878866,31161.679648937257,29556.015665725998,28142.03125397138,30872.771262386243,27676.675888636204,26776.758985169563,27213.8951861301,30387.212134845737,29150.48125640092
33779.65382321781,32673.327884308375,24722.744614029496,28495.27674895334,25545.67917912184,29413.664563646496,26073.488448899738,25653.020599413856,25987.513117696766,27212.70006526852,27023.10927286771,29966.51238522706,29981.890851428092,26530.61492172254,30727.438604851646,25588.978001878866,31161.679648937257,29255.60622054026,28142.03125397138,30872.771262386243,27676.675888636204,26776.758985169563,27213.8951861301,30387.212134845737,29150.48125640092
33779.65382321781,32673.327884308375,24722.744614029496,28495.27674895334,25545.67917912184,29413.664563646496,26037.956624477043,25653.020599413856,25987.513117696766,27212.70006526852,27023.10927286771,29966.51238522706,29981.890851428092,26530.61492172254,30546.305596888087,25588.978001878866,31161.679648937257,29255.60622054026,27906.53716287842,30872.771262386243,27676.675888636204,26106.751735722028,26807.71822845987,30387.212134845737,29150.48125640092
33779.65382321781,32439.93191917684,24722.744614029496,28495.27674895334,25545.67917912184,29413.664563646496,26037.956624477043,25653.020599413856,25987.513117696766,27212.70006526852,27023.10927286771,29966.51238522706,29981.890851428092,26530.61492172254,29300.433913954246,25588.978001878866,31161.679648937257,29255.60622054026,27906.53716287842,30080.28546823239,27533.673779892506,26106.751735722028,26807.71822845987,30387.212134845737,29150.48125640092
33076.164388622885,32439.93191917684,24722.744614029496,28495.27674895334,25486.27758204475,27972.248633005165,26037.956624477043,25403.09360254439,25987.513117696766,27212.70006526852,26993.082800635675,29223.587086526284,29981.890851428092,26246.59295863765,29300.433913954246,25588.978001878866,31151.568907059936,29255.60622054026,27906.53716287842,30080.28546823239,27533.673779892506,26106.751735722028,26807.71822845987,30387.212134845737,29150.48125640092
33076.164388622885,32439.93191917684,24417.076399814712,28495.27674895334,25486.27758204475,27972.248633005165,26037.956624477043,25403.09360254439,25987.513117696766,27212.70006526852,26993.082800635675,29223.587086526284,29981.890851428092,25090.66851850454,29300.433913954246,25431.601988861767,31151.568907059936,29255.60622054026,27906.53716287842,30080.28546823239,27533.673779892506,26106.751735722028,26214.49761149454,30154.585449662343,29150.48125640092
33076.164388622885,32439.93191917684,24417.076399814712,28495.27674895334,25486.27758204475,27972.248633005165,25241.893959787732,25403.09360254439,25987.513117696766,27212.70006526852,26993.082800635675,29223.587086526284,29874.810937635666,25090.66851850454,29300.433913954246,25431.601988861767,31092.277099033057,28603.199185374862,27906.53716287842,30080.28546823239,27533.673779892506,26106.751735722028,26214.49761149454,30154.585449662343,29150.48125640092
33076.164388622885,32439.93191917684,24417.076399814712,28495.27674895334,24209.50653165011,27541.3157361326,25241.893959787732,25403.09360254439,25987.513117696766,26778.792350520438,26993.082800635675,29223.587086526284,29465.059715301668,25090.66851850454,29300.433913954246,24773.810575727322,31092.277099033057,28603.199185374862,27870.3219799471,30080.28546823239,27533.673779892506,26106.751735722028,26214.49761149454,30154.585449662343,29150.48125640092
32855.821703034584,32439.93191917684,24417.076399814712,28495.27674895334,24209.50653165011,27541.3157361326,25241.893959787732,25355.436002618615,25987.513117696766,26669.712402324734,26993.082800635675,29118.16437232745,29465.059715301668,25090.66851850454,29300.433913954246,24773.810575727322,31092.277099033057,28603.199185374862,27870.3219799471,30080.28546823239,27456.60639077995,26106.751735722028,26214.49761149454,30125.165022355595,28882.864016935073
31787.724995025146,32439.93191917684,24417.076399814712,28495.27674895334,24209.50653165011,27541.3157361326,25186.46758232525,23994.685590221776,25987.513117696766,26669.712402324734,26993.082800635675,29118.16437232745,29465.059715301668,25090.66851850454,29300.433913954246,24773.810575727322,31092.277099033057,28603.199185374862,27870.3219799471,30080.28546823239,26940.094117117624,26106.751735722028,26214.49761149454,29664.85877445155,28882.864016935073
31787.724995025146,32439.93191917684,24417.076399814712,28495.27674895334,24209.50653165011,27541.3157361326,25186.46758232525,23994.685590221776,25987.513117696766,26639.7255594866,26787.229669684315,28987.6521485801,29465.059715301668,24011.284915374632,29079.9880183958,24773.810575727322,31092.277099033057,28368.368611175738,27177.01489547891,30080.28546823239,26940.094117117624,25213.8753982346,26214.49761149454,29664.85877445155,28562.524764385336
31787.724995025146,32439.93191917684,23830.29368873167,28162.728354707007,24209.50653165011,27541.3157361326,25186.46758232525,23994.685590221776,25876.825422379276,26639.7255594866,26595.238711396523,28987.6521485801,29417.96935892455,24011.284915374632,29079.9880183958,24560.91195804469,31092.277099033057,28368.368611175738,27177.01489547891,30080.28546823239,26853.6626304474,25213.8753982346,26214.49761149454,29664.85877445155,28411.202569066896
31787.724995025146,32439.93191917684,23830.29368873167,27766.11870645613,24209.50653165011,27541.3157361326,24315.31398987891,23994.685590221776,24973.24509916859,26528.142079963192,26595.238711396523,28556.10786200659,29417.96935892455,24011.284915374632,29079.9880183958,24560.91195804469,31092.277099033057,28368.368611175738,27177.01489547891,30080.28546823239,25876.324019946496,25213.8753982346,26214.49761149454,29177.349630329507,28411.202569066896
31787.724995025146,32000.479867988095,23830.29368873167,27766.11870645613,24209.50653165011,27541.3157361326,23247.81404272283,23994.685590221776,24973.24509916859,26321.00770485358,26595.238711396523,28556.10786200659,29417.96935892455,24011.284915374632,28985.51592876985,24560.91195804469,31092.277099033057,28368.368611175738,27177.01489547891,29578.663886413447,25876.324019946496,25213.8753982346,24752.26253141674,28015.62231969301,28411.202569066896
31787.724995025146,32000.479867988095,23830.29368873167,27766.11870645613,24209.50653165011,27541.3157361326,23247.81404272283,23994.685590221776,24289.12683029302,25462.18322903585,26447.28881319638,28556.10786200659,29333.837511709087,24011.284915374632,28761.417676097586,24560.91195804469,31092.277099033057,28368.368611175738,27177.01489547891,29578.663886413447,25876.324019946496,25213.8753982346,24752.26253141674,28015.62231969301,28411.202569066896
31787.724995025146,32000.479867988095,23830.29368873167,27766.11870645613,24072.8265959876,27541.3157361326,23247.81404272283,23994.685590221776,24289.12683029302,25462.18322903585,26447.28881319638,28009.147411482703,28934.63227873366,24011.284915374632,28761.417676097586,24560.91195804469,31092.277099033057,28368.368611175738,26728.60529425761,29578.663886413447,25876.324019946496,25213.8753982346,24752.26253141674,28015.62231969301,28411.202569066896
31787.724995025146,32000.479867988095,23830.29368873167,27766.11870645613,24072.8265959876,27541.3157361326,23247.81404272283,23994.685590221776,24289.12683029302,25462.18322903585,26447.28881319638,27888.930923972395,28934.63227873366,24011.284915374632,28761.417676097586,24560.91195804469,31092.277099033057,28221.4730707754,26728.60529425761,29578.663886413447,25876.324019946496,25213.8753982346,24752.26253141674,28015.62231969301,28411.202569066896
31787.724995025146,32000.479867988095,23830.29368873167,27766.11870645613,24072.8265959876,27541.3157361326,23247.81404272283,23994.685590221776,24289.12683029302,25321.772091384923,26447.28881319638,27888.930923972395,28934.63227873366,24011.284915374632,28153.52134751945,24432.487965453183,30658.48455405456,28221.4730707754,26728.60529425761,29578.663886413447,25876.324019946496,25213.8753982346,24752.26253141674,28015.62231969301,28411.202569066896
31787.724995025146,32000.479867988095,23792.751855560702,27766.11870645613,24072.8265959876,26917.786396289957,23247.81404272283,23994.685590221776,24289.12683029302,25321.772091384923,26016.322056680634,27888.930923972395,28934.63227873366,24011.284915374632,27929.85277340178,24432.487965453183,30658.48455405456,27168.874794836036,26577.653977619044,29578.663886413447,25876.324019946496,24751.677102115988,24752.26253141674,28015.62231969301,28411.202569066896
31787.724995025146,31730.947954951986,23792.751855560702,27766.11870645613,24072.8265959876,26917.786396289957,23247.81404272283,23994.685590221776,24289.12683029302,25321.772091384923,26016.322056680634,27888.930923972395,28934.63227873366,24011.284915374632,27929.85277340178,24432.487965453183,30658.48455405456,27168.874794836036,26577.653977619044,28846.50787524917,25876.324019946496,24751.677102115988,24655.723281211685,28015.62231969301,28317.014205530486
31787.724995025146,31634.763757344328,23340.249135270114,27766.11870645613,24072.8265959876,26917.786396289957,23247.81404272283,23994.685590221776,24289.12683029302,25321.772091384923,25601.890225210034,27888.930923972395,28934.63227873366,24011.284915374632,27929.85277340178,24276.281144027223,30658.48455405456,27168.874794836036,26577.653977619044,28846.50787524917,25876.324019946496,24751.677102115988,24655.723281211685,28015.62231969301,28317.014205530486
31787.724995025146,31634.763757344328,23340.249135270114,27766.11870645613,24072.8265959876,26917.786396289957,23247.81404272283,23994.685590221776,24289.12683029302,25321.772091384923,25601.890225210034,27888.930923972395,28934.63227873366,24011.284915374632,27929.85277340178,24276.281144027223,30658.48455405456,26986.847248903654,26091.935410071954,28846.50787524917,25876.324019946496,24134.488239529717,24655.723281211685,28015.62231969301,28317.014205530486
31564.905198770914,31579.296584484357,22949.813816513517,27563.054539158624,23695.52284721448,26917.786396289957,23247.81404272283,23994.685590221776,24289.12683029302,25321.772091384923,25601.890225210034,27888.930923972395,28061.728987872182,24011.284915374632,27929.85277340178,24043.154329939196,30658.48455405456,26986.847248903654,26091.935410071954,28846.50787524917,25876.324019946496,24134.488239529717,24655.723281211685,27121.096695288983,28317.014205530486
31564.905198770914,30788.336309797487,22949.813816513517,27563.054539158624,23695.52284721448,26917.786396289957,23247.81404272283,23994.685590221776,24289.12683029302,25315.478345030097,25601.890225210034,27888.930923972395,28061.728987872182,23264.66269871198,27929.85277340178,24043.154329939196,30228.50417219572,26986.847248903654,26091.935410071954,28846.50787524917,25594.50590966077,24134.488239529717,24655.723281211685,27121.096695288983,28317.014205530486
31520.72481657075,30309.468679399306,22949.813816513517,26772.38125462953,23695.52284721448,26219.95968423052,23247.81404272283,23708.853214878374,24289.12683029302,24713.480641063943,25445.080650787677,27732.98796888337,28061.728987872182,23264.66269871198,27907.34761951995,24043.154329939196,30228.50417219572,26986.847248903654,26091.935410071954,28846.50787524917,24950.879857926917,24134.488239529717,24655.723281211685,27121.096695288983,28051.678127080217
30470.973857549452,30309.468679399306,22929.020141944693,26772.38125462953,23695.52284721448,26219.95968423052,23247.81404272283,23036.567941809157,24289.12683029302,24469.97090707533,25445.080650787677,27732.98796888337,28061.728987872182,23264.66269871198,27907.34761951995,23902.00472558388,30201.616886191074,26986.847248903654,26091.935410071954,28846.50787524917,24950.879857926917,24134.488239529717,24655.723281211685,27121.096695288983,28051.678127080217
30470.973857549452,30309.468679399306,22929.020141944693,26772.38125462953,23621.31505251021,26219.95968423052,23190.088881718304,23036.567941809157,24289.12683029302,24469.97090707533,25445.080650787677,27732.98796888337,28061.728987872182,23264.66269871198,26671.142284237114,23616.202835299126,30201.616886191074,26986.847248903654,26091.935410071954,28846.50787524917,24950.879857926917,24134.488239529717,24655.723281211685,26941.53901723887,27112.710364839462
30470.973857549452,30309.468679399306,22929.020141944693,26772.38125462953,22816.621145912533,26219.95968423052,23190.088881718304,23036.567941809157,24289.12683029302,24469.97090707533,25445.080650787677,27522.718275343057,28061.728987872182,23264.66269871198,26671.142284237114,23616.202835299126,30201.616886191074,26927.97130260567,25479.653778099193,28846.50787524917,24950.879857926917,23268.142836330215,24655.723281211685,26941.53901723887,27112.710364839462
30470.973857549452,30309.468679399306,22929.020141944693,26772.38125462953,22816.621145912533,26219.95968423052,23190.088881718304,23036.567941809157,24232.185369729606,24469.97090707533,25339.82572579055,27522.718275343057,28061.728987872182,23264.66269871198,26671.142284237114,23616.202835299126,30201.616886191074,26927.97130260567,25479.653778099193,28846.50787524917,24945.950078791266,23014.800072952065,24655.723281211685,26941.53901723887,26479.562465610485
30470.973857549452,30309.468679399306,22929.020141944693,26772.38125462953,22552.00629090793,26219.95968423052,23190.088881718304,23036.567941809157,22915.787941062805,24469.97090707533,25339.82572579055,27522.718275343057,27992.10321791059,23264.66269871198,26414.87468181905,23616.202835299126,30201.616886191074,26927.97130260567,25479.653778099193,28681.085791832356,24945.950078791266,23014.800072952065,24655.723281211685,26941.53901723887,26479.562465610485
30470.973857549452,29848.63260020445,22732.059040497894,26759.069833925714,22552.00629090793,25590.868991124607,23140.62081634357,23036.567941809157,22915.787941062805,24469.97090707533,25166.599835169654,27522.718275343057,27897.897882437534,23264.66269871198,26414.87468181905,23616.202835299126,29339.83512532852,26927.97130260567,25479.653778099193,27946.591184320532,24945.950078791266,23014.800072952065,24655.723281211685,26941.53901723887,26479.562465610485
30470.973857549452,29848.63260020445,22644.73476568439,26759.069833925714,22552.00629090793,25590.868991124607,23140.62081634357,23036.567941809157,22915.787941062805,22983.908856387825,25166.599835169654,26915.182328077444,27897.897882437534,23264.66269871198,25932.880110750495,23616.202835299126,29339.83512532852,26927.97130260567,25479.653778099193,27946.591184320532,24840.881198647337,23014.800072952065,24655.723281211685,26744.586252913545,25972.80698567984
30470.973857549452,29848.63260020445,22644.73476568439,26759.069833925714,22552.00629090793,25590.868991124607,22579.316366910272,23036.567941809157,22915.787941062805,22983.908856387825,25031.363882372953,26915.182328077444,27674.126139390133,23128.46574433012,25932.880110750495,23616.202835299126,29339.83512532852,26904.892611455878,25479.653778099193,27946.591184320532,24552.985751827786,23014.800072952065,24655.723281211685,26744.586252913545,25972.80698567984
30446.609474605073,29848.63260020445,22644.73476568439,26759.069833925714,22552.00629090793,25590.868991124607,22579.316366910272,23036.567941809157,22915.787941062805,22983.908856387825,25031.363882372953,26915.182328077444,27659.99151616231,23128.46574433012,25932.880110750495,23170.95705817318,29339.83512532852,26904.892611455878,25479.653778099193,27946.591184320532,24552.985751827786,23014.800072952065,23956.62014952851,26744.586252913545,25972.80698567984
30446.609474605073,29848.63260020445,22644.73476568439,26759.069833925714,22552.00629090793,25590.868991124607,22579.316366910272,23036.567941809157,22915.787941062805,22983.908856387825,25031.363882372953,26915.182328077444,27659.99151616231,23128.46574433012,25932.880110750495,23170.95705817318,29339.83512532852,26904.892611455878,25479.653778099193,27946.591184320532,24507.524644789562,23014.800072952065,23956.62014952851,26744.586252913545,25972.80698567984
30446.609474605073,29848.63260020445,22644.73476568439,26667.785957772405,22552.00629090793,25590.868991124607,22579.316366910272,23036.567941809157,22915.787941062805,22983.908856387825,24703.113342141296,26584.509912068457,27659.99151616231,23128.46574433012,25932.880110750495,23170.95705817318,29339.83512532852,26295.745627371158,25479.653778099193,27812.952993376195,24507.524644789562,23014.800072952065,23956.62014952851,26744.586252913545,25682.36672106637
30446.609474605073,29848.63260020445,22644.73476568439,26667.785957772405,22552.00629090793,25590.868991124607,22579.316366910272,23036.567941809157,22915.787941062805,22983.908856387825,24703.113342141296,26584.509912068457,27409.374045849036,23128.46574433012,25932.880110750495,23170.95705817318,28493.898473824407,26295.745627371158,24995.05397263561,27407.794465661143,24507.524644789562,23014.800072952065,23956.62014952851,26744.586252913545,25682.36672106637
30446.609474605073,29800.17886073742,22644.73476568439,26667.785957772405,22552.00629090793,25590.868991124607,22579.316366910272,23036.567941809157,22915.787941062805,22983.908856387825,24703.113342141296,26584.509912068457,26662.6818786788,23128.46574433012,25932.880110750495,23170.95705817318,28493.898473824407,26295.745627371158,24995.05397263561,27407.794465661143,24507.524644789562,23014.800072952065,23956.62014952851,26282.323194185545,25682.36672106637
30446.609474605073,29800.17886073742,22644.73476568439,25864.264064192994,22552.00629090793,25590.868991124607,22516.475349763525,22499.541786796948,22915.787941062805,22983.908856387825,24703.113342141296,26584.509912068457,26647.42037559377,23128.46574433012,25932.880110750495,23170.95705817318,28493.898473824407,26295.745627371158,24995.05397263561,27407.794465661143,23696.036189696653,23014.800072952065,23956.62014952851,26282.323194185545,25682.36672106637
30446.609474605073,29800.17886073742,22644.73476568439,25864.264064192994,22552.00629090793,25590.868991124607,22516.475349763525,22499.541786796948,22915.787941062805,22983.908856387825,24703.113342141296,26584.509912068457,26647.42037559377,23128.46574433012,25932.880110750495,23170.95705817318,28331.411207341233,26226.958298026544,24942.216762899727,27407.794465661143,23572.482171540305,23014.800072952065,23956.62014952851,26282.323194185545,25682.36672106637
29733.875489878817,29666.658059614045,22011.12694589678,25864.264064192994,22552.00629090793,25590.868991124607,22177.329926413742,22486.73958594563,22730.68777304266,22983.908856387825,24703.113342141296,26584.509912068457,26647.42037559377,22588.810606661304,25932.880110750495,23031.097957057245,28331.411207341233,26226.958298026544,24495.962667340278,27407.794465661143,23572.482171540305,23014.800072952065,23956.62014952851,26282.323194185545,25682.36672106637
29733.875489878817,29666.658059614045,22011.12694589678,25864.264064192994,22552.00629090793,25590.868991124607,21918.94797025792,22193.67202158872,22730.68777304266,22983.908856387825,24703.113342141296,26584.509912068457,26647.42037559377,22588.810606661304,25932.880110750495,23031.097957057245,28331.411207341233,26226.958298026544,24347.016059788308,27407.794465661143,23572.482171540305,22879.5367369882,23956.62014952851,26282.323194185545,25682.36672106637
29733.875489878817,29666.658059614045,22011.12694589678,25864.264064192994,22552.00629090793,25590.868991124607,21918.94797025792,22193.67202158872,22730.68777304266,22983.908856387825,24463.13300729893,26413.91776098903,26647.42037559377,22588.810606661304,25932.880110750495,23031.097957057245,28331.411207341233,25962.819924372976,24347.016059788308,27407.794465661143,23572.482171540305,22879.5367369882,23956.62014952851,26282.323194185545,25516.65039019766
29733.875489878817,29666.658059614045,21969.6379732285,25517.42629205031,22552.00629090793,25590.868991124607,21918.94797025792,22193.67202158872,21395.890627731224,22983.908856387825,24087.257451789545,26413.91776098903,26163.468616831124,22588.810606661304,25341.898947147893,23031.097957057245,28331.411207341233,25962.819924372976,24347.016059788308,27150.343137066313,23572.482171540305,22879.5367369882,23401.313210086337,26282.323194185545,25513.258898786848
29733.875489878817,29251.814378505755,21969.6379732285,25517.42629205031,22552.00629090793,25590.868991124607,21918.94797025792,21839.365877070304,21395.890627731224,22983.908856387825,24054.885088473395,26413.91776098903,25598.374099363777,22588.810606661304,25341.898947147893,23031.097957057245,28331.411207341233,25962.819924372976,24347.016059788308,27150.343137066313,23572.482171540305,22879.5367369882,23401.313210086337,26282.323194185545,25513.258898786848
29733.875489878817,28952.58446863194,21969.6379732285,25517.42629205031,22552.00629090793,25590.868991124607,20902.425875698795,21839.365877070304,21395.890627731224,22983.908856387825,23973.956938272127,26413.91776098903,25598.374099363777,22588.810606661304,25341.898947147893,23031.097957057245,28331.411207341233,25962.819924372976,24347.016059788308,27150.343137066313,23572.482171540305,22068.66718619435,23401.313210086337,26282.323194185545,25513.258898786848
29219.27185665387,28952.58446863194,21777.493545323454,25482.33726868299,22552.00629090793,25424.645269206652,20902.425875698795,21839.365877070304,21395.890627731224,22983.908856387825,23973.956938272127,26413.91776098903,25598.374099363777,22588.810606661304,25341.898947147893,21688.305057862482,28297.289479285682,25829.67746314697,24347.016059788308,26677.675343093113,23138.536136927618,22068.66718619435,23401.313210086337,26282.323194185545,25513.258898786848
29219.27185665387,28952.58446863194,21648.819981021472,25482.33726868299,22104.442275698286,25424.645269206652,20902.425875698795,21839.365877070304,21395.890627731224,22983.908856387825,23284.79343695208,26354.550808825665,25598.374099363777,22588.810606661304,24935.49682552106,21688.305057862482,28065.83562158188,25829.67746314697,24347.016059788308,26677.675343093113,23138.536136927618,22068.66718619435,23401.313210086337,26282.323194185545,25513.258898786848
29219.27185665387,28952.58446863194,21648.819981021472,24594.50012928735,21868.400143848987,25424.645269206652,20668.393753236836,21839.365877070304,21395.890627731224,22815.623705532675,23284.79343695208,26295.009266368288,25598.374099363777,22588.810606661304,24935.49682552106,21688.305057862482,28065.83562158188,25829.67746314697,24347.016059788308,26677.675343093113,23138.536136927618,22068.66718619435,23290.70040985255,26168.93639081066,25061.054666172913
29078.06418187868,28952.58446863194,21648.819981021472,24594.50012928735,21809.55023709194,25228.272695588934,20668.393753236836,21839.365877070304,21395.890627731224,22815.623705532675,23284.79343695208,26295.009266368288,25598.374099363777,22588.810606661304,24935.49682552106,21688.305057862482,28065.83562158188,25622.69197974015,24347.016059788308,26677.675343093113,23138.536136927618,22068.66718619435,22440.695173671807,26168.93639081066,25061.054666172913
29057.9608509926,28896.158533172962,21604.432466364462,24594.50012928735,21809.55023709194,25228.272695588934,20668.393753236836,21839.365877070304,21395.890627731224,22815.623705532675,22398.96139968707,26290.44114466274,25598.374099363777,22278.446918828977,24935.49682552106,21688.305057862482,28065.83562158188,25352.914711345667,24347.016059788308,26677.675343093113,22916.456830647134,22068.66718619435,22303.8323764524,26168.93639081066,24704.91446474773
28910.558860364054,28896.158533172962,21604.432466364462,24594.50012928735,21809.55023709194,25228.272695588934,20065.380797873688,21839.365877070304,21395.890627731224,22815.623705532675,22398.96139968707,25726.532151889594,25598.374099363777,22278.446918828977,24935.49682552106,21688.305057862482,28065.83562158188,25244.119123142602,24347.016059788308,26677.675343093113,22916.456830647134,22068.66718619435,22303.8323764524,26168.93639081066,24704.91446474773
28910.558860364054,28896.158533172962,21604.432466364462,24437.407589753762,21481.980448242426,24729.411817828608,20065.380797873688,21839.365877070304,21240.60747610212,22815.623705532675,22398.96139968707,25489.37427131389,25598.374099363777,22278.446918828977,24935.49682552106,21688.305057862482,28065.83562158188,25244.119123142602,24347.016059788308,26677.675343093113,22916.456830647134,22068.66718619435,22303.8323764524,26168.93639081066,24704.91446474773
28910.558860364054,28554.75524937826,21604.432466364462,24437.407589753762,21138.137614799416,24729.411817828608,20065.380797873688,21839.365877070304,21111.748615173357,22728.067199289922,22398.96139968707,25489.37427131389,25598.374099363777,22278.446918828977,24935.49682552106,21688.305057862482,28065.83562158188,25229.558313760186,24347.016059788308,26677.675343093113,22916.456830647134,22053.674124489844,21978.155871461473,26168.93639081066,24704.91446474773
28910.558860364054,28554.75524937826,21604.432466364462,24437.407589753762,21138.137614799416,24729.411817828608,20065.380797873688,21839.365877070304,20858.93048908211,22564.3412904183,22398.96139968707,25489.37427131389,25421.528204340524,22278.446918828977,24935.49682552106,21688.305057862482,28065.83562158188,24990.206881607493,24347.016059788308,26677.675343093113,22916.456830647134,22053.674124489844,21978.155871461473,26168.93639081066,24704.91446474773
27639.174705295303,28554.75524937826,21604.432466364462,24437.407589753762,21138.137614799416,24729.411817828608,20065.380797873688,21766.32931831595,20588.029978451297,22256.653741701553,22398.96139968707,25489.37427131389,25292.713872702167,22057.537538994053,24935.49682552106,21688.305057862482,27551.494589871894,24990.206881607493,24347.016059788308,26677.675343093113,22916.456830647134,21722.606496626016,21978.155871461473,26168.93639081066,24247.32741863384
27639.174705295303,28554.75524937826,21604.432466364462,24437.407589753762,21138.137614799416,24171.325534834246,20065.380797873688,21158.422056682648,20588.029978451297,22256.653741701553,22398.96139968707,24996.791271424914,25292.713872702167,22057.537538994053,24806.24785133542,21688.305057862482,27551.494589871894,24990.206881607493,24106.158397301853,26677.675343093113,22916.456830647134,21325.032087112402,21978.155871461473,26168.93639081066,24247.32741863384
27522.074952089522,28554.75524937826,21504.77560308388,24437.407589753762,21138.137614799416,24171.325534834246,20065.380797873688,21158.422056682648,20588.029978451297,22256.653741701553,22096.03909592387,24996.791271424914,25292.713872702167,21925.391923964627,24318.768853498448,21688.305057862482,27551.494589871894,24990.206881607493,24106.158397301853,26677.675343093113,22916.456830647134,21325.032087112402,21978.155871461473,26014.138358843345,24247.32741863384
27522.074952089522,28554.75524937826,21504.77560308388,24099.66223491724,21138.137614799416,24171.325534834246,20065.380797873688,21158.422056682648,20588.029978451297,22256.653741701553,22065.605836774444,24996.791271424914,25292.713872702167,21925.391923964627,24318.768853498448,21688.305057862482,27551.494589871894,24990.206881607493,24106.158397301853,26334.486783074037,22916.456830647134,20634.817542386954,21978.155871461473,25941.66352538526,24247.32741863384
27522.074952089522,28240.59002985326,21504.77560308388,24005.247352554463,21138.137614799416,24171.325534834246,20065.380797873688,21158.422056682648,20588.029978451297,22256.653741701553,22065.605836774444,24996.791271424914,25292.713872702167,21925.391923964627,24318.768853498448,21688.305057862482,27551.494589871894,24990.206881607493,24106.158397301853,25973.595831471604,22916.456830647134,20634.817542386954,21978.155871461473,25941.66352538526,24247.32741863384
27522.074952089522,28240.59002985326,21504.77560308388,24005.247352554463,21138.137614799416,24171.325534834246,20065.380797873688,21158.422056682648,20588.029978451297,22256.653741701553,22065.605836774444,24996.791271424914,25292.713872702167,21925.391923964627,24318.768853498448,21434.117708698344,27551.494589871894,24990.206881607493,23783.20545468797,25973.595831471604,22916.456830647134,20628.23039966585,21978.155871461473,25818.4125628844,24247.32741863384
27522.074952089522,28240.59002985326,21504.77560308388,24005.247352554463,20246.723862322782,24171.325534834246,20065.380797873688,21158.422056682648,20588.029978451297,22230.732598365943,22065.605836774444,24996.791271424914,25018.038474357763,21925.391923964627,24067.194183310683,21434.117708698344,27551.494589871894,24990.206881607493,23670.479196551645,25973.595831471604,22916.456830647134,20628.23039966585,21978.155871461473,25818.4125628844,24247.32741863384
27522.074952089522,28153.75869332843,21504.77560308388,23606.17404401645,20246.723862322782,24171.325534834246,20065.380797873688,21158.422056682648,20588.029978451297,21997.41626063349,22065.605836774444,24996.791271424914,25018.038474357763,21925.391923964627,24067.194183310683,21434.117708698344,27261.07405511933,24990.206881607493,23440.10989143415,25973.595831471604,22916.456830647134,20628.23039966585,21978.155871461473,25818.4125628844,23981.690044370167
27522.074952089522,28153.75869332843,21504.77560308388,23606.17404401645,20246.723862322782,24171.325534834246,20065.380797873688,20802.67302525262,20503.891285932605,21997.41626063349,21267.615740077905,24996.791271424914,25018.038474357763,21488.31586477308,24067.194183310683,21434.117708698344,27261.07405511933,24990.206881607493,23434.12424167049,25973.595831471604,22916.456830647134,20628.23039966585,21978.155871461473,25437.02856515219,23981.690044370167
27522.074952089522,28153.75869332843,21504.77560308388,23465.69038174373,20234.68578915965,24125.78565809125,20065.380797873688,20802.67302525262,20308.43954925013,21997.41626063349,21267.615740077905,24996.791271424914,24174.727281398358,21488.31586477308,24067.194183310683,21014.043056952607,27115.956747595414,24990.206881607493,23434.12424167049,25973.595831471604,22916.456830647134,20628.23039966585,21510.083418259685,25437.02856515219,23981.690044370167
27522.074952089522,27902.13005352463,21504.77560308388,23465.69038174373,20234.68578915965,23964.71558081453,19948.730768180696,20802.67302525262,19979.480560255903,21997.41626063349,21267.615740077905,24996.791271424914,23426.48154362415,21180.24111791325,24067.194183310683,21014.043056952607,27115.956747595414,24962.147194816836,23299.048220276323,25973.595831471604,22662.800108224306,20628.23039966585,21510.083418259685,25437.02856515219,23981.690044370167
27522.074952089522,27758.22416374732,20896.906092513167,23465.69038174373,20234.68578915965,23964.71558081453,19948.730768180696,20802.67302525262,19979.480560255903,21997.41626063349,21267.615740077905,24996.791271424914,23426.48154362415,21180.24111791325,23006.740674474142,21014.043056952607,27115.956747595414,24962.147194816836,23258.6023026751,25973.595831471604,22492.141222054073,20628.23039966585,21510.083418259685,25338.787094383108,23981.690044370167
27522.074952089522,27758.22416374732,20896.906092513167,23465.69038174373,20234.68578915965,23964.71558081453,19948.730768180696,20673.587205647513,19979.480560255903,21997.41626063349,21267.615740077905,24648.604847710412,23278.33243245302,21180.24111791325,23006.740674474142,21014.043056952607,26917.330488402935,24962.147194816836,23258.6023026751,25973.595831471604,22492.141222054073,20628.23039966585,21510.083418259685,25338.787094383108,23981.690044370167
27522.074952089522,27532.07969691813,20896.906092513167,22930.828083819597,20234.68578915965,23245.184128199417,19948.730768180696,20673.587205647513,19912.70793147669,21997.41626063349,21267.615740077905,24311.80705521809,23278.33243245302,21180.24111791325,23006.740674474142,21014.043056952607,26648.085088182226,24715.560083571883,22792.327767660212,25973.595831471604,22492.141222054073,20628.23039966585,21510.083418259685,25338.787094383108,23957.520970651392
27522.074952089522,27532.07969691813,20896.906092513167,22586.3205830714,20115.674825170878,23245.184128199417,19948.730768180696,20673.587205647513,19578.408516143652,21941.375854466485,21267.615740077905,24311.80705521809,23278.33243245302,21180.24111791325,23006.740674474142,20512.68729647167,26418.485767494545,24715.560083571883,22792.327767660212,25973.595831471604,22020.68915467978,20628.23039966585,20880.614716664546,25338.787094383108,23957.520970651392
27168.232270591474,27532.07969691813,20896.906092513167,22586.3205830714,20115.674825170878,23245.184128199417,19679.717831731145,20673.587205647513,19578.408516143652,21941.375854466485,21267.615740077905,24311.80705521809,23278.33243245302,21180.24111791325,23006.740674474142,20512.68729647167,26418.485767494545,24715.560083571883,22674.426739983755,25973.595831471604,22020.68915467978,20628.23039966585,20880.614716664546,25338.787094383108,23751.59864057004
27168.232270591474,27532.07969691813,20896.906092513167,22586.3205830714,19481.624642182018,23245.184128199417,19223.273289928136,20673.587205647513,19578.408516143652,21941.375854466485,21267.615740077905,24311.80705521809,23278.33243245302,21180.24111791325,23006.740674474142,20512.68729647167,26418.485767494545,24567.163082353505,22674.426739983755,25580.690749632002,22020.68915467978,20628.23039966585,20880.614716664546,25338.787094383108,23751.59864057004
27168.232270591474,27443.81319848394,20896.906092513167,22586.3205830714,19481.624642182018,23245.184128199417,19223.273289928136,20673.587205647513,19578.408516143652,21707.99163180591,21267.615740077905,24311.80705521809,23278.33243245302,21180.24111791325,23006.740674474142,20512.68729647167,26418.485767494545,24567.163082353505,22648.12532201351,25580.690749632002,22020.68915467978,20628.23039966585,20880.614716664546,25338.787094383108,23262.129060365034
26522.852548147006,26840.610218814003,20896.906092513167,22586.3205830714,19481.624642182018,23161.987933539735,19223.273289928136,20673.587205647513,19578.408516143652,21707.99163180591,21267.615740077905,24311.80705521809,23278.33243245302,21180.24111791325,23006.740674474142,20512.68729647167,26305.37038979046,24265.370559893036,22648.12532201351,25450.770593917256,22020.68915467978,20628.23039966585,20880.614716664546,24593.224700399132,23262.129060365034
25910.37051623351,26840.610218814003,20896.906092513167,22586.3205830714,19481.624642182018,23161.987933539735,19009.458202837675,20673.587205647513,19335.28609665392,21707.99163180591,21267.615740077905,24311.80705521809,23278.33243245302,21180.24111791325,23006.740674474142,20512.68729647167,25968.163116319345,24265.370559893036,22611.050745865912,25450.770593917256,22020.68915467978,19999.420226946,20880.614716664546,24593.224700399132,23262.129060365034
25910.37051623351,26840.610218814003,20896.906092513167,22586.3205830714,19481.624642182018,23161.987933539735,19009.458202837675,20673.587205647513,19335.28609665392,21707.99163180591,21267.615740077905,24311.80705521809,23278.33243245302,21180.24111791325,23006.740674474142,20512.68729647167,25968.163116319345,24265.370559893036,21222.341515051896,25450.770593917256,21607.78017938624,19936.02479437284,20880.614716664546,24593.224700399132,23262.129060365034
25910.37051623351,26840.610218814003,20896.906092513167,22586.3205830714,19481.624642182018,23161.987933539735,19009.458202837675,20673.587205647513,19335.28609665392,21707.99163180591,20485.68315289698,24311.80705521809,23278.33243245302,21180.24111791325,23006.740674474142,20512.68729647167,25968.163116319345,24085.885969501098,21222.341515051896,25450.770593917256,21607.78017938624,19936.02479437284,20880.614716664546,24593.224700399132,23262.129060365034
25910.37051623351,26426.1985082998,20896.906092513167,22586.3205830714,19481.624642182018,23161.987933539735,19009.458202837675,20673.587205647513,19123.265029854803,21707.99163180591,20485.68315289698,23890.6543115974,23278.33243245302,21180.24111791325,23006.740674474142,20512.68729647167,25968.163116319345,23912.636056759653,21222.341515051896,25450.770593917256,21607.78017938624,19936.02479437284,20855.727303520023,24593.224700399132,22949.355391910976
25414.391800119225,26426.1985082998,20896.906092513167,22586.3205830714,19481.624642182018,23161.987933539735,18653.14102193455,20673.587205647513,19123.265029854803,21707.99163180591,20485.68315289698,23890.6543115974,23278.33243245302,21180.24111791325,23006.740674474142,20512.68729647167,25968.163116319345,23559.786698900924,21222.341515051896,25250.77306924258,21099.419797277453,19936.02479437284,20855.727303520023,24168.23484477592,22927.34872207527
25414.391800119225,26426.1985082998,20896.906092513167,22399.86290706553,19202.87864015497,23161.987933539735,18148.854719587325,20600.644556326253,19084.751058591268,21200.208175493666,20485.68315289698,23890.6543115974,23278.33243245302,21180.24111791325,23006.740674474142,20239.999113383245,25968.163116319345,23559.786698900924,21222.341515051896,25250.77306924258,21099.419797277453,19936.02479437284,20855.727303520023,24168.23484477592,22927.34872207527
25414.391800119225,26271.187856023607,20896.906092513167,22399.86290706553,19057.24673034105,23161.987933539735,18148.854719587325,20600.644556326253,18929.846500026164,21200.208175493666,20485.68315289698,23890.6543115974,23198.839820311223,21147.559210029107,22355.31403951072,20239.999113383245,25572.35216458873,23559.786698900924,21222.341515051896,24951.97735076699,21099.419797277453,19640.08497301458,20855.727303520023,24168.23484477592,22927.34872207527
25414.391800119225,26271.187856023607,20896.906092513167,22399.86290706553,19057.24673034105,23161.987933539735,18148.854719587325,20566.519281979497,18929.846500026164,21200.208175493666,20485.68315289698,23890.6543115974,23198.839820311223,20789.91618044726,22355.31403951072,20239.999113383245,25572.35216458873,23559.786698900924,21222.341515051896,24951.97735076699,21099.419797277453,19640.08497301458,19946.0287735541,24168.23484477592,22927.34872207527
25414.391800119225,26271.187856023607,20896.906092513167,21971.74351866403,19057.24673034105,23161.987933539735,17929.478224254897,20448.78162814153,18929.846500026164,21200.208175493666,20432.186859690108,23890.6543115974,23198.839820311223,20789.91618044726,22355.31403951072,20239.999113383245,25572.35216458873,23559.786698900924,21222.341515051896,24859.82850840585,21099.419797277453,19640.08497301458,19946.0287735541,24168.23484477592,22927.34872207527
25414.391800119225,26271.187856023607,20896.906092513167,21536.680944648277,19057.24673034105,22495.112733575912,17929.478224254897,20396.21252971382,18929.846500026164,20976.876539310888,20432.186859690108,23890.6543115974,23198.839820311223,20789.91618044726,22355.31403951072,20239.999113383245,25572.35216458873,23559.786698900924,21222.341515051896,24777.929754611,21099.419797277453,19640.08497301458,19946.0287735541,24168.23484477592,22576.798682027762
25414.391800119225,26073.901416104116,20828.85897105477,21536.680944648277,19057.24673034105,22495.112733575912,17929.478224254897,20396.21252971382,18929.846500026164,20874.247357422602,20432.186859690108,23890.6543115974,23198.839820311223,20409.39094782194,22355.31403951072,20239.999113383245,25572.35216458873,23559.786698900924,21168.59080825354,24776.613497665683,21099.419797277453,19640.08497301458,19946.0287735541,24168.23484477592,22576.798682027762
25414.391800119225,26073.901416104116,20828.85897105477,21536.680944648277,19057.24673034105,22495.112733575912,17929.478224254897,20396.21252971382,18929.846500026164,20874.247357422602,20432.186859690108,23890.6543115974,23198.839820311223,20409.39094782194,22355.31403951072,20239.999113383245,25572.35216458873,23559.786698900924,21168.59080825354,24344.72160540908,21099.419797277453,19639.885777069998,19946.0287735541,24168.23484477592,22576.798682027762
25414.391800119225,26073.901416104116,20739.00115715568,21536.680944648277,19041.468275564395,22495.112733575912,17834.454190893826,20232.33742539894,18929.846500026164,20874.247357422602,20170.44354707944,22995.34315507256,23074.501354372638,20409.39094782194,22355.31403951072,20239.999113383245,25457.178403825073,23559.786698900924,21168.59080825354,24277.738795581292,21099.419797277453,19639.885777069998,19946.0287735541,24168.23484477592,22561.63946743997
25375.40635166235,26073.901416104116,20653.12422964923,21536.680944648277,19041.468275564395,22495.112733575912,17834.454190893826,20232.33742539894,18929.846500026164,20874.247357422602,20170.44354707944,22995.34315507256,22917.573837994085,20409.39094782194,22355.31403951072,20239.999113383245,25457.178403825073,23559.786698900924,21168.59080825354,24039.566337682925,21083.48786599333,19639.885777069998,19772.033775964323,24168.23484477592,22525.347722872968
25375.40635166235,26025.537065263867,20653.12422964923,21536.680944648277,19041.468275564395,22495.112733575912,17834.454190893826,20232.33742539894,18929.846500026164,20874.247357422602,20170.44354707944,22674.80516789232,22917.573837994085,20409.39094782194,22355.31403951072,20239.999113383245,25457.178403825073,23559.786698900924,20956.331682634034,24027.50408425588,21083.48786599333,19639.885777069998,19772.033775964323,24168.23484477592,22006.081710476734
25124.34109347981,25789.325547368193,20653.12422964923,21536.680944648277,19041.468275564395,22495.112733575912,17834.454190893826,20232.33742539894,18929.846500026164,20858.453359229556,19688.84438463659,22674.80516789232,22917.573837994085,20409.39094782194,22355.31403951072,20047.69865873279,25457.178403825073,23559.786698900924,20956.331682634034,23919.224586382246,20963.696499543345,19270.332799493743,19772.033775964323,24103.351775003044,22006.081710476734
25124.34109347981,25789.325547368193,20653.12422964923,21536.680944648277,19041.468275564395,22495.112733575912,16870.228074333758,20006.482590611868,18929.846500026164,20858.453359229556,19688.84438463659,22674.80516789232,22917.573837994085,20409.39094782194,22355.31403951072,20047.69865873279,25379.724044957326,23559.786698900924,20721.4848017775,23919.224586382246,20963.696499543345,18660.847521841453,19772.033775964323,24103.351775003044,21826.520222158153
25124.34109347981,25789.325547368193,20653.12422964923,21536.680944648277,19022.56729546132,22495.112733575912,16870.228074333758,20006.482590611868,18929.846500026164,20858.453359229556,19688.84438463659,22657.532582146523,22611.431336275255,20409.39094782194,22257.178587093742,20047.69865873279,25379.724044957326,23516.75465494214,20721.4848017775,23919.224586382246,20963.696499543345,18660.847521841453,19772.033775964323,24103.351775003044,21826.520222158153
25124.34109347981,25789.325547368193,20653.12422964923,21425.969632654545,19022.56729546132,22495.112733575912,16870.228074333758,20006.482590611868,18668.28853097163,20858.453359229556,19688.84438463659,21704.86940741665,22611.431336275255,20409.39094782194,22207.627443604473,20047.69865873279,25379.724044957326,23516.75465494214,20721.4848017775,23869.90860228956,20963.696499543345,18660.847521841453,19772.033775964323,24103.351775003044,21825.59700071536
24852.33490171712,25789.325547368193,20653.12422964923,21425.969632654545,19022.56729546132,22495.112733575912,16870.228074333758,20006.482590611868,18668.28853097163,20858.453359229556,19688.84438463659,21704.86940741665,22396.66136390658,20409.39094782194,21815.014176102963,20047.69865873279,25028.483958633522,23486.565653372858,20721.4848017775,22994.82016674972,20963.696499543345,18660.847521841453,19772.033775964323,24103.351775003044,21825.59700071536
24852.33490171712,25789.325547368193,20653.12422964923,21425.969632654545,19022.56729546132,22396.690253320638,16870.228074333758,20006.482590611868,18668.28853097163,20858.453359229556,19688.84438463659,21704.86940741665,22396.66136390658,20409.39094782194,21815.014176102963,20047.69865873279,25028.483958633522,23486.565653372858,20721.4848017775,22707.91430573064,20963.696499543345,18660.847521841453,19772.033775964323,24103.351775003044,21639.41743177615
24852.33490171712,25573.872653586273,20524.557888324856,21425.969632654545,18727.13543518174,22396.690253320638,16870.228074333758,20006.482590611868,18615.56540804598,20858.453359229556,19681.70550628521,21704.86940741665,22396.66136390658,20409.39094782194,21611.749642003924,19421.1855933495,24724.739112246203,23395.28875513877,20231.918083567336,22707.91430573064,20963.696499543345,18660.847521841453,18954.788843008646,24060.41057241428,20655.15431577527
24852.33490171712,25573.872653586273,19770.886238552805,21425.969632654545,18727.13543518174,22396.690253320638,16870.228074333758,19824.023319284945,18615.56540804598,20858.453359229556,19681.70550628521,21704.86940741665,22396.66136390658,20409.39094782194,21523.17034853786,19421.1855933495,24724.739112246203,23395.28875513877,20231.918083567336,22707.91430573064,20832.54995095304,18660.847521841453,18323.65753731654,23742.533007903305,20655.15431577527
24668.70821695373,25450.61533629931,19770.886238552805,21425.969632654545,18727.13543518174,22396.690253320638,16870.228074333758,19808.483020251642,18322.187987200545,20776.005732396367,19681.70550628521,21704.86940741665,22396.66136390658,20409.39094782194,21289.99149179149,19421.1855933495,24724.739112246203,23395.28875513877,20231.918083567336,22707.91430573064,20832.54995095304,18660.847521841453,18323.65753731654,23393.220152282567,20655.15431577527
24668.70821695373,25173.234791610354,19770.886238552805,21425.969632654545,18727.13543518174,22396.690253320638,16870.228074333758,19437.209295317043,18322.187987200545,20662.61857194563,19577.28927317158,21704.86940741665,22307.69070058499,20409.39094782194,21261.463954682215,19421.1855933495,24724.739112246203,23395.28875513877,20231.918083567336,22707.91430573064,20832.54995095304,18660.847521841453,18323.65753731654,23393.220152282567,20655.15431577527
24668.70821695373,25173.234791610354,19770.886238552805,21425.969632654545,18727.13543518174,22396.690253320638,16870.228074333758,19332.263394104797,18322.187987200545,20662.61857194563,19577.28927317158,21704.86940741665,22098.074468791874,20409.39094782194,21038.442532977722,19421.1855933495,24724.739112246203,23395.28875513877,20231.918083567336,22707.91430573064,20571.693779134075,18660.847521841453,18323.65753731654,23393.220152282567,20655.15431577527
24668.70821695373,25173.234791610354,19563.80949268826,21425.969632654545,18727.13543518174,21820.35639778702,16870.228074333758,19332.263394104797,18322.187987200545,20662.61857194563,19577.28927317158,21704.86940741665,21062.92756019501,20253.27898928001,21038.442532977722,19421.1855933495,24724.739112246203,23395.28875513877,20037.306265931427,22707.91430573064,20571.693779134075,18488.249981795136,18323.65753731654,23267.899994931653,20655.15431577527
24668.70821695373,25173.234791610354,19563.80949268826,21425.969632654545,18727.13543518174,21820.35639778702,16870.228074333758,19332.263394104797,18277.508377488324,20370.495406703623,19577.28927317158,21704.86940741665,21062.92756019501,20253.27898928001,21038.442532977722,19421.1855933495,24724.739112246203,23395.28875513877,20037.306265931427,22187.282127915216,20571.693779134075,18488.249981795136,18323.65753731654,22849.150996951543,20655.15431577527
24017.29536493189,25173.234791610354,19563.80949268826,21367.566365667826,18727.13543518174,21820.35639778702,16870.228074333758,19331.838573939003,18277.508377488324,20370.495406703623,19386.404513248977,21704.86940741665,21062.92756019501,20253.27898928001,21038.442532977722,19421.1855933495,24724.739112246203,23395.28875513877,20037.306265931427,22187.282127915216,20571.693779134075,18195.384433773703,18323.65753731654,22849.150996951543,20655.15431577527
24017.29536493189,25173.234791610354,19563.80949268826,21367.566365667826,18296.986655559296,21764.8321436013,16870.228074333758,19107.1075943372,18277.508377488324,20370.495406703623,19386.404513248977,21487.47626791206,21062.92756019501,20253.27898928001,21038.442532977722,19421.1855933495,24724.739112246203,22905.868641187477,19779.29000862777,22187.282127915216,20571.693779134075,18195.384433773703,18323.65753731654,22849.150996951543,20655.15431577527
24017.29536493189,25173.234791610354,19563.80949268826,21367.566365667826,18296.986655559296,21764.8321436013,16870.228074333758,19107.1075943372,18277.508377488324,20278.140655520707,19335.552332849235,21018.931525936365,21062.92756019501,20253.27898928001,21038.442532977722,19417.379095956876,24724.739112246203,22905.868641187477,19779.29000862777,22187.282127915216,20571.693779134075,18195.384433773703,18323.65753731654,22849.150996951543,20646.864496390015
23790.50932030056,25173.234791610354,19563.80949268826,21367.566365667826,18296.986655559296,21764.8321436013,16870.228074333758,19107.1075943372,17607.725502012752,20278.140655520707,19335.552332849235,21018.931525936365,21062.92756019501,20253.27898928001,21033.349466806038,19417.379095956876,24724.739112246203,22905.868641187477,19779.29000862777,22187.282127915216,20571.693779134075,18195.384433773703,18323.65753731654,22849.150996951543,20646.864496390015
23655.204388136975,25173.234791610354,19367.69003871256,21123.69958392086,17980.892051483803,21412.682194667643,16870.228074333758,19107.1075943372,17607.725502012752,20192.13854875079,19147.425833155714,21018.931525936365,21062.92756019501,20253.27898928001,21033.349466806038,19063.029633785343,24724.739112246203,22905.868641187477,19779.29000862777,21827.437109276147,20566.443120888398,18195.384433773703,18323.65753731654,22265.29213149027,20646.864496390015
23462.43475402505,24748.543110832696,19367.69003871256,20882.07365880714,17980.892051483803,21412.682194667643,16870.228074333758,19107.1075943372,17315.95988015979,20192.13854875079,19147.425833155714,21018.931525936365,21062.92756019501,20253.27898928001,21033.349466806038,19063.029633785343,24721.95622330059,22859.056283402024,19779.29000862777,21653.335749071313,20566.443120888398,18195.384433773703,18106.389235156334,22265.29213149027,20646.864496390015
23462.43475402505,24748.543110832696,19367.69003871256,20882.07365880714,17980.892051483803,21320.738934639245,16730.880839046557,18832.06077154955,17315.95988015979,19850.924473140407,19119.34899355659,21018.931525936365,21062.92756019501,19964.63431047967,21033.349466806038,19063.029633785343,24518.041081005656,22656.185417209155,19779.29000862777,21653.335749071313,20566.443120888398,18195.384433773703,18106.389235156334,22265.29213149027,20646.864496390015
23462.43475402505,24485.78568536282,19367.69003871256,20882.07365880714,17980.892051483803,21276.177553755246,16724.135161639962,18832.06077154955,17315.95988015979,19850.924473140407,19119.34899355659,21018.931525936365,21062.92756019501,19964.63431047967,21033.349466806038,18742.817895591485,24518.041081005656,22656.185417209155,19779.29000862777,21653.335749071313,20566.443120888398,18195.384433773703,18106.389235156334,22265.29213149027,20588.370317728957
23462.43475402505,24485.78568536282,19367.69003871256,20665.03895573611,17934.68422557025,21276.177553755246,16702.619519249558,18644.691672332592,17315.95988015979,19850.924473140407,19119.34899355659,21018.931525936365,21062.92756019501,19964.63431047967,20821.909577338425,18742.817895591485,24518.041081005656,22581.5151980449,19779.29000862777,21653.335749071313,20197.110801558392,18066.353157077127,17830.404545360107,22265.29213149027,20588.370317728957
23066.695078634497,24485.78568536282,19367.69003871256,20665.03895573611,17934.68422557025,21276.177553755246,16702.619519249558,18644.691672332592,17315.95988015979,19850.924473140407,19058.10690961953,21018.931525936365,21062.92756019501,19964.63431047967,20821.909577338425,18742.817895591485,23743.089073927316,22581.5151980449,19779.29000862777,21588.733232516886,20197.110801558392,18066.353157077127,17830.404545360107,22265.29213149027,20588.370317728957
23066.695078634497,24485.78568536282,19367.69003871256,20665.03895573611,17934.68422557025,21276.177553755246,16702.619519249558,18149.57570466012,17315.95988015979,19145.873769848888,19058.10690961953,20925.22885168705,20772.362610530028,19964.63431047967,20787.17428659048,18742.817895591485,23743.089073927316,22581.5151980449,19771.320710659213,21588.733232516886,20197.110801558392,18066.353157077127,17415.424952804227,22265.29213149027,20588.370317728957
23066.695078634497,24485.78568536282,19367.69003871256,20665.03895573611,17934.68422557025,21276.177553755246,16702.619519249558,18149.57570466012,17315.95988015979,19145.873769848888,19058.10690961953,20925.22885168705,20772.362610530028,19964.63431047967,20668.524630990585,18393.954576641052,23743.089073927316,22438.082670573418,19674.043351004657,21588.733232516886,20197.110801558392,18066.353157077127,17415.424952804227,22265.29213149027,20029.85113547327
23066.695078634497,24314.72765347716,19255.704397612142,20665.03895573611,17934.68422557025,21265.419120720737,16702.619519249558,18149.57570466012,17315.95988015979,19145.873769848888,19025.068111536686,20504.499665462852,20731.39862862552,19964.63431047967,20283.06856330817,18121.86637053843,23743.089073927316,22438.082670573418,19674.043351004657,21316.891204361662,20197.110801558392,18066.353157077127,16537.375900072053,22265.29213149027,20029.85113547327
23066.695078634497,24314.72765347716,19222.441280173036,20665.03895573611,17803.17560061082,21265.419120720737,16702.619519249558,18149.57570466012,17315.95988015979,19145.873769848888,18851.756846924316,20504.499665462852,20731.39862862552,19964.63431047967,19643.13290167778,18121.86637053843,23743.089073927316,22438.082670573418,19656.528741219026,21316.891204361662,20197.110801558392,17884.871159409202,16537.375900072053,22265.29213149027,20029.85113547327
23066.695078634497,24158.287591204273,19222.441280173036,20665.03895573611,17803.17560061082,20935.140675704308,16702.619519249558,18149.57570466012,17279.8079040957,19145.873769848888,18851.756846924316,20504.499665462852,20417.982753343684,19964.63431047967,19643.13290167778,18121.86637053843,23743.089073927316,22274.966711441346,19087.90394825767,21316.891204361662,20197.110801558392,17884.871159409202,16537.375900072053,22265.29213149027,20029.85113547327
23066.695078634497,24158.287591204273,19112.906829488766,20665.03895573611,17803.17560061082,20935.140675704308,16670.73964375599,18147.50492024278,17279.8079040957,19145.873769848888,18851.756846924316,20504.499665462852,20417.982753343684,19964.63431047967,19643.13290167778,18121.86637053843,23508.690064023922,22274.966711441346,19087.90394825767,21316.891204361662,20189.6784413813,17884.871159409202,16537.375900072053,22265.29213149027,20029.85113547327
23066.695078634497,24158.287591204273,19112.906829488766,20665.03895573611,17803.17560061082,20935.140675704308,16631.650176472842,18147.50492024278,17228.137214327486,18914.08364591159,18766.868872860265,20504.499665462852,20140.306566411666,19964.63431047967,19643.13290167778,18121.86637053843,23508.690064023922,21883.37774882724,19087.90394825767,20707.848694918757,20189.6784413813,17884.871159409202,16537.375900072053,22262.875999967033,19725.04259504671
22583.315371469933,24158.287591204273,19039.412068159498,20440.166225622663,17520.457911799982,20935.140675704308,16364.19571006816,18111.915651385265,16676.58052637351,18914.08364591159,18766.868872860265,20504.499665462852,19742.842031278116,19964.63431047967,19643.13290167778,18121.86637053843,23508.690064023922,21883.37774882724,19087.90394825767,20707.848694918757,19923.508574701536,17619.111461512563,16537.375900072053,22037.907693418405,19725.04259504671
22583.315371469933,24158.287591204273,19039.412068159498,20440.166225622663,17520.457911799982,20935.140675704308,16364.19571006816,17836.18462653589,16676.58052637351,18914.08364591159,18766.868872860265,20236.056169726828,19742.842031278116,19837.819492657807,19643.13290167778,18121.86637053843,23508.690064023922,21883.37774882724,19087.90394825767,20707.848694918757,19923.508574701536,17619.111461512563,16537.375900072053,22037.907693418405,19725.04259504671
22583.315371469933,24158.287591204273,19017.385246712554,20134.877994874183,17213.75304954138,20935.140675704308,16364.19571006816,17535.278436376724,16676.58052637351,18914.08364591159,18766.868872860265,20173.23259437606,19742.842031278116,19837.819492657807,19487.73535053918,18045.49662493045,23270.90153676949,21829.186253296437,19087.90394825767,20707.848694918757,19811.594881597495,17524.20759366691,16537.375900072053,21937.103262636967,19643.265875230998
22583.315371469933,24158.287591204273,18824.716087749286,19737.106305745754,17155.237432781738,20494.143925931483,16364.19571006816,17535.278436376724,16676.58052637351,18914.08364591159,18766.868872860265,19715.058458887474,19742.842031278116,19698.42252982942,19487.73535053918,18045.49662493045,23270.90153676949,21829.186253296437,19087.90394825767,20707.848694918757,19811.594881597495,17524.20759366691,16537.375900072053,21285.339715293125,19543.722576174354
22583.315371469933,23740.86109382614,18824.716087749286,19737.106305745754,17155.237432781738,20494.143925931483,16364.19571006816,17535.278436376724,16676.58052637351,18914.08364591159,18702.52880144547,19715.058458887474,19742.842031278116,19156.98066733357,19487.73535053918,18045.49662493045,23270.90153676949,21490.17775395163,19087.90394825767,20707.848694918757,19811.594881597495,17409.789797796184,16537.375900072053,21285.339715293125,19376.251922718682
22583.315371469933,23740.86109382614,18824.716087749286,19737.106305745754,17147.577887353877,20494.143925931483,16364.19571006816,17535.278436376724,16676.58052637351,18914.08364591159,18702.52880144547,19715.058458887474,19434.380361100895,19156.98066733357,19291.070904921762,18045.49662493045,23204.615980014813,21490.17775395163,19087.90394825767,20707.848694918757,19811.594881597495,17409.789797796184,15901.34636827994,21224.74892858732,19376.251922718682
22390.889357010332,23740.86109382614,18824.716087749286,19737.106305745754,17147.577887353877,20494.143925931483,16364.19571006816,17535.278436376724,16676.58052637351,18886.72411027685,18619.37311824374,19715.058458887474,19434.380361100895,19156.98066733357,19291.070904921762,17865.74643752764,22690.386227613344,21435.766684855356,19087.90394825767,20707.848694918757,19811.594881597495,17409.789797796184,15901.34636827994,21224.74892858732,19376.251922718682
22390.889357010332,23623.37646770562,18824.716087749286,19322.567020533465,17147.577887353877,20494.143925931483,16364.19571006816,17535.278436376724,16385.597843179094,18886.72411027685,18387.81885867413,19715.058458887474,19434.380361100895,19156.98066733357,19291.070904921762,17865.74643752764,22690.386227613344,21435.766684855356,19050.165346912334,20129.37682831772,19811.594881597495,17409.789797796184,15901.34636827994,21224.74892858732,18608.861303437938
21982.584366064493,23623.37646770562,18824.716087749286,19322.567020533465,17147.577887353877,20494.143925931483,16262.212573830864,17535.278436376724,16385.597843179094,18886.72411027685,18387.81885867413,19528.43433398316,19267.03292951456,19102.7263692832,19291.070904921762,17865.74643752764,22690.386227613344,21435.766684855356,18986.562519959818,20129.37682831772,19811.594881597495,17409.789797796184,15901.34636827994,21224.74892858732,18608.861303437938
21982.584366064493,23623.37646770562,18824.716087749286,19110.24698702448,17147.577887353877,20494.143925931483,16090.530591983326,16922.021607014307,16385.597843179094,18886.72411027685,18387.81885867413,19528.43433398316,19267.03292951456,19102.7263692832,19108.471037509342,17865.74643752764,22690.386227613344,21435.766684855356,18986.562519959818,20129.37682831772,19811.594881597495,17409.789797796184,15901.34636827994,21145.697432988145,18608.861303437938
21759.15683641607,23623.37646770562,18824.716087749286,19110.24698702448,16591.060289449175,20494.143925931483,16026.820342906954,16922.021607014307,16385.597843179094,18886.72411027685,18387.81885867413,19528.43433398316,18787.125791749946,19102.7263692832,19108.471037509342,17865.74643752764,22690.386227613344,21435.766684855356,18986.562519959818,19447.69458225036,19802.884772732017,17409.789797796184,15901.34636827994,20940.487851636502,18608.861303437938
21759.15683641607,23506.69160250381,18824.716087749286,19110.24698702448,16591.060289449175,20469.798248657262,16026.820342906954,16922.021607014307,16260.250733708164,18796.97108319786,18202.33732375658,18827.41266100022,18787.125791749946,19053.580692241863,19108.471037509342,17702.871946099574,22690.386227613344,21435.766684855356,18867.281709103594,19447.69458225036,19802.884772732017,17409.789797796184,15901.34636827994,20475.87842539207,18608.861303437938
21332.272900803455,23433.151405257388,18824.716087749286,19110.24698702448,16591.060289449175,20469.798248657262,16026.820342906954,16922.021607014307,16260.250733708164,18769.14795187465,17914.112264384476,18827.41266100022,18787.125791749946,18796.667556491593,19108.471037509342,17702.871946099574,22690.386227613344,21435.766684855356,18822.239809823226,19447.69458225036,19802.884772732017,17409.789797796184,15901.34636827994,20475.87842539207,18608.861303437938
20733.406902333532,23166.913994472896,18515.271414389037,19110.24698702448,16591.060289449175,20050.759953520075,15920.567815565068,16922.021607014307,16260.250733708164,18667.69679420757,17914.112264384476,18827.41266100022,18787.125791749946,18796.667556491593,18513.07565147891,17494.201121219703,22690.386227613344,21196.55249120914,18548.841443714373,19447.69458225036,19509.63870897726,17228.7978457575,15725.651610919867,20185.595219753908,18608.861303437938
20101.171622422902,23166.913994472896,18474.922968036975,18599.76510973031,16553.804110506095,19927.52221842741,15699.167706260858,16674.132911373516,16260.250733708164,18267.015977593986,17690.756804621087,18827.41266100022,18440.974354895978,18679.09186891603,18513.07565147891,17465.898802077707,22690.386227613344,21173.12727996228,18361.129939280625,19447.69458225036,19440.0380172835,17110.429083518913,15725.651610919867,20185.595219753908,18533.849439346115
20101.171622422902,22988.283754000637,18335.042835939246,17843.893228054454,15442.770094969843,19690.94188319416,15520.71125063805,16674.132911373516,15981.893435116312,17906.419961878313,17690.756804621087,18708.067795532384,18440.974354895978,18673.485625416597,18513.07565147891,16985.665605196114,22407.322305080004,20622.57923898361,18225.41728774818,19447.69458225036,19418.140393818267,17016.309016629457,15387.368165085569,20181.206008771784,18499.474278867518
20046.40099484056,22894.240022699963,18335.042835939246,17237.203597208558,15160.487842234039,19690.94188319416,15330.120114896352,16674.132911373516,15820.54703367941,17906.419961878313,17690.756804621087,18708.067795532384,18440.974354895978,18425.235152209658,18255.464661615973,16985.665605196114,22374.744245294052,20568.04689032309,18052.263139810377,18665.10579175607,19206.769437675015,16959.51717745602,15198.303853972278,19921.234272060126,18499.474278867518
20046.40099484056,22701.244356379157,18303.182649488284,17237.203597208558,15046.370108195879,19690.94188319416,15149.447858262192,16642.595310740373,15578.81003516191,17683.222721850776,17514.336210505386,18708.067795532384,18440.974354895978,18425.235152209658,18217.64002774628,16523.656771746442,22254.789608444255,20360.856879070234,17899.871789097768,18623.495352030477,19022.84219453101,16755.236541980023,15008.734069452417,19837.314029555837,17843.74169484224
20046.40099484056,22353.242285206656,18242.370584928693,16597.266744922752,15046.370108195879,19690.94188319416,15149.447858262192,16592.018253642946,15531.21082057562,17447.63976363038,17338.285761566767,18234.480885737223,18252.27312859206,18265.981504161384,17902.126638479484,16094.669313633369,22148.276234516663,20338.564769744436,17322.200347295344,18623.495352030477,19022.84219453101,16361.419217559906,14620.999838626223,19837.314029555837,17843.74169484224
19970.416802727203,22353.242285206656,18186.549451142047,16384.63547539575,14562.510683015991,19543.911121449753,14895.875043466142,16367.807783273656,15216.309001496511,17318.521922439766,17338.285761566767,17841.882512910488,17824.79069610854,17831.83102068269,17802.037076844685,15782.322235782052,22033.009958987877,20047.255638437713,17322.200347295344,18292.178441940905,18890.730731078125,16136.974473926048,14417.530299501565,19837.314029555837,17352.783222549602
19970.416802727203,22322.120192295428,18186.549451142047,16384.63547539575,14559.201423195895,19492.40105560787,14569.245727442853,16351.026317593769,15216.309001496511,17318.521922439766,17079.413197662987,17841.882512910488,17643.681922324504,17383.979331893926,17388.396603316865,15653.79496112112,21635.988437965796,19984.865432159277,17140.468695633695,18027.356143471723,18696.78484118176,16083.995360678802,14417.530299501565,19811.427185359786,17254.211369514782
19543.58996761567,22206.313548240465,17912.173239406307,16384.63547539575,14559.201423195895,19276.260095214788,14562.569359301833,16056.523336640344,15149.158516278452,16691.826589032586,17079.413197662987,17742.187467839198,17584.826215841324,17193.61298049053,17028.15147758668,15605.021242194773,21554.012965010694,19963.514438875627,16870.75427453113,17696.780812610876,18680.938734936804,15939.482422102754,14122.307617727205,19811.427185359786,17254.211369514782
19089.11369051764,21844.830337324216,17881.391769902984,16384.63547539575,14554.70008358317,18765.745856100653,14173.09818336997,15913.85997717363,14893.143044123626,16399.131321531167,16959.599750203943,17623.579350731023,17446.635580590417,17141.420373291367,17028.15147758668,15372.488805453386,21345.220353374494,19743.008126311437,16736.548386318107,17696.780812610876,17996.670450260608,15707.08410333641,14013.339947302233,19639.201560089383,17238.68338157968
19089.11369051764,21799.955855999437,17815.108445873382,15604.196050199256,14173.13017088742,18765.745856100653,14120.608826288755,15855.11104554436,14760.801972767214,16351.632235868918,16935.88247224666,17370.753417068467,17446.635580590417,16741.36619577428,17028.15147758668,15197.358587207545,21260.71434150348,19579.214522706487,16704.071694659164,17306.474347533105,17996.670450260608,15433.677047693849,13766.144444614718,19485.217257813874,17238.68338157968
19089.11369051764,21333.9057019043,17727.351348806384,15545.790585382107,14173.13017088742,18765.745856100653,13901.370772584092,15523.81300467111,14593.902295996988,16289.794396707517,16935.88247224666,17370.753417068467,17063.134017339515,16741.36619577428,16716.739215587262,15116.971283716526,21077.73770862213,19418.14313961498,16466.89191667869,17229.291732121983,17996.670450260608,15402.920826371692,13260.137405319727,19186.118250945394,17238.68338157968
18893.92149174813,21060.310456330037,17455.24469282419,15377.932709689177,14132.743440287699,18765.745856100653,13613.116450735493,15420.302242552425,14555.329608681313,16265.296291550587,16624.57357577007,17261.32336548862,17063.134017339515,16741.36619577428,16226.907633616182,15096.873321323334,20924.54837592242,19302.4389835412,16466.89191667869,17083.993210166038,17875.885550903942,15402.920826371692,13260.137405319727,19186.118250945394,17048.0934016452
18893.92149174813,21025.937475063507,17280.086405480168,15224.861268580356,13636.366072866258,18472.20111067789,13613.116450735493,15420.302242552425,14347.445303832097,16116.069882095124,16392.286284324713,17170.429319771258,16923.342008640022,16729.093194134228,16194.322319436951,15079.087771174325,20695.911605365785,19185.678474162825,15947.884535848121,17077.933645821286,17781.45988187741,15016.542812495112,13260.137405319727,18974.691653407357,17048.0934016452
18690.799400059106,20728.881436278425,17267.21059116527,14898.792596480254,13611.2162315748,18472.20111067789,13358.78348387231,15353.21970987699,14316.43666926086,15990.211632603949,16263.571201327648,17170.429319771258,16891.90811398531,16621.568424682886,16076.054205290278,14798.054560861721,20600.135222867917,19159.02026946581,15932.211104109932,17077.933645821286,17781.45988187741,15016.542812495112,13159.5002260057,18936.268923073807,16723.164265264037
18443.869930182635,20725.768740847878,17245.501903224562,14746.373505370519,13442.402500821223,18449.683066149246,13358.78348387231,15149.406362307951,14160.290611339435,15990.211632603949,16023.113184734353,16836.396049269948,16705.675900303177,16621.568424682886,16064.604441468882,14507.927840697004,20549.114177135176,19077.96652671936,15918.044197795058,16932.584236292016,17710.393975969564,14782.205792082934,13109.459932423444,18679.77840285697,16723.164265264037
18222.312361233155,20405.3776762474,17166.37304961875,14746.373505370519,13272.147312053376,18175.745246431128,13301.751149854032,14979.485827552417,14024.435684016262,15990.211632603949,15883.388230980734,16836.396049269948,16505.865254227287,16356.757611578527,15835.803649351063,14438.659801737567,20490.197364359003,19077.96652671936,15918.044197795058,16681.822193607622,17588.17267769281,14628.34713881261,12697.01344406135,18679.77840285697,16432.875644007865
18222.312361233155,20349.564911523692,17071.841537935004,14724.64562632719,13157.738747570795,17966.096358278788,13020.855686998313,14840.34840339917,14024.435684016262,15828.617764696757,15651.325786514682,16802.069836898594,16364.941595108221,16086.099370335585,15675.278399792054,14120.672329409144,20244.64847946932,19061.101870212744,15762.374352377597,16323.969030464206,17588.17267769281,14405.335564853078,12697.01344406135,18472.172385501766,16330.067341786951
18180.482248213557,19975.42011128968,17016.026359867592,14688.304045368901,13063.313780732327,17899.780870334092,12761.694268733345,14840.34840339917,13883.128276460711,15775.593705549207,15651.325786514682,16791.2148473005,16348.21192603724,16086.099370335585,15675.278399792054,14066.14463664523,20244.64847946932,18889.831853452244,15582.705083088716,16323.969030464206,17530.185293659295,14316.138216944606,12528.315670275322,18137.416365951976,16028.681751548815
18082.767301143303,19899.897473669676,16950.733408162618,14440.750735528156,12730.601848870036,17704.941275211317,12542.164732313819,14776.326644570305,13838.902942314959,15674.766539232964,15240.454351540122,16597.230880356634,16188.877964593783,15875.920770582094,15446.212206736207,13942.109087170855,20232.204165079864,18686.60728175311,15567.131282636206,16080.017497455341,17377.366863162868,14089.301026737785,12528.315670275322,18066.02159661663,16028.681751548815
17825.17354636787,19899.897473669676,16697.71429581254,14223.540987188713,12544.37404598516,17498.767987428073,12390.78715761261,14718.26814258006,13721.774503837009,15510.252355564757,14895.632415412427,16549.544092008444,16102.631461411356,15641.618063188516,15446.212206736207,13691.555265619048,20031.89214624255,18529.573076173445,15419.674832062365,15976.522192181543,17377.366863162868,13719.003402813805,12219.031097900912,18066.02159661663,15863.829442855062
17761.876938533256,19899.897473669676,16602.415358932027,13655.125052052894,12467.79685767991,17199.47996468725,12056.947185427747,14488.7183751479,13628.860231534452,15510.252355564757,14895.632415412427,16333.809014965902,16035.244615249849,15641.618063188516,15310.2995565457,13578.374245790292,19933.967092265702,18000.062195557046,14982.73034862052,15819.723142391338,17248.870494027626,13637.393509312247,12146.22672247683,17906.152705119384,15586.10248940224
17663.539662788622,19689.730815698753,16410.941816501425,13555.486934730781,12157.13204589105,17081.41445720187,11924.627590215903,14435.882994776066,13581.273359125764,15427.533831422394,14867.057869619084,16166.89020438167,15805.25075793819,15641.618063188516,15209.277778959427,13466.925293645467,19770.57486872142,18000.062195557046,14895.138929582972,15274.847084552304,17190.697468608443,13609.288401960497,11766.322413565189,17653.078215443013,15267.096425740254
17516.728608953075,19584.60727489759,16384.832717999972,13384.643535310537,11908.566595715158,16738.48320004244,11769.389003815275,14187.154238129317,13570.20182101348,15224.818633045945,14520.380286565343,16049.352645129984,15524.140197751343,15331.669894046165,15113.313240482812,13466.925293645467,19770.57486872142,18000.062195557046,14486.652727904895,15194.200571448671,16985.76194033405,13168.381761475935,11562.011522003884,17577.96362628639,15267.096425740254
17138.275114287637,19563.4993811279,16055.558134330684,13216.792698675205,11860.0838091228,16609.05660632772,11743.410459526713,14187.154238129317,13407.978269421783,15106.943754280144,14131.656940396952,16014.143609993516,15524.140197751343,15135.302107175445,14981.227803284795,13312.975433597,19655.357141168333,17595.975986482852,14486.652727904895,15187.064667140325,16902.420349120308,13050.971335203858,11307.035962361024,17577.96362628639,15267.096425740254
17052.942798929747,19423.592815018485,15869.026638638687,13216.792698675205,11614.090063743022,16403.060080173287,11740.947211569552,14162.346481933497,13328.455851466411,14986.848018114166,14081.322880293737,15968.682673378822,15372.982277309811,15053.532984815844,14894.17606471368,13134.858126632724,19406.669012964725,17595.975986482852,14414.165089227492,15111.949469203115,16706.54171258238,12744.236854017676,11120.514792853275,17430.237858211964,15218.927910444081
16838.550683858797,19298.650404593805,15818.670820001813,13131.98378634723,11584.276925757571,16331.941046117981,11559.672674181526,14040.533387075393,13141.976575516006,14890.538154575846,14081.322880293737,15708.216707363688,15320.33190012695,15011.993507438781,14635.158674872804,12959.19899059834,19320.21553996852,17506.323714152917,14414.165089227492,14814.777380757505,16699.66735622476,12744.236854017676,11101.675735817593,17299.514486013275,15114.593908426577
16539.76747191836,19161.078710078033,15799.025320996932,13111.806650853392,11470.68508677365,16086.87030315523,11538.448726969526,13959.607121602749,13091.13611125369,14698.890621052251,14081.322880293737,15540.637756497108,15108.314514732523,14920.405256324259,14510.984133679265,12869.966774261948,19243.009833961754,17281.63300406463,14151.359693722707,14713.446938472502,16524.436800100775,12744.236854017676,11057.770268961794,17111.177971696437,15072.79424303964
16448.47994201329,18998.616531038373,15693.810778523037,13006.22978662733,11321.726243269874,15997.447506438479,11499.789602633897,13830.367953128234,13001.213140577991,14698.890621052251,14005.079889205215,15394.916642080136,15108.314514732523,14710.481999582009,14467.187158486262,12800.677516765612,18970.865335281283,17146.976775343588,14059.189796043473,14642.103436890944,16380.110477169012,12577.80800468624,10713.322694660794,17111.177971696437,14922.55209220192
15726.577284020554,18776.242332565474,15683.912257249725,12877.414487532915,11241.823071703413,15818.30819826626,11337.292477451774,13702.396386922637,12686.658061976403,14654.325919280089,13808.713343743193,15394.916642080136,15108.314514732523,14570.768418612275,14356.991739677664,12658.290795296329,18575.896128770684,16804.064477714615,13938.166676605908,14642.103436890944,16173.343230243885,12310.12174127945,10713.322694660794,16806.838567078976,14862.77991991402
15726.577284020554,18711.8543205891,15627.334967106668,12726.744816398712,11241.823071703413,15631.264989393061,11090.432333832467,13702.396386922637,12678.340308087829,14642.106972533567,13617.912499813858,15319.737664882476,15029.64336425111,14570.768418612275,14356.991739677664,12596.60703170189,18360.43857081254,16654.553716080947,13585.79908393525,14466.23270901974,16173.343230243885,12224.465809408432,10712.136674202258,16748.739140754107,14724.150926756753
15726.577284020554,18711.8543205891,15616.979445999583,12703.400966745328,11233.665753732996,15517.251826214711,10927.588716092017,13687.030674201813,12676.909553290961,14335.213775221333,13617.912499813858,14863.030893968398,14968.363105520462,14402.41771906567,14268.315555441604,12297.6246912062,18218.926791949212,16652.63536501548,13585.79908393525,14410.639670031562,16066.450029843525,12156.678326847852,10561.69552275551,16562.869606840984,14658.224452720118
15699.712217657774,18645.524609398017,15550.125649597057,12561.840876386215,11068.866681700527,15352.75427111755,10831.3053108387,13534.387477507194,12491.639147414739,14292.668451159283,13534.363464987744,14715.6303934085,14811.208058242408,14194.271008443688,14238.242883319677,12281.93953084308,18126.932806039484,16542.026069237138,13585.79908393525,14269.65186546671,16010.946987027373,12069.491764164019,10455.608816911099,16480.142575236005,14456.73906879859
15638.209029568765,18347.11062901313,15460.15704144047,12532.681095815085,11015.867563763046,15352.75427111755,10820.93751162594,13534.387477507194,12480.343430807803,14175.167595346278,13321.707988191893,14547.528456898306,14734.378467000744,14083.90599719261,14225.518053007434,12281.93953084308,17942.434341137465,16304.820291799057,13504.559557279568,14236.989576000455,15981.017129405196,12069.491764164019,10154.607873305898,16310.02197638386,14208.18122663643
15333.845804627044,18207.035771051138,15423.506506187343,12387.861100774695,10956.69974781475,15230.0873385838,10708.13765695922,13451.379035340473,12421.18931114067,14128.233139177566,13247.156258483425,14416.1513460378,14590.639857968841,13961.542796160335,14185.428086645026,12242.278738621058,17837.087482955816,16304.820291799057,13437.658579714851,14118.465964616425,15948.44324836929,12005.860659226877,10154.607873305898,16300.635968315522,14194.206857543126
15333.845804627044,18142.46709262403,15382.497000233372,12302.629495051557,10821.945197062438,15222.993417076626,10708.13765695922,13419.678244838327,12345.510587453358,14045.263814678032,13086.915666320288,14336.298487157675,14486.23951004148,13862.353375635212,14185.105268176832,12156.425053019242,17738.77764747519,16142.39971071153,13437.658579714851,13999.906108181349,15753.344561684884,11853.18086930498,10154.607873305898,16284.344092243471,13891.795794230282
15123.078138455174,17988.520343735414,15166.158716971653,12209.804623958073,10739.13008018436,15039.634698463538,10537.906972975641,13285.328290253425,12180.925688649371,14045.263814678032,13086.915666320288,14336.298487157675,14446.689200880537,13753.584531624438,13954.93959189182,12087.654252328335,17597.005951229807,16142.39971071153,13268.547948126623,13846.299225494646,15753.344561684884,11806.980697536617,10074.1658458188,16194.917267943163,13824.720284574612
15056.054720229773,17776.44066582249,15166.158716971653,12209.804623958073,10706.693174751976,14943.175768200867,10431.44295528752,13285.328290253425,12090.9734393638,13632.18745190261,12960.838392405036,14247.386586369557,14125.304358132538,13748.243207502383,13866.031716538311,11888.553974464949,17445.67023193767,16142.39971071153,13268.547948126623,13724.591000786064,15614.903197523643,11724.419427828723,9906.593101914885,15882.428857072233,13824.720284574612
14948.775063790885,17684.363879260418,15140.422335146493,12170.384667879185,10587.175157619626,14829.339526397536,10390.320502807203,13181.212159074483,12090.9734393638,13474.627621391839,12942.580564761647,14114.56132953223,14125.304358132538,13613.412737527511,13799.838140870917,11829.309875232177,17223.168908751548,15996.34526363276,13168.815509438715,13711.732399629213,15536.863421496602,11462.279308239024,9848.572358592635,15882.428857072233,13599.013085032775
14948.775063790885,17538.482179165767,15110.49800675555,11868.985714563005,10409.99345503518,14806.436423532758,10293.022453830628,13124.8730436264,11965.30683635244,13360.955320461573,12850.291535261065,13832.348480908764,14125.304358132538,13604.068027831443,13669.665747110472,11678.309454245573,16822.700342977427,15970.23883888374,13120.17171491854,13508.201862753996,15512.761601624381,11302.687670235173,9705.818531262172,15837.291326950119,13599.013085032775
14948.775063790885,17538.482179165767,14955.380403180772,11868.985714563005,10409.99345503518,14689.337036425952,10275.439432022624,13105.661921239207,11959.55009634415,13193.519800234515,12810.194162123267,13832.348480908764,14060.157944065117,13464.986165639648,13642.159246116875,11587.687113501124,16698.910022389093,15890.953824654613,12983.467934146882,13430.78616655443,15386.22081861482,11302.687670235173,9506.815042236949,15694.996064523506,13552.024527428557
14948.775063790885,17481.941874963402,14934.305326471582,11822.426479156135,10358.935945392965,14689.337036425952,10126.009572937484,12819.23611696826,11805.55146225826,13088.687276569422,12665.345023976419,13651.766393281578,13905.207693119679,13362.887135773744,13627.849905777088,11404.536440181964,16399.020001352546,15714.36905211157,12941.28053856168,13027.694997441247,15386.22081861482,11257.316411555608,9425.28029326753,15568.480057579653,13374.71047712849
14848.835920128926,17287.660990206823,14890.654174679028,11740.609700097995,10247.706608622555,14563.102121553777,10034.479150728586,12819.23611696826,11740.84958635309,12849.255125364281,12604.715448953366,13650.882517321368,13875.22532948804,13362.887135773744,13515.041379857368,11368.29339673409,16193.575121676957,15667.52875782311,12778.487313895812,13003.191265891548,15308.706483334878,11128.98519618947,9403.732848162983,15405.773192486187,13374.71047712849
14848.835920128926,17029.801320609666,14797.015460837081,11591.313789626422,10211.624292591068,14489.281201764144,10015.763829780384,12774.403210040651,11702.459976860899,12700.18626964756,12521.759659051331,13533.005669762853,13870.23253040459,13310.630436430503,13455.287219425156,11310.19625031126,16193.575121676957,15626.898345720518,12640.360771852014,12894.487214620527,15146.942758161693,10912.67885341082,9280.334705494672,15388.136267317877,13231.898191165612
14666.754996455207,16896.381375769488,14794.228523378188,11459.738700767295,10152.951616519087,14323.60589159598,9977.834581278996,12749.141626396236,11607.830004790661,12700.18626964756,12521.759659051331,13506.10425226761,13802.144905058569,13310.630436430503,13381.69443436676,11212.216827500499,16044.168120435392,15626.898345720518,12593.068995575717,12768.91254536959,15036.769578570507,10830.371180332568,9118.823419854176,15224.139243362913,13231.898191165612
14631.83779881002,16896.381375769488,14789.372781579279,11296.653053873342,10035.593340168833,14153.220427947386,9874.366014899835,12654.187301854206,11549.845776712784,12583.901975178218,12278.621719445766,13429.077343411434,13686.022302781455,13222.053517465485,13318.582797235227,11079.291485402293,15958.589794376543,15559.058256773302,12560.029937172312,12712.767795195248,14899.949386513781,10769.688401440953,8967.29073702014,14933.125575759186,13155.50451066051
14484.414408053613,16884.20838038232,14687.141763288359,10969.47176614125,10029.742314698127,14125.417973280444,9668.099255564655,12634.654772278886,11486.603284028955,12579.71626868996,12265.444779328564,13330.967960601869,13531.86528198886,13194.157862257252,13277.53456445187,11079.291485402293,15641.505724307985,15432.647376173518,12445.570490088194,12698.285282754694,14817.032718005159,10598.254783756489,8847.239603687147,14848.42494042403,13010.850519231404
14412.580102293163,16654.618680046806,14687.141763288359,10969.47176614125,10022.636102682398,14099.793374139683,9497.087308580361,12612.684587768359,11321.53181588633,12575.866319041561,12126.7271585694,13159.6254101568,13408.730728681321,13115.984362162613,13168.747020751784,10982.347365412663,15518.480445866775,15319.432087088737,12407.937012665387,12575.258472974196,14736.356053505551,10421.560842882449,8847.239603687147,14747.456875378928,12918.394969982155
14375.922459363197,16604.13567577952,14342.83452006787,10839.723495712815,10006.170912892863,13919.813444639489,9497.087308580361,12532.539462462797,11321.53181588633,12405.804065419927,11954.376159500647,12963.925121803655,13120.944666575291,12976.431170513308,13066.315694814799,10916.493351614241,15429.355992592344,15319.432087088737,12242.7508225632,12301.421456734914,14712.00068342999,10390.945518438257,8800.557614707315,14563.242236997936,12739.956803753177
14333.815353604637,16590.27674584431,14235.876639436916,10829.863653539383,9929.152925253587,13918.8092753235,9448.145548303824,12532.539462462797,11221.177446409632,12289.900555075443,11694.144852150852,12949.26182013879,13120.944666575291,12847.360240927666,13014.769902049959,10790.871789779794,15419.530095394211,15274.805915888604,11958.973452996805,12114.621301227438,14626.566701738964,10379.323708949309,8629.766592292077,14251.677987390338,12705.221197707751
14222.634374742727,16575.566080869445,14140.846139388814,10656.624676001045,9906.37622533951,13736.696474605693,9446.363951218533,12524.18927430609,11211.48273909426,12180.417412633637,11571.474213207033,12675.791772021506,12973.468985094833,12772.509423580192,12952.117111192216,10790.871789779794,15354.644943993757,15089.013317828296,11884.724571685318,12087.166189989222,14479.862063149925,10276.006564726536,8629.766592292077,14175.920066784076,12590.06379852528
14192.348533755052,16486.28209616855,14096.718720487886,10551.08072524142,9819.641931687518,13636.43666979811,9385.355322485584,12352.821086759115,11159.808598987012,12180.417412633637,11489.31996807835,12557.913057811847,12889.026072678389,12555.912176995162,12912.940449315956,10706.99213483597,15183.198855759425,15089.013317828296,11884.724571685318,12015.886903974842,14285.674963010799,10276.006564726536,8624.600378821686,13668.807667966401,12541.28824561975
14116.118837811733,16486.28209616855,13976.277168317702,10551.08072524142,9690.862863481223,13625.88109657905,9363.727039107722,12328.818187563187,11159.808598987012,12033.821330957668,11241.134985454179,12307.01944674193,12490.247467137895,12502.638329490721,12750.409974622637,10700.21771380814,15161.60586004762,14944.272577788997,11792.010254180925,11999.333173635354,14162.05543975124,10204.495044917601,8501.569422940825,13549.294273491392,12541.28824561975
14018.644838295135,16411.37631829889,13760.258313483613,10541.781992536758,9690.862863481223,13572.590797611692,9270.23344168787,12208.605333137628,11159.808598987012,11882.457126210256,11154.981999185837,12307.01944674193,12488.66753615418,12257.711747250052,12692.019088307976,10637.544709451726,15079.476877799838,14940.634312193823,11676.724137504907,11857.135394649227,14048.050301936199,10027.413813766254,8501.569422940825,13418.189957417313,12515.48427041151
13725.687236891305,16411.37631829889,13595.316899273192,10539.879570070741,9684.970626890441,13469.344333185823,9253.439229629363,12147.695041913572,11155.054295099453,11776.044803469607,11154.981999185837,12127.236660275747,12139.91901688957,12257.711747250052,12632.419732028658,10583.344035710214,14871.026174095752,14743.345603889793,11676.724137504907,11820.02936976742,14048.050301936199,9921.943094846103,8338.67619771495,13405.578030076886,12515.48427041151
13725.687236891305,16230.164597591189,13538.46281724497,10533.968385699041,9672.019219173755,13469.344333185823,9191.560207402752,12063.396187473136,11001.934666637939,11776.044803469607,11067.515781259279,12127.236660275747,12139.91901688957,12213.661392090471,12632.419732028658,10583.344035710214,14858.74745108808,14691.243590620154,11610.381739907047,11741.3023538907,13976.23971782308,9917.453020208632,8328.071573009773,13173.790761289909,12484.261887108692
13677.495183922063,16184.07921618073,13538.46281724497,10473.661571447976,9638.039521317452,13469.344333185823,9098.024767040057,12052.252258381632,10900.607370390175,11711.308132391581,10867.11595983463,12067.26071793066,12054.119824092777,12114.831064749647,12632.419732028658,10583.344035710214,14762.212316302603,14549.923730519347,11553.992096660968,11683.339041512641,13782.269328599028,9814.701959754319,8254.498271050812,13173.790761289909,12447.2109683861
13481.378043838702,16084.086512421629,13464.422816104629,10473.661571447976,9557.531283615152,13421.674930541041,9027.437489718212,11970.757862949458,10802.3672468195,11618.297914293542,10867.11595983463,12019.726110216743,12054.119824092777,12048.262321989698,12521.987143309178,10471.298326969782,14688.224446751366,14389.868705088491,11524.102403154877,11683.339041512641,13612.23657144568,9811.816192860104,8147.594537361666,12878.950156983032,12306.036657033968
13442.725836386759,15953.997412819599,13430.65304452643,10328.221920495478,9529.755801277952,13292.288003129115,9007.419040972964,11970.433687398716,10802.3672468195,11536.325474904499,10812.855722460428,11904.856665009367,12049.822846670413,11872.563480682249,12520.25026111913,10409.251473917568,14609.819272048599,14293.419773966893,11524.102403154877,11642.8936995972,13407.00199400512,9730.533773600258,8045.392078687674,12878.950156983032,12243.118608767825
13260.948215265253,15953.997412819599,13332.793360175183,10270.749064015039,9342.970781473574,13252.546774815724,8987.455412889842,11906.156618770901,10753.696279796579,11526.168470547374,10725.5724560513,11904.856665009367,11940.179870873282,11729.837929023151,12398.686812170845,10295.848943219225,14516.137770597643,14082.727177603041,11468.888309379043,11600.63068816905,13407.00199400512,9654.452148961187,7959.655083383374,12878.950156983032,12210.126609244608
13260.948215265253,15893.04903958238,13246.605908577496,10270.749064015039,9245.997567909351,13199.749599000226,8920.138610570044,11850.020023310592,10733.904456683262,11389.451689094996,10538.192564700661,11887.70046198877,11923.362274340268,11729.837929023151,12375.091475934705,10251.536140060125,14516.137770597643,14007.374974969925,11425.049180938406,11583.550459696102,13180.031590024222,9611.050002467102,7866.408936146856,12746.83790177602,12164.979254449885
13218.59287688998,15832.68426988848,13168.188253664706,10270.749064015039,9208.918602279551,13061.669783231655,8895.722597309737,11787.143308038454,10637.064542351656,11168.308998631523,10458.550382147932,11827.449853200305,11842.825661436647,11482.450005239181,12269.132365500918,10219.676523002388,14488.645232145831,14007.374974969925,11374.56295268344,11448.215143903528,13014.07715570076,9585.451201821405,7732.626456894262,12670.743258586273,12129.73645286257
13173.670096734082,15754.186069484707,13126.119773013925,10264.568620907801,9170.151380219593,13008.318655498973,8872.448262664464,11771.049959908192,10504.306942749785,11168.308998631523,10458.550382147932,11753.586825080945,11797.817553382694,11482.450005239181,12269.132365500918,10098.788857943176,14357.031972602706,13732.631593915525,11321.863994446012,11381.025880815765,12983.102610504804,9585.451201821405,7675.8457984458,12591.288273752332,12088.182736864612
13039.934926996797,15695.854779470943,13056.498603839336,10199.71866863866,9130.090214128904,12960.766730645893,8833.2811442282,11628.550579376943,10504.306942749785,11060.751274477658,10354.593676023702,11735.505677518087,11784.354277340082,11424.356998730402,12258.709606584918,10092.65803877803,14322.889443268365,13732.631593915525,11217.043760334818,11341.86800239943,12983.102610504804,9563.212778668305,7631.972235259,12512.006748204716,12035.263244513559
12806.309860266048,15577.465700318156,12932.641957637892,10116.927515137731,9114.132293254428,12905.92729938938,8807.270757585287,11628.550579376943,10495.438457882803,10935.95134968604,10354.593676023702,11599.449544422101,11703.754328265182,11387.343731320134,12142.519218245252,10053.350878584504,14176.9639298417,13687.718928425506,11124.6907128256,11272.027517940214,12883.617524610032,9406.224660811455,7484.194688829661,12505.072000338587,11972.737053228087
12677.290729276083,15577.465700318156,12848.039714783723,10116.927515137731,8880.180984073713,12739.525447217973,8756.188975399913,11628.550579376943,10453.441270509651,10854.922414110799,10191.215500724917,11597.213948720093,11603.201649402303,11340.799549402787,12096.551843172523,9946.864610766144,14176.9639298417,13544.708971203898,11075.824754429432,11218.786582761257,12883.617524610032,9331.293153112565,7430.722903163152,12296.201229288048,11918.816967133167
12601.431969417239,15569.852876236897,12654.724537777813,10013.723841293988,8808.182511266808,12649.334032651357,8756.188975399913,11572.59352178546,10427.291117190744,10854.922414110799,10041.54872557931,11479.294566213723,11592.660764190014,11225.051934476602,12025.74833234591,9901.824858330745,14176.9639298417,13544.708971203898,11075.824754429432,11157.888921387676,12683.21836577198,9255.7551536906,7324.421097952134,12209.283589606503,11815.094306515597
12508.036960992567,15432.088631065568,12537.467597125416,9980.62503444912,8776.213894178676,12649.334032651357,8734.12874042323,11572.59352178546,10406.019166814378,10823.32905367041,10041.54872557931,11373.198489082393,11578.5569137877,11225.051934476602,11911.288949797608,9797.037828486704,14003.676615253937,13519.084438987424,10972.040472399716,11012.088146768609,12659.931380356411,9197.201925072568,7324.421097952134,11995.680288895475,11634.105489677782
12444.218548508996,15343.859197496915,12435.025590127789,9906.300704025358,8729.883343020687,12425.29215082543,8729.485116992853,11528.233453064257,10202.10431795611,10823.32905367041,9893.83778963588,11186.409339158752,11377.085773198247,11116.19164878884,11822.307071789925,9746.707981272535,14003.676615253937,13413.066546882106,10961.917285148485,10974.119727172649,12632.992929596441,9170.681265632993,7324.421097952134,11946.259784296923,11621.329970923789
12263.216560578037,15317.781460733577,12427.146058284894,9885.945647282635,8729.883343020687,12413.55574971527,8724.905679759506,11478.729860453743,9999.889223338298,10776.20638704991,9893.83778963588,11101.126508410156,11203.78019033911,11020.259437820361,11725.610880456248,9728.996901353954,13898.908389377351,13338.540680550821,10953.2926357397,10717.95160561221,12486.761446946472,9156.511689493342,7324.421097952134,11772.569571325237,11522.990237960346
12237.463280876045,15279.892217935827,12365.744539355255,9863.132902983554,8693.774858056964,12413.55574971527,8691.911800935328,11387.50282259561,9907.959350353009,10758.008225230693,9893.83778963588,10992.005290035062,11117.169675499219,10996.022108003906,11664.230980797449,9653.566892744653,13788.3160916155,13338.540680550821,10883.010578486233,10647.050276151045,12449.18484470289,9074.14861120792,7321.023084984265,11680.301526115738,11456.229873654715
12110.455299323528,15253.427794126277,12355.165642510965,9738.018373514493,8580.903869113989,12331.353104787893,8691.911800935328,11283.648021008712,9863.924724534065,10726.045664009664,9840.57125681283,10873.45857265811,11102.487553111949,10829.792387002006,11555.550394165717,9652.19068783915,13478.58863244132,13284.485829137217,10741.823737862846,10593.549646333535,12449.18484470289,9030.921924743569,7276.791968427462,11567.421231890577,11289.900911055598
12052.268004234631,15128.80393088785,12355.165642510965,9687.920926529516,8519.699329410276,12301.56381799953,8663.229436986981,11252.42277048014,9720.20775862887,10726.045664009664,9801.69830735383,10808.80393428228,11002.544336258854,10734.745597172781,11555.550394165717,9553.758031811507,13478.436538536664,13175.778781845864,10727.940201557121,10535.609727558016,12374.903977130549,9023.789189551117,7248.169644433223,11538.371929962092,11101.582834019493
12027.325307825986,15128.80393088785,12270.285253622233,9632.53659023609,8489.32065556866,12296.600343364835,8662.02690977461,11186.699279396338,9720.20775862887,10620.988454553531,9736.215658512965,10686.211498332603,10926.430190444116,10723.060524076476,11555.550394165717,9373.67231226023,13307.549059164106,13024.703806952624,10689.270290259783,10408.908348742863,12253.008749759756,8983.280172209874,7243.9261891146425,11477.77120478749,11054.069920966278
12024.774236651376,15106.412349391327,12151.460286708843,9626.005377536409,8473.044980024388,12278.328166265599,8604.611114034413,11143.72230562773,9705.279647926449,10604.28312490669,9724.01137787613,10686.211498332603,10878.035903726404,10680.983400635585,11555.550394165717,9208.602736981626,13238.70468768441,12951.475173771538,10681.80977596023,10398.569390584149,12164.042947072183,8836.058316520757,7209.759327040359,11347.982435411202,11000.431566018287
11921.169891607207,14969.909880500423,12059.406756214079,9577.332716569188,8465.625927911295,12104.845553612511,8600.261976813104,11075.189940734279,9645.952425575055,10510.909777227702,9708.431310570117,10678.639978613712,10738.821636711324,10531.372683185033,11555.550394165717,9106.961256395678,13056.525088261364,12711.120922794957,10475.372639262676,10355.819618422036,12164.042947072183,8830.717977005435,7209.759327040359,11342.422996415273,10933.734505280134
11911.732132251916,14756.581947567065,11982.23662050269,9464.035544736986,8424.74909495165,12032.820946646489,8586.24969946899,10986.809232788948,9589.30938113408,10414.103064269886,9574.754594510936,10594.999669433731,10663.41973559167,10440.909873811932,11555.550394165717,9013.188203896978,12937.065300975397,12711.120922794957,10475.372639262676,10310.52574712363,12162.984028929568,8775.800215827388,7165.378157262474,11065.133901673555,10849.09656605701
11823.473181047022,14458.166605174805,11972.557114821024,9436.168064767964,8424.74909495165,12025.361484803401,8516.250988073542,10809.514803503147,9490.812854762631,10338.569024051443,9507.256496460692,10594.999669433731,10566.048403352663,10365.745129843985,11540.830385245436,8874.70380789605,12824.881202442215,12684.570418502477,10473.162485229184,10270.032276819225,12137.311847064584,8775.163287498592,7112.549897142606,10877.283280439666,10706.762817106805
11737.907160941493,14202.044994977136,11908.926458574804,9426.699240182263,8352.510009376165,12016.590165056496,8492.024228691313,10760.46380343941,9304.97703725964,10152.265449278726,9479.247116357608,10523.032018907761,10524.998165648307,10273.781428536357,11416.470880492476,8874.70380789605,12693.285495718776,12684.570418502477,10473.162485229184,10250.005655486644,12045.761801807212,8745.073463668276,7090.93301674465,10877.283280439666,10637.60543545493
11729.726143891847,14202.044994977136,11836.066494666948,9306.758043190632,8334.704400911844,11900.885956007767,8439.287742926037,10717.931729540678,9304.97703725964,10111.324825549982,9325.906216878298,10483.545122593525,10414.286525109506,10269.381707425828,11405.568925849975,8845.609380739952,12693.285495718776,12684.570418502477,10392.523853956645,10198.160280754655,12019.056803186828,8684.025072137272,7071.440802934197,10829.669042321422,10456.07516855232
11599.461911928931,14140.210351241534,11781.693505227762,9273.3861903338,8302.557278954657,11811.018955131183,8415.61768879374,10661.16068274773,9287.46464969063,10076.503971642807,9281.334564925233,10474.94519197819,10343.760474049766,10096.273719748324,11345.41476434588,8752.276046492589,12626.925016206713,12577.70174335258,10266.845631238855,10056.032976867024,12019.056803186828,8674.881948034828,7052.698181818554,10773.474169035551,10456.07516855232
11588.830840305616,14140.210351241534,11781.693505227762,9171.86526097617,8252.276549409224,11570.113105221995,8410.349172018094,10549.1252690146,9277.638110156204,9958.837404425161,9121.402542777912,10464.16924138389,10320.281292673802,9980.240082267272,11181.855092719188,8734.545651765433,12425.747882733895,12401.249747339714,10130.52662938738,10056.032976867024,12019.056803186828,8554.521318415493,7045.255974158382,10767.529992723401,10412.582949991822
11479.280525764094,14105.068825921646,11725.510531072734,9169.281339756635,8211.176167565558,11537.316851235613,8351.109659394908,10549.1252690146,9234.780620946263,9935.47817133721,9056.824250057325,10441.226129186914,10249.912006322826,9915.351956444545,11051.901563014002,8570.65386670973,12394.92384276231,12378.63687962935,10081.70241224215,10056.032976867024,11974.210001453215,8521.210426347116,6999.852110861137,10655.720728067448,10323.01824804939
11396.861791124735,14063.67773645655,11712.81830757074,9169.281339756635,8191.953502965535,11537.316851235613,8335.753727029933,10350.00078694618,9194.490688253287,9843.586384306716,9011.662961327711,10400.086733599175,10213.799994220659,9801.183022570855,11051.901563014002,8562.674303093369,12394.92384276231,12363.542041951694,10081.70241224215,10019.947780524508,11881.545884761326,8449.623996031554,6930.046176131872,10644.407279866273,10191.876301163615
11321.089314830473,14063.67773645655,11670.033778242481,8996.50933803584,8043.644584970704,11476.818186355411,8335.753727029933,10271.91812348965,9125.850181123136,9843.586384306716,8824.463154160641,10217.061027939297,10127.831043648017,9801.183022570855,11051.901563014002,8461.748401923727,12343.215594933248,12282.002473413417,10080.306259239054,9979.932090360573,11875.422218569794,8434.17325558175,6890.824310954917,10604.598461984428,10154.29709220566
11244.968750956994,14062.628639335402,11646.34143166007,8974.02884941582,7924.4304275511395,11448.675558646826,8335.753727029933,10271.91812348965,9077.501681746984,9824.478341667484,8792.31076341972,10180.515788765268,10051.712740095076,9745.15119602988,10908.144076354432,8360.513575862607,12326.86918138294,12268.970347176008,9966.304187812333,9936.576511110394,11580.297823359984,8361.229007932521,6871.402713299462,10530.203782216704,9939.653508733372
11170.678770094532,13965.051604682283,11568.30134991252,8875.173111515398,7913.472680870965,11396.522438976855,8306.35983069367,10206.373561109767,9077.501681746984,9769.256250213537,8701.192802636337,10097.664665856486,9990.594910908134,9668.764013954775,10894.413221949473,8322.266215900456,12228.357827231497,12248.41195432945,9966.304187812333,9799.743214028458,11293.210245737324,8292.401893058584,6756.619631771374,10351.327641197367,9875.220060264206
11079.45322179766,13965.051604682283,11549.466062880985,8776.703866225846,7913.472680870965,11241.539671217803,8306.35983069367,10172.019106436202,9051.019395748837,9769.256250213537,8634.979206121094,10043.975403670724,9921.871138150877,9668.764013954775,10831.973662789176,8322.266215900456,12228.357827231497,12211.530689456562,9966.304187812333,9593.952858192617,11293.210245737324,8176.304197793813,6756.619631771374,10264.1297714545,9656.076829675283
10854.434606651354,13940.262078828831,11502.964479272485,8748.761932608399,7826.96633446866,11241.539671217803,8242.092054047844,10027.2552338136,9029.627979564972,9769.178525730233,8600.50656548319,9988.822800279962,9921.871138150877,9663.205278336674,10776.876624538958,8121.518752102858,12228.357827231497,12062.259194351433,9904.260915417228,9593.952858192617,11218.164645898001,8131.427648312298,6694.959955985682,10124.143823710747,9558.573095596523
10828.297489546294,13758.929724605689,11489.72762494262,8724.805905165624,7807.9481848290025,11236.56072055359,8224.866845656441,9974.666414658452,8915.476453072723,9676.222724794516,8482.741666760096,9933.67075166136,9784.56593404867,9547.743020885515,10744.22675965821,8121.518752102858,12189.448494114838,12038.463215211616,9904.260915417228,9593.952858192617,11036.521799112714,8063.193265512858,6690.799376175284,10072.448732347726,9553.45335116946
10765.058201196334,13712.357882238202,11459.174332894841,8701.466118535853,7746.532011294322,11200.3571944631,8160.624251449947,9900.01262634823,8915.476453072723,9643.528307255223,8401.28179392888,9886.24577071518,9778.108562886136,9394.165571720881,10744.22675965821,8081.192547938628,12142.809657032138,11963.251685550507,9896.76656702844,9487.46395233837,10971.2369554596,8055.670353054933,6684.7526065891225,10072.448732347726,9525.819145089288
10492.466675913362,13712.357882238202,11452.475284769505,8517.341553077362,7686.588249935851,11134.3110248393,8104.5884687053385,9834.114904401431,8867.24417086187,9591.480261049332,8401.17931229753,9883.645726746552,9715.743698160524,9292.918372113221,10657.117357539923,7965.624953828873,12107.994598518735,11960.311269160004,9742.82554897535,9428.55999921426,10971.2369554596,8050.932411106901,6673.923005232214,10004.568103511237,9486.378389623911
10489.03089705987,13712.357882238202,11359.110934521053,8509.042297173393,7622.79893435272,11047.05682965974,8103.976008044684,9784.199534975567,8723.57600956663,9443.199172242847,8390.139667868149,9829.93650385982,9626.460550218777,9253.674744661266,10640.920440542393,7965.624953828873,12070.86982191051,11852.630640246127,9616.881401627896,9427.189417576188,10810.1032404275,7950.932970300069,6673.302977959816,9968.924788215,9486.378389623911
10489.03089705987,13712.357882238202,11329.327004864392,8431.591153209063,7544.957861962075,11014.431738743133,8057.33521263781,9697.438482989395,8723.57600956663,9411.133904340004,8362.740340223478,9727.35189102083,9578.792300347388,9244.327819521855,10597.805030960606,7879.799463849378,12008.340365203549,11843.686126501161,9606.151454962037,9356.374443400282,10810.1032404275,7885.958714395572,6653.418691301872,9968.924788215,9476.349362151726
10326.618532685618,13659.484981501299,11296.066471612698,8340.977822115023,7460.543428080801,10927.16492753246,7999.653584880814,9697.438482989395,8723.57600956663,9411.133904340004,8325.12919355138,9635.997261843153,9374.743168036353,9220.632044316455,10492.676506352691,7804.3358695304105,11984.634566121429,11679.555893423742,9582.699302552941,9316.399471545217,10810.1032404275,7880.9494037312115,6609.181274762018,9968.924788215,9433.24478233959
10297.351079098757,13549.350686257778,11269.244654948743,8245.575337440974,7411.999451752376,10689.474055348286,7874.008298194479,9697.438482989395,8626.729100567798,9377.169760316108,8292.94429358306,9597.739616167453,9374.743168036353,9213.983356641516,10453.940090231215,7700.6143879181345,11908.913034448427,11679.555893423742,9525.784039450868,9290.646254473184,10785.634144100735,7858.101647146023,6591.681523154021,9968.924788215,9421.233381776648
10297.351079098757,13523.976984212042,11204.373451024801,8245.575337440974,7411.999451752376,10460.695787511067,7869.100733185077,9575.248027969777,8587.85829362819,9377.169760316108,8251.012374113106,9459.75533721666,9216.587879176073,9172.117426430093,10349.115441159209,7700.6143879181345,11844.432123479355,11646.905146378253,9525.784039450868,9255.193639801633,10772.281575185378,7786.509385641515,6591.681523154021,9842.081921978122,9347.808342999497
10183.186752409336,13516.81658775327,11183.92454354739,8245.575337440974,7361.106934269,10418.451437136982,7814.527303030487,9575.248027969777,8497.988046832019,9333.195719403242,8180.8237982594355,9430.229219670877,9200.512975624812,9126.158796436954,10349.115441159209,7648.102737803223,11824.726660109827,11631.629005388892,9525.00221472887,9223.670734297684,10519.963611507257,7756.0842219159995,6590.044929503072,9731.840313435401,9334.88270134028
10183.186752409336,13467.218490893005,11062.995212120313,8112.8209346902895,7334.909141591898,10317.728829619398,7814.527303030487,9559.360841391303,8436.3409500677,9255.546367649511,8153.36200946151,9392.713682013196,9091.120026038992,9126.158796436954,10292.012230812832,7648.102737803223,11699.16080337367,11557.40502216225,9489.62689087864,9167.283919036461,10477.613316371111,7728.708270455994,6570.107372197015,9682.149014637684,9252.21111831635
10051.280579616392,13385.344157646674,10927.838179494884,8112.8209346902895,7314.241815568748,10288.600609237823,7814.527303030487,9538.674662298028,8436.3409500677,9255.546367649511,8097.401296299853,9305.860863423364,9061.817401651464,9101.934848813686,10254.849870124146,7603.6028221231945,11611.291152679782,11534.237031072778,9410.332827464663,9066.21459533683,10448.764271244874,7647.60257285543,6566.200993433293,9589.940315540716,9252.21111831635
9998.002365176768,13356.777176176434,10915.935465068167,8107.574156454075,7309.9508708676,10222.535729638637,7810.194281840626,9518.423381807255,8376.649160386773,9234.157310595772,8097.401296299853,9275.481209719519,8987.48410994379,9075.818105265702,10169.425577309052,7603.6028221231945,11567.193634003745,11457.023597548281,9353.29391521397,9014.199977758177,10351.964738680465,7610.756330167747,6557.422117442786,9475.652841224428,9252.21111831635
9923.251894529189,13330.739281036325,10762.05458198439,8105.215627809448,7217.189730761551,10188.965162678322,7697.784664992984,9462.750565427541,8374.82036393744,9210.238865147126,8046.678836885764,9275.481209719519,8917.022271945429,9040.4960070763,10116.141427838844,7472.5254055644755,11476.732452870929,11317.316809860411,9220.816592105113,9014.199977758177,10249.175036977267,7499.213259398395,6536.290384237245,9475.652841224428,9190.500347840578
9920.642058922196,13220.704181627725,10663.025231133819,8053.195826164957,7208.080062915521,10127.405026256136,7668.044262206698,9454.12270853603,8310.29883494319,9119.050389211337,8000.053360630816,9275.481209719519,8882.868296719542,9022.795244553305,10116.141427838844,7422.285377914121,11473.586176656778,11217.891392371772,9137.013967755567,8982.931135401617,10206.626931553721,7492.775297119859,6535.410008572444,9413.089026540745,9086.348458045244
9877.267978595515,13197.63877500467,10593.955600389667,7997.443715571773,7208.080062915521,10050.037384604153,7602.493186928983,9372.830516581489,8310.29883494319,9106.127137289368,7845.154766028982,9174.011439150707,8796.430791212924,8992.392280551872,10018.336216083104,7401.7731900683975,11258.300633303576,11146.193160675455,9103.128413463717,8971.74598546945,10106.10039408649,7459.132723295551,6492.588713119238,9413.089026540745,9008.801177548237
9863.880218862976,13157.539921889278,10478.067704592579,7930.809466965513,7165.638403197889,10050.037384604153,7573.5025653048615,9318.44293806068,8255.710307211855,9100.141094519393,7845.154766028982,9131.642527680517,8796.430791212924,8957.323887856981,9931.89391983594,7370.271895724417,11124.508085478808,11080.226288112974,9061.738244788881,8918.741728710302,10106.10039408649,7408.396105959012,6482.608041181332,9312.197666931457,8945.52551438801
9863.880218862976,12922.174928850098,10433.252350506627,7905.414876402386,7165.638403197889,9904.243551149377,7562.70537832336,9251.649905820203,8247.101063440448,9034.511641946767,7845.154766028982,9129.970629683328,8796.430791212924,8867.768834072063,9931.89391983594,7327.438715745988,11124.508085478808,11030.830812609614,9013.128721552415,8830.738585019539,10080.457781718218,7376.984057795584,6443.4991176655685,9287.172362362235,8903.790331894725
9827.90578839037,12808.48259658244,10376.069653462848,7885.263134570902,7157.536655686478,9879.688229096217,7562.70537832336,9185.592871935243,8247.101063440448,8957.659333405314,7844.499658005629,9062.983179773493,8763.521602473123,8838.412986069598,9910.749841913543,7281.830248417407,11019.223017475688,10923.61398225151,8936.007560689812,8830.738585019539,9889.621545015681,7332.961910193816,6404.441017997667,9249.599347059331,8820.719233623779
9674.997066155289,12808.235507649206,10324.129557719945,7806.441777050622,7100.307855612625,9867.944389602228,7381.74541780034,9087.075789446424,8198.576556707712,8873.888499107117,7801.9417570954465,9009.194064075647,8713.953029191052,8809.664971636597,9814.511113051813,7248.552404986599,11019.223017475688,10864.27068488715,8916.678641080862,8817.175324383403,9844.367292277566,7332.961910193816,6404.441017997667,9070.592260306228,8778.108975912997
9673.864724823976,12771.515787250806,10324.129557719945,7795.2357001036635,7040.156620541972,9769.84088668092,7322.021292397369,8896.540582216048,8137.592729158425,8871.20446687494,7757.0678822879,8796.951703108902,8680.862028433,8761.657170672373,9792.934777656017,7195.925949189896,11019.223017475688,10864.27068488715,8915.438072961162,8721.626886965096,9782.221377417203,7296.721237640325,6384.035190595956,9070.592260306228,8723.239446014595
9610.743684534433,12700.646184447109,10316.741710522889,7784.4653493064,7040.156620541972,9769.84088668092,7307.138542113922,8818.183485150636,8119.245941310466,8871.20446687494,7679.932245252428,8796.951703108902,8673.826676899298,8719.692112287114,9769.964706568542,7183.609940454126,11019.223017475688,10752.478449139526,8852.607255772215,8693.702566359694,9746.222371755886,7296.721237640325,6383.682315301661,9016.141370169618,8721.946775793098
9610.743684534433,12700.646184447109,10305.891440639967,7745.028353980889,7028.780001371088,9755.183518842408,7301.098868806989,8754.697771083373,8087.26864427647,8790.621966473705,7552.978024052082,8768.179788493177,8614.031019348578,8672.475489174325,9769.964706568542,7183.609940454126,10960.288336431937,10597.54985897697,8799.488863649176,8652.639633282692,9652.132323160718,7288.690271059717,6340.09251437248,8967.579631703935,8692.575688425615
9519.781360565143,12697.975231770764,10237.162754242534,7708.078975040267,6945.90659316476,9664.47617541122,7293.979627494666,8743.306806185385,8087.26864427647,8771.610466543658,7510.758716186623,8713.966476314174,8614.031019348578,8629.001352955715,9710.879409424746,7165.076087118465,10925.549999045417,10531.797114162073,8772.259058346977,8533.565509048436,9652.132323160718,7287.592126936733,6328.956943530234,8926.991381193508,8677.9667168631
9349.001949377114,12672.753512736648,10237.162754242534,7708.078975040267,6945.90659316476,9652.39619029983,7243.867447500095,8690.065512446603,8085.794553240184,8771.610466543658,7450.787413367541,8690.690049796582,8592.411631916159,8543.890757648824,9708.158924704214,7100.355554517065,10925.549999045417,10471.603345546006,8723.664660191296,8491.15761142134,9564.297990500188,7232.594316029736,6314.382581129404,8882.180384472755,8659.89611705144
9109.00467593921,12665.041138388462,10237.162754242534,7667.786113853827,6851.598312717061,9652.39619029983,7228.693043685731,8657.372013783839,8049.272677055145,8690.519691426241,7401.209210761513,8683.672306673736,8585.151543161748,8514.368215649632,9596.958448604866,6999.689592634242,10837.297815307633,10422.064611642396,8658.086806568987,8491.15761142134,9512.738947820126,7232.270990575325,6247.435816211508,8783.79658519382,8607.373220962696
9109.00467593921,12626.475500712704,10229.373192577335,7575.199197006429,6685.715698129786,9605.298397305965,7217.45218587354,8632.654614299492,8020.947144915322,8627.434120096088,7353.173681043384,8655.912421688992,8560.509465233426,8409.191748726415,9596.009689936245,6956.388999681373,10800.388835676531,10421.660959199096,8618.71767560533,8482.23294398185,9490.848771605673,7203.301682909282,6247.435816211508,8675.754799759068,8545.848717049867
9109.00467593921,12541.240504388974,10221.012352063972,7507.806657482452,6685.715698129786,9605.298397305965,7178.333254745315,8606.124054048792,7907.2391139098845,8588.795021933813,7228.135400289877,8630.166934781884,8525.441380123648,8358.903429260046,9596.009689936245,6943.0804601093905,10736.969677597128,10161.18226984295,8512.731735385925,8482.23294398185,9490.848771605673,7094.349689039959,6207.3249172736705,8479.36683901081,8517.977244178042
9046.209784469347,12533.399703200486,10125.305127791224,7466.840224440303,6639.512371855739,9605.298397305965,7105.259707663006,8522.28194917086,7885.2398843629635,8548.794253000178,7176.173034286931,8630.166934781884,8508.621114091718,8319.931313689232,9531.774140617736,6881.564146336598,10676.007844356966,10086.304663987146,8481.375613887049,8477.3890941885,9469.74494058688,7011.765416869952,6164.992081635535,8479.36683901081,8510.765642389944
8986.10654301245,12507.68447703625,10121.367185109697,7424.561931171016,6622.685621453888,9592.87568875558,7105.259707663006,8495.550477103316,7832.665081982213,8548.794253000178,7086.748106885286,8630.166934781884,8504.040157718504,8261.521806117607,9486.52611376291,6869.466957715562,10652.402496340592,9926.72474187503,8421.69561663894,8438.978050879656,9469.74494058688,6994.763435990449,6164.992081635535,8375.613457431693,8432.272232622125
8986.10654301245,12416.557778419585,10121.367185109697,7414.080260207262,6579.159028881338,9575.158754684526,7105.259707663006,8493.318624590367,7825.3783796549815,8515.025485918744,7044.823085473532,8568.87965691575,8480.763546927106,8224.75613523511,9477.824119675292,6805.046790797751,10527.237945333885,9834.707922885864,8352.210334082949,8407.329323200438,9448.233528823557,6988.192046926903,6162.930305314849,8375.613457431693,8334.527544359986
8918.0772395187,12333.169068884697,10057.480274985064,7321.538727808329,6568.360467679458,9485.005312313078,7034.914232518708,8491.878141855948,7779.947818038795,8482.360581545028,7044.823085473532,8523.529860904451,8398.006134601896,8224.75613523511,9432.445419510252,6805.046790797751,10414.659032075637,9784.641756877509,8297.224612055044,8382.250815202617,9440.360567097208,6988.192046926903,6146.395712358298,8375.613457431693,8334.527544359986
8915.326297055155,12273.813667928564,10003.07429793823,7321.538727808329,6523.489768912428,9485.005312313078,6980.962268658115,8451.60483255229,7754.12380431436,8438.724311899447,7044.823085473532,8472.684302901085,8396.432185882379,8173.412561195944,9366.121638130013,6805.046790797751,10414.659032075637,9708.110801862633,8216.087384682785,8351.281974634225,9428.683348391627,6893.549017755465,6115.183831736873,8373.558301329425,8314.532385739883
8835.420436485485,12273.813667928564,9931.278421995648,7321.538727808329,6523.489768912428,9451.599987575431,6970.226126373917,8410.678427722669,7754.12380431436,8412.365482640907,6980.062745451625,8456.641707827708,8353.327213829465,8173.412561195944,9366.121638130013,6786.774460653593,10289.541701830232,9708.110801862633,8210.255192437304,8319.57098314141,9376.757926435777,6857.456503254384,6094.700788276466,8171.312290256019,8213.487980478349
8823.717027742405,12200.574468499639,9904.786300370142,7303.607473882037,6398.751341585613,9350.967244936579,6902.427912875513,8216.957201376572,7753.888548252993,8332.45432100868,6962.557931965462,8436.617795935053,8266.976559691677,8142.5566607082355,9345.191097318453,6786.774460653593,10289.541701830232,9708.110801862633,8196.29989319781,8305.388776031792,9376.757926435777,6779.9654117416685,6079.694395057875,8108.419242286289,8194.911126612304
8798.628537336162,12166.282160367287,9836.238004288105,7290.4414156704315,6398.751341585613,9323.734538588855,6892.638458202398,8117.376432228024,7711.995587240031,8332.45432100868,6905.901627019619,8428.141557575276,8261.957257469461,8104.569479215821,9307.803663827977,6761.83336333415,10256.05288886813,9641.705068091356,8101.367221928503,8286.338103193932,9374.226255516372,6779.9654117416685,6079.694395057875,8035.59593257462,8065.802039348585
8648.626009143965,12047.532905196846,9698.467024805967,7257.087241364888,6398.751341585613,9318.29362251273,6817.157124803902,8110.0274420676515,7701.107387255959,8307.295569790374,6905.901627019619,8412.131229972521,8185.248903264913,8023.468126294866,9241.95624005607,6749.66823478235,10192.06936576821,9583.250242146227,8024.723810106521,8220.481668631448,9364.078929366156,6779.9654117416685,6050.7542699899495,8028.866931320157,7992.642642465544
8518.217245339598,11984.298894426056,9665.85075989613,7257.087241364888,6344.600864827388,9291.093832560848,6796.835089744008,8089.481479902077,7670.269184010138,8300.439379728276,6813.319239215871,8383.096186466044,8133.986493016886,8005.707355048418,9241.95624005607,6749.0792007221835,10177.275830652317,9583.250242146227,7994.048915723263,8197.426954333772,9288.690178397426,6779.9654117416685,6045.042134264468,7978.16599013682,7979.15476885301
8511.183289043931,11890.038729149084,9504.128211272786,7257.087241364888,6344.600864827388,9279.71285922104,6769.0497560661715,8035.881416912138,7645.600609241882,8281.738294725383,6786.139195304188,8383.096186466044,8126.254102495229,7998.646222206691,9215.141917923847,6686.88035068066,10168.164289500772,9527.26267307128,7909.290152797388,8140.081391958027,9222.121674563454,6757.059955491488,6029.876466811555,7978.16599013682,7975.01410954146
8492.220517505748,11883.238896805917,9458.605590832278,7240.456661902303,6293.638124936594,9263.530858030583,6731.746457427984,7994.087275649572,7629.277559714075,8232.288626482336,6729.848801655712,8383.096186466044,8056.7501561653935,7810.980918040379,9080.794945072104,6686.88035068066,10156.450539642807,9482.551115866696,7881.426680148836,8126.055517909409,9222.121674563454,6753.592920208845,6029.876466811555,7857.354289407648,7946.069731903934
8405.655609075879,11883.238896805917,9295.253959661699,7234.057172094548,6250.352248262461,9247.808621508739,6721.764501847241,7994.087275649572,7590.9030588013875,8138.319008127861,6714.523857598796,8370.714513174717,7994.453318250212,7777.0378253517865,9080.794945072104,6665.779477176624,10141.948626142968,9482.551115866696,7821.009138939447,8026.277476144091,9094.631857204635,6727.24997013923,6021.30778725897,7857.354289407648,7935.571150449959
8328.62687412235,11883.238896805917,9295.253959661699,7192.1122855565545,6204.957810106803,9173.997969498094,6699.744089048689,7979.668806716711,7505.84044335876,8138.319008127861,6632.049124986463,8320.496968407455,7994.453318250212,7777.0378253517865,8933.214444430072,6661.087592439359,10105.135875729038,9475.729222501877,7783.6450455246895,7982.642253593372,9067.0203990093,6727.24997013923,5999.49320732074,7819.105552363412,7777.588792455978
8208.864415434973,11883.238896805917,9222.092616716654,7182.675279610739,6142.897363279234,9123.099143219768,6699.744089048689,7869.17886617919,7466.885932995452,8085.472191149131,6632.049124986463,8316.39369535154,7994.453318250212,7777.0378253517865,8933.214444430072,6661.087592439359,10104.019002275434,9418.041814391192,7780.326401001248,7943.594287685242,9048.559421668804,6675.758538441,5999.49320732074,7819.105552363412,7729.259918608521
8162.903445493006,11804.470695302125,9079.720171536621,7152.800802828984,6142.897363279234,9083.46822708812,6665.646088862969,7798.620984787549,7448.503951602805,8048.298539681041,6624.520392951552,8287.085939201083,7994.453318250212,7748.5758873019895,8871.707414498262,6661.087592439359,10074.858024284858,9418.041814391192,7747.9781459882215,7942.405032153671,9048.559421668804,6675.758538441,5952.857493819612,7715.596085783397,7717.043473581936
8162.903445493006,11665.729562748045,9009.207603952305,7152.245643632702,6093.88770111214,9060.999329148115,6644.52651873992,7742.965657992519,7417.288027021179,8004.08837297667,6609.5843840682355,8285.216680623405,7958.536129135824,7740.314257569416,8754.48839304268,6627.9792017407535,10062.065970315103,9376.86408431932,7711.023754429948,7867.705332531281,8971.292756138893,6652.539960164299,5949.614466952628,7700.384142833605,7685.008864169157
8128.016366943939,11528.628402229002,8883.904958609202,7131.365825101987,6093.88770111214,9000.609537161821,6629.485410266881,7671.388009743086,7364.660237016401,7962.992160184916,6589.660497174437,8235.83934226079,7937.714901312816,7703.188849601617,8754.48839304268,6620.08302237573,10045.483219660928,9340.164658824211,7711.023754429948,7825.999986327968,8930.024253967205,6608.638224724428,5949.614466952628,7638.8859868993095,7600.070678191438
8000.290638029455,11528.628402229002,8846.863474332975,7120.492035688659,6093.88770111214,8973.585482776001,6586.679273958779,7662.577025645001,7343.869637326321,7910.9223853010235,6545.732251861242,8215.566386472561,7909.98246685883,7703.188849601617,8702.931920799443,6610.92646627382,10006.646246064902,9297.755532743167,7663.974366934351,7770.348754717908,8911.290988497487,6556.883556165871,5926.136096103499,7638.267474299136,7581.708338998701
7943.7244033577645,11454.62484112281,8846.863474332975,7120.492035688659,6014.185433017019,8907.053112838501,6522.356670896258,7637.75075200436,7265.880173308084,7906.186357215063,6545.732251861242,8203.192558939281,7842.046979378767,7599.327767258143,8644.492648564226,6610.92646627382,9959.671698811451,9252.942565479629,7650.367536425579,7764.167689421499,8831.331442824903,6554.827747130688,5926.136096103499,7553.504856610246,7581.708338998701
7918.108283905486,11453.859694465262,8846.863474332975,7120.492035688659,5991.504913329214,8892.792044594044,6490.6838697951725,7546.194438433823,7252.784993444153,7825.251761344561,6465.759948424193,8151.603923470182,7750.859103375509,7599.000256057497,8580.91210871061,6589.948023972724,9959.671698811451,9216.687406491481,7631.675624791325,7725.81562172455,8831.331442824903,6468.420494551652,5907.241587224329,7515.192908211868,7581.708338998701
7876.674170702245,11335.542860750636,8846.863474332975,7081.505500983305,5981.741284327517,8889.47298907342,6479.52241269668,7546.194438433823,7226.154945463289,7789.159227768724,6421.2810619838165,8132.675809254327,7750.859103375509,7543.062797581496,8557.663390651735,6588.755281414226,9924.881774202593,9157.384718931913,7579.814363636466,7715.007374352186,8831.331442824903,6345.132950246592,5866.813544000893,7508.345452650444,7552.662743745526
7797.868636516713,11333.781933866732,8808.663866433068,7040.756306081658,5955.794281336093,8867.285431328968,6459.014830013775,7482.892634795274,7155.353169988217,7789.159227768724,6421.2810619838165,8132.675809254327,7750.859103375509,7484.05563834314,8551.148728913664,6585.257966221873,9916.180929739712,9157.384718931913,7563.914779034298,7668.600018422137,8831.331442824903,6343.423796956001,5828.435745669514,7438.700809788208,7526.812405290807
7711.504238934887,11207.467174937115,8785.853566513942,7003.979537922152,5955.794281336093,8834.586903778272,6393.300115490001,7481.059943703407,7149.846817522355,7745.060572199809,6388.482541226384,8078.158075296691,7698.989322646803,7463.637630456674,8507.393016810795,6572.443642727492,9886.353107669685,9157.384718931913,7561.473645778431,7606.275658863711,8797.494533703442,6339.866109583359,5783.812665725745,7362.578218816124,7516.61096500243
7667.640737076158,11193.335162017589,8722.564985108824,6984.0738605157885,5918.739445934361,8815.650891446072,6363.0449062260395,7425.938166610372,7143.022756799532,7745.060572199809,6349.708910324294,7981.2277117599,7672.220630602719,7377.8698602771565,8484.795785953025,6567.966172743696,9825.622925117423,9157.384718931913,7485.281306217231,7568.200213794005,8779.01173227164,6281.7273296692065,5742.876202463878,7304.911046256362,7498.148385304394
7658.756566647644,11161.748006295204,8530.113777864197,6984.0738605157885,5871.093365090115,8791.381669488925,6357.948126983076,7405.224722891586,7126.248858833445,7726.852153507822,6349.708910324294,7981.2277117599,7665.110045895144,7360.1708991654305,8407.284715348771,6546.145613903321,9739.804120570097,9121.213066744342,7461.846613534859,7505.483965162466,8779.01173227164,6274.724456244431,5742.876202463878,7300.175883761075,7491.823239804065
7518.2983135811955,11088.897528132778,8530.113777864197,6962.93221217428,5838.1353822014835,8789.831904039038,6357.948126983076,7355.667656846156,7119.331132356239,7624.319921461055,6318.027145772877,7937.141248248613,7655.69451497991,7331.468187987346,8314.014050103222,6498.517094118333,9706.27202098344,9100.628786277262,7369.734536414689,7418.505677498951,8612.844037920668,6274.724456244431,5727.138781590065,7220.760746083671,7459.355480496244
7508.063089171089,11032.549286756112,8471.766539078682,6960.492099681646,5838.1353822014835,8762.813467611604,6345.467725164385,7334.140024897048,7104.143848255513,7573.684909255664,6273.922152971508,7819.349882855119,7614.494914230391,7308.904213531927,8307.518979400462,6479.888281391383,9691.10135188037,9079.51646607845,7369.423162408072,7418.505677498951,8562.937402675649,6227.543603740182,5696.12691468941,7164.867574048759,7406.605766587895
7508.063089171089,11018.803636961955,8398.459416168173,6954.705347405123,5811.149412624329,8729.496272722667,6335.157274662175,7266.726110610811,7104.143848255513,7557.804367900607,6252.210059537923,7819.130443461217,7591.166476775189,7308.904213531927,8305.641900200431,6466.466840175246,9657.071152754845,9033.40662088917,7317.872266887009,7383.974636849239,8533.356705059112,6205.042849698908,5626.736560250726,7126.227089450662,7368.114320282282
7485.819425662906,11018.803636961955,8336.37276569357,6904.7230128593255,5794.206260140573,8679.112703343222,6267.393051371349,7266.726110610811,7085.66102836568,7557.804367900607,6232.999361118418,7819.130443461217,7452.007321559878,7308.904213531927,8305.641900200431,6403.937344337353,9639.478616820368,9031.822871262044,7296.108082500929,7383.974636849239,8417.318500905332,6164.843327956104,5577.056526585082,7069.453714087141,7240.2471387014575
7454.124652207971,10898.489755651319,8313.063751767071,6877.967723963303,5764.308349652697,8666.242881130227,6221.706130968644,7247.627431113458,7079.899357342595,7474.368650037335,6173.204285195147,7819.130443461217,7433.386386201688,7303.322276230194,8187.439232085378,6403.937344337353,9639.478616820368,8977.128419396162,7270.596098925037,7376.353405933564,8345.349010867401,6138.300109769189,5538.193259795462,7069.453714087141,7209.554098659585
7422.704381206299,10691.61057063724,8298.354993557234,6877.967723963303,5742.972604574057,8592.289807129324,6191.361020137901,7198.378562202344,7055.164748069341,7397.058876764597,6173.204285195147,7814.865270288528,7247.469278343098,7277.124010068055,8187.439232085378,6378.405576361772,9585.482054512127,8976.205767229687,7254.992287044346,7366.492832354843,8310.533534910908,6138.300109769189,5538.193259795462,7015.884050635037,7138.090164811261
7420.585828110091,10664.902817974777,8298.354993557234,6842.412618185758,5718.826925562964,8578.015599646973,6179.817549547032,7123.412650992006,7018.439007997256,7216.164290835433,6171.258453712776,7798.367864453725,7247.469278343098,7242.08449043332,8165.324412239726,6334.685700337551,9585.482054512127,8976.107160550677,7212.5586247359,7366.492832354843,8225.010393441193,6115.2006574279585,5538.193259795462,7011.969901151554,7117.705785785961
7405.549382348518,10656.858796498664,8243.436371415664,6831.761488466854,5716.204042619056,8555.872584527944,6167.727901904338,7123.412650992006,7013.308539382322,7216.164290835433,6158.930569064629,7791.403553632911,7166.326009199731,7213.954306832998,8146.502518289233,6312.460287567381,9555.611407104114,8927.115843901147,7202.300903745898,7365.673257197703,8065.871947711501,6110.917276336344,5536.917435477664,6985.32138234633,7069.8455151287735
7405.549382348518,10612.969849679948,8242.434942533295,6823.217828400404,5687.446464912422,8526.353868757456,6139.967981340458,7109.565921309211,7005.131881553083,7216.164290835433,6117.2644068282825,7790.939172333089,7151.60492184889,7213.954306832998,8135.443775260859,6293.024489840958,9493.311974493445,8886.350237444549,7202.300903745898,7313.833305422747,8035.505162375593,6071.986523099333,5508.405443799173,6915.2790594976905,7063.78819259246
7382.733017117489,10612.969849679948,8212.48781453507,6804.352919681204,5670.469662762214,8403.287353683998,6139.735798236858,7093.962427084391,6990.5830642173605,7194.832360699459,6102.410845342071,7750.483686013308,7012.0664644480175,7203.923232645166,8115.361952136944,6292.424448631495,9439.547207316395,8857.733657090752,7130.448809908238,7300.803065333656,8002.842559671584,6071.117766094791,5506.580794953816,6915.2790594976905,7030.292482104999
7365.94176253064,10533.289972588711,8132.325025387033,6785.464172174379,5611.639865713591,8374.690082836874,6133.447777231875,6999.912433610592,6969.54070094612,7168.09847466271,6082.146335469413,7750.483686013308,7012.0664644480175,7175.592988158457,8083.244852671132,6273.648695016458,9436.453077876184,8661.081856390094,7121.648216249777,7300.803065333656,7896.907738187143,6046.320759597958,5506.580794953816,6915.2790594976905,7030.292482104999
7316.997540926027,10533.289972588711,8043.8720538883745,6722.4211244256285,5569.442660662946,8337.709685428697,6108.332567496151,6986.266133572962,6935.630502936632,7145.744976005927,6055.727801471759,7713.791479366094,7012.0664644480175,7175.592988158457,8083.244852671132,6222.287256053262,9340.747191208186,8590.618211951707,7121.648216249777,7249.459544294165,7896.907738187143,6024.89397809567,5506.580794953816,6883.148590597266,7019.684789672505
7316.997540926027,10532.539189471576,7973.035287343479,6722.4211244256285,5547.648433554767,8337.709685428697,6050.254141411237,6925.721742824369,6905.188178832019,7145.174418027773,6010.924230088248,7705.716710509046,7003.422762753481,7119.334085183898,8048.01501058334,6207.863820349043,9336.207143232215,8590.618211951707,7058.0861616327775,7249.459544294165,7870.271874345586,6001.452801224921,5498.231112088541,6831.454454103138,7007.6198310748305
7316.309168293913,10423.266549314152,7900.179855498373,6680.0776096925965,5492.44804492653,8255.62342044997,6050.254141411237,6893.535169721227,6865.996959241771,7105.353148935432,6010.924230088248,7705.716710509046,7003.422762753481,7071.468251535355,7969.6465874275555,6192.867143523945,9205.147706350563,8533.183190247593,7006.076536104315,7199.422205928072,7851.727079483343,5959.711656047662,5497.6309921474385,6831.454454103138,6980.973076874328
7306.687714369123,10371.274083707056,7852.493639881617,6641.72330536084,5492.44804492653,8216.321398415559,6047.580102338067,6852.001255097148,6852.054606087451,7105.353148935432,5981.701828056952,7667.871078765192,6992.833187340954,7071.468251535355,7957.932952016728,6156.444858703947,9074.571226422413,8533.183190247593,7006.076536104315,7164.880784596214,7851.727079483343,5959.711656047662,5476.761644241133,6808.866552488189,6882.304777566711
7256.869981813335,10293.166876015826,7852.493639881617,6602.017506410919,5461.626662603168,8153.629038892636,6019.280544491138,6852.001255097148,6836.789430431981,7057.866631479632,5981.701828056952,7664.70237192522,6927.86682810299,7053.79548258706,7879.160658614379,6112.019805333666,9074.571226422413,8526.45337755929,6966.228299137472,7136.890215144025,7831.29392681024,5925.35995610272,5461.113889721139,6790.528389226625,6864.0700569475475
7199.122646204509,10274.364959485218,7845.229146908077,6569.933565881756,5413.076995841673,8153.629038892636,5994.034800856096,6852.001255097148,6791.498850685464,7053.659321195272,5957.261838904746,7661.72551939187,6927.86682810299,7010.61674631854,7828.977484514979,6099.941858887519,8948.779197515349,8526.45337755929,6966.228299137472,7136.890215144025,7827.334047272029,5897.209715078117,5431.6656506364125,6773.081671109104,6856.971128439244
7184.998880207081,10191.051505549513,7775.845621291598,6527.954586266597,5413.076995841673,8147.398579392213,5994.034800856096,6819.250983673917,6775.036746888349,7042.801326045512,5948.843206309191,7619.057069314358,6914.961633331974,7004.37528115042,7816.6080129273205,6076.953899227626,8871.477000498453,8496.551385465851,6927.322237084443,7134.915073054738,7827.334047272029,5893.169753173777,5412.076195190553,6739.235258489808,6813.835053230494
7158.953165182014,10191.051505549513,7775.845621291598,6487.665558374845,5411.605870183715,8069.18893021508,5984.387607221026,6792.014252265757,6753.592860482501,7010.751264848061,5941.148469273028,7612.092807172528,6893.463097882502,7003.002535920067,7806.715977821792,6044.425715810432,8813.79292594742,8470.793445051255,6927.322237084443,7084.533997928287,7820.449075045584,5885.006251468139,5371.8254092889965,6688.901374216855,6783.841159049532
7099.132868814506,10098.816679943491,7742.739717866373,6487.665558374845,5401.022176803772,7945.485481546766,5968.209006993027,6761.849747511948,6732.866131777717,6955.3788042416145,5936.821266037102,7562.207197073999,6876.468528126817,6974.15596640968,7806.715977821792,6044.425715810432,8661.797880162436,8463.983037980517,6927.322237084443,7065.1338279487445,7809.535668503606,5877.876178584406,5368.104879954576,6688.901374216855,6729.0058576731
7095.723203570652,10098.816679943491,7725.828630820608,6428.26469774434,5400.0977880169885,7853.9565239726135,5968.209006993027,6687.362012053576,6706.999479874258,6896.33918771919,5921.815652151305,7539.180469284238,6872.119102638265,6935.74018631357,7786.502250195949,5996.633507257863,8661.797880162436,8463.983037980517,6880.548174705935,7032.168238831685,7763.962028612646,5864.3779857907175,5337.607285592291,6675.300380851493,6706.06942047574
7033.90802803942,10083.081761017065,7702.408802786103,6319.4668912220895,5394.092472589757,7853.9565239726135,5940.250284263976,6625.735438105489,6706.801892821805,6886.131063095139,5906.969016690437,7538.640483535742,6819.656575080268,6935.74018631357,7781.98947807769,5950.719211276964,8602.421067531219,8408.407458249372,6869.498265398364,7029.437446950748,7763.962028612646,5814.066356085041,5322.354706859435,6663.82520511394,6652.909600987029
6978.68541947343,10036.707754025869,7658.616718395703,6315.676215054693,5384.52233205871,7853.9565239726135,5934.429274960248,6625.735438105489,6676.139207153695,6839.4107420515875,5898.90457592299,7525.890969953038,6807.908499570948,6935.74018631357,7732.612317149251,5944.4633375842,8602.421067531219,8330.032583192671,6851.8664577145655,6998.413600561658,7711.092998307482,5804.723851894319,5256.001660440224,6661.041394882322,6652.909600987029
6978.68541947343,10006.423463215851,7658.616718395703,6315.676215054693,5354.5676760738825,7824.982805977699,5934.429274960248,6597.473292915558,6648.701419698815,6839.4107420515875,5880.795125791807,7517.369875928648,6807.908499570948,6917.439664598314,7732.612317149251,5935.856213177691,8602.421067531219,8291.88003584629,6851.857159668745,6998.413600561658,7666.241634502671,5793.934341666381,5245.0980045915,6660.209161603351,6585.791710750675
6978.68541947343,10003.494942858946,7658.616718395703,6297.164347832162,5341.2057633357845,7770.293066721766,5922.19488562948,6592.377707963215,6592.404494108991,6830.1011054329365,5861.15590504313,7503.532072883323,6789.806679965747,6899.376308611392,7732.612317149251,5914.572724414491,8566.67195485855,8266.223264462642,6771.357174605512,6980.073805131338,7648.231825078854,5790.484855221656,5245.0980045915,6581.899458256091,6571.4078135005175
6906.015048617397,9945.364312342905,7658.616718395703,6281.244149610002,5302.699851639157,7770.293066721766,5903.300976204502,6586.6403449287245,6527.643897686477,6800.236611747795,5832.5448802139,7458.088874981195,6770.302622481581,6896.451145357693,7732.612317149251,5914.572724414491,8504.800487451725,8257.950017072684,6735.002909203905,6947.924475585395,7630.330907040901,5747.95438611396,5245.0980045915,6580.320871796635,6571.4078135005175
6899.6075276854435,9877.582208945023,7601.787279606352,6221.92505015085,5293.646440828866,7689.733509502266,5903.300976204502,6558.161002100859,6502.059494906063,6771.372703777165,5830.335824364016,7422.627276686739,6770.077629738146,6873.674344707499,7675.085183959794,5901.77362196787,8504.800487451725,8241.098995764252,6692.262111988683,6926.067998847665,7556.6225388652865,5729.9183876005045,5231.697545138038,6566.773626733336,6571.4078135005175
6777.617217555227,9805.020828643203,7579.0875694443885,6221.92505015085,5249.81909000839,7683.12101735997,5899.847657870825,6514.954851542532,6502.059494906063,6744.261990888598,5826.323630834823,7410.282129809925,6766.001696520362,6863.138971262745,7608.632397064604,5820.179483778707,8454.128312411267,8239.759600310515,6642.580623896324,6913.508231083952,7497.493362557227,5723.310795887186,5206.990928698015,6525.63968319736,6571.4078135005175
6777.617217555227,9803.803035382249,7579.0875694443885,6190.06871449839,5220.629433116272,7666.288444577206,5899.537096434264,6511.655995746013,6502.059494906063,6724.768875463696,5798.281705279531,7373.596124820068,6735.311481547964,6775.338315346468,7605.9906141271185,5772.765800201822,8391.412908235992,8211.255351433509,6609.991792426973,6891.3460955043665,7452.7905936036195,5683.973747840202,5206.990928698015,6525.63968319736,6534.194957500888
6771.082649046127,9803.803035382249,7579.0875694443885,6145.899599726216,5214.112476923243,7622.279877342475,5895.670353933832,6483.513831893775,6500.365880015321,6662.599865161865,5762.648081608264,7358.2340938265,6691.299918905576,6718.9368669171345,7523.2097999531115,5744.2988925058435,8362.025290267327,8206.570897106953,6590.619917027101,6865.276820405628,7366.379952523144,5671.6742670553085,5206.478046336506,6429.103329136027,6501.166067198529
6755.611256801787,9763.429502466584,7552.014865378685,6113.828989170157,5197.756483398828,7524.73537765119,5879.973691268697,6469.654737532326,6493.596069992718,6649.586522136804,5750.313192185815,7331.352276021001,6677.736912716876,6638.113758036562,7517.096071304976,5727.9913927536,8362.025290267327,8206.570897106953,6590.619917027101,6865.276820405628,7306.774897290738,5649.045601607127,5197.121400218992,6429.103329136027,6496.838935682456
6753.358012243886,9667.828674134103,7515.750599158412,6113.828989170157,5194.6671033782895,7485.044473206213,5872.02313813838,6457.589304819465,6485.060293392684,6649.586522136804,5736.087395856948,7331.352276021001,6667.1422794409045,6638.113758036562,7502.609498554179,5720.634038957522,8362.025290267327,8147.195245413963,6573.1380995600575,6850.719298971558,7306.774897290738,5637.2517403482625,5169.342726318795,6414.557340053529,6478.80298681605
6719.909174586708,9613.471112115956,7511.243811709077,6112.488136948839,5184.868292948985,7485.044473206213,5861.144949364013,6441.9178182386795,6452.943763206449,6621.040894331019,5736.087395856948,7329.424869778579,6662.559217143174,6611.219080027663,7419.455750525883,5720.634038957522,8353.728361466023,8139.274320132572,6544.783576931133,6825.289501506654,7306.774897290738,5637.2517403482625,5166.17509948169,6406.821267117733,6457.392236925349
6719.909174586708,9558.947429591415,7476.633186999283,6102.8861015387965,5171.632295914465,7470.385801228967,5848.192690329748,6372.960608376792,6405.327265121672,6621.040894331019,5692.983503595335,7321.897107261194,6662.559217143174,6571.234874987228,7408.370579769846,5662.1878812032555,8338.346691477574,8134.414051763492,6541.711106822114,6823.899173581831,7286.67162231315,5637.2517403482625,5166.17509948169,6374.688043146908,6435.611322295399
6666.124704052465,9546.486373664084,7455.033842140929,6102.8861015387965,5171.632295914465,7459.866778204807,5835.777506219298,6331.930435111479,6399.164526885439,6593.483700117659,5678.923834782536,7303.781020094665,6632.698299161278,6571.234874987228,7366.753496552338,5662.1878812032555,8296.746205927095,8134.414051763492,6493.185970170274,6788.601219075551,7265.2527384912155,5637.2517403482625,5125.30879681049,6367.756617949461,6419.366081830254
6666.124704052465,9485.03712652365,7428.651023732056,6100.241616171956,5121.240721726717,7393.377010121898,5835.777506219298,6295.340728132582,6381.590377078101,6593.483700117659,5615.577288290876,7192.769003176106,6577.219075611637,6553.511393647921,7280.891059585117,5611.699751866725,8296.746205927095,8087.144907970414,6479.641740907201,6752.227399047409,7240.22987867136,5637.2517403482625,5125.30879681049,6351.061619448939,6360.61249580494
6649.032041600067,9485.03712652365,7401.572158604933,6082.629799269046,5121.240721726717,7381.741335383584,5824.061563879931,6260.732051012267,6374.274386073408,6593.483700117659,5615.577288290876,7162.829604628968,6552.438081856507,6484.713759200786,7278.951151778229,5610.603560874999,8245.005552934916,8065.822118985013,6462.427712495775,6722.110573078989,7222.963835520673,5625.7618189811565,5082.941654635487,6349.839930192607,6351.7787788936
6649.032041600067,9437.42621366784,7387.937694775046,6056.541948434455,5094.8608111743015,7379.903108548269,5807.62152402038,6242.940651286878,6373.093007822178,6564.168931948147,5574.8975553988885,7142.244508471061,6541.193892738242,6461.915971064631,7274.71782432303,5610.603560874999,8209.161282239253,8065.822118985013,6453.448640217308,6682.585187095517,7211.747776211439,5592.703491048279,5067.966614152507,6349.839930192607,6348.044277043588
6620.4424098117815,9376.18277979786,7376.219325843959,6022.794471502558,5088.37061498478,7366.768663724175,5762.9338910254655,6191.296114744227,6353.257732717271,6564.168931948147,5574.8975553988885,7117.592442253717,6527.416451997914,6430.046141911133,7240.848783746831,5573.878457792399,8090.89422943719,8051.681229298756,6403.608568334721,6673.14481077613,7211.747776211439,5580.635452818551,5067.966614152507,6328.143763356582,6315.59291387253
6593.999698223046,9302.889046317556,7376.219325843959,5972.698989704199,5082.439092177261,7357.452564526835,5762.9338910254655,6144.899548727674,6334.133866466445,6542.825200216397,5563.306313036248,7117.592442253717,6505.322407004405,6419.366094150388,7240.848783746831,5573.878457792399,8050.214290996277,8026.39410514664,6403.608568334721,6647.736951135208,7181.202473988557,5559.849576964349,5067.966614152507,6328.143763356582,6261.069830186593
6593.2477860199615,9265.463679801342,7365.89344526527,5972.698989704199,5064.727747699686,7307.404277257679,5736.401717505814,6092.944179580033,6276.223311602002,6520.386570333544,5563.306313036248,7076.00307037007,6492.344078383734,6419.366094150388,7240.848783746831,5563.93086179631,7966.629160221846,8020.994525772974,6403.608568334721,6630.067610119787,7168.444531902615,5559.079084044356,5065.96352875183,6311.574801317807,6261.069830186593
6593.2477860199615,9202.963599967321,7339.852809092109,5972.698989704199,5064.727747699686,7290.2848505772645,5719.957037773513,6060.04581816901,6276.223311602002,6504.618104391398,5563.306313036248,7031.526171843381,6486.217829073067,6405.802287514587,7196.817681358478,5544.147821444043,7936.024687523819,7951.139649150037,6394.203928006768,6628.904009177451,7164.730478006167,5547.542770020451,5058.544939132571,6308.2220847360495,6226.695491244836
6592.127032076457,9118.137492221318,7332.397287194625,5972.698989704199,5048.446198993074,7255.030122027461,5685.800188970028,6043.346449495654,6263.640725780232,6504.618104391398,5563.306313036248,7010.416272926936,6477.526569273277,6398.836800969884,7191.604212580729,5544.147821444043,7892.418890136082,7930.269569595794,6381.343473226515,6616.385378892038,7112.495460994198,5537.858021323309,5055.22465723048,6299.579559484397,6192.727376643818
6586.530831111761,9074.484663641028,7332.397287194625,5966.683866441191,5027.4985300876815,7236.665727621684,5685.800188970028,6008.171547021847,6227.6506181479635,6502.820299186615,5521.341709524153,6990.703283067802,6470.100221565356,6369.0904090316835,7191.604212580729,5544.147821444043,7886.973880961126,7930.269569595794,6361.757907733259,6616.385378892038,7089.459905315697,5532.3292339860955,5055.085341759729,6296.696808670073,6164.319946135086
6586.530831111761,9074.484663641028,7332.397287194625,5961.589028283388,5006.937091203532,7181.599331915122,5685.800188970028,6007.880958458287,6196.49023625599,6487.0640013143475,5515.160717842555,6990.703283067802,6457.588193071746,6341.860422580263,7151.68340283269,5484.3456667895825,7827.0998972859725,7898.006930096675,6355.265822766813,6615.707004750892,7074.549510584019,5471.251044740015,5037.323602923746,6279.103235758561,6096.674233625027
6580.658623802093,8988.78316932478,7312.01459823369,5953.561127472092,5006.67195399732,7157.854968783424,5673.500125943554,6007.880958458287,6193.1070967677515,6427.54218627685,5497.127275424738,6990.703283067802,6423.655172150999,6338.916731489873,7089.736770882773,5484.3456667895825,7827.0998972859725,7836.534893039729,6310.365216101761,6612.620830378505,7065.338597116904,5421.877981346542,5037.323602923746,6250.709042020867,6096.674233625027
6548.197765189146,8948.462111958324,7302.413932922112,5927.915916982255,4995.291189702912,7138.36806515987,5673.500125943554,6003.251346100045,6171.699913709524,6417.665080756107,5468.833758039729,6961.74059698057,6417.52785385621,6302.978715233638,7089.736770882773,5475.581282225742,7819.555946662965,7827.533541961366,6297.852481271521,6605.762125721711,7065.338597116904,5406.8286296137885,5037.323602923746,6222.466439153852,6037.975648126076
6512.035600766107,8948.462111958324,7285.733525350454,5926.367723776128,4950.762211751452,7097.552205451624,5673.500125943554,5973.732799593068,6141.045673814519,6417.665080756107,5468.833758039729,6914.613988200427,6417.52785385621,6267.46279000796,7052.602876643975,5457.799105633473,7795.134576294486,7797.256617242603,6287.9554895636375,6565.975621455933,7022.202446763105,5406.8286296137885,5024.752378284496,6222.466439153852,6027.399390395848
6481.947854282636,8926.019452160046,7253.353443046118,5926.367723776128,4950.762211751452,7072.125848799479,5661.972996943216,5955.100679996798,6130.55295153664,6407.858031345548,5468.833758039729,6896.634998430585,6360.778616093791,6263.783467357301,7052.602876643975,5443.372141127349,7786.415527592909,7784.895783327152,6226.483859740493,6565.975621455933,7014.949364339263,5378.256495486408,4989.871256494766,6222.466439153852,6027.399390395848
6474.3717150557,8926.019452160046,7240.654269113474,5888.293160346103,4948.790477931119,7072.125848799479,5634.438122845841,5948.935951928492,6120.687404019853,6372.764994731703,5401.338946096335,6823.196412843193,6344.312276817511,6240.248761357514,6935.890855219949,5417.418213300984,7771.305295760202,7735.797144181673,6222.23142308756,6565.975621455933,6999.206214180522,5378.256495486408,4976.423625092353,6217.401257711638,6027.399390395848
6445.485300214239,8926.019452160046,7198.663414841197,5888.293160346103,4937.808299954906,7072.125848799479,5589.638820831245,5939.1548871240575,6098.695749025084,6361.213149604882,5384.066726041683,6804.046213931287,6325.508702314438,6240.248761357514,6935.890855219949,5414.717791154866,7751.885714899215,7735.797144181673,6200.543550343547,6538.281186925823,6951.4755222586755,5378.256495486408,4933.037967982019,6200.981502176163,6000.938561584875
6445.485300214239,8892.186083392686,7183.840125119092,5862.027372142009,4937.808299954906,7029.462991451038,5587.62500544272,5923.183159476457,6077.058174082607,6358.8017561109955,5381.736445708761,6804.046213931287,6311.467025934266,6230.524218009654,6925.183247131019,5396.802731995372,7719.140344609459,7680.151402766058,6200.543550343547,6538.281186925823,6877.0709880479135,5359.721714218935,4879.665226881234,6180.847869900423,5977.192479942878
6423.816019177137,8789.65991701043,7183.840125119092,5860.052292986717,4919.089676372596,7022.851854858729,5587.62500544272,5923.183159476457,6077.058174082607,6338.6620478493915,5381.736445708761,6777.438097045506,6237.578236261172,6230.123888384882,6925.183247131019,5361.238221520742,7719.140344609459,7657.893644616706,6174.665100593687,6529.726840935682,6877.0709880479135,5350.241201830104,4845.806735475657,6175.476773859362,5960.466869004051
6380.503732810181,8749.12600457247,7132.473443256003,5836.345553345247,4899.805031290518,6969.716025483031,5583.639672011033,5923.183159476457,6019.7625232177315,6338.6620478493915,5355.554945314641,6766.55953684092,6204.8783716922635,6230.123888384882,6840.129309070426,5319.247635963635,7709.814624349791,7615.130267253946,6139.289577311814,6529.726840935682,6854.406084468769,5344.054655271024,4845.806735475657,6171.104055165983,5950.294518439849
6366.088990062182,8676.465586066639,7119.772538591256,5836.345553345247,4899.805031290518,6946.377068692551,5583.639672011033,5867.1636204567485,6012.02784653135,6323.060569389829,5329.956051226475,6766.55953684092,6175.348461765582,6223.03517805159,6809.756475409105,5312.979384380387,7686.60817553856,7615.130267253946,6116.2975913744485,6529.726840935682,6842.374363129469,5339.059242543229,4838.059603787255,6158.912726537599,5950.294518439849
6301.295858233438,8672.168474955044,7053.120078701534,5826.972299187977,4899.805031290518,6946.377068692551,5578.960953649036,5867.1636204567485,6012.02784653135,6323.060569389829,5277.7777559276,6750.202586481995,6172.288587418832,6223.03517805159,6809.756475409105,5312.979384380387,7686.60817553856,7517.054852836322,6116.2975913744485,6529.726840935682,6828.890984436232,5293.226794522219,4813.1623135528935,6154.004823969713,5937.937160875177
6301.295858233438,8613.82903167284,7049.976305937326,5796.21065003887,4869.397333561868,6909.157182264142,5558.492130132425,5862.9008049687745,6008.679604629993,6313.793567518069,5277.7777559276,6696.807923177064,6148.754926275255,6209.089219352694,6790.930353279696,5298.539720125833,7665.698322017651,7482.269042768318,6095.659086517006,6527.348106995241,6818.519139907213,5293.226794522219,4813.1623135528935,6022.344570378178,5917.797484066285
6295.568517163043,8595.420671701566,7034.4045148058985,5773.911767270565,4869.397333561868,6902.855406886404,5544.304326827968,5849.262567101341,6006.461222652329,6280.55805482568,5257.449528282227,6696.807923177064,6096.764196879156,6202.356016451611,6781.190467462827,5285.662380647684,7625.071637778037,7482.269042768318,6054.032202960676,6507.254818314874,6794.631720356856,5293.226794522219,4793.547979911328,5929.463956114921,5900.258408410818
6295.568517163043,8580.72462347065,7023.45375059697,5768.196175667248,4867.594686318595,6900.792830410409,5542.530000645271,5827.605484758023,5982.392711139402,6249.047827285086,5242.716543178135,6696.807923177064,6096.400630470055,6202.356016451611,6776.898334952798,5271.025256650586,7607.8837233959875,7482.269042768318,6042.340877202159,6504.424152127323,6718.189946825871,5266.498554464065,4793.547979911328,5899.942867063701,5877.460558912258
6286.077241751142,8564.4654687481,7003.921204442556,5736.076948281438,4845.743669519748,6900.792830410409,5534.899243322945,5807.364555717851,5960.630621127123,6243.459042870403,5241.155732176392,6674.179606041385,6096.400630470055,6190.327505504865,6750.8883807283355,5244.191076319782,7568.731038356159,7482.269042768318,6005.400505320127,6504.424152127323,6662.247722817957,5266.498554464065,4776.252853337981,5851.153435246981,5867.340315792554
6286.077241751142,8512.397631909933,6992.849196698624,5696.433682438195,4845.743669519748,6884.236314569555,5532.291783416787,5800.537000877201,5942.808114229887,6239.059546906413,5177.125828313687,6647.655235221068,6070.923844644734,6171.098435444075,6743.666291072434,5231.469672071052,7518.813353845874,7446.327016064598,5980.542744164884,6504.424152127323,6656.635943225726,5251.849640334853,4776.252853337981,5827.353343894149,5862.4181844218565
6273.9035425527,8487.723306553109,6926.037918047779,5696.433682438195,4845.743669519748,6884.236314569555,5514.383471949297,5800.537000877201,5942.808114229887,6211.4557243485215,5177.125828313687,6629.4846986915445,6058.754653113801,6150.390658600822,6694.834673936139,5212.958606683462,7504.915484906408,7421.334257770635,5980.542744164884,6483.0341444607975,6640.530980496519,5247.999576818946,4757.842898251312,5827.353343894149,5813.274232438882
6252.128115894875,8448.600139115106,6873.4353089905035,5672.085326660326,4841.266728369654,6849.755274457543,5511.829523261815,5800.4632246958545,5889.700650300752,6183.423954772765,5138.151088319979,6629.4846986915445,6019.904807264251,6150.390658600822,6694.834673936139,5206.258929038606,7470.295879902253,7382.319173334845,5962.027100099507,6416.8860051017955,6622.620050764583,5202.406940537951,4757.842898251312,5827.353343894149,5783.071085988771
6245.774373829481,8403.984337219415,6873.4353089905035,5666.2138560926705,4830.476473801694,6827.334966993321,5502.6531932770295,5800.4632246958545,5880.373493475268,6183.423954772765,5126.237107615845,6576.332130136594,5988.968196608608,6106.1485402392445,6674.912544284515,5202.182975849704,7465.8965248018,7368.548334215937,5949.999174776287,6410.218046106906,6598.146769525062,5186.812424442671,4757.842898251312,5758.3788499773755,5783.071085988771
6245.774373829481,8403.984337219415,6848.168504360404,5666.2138560926705,4824.599649290018,6818.131070285554,5502.6531932770295,5797.200148811801,5867.831817594002,6182.620750955323,5126.237107615845,6534.59746739479,5945.050088640091,6099.559016643707,6653.698819441846,5200.209111396272,7459.336680356361,7326.40724152994,5944.518255190347,6409.064034146342,6545.851065514423,5163.413344686971,4755.266722084232,5758.3788499773755,5774.256598467173
6245.417218013553,8347.586912999708,6775.22877706244,5654.238687785178,4805.175032600081,6813.6369424710265,5493.745511896001,5780.757264904895,5822.833059003209,6182.620750955323,5126.237107615845,6531.76938566403,5880.14635227852,6081.777198152702,6582.686531178198,5193.047278775448,7444.731484321526,7312.669096541818,5943.877116638529,6383.746822794102,6535.333939447195,5163.413344686971,4739.833968391241,5758.3788499773755,5753.379132008318
6219.2360144638915,8347.586912999708,6775.22877706244,5648.038407478261,4796.285815140782,6813.6369424710265,5484.264974899419,5768.748424735322,5801.204820928283,6175.206536183864,5126.237107615845,6499.519159814549,5880.14635227852,6070.9608348659995,6559.19422927825,5173.480978541975,7413.2686234455905,7271.201903487936,5923.570516782207,6364.809157995984,6535.333939447195,5163.413344686971,4739.833968391241,5719.951389468468,5748.939357600413
6219.2360144638915,8320.764473482239,6757.654637057329,5648.038407478261,4773.719280758046,6800.406203748855,5448.732520001693,5759.7899285223575,5769.794454920835,6175.206536183864,5102.031104399448,6460.7619098598225,5830.7053079880025,6054.621503232807,6525.586863497378,5170.745500526724,7413.2686234455905,7265.508369582426,5918.282336275356,6310.218529196521,6491.877827857348,5142.603536222814,4739.833968391241,5683.523394942137,5748.939357600413
6219.2360144638915,8295.237761535362,6757.654637057329,5619.55354358964,4773.719280758046,6786.728262369024,5401.5755977193485,5738.267544162647,5769.794454920835,6169.467148576168,5102.031104399448,6436.064136927398,5830.7053079880025,6017.576647462798,6525.586863497378,5132.0061391687905,7404.313748774199,7265.508369582426,5903.957400571777,6310.07455532913,6490.236365663689,5119.511095531204,4737.664012779393,5641.880484730065,5742.891083785387
6219.2360144638915,8295.237761535362,6689.657438481619,5618.906618486537,4741.82616896678,6712.8257466943,5381.623215097105,5729.930269337723,5768.4405935669065,6162.195057178839,5102.031104399448,6391.380039814881,5830.7053079880025,5972.863861802345,6501.8350976691,5127.838349299778,7404.313748774199,7249.485132463795,5898.974318211855,6308.332575639253,6472.614149458944,5119.511095531204,4734.63880507956,5615.696680651727,5742.3887391834805
6200.131780919218,8257.900403679352,6689.657438481619,5616.416251742298,4703.7762566907095,6700.85182119712,5364.418781531835,5720.813806311265,5756.2972428525945,6160.4065309794605,5092.802987010849,6391.380039814881,5830.7053079880025,5961.1812862161,6446.012669116704,5127.838349299778,7384.581456086773,7223.937001240588,5882.916419259268,6261.101100188169,6449.809399471989,5094.704093317316,4717.07297305046,5580.335489642808,5720.8636705071385
6164.234153058079,8226.981665598938,6689.657438481619,5595.464562586389,4703.7762566907095,6700.506804088854,5346.77569319916,5716.15740875065,5737.365506010031,6144.15475592168,5050.103881020157,6391.380039814881,5830.7053079880025,5941.790581079747,6399.195355099241,5127.838349299778,7351.8739872748865,7212.199216275573,5869.273136964568,6261.101100188169,6407.698337108908,5094.704093317316,4701.904466718785,5560.938836069365,5709.160350328322
6154.1764284495985,8226.981665598938,6673.389817377905,5595.464562586389,4689.616292996083,6689.076668316996,5346.77569319916,5696.918619409071,5737.365506010031,6128.779884942892,5050.103881020157,6335.336441735067,5802.742186526839,5937.723870914544,6324.095932404167,5120.9081052512365,7351.8739872748865,7179.439957142912,5869.273136964568,6245.084537494911,6385.298799643049,5092.536617485012,4687.336319589875,5519.481186234685,5709.160350328322
6154.1764284495985,8226.981665598938,6670.756092541838,5595.464562586389,4662.488195623284,6689.076668316996,5335.615087405404,5668.482786625271,5727.1747278239245,6125.038497613958,5040.163201020268,6335.336441735067,5802.742186526839,5923.612456608846,6313.411507110666,5112.685006939957,7340.298980886425,7175.565518466387,5869.273136964568,6211.181057856154,6385.298799643049,5092.536617485012,4685.452853214934,5503.430465135329,5687.4666454089975
6133.129642134944,8210.754277144852,6661.718149830164,5595.464562586389,4622.987315448716,6672.026673726325,5302.46826620315,5663.9106343011445,5716.336235590483,6125.038497613958,5037.849188259193,6257.212917549032,5755.230522236874,5923.612456608846,6298.7592409245235,5108.305396469297,7311.966989985134,7159.117327797691,5868.935209220614,6204.935909000742,6385.298799643049,5068.048158104099,4682.039228472027,5472.399853248218,5687.4666454089975
6121.84443618853,8184.580364484471,6651.292219204269,5595.464562586389,4604.477375105999,6662.199436511967,5266.848464621346,5663.53987288352,5716.336235590483,6090.14326730066,5031.519106641028,6209.8462777475,5735.499748217824,5905.321432383768,6256.587745066339,5108.305396469297,7269.511702908594,7140.306875126662,5863.302420557337,6184.638910456375,6385.298799643049,5057.475445936072,4677.243706706135,5472.399853248218,5662.57151342963
6069.039267734532,8150.66671976073,6651.292219204269,5589.414092779649,4585.614235022761,6648.106968651161,5266.848464621346,5642.672469376592,5679.707833477657,6090.14326730066,5017.370935524363,6209.8462777475,5735.499748217824,5877.336561998933,6217.751540482287,5107.103631460617,7184.5648652678565,7120.535929213662,5850.63177851953,6177.471468161112,6385.298799643049,5021.087418920944,4677.130615377878,5387.834726343472,5655.704396706444
6052.479370890951,8150.66671976073,6624.007946799124,5549.522938978333,4585.614235022761,6642.278129096983,5241.523114145036,5642.672469376592,5663.181281225098,6078.21922063905,5017.370935524363,6207.613191581177,5729.051051812279,5877.336561998933,6217.751540482287,5098.998471586462,7184.5648652678565,7120.368511844797,5840.815313119876,6164.144612358852,6360.596526336371,5009.484542813632,4654.999149134766,5349.172071188092,5640.119042204617
6052.479370890951,8139.985667319163,6624.007946799124,5506.683678605035,4552.750806323071,6637.7905227615065,5191.167782111031,5642.672469376592,5657.832226918268,6072.288119855414,4981.076136086751,6173.881944829549,5704.109828598024,5877.336561998933,6175.764096594148,5080.927403404272,7158.247958214565,7119.28808428168,5824.768231714475,6145.690614792238,6360.596526336371,5009.484542813632,4651.566481802229,5346.0053754624805,5608.810193591259
6041.5941542942455,8110.997761562922,6624.007946799124,5502.706153342023,4552.750806323071,6621.446792041222,5183.707417233684,5641.837396107339,5656.63049950725,6058.743407689322,4981.076136086751,6164.7857009313375,5704.109828598024,5870.801211025919,6175.764096594148,5061.304083532248,7154.993072532679,7109.881197088547,5813.53650149552,6145.690614792238,6325.574546285543,5009.484542813632,4651.566481802229,5306.618387294692,5570.4867223186775
6041.5941542942455,8110.997761562922,6624.007946799124,5502.706153342023,4531.725917969337,6599.37727841744,5183.707417233684,5638.138843021345,5626.843875440225,6049.242484740174,4980.562940549571,6164.7857009313375,5704.109828598024,5870.801211025919,6175.764096594148,5033.5268710065575,7084.357988914028,7099.696237296144,5813.53650149552,6145.36640999065,6308.165072918664,5001.858165369831,4651.566481802229,5306.618387294692,5561.920474036673
5989.120946953441,8097.783371566708,6611.322814014985,5444.172066612376,4515.1662067386915,6583.08961655616,5168.107170266581,5636.714998389332,5626.843875440225,6033.656709177786,4976.964524696745,6164.7857009313375,5693.972530184307,5862.269138758131,6174.414480109315,5033.5268710065575,7070.958713798913,7092.688563257461,5813.53650149552,6144.643873737166,6305.901419197054,4995.947738745042,4651.566481802229,5276.399397256493,5552.669403994425
5989.120946953441,8085.697697914359,6597.884616631501,5444.172066612376,4515.1662067386915,6544.601267044496,5168.107170266581,5620.396476886269,5621.805004139953,6028.521600964732,4967.271368019994,6164.7857009313375,5670.981458549539,5862.269138758131,6160.5537721519995,5033.5268710065575,7014.811937280494,7088.514088939762,5792.663979559124,6144.229118610607,6281.908105969713,4975.207447504201,4651.566481802229,5253.747873923497,5545.228572636672
5989.120946953441,8077.300733482833,6596.682295849703,5400.873871988448,4506.391643110348,6537.043338157705,5144.529688628439,5607.6640938361725,5606.898405701861,6011.321242693362,4961.819980314568,6136.860075495051,5652.308800422248,5855.918960350618,6160.5537721519995,5016.62589007507,7014.811937280494,7077.666009406924,5792.663979559124,6134.737857024464,6281.908105969713,4975.207447504201,4646.493993647462,5253.747873923497,5530.94875302885
5967.87332804218,8062.793330646545,6593.099719869461,5400.873871988448,4497.35399238764,6526.7955622107065,5112.209348238152,5600.291013203854,5606.898405701861,5996.148208364889,4950.181666887507,6126.961407497855,5608.163120152532,5851.909136042079,6156.361608309319,4984.078783441172,7014.811937280494,7020.946856130933,5792.663979559124,6134.737857024464,6273.681453534452,4975.207447504201,4646.493993647462,5196.6321473320695,5528.917059290757
5952.590654883133,8059.184288225146,6580.971537958224,5389.105879715913,4466.398543120571,6509.706662561051,5099.905389898511,5595.367083390877,5601.822148471434,5990.7549839663825,4940.412695999138,6121.48053602263,5608.163120152532,5841.026357618915,6142.745678551835,4984.078783441172,7014.811937280494,7006.1925134617495,5790.183385384535,6112.196060928702,6273.681453534452,4975.207447504201,4646.493993647462,5196.6321473320695,5475.796053811271
5924.2109619092425,8027.215421346376,6578.7409974095135,5359.581947870638,4466.398543120571,6480.454528048487,5099.905389898511,5569.523381474757,5601.822148471434,5990.7549839663825,4933.538797882485,6115.447628784716,5608.163120152532,5841.026357618915,6125.440881917273,4984.078783441172,6964.929389155748,6962.022225216927,5784.348432120444,6109.58002716273,6248.469774268773,4973.937143609308,4612.154105323459,5190.737443662514,5457.89560045368
5924.2109619092425,8008.039271468034,6577.767499830829,5359.581947870638,4466.398543120571,6469.974896941074,5091.120712981945,5562.92918104924,5596.270009256816,5988.207229002115,4924.301225426959,6115.447628784716,5598.195009686711,5837.869159901814,6103.070492603927,4948.95675243223,6964.929389155748,6885.99912588516,5769.63300322769,6095.529973608959,6248.469774268773,4973.08424238855,4597.013134627656,5169.483040449003,5443.173073377372
5924.2109619092425,7990.631018420427,6539.032221080671,5354.565134272244,4459.6515259483585,6425.962630400189,5090.54065272912,5540.831229991261,5596.270009256816,5963.850145523575,4924.301225426959,6079.0250993093905,5586.183604514284,5836.095381534058,6103.056989483024,4932.00008786288,6958.173221910737,6869.232884163918,5769.63300322769,6084.874289330691,6245.062645155211,4953.1977332039805,4558.950692899378,5085.380716127008,5431.177412494415
5924.2109619092425,7984.8600083387355,6538.371254574391,5345.528779262142,4442.36383292089,6415.507173279362,5090.54065272912,5540.831229991261,5596.270009256816,5950.543655544572,4924.301225426959,6072.03071948224,5583.9529913506485,5831.835991196701,6072.09967954445,4913.863227255517,6927.3226931041545,6869.232884163918,5762.413782510479,6073.408797044778,6242.417469718088,4922.394726839352,4551.012286354582,5085.380716127008,5372.753097398399
5889.244060536401,7967.123319091772,6535.076482099981,5345.528779262142,4442.36383292089,6415.507173279362,5084.527363090231,5540.831229991261,5596.270009256816,5947.293585574618,4894.431606390955,6054.919366960903,5580.538116839619,5829.930131237671,6067.818647080092,4907.452230980021,6927.3226931041545,6848.287042364404,5762.413782510479,6028.84246463047,6242.417469718088,4902.249157703524,4551.012286354582,5072.226413650057,5328.024647591021
5834.815793387505,7936.087780981972,6511.087416189198,5345.528779262142,4437.4195139579315,6399.679724467549,5072.526340844232,5526.115287337472,5591.404508347085,5938.7112653420745,4894.431606390955,6047.522754425052,5567.183928232154,5820.665573884157,6065.353598434005,4900.424866636863,6927.3226931041545,6779.399494500537,5746.86236464522,5992.880469141206,6241.962177279068,4902.249157703524,4550.326185741318,5070.434222192855,5328.024647591021
5834.815793387505,7930.585335485108,6502.953896595585,5337.302839462381,4424.95751299947,6396.573803705969,5066.501096059857,5505.728288138351,5591.246015391905,5929.753262046061,4893.2209651900685,6017.707018023956,5562.077758456979,5813.148536336069,6065.353598434005,4900.424866636863,6927.3226931041545,6768.085048150739,5733.926869930415,5992.880469141206,6199.410581023691,4881.055084834363,4520.656882181753,5070.434222192855,5311.21496653647
5804.912099496098,7902.829160103287,6502.953896595585,5331.191184515206,4417.445517054585,6380.459003531963,5061.802895855326,5498.679551785178,5588.788645328965,5923.220464253691,4885.528069171155,6017.707018023956,5562.077758456979,5813.148536336069,6061.564801901724,4900.424866636863,6844.71691074574,6754.131938582899,5733.926869930415,5974.1538061491165,6199.410581023691,4844.571144637359,4520.656882181753,5063.529077960566,5276.051542018306
5719.573306020391,7856.297054590881,6502.953896595585,5308.063382912853,4410.87322430148,6349.431019757121,5058.472648648231,5491.431542002916,5570.719197147733,5916.07581062803,4876.010962643788,6016.76398738058,5555.991024695622,5803.2778836066045,6061.564801901724,4886.93984935512,6844.71691074574,6705.4394885633155,5708.193779858879,5973.838867402574,6178.315722194031,4841.778057796548,4520.656882181753,5031.859655567891,5254.586358761466
5719.573306020391,7856.297054590881,6482.407297782058,5240.678490487135,4407.084187103815,6326.36810972882,5046.539450469019,5491.431542002916,5559.141466860443,5916.07581062803,4872.502237057719,6014.055515349732,5553.141012092134,5803.2778836066045,6044.602430840394,4872.643734107951,6844.71691074574,6663.011444017404,5706.35349427769,5973.838867402574,6170.276511228683,4826.20705361547,4520.656882181753,5017.711790185498,5246.352123994469
5698.79610054278,7840.254992245652,6452.925060149297,5225.40191893074,4401.6841916234425,6326.36810972882,5043.598814603445,5460.951387905406,5537.150587987384,5914.6784916883735,4862.25443101971,6009.842100751321,5551.622871020842,5798.699777294705,6034.680395362008,4851.243773833337,6782.117041120257,6644.179505286152,5706.35349427769,5894.401025709483,6166.943923854435,4800.446851348901,4515.433195040674,4995.630363508375,5210.944655437191
5630.369758802482,7797.764054583966,6418.7060256555915,5225.40191893074,4396.440379331979,6295.015962652042,5038.3588318003685,5435.175649397006,5537.150587987384,5914.6784916883735,4851.925014496034,5997.569369372354,5546.955459077884,5757.174627852436,6021.2980712045555,4848.047092348943,6782.117041120257,6638.6006183168065,5620.614318278061,5884.442687946987,6163.975455409944,4800.446851348901,4496.020908281895,4995.630363508375,5210.944655437191
5630.369758802482,7784.159496684839,6380.206949795746,5225.40191893074,4392.519156655778,6295.015962652042,5034.698821502128,5431.129101508559,5518.254861826127,5898.894317184166,4844.992042906846,5987.913468241539,5545.4985733178155,5736.435847750984,6012.932461269396,4846.1442445201465,6782.117041120257,6634.631236865271,5613.1592091186185,5878.64746039974,6132.242361885273,4788.208870533403,4496.020908281895,4995.630363508375,5210.944655437191
5629.9616419387075,7769.004734969403,6343.111804292452,5190.888468860942,4392.519156655778,6242.140102367778,5030.1157194540365,5412.7626106427815,5518.254861826127,5898.894317184166,4836.787070123402,5976.621414792696,5545.4985733178155,5726.520170738668,6012.932461269396,4837.51016120989,6751.177511274738,6620.181529313025,5596.019130505745,5840.795400070581,6105.543965765654,4772.806534180105,4496.020908281895,4944.105959647653,5174.379568157344
5629.9616419387075,7763.871114331355,6343.111804292452,5190.888468860942,4389.828468150981,6242.140102367778,5012.6747052771825,5412.183664911054,5503.359712295238,5878.972758739257,4832.491207926534,5953.206487926958,5543.179714751386,5697.431421733439,5998.420797966537,4819.821021939824,6726.027574607872,6618.6773742478035,5558.295387558795,5813.842356481714,6105.543965765654,4757.125509876967,4486.783841108108,4878.322118266461,5172.072850914241
5622.535630399973,7702.542863076862,6343.111804292452,5183.445730964242,4389.828468150981,6242.140102367778,5006.719504037602,5384.012452864157,5503.359712295238,5878.972758739257,4832.491207926534,5942.26155618034,5539.219230812084,5664.005868411343,5984.453296694941,4804.719511827919,6726.027574607872,6605.251474864153,5558.295387558795,5788.797364729839,6057.802490865541,4743.583951758589,4486.783841108108,4838.29025404948,5160.645233036659
5611.753584165242,7698.533910939055,6343.051566707299,5175.622460362998,4389.1063782309175,6223.860612153938,5005.011188633658,5378.999825067302,5483.3622082249985,5839.99300111127,4823.288517825687,5930.139291208882,5536.892394103274,5659.327658261149,5974.388873206581,4803.697962193139,6724.852545265709,6601.6207060976785,5547.047833042718,5761.639868451311,6057.802490865541,4743.583951758589,4486.783841108108,4817.374868886651,5147.44729848574
5606.281214774342,7672.469803644622,6332.13629569753,5135.932388018275,4383.43491175961,6127.159208595579,5002.505208230951,5372.017344615948,5483.3622082249985,5832.118054474554,4823.288517825687,5930.139291208882,5536.2296168291405,5647.928296759825,5959.734828000363,4803.697962193139,6723.010522370893,6590.835467567805,5547.047833042718,5761.031159554741,6052.642446466132,4743.583951758589,4460.6065780778445,4817.374868886651,5147.44729848574
5602.416295062914,7663.274346763319,6328.611802524298,5106.479968084091,4377.771791834668,6083.093822126775,4999.03084651017,5346.95129953592,5454.215764208922,5824.98141856031,4806.144238823474,5912.539134333092,5535.812638244532,5647.928296759825,5959.734828000363,4803.697962193139,6712.0554504464535,6590.835467567805,5533.794431327564,5761.031159554741,6041.079872439679,4743.583951758589,4454.445433524357,4805.767936594455,5138.784328974143
5588.38681931919,7663.274346763319,6280.772150917557,5106.479968084091,4377.771791834668,6048.709319862572,4999.03084651017,5346.95129953592,5442.0072342707335,5824.98141856031,4806.144238823474,5912.539134333092,5535.644870658028,5646.342744249208,5959.734828000363,4803.697962193139,6658.055976658131,6564.653643762349,5522.812818715234,5758.9884385546475,6024.697559620759,4743.583951758589,4454.445433524357,4787.976445668066,5125.29104602369
5549.678021571319,7640.32534765716,6245.823690139663,5091.97033362547,4376.337757592265,6048.709319862572,4987.407515883323,5329.518315049559,5442.0072342707335,5801.234806830388,4797.586495882041,5911.016317972891,5524.233320365598,5646.342744249208,5936.949313506599,4794.424009397247,6645.57327843773,6557.543674879446,5522.812818715234,5752.744717252768,6022.136550248542,4743.583951758589,4454.445433524357,4777.409791081667,5125.29104602369
5516.405263014845,7611.427770528116,6195.367417970658,5091.97033362547,4367.081264666523,6048.709319862572,4986.953614425077,5318.894739457557,5407.2165186820275,5801.234806830388,4783.788412332142,5911.016317972891,5520.172404955102,5636.764041074604,5902.587066779717,4794.424009397247,6645.57327843773,6537.797269848429,5467.632525873385,5746.296339392315,6017.7520673273675,4743.460384097307,4454.445433524357,4752.798310705282,5124.065749851544
