trial_1,trial_2,trial_3,trial_4,trial_5,trial_6,trial_7,trial_8,trial_9,trial_10,trial_11,trial_12,trial_13,trial_14,trial_15,trial_16,trial_17,trial_18,trial_19,trial_20,trial_21,trial_22,trial_23,trial_24,trial_25
72682013573.84213,54917851957.59506,38062949427.69385,54863620465.621475,54134583693.944275,40183065504.807106,66931841186.49493,55458577266.28834,33287078289.21718,55033062911.56439,76450898654.29318,58045742272.56662,58695645673.20055,61487500841.19305,56100822489.89343,76392594894.73837,63045732686.74467,58139944211.74893,44843860795.05401,55345009623.3898,40280140106.900215,67077875777.43341,52853945611.79205,61605185120.44496,81387570430.5897
40906170748.18927,32662530613.84285,23764222503.948635,31004199125.485035,21227137045.36903,21322529975.434563,30585435386.792686,24632576996.77011,24283380407.301605,44930758232.51352,39601761903.09327,39297361373.34859,27949434732.96927,48733029715.761154,33296058527.003197,40839779651.50043,28926500776.53678,27139166936.028603,25001738642.409668,38933863958.40733,23573879666.932053,26874851109.32804,29544258075.8322,31297600553.937004,25724419429.493027
21012648620.295895,24628645253.43727,16057423664.671171,21095573069.150578,16350118556.013268,14400720844.413351,23325872467.07029,21842554386.589233,22947167365.221382,36197550726.72712,31187543323.696033,27211058510.022724,21369418107.14427,27221004077.578175,25108195143.610664,28202062936.928402,25069936212.756615,23686337259.278095,19831370810.308243,21216405180.83807,13619700550.989628,24112677314.95938,26588854355.773857,13225985186.167187,18496101084.877594
17120176726.572205,19114690427.088432,13577497658.405201,12295186253.69876,13060617255.421885,10960830101.783453,14608906779.025665,15984442415.316189,12401261892.175188,28815034592.345074,23464032141.834236,22006091959.322258,14671752104.895084,25405659115.129383,18821525787.84694,27561602164.571297,19044373088.20243,20403481112.050285,14695149752.469467,14425068496.863499,12123826010.241238,18105738229.337852,21265099484.04202,13196846292.818497,12357367051.98034
16512237655.251657,14679485462.6717,11436061892.364012,11928099848.618279,9170633037.90966,9170477670.741627,13836058939.188782,14423826949.966099,11544076511.572748,28815034592.345074,20104653797.1054,17167104823.378952,13171931440.238398,21861780498.169792,17013493265.012808,23115438306.04377,17048356104.510204,15409535719.961138,12989852993.814875,12817924158.524189,11249804841.070995,13931468171.438187,19042413642.78782,12490025868.042553,10610702676.492325
15100877155.686028,10723331370.562012,11109705162.490635,10757384396.65443,8320157573.018698,8194077342.970854,12768974998.149214,14064683713.439241,10869257594.00389,26976076715.33138,17816417719.208786,16874851712.897486,11840807531.069822,20317436481.633812,14968477328.90591,22388577873.404846,16541657713.664095,13796734765.384956,10562083790.511724,9988294114.434294,8534237764.608524,12885561444.701721,17459493005.99283,11053694126.757862,8575837360.117832
14131779050.641747,9767770541.447887,10700938764.431946,9257509182.198757,7891364477.566786,8194077342.970854,11413402901.441359,12796582934.812222,9365997416.042446,25465971931.49061,17199877217.71423,15809653256.762121,11105948699.906769,18895276526.481033,14333906030.266228,20290930830.84746,15824727927.56361,13193119635.24243,10475407391.020025,9106348834.903004,8534237764.608524,11408051384.931656,15946191475.815378,10336672827.923624,7793345976.333113
12095565722.281399,9202244154.20502,10129877654.813934,8985435691.043064,7258660001.929733,7375976923.260548,11203121535.421041,12370993171.74409,8412095256.751757,24340811633.946785,16681468986.854298,15022676741.747719,10365477429.170067,18006799490.05513,14333906030.266228,19928398261.269646,14448436828.017893,12124458494.344774,9231986161.358784,9029340998.45879,8067658571.465309,11065245278.737007,14904182917.302795,9419847012.86636,7054805251.471388
11372710514.43618,9202244154.20502,9743348457.144619,8053416531.515428,6014779915.422071,7298669405.355427,10355095074.59022,11874620461.564745,7633322450.678423,21965365724.85393,15852911906.796751,14968146719.443886,10100722994.82161,16585739309.042355,13513610251.183037,18729699823.605873,13504215942.662733,11900190632.57027,8997024721.096344,8244360467.278172,7165620784.408817,10385985852.170403,14332406570.907913,8723781278.216026,6496670432.368253
11163217933.712322,8582402366.432904,8757749448.421505,7822641135.77611,6014779915.422071,6675449322.106384,9775834726.949646,11064911601.788824,7025379653.153766,21090268113.59686,14439669063.204496,13679773886.029835,8432176601.3714485,15005017056.553688,12345196422.230694,17766221663.50515,12924859895.159328,10836892922.765682,7803553199.825676,7451756090.101813,6436088900.833966,10147896980.79919,12982616184.223526,8461969346.146158,5842753007.655814
10082163882.103386,8095310313.890317,7630086107.086941,7287125612.067165,5736582753.067965,6270265949.296504,9044651091.143724,10852441598.490612,5838815932.981229,19226008332.226707,14284348547.97836,12490135014.903578,8429852526.966222,14750635057.27666,11577176263.782814,16379818466.008888,12088793008.795864,10377709351.395012,7204021666.446791,7271149873.008953,6350833210.499801,9356095007.244099,12696373096.745838,8145990170.789812,5471772582.830122
8897628988.508692,7017463361.210083,7066901929.674768,6810813793.995909,5214819617.448883,5835057728.67965,8437651668.024881,10081069308.191822,5838815932.981229,18709722585.581318,13090877572.987295,12319622696.151615,7256857769.49452,13408692002.919403,10500953138.753708,16070057570.980927,10308886744.714352,9455124670.258183,6592865679.063255,6402059546.5140085,5971901674.87944,8027857057.641396,12010341709.025473,7423275414.586482,5398207700.335352
8897628988.508692,5804813738.903946,6629956620.054005,6464921800.55342,4566144041.474893,5405177201.782961,8157558188.025536,8704937216.088375,5483513640.823029,18321482164.316685,12442151315.229153,11495449970.053455,7156065973.119437,12794352062.698969,9969469239.025028,15546732735.614368,9957897009.630198,7576184310.038456,5902448235.71136,6347907800.959121,5321858782.488335,7170811715.603977,10273183820.733393,6702788319.3172455,4973869462.857399
8471649357.487463,5804813738.903946,6084515794.572378,5964759846.094308,3826107285.5920973,4953213111.474009,7316594436.736254,8674828801.530746,4913840149.896078,17903321722.47329,11208755660.86461,10430917938.76125,6969766482.571884,12529480780.858318,9021563617.26463,14735252981.99764,9831062596.286003,6344048661.348463,5902448235.71136,5314263702.824702,5184792274.556566,7043852544.368877,9850783981.152359,6702788319.3172455,4752364338.892139
7424356419.603203,5781153713.986958,5278888540.170263,5887682257.801123,3645356240.6904745,4175928328.5389814,6914363259.068758,8674828801.530746,4704988180.885212,17500897121.5442,9988777544.460526,9291323950.602186,5984787762.782614,11529437132.165009,8780145872.475994,13847882660.777107,8866995731.974873,6344048661.348463,5386724362.413434,5314263702.824702,5184792274.556566,6806223057.6264,9713310391.396887,6310509967.76197,4522664293.725196
7208045997.780923,5680213717.998995,5141630389.6539135,5711136742.3849,3158507744.364241,4175928328.5389814,6611114799.619109,8544731265.748428,4329408303.679925,16704530453.701088,9560519627.149565,8804869864.803024,5824552425.824162,10511230895.398499,7171507498.988693,13369098315.138374,8507661234.618805,5319332242.330003,4609264907.720129,4891238423.8578415,4595187102.012808,5430226226.725124,9373898317.910763,5595606575.373368,3951302242.148779
6681105184.740183,4873906209.806349,4814522188.604153,5179527085.303082,3087551981.19559,4113508688.5607452,6186940812.874639,7838696364.595379,3712442736.141825,15528899722.254612,9560519627.149565,8804869864.803024,5438025667.467455,10338506743.78078,7171507498.988693,12047468597.302143,7282794965.435974,5206183288.985735,4309825021.55254,4536042319.928771,4076524142.9382467,5205840104.428766,9245441241.572239,5530180705.719471,3951302242.148779
6680618432.571377,4665773373.805817,4647036112.584868,5030271526.820777,3009247751.0350466,3848764696.873091,5683185516.793759,7492590138.687294,3050300096.1243477,13260610276.49573,7861308720.889702,8234596282.463301,4910218359.4555855,9784670890.113247,6352663459.720871,11615224793.63087,6982257162.013372,4778542654.644826,4100039071.7809615,4077724406.221792,4051886476.750155,5119652673.303721,8631564916.697815,5174538422.693008,3769797932.194746
6219798914.795791,4319894336.090969,4136907362.9205885,4740796043.829962,2575512819.721464,3222406247.457885,5247630134.472011,7264092791.01038,3049318957.189656,11272463678.548744,7786352598.945338,8198782358.017865,4636041278.525391,9327868421.268278,6084646264.54066,11447899713.40258,6866767834.101217,4778542654.644826,3972117302.632997,3840858560.3608336,3861719679.9746723,4624742839.658352,8510606545.892385,4790711423.644834,3526617897.129294
5552984608.964628,4311762926.999934,3975641786.944519,4472596516.820157,2364481673.0238276,3032803370.3090835,5194998060.539438,7253389461.55416,3027884025.821698,11210337667.660091,7494294103.400001,7979478646.111333,4103389976.397396,8893882862.939924,5232283569.136505,10458131506.163443,5861408476.406706,4778542654.644826,3611660296.1193314,3595276986.2980213,3627689810.233089,4341789227.884676,7461324982.917287,4790711423.644834,3202801131.234274
5291543052.788498,3813025452.5415516,3457489372.5828104,4307900626.108995,2064922125.0024266,2822671008.659408,4556785251.383088,6683668895.426149,2986820359.128737,10443346700.972122,6856464425.923739,7333965892.416292,4076383229.5392275,7955127863.570351,5139114290.31874,10426201351.548273,5665780908.920183,4771898890.289471,3526247095.038991,3407891083.2369633,3507101951.9211073,4041268428.6865253,7069674508.133498,4495497262.14369,3183190536.0509763
4740224624.449557,3443040314.4728265,2867673829.571557,4120476454.055334,2041235214.7435145,2822671008.659408,4440391138.658637,6404138656.499069,2587151931.930885,10332325791.502401,6351621721.446063,6962679934.034657,4076383229.5392275,7858420643.390845,4830104297.84265,9855563722.058039,5219019074.743029,4584121755.4955845,3110133702.929114,3014178208.7132554,3461404023.061619,3286247398.5907764,6485299081.306532,3923400365.418211,2985180586.7392354
4654843551.483723,3323804814.1643066,2867673829.571557,3970720167.6746264,1957131259.7669342,2406402243.515132,4420928665.125051,6041025396.628181,2356461966.4531403,10332325791.502401,6351621721.446063,6716244702.739108,3647341814.546175,7271644208.1046715,4415761597.077121,9541605994.107876,4763758928.516195,4360202114.865622,3110133702.929114,2859650649.416685,3093551257.3268113,3286247398.5907764,6370163213.26756,3630430962.6311164,2985180586.7392354
3975520621.887537,2994381732.363307,2591766034.379538,3782493477.4095473,1801789701.4473648,2406402243.515132,4181147640.3061943,5883304453.230407,2108628771.4628515,9631793420.711752,6041307620.519995,6113671561.916725,3300270200.4384747,6776009757.358685,3869863335.5905523,7946454344.839041,4533399454.537447,4075535272.794694,2973108517.8943605,2718064745.9261284,2725437793.1757956,3217762860.3861446,5912977841.147908,3578021796.931293,2799131352.179865
3738048591.681577,2994381732.363307,2584037454.8647566,3667217591.715228,1789035965.5660474,2227567831.044849,3756662195.758378,5559630580.944851,1742574674.6020355,9237754755.319046,5873219629.878275,6113671561.916725,3300270200.4384747,6478252619.891468,3846272045.601885,7785922358.451529,4507406702.6128025,3734992295.8368244,2750453761.476721,2636191485.19774,2725437793.1757956,3011278809.928659,5875796798.054116,3555471706.980135,2541106053.9921436
3576717342.492676,2901845826.0985966,2564962344.785965,3351804670.7293334,1592914689.6280565,2125216182.86058,3680141771.2595897,5463030700.838946,1717658036.6893725,8775485551.570713,5081749496.851115,5406154085.27461,3219256003.453907,6195291748.608025,3665623600.491926,7572235897.133208,4258989992.7376184,3641217379.7285333,2569489860.48065,2341416476.7378902,2583759613.794658,2748885927.1440897,5463743254.495175,3274002638.377035,2541106053.9921436
2863075271.8539495,2383913245.9549255,2234271179.5466566,3217617003.9625616,1428657223.424098,1814803964.9821281,3521221059.7528753,5294767988.632243,1582462149.725702,8267673949.112935,5081749496.851115,5406154085.27461,2969415126.240769,5844969995.850998,3343054393.78158,7525720305.164791,3946380926.1004,3390617565.8722715,2379896059.4382553,2186642292.117917,2530138755.4997425,2578128118.0392113,5131820401.50359,3177067336.3218822,2416225032.3446097
2832800481.6295557,2354690518.0834484,2194307091.253956,3211508906.5720825,1428657223.424098,1810682813.1339374,3246455152.221002,4951276458.32277,1480026053.0990038,7910845970.952108,5034359167.098724,5227238910.3764,2784926390.4783516,5104556311.725376,3263973794.3141775,6912833732.102018,3357353666.104807,3326614038.3240194,2269733062.3796473,2090411284.246952,2412758139.5651608,2481484268.9709835,4975017145.346006,3067899368.8798804,2385232418.70286
2574060948.964631,2237148056.011492,1984887222.3498113,3162579372.84621,1379867203.8795464,1682116149.0520353,3246455152.221002,4734257259.269973,1480026053.0990038,7398229054.854723,4703373783.085203,4866148365.749586,2518181079.5589523,5104556311.725376,2803384957.299856,6260537666.2731905,3093338244.4392595,3009064054.9483776,2134170354.5919387,1831939093.6286845,2286609923.722535,2247725081.774064,4700265268.226568,2747101439.4979835,2225074199.766893
2503501519.641979,2211463012.0397573,1896664713.2912717,3078390134.366011,1329717473.1404161,1472793562.4090219,2956389054.4170647,4652815555.968294,1389156738.7540667,6993516428.269269,4211151907.506505,4791363818.255546,2388464210.2107573,5075503623.9538965,2786459061.674389,5848853282.966547,3037770686.6655436,2650012288.03679,1813475407.8078828,1831939093.6286845,2258839436.452783,2177237788.992567,4675035330.435264,2625074187.6242,2182850874.7410045
2503501519.641979,2089669256.3767896,1840785604.446088,2882579065.7920275,1229413072.4318109,1369600825.6225772,2906007720.7332687,4279682106.8399124,1327075851.581836,6357094574.343216,4211151907.506505,4011620054.272315,2222952848.4057665,4631259606.644491,2786459061.674389,5832627677.638157,3037770686.6655436,2566207403.178176,1812667939.477234,1675821399.6176455,2184086028.814229,1870044563.4306657,4152628700.0233197,2527398930.5034823,2023241455.3581266
2361143649.306595,2086708286.5530875,1815592375.9501216,2734132474.739095,1229413072.4318109,1259476630.6440191,2850555649.060998,4153435867.6139565,1233358712.9441605,5967188797.619243,4180184295.203474,3560923899.0656176,2212563087.983424,4546224528.572536,2465816644.310444,5162237282.152982,2759643308.1814995,2535665650.339451,1746910332.911567,1603288179.6323535,2024974877.6996818,1661716543.7830572,4152628700.0233197,2309192173.511919,1970778544.8101158
2085593912.2774866,1927176047.8628473,1517354278.5802383,2636048670.0698595,1154435865.909951,1245978688.3680155,2658102451.7193165,3948603767.4498043,1191832655.4561753,5817576996.6011505,3899456975.7115016,3560923899.0656176,2203518939.9305344,4358500467.674716,2343693711.014636,4936748241.823977,2659068745.730651,2511212941.900907,1744383364.8191652,1514861080.1076891,1961299958.894353,1591780342.0815144,3977366318.413245,2180945392.5985746,1928862893.2451
2016031921.0300255,1908118695.6483948,1510094673.2527676,2588554703.540759,996488627.0105382,1186838217.6678965,2625441246.1272535,3832179267.5172234,1066191520.5262418,5398274048.411407,3499933101.8611703,3548966039.321216,1976069976.7817435,3950125749.070492,2240733033.2043934,4724283427.471876,2488039813.730647,2287699333.4492903,1591150916.964932,1471394550.7402308,1961299958.894353,1553931867.8720384,3929185206.287132,1983856369.434249,1899625769.6289096
1817851150.7081122,1799106391.6096091,1463295815.3678124,2442796972.783986,985208316.0549409,1079426613.9265943,2492146482.559624,3794619143.0376987,1042864072.6679797,4742834000.058952,3296853453.8108974,3447122358.979511,1966171259.2234612,3399681191.958229,2133521612.9312518,4525945594.304725,2119602421.9064593,2214717329.5604625,1547047670.1593254,1223324955.054043,1834569283.754201,1397344397.6850228,3714877841.763178,1956864490.9695206,1858632577.139191
1817851150.7081122,1749771943.7686677,1418894053.996504,2225343152.5767283,957169230.3662391,1079426613.9265943,2374814370.493491,3597982174.278626,1030333729.2111979,4671953679.795746,2824425376.697342,3447122358.979511,1725201610.3839772,3254241315.524866,2079946154.0878723,4257408961.377866,2119602421.9064593,2161836930.6096525,1467182212.2908318,1212792831.2274,1700001007.8816803,1252851340.2902079,3553572965.1074667,1749234575.840513,1727885423.782033
1607252618.121998,1669343732.851894,1402366162.603855,2195538090.08389,957122796.7700677,976384564.8966652,2314905103.200824,3378445584.8906927,944081745.8854955,4379154156.000625,2761227848.8360033,3291718469.0207725,1725201610.3839772,3040697985.938241,1919785919.061771,4012001350.668347,2107357023.6204915,2013926321.7465723,1415057917.719417,1097486558.553858,1700001007.8816803,1224693023.2325432,3361634717.342275,1534340063.4229512,1676506550.1468961
1607252618.121998,1509777327.9619808,1388777646.0640874,2118019714.1524124,913757567.0002851,918634410.1092033,2163393217.3847013,2890113069.8318033,906264398.0554565,3731730215.036486,2761227848.8360033,3275356782.8818436,1693371000.6121957,3032045968.370839,1835737204.3527737,3804143056.303867,1827467737.3418498,1913726781.530385,1349453988.741593,1089467281.850158,1615411034.1735547,1211060917.856259,3321281925.761595,1515638626.5402858,1620906039.9642267
1533486603.337029,1437787826.8031006,1270442318.5801053,2014634558.0106006,888453230.491931,838898555.1050668,1993007667.9442792,2882760626.925007,860576404.8338327,3589577559.0672626,2711949768.4258356,3146123839.816526,1573943975.3124857,2979397034.2016287,1779212759.3694434,3621558686.269682,1827467737.3418498,1741826712.4624174,1253305065.9958212,1032713426.0951511,1506899602.9040346,1167582880.6601233,2981640931.7826633,1493096835.0937564,1552779433.126442
1443508685.1818278,1437787826.8031006,1228064358.1625848,1944701287.7573225,888453230.491931,838898555.1050668,1901153686.514524,2873003647.391125,831389079.2456796,3589577559.0672626,2473286690.822918,3024158698.9784617,1566208706.6006083,2559442593.8360066,1643582014.5301104,3317936963.703151,1695830260.459638,1741826712.4624174,1124585765.919457,1003341850.1861838,1506899602.9040346,1120038155.4665396,2919340278.094096,1475313941.76079,1410570616.175998
1358468591.7786756,1401954739.1354132,1222954679.787911,1888012704.1989284,819886548.1155494,828158115.2509847,1891596598.020185,2871878656.6660204,761616745.2256707,3563545295.201764,2134902873.8700356,2860243655.390526,1456774488.1366782,2234190662.942586,1601419882.1332974,2966232150.110921,1469440806.0054762,1668296318.5420055,1124585765.919457,964018571.6620133,1459867503.1876283,1093869004.414162,2745963357.368429,1431981232.8495104,1381250409.7025814
1243207145.1631875,1329253995.409584,1209237449.308451,1700994263.6549428,789399212.645523,749329340.5682424,1739598434.8821065,2776972454.060525,725747710.7936342,3387752708.304591,2111814445.6559522,2693526539.2324877,1453022658.8942044,2234190662.942586,1548775798.5323615,2937551026.40763,1393748198.001416,1578379680.0403118,1037228574.8026874,887742411.4446564,1334644140.7423263,1045684016.9240355,2605364065.4400806,1242668743.002955,1322416452.974721
1195861056.630106,1278240760.4528053,1181103711.1364646,1700994263.6549428,776126218.15399,740215427.7027829,1665220281.5186973,2534369772.3193674,692231215.7695888,3055733845.739776,2023701665.6113057,2528229498.8943844,1435223482.884723,2228161324.6590643,1509409515.4084792,2768573309.373132,1389917140.7302296,1543382022.6748157,1037228574.8026874,840832842.4605842,1325638124.1781695,971153908.8827381,2605364065.4400806,1242668743.002955,1316966191.0747216
1100261594.1367936,1227586060.2927248,989275293.4614096,1700994263.6549428,766135585.0039,648844186.7723234,1665220281.5186973,2497578969.368791,685563409.855943,2913913010.509651,2023701665.6113057,2428295205.469295,1371145954.6686726,2220863579.3178673,1399279166.0936384,2729023917.847591,1235700676.0040822,1522315567.6156921,1034940439.6062609,800858805.8707385,1282690992.273044,882306897.6825714,2278633415.691759,1145378946.9303155,1284174542.1220994
1070676027.5269969,1177331688.5490324,989275293.4614096,1641470645.2274358,752509332.3874354,648844186.7723234,1549335046.9592695,2460155104.631768,655184392.3191302,2757345769.6890793,1977321397.9117408,2427463258.2259192,1358590150.3084793,1667162188.6944957,1284826555.5539048,2574157453.071015,1235700676.0040822,1410307735.958672,938330586.7988145,791134287.1347575,1134648889.4251952,871866335.3909365,2089540980.7807262,1145378946.9303155,1262919385.6191041
1020337443.2999022,1130076376.639064,977496185.2207286,1585184356.0960891,692151579.3659887,622701987.4971364,1546691418.078357,2408661822.421483,655184392.3191302,2598258651.94578,1901019716.488018,2366260957.8485436,1275476225.589744,1651582437.1287112,1284826555.5539048,2381976144.60477,1216070665.0332603,1377546956.803201,909856768.4487939,744819137.5457925,1134648889.4251952,844797242.3868017,2064067291.3421125,1051394846.3629318,1197631555.5422509
1007346603.140763,1078777237.9836912,977496185.2207286,1409941840.7942991,670935901.3373259,602412033.1669075,1507028389.033224,2260907957.7282457,615109133.9810591,2401305349.5314755,1694756079.9876826,2320006003.692036,1227827736.8759944,1651582437.1287112,1284826555.5539048,2360886230.2244534,1185488111.059515,1297642785.07602,905589952.3794823,712246786.740943,1134648889.4251952,712406934.9347234,2050616715.786647,1020643260.4748696,1153224801.573962
949318521.2188127,1056159801.0758635,959068459.1233716,1374245922.940701,593180001.3743346,586979597.1970981,1460268428.7290916,2171545931.856165,600154207.8658828,2338810352.1109686,1598849537.334194,2221605495.2001977,1199086492.6932595,1543654878.3280973,1206957999.3803544,2161611956.1550245,998738248.657114,1162667334.7881088,883246937.2178549,711304129.5652764,1048025591.0605428,710842836.7969255,2050616715.786647,980143733.5453143,1104180548.5915232
866495446.4035833,1006166795.0950562,939863876.2284861,1371141604.6701405,593180001.3743346,525968595.5510206,1337594529.4528112,2039639343.9725823,565402156.5127754,2173760424.5543046,1598849537.334194,2117781119.7197404,1191533630.3314977,1507415498.4466665,1168862288.9192686,2150160902.877457,982633239.6307445,1162667334.7881088,839352054.4463043,691497019.2003787,1036011018.075118,679073152.127287,1871671310.5702043,844350361.1045135,1018266938.1420267
813368851.3278846,1000896384.7977798,881392741.9699844,1310589620.37237,589985371.5221202,513931577.8559245,1323382156.5822146,1949282421.072835,514476093.77065873,1984212949.758162,1573036463.1163597,1983686602.9269109,1162704108.648654,1455549027.5612345,1086941133.4999156,2050496970.3327131,982633239.6307445,1155186608.8618052,793205509.9509642,641098055.5569675,954240923.3007283,627936617.341706,1826495555.4877357,836017165.2328937,1009717689.0707505
812374632.1604044,966382491.5914338,877309365.8175923,1280100180.3302183,581361713.7758088,504446639.3171326,1232765212.5878406,1876558110.2261343,514476093.77065873,1984212949.758162,1465205154.3805773,1963243122.59167,1081990610.1784005,1380327062.2647362,976594600.9461695,1995891028.4279234,874701108.6900806,1039999508.9916769,690706035.6475419,621373961.5636963,954240923.3007283,627936617.341706,1784867339.501904,819879763.3891964,1006720088.4765978
805513646.498778,926504155.3996254,865821600.894798,1223688658.3123178,566256435.6025453,483778817.61341584,1231596532.523507,1686285853.9299493,513894406.1481614,1850068255.2480512,1396962490.388027,1963243122.59167,1081916989.820408,1315697808.5022311,976594600.9461695,1930658535.2117577,874701108.6900806,989475940.0067228,690706035.6475419,477544763.4660401,952056711.0060878,613340255.5085142,1780965095.5806322,802865089.5628743,1006720088.4765978
781201867.9492513,911400740.1970485,719863015.504182,1223688658.3123178,554817960.7426168,476273308.28656834,1172523490.8364515,1686285853.9299493,505766720.07603073,1627658748.487788,1315029093.7870343,1851947933.9840627,1051217276.1562893,1282723501.6288588,896053982.9238884,1927973743.2572222,741521042.903382,987407859.6343989,663340537.6807816,477544763.4660401,905207651.6834319,589367950.5553856,1658200951.0855424,760495964.9986526,972129389.8069108
761585302.0612339,895695508.8786852,712807783.8067465,1128083902.581221,554471109.9841542,405197635.72089267,1160726846.6499236,1685445290.1400042,469004623.02898675,1546063010.4825597,1265080580.2115593,1671031698.863781,981302496.6004306,1265933697.3673446,896053982.9238884,1863517155.9096549,713266447.0063753,895249480.1385837,640126597.2014709,473954460.7403264,873089107.3927512,585798102.314789,1594810736.1300886,760495964.9986526,944816065.7045084
744661021.8653363,838443691.0741955,710237359.8402748,1128083902.581221,543051616.336254,405197635.72089267,1108914038.4553714,1608273570.449072,468938094.50247014,1332959683.3648953,1213883931.6803443,1663350235.2217197,981302496.6004306,1110953140.6841724,885013317.6172969,1773991982.0273387,711177017.3824062,836121817.2864492,610834220.6909648,473954460.7403264,830223878.1288121,544276246.5877872,1568060677.6047292,756612350.8279495,917610002.4082638
658597940.93735,835168727.3384745,706012159.3915806,1119450466.7446382,510871664.951468,405197635.72089267,1050542418.8432467,1598247382.0411563,468214687.45307684,1328761826.7765853,1121027353.5860696,1597043131.348596,970962015.4190508,981820525.4920783,865347384.6821443,1690798762.9688194,704496358.7799255,832453044.4294593,609311296.4302335,446075083.38629395,830223878.1288121,541334388.3213048,1478555068.374576,737111568.873397,886861205.6399776
649262251.4848399,831897227.3185904,688555326.1577549,1038902902.0563197,496800255.6884691,383359478.6858595,1041150398.4255116,1539609985.342908,412233922.32290995,1236513155.6054773,1071787394.7895238,1494474287.270067,970962015.4190508,981820525.4920783,750984251.3054802,1673836470.5901768,666213207.9278495,743278307.3686833,607209659.476869,436610927.0055617,773465824.4376881,529266509.7471208,1323579781.4569077,704136683.3068213,872676631.2120833
632011663.0202878,758124555.0210655,688555326.1577549,1011086181.1896244,496800255.6884691,377794225.79290974,995259556.8298423,1460286441.1466353,405438881.9441733,1222342246.12279,1059877367.6374533,1421646658.7114408,912154898.6913011,957278353.1642541,738045504.9927976,1567923840.7176619,655648808.0439992,741442394.0228894,596753317.8519635,419478038.6454499,773465824.4376881,511364101.9073435,1323579781.4569077,696588910.9825779,846493391.4150065
621540568.9860663,758124555.0210655,685129438.612568,998302486.3073068,476760254.8053782,371697704.1253454,937431803.5774379,1416148413.6667752,405044752.31809986,1190391846.9827933,1008408809.8276112,1318305232.460591,901444578.320933,921152769.5679837,725637362.1157429,1427260454.089003,639102733.9611348,737235391.8629247,551071371.677408,418685532.5158483,770768154.6668284,491139840.3611052,1315559071.6029677,674602050.459234,795917166.9081032
613959398.2110641,713193179.7423369,680839732.1694968,987705191.6760049,474142863.8972097,356208687.69115007,936155665.8053219,1390999525.0654771,397855386.9307949,1051659957.3180177,907230390.387685,1315602936.204638,821623215.9554245,901708051.5670695,630393596.4664223,1153209528.5668705,597740656.805027,720643418.5828874,538507164.9043407,395201879.805512,750728053.8814623,457177066.2756223,1249416834.513482,626767178.0622061,795917166.9081032
502049477.6877093,713193179.7423369,664537372.1930487,958044083.5681875,463891710.1693204,329015613.66240776,916401209.3546944,1279573971.5107117,372298818.0381326,1051659957.3180177,907230390.387685,1304562337.7756443,821623215.9554245,884431888.1939069,629008460.2382414,1151061534.7774754,587141720.9301221,630901438.2992156,534034719.180936,392142898.8090075,715606379.9940274,454250872.2162291,1219468536.8964977,600748682.7998265,795917166.9081032
502049477.6877093,663420017.3274496,645126759.8705262,918569422.299199,456632172.92070633,328842408.36674535,868661478.3808635,1231482464.7984154,372298818.0381326,1011471474.4902713,907230390.387685,1252952991.667227,752510441.387826,875611452.7015787,625007174.0289361,1151061534.7774754,572538760.1964389,630901438.2992156,505810154.713205,375480395.6714757,691891786.1711879,437697345.7711856,1103367726.5413432,572784458.7570657,795917166.9081032
501856200.2736765,661154390.6077114,638227538.3073152,918325314.8600997,449089776.82089496,328842408.36674535,782405283.4547119,1172750237.4071143,360331521.93878543,949483904.4872465,853027690.7204947,1203319737.1881788,752510441.387826,858571087.4315286,576067179.5678837,1150347388.501569,561225682.9741312,629339551.1876405,484604696.84196556,372374893.46654165,684166573.3070705,435229783.09062946,1103367726.5413432,572784458.7570657,775440992.7336073
495994323.90949976,657565837.0131903,637006241.0968645,885694648.0703025,414112947.62632,309947456.52260244,782405283.4547119,1162959552.9053004,344453634.0232358,929248015.2428473,801477768.8717577,1184100733.853117,751446605.0801642,734876863.022344,576067179.5678837,1149296732.669507,546486363.9874035,616817013.1202264,476170661.5556614,323253349.5423808,663074088.8636342,429607306.0410234,1099736058.5111911,552753243.4146152,761580981.3597721
461191603.9748494,647723758.3102553,634393846.837818,880358833.9076378,414112947.62632,309401646.96731347,776218220.8869736,1078147031.7198615,330629391.00617623,852590070.7354616,789090758.3897023,1168626624.765782,751446605.0801642,734876863.022344,562554060.0940787,1079809406.741572,515959375.5489402,592458564.5535749,471770875.77412474,323253349.5423808,660424465.1195872,413477504.27590775,1025806132.1962305,548615473.9524243,713934886.7794498
461191603.9748494,593722981.341751,571355604.96791,846411223.4569685,414112947.62632,308821580.8867518,773962380.6162658,1077388600.0672212,327590285.96633565,840349692.1285832,750523394.7169946,1130852969.161132,751446605.0801642,734876863.022344,540830450.2456992,1064264302.232917,515959375.5489402,549568589.8918062,457194532.59519887,287108173.3335901,611898415.8666387,383939013.78108877,987046090.2728976,539515167.2569623,712286691.9247558
448633660.9264907,567746232.1464,571355604.96791,799239337.140732,400425606.57142085,302996933.28994215,769201630.7757194,1005146774.4919817,326188656.3370377,788200696.294308,745629005.2951292,1118795100.198501,751446605.0801642,734835676.1454777,531231690.20899,1063985181.289945,515959375.5489402,549568589.8918062,443431934.85995495,286465150.6249498,610530767.5804651,381816034.98974794,977671164.252305,532037839.92717636,685918704.4232125
426924375.09321165,567746232.1464,570924589.9959195,797025895.1552731,398183033.6838871,295048177.26048744,728974835.767164,995159315.5338751,323288176.4136133,758405902.1035854,706482625.3258665,1085111346.243975,749180173.8738269,713951323.7795004,505379881.6556643,1042763936.1452404,511833075.08934397,537006295.9739375,431488749.0756795,286465150.6249498,610530767.5804651,375269854.94578224,909770380.88133,515880849.0898531,684389806.5762445
419924352.3180973,559953732.2699876,570924589.9959195,796105716.7546477,394314312.3225348,285650881.9511668,628456391.9161142,987077634.9722267,315001628.8700703,658418384.7450277,655928837.4976355,1067692101.4025517,741431388.897993,707093368.6939814,500103972.0190443,1020519622.750828,458438551.8893428,524551682.34890753,425346766.4964578,285449057.17269105,594022059.3364842,375269854.94578224,882412136.987966,501586959.72985554,678975376.3103895
414822273.0803263,551719311.7373148,554568993.2875916,796105716.7546477,390649644.9221211,284377323.0937488,628456391.9161142,907313441.254534,312431501.10251325,658418384.7450277,655928837.4976355,1010746137.4394406,721539365.3467242,653097158.3952589,487137147.1655667,1018644384.127309,458438551.8893428,514445470.7328336,408322899.75530744,255305858.49533117,574024696.199357,375024923.4344299,882274116.7658465,491703753.9214188,654214474.282013
398340919.56034505,509126076.0006258,554568993.2875916,782716211.5034294,375202120.20447433,280429272.5226997,601902081.2478619,872360018.32815,275869953.25073856,658418384.7450277,641504657.0923349,1010746137.4394406,717356343.1643195,634565000.1753098,468279142.5177307,943821099.1830391,458438551.8893428,500705078.54051614,394981745.9127746,255305858.49533117,564305823.7953879,366629480.91556394,849894769.3804739,484495906.60006565,652977433.0982618
362491900.05633223,508945669.1151249,538995578.646492,744589337.2584654,368807978.8213731,255890889.7325767,601902081.2478619,872360018.32815,275799911.5104241,640347208.0279498,624900321.811498,943122531.4012575,704626565.8781459,629241991.212241,455723010.71589005,931939137.2468503,458438551.8893428,488133165.15459335,385523658.20981,255109392.39228925,560461430.6296717,347068457.9645136,849894769.3804739,468480068.9855837,627319580.9413464
361322038.1602837,508355242.67864853,504729193.99550045,721014717.3135574,358350546.4370747,255535459.67914414,580722016.6395624,828115479.7546399,275179825.710039,548629124.0509409,563598120.7211893,937077939.1943913,704626565.8781459,627798232.482681,453401833.815145,928182309.9199088,458438551.8893428,484446298.49172443,385523658.20981,239162684.562365,554364956.3947017,345447899.81674886,756578526.6605959,449144147.92550206,613683400.6523244
345260526.7739202,483626563.57124615,502949116.92176604,721014717.3135574,351989273.082085,254773072.96847445,578658536.628521,826820091.917356,275179825.710039,537200469.6743609,563598120.7211893,921353788.6483012,677160689.6411783,582872630.4949012,434509088.760374,912077167.0468351,457876482.7540667,477754101.68396306,378571395.538867,236391078.44710082,510101774.1755714,341436657.0781062,738552756.5635977,431681125.90279675,608308652.00285
340870254.1220424,483626563.57124615,502481316.6344196,692373811.2881249,349005868.17554045,248226998.59102964,578578191.6449535,787690118.757374,275179825.710039,537200469.6743609,563477107.3814441,881774826.8299503,677160689.6411783,582857127.6910343,406466228.2487316,858651755.2736672,451137969.1046059,469671670.4006342,372513210.6183295,216262063.29184777,510101774.1755714,333781557.61408913,679558278.2216921,413765426.9254097,604515174.1641067
339212730.0556812,483626563.57124615,499736652.93208677,688961832.9569491,332069759.58567077,248226998.59102964,575731185.7092828,762382846.3043348,260578300.88719827,528144344.9496947,563477107.3814441,873523197.6648839,654722148.3278253,581591854.2948604,387554401.2305105,853103497.0799749,431691694.8095098,435281970.308583,363345864.74768406,216262063.29184777,488376666.3626475,331802557.4217414,679558278.2216921,413765426.9254097,566169512.6749815
324981749.68419003,432756101.8330346,494391368.46379876,662858398.5277216,329327981.1109127,245133126.9142877,558095970.2451332,726417038.4601586,259180235.9301012,503019501.72919655,563459093.5018027,827240323.3416004,637803531.8683212,581591854.2948604,387554401.2305105,775125888.5534252,429965173.2353918,430809644.87347937,343973105.9828929,215566499.77578127,486627196.3524172,303127870.27053833,679558278.2216921,412813485.30067897,566169512.6749815
320048808.557211,424914209.0154884,490799448.4398992,659738374.1294205,327511888.9464758,244959987.8567758,518640434.2430825,722682080.3229363,258013941.3289742,493475034.7852934,540300609.7727355,827240323.3416004,637154385.7080382,562579531.287047,385077052.32383585,775125888.5534252,429965173.2353918,430809644.87347937,336671590.5819959,214065053.29291964,483763300.102572,295801403.0035913,652725061.6081522,401593457.7359,566141758.1258307
309260169.1790432,424788631.10532194,489246985.63775605,655845016.3407831,326616292.0650395,243321028.41963452,515704927.38643324,714862915.6531498,253805974.6545719,463712180.6343686,528306385.9112047,787105436.2490454,637154385.7080382,551752146.0830964,379233470.31961596,763681462.6887223,420332481.8862213,417241139.12469614,334528352.6246934,206913009.28830516,480984535.59090656,295801403.0035913,637453607.8114576,397024568.1550203,566016526.0492698
309260169.1790432,424788631.10532194,456395181.56088644,624710301.4224738,326311000.34806186,243321028.41963452,513169542.1468403,677008330.0816383,249463849.0973654,456832054.9887963,513037936.4032398,774230924.206745,636645535.7156932,544179342.1598283,371041701.5833052,763681462.6887223,378382228.7035353,392630337.5834901,332516703.67847973,205241167.40519834,480438727.1574319,279423193.1356498,618552213.0425539,387405535.18957704,564517262.9578254
301752834.07581127,401189201.40580034,454667221.440837,618476294.871465,311497962.04000247,242509022.21826845,505226614.8154912,677008330.0816383,244378658.73712245,440379432.8417449,468754487.3029529,771649926.7133173,630514704.8262687,531317099.3222435,338193974.505657,751822858.5688219,378278507.4644393,392430816.4733971,326831727.8705102,195794827.22346643,475114137.25880635,279423193.1356498,589457563.1350553,380532390.4946597,536496005.6502054
291779227.2345355,400749944.62308764,453731513.4398244,611666255.9215647,305459862.26587695,238229552.4635891,502653934.44051063,644716546.2762971,241285848.8279506,416856741.2111235,463471056.66231215,738287141.5286744,623344006.5943508,528499421.12686074,338139076.8608271,748701989.5923932,376740486.83852077,389614885.6795197,325919755.7249316,178611096.15582165,459783692.07935226,277994459.640422,585305762.3736312,380532390.4946597,533115602.2145302
291779227.2345355,400749944.62308764,447101399.8861271,610420250.3163977,299062123.13878095,229193796.68803558,495520559.19228375,617521461.6818669,241104734.17922693,386970612.8247759,461129932.3021427,732119936.9145062,601058361.6997209,508691965.7654015,303409961.3003335,679770811.4368707,376740486.83852077,365764104.6918234,316264520.53850573,176297144.26152918,452873391.8121684,248011457.5946141,562331321.5794624,378021230.84356743,533115602.2145302
286324863.37237275,400749944.62308764,446018950.4568248,599041795.1945063,290628168.0748374,226718672.39362383,489745163.9018985,575591824.8465439,233905370.8206164,386970612.8247759,461129932.3021427,711562217.7153219,600444460.9539527,456069288.6719372,303409961.3003335,673947948.7819763,372052208.7329742,365764104.6918234,308158803.57375795,175721289.8654894,452873391.8121684,241776018.1255275,542602163.3428519,376106429.44674015,528631335.4406594
270956948.30224013,400749944.62308764,436888046.8341001,593346772.243923,286573466.14272,226718672.39362383,487862651.31607854,574256740.7752517,233905370.8206164,370651465.4674385,455243237.8469381,673024415.1530639,597196168.1593415,453719444.9967408,300863738.56115735,665683629.6000876,367329764.2995415,362964782.80528414,307046954.5783834,168291298.87844938,431057929.13272,241776018.1255275,538186990.5704516,374472917.8548466,518820641.76718485
266636175.96404657,400749944.62308764,432707802.8538616,568118104.1191016,278046761.2870463,226136379.26277345,480970058.56001055,574256740.7752517,233815776.3356485,346376856.6614285,450644804.20949507,661974761.508873,564788051.5339466,453719444.9967408,300863738.56115735,629729778.8453408,362874659.7016694,331716903.8651668,283236908.7913132,164721447.4485744,429526920.56852293,238891360.2970291,511708143.8267053,367846368.0278511,479994585.8763996
266493710.17193124,396180279.96208084,432707802.8538616,559312999.7295468,277253149.3225361,223552961.87465602,477226568.66570973,548526896.2908863,233663973.1246243,334872692.5135286,445410259.2486405,661974761.508873,564788051.5339466,452389421.50610906,287007220.7433114,584601388.66458,356646499.7411005,330374462.2937947,272042663.62688065,159024902.88052052,423409064.3665578,231425015.41030028,511708143.8267053,362805016.41469187,479994585.8763996
266493710.17193124,390068923.842745,424994786.6840413,534140022.68436295,277074452.1535305,223552961.87465602,461120053.43521094,545076384.4244931,233313057.2817643,328742159.5710451,444520669.97634166,647770356.0330857,564788051.5339466,423731335.7611282,286607381.09431016,561262194.6133096,346383689.57733905,329321025.9945149,272042663.62688065,158101938.10093346,422321845.44967633,231140514.8081854,480343242.1170725,362051671.6805972,473919227.6577236
259576654.69750956,378135811.50597805,419801711.91681117,532719020.3181827,276291294.3870052,220762880.89969668,456758359.49189025,530288330.74901,230752060.56557065,314528243.596252,437182982.4495899,619552573.0910612,563777701.7907072,422227792.1030227,286004253.4214349,560098629.6215824,345813995.69763386,327167118.048627,265868619.4233939,149302448.24659628,416071775.5641787,222297477.24613196,465271601.2327695,351930734.1570376,467547122.63933927
252887754.98529243,377720466.6687702,412596537.8584325,532719020.3181827,269929488.1852054,218370775.26077464,438847004.1063565,516689429.94960546,228998348.34623984,313485448.81444585,436206193.3465701,619552573.0910612,541899949.8709205,414027048.5780202,260731357.80603182,560098629.6215824,328860502.9635945,290838440.0768749,255458797.5599341,147538882.5639653,416071775.5641787,222297477.24613196,465271601.2327695,349396397.88419044,465646031.1317865
250778305.25372076,376039695.2667835,397589343.3697026,530560081.9522569,265411839.3896665,215333034.21952516,435575787.2565712,516689429.94960546,228904288.90650308,309041158.2828178,423702448.20648354,601341654.1439052,540379528.2606728,409946560.1463636,260731357.80603182,532859532.38734245,319837876.506441,290838440.0768749,241300231.2662356,143413089.15061653,409535829.47102153,207911353.5246944,434791423.4931462,349375754.9799144,445618379.19452345
249848351.59678262,376039695.2667835,385719441.7578626,524543885.2572772,241476045.70162284,212833736.389817,415879101.75763905,501771138.45175487,228855654.16586024,299920357.72339875,421240062.56004065,597098616.4038599,540379528.2606728,388949861.0012959,258708912.13699645,529259143.76718086,319419135.2122791,286130562.7324722,241300231.2662356,143413089.15061653,398710092.2492553,207685735.40403232,434126411.224464,347666610.50528884,445618379.19452345
241674573.43697244,370253203.6242193,385719441.7578626,517918744.16044366,241419476.66915324,209479393.96501014,415667604.9982006,498660562.2333915,228855654.16586024,282168620.6514963,416104259.3415311,552794663.7828755,527016708.5671489,383352623.1081496,258708912.13699645,498968631.1849387,318894173.1703718,286130562.7324722,241300231.2662356,142777878.1149133,394554689.144246,207217924.98782676,431766533.66252565,344983965.5244516,441403036.19400495
241444383.8676158,369805801.21477216,384658719.02378,506902164.66522795,241419476.66915324,207971442.4853492,408218245.3978978,462025863.9186795,221375181.70964095,280677922.84697306,416104259.3415311,552794663.7828755,525764084.4036639,373427099.91908836,258708912.13699645,464802211.9343589,302018446.3719148,283971745.23355967,240041279.2074802,141935112.6852467,394554689.144246,206057935.16150004,409545162.0306218,344983965.5244516,440739235.8802641
241444383.8676158,365281668.3297738,376787835.5146428,498603030.2731186,230713692.06799477,207832892.1059457,408218245.3978978,459447148.3487375,220041118.6954252,280079550.58004993,414408870.3619356,551091055.9519799,517603708.7350863,357520768.08565676,257810609.886678,464802211.9343589,302018446.3719148,283971745.23355967,230737850.14350912,128884696.63467947,394554689.144246,201438700.14969075,396246353.2548276,340034575.5320798,435331007.05885357
232793583.76892328,363415519.0096109,375080757.34067494,491113840.35550046,229599096.76911524,207832892.1059457,402942746.52607,451128536.0133786,220041118.6954252,278142119.6155781,357720044.0896456,540193769.6718265,510729618.5988439,356334809.51527715,240942971.81779754,442707307.5199906,301927228.03559923,283971745.23355967,230737850.14350912,128884696.63467947,393608467.7074472,196898966.17044795,391320520.52796894,328553357.49696857,435331007.05885357
227946083.3396085,354469506.11358297,371989895.4764354,485225121.2337398,228692073.59570378,207700053.7528789,389804587.7740909,441274263.6714569,211635043.07132834,274764833.0662857,356629445.7593733,531479742.62847096,510438967.84134287,352817746.44278485,239383894.95820615,442306174.4437035,295445533.7239568,283971745.23355967,228710644.45439613,128884696.63467947,393608467.7074472,191608830.8776092,368989856.0787903,328553357.49696857,413710075.7401368
220310428.59417313,354469506.11358297,358679277.75741607,474662620.0537695,223415987.40915555,204201090.40437916,385677316.8655395,439516634.39022607,208370039.43112463,274684089.3661335,356256199.71321076,506841422.4962601,510438967.84134287,350311294.14085835,235236978.07479984,441161987.7945305,293809653.17731184,277454284.92833006,213153684.43554336,128884696.63467947,393348226.0199905,177261862.2477072,368989856.0787903,312836621.46091074,413710075.7401368
220221827.0951015,340059660.6172686,358679277.75741607,474525712.4466743,223321578.05301362,199142486.46127433,384874004.45964766,424414397.43410105,208226884.09267887,270488793.8460946,356256199.71321076,506841422.4962601,486492688.5212922,348780903.1888271,232194123.09107286,434258215.99506575,291608591.56481206,266850585.24645847,210244887.38617384,127357375.94730845,381874142.15679455,171674713.69572806,360061089.452033,312407914.8486804,413710075.7401368
220192537.3585317,340059660.6172686,356082711.9113768,464813812.4301701,223314759.92381024,198789563.68174434,379206290.32009935,423527870.4983342,208210981.51910472,266682382.76998615,341482125.18803155,503757061.0553468,485340189.63850254,341605178.10454786,227275880.57186216,433888259.3390659,276428740.3037126,264724124.8795592,210244887.38617384,124688165.51409109,381874142.15679455,170115667.8045498,357545985.11734694,312407914.8486804,412833986.8999771
220192537.3585317,319824711.1715143,339423956.56588954,464813812.4301701,222277460.34306625,198760737.6136422,369607498.8353958,420939066.74874616,207573989.6560928,262405728.29465446,340614975.6779879,491403614.12613475,485293994.8520983,320149611.74170375,219216693.60716054,425615560.91951627,276428740.3037126,262031600.28577992,210104060.5265553,119269714.28385703,368893889.5071733,165828794.29138446,349907523.97680664,312407914.8486804,402354878.3853011
220192537.3585317,316968253.5915489,339137038.01252043,437481426.08338267,221998086.68216425,197966228.8667619,369607498.8353958,420257562.7981517,207061042.04972088,236845105.00102156,340614975.6779879,483845663.8554111,485293994.8520983,320149611.74170375,218337231.72398198,424569995.8039382,275813666.8737662,256210805.60833862,210104060.5265553,116608830.46691439,368893889.5071733,165828794.29138446,327579756.1560488,312361804.2828783,402354878.3853011
217760015.30936983,316947679.96936613,338424960.14183503,437471874.6785287,214207324.32397157,196558723.06179973,369554356.8147156,408795571.0836973,203615982.22866443,236845105.00102156,339622079.44906116,478292068.435191,478804342.28560716,320149611.74170375,209939192.06117797,414418980.8779044,257530505.7312413,255069087.3719229,209989623.70677674,111554650.0097521,368893889.5071733,164199651.64308473,327579756.1560488,302884858.20016015,397516317.5263599
216166119.5572276,307955492.30858684,328886476.0677256,418344213.78825593,210926542.48824018,191867774.5495121,369554356.8147156,403715666.93784285,200813385.8300293,236845105.00102156,339396028.6353563,462742476.06999063,478010420.15515065,319520647.48554134,204544514.62569252,410699032.9611792,256073947.19775367,253297467.14575174,209989623.70677674,111554650.0097521,368893889.5071733,150565496.88415217,327392857.528253,302884858.20016015,392157709.4831372
215834008.6087803,307955492.30858684,326685941.16541797,418344213.78825593,210760665.5489164,188743073.73078153,362614232.978608,402319913.27119136,200616748.8840197,225314662.2915175,330046315.9599819,459944809.067262,447032052.59277844,319014796.27156854,196236871.16052854,405852229.0390687,256073947.19775367,249119306.51821852,207747694.39094165,111554650.0097521,367396436.1282685,150565496.88415217,324054017.925914,302568193.37733763,373938899.35109186
211455583.2595608,307359785.2178934,323966742.03742003,418344213.78825593,209002170.77765414,188233439.09414995,357413783.541564,401129782.5476572,200500433.47279152,225191235.2592368,319093862.0569246,441670629.65070784,446217132.16113,317239359.08953553,196169018.71864212,399773915.17729133,255969534.05860364,244918895.8676909,207747694.39094165,111506840.2822583,363709605.09900844,149111305.428728,315714788.29674995,278764425.6472751,373608175.64600044
207618366.69280487,307359785.2178934,323935618.2626414,418344213.78825593,207261754.6456984,187927225.4417611,351001046.26613307,376188323.7260988,200490659.5746268,225036378.79070124,318734146.4904163,435421285.5113249,446217132.16113,310635141.0889481,196050382.54382232,392443415.59499305,249822189.87329578,244835856.98937583,205163184.43514663,111238923.11114341,360561048.4117039,135352183.6810165,315714788.29674995,278764425.6472751,368493972.3883125
207313035.3761494,306589462.896222,323935618.2626414,418344213.78825593,201255532.0230083,185110132.34200504,348829599.7050473,375721927.9047918,197823207.13139915,223365516.29450482,314893233.7151219,420645329.6080515,429648370.7730677,310097799.0543803,191847236.55712995,384838244.50079656,248957036.87289485,244760180.1951506,198264862.28434688,108676328.19902503,357003446.5376072,135118942.11922777,315118452.1251497,278764425.6472751,366067292.87139726
204328518.41935873,305177160.4400082,323658403.07681316,413763004.57279575,201243801.26374027,183055190.54194626,331245763.3918307,373429698.8332791,197724000.16018626,218349119.4978962,314893233.7151219,420132689.8725092,429634560.9688144,303152486.9043772,191847236.55712995,382149025.3274704,237755679.45386714,244596411.74193197,197621962.24544984,104324608.97861053,351869835.61210006,132706454.25170124,301747285.6553887,260612071.3268551,357052197.2670999
201468909.22095585,301015449.61838764,312939308.33814216,407095951.3678112,200033420.44121233,183055190.54194626,330195477.9575846,368556279.04382396,197724000.16018626,215055314.29321837,314893233.7151219,408909142.4492688,429634560.9688144,288989861.3377417,190663430.76647288,342583292.0131164,237755679.45386714,235801351.19819853,196002791.29095986,104324608.97861053,351104761.9612185,132575663.13210414,301054613.4540653,260612071.3268551,355872392.745282
201468909.22095585,284688281.9240929,299540530.5363692,406832324.2086427,196897280.13970184,183055190.54194626,330195477.9575846,363399934.56113446,197724000.16018626,211355088.836556,314893233.7151219,406390271.5304177,429634560.9688144,288429175.25028884,183223784.9709566,340762461.8479228,237755679.45386714,234847126.74483004,188263374.6567268,104234716.29849923,350415980.8548668,132575663.13210414,301054613.4540653,260612071.3268551,349822826.8697232
196113277.86006474,284485535.9267456,294744222.9697691,406321271.973487,196897280.13970184,176899053.68976125,323399417.7248118,342478746.9529302,197724000.16018626,210454903.78296205,314893233.7151219,399202858.9672513,426990897.4337497,288370032.0668375,183000180.10622895,340762461.8479228,237551800.58096087,226710421.94988045,184389699.2922133,103445183.34196751,347032815.62526107,132575663.13210414,282479091.9948369,259695502.927304,345953530.3228968
192576362.87791324,284485535.9267456,294744222.9697691,386193017.5684795,191159404.62057537,176899053.68976125,322799471.2025895,342478746.9529302,197715608.24143043,209755948.58876458,314893233.7151219,399202858.9672513,424759857.7444504,287447367.6637532,181488538.99957305,340517690.24293226,237445304.5933822,226710421.94988045,184342546.53938773,100312332.23509754,342375051.8598947,130811439.05383249,281723359.111678,259028408.48832083,342140077.5737442
192559600.19735536,284485535.9267456,284712584.6175795,375757464.10456777,190904456.35934934,176808902.53418165,320737875.63709617,342014957.41969585,197698479.98392093,201508735.85172665,309747139.7269208,391252327.98724127,406241959.9752922,281473168.89237165,175919569.3998458,337318393.550477,234022194.07869908,215285053.44820538,184342546.53938773,100275945.3318878,342375051.8598947,130697486.00076422,281498408.46931976,258375818.2485706,333379294.0629611
173915415.2486499,284438129.0040367,282939048.24147266,375540472.528205,190477890.19103295,176776120.19069064,313998536.54396486,328671254.97870827,191956285.3853804,198610947.8804635,309643605.5693609,382962782.10779876,404428549.6143024,281473168.89237165,168222567.0810636,331293958.5310911,233286863.16569242,215064974.95786494,175914450.3494769,100269900.41552815,334380307.57518643,130697486.00076422,281498408.46931976,258150850.39028016,333379294.0629611
173553187.30524546,283140020.55699116,280187121.9350223,375540472.528205,190477890.19103295,176776120.19069064,309377125.8523376,328671254.97870827,188393688.5058367,198131444.70947897,299349678.2704722,374338872.2360754,403308035.80606365,281473168.89237165,168222567.0810636,330509699.398141,232986137.42084953,215064974.95786494,175914450.3494769,98007119.0909451,331605521.6093631,130697486.00076422,271190420.9848087,258150850.39028016,333214862.90590036
172026338.925282,278338589.5525428,278986321.40133893,365247069.3393728,180935786.4596094,176757067.9971813,309377125.8523376,319721207.8308586,188393688.5058367,198131444.70947897,299242450.6349755,368659417.4293341,398102052.78149164,278500221.24291146,158466030.85729867,327811529.1852447,232849041.95883965,207471707.25244036,175840881.7387673,96414877.67864047,325848550.3705131,127111447.01924244,271190420.9848087,251620823.33264476,326330344.31211585
171999245.96109107,267764473.9297857,278098316.8893108,365247069.3393728,180775167.57452384,176713675.79586995,306786201.3504668,319267459.7891794,184739276.8299175,196502880.40316892,293663791.70542246,363023482.1651794,397519796.65919065,275330335.6910945,153501976.69451723,318821971.81404287,232755232.3304127,207471707.25244036,174137158.4898768,95947220.66679089,325848550.3705131,119151750.30428766,264406137.52441955,248808730.7189281,319236321.1436713
171953379.9594715,265936878.41202387,273269146.5044549,365217979.13006735,178323182.18177557,176706590.31851077,301684696.41563505,313497073.9918195,183623967.34070414,191902407.98290828,293112177.47386354,362989377.3049222,397519796.65919065,268884984.5058232,153419234.1296847,309655195.50942636,232755232.3304127,207471707.25244036,173240076.38970542,94753274.40578614,321869050.5677288,119151750.30428766,263119313.6998735,244361741.29595244,315475907.148061
171953379.9594715,264214433.1663235,273203503.3386716,361695731.85868347,174302525.1756301,173673822.60124466,297427353.45758724,312956496.797759,183470853.19493243,190626041.4273007,270659530.4515926,359595201.2377322,391189463.04530424,267997991.63555968,144474482.18575585,308221532.2652966,232707593.42269123,206207406.02817518,173240076.38970542,92705166.21827927,318150833.1255892,118835678.06989075,260787320.53724384,240532692.33294466,315073406.84068006
171953379.9594715,263266379.5876607,263116330.6096955,344150457.50360817,173024034.3969052,172605892.913064,290895532.95029885,298728129.0715712,178524463.8605105,190626041.4273007,270051776.1305689,356829760.14923394,387423626.70146036,267981597.70497873,144474482.18575585,304779423.236414,231815849.92774916,205661986.18106934,162942302.20267755,88338600.56927733,318121529.03045195,116948460.47195208,259589413.83005202,240030310.01875478,313021634.9311998
171953379.9594715,263266379.5876607,260698144.37611148,343343229.3347967,172965979.02033684,170703844.8644904,285183971.9380558,297149230.45269775,177600082.1787266,183126999.14430982,270051776.1305689,341094462.1439993,374731513.33152497,267771292.50856632,144474482.18575585,301518614.9909007,225927376.70632654,205210629.27185938,162909754.52487344,88250735.00425677,316244892.95199883,116423732.5188434,259212669.72133824,239288013.81336182,305044995.0871128
171953379.9594715,262739402.51046237,260621294.2999993,343210412.19844913,172965979.02033684,170703844.8644904,284437796.35006005,297110132.9941775,175459740.48292035,182014506.73881096,269494300.0888694,340709923.0343274,373320697.86486834,263062130.55308378,143804921.77210358,298453569.1205244,224775145.06587863,205149492.9534338,162783046.6173406,87826800.65446773,310748285.1690248,103199375.83915895,258750012.4292388,239147092.743239,304969234.7936375
171638035.65611556,259160883.39715704,260621294.2999993,343210412.19844913,172525945.18949375,170660938.34982413,284437796.35006005,296489103.5399854,174617980.57997167,181514834.99691072,269478872.56762797,332104722.99458456,373320697.86486834,257208479.85647988,139783080.88385844,291427533.02394587,218392149.7690165,205149492.9534338,162783046.6173406,87826800.65446773,310652188.899982,103091722.57135145,253560977.71831954,235826663.59478736,304969234.7936375
171623095.97244605,254429656.21342444,260621294.2999993,343210412.19844913,172514923.70843667,158237498.35593486,284437796.35006005,293282298.50715435,172508587.90140775,181514834.99691072,269399402.4721595,326379147.2365966,371581502.06546026,257122530.48930475,139723198.6880624,285439404.1873493,218392149.7690165,202720008.0704331,162774832.96087882,87826800.65446773,309727169.148449,103091722.57135145,244520158.2776293,235826663.59478736,304969234.7936375
167151599.9460699,252296579.65573856,260621294.2999993,342690282.07003087,172395697.0586081,158132701.75981966,284375620.178159,290531629.59225434,170920479.91909394,179408019.42431515,269399402.4721595,326379147.2365966,370830556.3674635,249448907.40147945,136183534.62105548,278645769.3794758,215887584.13812953,201061291.77187672,160178304.24935552,87826800.65446773,303322624.6013179,103052806.48608653,242288120.00841057,235826663.59478736,299870933.3787034
167151599.9460699,252296579.65573856,259769855.21127567,339673279.44891083,172340558.06354016,158130619.37449354,283033447.6377144,290403842.00269294,168620213.45510662,176709921.3687932,265339445.77470756,321408926.1847619,370158286.288145,248078970.5292193,136069989.93980542,275049884.1232859,213627558.2712595,188144886.64710575,159919754.51602048,85459895.2163423,303322624.6013179,102999798.50842932,230233658.57314387,231332704.41311562,299711141.4551556
167151599.9460699,248497136.9470252,248170469.50535706,332038198.3189573,172340558.06354016,158130619.37449354,283033447.6377144,282474692.75035524,166828493.14887828,176709921.3687932,263859562.44020188,320775249.43999237,367493673.6715547,246088743.99071166,134871439.43404973,275049249.655615,213627558.2712595,188121161.1722513,159907478.29221672,84549935.49539341,298273933.57433885,102521626.15139957,230233658.57314387,231332704.41311562,296934630.2130436
160292141.5655174,244356745.57425204,247561432.05924496,322806885.7481918,170503088.09935993,158067185.55690032,275267321.33301485,281060205.3361592,166828493.14887828,175949031.6863353,260425325.60042125,314766157.6409599,367493673.6715547,245460918.03756887,128846813.13010408,274899265.955482,213627558.2712595,187522540.59106874,159590685.71058607,83128077.22364411,295196206.31884915,102500459.30541253,230202095.59216246,231014796.1160136,286232638.7737889
160292141.5655174,244356745.57425204,247561432.05924496,322806885.7481918,164056141.92255673,157803271.90984318,275267321.33301485,280671032.99171364,165712089.10001168,175797099.53172094,254118873.2718771,313666420.0619892,363802593.66720617,244122383.44735155,123785755.42948577,261121996.58420095,207994362.0620197,185986807.54294503,156711149.99661842,80944352.78657031,295178326.9914385,101216775.28961368,230187107.13920105,224193802.10345575,286232638.7737889
159997394.9271535,241133931.40631667,246977856.9201203,300493855.2505252,164012849.37615356,157762326.44909942,275073560.55302703,276057781.97394973,165558587.51394868,175797099.53172094,253321516.82141253,303173153.54533136,358322204.1420513,227659066.04683042,123785755.42948577,260926616.93233398,207659215.03488594,185986807.54294503,154868856.57243606,80774846.17199066,294689586.1238387,101216775.28961368,219419248.11476454,219437118.92838413,286186578.9754342
159997394.9271535,241044372.63719723,245040433.1867414,295233894.2965104,164012849.37615356,157487433.59741014,272497477.13117266,276057781.97394973,165558587.51394868,170886446.37383735,253321516.82141253,303173153.54533136,355043086.9138371,227659066.04683042,123785755.42948577,260926616.93233398,205211066.92095622,185324408.22899523,149487162.12900794,80774846.17199066,294689586.1238387,101216775.28961368,219419248.11476454,215503228.20357332,285281925.9210006
159997394.9271535,234427999.54529494,245040433.1867414,295233894.2965104,164012849.37615356,157487433.59741014,271422766.8305865,272900635.3857026,165558587.51394868,168758960.26466817,240348455.04506925,297619821.128425,350770961.31249595,227659066.04683042,123785755.42948577,248373694.80056423,203918198.6603509,185324408.22899523,149487162.12900794,80463767.9204002,292936104.2050994,100128585.85370292,219419248.11476454,214873456.0942723,285281925.9210006
159917600.1027307,231887470.17940554,237940294.7766843,295146185.7159224,163939918.06328744,156159682.0083664,262743673.4631719,269184089.77449244,160730670.1514189,168758960.26466817,240299776.36289892,289118670.50839424,350770961.31249595,227659066.04683042,123666989.63489015,238227451.87574017,203918198.6603509,184023996.27612597,145671059.52394703,80417916.14941862,291119044.4722397,100052779.4162153,214309764.51806566,214873456.0942723,280397981.76723784
159891907.9179,231887470.17940554,232845901.25227854,294494770.7427063,163926794.44227365,155902186.9713195,262743673.4631719,269099610.9508605,152742732.68893635,161949868.29445505,240299776.36289892,283919410.96176934,335203432.2620855,226285536.35678348,123615034.88706721,238227451.87574017,202838766.23628646,180739664.88864332,143730259.51568207,80417916.14941862,291119044.4722397,96274015.2458256,213726062.58210984,214623197.01783848,277876831.6290656
159885385.6343347,231887470.17940554,229566134.0539256,294405050.1644144,159473602.0035486,155034786.00759557,262434656.75476694,265363022.91014048,149615283.88354164,161799096.93407375,240209120.6954889,281353410.131679,335073610.83625335,222979584.8393164,123615034.88706721,236097267.34909368,201322585.9236446,180635603.1923424,138413195.86671448,80398038.24274506,286425095.8604378,96240516.1338377,206940318.5965407,213470238.6860954,277743592.33668983
155469862.63955623,229515203.26039174,221092594.17146805,294405050.1644144,157349030.75743914,150038584.9277479,262434656.75476694,261790545.0986936,149615283.88354164,161799096.93407375,236413914.87080216,281353410.131679,335073610.83625335,218080791.78405884,123342890.36771578,227625526.72032768,195878336.2664196,178727187.35126007,136972026.3297533,80398038.24274506,286425095.8604378,96205886.3030053,204672222.229754,213287737.32718956,277713286.36483747
152287654.38943046,225109234.8387694,221092594.17146805,294187748.500097,153137723.57229415,149243623.98720327,246838411.00110394,261790545.0986936,149615283.88354164,161799096.93407375,236413914.87080216,270716622.0828932,335073610.83625335,217742704.23259974,123342890.36771578,224895713.92908704,192342688.82258952,178618198.34582072,135585766.73636404,78289146.593401,286246315.587629,96204156.40717778,204521880.00151524,207378153.56349802,277471513.42312944
152246276.91143933,222198605.46487355,221092594.17146805,288056323.13076866,153117234.19234475,149243623.98720327,246838411.00110394,254995444.31105992,149615283.88354164,161799096.93407375,236413914.87080216,270716622.0828932,335038683.5586501,217742704.23259974,123320931.4851146,220095390.25820428,191216050.98729402,173008350.31920773,135152443.22675663,77080047.75646374,283585692.79766417,96167216.77080822,204458508.41686225,206426853.0791793,276839911.70638984
152246276.91143933,220867630.37756416,220610154.9685595,287716228.3226258,152437471.47385544,148212612.5097772,246838411.00110394,253909188.6010156,149292579.78011903,153799821.32274848,232850840.55595425,266595618.44173187,334514802.3987029,217742704.23259974,117920749.75847025,213961704.5085426,191216050.98729402,172941912.61145344,134984005.4329923,77055321.80731222,280273906.69426066,96167216.77080822,204324444.34864405,206408147.6058292,272238438.59941345
152136738.91589534,220867630.37756416,220610154.9685595,287716228.3226258,149210433.0786547,146757268.12732422,246734642.8825472,252944426.1238575,146723308.63944995,153262775.99213824,227559224.8777751,265712214.04255536,334280551.02503455,211851435.0280829,117920749.75847025,212197637.92767328,191216050.98729402,172941912.61145344,134984005.4329923,77055321.80731222,276993468.58853227,96161491.6123695,188796223.43290046,206408147.6058292,267727514.7837105
152067586.01972872,220867630.37756416,220295434.56597245,282655567.12363607,149210433.0786547,146757023.4242719,235777469.57811967,244464527.21498683,146128049.08837762,153149764.026419,227559224.8777751,261903222.94688272,334040197.7752218,206207856.76342595,117001971.92001513,211402783.4095998,190944030.3453937,172717689.28960308,134824493.58446562,75143173.32830536,274684943.8881802,96161491.6123695,188796223.43290046,203713097.64078942,264917150.50268963
152040519.76793736,207256801.5380353,219957073.09635934,279944970.958827,147047295.37739336,146587112.77356094,235467125.00197655,241152119.88448548,145132430.5993307,152567195.85061333,227559224.8777751,254649311.14670622,326789008.22904843,206207856.76342595,102355343.23380719,208333390.34746605,183153366.78410888,172717689.28960308,134416086.5743889,74300364.64636654,274684943.8881802,90976214.37652154,188708087.2491558,203713097.64078942,259942612.76049998
152040519.76793736,207256801.5380353,215539974.42794698,279944970.958827,141248438.6268662,146587112.77356094,234913307.6429592,238884335.0430312,144755970.92353585,152179230.26146442,227511103.69622037,254649311.14670622,323349961.4216768,204119408.17368084,101790835.5839064,208143166.2513917,182764102.7957096,171367058.94550806,134415815.24658096,74300364.64636654,273606816.63505256,90976214.37652154,188616260.60819212,201640143.46744972,255570881.4177674
151946960.51439,201773315.53792977,192696722.03417245,278741610.0424397,141104822.3528976,146250140.58045417,234250822.53512076,236669043.85619718,144088325.98234624,146805980.90181226,227511103.69622037,252688879.23006725,319578823.22447354,202501098.8186761,101790835.5839064,201949795.68274924,182733131.93255305,170223396.70423767,134315667.3505413,74300364.64636654,273152966.70306516,88263269.51030101,188616260.60819212,199429500.23588458,253556754.4866542
151946960.51439,201672509.00969422,192347219.11364537,277600537.6599957,141104822.3528976,144284826.93833223,233611670.62377325,227091611.08690354,143036118.71699768,140738870.2247558,225781694.07765424,250677269.470182,318478872.42725676,202430951.9703954,101790835.5839064,201949795.68274924,182733131.93255305,169465869.91205993,134315667.3505413,74300364.64636654,271947500.24008155,87829915.26919442,188289084.45380098,194907721.3430923,245594237.99435458
151234197.42536816,201562800.08327016,187673488.0360793,271699789.0089443,140091512.43257028,144239404.25259417,233611670.62377325,215977621.69133925,143036118.71699768,140637877.21930754,223944167.87209946,250622585.5145795,304687891.94304746,202430951.9703954,101790835.5839064,201934709.31309414,182653044.01879987,165703717.23282477,130483754.98806033,74279006.71047568,269670868.2217848,87829915.26919442,188027025.9109023,194269308.19857723,241680288.06368738
149273719.8039465,201253082.81469518,187468654.6331549,271699789.0089443,139107619.14807796,144239404.25259417,233611670.62377325,215977621.69133925,140864296.90963322,140637877.21930754,223944167.87209946,249682412.25758204,304687891.94304746,202248279.46866396,98527264.16293071,201934709.31309414,181987759.7834319,159932153.45439345,128779076.68606032,74270149.05982694,266403398.96661165,87120332.30866992,187124266.49268776,188590907.7907594,240644758.1885115
149273719.8039465,201138683.46072918,187318027.33981025,271686202.2019881,138962696.23624277,141661862.79496682,233611670.62377325,215977621.69133925,140201581.55289698,139149550.82796675,223944167.87209946,243298030.91072333,304665418.4554938,202180250.6898442,98527264.16293071,196692404.81011778,179351033.346972,159313662.53372025,128779076.68606032,71861687.11734584,266403398.96661165,87120332.30866992,186875452.8093913,185951090.86717558,240415303.09689483
138994657.10818994,201078798.43533882,186547934.63305336,271553429.8139694,138818161.95416248,140690183.65741897,233531841.79883075,215707473.49361545,136229111.40557376,135712445.1344956,223943044.44060493,238622453.68716598,299760596.51666343,202180250.6898442,97830065.154365,196692404.81011778,179330233.26511353,159313662.53372025,128707699.94368759,71678842.08873013,251702522.15829343,82792069.77541348,186636561.9727584,183761913.04487064,238041546.72801685
138994657.10818994,200973527.34126964,186296771.3354419,271553429.8139694,138818161.95416248,139885410.27550745,227617883.26502007,215621675.53435215,132093113.20168014,135534348.23596793,220255748.80395165,237542843.79739493,299760596.51666343,201152565.64740592,96786880.68255585,196692404.81011778,179330233.26511353,159292593.4410321,128707699.94368759,71678842.08873013,251097731.75683433,81320297.80269268,179407478.41453043,183301410.96786106,238041546.72801685
138994657.10818994,198729164.45653754,178337819.09567544,271390148.1322881,133930236.4087889,138516834.17101356,227504008.4050019,213690438.15962294,131736359.22267161,135417452.9243605,215094659.08570734,229584301.8209607,299527208.5690482,198101983.562389,96786880.68255585,194847032.99078384,176392640.4633194,157632100.07908744,128707699.94368759,71678842.08873013,251097731.75683433,81320297.80269268,179248550.46213385,182697972.6942806,237538239.06204143
138988398.87729543,190455846.29888254,178115024.3513052,266590482.68805376,132264048.09010212,138516834.17101356,227295792.22106087,211994195.51750264,131736359.22267161,135248162.3315499,214754912.69283974,225979448.19414118,297285116.31349295,198097464.1181849,96786880.68255585,191973961.41936737,176095844.44805625,157632100.07908744,126938278.16862041,71678842.08873013,251097731.75683433,81320297.80269268,175672502.13361683,182534749.22294828,235604225.2448932
138966007.1977772,190184969.1479215,178115024.3513052,262645737.71019307,132222500.4153221,138516834.17101356,227295792.22106087,210867767.00115567,131552934.74472488,134921804.95160374,212783890.89137408,225979448.19414118,292600008.2343165,187417394.1046358,96786880.68255585,191735570.85323244,176037696.72297588,157622964.13022146,125567818.05969653,71678842.08873013,248454512.03761417,81310425.23357673,175672502.13361683,181531826.34572458,235604225.2448932
138323591.78820983,190184969.1479215,177894286.38579193,260807387.51675877,132222500.4153221,137678332.2775328,225577513.2466861,204858561.20702982,131541423.94026443,134921804.95160374,212783890.89137408,225535626.42455992,284153583.1485853,187039950.63305455,96656611.20954342,191735570.85323244,176031317.94783962,157564300.4836104,125567818.05969653,71678842.08873013,248338631.69433665,81310425.23357673,174239513.53395984,178499870.21455622,232492733.72823128
133217007.52232057,189865508.17092413,177562847.2327544,257621611.10804194,130949889.68089199,137678332.2775328,225211199.8012484,204663602.77752045,127623932.87093462,132376396.25573032,212783890.89137408,224818442.5793861,284153583.1485853,187039950.63305455,96656611.20954342,190375386.4597581,175995577.12796542,157564300.4836104,125556985.10792038,71676600.18611781,248338631.69433665,79251861.15695634,174173268.7690432,174110689.3220953,228616827.8179905
132260008.07692406,189865508.17092413,176416146.961811,255296203.02102444,129750730.13003153,136891733.26454,222982202.22036594,204146098.7290076,127623932.87093462,132308329.76356657,210318745.730191,216295749.96481162,276215011.63586617,186379937.92476267,95227638.14621244,190375386.4597581,175977708.70941967,157545477.2873801,124116158.64040053,71666664.96741588,243482637.20738488,77417963.67103498,174173268.7690432,174110689.3220953,228612171.66350618
132260008.07692406,189715899.38858935,175432749.136357,248556481.5826006,129737162.1864254,136806757.7739926,221571265.82095796,199588558.58349207,125239601.48584844,131257498.55295111,207422078.5039954,214553349.762672,273080639.5107463,186379937.92476267,94021038.67539418,186819138.49124134,175977708.70941967,144878713.27189556,121921674.70394616,69660397.35194154,243117341.039417,77007518.87105986,174173268.7690432,174110689.3220953,228612171.66350618
132040792.65246388,189715899.38858935,175432749.136357,248556481.5826006,128323996.3705081,136806757.7739926,221404802.55957666,199356137.24217862,125239601.48584844,129184559.70534237,200445225.8224931,212232577.76201564,272905810.2813554,182717573.0849261,93919391.47194242,182506241.86347234,175977708.70941967,144869553.68610513,120282790.14413936,68890920.61232157,242928691.41049832,76883634.13472979,168527557.4017883,174058379.2541789,217441134.04738387
132040792.65246388,189715899.38858935,175283685.36243552,245028210.24694538,128323996.3705081,136029236.38523564,220469356.1543355,195360179.2332008,125239601.48584844,129168442.93445797,200445225.8224931,212232577.76201564,272492702.9785958,182024826.1683458,93809319.73722185,180759111.1922242,172265316.16900146,144130550.40783045,118897064.81016307,68890920.61232157,241108316.1004355,76845437.29630314,168527557.4017883,174056343.90894198,217264610.18941188
131998912.38350359,189500225.0241857,174958862.66055214,245028210.24694538,128323996.3705081,133050139.00558153,217806973.5076725,192376077.0882734,125150213.06493437,129093115.12035078,200445225.8224931,210459721.73470402,270884077.0898876,181643985.8878768,93808717.73519571,180494852.88592094,166505380.01011238,143985924.96846676,116018500.62459154,68890920.61232157,241108316.1004355,76686518.09908941,168457267.01077095,172967535.8785548,217264610.18941188
131957758.9320116,189449099.29376775,172374002.203335,237838702.8194036,126740334.79922432,131951386.78367963,215689024.7687771,188887695.8223894,125115209.63155502,129093115.12035078,200014123.47991708,209873719.18718523,267219544.4710885,179039780.9226637,93808717.73519571,178030363.53450447,166271484.2208036,143700553.82436338,116018500.62459154,68886465.45498826,233110131.5272368,76614352.55565715,168457267.01077095,172967535.8785548,215905174.33630487
131932807.18772842,189394832.5668406,169517111.00281343,235757636.21313348,126600379.27310559,130071347.40441285,215197142.22498575,188887695.8223894,123846468.89990523,129041113.96201447,200014123.47991708,204577740.11664617,250425926.85412785,178873984.03894794,86071248.29800208,175853462.70109624,166271484.2208036,143661522.28317708,115904793.7406971,68886465.45498826,232934797.45242476,76614352.55565715,168443270.5040186,172843707.61465397,215893323.45471877
131902043.41422983,189365287.53679025,169517111.00281343,233813612.47653028,125831522.9804097,130011234.73408958,213652561.8357608,186688442.9293492,123811835.91416211,129020367.49841991,198617417.75020793,204202551.58234403,250425926.85412785,178857239.50421062,86031118.67379256,174569357.6131442,166271484.2208036,142259629.75569555,115904793.7406971,68886465.45498826,232915747.6383236,76474512.14584494,168375906.08280587,172786510.75554514,215745185.27663544
131884118.24072659,187423310.74406955,169517111.00281343,233584818.2251677,118889622.97470684,130007655.92405307,211012295.14124975,186668169.44916707,121683266.09751159,129020367.49841991,198429129.5663951,201301907.56154874,250400321.11625853,178857239.50421062,86017090.54888076,174569357.6131442,165433383.41673627,141200571.4705698,115810980.06267713,57893679.1242061,232435800.86183786,74635503.3015608,168292161.46755093,165919872.89960077,215745185.27663544
131884113.13090366,184324552.57759058,167421522.89307502,219005932.77039146,118869194.75025591,129994669.82701805,206981032.59842193,186668169.44916707,120003048.17889932,127306267.01852307,197124639.22153416,201077625.99081945,249809041.36768824,178669041.2792958,86017090.54888076,173076795.3132382,162395633.02261674,141200571.4705698,113200080.61836566,57893679.1242061,232290850.95613047,74146478.30228272,164474773.41337794,163732942.51485845,215745185.27663544
131884113.13090366,183151993.76793388,165386929.04020286,219005932.77039146,118359886.05560802,129994669.82701805,206981032.59842193,186147353.26476824,116766100.57459684,124966741.26947173,196903397.1840251,200556391.72681016,249809041.36768824,178669041.2792958,86017090.54888076,172942686.1057421,162314508.19265628,141200571.4705698,112002921.57506654,57882205.33897853,232101080.78762558,74099818.91248652,164093052.82991216,163605985.22765303,214420701.10314447
131884113.13090366,177800497.2228936,165386929.04020286,218685590.05314618,118359886.05560802,129994669.82701805,206352428.06789878,184324097.2587301,116654704.04285485,124615297.58815327,194351672.60750237,197156456.82115507,249809041.36768824,178649013.0504386,86013407.16733359,170798010.6548183,162057445.08323008,140930822.68934897,112002921.57506654,57805687.423348695,231809960.30539113,74099818.91248652,164093052.82991216,163578411.5524377,213115368.9422233
130933262.17440349,177800497.2228936,163951156.48654053,218685590.05314618,115772961.8528441,129991091.689548,204152604.9548307,184320179.95024037,116654704.04285485,120839250.33542141,191057094.10277975,193943959.066419,247687875.41035318,176500655.88014388,85880016.92770784,170798010.6548183,161900668.8156039,140908769.063383,111370007.51622023,57805687.423348695,229882692.89696673,71415188.70237552,164093052.82991216,163575451.96294117,203884190.16761914
128482052.10345048,176674193.1671108,161909635.82004908,218685590.05314618,114108412.61511393,128376844.31261171,204120684.99660102,183382733.22560224,116654704.04285485,120839250.33542141,191002964.67099932,187368749.31588933,240423755.1263459,175312099.3149443,85854862.9950595,170784007.97449103,160581116.81439176,138883263.52894083,108315737.21324785,57805687.423348695,229850457.2108294,71318243.1423919,164045349.90662748,163127400.61086854,203434531.4658297
128189296.79107715,176345978.5253209,161909635.82004908,218685590.05314618,114049761.54697461,127012135.12923323,200075172.73759606,181986425.80260965,116297135.91861981,120776279.4916072,190988507.7931595,185511579.19312906,240423755.1263459,174467336.66978323,84510116.84540124,166870750.7917064,159783415.76822388,138156361.1644689,108315737.21324785,57805687.423348695,229683632.67104194,71318243.1423919,160774386.31409568,163127400.61086854,203434531.4658297
126461180.74159928,175102045.58878702,161881136.58154526,217736104.78597394,114049761.54697461,126944012.6124189,192961424.82324898,173173954.36626694,116297135.91861981,120710043.48961434,184634383.26051438,184992720.50368795,239953909.54937062,174467336.66978323,78571760.96780403,166639208.7882346,159647500.37185058,137190128.34343532,108315737.21324785,57805687.423348695,222183370.30348393,71106129.55833507,156916738.33431593,163126761.4934624,203434531.4658297
126180466.57000913,173716114.60791838,160436661.62652934,217565757.22349218,113637041.64115791,126944012.6124189,192883897.10892949,173173954.36626694,111832395.31582199,120710043.48961434,184419196.79276875,184808396.90538797,238870864.26458392,161267092.0256523,77917825.36874406,166092199.9777356,159647500.37185058,137160948.43929997,108301516.36696133,57805687.423348695,221527852.4946803,71106129.55833507,154104906.42519182,162842681.65266904,198904638.14282998
124968294.8249394,173716114.60791838,160368575.06906328,211441502.31325516,113637041.64115791,125547965.37121388,192883897.10892949,173153876.45869228,111671640.92527846,117931820.62007013,184419196.79276875,183970905.49990425,237550844.63037324,161267092.0256523,77722890.31081747,166092199.9777356,159637145.77611008,137060622.17764434,106912421.52998558,57760851.24126227,221513981.0954846,71106129.55833507,154104906.42519182,162610562.368922,198904638.14282998
124968294.8249394,173716114.60791838,153061910.908156,211298270.21471122,111644306.92255808,125430209.13627177,192883897.10892949,171609447.51012707,111671640.92527846,116561757.47824478,184419196.79276875,183174434.2236261,236925992.69529575,161267092.0256523,77722890.31081747,165867221.61595413,159586185.6897443,137011919.61553356,105323382.51981825,57747599.39501177,221513981.0954846,68871813.9718294,153994230.64916644,159985910.07519716,197966633.09044084
124968294.8249394,173716114.60791838,153061910.908156,211298270.21471122,108918387.86270744,123134243.36907439,191970759.41848063,171609447.51012707,111608005.47117169,116521711.04053171,184413007.33311838,182111862.5940578,236526490.40354732,161201946.08441085,76632505.91063206,165584577.2142027,159581610.56195587,136997921.946881,105157562.01308751,57747599.39501177,221364946.31020173,68012255.90236603,153994230.64916644,159985910.07519716,196245054.28280556
124968294.8249394,173490513.46122074,153061910.908156,211115813.5810675,108918387.86270744,122972491.57893106,188259509.2941155,171609447.51012707,111538771.20294863,116489641.28397582,184413007.33311838,180146119.80202398,226529216.82918423,160525960.59313598,76598366.73426914,162934083.93922517,154580336.0659232,136997921.946881,105116673.73312448,57747599.39501177,221364946.31020173,67999332.27285868,153852495.5614626,159944874.67023286,193140312.40249783
124968294.8249394,169956174.75046352,152739277.8098838,209832108.89990377,108744181.67001107,122007503.88322367,188213004.5340957,169335312.06421784,111526033.98566929,116489641.28397582,184280838.11448,170718615.95407248,225872379.49196318,160225128.72219795,75965590.19832158,156009107.26197472,154576250.27623647,134983155.89411217,105088791.7714557,57670892.27471029,219129008.63182673,67996388.22651477,151515921.309077,159896151.2187248,189776754.4795137
124955703.23743588,169956174.75046352,148111482.5926267,207325968.4260142,108549286.86963685,120634300.16817494,181766792.0132952,167523131.3557686,111526033.98566929,116474078.19094563,184280838.11448,170680716.13815045,223990398.77777436,160225128.72219795,73965315.87218657,151519456.2717621,154576250.27623647,134199635.47670119,105088791.7714557,57567755.749616355,215069313.20079702,67996388.22651477,151197108.0724954,159882277.14322492,189776754.4795137
120656392.28638992,169956174.75046352,148038044.71520177,207314540.15803564,107471816.71609421,120634300.16817494,181615815.23710522,167523131.3557686,111518226.24473567,115541575.93106006,180615802.37541357,170337880.4352926,223990398.77777436,160225128.72219795,69879205.48417673,151463009.57356042,147503306.92367798,133372429.85234821,105002997.9152167,57542233.66725847,215069313.20079702,67995631.89788733,150376075.84079814,159882277.14322492,189530150.73991168
120529557.63514732,169794483.9766031,148038044.71520177,206242681.8966435,107113930.66843143,120325857.56869186,178860717.18263754,163912513.35194108,111518226.24473567,114444902.60839047,180615802.37541357,170102896.9714082,223597927.32258675,158502800.0959061,69879205.48417673,151463009.57356042,147322821.1397777,130179331.51370832,104983406.73495196,57542233.66725847,214439764.4595882,67995631.89788733,149532710.2404508,159882277.14322492,189480139.82531863
119711087.18787408,169222822.1228352,140679138.62111315,203162048.67659694,106963552.42615293,120167444.64458017,177688318.06509414,162494737.53682825,111516298.29219835,114444902.60839047,180126306.82217094,170073311.41471937,223199980.74801132,158388734.8907914,69468079.15115659,151463009.57356042,147207133.40919033,130179331.51370832,101954464.74552225,57542233.66725847,213527967.02389508,67995631.89788733,148902983.98621565,159880290.77312943,189403256.1624039
119711087.18787408,165937471.6966686,140655457.8134933,203120989.32296893,106963552.42615293,120080687.65962929,176290297.5781998,159650664.9765851,111496761.16642097,113244061.22808938,180126306.82217094,167398854.67371544,221330406.18898204,156915905.3852078,69411157.6658226,150588838.04708466,147129416.8024669,130086588.79944009,101398216.91769806,57542233.66725847,213527967.02389508,67995631.89788733,144527156.4367499,156464919.66519248,189403256.1624039
119700871.0745722,165771363.82534555,140655457.8134933,203103508.65783384,106871494.88474132,120045537.4204254,175662692.81615627,159066372.80547467,111496761.16642097,108651077.60072927,180125353.81792638,167398854.67371544,221330406.18898204,155006654.926368,69375815.84870158,146725271.01022,147109761.78820524,130086588.79944009,101168111.84740618,57522484.60245556,212477025.47602326,67989629.55987644,141882274.74598134,155683237.5871884,189403256.1624039
119700871.0745722,162156879.29697144,140655457.8134933,202375952.14596105,106850495.0895739,120045537.4204254,175378336.42966715,159066372.80547467,111494648.0833353,107472468.69791509,180125353.81792638,165177698.8505892,221289316.75694448,154309943.47379932,69375815.84870158,146211859.33415172,144133712.61177143,130086588.79944009,101168111.84740618,57484850.595524065,212109486.97535917,67989629.55987644,141854368.10330936,155532052.34008673,189323609.39849374
119272054.5470465,160431957.5968574,140655457.8134933,202375952.14596105,106805383.28219654,120038699.30301566,175248293.28365657,156623103.44395268,110095163.7348086,107276345.25559723,175031887.5877114,160741437.4341367,221212361.78373918,154086863.0368677,68841189.55583721,143740179.79794973,143404600.35216424,129984518.43948509,101168111.84740618,57462263.8333048,210726847.57124195,67987311.63473397,141425292.0413531,155532052.34008673,189317518.79514462
116634341.37255087,160317778.0354679,140655457.8134933,198917609.1545608,106703678.14108573,120038699.30301566,172626865.0161245,156083303.28143415,108953540.33737615,107276345.25559723,173519352.12896296,160659073.3003013,220906318.88055637,145156297.14914945,68546276.81392896,143391546.7737612,137938847.42184424,129934049.24345547,101118193.20814918,57441397.50025,210726847.57124195,67918599.14633787,141196920.97389612,150988860.43000874,186707361.1880302
116634341.37255087,157443262.8264335,139896651.8461055,197417329.0790021,106703678.14108573,120024703.69468048,172394660.32700154,156083303.28143415,108953540.33737615,107142071.18860905,173519352.12896296,160659073.3003013,220906318.88055637,144761619.14396814,68519496.47262534,140263915.63200447,137267498.3076777,129912326.73743492,101029764.13480817,54503004.87119192,210726847.57124195,65990968.53465375,141196920.97389612,150972763.26637256,186568643.53745505
116634341.37255087,155608809.94173405,137866193.9250511,197417329.0790021,104781854.05035767,112852917.4177674,171283791.18044227,155147808.84607467,108953540.33737615,107142071.18860905,170616283.02620238,160659073.3003013,217617564.18708295,144761619.14396814,67015446.37925193,140263915.63200447,135163508.98433334,129910358.19024262,100503387.54294522,54503004.87119192,207300416.63493994,65963205.03349817,140397327.33854672,150637354.4649669,186489878.16313842
116619140.38489187,147425642.09427816,133860535.10506363,194703726.37881884,104290119.75969216,112852917.4177674,171215463.54677328,154903386.89142647,108953540.33737615,107092195.5755573,165830258.34146127,150264365.98023498,217617564.18708295,144761619.14396814,65907426.73503285,140263915.63200447,134492456.32467774,129817353.73464431,99069539.88876578,54436590.26871094,205050368.5175577,65427881.915537335,139828708.6916524,150073971.92115223,186489878.16313842
116619140.38489187,147425642.09427816,131979119.41618297,194703726.37881884,104290119.75969216,112852917.4177674,171014513.51826355,151781937.72773564,108952109.71319525,107092195.5755573,165830258.34146127,149933251.54715466,216819700.25529072,144609482.8920956,65771344.02542651,140263915.63200447,134326214.81541732,129798106.65173954,99069539.88876578,54429784.01657155,205050368.5175577,65427881.915537335,139828708.6916524,149963936.71272984,186223028.66193187
116614361.21369196,147344768.3896069,131979119.41618297,194125536.4639657,104277597.19424334,112852917.4177674,170096602.2648979,151623505.8395801,108952109.71319525,107092195.5755573,165730762.7430081,149933251.54715466,213217135.89127216,144453513.7343955,65675044.4207495,133221966.37285124,134326214.81541732,129400053.70066902,99069539.88876578,54328806.48110678,203184195.57631713,65427881.915537335,136207813.1637297,143461129.39269128,184745658.08944276
115251037.38181025,147344768.3896069,131385525.56874599,191207954.8435873,104268215.34883639,112852917.4177674,163393660.12061486,151357598.45828143,108952109.71319525,106109226.97921374,163435154.35888675,149933251.54715466,208290435.46029145,144453513.7343955,64530659.97192508,133172411.61504686,134326214.81541732,126428798.50089681,99046660.58285333,54328806.48110678,203098918.29488486,63210431.198909834,136207813.1637297,142219827.84572384,180582062.61844563
113989761.05175269,147344768.3896069,129425400.45638195,191207954.8435873,104268215.34883639,112840033.77525367,163393660.12061486,151357598.45828143,105135883.90056765,104689455.16275586,163435154.35888675,142177619.8666947,204983710.42422444,140580519.81613997,62768630.506653644,133095073.34202397,134326214.81541732,126414687.50934026,99011214.75999029,54328806.48110678,203098918.29488486,60755748.82623454,136207813.1637297,142219827.84572384,177894205.33476588
113989761.05175269,146611712.29476568,129425400.45638195,188955562.1455287,97314239.18719913,112800089.6790827,162983942.11118424,150134567.51044524,105051609.95526329,104554042.47540545,163392928.7197229,142177619.8666947,204701575.00502843,139338823.9013354,61786961.47787188,131980417.14924122,132885257.97879781,126341822.09765847,95622374.28663406,54293740.21539673,203086064.74534544,60173140.35147004,136200452.82375255,142219827.84572384,177581847.33548343
113613277.44029516,145685836.70507234,129231948.20154814,188955562.1455287,97292691.4608171,112771548.8393155,161613299.57876933,150032475.56301633,105035760.6978271,104545931.63936795,159803756.00008664,142177619.8666947,204472449.86377397,137771078.2108417,61786961.47787188,122605059.6728723,132495567.17116047,126320800.13016048,94054265.25048722,54293740.21539673,202780917.97810206,59865945.36860872,135954264.5254953,142140409.68827206,177581847.33548343
107853638.21467586,145366799.437691,128406816.2308578,183463888.93010604,97292691.4608171,112498843.2285893,160529871.06565607,148697676.5246433,104953277.34823856,104057398.8168642,159803756.00008664,141808717.8476364,202205802.0982763,137003082.29823446,61786961.47787188,122605059.6728723,131446956.83208284,126203787.51026961,94017093.83006503,54258948.1941309,201512649.6251169,59814690.55925953,130885115.68488267,140165465.76696542,177448487.01488787
107051603.24240556,145366799.437691,127062512.96117936,183439814.51469395,97280755.136572,110732288.79654898,160478395.61952388,148419665.29206136,101854293.43941244,102695881.82450911,159704360.85869703,141232410.69409877,200935939.7679887,135742657.43197852,61778909.22429242,122605059.6728723,130592843.35359465,125021773.86861414,94017093.83006503,54248256.77213818,201442239.4116665,59798465.69702555,130847825.94520576,140107124.5896971,177448487.01488787
107051603.24240556,145366799.437691,123885068.3988353,182979249.50339288,97276007.05985352,110183259.83200373,156326992.00920442,143938610.116047,101813314.14554706,102695881.82450911,159704360.85869703,139785949.31704938,200759605.3356562,135235193.760464,61710638.27228107,122409215.3819257,130592843.35359465,124664998.53928317,92866935.46194018,54236993.1603431,201292371.59920248,59798465.69702555,130781590.05242914,140107124.5896971,177448487.01488787
107051603.24240556,145366799.437691,123186340.81339857,180306540.66964447,97276007.05985352,110183259.83200373,156326992.00920442,143608120.7138554,101813314.14554706,102647032.83189422,159597848.65791866,138325416.3273122,199222064.79169562,129804055.97924201,61044267.97434668,122409215.3819257,130491513.29570426,124664998.53928317,91018251.7207987,54232007.896927856,200162733.0652451,59743239.16375117,129234860.08925122,139985874.3728564,176055900.5664217
107051603.24240556,143522766.18507832,123186340.81339857,177912242.4193885,97107087.12141815,109924262.63841309,156018242.40501714,137020646.98835355,101801223.53417563,102647032.83189422,159597848.65791866,136380198.9354427,193795574.51664442,129539397.3781526,60461825.4525788,122409215.3819257,130491513.29570426,123625664.39771388,91018251.7207987,54215299.08462319,193946447.78848976,59743239.16375117,129234860.08925122,138961192.38787684,174090652.74777114
106283994.34209143,142035624.51943713,123186340.81339857,176713433.67137024,97107087.12141815,109233324.17983134,155998847.17235416,137019056.15423343,101801223.53417563,102647032.83189422,159597848.65791866,128198272.29400875,193750736.30434564,129027479.76010975,58687349.83995514,122296276.8890109,130481057.74107571,123585375.59999156,90366723.57827951,51320761.702325195,193930559.77847484,59530902.710406974,129046153.49090138,135771423.82289317,174090652.74777114
106232512.6331684,142035624.51943713,123186340.81339857,176622061.79896662,97064414.24514306,109108419.121752,155322759.29160693,137019056.15423343,100819094.4196453,102647032.83189422,159597848.65791866,128150260.31655982,192704928.78022462,129027479.76010975,58037763.37458797,122296276.8890109,128928672.47519594,123585375.59999156,90048002.11078013,50418461.134878814,193602476.34302512,58817470.248717256,128957994.88291739,134509358.89242005,173935842.61962354
105221466.4120393,142035624.51943713,123164428.20849334,176622061.79896662,96965411.75772999,109108419.121752,155322759.29160693,136596392.3834177,100819094.4196453,100422810.67510043,153627717.7486212,126426065.82527263,192704928.78022462,128962452.85856473,57996203.4866956,122246076.24090123,128928672.47519594,123585375.59999156,90048002.11078013,50413570.8008243,191535541.6179424,58817470.248717256,128926661.36173983,134509358.89242005,171106707.7682052
105221466.4120393,140351220.49051645,122969494.08671035,176553740.7088487,96201097.48548548,109096490.92299151,153896142.47918347,134002951.94310948,100701340.80371048,99077262.8557684,153438561.34701067,126426065.82527263,189831613.05493572,128050816.46457735,57996203.4866956,122246076.24090123,128928672.47519594,121923334.68909867,90001634.44819662,50413570.8008243,190700029.36276928,58785609.28680171,128317935.86801694,133867485.87583846,170910806.23681808
104209187.44643399,138517400.8276813,122577406.05442397,175685132.71759826,92868311.08136038,109054048.30118245,152255140.0066599,133231955.42339967,98941140.61209491,99077262.8557684,151591147.95637822,125760924.58118667,187843716.09478623,127687845.32073376,57996203.4866956,121266963.44124487,127365193.38181293,121385052.04026905,90001634.44819662,50413570.8008243,189341744.38541254,58749313.86766416,125792638.24771027,133477358.67048334,170907289.31924865
102761813.16720055,137756000.87016878,122577406.05442397,173223715.43797496,92475801.26699877,108985243.15223919,151276706.80143362,133231955.42339967,98016447.84813417,99073324.59992057,151021393.42678827,125219741.46631204,187816893.5563975,123798893.71599446,57977317.86569603,121174906.64684424,126525799.91732734,121383676.7713829,89956397.12359306,50411989.5337954,189341744.38541254,58749313.86766416,125792638.24771027,133235353.80262017,170907289.31924865
100141451.57041994,137756000.87016878,117964415.81511447,171023318.1066827,92215763.01546599,108985243.15223919,151069305.0733875,133213799.42654845,97924325.79123433,99072087.1342637,147350514.02304012,125219741.46631204,187816893.5563975,123798893.71599446,57977317.86569603,120991692.77762555,126261268.92070667,121383676.7713829,89952030.32487808,50408438.29364648,189148004.74442175,58729434.722988665,125759492.39156274,131392074.68070775,169981932.32729867
99814656.72801279,136114107.75963265,117915406.6148991,170297926.0906743,92215763.01546599,108951731.22879215,151069305.0733875,130463698.35599594,96528513.58661456,99065776.99457039,147028353.69126734,125169362.99898002,187816893.5563975,123798893.71599446,56351395.18173614,119134715.29287308,124860438.55333015,121383676.7713829,89835303.1131664,50408438.29364648,188761090.69031483,57776003.00315696,125732629.5110887,130993240.9556462,168435278.96213406
99354765.11455163,135136546.47637367,117559384.14681688,170297926.0906743,92092388.91065946,108951731.22879215,150010908.20184952,129639966.67510049,96204845.84294379,98282193.6693128,146845031.2411729,124656409.78208524,187798490.48192367,123023356.44433917,56337023.612997025,117996116.17047411,122475987.9015116,119769263.08404647,89126544.07322544,50406047.05451617,183631757.73729363,57258674.55228146,122803254.75574735,129712012.16180527,167539408.51289988
98199414.33002867,135136546.47637367,117559384.14681688,170107252.4445636,90136410.660973,107182448.05377789,149904552.02769572,128538199.86472185,96200984.7057346,98282193.6693128,145690370.54345414,124656409.78208524,187701016.06250077,122902694.24047971,55972988.02857708,117302213.7939811,122407311.2258471,119769263.08404647,89090932.43791926,50402295.36545289,183631757.73729363,57258674.55228146,121499320.37574834,129573287.584389,167384518.13464177
97374471.53429936,134971975.20830587,116793033.25781223,163425039.82792103,90055334.64016128,106387756.69724144,149527388.00134143,126411607.00603439,96200984.7057346,98282193.6693128,144488774.05410713,124249684.700202,185168366.3648139,120101067.40791163,55972988.02857708,117152317.32638799,122407311.2258471,119735227.72757354,89090932.43791926,50401492.51867759,183631757.73729363,57258674.55228146,120220758.43927687,127984315.53898148,165394677.19772723
97374471.53429936,134028691.97395368,114380861.98620655,163425039.82792103,90055334.64016128,105698858.91630934,146822907.19167393,126411607.00603439,96147080.31244877,97697939.85102713,144154301.177374,122126409.97893938,184693205.10947892,118153303.79754333,55943190.89782453,117023637.17615747,122383282.18529205,118497327.83844899,87769482.63247107,49286705.82291877,181385075.5297395,57076060.84631204,120220758.43927687,123001460.56874695,165345496.6807639
97315047.13579197,131502360.79297411,114294703.66411656,163339649.67185405,90055334.64016128,105425053.24727932,145493256.5712632,126411607.00603439,96147080.31244877,97692946.89969982,144078728.577718,118302038.59198739,183300404.0628444,118153303.79754333,55943190.89782453,115077979.46502556,122376971.64201646,118048558.30156986,85954891.9192748,48256674.3514193,181182580.16974387,56494591.63591437,120220758.43927687,123001460.56874695,165153185.74102062
97294292.34178305,131484854.53629124,114294703.66411656,163335603.23238483,87672418.86358152,105297935.50658646,144759688.913689,123141668.81641369,95430246.65936415,97631719.4881279,143404808.3635512,118302038.59198739,182718997.31506607,116796277.14341143,55943190.89782453,115077979.46502556,122376971.64201646,117941379.06627913,85935904.64284037,47911480.25877626,180416185.5212525,56465591.7732518,120220758.43927687,122250967.19939025,164507399.10396585
97278113.62361267,130873520.63431054,113767552.91565068,163331898.92644024,87508896.9932634,105139988.89276728,144759688.913689,122330474.7850862,94863525.16589262,97631719.4881279,142672052.84427255,118302038.59198739,181368372.39512095,115492617.99619271,55545627.56852001,114853466.17805238,122376971.64201646,117941379.06627913,85446270.49230699,47262705.647897296,179922358.08722633,55055097.68350318,119448521.55997294,122250967.19939025,162990428.15847316
89548904.83271314,125168256.96706095,112997828.81118974,160846118.3965387,86070934.63738935,104084132.15487671,144487491.4563775,122330474.7850862,94863525.16589262,97631719.4881279,142538126.4589359,112455103.73391837,181016972.1012027,115492617.99619271,55545627.56852001,114812059.28436583,121110462.76160863,117903500.54094346,85446270.49230699,47134620.83838956,178086980.63365638,54920756.855255395,119325681.072726,122140825.42999515,162990428.15847316
89548904.83271314,123552634.1321482,110592448.24338347,160846118.3965387,86070934.63738935,104077744.56995746,141509741.4853965,122330474.7850862,92440978.54535194,95322702.94816934,138852879.8461144,111550050.43786293,179939061.78454214,115492617.99619271,54853207.06451306,114135465.11295043,121096844.67868648,115167891.19023775,85446270.49230699,47134620.83838956,177716892.36726344,54920756.855255395,119325681.072726,119876969.0811502,162917841.55580327
89548904.83271314,123424254.41872634,110400985.03177118,160271820.68220454,86020951.53964998,104056050.63663852,138545849.07039082,122113314.78259414,89395036.17966796,94428712.10451172,137053913.99902862,111342116.0664447,179939061.78454214,115446929.8257288,54830366.45020277,112946764.02452458,121096844.67868648,114119522.75290033,84220379.55757493,47134620.83838956,177344557.95038402,52870745.211101905,119179530.49672824,119876969.0811502,162526480.2619708
89548904.83271314,121523258.62435082,110335388.68600707,160271820.68220454,85995610.74208848,99700455.1732824,138377529.59775734,122113314.78259414,89125891.87799296,94428712.10451172,137053913.99902862,111342116.0664447,178769926.93058565,115399760.48134087,54239574.96692874,112946764.02452458,121096844.67868648,114072950.72464946,82898400.14018005,47134620.83838956,174275229.9957566,52870745.211101905,119048305.12823948,119876969.0811502,162526480.2619708
89548904.83271314,121523258.62435082,109464076.90837032,160271820.68220454,84604785.31543453,99700455.1732824,138377529.59775734,121397703.25535221,89125891.87799296,94385628.84111387,137053913.99902862,111342116.0664447,178769926.93058565,112993108.61155516,53344673.70274094,112946764.02452458,121096844.67868648,114072950.72464946,81042473.2540956,47134620.83838956,171547632.4574199,52837471.712171316,117506212.64866069,119763404.9405315,162418236.08723515
89352426.4215473,117967564.9423,108668469.30364397,160271820.68220454,82958548.19072334,99700455.1732824,138377529.59775734,119966498.2323254,85662558.22669132,94369194.82459557,136947163.69908157,111271270.15110192,175722862.7719085,110959885.028626,53339512.025284916,112036132.6189328,121061230.95058106,114072950.72464946,80879253.7213468,47132901.78688123,170524944.8187655,51373859.34446657,117506212.64866069,119688860.84523502,162363209.9330366
89352426.4215473,117189593.22653592,108649300.06545818,159960845.7786991,82958548.19072334,99496213.49883012,138039108.25992584,119888041.9223058,85662558.22669132,92678839.26176338,136457431.83040148,110784332.76882164,173388801.6264898,110573999.11803313,53339512.025284916,111078969.30913265,118192124.0054333,114045062.14645235,79990142.80604735,47068353.70451385,170524944.8187655,50951464.11507991,114226571.65548043,119126247.93693422,162313518.05870903
89243620.01239349,117189593.22653592,108407521.62837467,159150490.47160712,82742360.97468917,99442590.66376308,138012325.89403844,119674414.18532816,85662558.22669132,92025244.74073884,136070765.18347946,110784332.76882164,173230717.00181156,110573999.11803313,53336429.85461112,110603540.60352111,117673237.54368973,114045062.14645235,79990142.80604735,46200845.606790535,170524944.8187655,49102202.413649336,114226571.65548043,119126247.93693422,157109547.5162632
86835961.7717258,116996025.27182089,108056176.35962574,157814733.87507364,82686998.83916883,99312705.92772757,133939017.25243178,119611006.71949717,85653056.12530513,92025244.74073884,136070765.18347946,109764469.04931663,172923480.77441993,110456833.19029278,52322760.771432504,108264524.23111007,113649585.99185619,112616629.4193013,79677115.71471308,45796045.799290106,170213322.9298538,49102202.413649336,113757665.9167868,119126247.93693422,157050304.39100635
85540225.57196912,116698247.04064414,106653765.93023674,155183064.1185656,82686998.83916883,98936614.1291118,133895169.91785628,116757897.93009345,85393357.91299917,92022004.29421318,135796695.90657553,109247962.26626205,172914448.56223243,110456833.19029278,51394469.489305586,108132388.59532002,113649585.99185619,112147209.8880844,79677115.71471308,45783340.18788097,168802043.53199452,48967006.07754602,113757665.9167868,119126247.93693422,157050304.39100635
85511806.9450039,116698247.04064414,106653765.93023674,154748637.5632771,82580191.90340935,98936614.1291118,131758678.63007066,116601991.26139337,85304304.1963031,91998810.91955787,135373224.1126924,108980026.20130971,172914448.56223243,110438222.70072098,51394469.489305586,107585598.82821858,113413143.06427287,112122917.40291247,79619855.12944761,45779534.115234815,168802043.53199452,48914352.40072066,113733289.48732837,119085081.6888801,157050304.39100635
85457240.02572787,116698247.04064414,106622554.93544367,154443324.0183369,82537228.85278156,98936614.1291118,131487155.6715305,116601991.26139337,85098531.05451992,90730802.14353967,130893961.3567525,107767152.32420412,171059542.1683923,107290166.84179403,51379281.510867834,106946631.19674654,113413143.06427287,111948408.65514836,79579733.927271,45778873.92387107,167563706.15298378,48914352.40072066,113733289.48732837,117534330.00839531,157023910.4893838
85457240.02572787,116504143.56946822,106592516.13039443,150988319.4726546,82225670.33984065,97965913.07201928,131370311.05963811,114200542.27418981,82604965.10263921,89707120.09147547,130785350.03517447,106358111.11381975,170218067.68066546,107198382.05304697,48847574.393344596,106946631.19674654,113283941.6634725,111811775.55493593,76837929.72566508,45771273.13985969,166892725.08554426,48913296.862421684,111832660.53233923,115865973.85376273,155400055.03047448
84578209.8833602,113432166.2943312,106368215.00946,150988319.4726546,82225670.33984065,97836179.0068496,130575778.83455937,112278824.94167286,82329423.24666205,89707120.09147547,130536762.52277766,106318731.81666772,170218067.68066546,107142506.02236412,48847574.393344596,106749069.58192156,113278551.71332888,111811775.55493593,76765975.88423653,45768578.901115455,164491161.11939567,48913296.862421684,111124704.01947938,115857303.44310844,155400055.03047448
84373411.80214486,112773680.19602273,102919588.96057902,147123651.21795622,82078326.43571357,95810955.87239414,130465987.8878742,112278824.94167286,80339952.74447617,89579491.05041511,130255542.8642561,106318731.81666772,169662972.0327659,107142506.02236412,48844519.55290699,106644102.37094437,113237580.07117002,111622346.28742537,76765975.88423653,45764778.83699737,163697807.98153767,48913296.862421684,111057505.46904372,115857303.44310844,155399879.06900278
83209398.07877001,112773680.19602273,101693350.53452428,147077844.64350098,82059347.51599772,95810955.87239414,129662304.5998162,112021768.6785579,80180978.60205175,89570845.25763449,130211355.68941052,106318731.81666772,166841079.3115522,107142506.02236412,48844519.55290699,102885499.97171918,113138093.44446218,111620301.01642048,76765975.88423653,45764778.83699737,162737938.11115077,48902899.175940186,108771886.06705132,115786772.51809384,155234492.39611465
83209398.07877001,112773680.19602273,101693350.53452428,146906276.98631045,82049809.1390852,95810955.87239414,128937165.84620295,111411780.74072641,80180978.60205175,89570845.25763449,129996601.44994073,106290259.85561334,161412676.46195593,107142506.02236412,48844519.55290699,100383900.29249182,113016376.16894026,111604923.68959136,76765975.88423653,45764516.89168697,162677558.81859338,48902899.175940186,108052859.2325689,115151530.97705495,155234492.39611465
83156187.38831079,112101230.50810952,100996376.0376986,146519352.47917825,77055368.02529387,93232473.4258923,128905238.2341617,110716192.60366125,80180978.60205175,89530867.07966211,129727540.24740179,104915551.92608139,157790617.81694853,100310722.83405355,48844519.55290699,99254959.6622182,112554703.81973918,111604923.68959136,76761569.00583032,45761711.131723225,161711910.64611658,46553658.21149527,106165344.26052833,115008621.9528205,152549409.57225376
83075854.68721999,110712196.01728763,100818370.45827626,145552985.09211266,76738502.46310383,90510483.01816478,126237451.43439674,110716192.60366125,80180978.60205175,89530867.07966211,129547588.05636667,104624295.7035914,150096157.45480263,100140172.7008329,48786820.50208652,98803122.87643515,112407618.93434483,111589234.98064902,76728240.5236259,45761711.131723225,161569918.15754908,46438896.29988545,105209327.75556205,115008621.9528205,152490943.88115397
83057240.53996599,109414619.2328532,100818370.45827626,145552985.09211266,76706200.29194538,90510483.01816478,125168157.46602687,109807114.7368716,80180978.60205175,88914339.84231964,128887404.99259686,104530339.14563479,149454936.9004662,97578404.00693634,48786820.50208652,98797838.56881629,109967331.0058246,111586965.20434442,76721231.07003719,45761711.131723225,160904591.5740717,46415902.71933461,104893606.95690635,111832164.6952914,148409455.93743303
83057240.53996599,109286675.90845259,100674174.36482142,145552985.09211266,76706200.29194538,90510483.01816478,124502496.91792274,108279960.07046345,79869739.4041364,88530758.73648736,127225051.29941027,104198150.81122692,149454936.9004662,97578404.00693634,48786820.50208652,97671002.01792249,108914256.98441806,111586965.20434442,74062736.76780532,45761711.131723225,159260172.7005493,46403392.31547252,104732105.25362715,111716586.72923921,148409455.93743303
83057240.53996599,107496600.03287734,98321385.8725357,145105079.6862442,76655901.10520245,90510483.01816478,124502496.91792274,105305924.13252883,79626221.29628372,88530758.73648736,126671002.4058324,101367961.6287416,149324491.4439119,97578404.00693634,48066104.627598844,97601013.53536312,108736811.23324552,108249465.28726253,73651709.32014094,45761711.131723225,159054436.5786658,46403392.31547252,104731985.05566481,111668369.57745208,148409455.93743303
82758935.30592693,106386546.8288391,97747292.34469977,144548471.97422418,76210666.3198684,90361121.69742699,124366767.50025068,104974031.81952758,79468047.04906228,86289227.61169206,125903227.88384786,101367961.6287416,149324491.4439119,97319502.30938032,47184362.82316274,96836962.82460119,108347416.88666227,107711923.41911764,73651709.32014094,45761711.131723225,158850514.21512166,46403392.31547252,104731985.05566481,111555763.2607426,148300604.435588
82018365.52196907,106177598.9595148,97550246.03273351,139628418.3579627,76150867.91957149,90344894.11216347,122842744.45693967,104828410.15665948,79468047.04906228,86140625.77703467,124699341.63057429,101367961.6287416,149269077.4794895,97319502.30938032,47184362.82316274,96732266.58499204,103181606.97351865,107233154.94465828,73570299.51514874,45761711.131723225,157473233.19089267,46376503.487722434,104613337.89159514,111525143.66297908,148295684.71815506
81527703.66224845,105164476.08246556,97550246.03273351,138224095.20008057,76150867.91957149,90063350.7211859,122842744.45693967,103834464.96449864,79468047.04906228,86011147.09600073,123987735.71406327,101363913.96291229,146331017.18847483,97319502.30938032,47184362.82316274,96504975.93228926,102945186.54264286,106752048.30480088,72919208.04610015,43197161.315813065,157473233.19089267,46376503.487722434,104481246.53311683,111522496.40514846,148295684.71815506
80004250.09466876,104795938.2689645,96671061.93097107,137482573.41075072,76101273.02168487,90017027.82769647,121692081.90755111,103563181.25829217,79468047.04906228,85910455.1737028,123939854.97950885,101363913.96291229,146245575.49851206,96059558.94521646,47184362.82316274,96277218.349873,102945186.54264286,106752048.30480088,72210759.66133767,42490391.91970697,157131216.48077548,46374400.69619768,103813731.48217739,110865962.1955829,146352530.18943197
79804789.54100789,104795938.2689645,96503366.42877524,137482573.41075072,76101273.02168487,88519933.43373877,121449156.04574451,101821130.67519206,79461416.35378507,85383659.96373558,120879794.71999878,101363913.96291229,146245575.49851206,93245381.84369382,47184362.82316274,95518114.621993,102798824.56564969,106713714.89802629,72142290.38850486,42490391.91970697,155638521.3919596,46364516.83319561,103636260.89934383,110095517.52460891,146352530.18943197
79767856.64593115,102226307.55914378,96450510.04989447,137435733.446646,75658311.13571888,88519933.43373877,113826365.36807862,100352859.02798384,79448835.89469166,85122354.90939668,119983640.9928333,98771655.760012,146245575.49851206,93245381.84369382,47174949.75482522,94298441.76782665,102774476.88198502,104759284.35034478,72080551.91673467,42473822.3974986,155638521.3919596,46364516.83319561,102479790.67505361,110095517.52460891,145770597.54547882
79629906.35972045,102226307.55914378,95949010.43286,135470421.26977688,75467984.7515542,88509451.99362798,113826365.36807862,100249691.50405714,79427306.71045752,85112063.90267588,119854227.2892929,98771655.760012,146197814.44708905,93245381.84369382,47169704.14806001,93185843.57696769,102774476.88198502,102882473.90418944,72017512.89059848,42473822.3974986,151756488.93146092,46364516.83319561,101886210.52470823,110095517.52460891,145281773.27170512
79629906.35972045,102214817.13387372,91206575.60774574,133829091.50630802,75348632.58545053,88509451.99362798,113641232.59851402,100159060.00006029,79427306.71045752,85112063.90267588,119817788.61788256,98742600.82460314,146148530.29165033,92964146.31870566,46792476.879458964,92352876.0507613,102760387.69184002,102882473.90418944,72017512.89059848,42473822.3974986,150844733.14471418,46359589.23914275,100590753.58892918,109950279.05033843,141048302.04426393
79629906.35972045,102128462.89821911,91206575.60774574,129891398.71669978,75258982.66701853,88509451.99362798,113561431.60702498,94541628.07335153,76711222.69226919,84976181.8414637,119817788.61788256,97943413.68154119,146148530.29165033,92561108.92654496,46219407.092640705,92161749.20349689,102260856.83448704,102585692.89827709,71305558.4768967,42472007.25654654,150783466.40736237,46359589.23914275,99978500.76879224,109361847.8576985,141040687.25349492
79629906.35972045,101398910.91572747,91202773.97105806,129891398.71669978,74685916.09133422,86961444.90364695,113554061.25012389,93761452.21907413,75929414.4900524,84956463.8904129,119382815.38129877,97745540.0889541,145390052.7387972,92422788.09017083,46193502.789896704,92047219.20178339,101845345.48159558,102403450.20229577,70219635.1147415,42472007.25654654,150783466.40736237,46353360.27544133,99941925.37125663,108189407.43646672,139061385.99069843
79629906.35972045,101019064.11424106,91202773.97105806,126926011.07574482,72333025.38557132,86569614.42678027,113552479.37948999,93761452.21907413,75929414.4900524,84956463.8904129,118295585.33964913,97734452.0806964,145277716.1763232,92422788.09017083,46193502.789896704,91187779.66938354,101845345.48159558,101909049.18330969,69077065.6232623,42471873.84063115,147645982.27878368,46353360.27544133,99914226.74177313,108189407.43646672,138673319.91250327
79248919.6643696,99663814.5676918,91034442.79739915,126926011.07574482,72330855.7342402,86569614.42678027,113552479.37948999,93761452.21907413,75753704.94863406,84956463.8904129,117497516.82403521,97734452.0806964,145091295.7754869,91417242.1721195,46193502.789896704,90560977.88808252,100494630.81454779,101278050.55950296,68965841.52294302,42471873.84063115,147645982.27878368,46347526.550142735,99910986.27487132,107041276.06322189,138673319.91250327
78803188.24625735,98597780.48795556,91034442.79739915,126755229.71052775,72259850.01778135,86280974.65969758,113552479.37948999,93727376.10728064,74172740.86858271,84955993.4249389,117497516.82403521,97712706.38594157,144719797.04654488,91038277.42904265,46175508.573431514,89021083.46265978,100494630.81454779,100570136.1596449,68796977.98768653,42471873.84063115,147164546.789653,46345756.820128284,99910986.27487132,106517323.11746801,138354558.99543598
77231209.87790343,98597780.48795556,90894516.65466562,126672652.94769621,72254090.93841153,86156495.44170092,113548078.38026366,93477669.5664949,72229447.64511958,84955993.4249389,117497516.82403521,97123273.06034324,143654830.62728485,90276690.89859833,46135036.3011135,88042110.18957002,100494630.81454779,100570136.1596449,68796977.98768653,42439898.40763199,146436336.29845884,45991950.227209486,99818455.07663268,105534300.89236347,138354558.99543598
77190410.79004633,98494864.47594193,90830627.26277459,126114290.92907023,72195361.0797587,86156495.44170092,113068930.06183025,93172979.13070184,72208357.802923,84953095.64114498,117497516.82403521,96393636.96778607,142979791.31791043,88124528.00334908,46114928.07599939,88030831.75968862,99912338.8597847,100343210.5472574,68767076.6562845,42327659.292392746,146436336.29845884,45311149.16466583,98717803.74646774,104101057.39555764,138163335.17622107
77190410.79004633,98438454.84363833,88899000.34770992,126114290.92907023,72194872.84673023,86124714.94348612,112737353.47007364,92820314.62995031,72060839.86934835,82587208.4267459,117472001.59864223,96393636.96778607,141324110.814113,88106415.97364995,46097363.35180553,87392854.64192316,98894336.99037853,100321867.14161208,68755235.20256111,42315431.24605315,145853895.7341809,44979947.777278505,97954061.53822067,104046675.5382047,138163335.17622107
77170069.25050642,98305054.92019513,88899000.34770992,125636049.21251503,69644970.22118208,86009249.04967742,112566718.9905548,92465749.45846047,72060839.86934835,81682277.88674663,112079183.85026635,95467078.21980195,140497736.09277484,87729595.49315402,46092946.13106503,86824971.3798154,98687660.46875884,100321867.14161208,68585266.36075923,42269704.6602093,145853895.7341809,44979947.777278505,97954061.53822067,100045510.21331763,136252390.33614546
76985514.01257055,98305054.92019513,88759036.28343458,125636049.21251503,69456806.52943285,85268411.14641045,112332815.34021813,88629160.99863334,72060839.86934835,81595591.84650367,112079183.85026635,94593852.25069264,140333925.27632442,87729595.49315402,46092946.13106503,85537257.79907714,96535654.53853789,100321867.14161208,68585266.36075923,42232431.79380977,144829519.8497648,43285541.08383742,97954061.53822067,99818279.61467706,136252390.33614546
75935129.7999191,98305054.92019513,88712932.03299592,124547273.65747389,69270086.78306043,84775275.29221454,112034401.79452941,88586936.62503895,70500307.810416,81344730.94125676,111986884.90399526,94177771.91471146,139630145.64593482,86836746.70754708,46081503.23036005,85187264.58185151,95720323.20253642,100321867.14161208,68566853.86058976,42232431.79380977,143737406.66083744,43285541.08383742,96243336.31903437,99818279.61467706,136027134.83014366
75888570.42223176,95843619.66253132,88460167.77046329,124547273.65747389,69229328.08257921,84728473.17170817,111890429.91569822,88074736.58300994,69504324.65209664,81344730.94125676,111940870.60387889,93308261.23451541,137847447.2526413,86711670.46532157,46077941.08015218,84189421.72893794,95617462.52009258,100308881.61153397,68372770.05502321,42232431.79380977,141812716.02760324,42611266.64679346,95566689.26013793,99818279.61467706,132091382.27654596
75811703.09795882,95762499.60354519,88196728.98758483,124547273.65747389,69175642.3031112,84142655.83180559,110542262.90246952,86626812.14832956,68838981.05330709,80849566.25255375,111940870.60387889,93279374.15146226,137847447.2526413,86659700.35980086,45540860.61430914,84104532.43846339,95445265.11431701,98544384.07961065,68372770.05502321,42195277.27037357,141618882.33022445,42611266.64679346,95298248.06374593,99637179.10049167,132091382.27654596
73900571.6210312,95762499.60354519,87487483.31980085,124476641.38501489,69172955.23358603,83876987.93223266,110335011.98772797,86530209.20889935,68651188.83055224,79997859.0861852,111938213.44992898,93214655.33117077,133322204.80586639,86632985.95882405,45319737.08480973,83861193.69263248,94706908.41586721,97447796.90467381,68314611.21426678,42167265.92698773,140635372.71306953,42511443.47653364,92555658.08387199,99637179.10049167,132091382.27654596
73213003.23841111,94989274.91438968,87414408.31160575,123748473.8291726,69075617.78754593,79910088.53214803,109363674.62162729,85310593.41463166,68549504.39592433,78057348.20202833,111938213.44992898,90383696.02254185,133288605.87250212,85603113.46368675,43866721.6082195,83448205.77128743,93898043.00230856,97447796.90467381,68284372.72477992,42167265.92698773,140237302.18446937,42511443.47653364,91711209.49528788,99637179.10049167,132050017.59785938
72905159.88975787,94432784.44925465,84746826.77407064,122050162.24412945,65312173.96901345,79910088.53214803,108898326.06850739,85025817.5462766,68538986.81962347,78057348.20202833,111938213.44992898,90045277.87044919,133288605.87250212,84942438.74638538,43737320.0895457,82948893.49769628,93478168.79293329,97447796.90467381,68284372.72477992,41300585.47378081,139088021.5674855,42511443.47653364,91711209.49528788,99637179.10049167,131965159.58932911
72890981.64484161,94432784.44925465,84708957.9013857,121336613.62571311,65312173.96901345,79720005.43090333,108117702.10643706,84353412.71066709,68461479.0260877,77979568.12570283,111934233.09383526,90045277.87044919,130805254.91249438,82885616.33697885,43737320.0895457,81290192.76075463,90705023.63190633,97135627.99200158,68284372.72477992,41282418.81041649,138974148.53913283,42511443.47653364,91438182.62483732,97834142.1548119,131881182.16224603
71395872.62895088,94006785.28922333,84708957.9013857,120403475.47419146,65312173.96901345,79634965.46924885,108083816.03434545,82453200.56652816,68084423.73391393,77979568.12570283,109146693.52847865,90045277.87044919,130119461.98806247,82662328.64158827,42207648.58133144,81268369.20036751,90705023.63190633,96897220.75939429,68284372.72477992,41282418.81041649,138891610.71609125,42461035.283293135,90770142.34662007,96387463.68529059,131777302.07946603
71395872.62895088,94006785.28922333,84695293.99920587,116106061.6023998,64748782.580886096,79634965.46924885,108083816.03434545,82388669.0879596,66965256.58662462,77576213.35919894,109146693.52847865,89681673.01148982,130119461.98806247,81546277.07792139,41563958.40360225,80221787.14117126,90705023.63190633,96459862.99468696,66524690.28066704,41282418.81041649,136834281.900264,40509049.07403664,90432051.65472695,94841758.97469105,131777302.07946603
71350599.20215484,94006785.28922333,84600561.15992738,116094123.51408698,64748782.580886096,79634965.46924885,105474730.16283546,82376460.2019286,66822193.27684975,76773961.28860936,108972017.2275906,89209892.5509023,129355256.77918176,78663493.36770082,41563958.40360225,79457145.31741102,90705023.63190633,96273935.58788182,65600777.327528544,41271474.946925595,134884968.87565517,40186393.912403435,90322748.33212851,94841758.97469105,131182784.37363644
70505380.67618471,93610431.94455762,84600561.15992738,116094123.51408698,64578138.14183316,78633043.36425617,104832071.90132871,81620532.33231176,66750155.1476762,76554766.39703095,108439799.04491243,88530791.44505931,129222052.37957439,78611945.2772604,41563958.40360225,79042603.07554883,87860664.19866265,94548262.17113377,65555318.08529277,41267885.40072522,134884968.87565517,40186393.912403435,90283598.70888068,94841758.97469105,130138313.81185165
69847756.8380957,92812096.62807786,84600561.15992738,115928983.6861806,64578138.14183316,78633043.36425617,104832071.90132871,80949154.07935248,66750155.1476762,76511162.97486213,108157084.165644,88045746.84832293,128626930.07248324,78611945.2772604,41548773.05000068,79042603.07554883,87762911.90360521,94127852.29871742,65555318.08529277,39784760.64262505,134494199.28585523,40186393.912403435,90185155.13599497,94663276.9506795,127721087.28516696
69847756.8380957,92435034.565696,84279794.16424425,115851730.53271614,64578138.14183316,78492043.72488488,104780709.42248015,80841633.73040019,65999660.3573842,76103271.66050379,108089862.28660916,88045746.84832293,127497686.07252143,78611945.2772604,41548773.05000068,78847305.46737233,87621054.8197392,94078756.93303914,65555318.08529277,39047458.98973453,134494199.28585523,40164304.99222724,90107006.30456926,94487754.2883102,127009064.11705758
68403671.35847867,92313262.27306668,81130822.38240433,115833251.45536032,64086537.7738576,78467898.0420924,103477753.39582708,80731428.89070955,65962623.101219535,76029296.5336567,107543191.76618622,87912483.19122374,127133763.20140529,75947649.18684395,41548773.05000068,78586168.97967128,87584577.72689934,93657259.04698397,65546621.63343405,39010994.899484,131829068.07385398,40138131.65820987,90107006.30456926,94327247.63023627,126758834.05219862
68239669.34267558,91908870.10168494,81130822.38240433,115096915.59561981,63156774.26762705,78215523.74160343,102730735.78937504,80731428.89070955,65962623.101219535,75838650.482192,107318687.91907091,87912483.19122374,127133763.20140529,75706650.27462412,41544456.508465774,78586168.97967128,87162532.49971403,92228757.68080984,65507380.19250905,38322799.58650441,131811278.21697956,40121887.87373881,90107006.30456926,93862432.39618859,126462881.99357946
67938742.60058925,91367593.7705517,80970825.61398287,114824738.43995951,62697854.62005497,78189970.29668754,102610881.70694022,80271572.90366611,65944873.46093506,75838650.482192,107318687.91907091,84809235.57633963,126988055.20681764,75486191.99724245,41544456.508465774,78513307.01298977,87084720.15885463,91647066.53315274,64951871.78881143,38322799.58650441,130760656.91418219,40121887.87373881,90107006.30456926,93623233.25959323,125894484.90795392
67935131.3009653,90556437.42362338,80970825.61398287,114550920.27080873,62695285.266799726,76885722.2897603,102473082.54689027,79410150.05131812,61338146.68157904,75698119.62721436,107265895.30731244,84809235.57633963,126988055.20681764,75486191.99724245,41536864.54779747,76482999.1373306,87084720.15885463,89851333.46826448,64951871.78881143,38322799.58650441,130142627.34004322,37657181.26353455,89528797.66809143,91954956.82563923,124856366.77628106
67391989.4648465,89336005.54044752,80871582.22616494,113472995.13126574,61343541.92138692,76334151.44933267,101668803.2415747,77989998.21032009,61338146.68157904,75698119.62721436,106253797.58518796,84728473.93183737,126619395.31596914,74897949.002987,40506184.151995756,75775360.42854442,85042482.516959,89851333.46826448,64112713.22495521,38322799.58650441,129857474.05727352,37624279.18240476,88825152.27084988,90574981.24820118,122954878.74142806
66469107.85492396,86275043.4018551,80639439.76907405,112833636.80019352,61278738.385855444,76211191.92462476,101572917.4377592,76403940.87354015,61325640.322705366,75698119.62721436,104546328.15526684,84695097.71177259,126619395.31596914,74897949.002987,40054045.21636497,75475330.61468285,85004115.6279729,88218592.06151792,64112713.22495521,38277982.979274794,129841724.54236788,37600653.43710463,87046097.03123534,89303558.16343452,122856851.02758774
66383142.8069958,85975727.8501983,80639439.76907405,111692637.8071526,61278738.385855444,76201716.7827201,101325876.22977477,76403940.87354015,61325640.322705366,75666671.33914685,104519762.61956123,83322374.41791165,125259525.57928528,74110542.22459297,40054045.21636497,75085790.56679536,85004115.6279729,88189956.11498444,63321784.89025948,38277982.979274794,127731509.11903074,37504449.69307204,85848652.86780006,88924610.7153042,121620375.97512685
66329610.21821638,85873462.85669234,80477115.66797598,111692637.8071526,61272686.53851318,76201716.7827201,100192265.37173475,76403940.87354015,61325640.322705366,75664258.00284092,104384571.96976916,82887755.4755398,124576924.00551893,73341114.01166224,40054045.21636497,73767303.37568948,84992508.98721959,88152068.39648196,63078042.827779785,38133409.55920234,125840216.32132228,37504449.69307204,85848652.86780006,86417074.85993248,121356928.75800113
63529262.932723135,85873462.85669234,79999202.25365613,111692637.8071526,61272686.53851318,76201716.7827201,99496987.6444878,76403940.87354015,61325640.322705366,75656692.3957693,104046581.943409,81825364.8236043,123218643.06833948,72996782.39920034,39867204.67887562,73583357.39720681,84986962.35041806,88152068.39648196,63068228.52088244,37909001.82771792,125764371.80526152,37497296.361861244,85848652.86780006,85892938.96316785,121183466.87065145
63529262.932723135,84698673.0504236,79071580.53095482,111584398.13981758,61238016.28498399,75674886.25746207,99424872.02285385,76403940.87354015,61325640.322705366,72932549.02021468,103812254.23436894,81569277.25192723,121867527.16346927,72996782.39920034,39783768.64424294,73424927.29631646,84963799.24955638,88118215.43644531,63068228.52088244,37902950.429618716,125764371.80526152,37096597.52696478,85216632.01943712,85387719.93698154,121072394.62429394
63526852.56100852,84698673.0504236,78892585.39368102,111315400.76128313,61238016.28498399,75432892.93242249,99369451.86943495,76350524.44073026,61154720.805466466,72659868.93928394,103745954.79850243,81537326.5337482,120653852.78297074,72877643.00090337,39783768.64424294,73244447.65123414,84907905.7675513,88101363.80965723,62270045.95024152,37902950.429618716,125149889.73684064,36353834.91425366,83517846.71516332,85098217.08880056,120831490.69007228
63344546.04298922,84634792.37769677,78811227.57570674,110278125.7731242,57992298.769273765,75387724.53612949,99211319.15116079,76127011.04508528,60894026.368318364,72659868.93928394,103661466.1715676,80446782.78653188,120653852.78297074,72277093.04087114,39783768.64424294,73159518.5333227,84907905.7675513,88101363.80965723,62183411.3752107,37828068.11109042,120062935.0513039,36183519.91421655,83517846.71516332,85098217.08880056,120831490.69007228
63344546.04298922,84634792.37769677,78642573.77790378,109439716.83625974,57992298.769273765,74497672.98201111,99053280.46663477,75806440.27599357,60894026.368318364,72659868.93928394,103269856.11881486,80376958.15406002,120542580.52971268,72277093.04087114,39739255.378731355,73159518.5333227,84907905.7675513,88101363.80965723,62179291.46743195,37805249.50389669,120062935.0513039,36183519.91421655,82783017.19514251,84599180.37276366,120712783.06033851
62725802.626503706,84634792.37769677,78642573.77790378,108981779.70348288,57992298.769273765,73114374.43695982,97450860.03804259,74706197.15589017,60894026.368318364,72659868.93928394,102372742.83447318,80158604.51863407,120542580.52971268,71645413.00982328,39739255.378731355,73159518.5333227,84735989.19491322,87364919.13818309,62179291.46743195,37805249.50389669,120062935.0513039,36153575.12670955,82046757.4645838,84599180.37276366,120712783.06033851
61507581.85641983,84592092.7117423,78626444.55150102,108018407.6019285,57992298.769273765,72621710.94270895,96759766.69094019,74655673.74313268,60812674.48197546,72659868.93928394,102372742.83447318,79454089.38422164,120542580.52971268,70762742.89856593,39718101.47164055,73159518.5333227,83383234.60500567,87364919.13818309,62179291.46743195,37751074.62762341,120014178.35207048,36153575.12670955,82046757.4645838,84599180.37276366,120639679.05514209
61408116.785539635,84592092.7117423,78626444.55150102,106172191.87126338,57992298.769273765,71935248.48009637,96341483.05694157,74655673.74313268,60669013.548091896,72659868.93928394,102201682.30303824,79255628.63870297,118313623.03522715,69843428.00003351,39615335.23423445,70790383.26022626,83107301.63341169,86438761.9281914,62007938.9506899,37724112.302218474,120014178.35207048,36123256.39175519,81902009.69056532,84448446.20643057,119814671.87229744
61408116.785539635,84573518.67884311,77847106.34780326,106172191.87126338,57980295.40361936,71738683.34982263,96198538.00412506,74073125.22613022,60654659.599011615,72566882.34953032,102172737.22193505,79153595.21371801,117562232.18493295,69775580.27197403,38971678.08499008,69580369.6929966,83041914.14947578,86313066.77286743,61794466.50863551,37209702.767428316,119998068.94179289,36017546.166337855,81902009.69056532,84283301.72843428,117558482.91874005
61408116.785539635,84535308.3468553,77002518.4029754,106172191.87126338,57980295.40361936,71738683.34982263,96198538.00412506,73036705.53063542,60654659.599011615,71871211.81963868,102043940.17985307,78313667.73853754,117562232.18493295,69775580.27197403,38928262.903559126,69391250.16758013,83041914.14947578,86313066.77286743,59916338.47058009,36002496.91061233,119829224.78523695,35688251.89995167,81545102.09156822,84283301.72843428,117321206.98632629
61408116.785539635,82683606.02581646,76808982.4021101,104320107.89515595,57904130.12801089,71738683.34982263,92754341.65535198,72313080.99354564,60126131.11898987,71599882.42488933,100891833.01276937,77999974.34004448,117415724.34895287,69769328.03912504,38928262.903559126,69391250.16758013,82441311.37083046,82734889.06019236,59887093.82974335,35939510.6657333,118576605.90717089,35141879.2760821,81545102.09156822,84116778.90912904,117321206.98632629
61317449.808744386,82683606.02581646,76501687.34290703,103902645.72889188,57904130.12801089,71713647.42020892,92617868.647231,72099257.47443123,59558910.656086236,71071650.65315339,99726351.475429,77890661.64333928,117134794.84230398,67128153.16057135,38417985.53657685,67956007.17067105,77320483.49726874,81881869.00357562,57238384.2150116,35913699.682396434,118576605.90717089,35134259.02491889,81384169.62144165,80840360.7836003,117249409.51543917
61264879.44322255,82632549.19519962,76501687.34290703,103902645.72889188,57577853.05269903,71631388.12147251,92617868.647231,72099257.47443123,59524902.23047,70605395.59410359,99726351.475429,77890661.64333928,116591916.91117065,67128153.16057135,38282363.91841106,67244408.19488712,77235419.1091008,81841043.52953303,57175148.926368326,35913699.682396434,118399899.78129725,35123583.93965505,81072846.26761778,80691267.68675128,116942368.59070268
61264879.44322255,82583472.20077354,76269179.83425604,103902645.72889188,57494136.02184613,71187766.13198228,92497713.85024343,71893398.37094814,59372033.05092426,70605395.59410359,98044755.4114218,76793282.83402972,114570583.17255422,67034127.88799143,37010137.49434637,66291358.994001046,77235419.1091008,81837572.18376285,57175148.926368326,35913699.682396434,118399899.78129725,35123583.93965505,80795952.50718726,80496346.63039535,116403207.8925495
60771598.73677916,82404005.10572678,75124585.5667038,103180078.39569174,57494136.02184613,70732590.41985887,92208911.45874079,70843976.32459614,59279097.19726472,69574387.57026392,96798468.66720787,76513137.20609422,114570583.17255422,67034127.88799143,36878767.390730314,66285529.16820776,77188757.07103567,81742896.91626535,57138717.27595036,35913699.682396434,117992944.44322915,35100090.59452329,80220460.26270713,80237510.61686729,116007639.04166135
60336503.47242034,82295029.34641393,74969177.81577373,102887534.64890805,57481946.88097811,70624190.59661539,92208911.45874079,69861380.43546928,59274034.01740067,69488837.9822885,96798468.66720787,75926536.64370543,114487337.68123193,67031692.22176704,36878767.390730314,66186226.68583464,77138273.77272345,81465043.02147722,57042675.3700919,35895279.78008859,117027805.70175055,35100090.59452329,79989840.63552456,76206339.204759,115660948.90226144
58597513.04465418,82295029.34641393,74668782.70583005,102887534.64890805,57481946.88097811,70055595.36741821,91657916.17764103,69606304.75120132,59193874.86871621,68807407.58233301,96745629.73753256,75400581.03612806,114487337.68123193,66991896.241684824,36832302.092542425,66186226.68583464,77138273.77272345,81374388.92526902,56918080.27123339,35413364.9204309,113787125.78961478,35081967.75836701,79989840.63552456,76101306.33339942,114295308.60411683
58597513.04465418,78879070.62289001,74668782.70583005,102234149.29349099,57467984.29218273,68698716.17566559,91657916.17764103,69569980.26756246,59113529.60219554,68605720.74674384,96745629.73753256,75158715.06857426,114283605.85962744,66890623.393861085,36812652.25785168,65728617.29842123,77136732.75027858,81111333.32329106,56552732.81482892,35300518.00103896,113787125.78961478,34817141.83014429,79989840.63552456,76101306.33339942,114295308.60411683
58445336.326789826,78879070.62289001,74668782.70583005,100866969.23966385,55754069.12944438,68561399.88419311,91451453.6324906,68403747.37584311,55883992.07307582,67909271.63995254,94481799.26054035,75158715.06857426,113665446.79079561,66826181.08765621,36566519.30746115,64302188.278575934,76613734.53186484,80297074.93161279,56236721.386223294,35289238.83042671,113484634.10364881,34762485.308151856,79800422.71201971,76101306.33339942,113522926.15181898
58445336.326789826,78763491.21836154,74668782.70583005,100457890.40726922,55679882.20334212,68561399.88419311,91067418.898466,68236943.64332701,55839205.20642313,67156572.39807929,93636766.62666029,71251295.34997252,113469876.51172785,66826181.08765621,36566519.30746115,63473238.59836784,76613734.53186484,80097806.42308755,56236721.386223294,35183136.21649574,113148114.53133257,34439442.83513357,79702266.71145037,76101306.33339942,113522926.15181898
58317598.24956674,78763491.21836154,74668782.70583005,99412109.82223144,55459080.41280058,68561399.88419311,90953884.80248326,67940343.84510846,55448345.52299356,67120426.64467117,93636766.62666029,71251295.34997252,113420933.28102787,66818428.26392947,36555224.995327175,63449371.92934108,76613734.53186484,79646285.3205515,56129545.859734476,35183136.21649574,113018513.5385534,33931697.62966063,79378659.81905746,75964106.51773857,113522926.15181898
58118926.44473242,77693484.07475168,74507889.76865487,99412109.82223144,55459080.41280058,68561399.88419311,90890065.58411671,66738368.59890037,54986931.729487054,66918213.41131476,93636766.62666029,71251295.34997252,111426785.936811,66379589.88308797,36555224.995327175,62860312.55461524,76383774.08412066,79360115.84846705,53563393.78226796,34823323.35775577,113016553.38890499,33864139.0659238,78900899.1982359,75954329.3259797,111409205.87308472
57715358.658623636,77693484.07475168,73898431.49548216,99412109.82223144,55396885.26513473,68138870.88402823,90890065.58411671,64086024.72756734,54767171.67717807,66649342.53342365,93599870.58589907,71237665.66833909,110024780.55857892,66263292.99931138,36433438.27244492,60782906.38985926,76383774.08412066,78182095.95402406,53563393.78226796,34401359.07550404,112999241.49171528,33771747.09326036,77937695.68190165,75939115.18701816,111153618.79549916
57259697.24156158,77693484.07475168,73832804.3227336,99056720.8949698,55241075.50058103,67693139.54646595,90679602.16883028,64057927.634221755,54767171.67717807,66240610.88213528,93599870.58589907,71164876.26004925,109820871.85228375,64848078.61618253,36377608.22368256,60782906.38985926,76054006.63378264,77899209.418741,53532337.27034382,34270885.09366644,112040455.83147235,33314377.345318582,77840695.15380548,75939115.18701816,111153618.79549916
56837324.98243743,77487130.890749,73501956.04156072,98559582.46503541,55100558.13889569,67693139.54646595,89995461.40089957,63895501.3613639,54767171.67717807,66240610.88213528,93546095.32096268,71164876.26004925,109348627.33580376,64617901.75796701,36343536.81823175,60782906.38985926,75322726.29405881,77703572.95160449,53532337.27034382,34270885.09366644,110814546.07769819,33284018.372388296,77587664.18084514,75305059.02530204,111153618.79549916
55097958.10704664,77402795.04901513,73218666.65766387,96566672.87651767,55100558.13889569,67693139.54646595,89872798.81791121,63895501.3613639,54767171.67717807,66046014.91630768,93354534.46160872,69626037.04684407,108554242.6248229,64396375.71626289,36343536.81823175,60481839.49319454,75103187.25686143,77309789.63604122,53532337.27034382,33711256.59295721,110452303.53777352,33284018.372388296,77423473.53058013,75157515.81933512,109273485.98557417
52928912.8732686,77385626.51847146,73158683.33260423,96441613.95489481,55087875.93717106,64413695.71211727,88804608.22369727,63895501.3613639,54755838.55833614,65978683.98283729,92264459.4480188,69492037.02223553,108554242.6248229,64396375.71626289,35739203.258007035,60481839.49319454,74979829.36332439,76432630.35674436,53532337.27034382,33421448.81054019,109982677.91925606,33284018.372388296,77423473.53058013,74808347.8268284,109115371.04272589
52928912.8732686,76060188.41856918,73061261.53799346,96441613.95489481,54428620.7359309,63899546.1082913,87658847.5647124,62885257.98935173,54491707.508391015,65802403.114828296,91541223.24468829,69492037.02223553,105832707.14881049,64245086.25858842,35359840.17039952,60481839.49319454,74272001.65028007,76316435.70368281,53532337.27034382,33359910.580379035,109700402.48410456,33284018.372388296,77337077.30543447,74455702.57247397,109115371.04272589
52300475.92837733,75791233.38291702,73053217.26756099,96015754.11449644,54249637.23177014,63806994.37971869,87236929.54535495,62640865.96010936,54479015.66486248,65637982.98687417,90825564.45030035,69492037.02223553,105832707.14881049,63512400.24856406,35248055.38877917,60243859.744809225,74266677.63307394,76253425.86963873,52412840.498053625,33105381.765223347,109197676.1649237,33284018.372388296,77337077.30543447,74014790.53881326,109115371.04272589
52300475.92837733,75536422.53567077,72984467.37631418,96015754.11449644,54213339.12136189,63806994.37971869,87232402.30016188,62640865.96010936,54236843.78235134,65226386.27405904,90825564.45030035,69446297.28808422,105343506.18194146,63270670.32274353,34972564.322931446,59951405.76535538,74230523.45257185,76253425.86963873,52168845.142156936,31936059.131457575,108969106.60949256,33247196.92635996,77182940.25992738,72287402.39131196,109115371.04272589
52116678.90241208,74357211.80567428,71555098.76872869,95974082.06734262,54213339.12136189,63637939.580135256,86569429.99037932,61091808.5023491,54236843.78235134,64772398.98628105,90259817.10386463,69357391.9460897,105343506.18194146,63270670.32274353,34917320.983262345,59861751.90907601,73890996.05852135,71290594.4133189,49029140.28824359,31433145.60004857,107427508.06614394,33236332.335117877,76538219.50025082,72278524.21564685,109074769.79244341
52112114.60472652,71089597.95260257,71106568.59504914,95799023.07765718,53125509.77006476,63627850.6106114,84449058.51309454,61068122.60525097,54236843.78235134,64713437.73004675,90259817.10386463,69357391.9460897,105210653.49333146,63270670.32274353,34917320.983262345,57313870.745204926,71941320.03633523,71180189.50817092,49029140.28824359,31390373.05438024,106659686.99823785,32459276.486589666,75417267.41933443,71775307.42430127,107157748.08059658
52112114.60472652,71089597.95260257,71106568.59504914,95692288.02532908,52996996.3903466,63627850.6106114,84449058.51309454,60907853.79125189,54236843.78235134,63572645.94099272,90012556.44409442,69171365.0784172,104875112.34626512,63270670.32274353,34917320.983262345,57313870.745204926,71244422.06681578,71164471.46353787,48912235.241636656,31364179.968344264,106659686.99823785,32219645.45861694,74258410.79838082,71775307.42430127,106542193.8969322
52081762.584929936,70282194.12595451,71106568.59504914,95640458.04084618,52978552.12800524,63627850.6106114,84309495.29674573,60907853.79125189,54113024.92980538,63251036.514178745,89968867.56469828,67588092.82989956,104518890.07675938,63245718.39821741,32249665.059289817,57200740.59176701,71244422.06681578,71164471.46353787,48912235.241636656,31308879.05319571,106177712.04250379,32055316.72583659,74184232.26225111,71775307.42430127,106542193.8969322
51916221.14460669,70250667.23213083,70996358.74234594,94627099.63158685,52978552.12800524,63511595.82965755,84039845.30587557,60890791.52201517,52692983.38873767,63215002.49353561,89968867.56469828,66767950.300678685,104518890.07675938,63213016.69136275,32249665.059289817,57114248.53137265,71244422.06681578,70566822.84967245,47661452.01226076,31308879.05319571,103880211.18351835,32022738.5081453,73395066.76917316,71759099.74557838,106434402.45596163
51742739.256851785,70144637.04484743,70341322.63970657,94081953.01028468,52700320.50425989,63511595.82965755,84039845.30587557,60890791.52201517,52500854.89668177,63192872.97260565,89910533.08132383,66767950.300678685,103813982.35603829,62101802.9061573,32249665.059289817,57065880.31097273,71244422.06681578,70324978.95792009,47489386.208879575,31308879.05319571,102493911.877384,31985100.34657248,73395066.76917316,71759099.74557838,106305165.1872845
51654848.002338365,70144637.04484743,70199089.59910683,94081953.01028468,52547384.85495233,63511595.82965755,83634248.99005482,60168897.693728685,52500854.89668177,62896178.69495599,89129891.20180571,66516869.782319434,103456860.59092551,62090788.97933389,32205633.728314273,56934355.84516596,70527599.13677527,70324978.95792009,47489386.208879575,31230581.670657005,102424524.30493365,31657237.80563951,73093564.90924744,71705075.10569412,105918333.93342146
51403078.83588817,70099064.49744411,69739554.1384604,93993458.5997672,52547384.85495233,63511595.82965755,81809800.51422964,59636723.70688385,52102722.55310896,62708526.74212828,88697993.77789882,65767586.86156052,103260945.41065912,61293600.19536442,32115098.558846325,56738345.22040515,70527599.13677527,70098686.01672255,47489386.208879575,31183466.910597153,102106341.04444778,31657237.80563951,73093564.90924744,71535527.42311952,104717229.77085277
51403078.83588817,70099064.49744411,69714886.2766036,93983722.48761846,52547384.85495233,63484603.553611055,81809800.51422964,57356025.52640352,51944265.0641436,62638877.40176645,87313876.73450032,65722407.74641674,102664294.94767879,59701473.98145613,32114608.41621521,56738345.22040515,70429903.15033318,70098686.01672255,47489386.208879575,31170144.390175864,101915000.6933502,31657237.80563951,73093564.90924744,71535527.42311952,104536915.97565499
51403078.83588817,70081609.01486343,69133640.80423965,92684129.4736435,52493466.82335221,63479245.3056912,81790705.84536111,57356025.52640352,51764104.14324967,62444163.661841184,87032469.3996704,65649345.38167255,102180968.33052595,59074051.776466034,32097403.508212246,56738345.22040515,70233952.11137733,69868867.21740305,47489386.208879575,31138564.84551947,99047986.19659774,31657237.80563951,73093564.90924744,69959279.98910017,104282034.1230595
51323965.541573934,66172024.511025615,66760311.22906968,92355531.29928677,52408129.4585975,63476169.66664671,81777230.46784255,56915411.974428415,51503786.211192876,62050671.89910562,86978085.54940596,65395372.28555194,100891391.89725323,58494855.123882085,32097403.508212246,56431362.71760145,70233952.11137733,69765952.95702845,47398228.50141446,31127911.151364982,98212360.30249514,30770667.8875072,72761794.04948841,69519346.75341772,103305414.37426402
50339243.688585594,64250348.388912484,66406829.838850476,92355531.29928677,50239432.91864364,62866841.99164551,81538655.87391701,56574260.42816478,51209779.142259195,61931148.41705467,86310848.79497917,65191488.47616517,99877329.02590585,58489598.96008371,32097403.508212246,55883302.67916306,69549240.02761579,69475942.94902655,47383474.82957918,31015372.141886763,97138281.09503931,30745238.608214207,72761794.04948841,69519346.75341772,102674118.33067708
50262948.8995574,64199084.718280666,64966996.03108228,92355531.29928677,50239432.91864364,62721374.89781078,81360565.31059223,56350076.83496633,51209779.142259195,61909783.949173294,85406624.09198952,64760544.479938164,99877329.02590585,58489598.96008371,32097403.508212246,55370936.70255404,69541455.00531705,68611277.983097,47276227.80105246,31015372.141886763,97138281.09503931,30713266.755592022,72714199.59083837,69514155.6675166,102674118.33067708
50262948.8995574,64186150.40517281,64824519.36018589,92096768.35263048,50195086.757401824,62371458.526880264,80529523.38575405,56350076.83496633,50497276.57154973,61334792.6540084,85406624.09198952,63978133.60381883,99828992.6215825,58430653.88096248,32097403.508212246,55309849.682305135,69344645.65274012,68611277.983097,46227494.55784336,31011885.374003492,97138281.09503931,30650871.796780765,72307900.58709867,68968331.70256008,102644249.22996233
49466100.89244638,64167468.159305125,64814208.2182773,91172982.37610936,50153214.870393485,61458793.01722568,80529523.38575405,56074303.62280956,50047154.03119488,61011365.91490511,83463919.0392709,63701153.919392526,99279439.7168613,58204647.12357218,31867480.772783816,55098995.4824122,69083358.22206432,68611277.983097,46138927.49902705,30958086.633529313,96889988.39365484,30587273.94400366,72307900.58709867,68919764.45960298,102644249.22996233
49085667.38897514,64142952.489393026,64714928.07577514,90431226.27512181,50143283.57658306,60721328.2494172,80529523.38575405,55469000.00099336,49805781.27016947,58946844.34981038,83463919.0392709,63701153.919392526,99279439.7168613,58202528.4017741,31852176.868542425,55098995.4824122,69027593.0917013,68453908.53850502,46138927.49902705,30900752.088622246,95355532.1037014,30580413.948187437,70673964.0830797,68819076.42173299,102424359.52696085
49085667.38897514,64077841.70768785,64670824.37690385,89787919.18416514,50143283.57658306,60721328.2494172,80492622.19265036,55469000.00099336,49527723.02155984,57952941.02243542,83463919.0392709,62942760.865611,99203210.98485616,57293322.980994195,31843741.45411337,55008358.6500627,68225365.48680209,67467849.44676389,46138927.49902705,30771191.42993246,95290125.74448073,30572305.274354674,70673964.0830797,68808216.02774023,102421419.11233582
49077371.517862715,64077841.70768785,64608191.61340891,89548753.36810897,50143283.57658306,60721328.2494172,79909165.616534,55051119.56784311,49488093.67907052,57952941.02243542,83463919.0392709,62246136.371660955,99128919.55540681,57012703.050185755,31843741.45411337,54938184.08192366,67194066.37129161,67415908.5951397,46029511.75748871,30771191.42993246,95083662.66914736,30561809.98080402,70669541.14602472,68808216.02774023,101531092.97145072
48888688.46030591,64041392.85677899,63730845.10315229,89197486.02350593,50137680.86024746,60692720.9446952,79283945.14148103,54831198.74939883,49400815.87254568,56768560.95724908,83116608.28355649,61946154.70216973,99059920.71490529,57012703.050185755,31840402.038420513,54893952.607228,66230675.77111257,66871484.21945443,46029511.75748871,30747107.260032903,94388120.23264806,30508278.129698567,70484238.92160067,68702696.34531307,100705979.3319179
48888688.46030591,64016347.10363205,63730845.10315229,88966253.00733085,49942489.25008741,60671007.01896811,79283945.14148103,54718873.67754619,48584869.35184298,56768560.95724908,83008639.72949226,61817735.186889105,98498986.60894342,56987984.45163147,30180569.336937163,53711206.055447094,66053326.11311231,66838649.68900125,45773846.63861773,30747107.260032903,94193586.92335388,30276265.67232441,70322779.86909355,68702696.34531307,100294073.82845016
48380054.56115278,63852404.80697084,63472733.86723602,88651330.18048964,49942489.25008741,60652777.03200167,78096775.51694739,52885788.28468913,48148485.31122792,56347561.45626359,82573331.1072328,61364991.33895818,98408642.15295303,56302618.0683179,29887029.154786877,52368369.53690889,65725710.71253136,66700390.09102986,45319346.06329913,30719994.457105264,94193586.92335388,30276265.67232441,70040975.33899695,68646759.95994864,99810806.56704633
48082438.2028821,63795619.345402785,63472733.86723602,87882040.08527483,49942489.25008741,60597110.29509378,78096775.51694739,52824721.03904151,48148485.31122792,56253738.43815676,82573331.1072328,61291052.64298229,98405016.44287057,55938313.131166995,29885349.65837112,52368369.53690889,65686170.40272718,65093934.5273246,45071458.481284626,30702574.218593884,93377385.1611776,30163717.89698307,69960924.9973984,68097815.73189451,99578645.52143154
47978331.307526335,63795619.345402785,63119731.01100124,87731346.03564857,48833709.68064886,60435832.728167295,78049536.32593097,52480953.7157871,47834190.06093029,56253738.43815676,81694181.65078393,61144498.77207888,97162121.29162803,55349548.84347894,29621651.646671608,52368369.53690889,65624047.194431335,63873395.09872041,44773098.0890253,30701639.704148635,93377385.1611776,30045850.904816166,69839861.93475959,67602847.25970973,99578645.52143154
47710558.45719114,63795619.345402785,62771259.90409415,87139842.76312181,48722828.596148044,60276343.012833886,78049536.32593097,51801892.45578258,47380172.52877971,56253738.43815676,81382174.44352874,58942483.82569646,97162121.29162803,55349548.84347894,29621651.646671608,52368369.53690889,65500161.56407074,63554370.4146976,44690023.76625595,30077500.158714645,92307424.42033938,30045850.904816166,69416718.98084743,67475691.9423436,98156043.79909287
47341929.705358155,63795619.345402785,62557363.61797057,86301295.10946053,48377439.530746,60148848.102159314,76817254.87073962,51585152.01498935,46416805.44430195,56014911.150805734,80502878.51592386,58811281.21245845,96798889.93701477,55171110.334520824,29541274.91180046,52340087.809551306,64764087.80972913,63554370.4146976,44690023.76625595,29890941.97631041,91891442.19428861,29941484.19103893,68687563.60556994,67428689.88588965,97776870.743734
46669916.45760502,63306984.865286864,62310272.620939605,86254569.55748893,48069702.72477559,59732356.99555093,76131870.49255121,51323044.966586165,46351973.31552747,56014911.150805734,80405300.05089597,58684285.88623824,95701282.02310376,54969674.22442078,29541274.91180046,51804913.10570504,64467825.3901368,63554370.4146976,44634293.9404692,29882652.611736424,91891442.19428861,29915499.7479769,68450419.18322901,67428689.88588965,97735016.46585187
46272444.74472189,63306984.865286864,62310272.620939605,86118488.67162685,48065340.405805245,59409854.26023288,75917447.63865113,50844677.18654635,46233102.63019359,56014911.150805734,80124864.99909012,58604100.770951204,95253251.39120165,54384470.17049516,29541274.91180046,51722720.90357243,64467825.3901368,63554370.4146976,44514496.70822446,29876849.221051816,89218239.5444036,29871310.001622498,67887591.10277343,66683725.84431405,95771935.83154236
45942882.58450807,63167101.49754015,62310272.620939605,86118488.67162685,45843349.27702367,59409854.26023288,75652783.5668839,50844677.18654635,46156050.29869635,55799648.8498537,80124864.99909012,58561634.61979225,94733774.36865821,54350885.00686275,28739313.164101496,51663825.00778211,60287835.213077016,63534543.2568852,44514496.70822446,29876849.221051816,89075630.40744036,29612122.662372712,67887591.10277343,66314253.10080241,95771935.83154236
45732783.73146765,62763271.73981276,62230232.684587345,86118488.67162685,45843349.27702367,57419213.18124053,75600478.39813715,50610101.85906056,46156050.29869635,55695754.90664133,79545572.91026649,58384813.129496984,94478653.41544475,54044015.65202283,28454157.17374213,51663825.00778211,60287835.213077016,63534543.2568852,43554331.07655794,29846484.330828767,89075630.40744036,29204898.352489974,67765624.17113659,66092887.7983802,95402248.10925904
45708425.13315994,62763271.73981276,61903740.81610582,85884598.15188308,45818655.927368686,57409304.774602525,75600478.39813715,50480743.486976705,46156050.29869635,54079864.382072315,79212185.53695238,58186497.155599646,94478653.41544475,54044015.65202283,28367531.317998886,51635187.93966172,60287835.213077016,63337174.53223286,43130509.312101655,29806524.902241256,86561505.88285202,29156469.529734656,67689500.47819068,65379408.18471413,94625697.64906758
45600983.19093108,62360762.99884185,61595054.50436831,85565955.75681567,45713814.84141166,57379851.69753709,75417883.33598426,49114202.69383922,46156050.29869635,53510694.22600034,76329212.70283183,58116986.05203393,94457651.39149499,53938603.89997112,27601901.32014874,51618808.14550167,60287835.213077016,63096832.61082574,42420211.45178004,29767338.19672754,86561505.88285202,29150029.262928363,67603792.01657876,64952509.13521149,93102826.53516741
45600983.19093108,62027439.29417555,61023830.71192449,84947380.0173342,45713814.84141166,57315232.10499213,75299772.96474217,49078446.80871665,46086985.797320694,53510694.22600034,76329212.70283183,58066850.61316505,94163756.04032321,53354473.53696575,27548332.608343266,51405905.397972696,60171340.08002773,62828095.19683744,42319284.0406129,29642286.001646392,86548068.54075621,29150029.262928363,67504659.20445582,64952509.13521149,91176157.4815133
45600983.19093108,61730136.22281857,60814806.246935435,84126694.54340269,45702400.21862498,57315232.10499213,74769400.53084725,48041450.33917667,45792063.26968782,53510694.22600034,76329212.70283183,57948273.863610856,93895879.49011134,52488451.79911898,27532659.825279705,51405905.397972696,60171340.08002773,62455599.14047734,42319284.0406129,29615124.38974484,86400575.60962677,29044156.34272778,67494540.99752873,64837260.90842035,91176157.4815133
43619003.62123666,60389708.31702406,60747484.20336012,83797983.28811662,45702400.21862498,57315232.10499213,74199401.05096285,48041450.33917667,45485820.93701508,53394798.26326817,76329212.70283183,57833662.481072165,93536797.02994084,52349669.19424,27503469.37507712,51405905.397972696,60171340.08002773,62455599.14047734,41556079.723147385,29581688.05673947,86142185.95108657,28808091.227082796,66611911.344670914,64837260.90842035,91176157.4815133
43486065.9569691,60273214.931862116,60747484.20336012,83146120.24883588,45702400.21862498,57235266.633700974,74199401.05096285,47843911.55845441,45297888.266996734,53308031.716490485,76329212.70283183,57740813.631095685,90956748.35985285,52349669.19424,27471451.269066103,50600209.640745886,59752846.69690653,62440549.94752573,40479648.7125616,29574521.75597843,85422063.7814305,28726676.837763287,66046343.82206754,64837260.90842035,91153997.1585879
43391372.178195305,60072068.23710788,60155001.84707141,83146120.24883588,45479549.60691209,56929603.07590236,73731761.7736028,47758671.958904676,44866060.79567885,51493814.284683876,74896164.20772476,56018815.543836236,90956748.35985285,52349669.19424,27471451.269066103,50395584.11882783,59678381.55246779,61107039.80623989,40241454.69982455,29574521.75597843,85422063.7814305,28308683.477427676,65746962.29718454,64592772.876753934,91153997.1585879
43345731.14444399,59531864.17018429,60035398.55840483,83146120.24883588,45270842.95075764,56902895.030742906,73402315.81655988,47758671.958904676,44389867.329683475,51493814.284683876,74894297.12555596,55784968.75681925,90572286.11523539,49688099.99059219,27415382.02921104,50316776.85332173,59678381.55246779,61107039.80623989,40241454.69982455,29574521.75597843,84312087.59457217,28308683.477427676,65685165.576430865,64051353.002754524,90947842.1824489
43333149.63921511,59468674.26848328,59873923.6921334,82895762.25620462,45188900.97569586,56764798.309005804,72289259.26128547,47758671.958904676,44389867.329683475,51446062.50561984,74664410.14797446,55784968.75681925,90048221.79625216,49643150.01124325,27386808.390810147,50316776.85332173,59544639.80272993,61006179.58896385,39947601.60530929,29147704.646036558,83899925.56876868,28308683.477427676,65685165.576430865,63922304.45193204,90947842.1824489
43333149.63921511,59308034.295484394,59755654.21841728,82276028.21786001,44999802.9836524,56599116.84084622,72272506.9038497,47587381.313449286,43055959.26683669,51374917.28856258,74664410.14797446,55678849.291309305,90012362.05057621,49643150.01124325,27386808.390810147,50316776.85332173,59544639.80272993,61006179.58896385,39929168.80806499,28864132.939588137,83018490.91538969,28050228.64817439,65685165.576430865,63832873.52891308,90947842.1824489
43333149.63921511,59119262.795294374,59264646.31989716,82268630.44738342,44262664.80591481,55310093.088740125,70612171.43375707,47520498.92133737,43055959.26683669,51368915.162147865,74555274.15750565,55593324.10591965,89873234.47448014,49583231.70076571,27361357.98714725,50172061.976900704,59493124.83199284,60598543.5956192,39807984.30367709,28781903.322467715,83018490.91538969,28035354.915870998,65579842.09198606,63832873.52891308,90704537.97896203
43321971.12942101,59077506.6708429,59040078.12356542,80535755.29998979,44004305.961025454,55259876.77790529,70577972.51516679,47455105.61980797,42934204.77899142,50738579.702818684,74509790.26152432,55593324.10591965,89474087.74821536,49583231.70076571,27361357.98714725,49498706.11064015,59098624.98741942,60348556.87596803,39494089.691408165,28781903.322467715,83018490.91538969,27626253.786976602,65232267.237887986,63516060.454143435,90034960.9882051
43066586.10340939,57951154.668026626,59004973.50166819,80460441.26790059,44004305.961025454,55068685.849663764,70434571.10923465,47455105.61980797,42925603.19296227,50738579.702818684,74162852.50837108,54689901.72171819,89474087.74821536,48900337.38127831,27356672.392495215,49355155.60734108,58122797.41741993,60238090.824293636,39315054.774844006,28706344.012233764,82344742.47832696,27626253.786976602,65198620.93263711,63106791.773741394,90034960.9882051
42690569.32377889,57951154.668026626,58636636.25488302,80208627.81357439,44004305.961025454,54681886.59558601,70325051.35507098,47051642.948766746,42737187.63813493,50530037.46115139,74003105.24860735,54347824.05870923,88222261.58458968,48900337.38127831,27356672.392495215,49177388.710092604,58050196.764796086,60140781.14046821,38461455.81686697,28454492.987166066,82344742.47832696,27584355.050645776,65119603.50842781,62933708.012035936,89529186.66000265
42088279.57743026,57951154.668026626,58488706.62056454,80034115.84349747,43891425.01468302,54681886.59558601,70282813.55007857,46662154.87620502,42602708.48476324,50388889.91426741,73870095.76032104,54176008.14614021,87949545.8364148,48900337.38127831,27329259.52512258,49137033.859090716,57733810.98176975,60140781.14046821,37924108.43059139,28421534.157636765,81696281.32275957,27581053.122128177,64718096.05269913,62714846.60210952,89381181.16280335
41845980.6743814,56902376.648386285,58156012.125820205,79766955.02624087,43891425.01468302,54225110.00116089,70275187.73053962,46644288.05148958,42396261.42651365,49275230.383651756,73603210.45059389,53817926.77803741,87628651.94731313,48091274.58579057,26829046.916270107,49059045.92976964,57650243.34369257,59538535.111925654,37796553.27901194,28389102.205088656,81696281.32275957,27526759.246850017,64711403.92004103,61992195.589045234,89081717.68523058
41845980.6743814,56726071.06865704,58004836.59668724,79608256.3256121,43739295.29007946,54216921.12900274,70117607.32835059,46576377.09082013,42368201.71556819,49183298.60716764,73550220.02951492,53817926.77803741,86807818.53794393,48060995.82600525,26553726.1643605,48827698.05201452,57347181.41943568,58211312.70123834,37796553.27901194,28313656.82378745,80659887.25630009,27526759.246850017,63836583.461114,61230310.95129953,89081717.68523058
41429932.50440995,56540994.372784585,57466001.75733307,79389165.96539113,43711230.50842551,53963432.775440976,69819998.75609526,46344608.43445513,41204892.107010335,49183298.60716764,73349214.42105323,53697388.45314889,86726990.73957483,48060995.82600525,26405207.281584855,48525726.492901854,57012005.078016266,58041198.88454898,37796553.27901194,28313656.82378745,80659887.25630009,27513263.761267584,63643441.84868348,60899109.65402209,88851372.76998913
41429932.50440995,56529404.28209057,56961353.1669682,78197598.93834017,43563303.92267082,53919621.90934476,69559072.71543711,46205153.42732819,40993158.713416636,48842771.33743027,72000529.60377038,53619767.46656982,86726990.73957483,48060995.82600525,26387111.046570968,48008994.34241324,56886482.401320554,57817305.71481606,37793554.60364902,28313656.82378745,80099911.12511165,27088275.271573797,63642740.01694114,60858436.891147934,88851372.76998913
41262792.07306071,55289001.047632344,56678297.61508514,77673661.07268912,43224810.209785774,53919621.90934476,68757373.69913445,46205153.42732819,40968561.22076833,48555911.30340514,70365306.08952607,53529895.92993968,86232783.50143693,47994212.95725766,26387111.046570968,47925986.8450768,56571227.14471937,57706819.05999714,37666667.72277295,28313656.82378745,79826937.21982227,26973977.607984003,63079584.037267864,60570072.44389581,88851372.76998913
41079847.88245879,55289001.047632344,56380461.99458465,77410151.2095379,42818826.46648588,53919621.90934476,68301924.6644097,44171990.060475186,40277864.07076166,48372674.23479287,70288025.1797905,53432659.86000075,85810619.30900458,47845618.62173803,26387111.046570968,47925986.8450768,55559385.49266396,57706819.05999714,37395452.93176061,28292107.247250076,79694915.58019035,26941780.86399835,62972607.236600906,60224305.610209934,88774482.68600678
40908248.40970187,55289001.047632344,56380020.178439856,76613538.72492635,42352534.507916756,53692624.32165818,68301924.6644097,44171990.060475186,40069991.76323741,48335606.3544671,70224492.89456144,52706879.82614481,85532652.15683714,47845618.62173803,26255538.21638817,47808553.79959026,55006197.146206684,57706819.05999714,37268467.36883861,28177258.54666849,78231361.61343251,26940226.808899745,62972607.236600906,60190140.066858664,87825210.29036276
40829277.19174578,55238317.053191386,54745727.48776286,75952047.75986235,41794608.55428548,53255275.65876437,68284916.97242919,44171990.060475186,40069991.76323741,48250349.997017205,70224492.89456144,52494740.05782518,85157026.5996895,47058273.46715504,25937509.98627384,47743262.9730018,55006197.146206684,56585208.98258181,37244992.259285174,28027282.81307695,77987312.6362734,26940226.808899745,62972607.236600906,60013384.99112642,87739081.5388373
40422301.56226746,54358205.65515943,54681805.716843516,75737230.39312315,41794608.55428548,52907700.725705,68054253.22514127,43977848.7810439,39830062.97722617,48044876.288958184,70147623.76941945,52277933.83133381,85041392.08278,46856391.72036577,25795165.340432875,46354526.61844507,54805866.348477386,56585208.98258181,36818562.33821659,27959303.197839838,77264894.8813096,26893178.986509785,62840180.31675648,57199455.266400084,87739081.5388373
40422301.56226746,53534609.895683125,54681805.716843516,75737230.39312315,41794608.55428548,52850436.76423874,67854422.05216517,43755366.83630626,39734895.257872,47157959.59747321,70147623.76941945,51717830.90747162,83484587.50625403,46819912.875887744,25716145.46071902,45918129.50482123,54805866.348477386,56548039.53865995,36724729.960218705,27948271.62365915,77206556.51632771,25861398.807681963,62470608.96531348,57199455.266400084,87161639.03083798
40241849.54213385,53527851.80364682,54681805.716843516,75148542.1772094,41794608.55428548,52358659.6791561,67784234.30429363,43106576.79120937,39591240.52135304,47157959.59747321,69894517.8406086,51546480.43358554,83484587.50625403,46593106.4281947,25139574.072855067,45918129.50482123,54805866.348477386,56430751.54949549,36724729.960218705,27948271.62365915,76631565.34468265,25861398.807681963,62304424.00787405,57199455.266400084,86817035.93579665
40021915.33294604,53527851.80364682,54666060.688303344,74810143.04936968,41706737.48519775,52231527.51061734,67395406.58893569,42920416.687568665,39454969.717069484,47007011.1371749,69894517.8406086,51546480.43358554,83484587.50625403,44177451.2379608,24922411.086915452,45412045.11162438,54740767.79180612,56216839.668124355,36724729.960218705,27948271.62365915,76273516.92346013,25785552.206062216,62268511.22491833,57191025.14636833,86751037.66128635
39892668.70648406,51989029.443825066,54649441.47620124,74805933.48083813,41590724.54875991,52231527.51061734,65407947.83965243,42920416.687568665,39196703.577834904,45492839.34390444,69894517.8406086,50768954.78638457,83484587.50625403,43681874.28815404,24922411.086915452,45395427.027625866,54506481.8788943,55862738.56083574,36716071.0759413,27824485.91343128,75571297.93585612,25785552.206062216,62115746.68963223,57191025.14636833,86552329.7561227
39728064.11279364,51989029.443825066,54216897.80865566,74330513.13315146,41590724.54875991,51843708.03938453,65407947.83965243,42920416.687568665,38926972.45775215,45492839.34390444,68695962.04328457,50434854.24681151,82744791.34492615,43519232.13952311,24922411.086915452,44523348.49787116,54385139.930891946,55850851.63176323,35491875.175455265,27711307.762725007,75356121.22897843,25784909.297756445,62053370.11271868,57120660.81596037,86179838.78308138
39521481.50252743,51624834.12118583,53231445.71231152,74330513.13315146,41573405.15216548,51611490.35693755,65354474.680162445,42920416.687568665,38520554.75963024,45492839.34390444,68695137.37665743,50160857.37211715,82744791.34492615,43519232.13952311,24828212.277298342,44523348.49787116,53709663.27216396,55468291.323495,35491875.175455265,27683874.013737716,74898001.24245274,25764780.509170532,61687239.32241448,57014578.64888149,86057155.1310889
39487159.82359442,51141931.56721669,53231445.71231152,74330513.13315146,41306109.55479562,51611490.35693755,65354474.680162445,42855768.13077975,38346181.78063937,45492839.34390444,68688291.99692893,49332141.30575542,81950539.07413338,43519232.13952311,24772557.475992057,44523348.49787116,53646782.7001359,55122298.92197504,35491875.175455265,27645336.03974097,74288438.2819503,25764780.509170532,61687239.32241448,56829752.705500014,86011118.89281844
39177469.62103756,50958421.40156311,52665648.86024026,73894601.82970837,41267620.44766255,51611490.35693755,65354474.680162445,42680966.528785355,38078978.60429623,45492839.34390444,68638116.59040406,48840295.42512788,81540157.24617457,43519232.13952311,24764495.544766314,44523348.49787116,53646782.7001359,55122298.92197504,34970347.60462221,27599435.404254824,73862408.91009331,25725937.562393457,61491468.312876046,56426886.075136386,85444195.0371341
38877110.791672274,50958421.40156311,52665648.86024026,73534335.67596135,41225427.01974258,51552915.845861755,65354474.680162445,41858226.11620158,38078978.60429623,44535519.46343179,68638116.59040406,48039965.47152544,81341597.99821854,43519232.13952311,24723916.540543903,44459764.86800193,53505623.55261318,54736361.619323984,34609570.03283195,27534780.18054028,73862408.91009331,25701166.37923735,61007780.06961061,56426886.075136386,85444195.0371341
36785270.86029497,50958421.40156311,52623416.39629521,73213925.43816924,41139169.02263085,51502551.34491372,65115871.557733715,41600703.505414076,37975853.12220122,44406789.503404155,68434573.17376289,46884162.25213279,81176194.10945638,43264659.473165914,24723916.540543903,44442958.734748945,53323238.06701576,54621335.03201542,34609570.03283195,27534780.18054028,73560490.72931527,25701166.37923735,60948685.239650324,56346988.14649873,85444195.0371341
36711683.235723846,50958421.40156311,50841837.74500399,73172933.14777336,40924179.12981464,50178504.75545611,64469457.12808562,41550682.27684025,37839619.25841595,44406789.503404155,68309982.69696122,46884162.25213279,81062234.94209808,43044549.27839857,24723916.540543903,44442958.734748945,53005398.51758821,54027684.88581704,34538136.27743517,27072509.112620708,73560490.72931527,25701166.37923735,60763016.19746507,56346988.14649873,85444195.0371341
36711683.235723846,50799209.258632675,50841837.74500399,72860019.95841871,40534362.65491976,49912152.46742216,64469457.12808562,41550682.27684025,37571511.43567705,44180779.89933243,68077209.58211504,46860870.847694516,79491075.51050869,42988931.616178885,24723916.540543903,43572548.03027246,52916229.53367936,53833464.11274937,34538136.27743517,27072509.112620708,73093138.03389417,25701166.37923735,60500265.272834934,55958632.721216016,85444195.0371341
36627968.13357661,50799209.258632675,49995435.49468054,72652970.35047291,39751886.40713293,49912152.46742216,64055449.087453924,41148863.20264056,37544874.37912188,44001967.910387345,67903450.18479364,46860870.847694516,79491075.51050869,42988931.616178885,24716830.603661366,43572548.03027246,52639360.749755435,53517915.3357183,33250033.4247289,26867676.90623424,73093138.03389417,25544131.618287854,60152813.88149015,55800341.57140494,85218268.09699687
36627968.13357661,50799209.258632675,49928186.02695232,72625352.49165021,39751886.40713293,49792174.95972087,64055449.087453924,41148863.20264056,37544874.37912188,43920721.62910976,67778859.3899844,46696672.30883696,79384625.67173539,42748507.08894411,24685383.34675808,43204534.55216693,52011902.51829009,53262048.91508271,33250033.4247289,26582096.282869432,72713978.1683165,25462408.138487477,60152813.88149015,55519157.141014546,84330151.68449084
36627968.13357661,50470268.64539065,49868420.249166556,72625352.49165021,39438683.90086296,49309904.08363578,64020763.88682619,41144661.16760081,37544874.37912188,43717709.91313961,67778859.3899844,46298803.375460096,79305141.44049989,42405460.10583442,24512296.742228616,43043811.93667061,51984764.43605329,53262048.91508271,33232083.65720687,26484000.195040915,72385803.40875651,25412366.902675413,59782245.820797,55394806.742387,84198113.00143073
36627968.13357661,49077628.682408616,49868420.249166556,72166126.4578227,39243184.65227818,49006561.93026875,63936778.35474408,41047811.24938142,37340561.0085197,43590249.92397738,67087927.085579425,46247149.39483719,78906638.10873103,41965554.32868237,24416917.446484145,43043811.93667061,51803014.117640026,53224770.112327084,33232083.65720687,26472171.885720283,71801699.79791668,25194758.654643573,59782245.820797,54771783.06998667,82730615.69878735
36516266.308548406,49077628.682408616,49868420.249166556,71889448.23566395,39232852.28470832,49006561.93026875,63936778.35474408,40828748.50413469,36961084.108070925,43590249.92397738,66644423.89388688,46247149.39483719,78866497.2611594,41707302.97062096,23994025.458076213,43043811.93667061,51803014.117640026,53061183.96548282,33232083.65720687,26304809.094551757,71777354.90623868,25187642.428972453,58785978.023386054,54683840.73554123,82730615.69878735
36516266.308548406,49014944.83169805,49363243.92319022,71619518.83566576,39121461.19883063,49006561.93026875,63745790.85451681,38198281.99159128,36784533.42345201,43590249.92397738,66644423.89388688,46106381.383964665,78834407.81047171,41528231.58518307,23986524.958631016,43043811.93667061,51430312.949359365,52970280.83964081,33110727.288335156,26236909.90966051,68998338.81903829,25112020.29086775,58589310.01089259,54683840.73554123,82453070.45610428
36499379.62007468,49014944.83169805,49363243.92319022,71348885.57245769,39121461.19883063,49006561.93026875,63724653.66701615,38198281.99159128,36551790.74920461,43391252.33236293,66644423.89388688,46085631.77188204,77772171.28693436,41227566.358322024,23737304.86057344,42112707.399359986,50524274.252412714,52329348.90281793,33110727.288335156,26220905.051211268,68482759.94108805,25088040.848409522,58506733.07266416,54683840.73554123,82320094.26642163
36372668.48673324,48983981.82540947,49156379.39254423,70846857.92600489,39006896.782537796,48951304.608336374,62718333.58312871,38043585.287761725,36488171.97989,43229142.07003384,65435177.67394965,44600356.30764765,77692238.06419209,40856021.88073847,23737304.86057344,42112707.399359986,50282725.6903435,51799162.00772766,33110727.288335156,26059682.01810124,68482759.94108805,25018759.53844196,58318341.784017414,54497859.55451178,81919579.40988389
36372668.48673324,48529680.79836807,49092084.60406954,70306110.03491688,38778435.0115282,48885522.67916516,62718333.58312871,37893337.52886412,36196939.54259423,42686144.37835804,65407285.17854718,44488814.26129465,77692238.06419209,40734519.19773911,23733854.166296434,41730582.76756679,50199153.58955301,51566852.84917957,33110727.288335156,25989905.451302007,68114458.94686878,24999754.48418995,58099037.48974523,54302114.76491573,81213434.7118971
36372668.48673324,48492322.55468722,49092084.60406954,69262841.07242653,38638144.018597305,48192521.63249332,61498042.522792175,37893337.52886412,35797047.84080896,41551789.987954415,65407285.17854718,44488814.26129465,77659280.94383648,40369265.36817793,23651782.09394652,41684977.36254661,50199153.58955301,50799029.359990835,32999708.40603755,25989905.451302007,67570841.1287543,24999754.48418995,57355464.88252598,54232335.6368858,81213434.7118971
35998215.91193008,48355908.55436853,49092084.60406954,68519851.31322452,38473464.31087412,48192521.63249332,61268528.69859907,37893337.52886412,35696958.30413747,40912728.36861377,65244404.94837642,44321956.9468285,76978622.80919869,40369265.36817793,23480440.695901357,41684977.36254661,50199153.58955301,49518674.53801557,32943718.678876877,25868837.192915466,67538459.51937607,24972269.386692278,57246939.32353545,52219342.03010796,81189989.1402329
35981990.92853976,48355908.55436853,49027496.84764269,68273301.551713,38473464.31087412,48022162.42715242,61046806.43321794,37826741.749103405,35696958.30413747,40665840.1712506,64730766.11599666,44171464.451501444,76764353.46065551,40340292.61538277,23480440.695901357,41661788.211865455,50096490.41396014,48836142.31502063,32759761.349140804,25847464.282714535,67100202.59807367,24660320.524951205,57246939.32353545,52219342.03010796,80933918.69099644
35910284.29675788,47199072.95970977,49027496.84764269,68094803.93819001,38120082.27856204,48022162.42715242,61046806.43321794,37572946.98505346,33939102.834696904,40638796.39059297,64730766.11599666,44135439.00571232,76346052.42326263,40276026.35541836,23395293.994183913,41537281.688219756,49988560.11492896,48523507.86272941,32632429.8722665,25847464.282714535,66756003.15954627,24589054.777024865,57141333.52745244,52219342.03010796,80709841.35643934
35659948.737586,47199072.95970977,48592300.099429056,67827464.63893196,37864211.141535215,47789614.3516746,60906395.58075637,37351394.70364529,33570430.257682204,40638796.39059297,64386927.60425622,44135439.00571232,75933628.06339058,40229234.489953965,23395293.994183913,41388057.59586726,49988560.11492896,48442499.08707083,32530768.56589149,25847464.282714535,66756003.15954627,24574630.40480788,57004995.32352842,52011415.0550705,80622277.17995189
35324275.92646176,46981508.951882094,48499069.20780436,67827464.63893196,37666381.082743436,47713912.60157354,60822133.876697816,37351394.70364529,33570430.257682204,40634073.86487137,63796336.54742489,43933143.02662807,74940757.47390832,40108258.61420038,22633000.217695385,41356070.30107883,49988560.11492896,48442499.08707083,32363626.83569418,25641131.268982515,66205937.82976537,23558038.00969285,56715261.41918789,52011415.0550705,80543741.65495558
35242563.72204693,46981508.951882094,48046860.03129107,67520022.31983031,37608406.09390577,47623347.64606113,60686781.68007759,37261898.844704434,33391808.014685724,40634073.86487137,63543987.29436277,43757484.86500655,74940757.47390832,39507243.27349575,22573830.863025498,41356070.30107883,49869088.197075285,48442499.08707083,31968414.075939257,25415518.98522487,66147111.09573828,23558038.00969285,56020715.20801057,52011415.0550705,80171519.532821
34922984.593639076,46981508.951882094,48039200.58986747,67326509.5421328,37570120.97245192,47623347.64606113,60686781.68007759,37261898.844704434,33391808.014685724,40634073.86487137,63543987.29436277,43564832.72476347,74940757.47390832,39325773.13773513,22378703.216047317,41211240.878519125,49694679.64420132,47748923.83203886,31968414.075939257,25206261.584890343,66147111.09573828,23549394.823598433,56020715.20801057,52011415.0550705,79850064.49133758
34640156.741151914,46712047.68115811,47798771.69207618,67241267.35748616,37255107.30093262,47570341.771653675,60622483.68382567,36959836.274244934,33322864.69622792,40522819.04049023,63440087.06908729,43235191.847540654,74417734.2781618,38467248.78402475,22350093.706806418,40896488.551223926,49432857.68764437,47748923.83203886,31442879.67771098,24924505.76547375,65308620.56441724,23543349.69738609,55756460.714804046,51960722.20529509,79850064.49133758
34541225.60537706,46579931.01920936,47798771.69207618,66860134.55045042,36950033.89788134,46229025.166429125,60300482.686486445,36872054.550901525,32900230.76579465,40522819.04049023,63440087.06908729,43149748.83890197,73787683.88026014,38326648.6834079,22291789.620977547,40860073.42432479,49179474.889386795,47740105.95871076,31255614.409544326,24832687.664735757,65308620.56441724,23543349.69738609,55464253.45330515,51546118.97956493,79025302.16830699
34236022.405190185,45612497.893081106,47422838.44437729,66860134.55045042,36785093.05397458,46213677.02865051,60245802.88977784,36231950.203584544,32849697.1946571,40522819.04049023,63352585.81744017,43025591.68716616,73265005.69494613,38250400.988057256,22089967.299591217,40744292.090529956,49038517.393017486,47723679.98235574,31255614.409544326,24779714.243944142,65308620.56441724,23477587.505562283,55436149.68632007,51400492.085472055,79025302.16830699
34236022.405190185,43743899.70879458,47378757.32980025,66853848.48105219,36659781.81314047,46213677.02865051,60002868.90140611,36155110.01351561,32849697.1946571,40368653.53280257,62220029.00911027,42911933.022034705,73265005.69494613,38169588.76067529,21912611.833114464,40695368.33990319,48985751.337869786,47723679.98235574,30988369.085109275,24752889.968422238,64794402.127626255,23477587.505562283,55281258.83256714,51223384.50021667,78825896.82380082
33451786.740404744,43743899.70879458,47274308.630048126,66330056.12681353,36302266.21866452,45926505.71276342,59554151.03384882,36032488.038128965,32849697.1946571,40241190.416041836,62220029.00911027,42585490.7981291,73051523.43049906,38111499.115092844,21453060.458377276,40337575.03294319,48203878.61128945,47548446.938501194,30903168.65371711,24422673.37762851,64794402.127626255,23477587.505562283,54673094.62911628,50298117.6987245,78625564.91135064
33451786.740404744,43504127.68541155,46906096.71603279,65650869.41354182,36275917.40938517,45926505.71276342,59301175.498433545,36032488.038128965,32761913.850617453,39493194.122649066,61761470.90122968,42468205.55317685,72758321.0713662,37907430.83816004,21453060.458377276,40337575.03294319,47673619.340501994,47436146.96676292,30672544.16367751,24392980.04471194,64692702.54787555,23182512.329748627,54598487.194495,50298117.6987245,78530807.31221938
33451786.740404744,43504127.68541155,45976117.33753125,65162407.21928994,36216845.04782514,45926505.71276342,59023475.67124975,36032488.038128965,32761913.850617453,39311586.06111985,61684149.76009182,42336148.80505507,72552002.27588734,37907430.83816004,21300384.946781375,40337575.03294319,47567131.753159516,47403794.88885744,30630130.831570063,24392980.04471194,64574927.52017604,23168798.447356965,54505027.85948279,50231273.99984336,78252288.37134844
33451786.740404744,43430125.77206899,45976117.33753125,62954813.93581111,36174586.80492439,45590611.290948495,58557652.05704403,35723956.56191112,32761913.850617453,39282255.186506465,61389491.75242723,41989078.517281495,71462375.59325542,37826483.4778382,21253247.115872752,40337575.03294319,47567131.753159516,47403794.88885744,30540919.0340787,24362443.541181475,63934913.92118086,23168798.447356965,54505027.85948279,50110608.272617295,78219667.28701302
33397881.252646934,43430125.77206899,45976117.33753125,62954813.93581111,35791993.66863812,44949520.65340786,58502567.923531435,35723956.56191112,32761913.850617453,39194357.53315699,61114909.556922756,41814782.28066866,71462375.59325542,37699845.983768016,21207683.898634996,40199327.950639516,47319929.43131042,47189037.50114676,30441149.802632574,24362443.541181475,63503527.99554461,23151891.723689754,54477501.40327697,49572039.3073152,77889740.94677098
32363059.42988018,43430125.77206899,45923243.512839496,62606282.23886843,35791993.66863812,43415162.19174017,58427252.880247295,35723956.56191112,31975798.85135874,39145210.59341807,60754179.25345463,41654922.728341915,71173450.33355334,37514256.92768831,20923342.74714255,39794440.7442253,47319929.43131042,46913497.041802295,30371055.8706953,24207069.759206466,63091004.63420898,23140598.558813963,54477501.40327697,49106665.40237301,77889740.94677098
32363059.42988018,43430125.77206899,45576931.73028843,62606282.23886843,35564264.32107483,43415162.19174017,58110207.63562312,35483175.07308156,31910870.579393715,38263746.34393602,60440544.67304246,41303597.415741794,70881396.67773709,36940406.36721828,20824395.88261564,39029361.08974037,47319929.43131042,46913497.041802295,30206493.329728592,24207069.759206466,62932613.92211936,23134204.297676332,54470667.692463264,49106665.40237301,77407086.10316928
32335590.119604114,43220154.57329287,45224474.26741912,62606282.23886843,34839816.258734144,43415162.19174017,57817261.800873436,35472402.200977586,31802133.342952866,38213011.88824344,60420723.24024203,41284847.576254435,70881396.67773709,36218963.69225879,20722452.05687304,38898970.78314478,47007356.75596556,46913497.041802295,30112062.620191768,23908498.1895598,62932613.92211936,23134204.297676332,54246373.82344888,48739543.74139932,76819676.6318385
32335590.119604114,43220154.57329287,45216856.84179812,62540772.38237461,34839816.258734144,43415162.19174017,57817261.800873436,35178768.30673802,31802133.342952866,38049861.72958843,60391981.44617785,41197229.15847333,70481570.17487636,36218963.69225879,20392359.78253394,38898970.78314478,47007356.75596556,46591783.82214003,30085821.41340687,23803381.134314243,62932613.92211936,22857482.664945178,53375634.50700865,47779727.02872872,76757012.00825335
32304176.502514265,43004354.02643352,45080133.109744,62394476.09254716,34839816.258734144,42878637.69555299,57716201.84135303,35047089.88160226,31802133.342952866,38049861.72958843,60144938.16618339,40396125.21623668,69986725.72498113,36214594.55367145,20392359.78253394,38898970.78314478,46884787.20948953,45795131.63996008,29578070.60145997,23147450.96201598,62674094.25152403,22857482.664945178,53304663.44145072,47615135.96229805,76630809.0485876
32287781.7145768,43004354.02643352,45080133.109744,62394476.09254716,34792248.841643296,42878637.69555299,57591909.779674485,34862624.44298173,31545913.787420545,37868949.26183785,60144938.16618339,40396125.21623668,69751395.98113784,36030644.4105781,20376762.399772495,38607639.111136615,46669520.20864977,45415844.96545872,29565915.84524612,22961550.742538065,62217284.738267876,22843643.283089384,52419023.11989234,47615135.96229805,76271582.14877862
31962609.12444355,43004354.02643352,45080133.109744,62357077.52075499,33881017.674539775,42814920.208444394,56609098.93068591,34715578.27794502,31338093.94418248,37868949.26183785,59989211.47856374,40299022.57240707,69696534.36522658,35870767.06339564,20376762.399772495,38418845.454447545,46572711.55239376,45205829.207511224,29424088.157926228,22938066.236637767,62217284.738267876,22749829.674393717,52419023.11989234,47615135.96229805,76060326.53384466
31962609.12444355,42711873.34515977,44882811.636963226,62172383.89179719,33814359.91391947,42814920.208444394,56444047.82122452,34644393.511467904,31338093.94418248,37557819.292061195,59679517.41072903,40246519.37027759,69525269.65464222,35870767.06339564,20246443.479674615,38418845.454447545,46494414.62112313,45205829.207511224,29352926.519394115,22806507.051797934,61979250.04550492,22749829.674393717,52374132.27470493,47272674.536920294,75844643.65543042
31763158.56666888,42594066.062897384,44727044.022108845,61466481.29719973,33802732.839879036,42814920.208444394,55904865.522314094,34342362.776186004,31338093.94418248,37557819.292061195,59372295.68105796,40138900.393546574,69335650.75271046,35870767.06339564,19994692.3010024,38046807.4718707,45860238.770283066,45205829.207511224,28669893.580934595,22806507.051797934,61959017.70577344,22695126.651744686,52368518.2502836,45859813.15863667,75844643.65543042
31763158.56666888,42594066.062897384,44417199.50915252,61170993.331490174,33590034.88948501,42713763.822557345,55904865.522314094,33902256.91664607,31338093.94418248,37557819.292061195,59190562.53653864,39934945.45373982,69276262.56141384,35798011.185662575,19994016.69429756,37867121.59682394,45830552.542112276,45205829.207511224,28669893.580934595,22784572.493594736,60941932.455212325,22329188.286182746,52329045.832733765,45620043.5839021,75766555.73639737
31763158.56666888,42594066.062897384,44222320.6443801,60701392.18819965,33538838.033449013,42713763.822557345,55167210.67634645,33814826.34052715,30825035.62590173,37544387.81127,59184680.63685406,39786808.25003897,69125259.145471,35564788.61939338,19994016.69429756,37867121.59682394,45830552.542112276,45205829.207511224,28545881.77654286,22447765.159697905,60390606.67842482,22329188.286182746,52028578.258380264,45377702.42706523,75664715.50424084
31679369.0061322,42053664.22694894,43980742.25758345,60701392.18819965,33506905.66953979,42713763.822557345,54949709.21284144,33784002.09254199,30798183.957380947,37376392.264586315,58275601.99704979,39729345.00263005,68287497.33965904,35426934.77717486,19914208.904215727,37867121.59682394,45763852.44181747,44715899.677523345,28419096.4862247,22434221.27148986,60381484.922456704,22275234.1993261,52028578.258380264,45254406.66827451,75401813.7685408
31487919.989898723,41887248.99232171,43662838.5226106,59029555.09022908,33506905.66953979,42713763.822557345,54949709.21284144,33755255.06224123,30515317.286683265,37232139.282008946,57351170.81944784,39473325.90229182,66774006.809276566,35186651.764320955,19707527.889142215,37329971.97233941,45751490.01808427,44715899.677523345,28419096.4862247,22424279.567702685,60228684.75062476,22129658.403640356,52028578.258380264,45053439.6314831,75286490.74872941
31374658.204611138,41887248.99232171,43662838.5226106,59029555.09022908,33506905.66953979,42061739.82982408,54949709.21284144,33307725.647649657,30242770.684655283,36999348.40850455,57351170.81944784,39156114.200982995,66715974.054393075,35186651.764320955,19707527.889142215,37298931.88505659,45383909.617095426,44708675.03343827,28104584.870073322,22424279.567702685,60049644.268506125,21986190.39203974,52028578.258380264,44966663.44550171,74595395.45063683
31374658.204611138,41267663.14804108,43515064.89185122,59004452.27221782,33255996.5887499,41694782.90613134,54665593.066963136,33307725.647649657,29930474.804720033,36804081.076675005,57311149.486371145,39156114.200982995,66715974.054393075,35186651.764320955,19707527.889142215,37298931.88505659,45034252.08540972,44663996.93704073,27624501.85761754,22283242.04651172,59769638.2045376,21921914.978745464,51781267.06792094,44966663.44550171,74595395.45063683
31258344.975644447,41037126.11340806,42883745.943201646,59004452.27221782,33253984.359528918,41644199.02522585,54286352.699086316,33130965.545247883,29930474.804720033,36745503.05057624,56541964.74958255,38201256.1232335,66712108.85254964,34880868.59503268,19658597.65078909,36963127.13829532,45000657.874289,44570244.600232795,27599877.99595717,22283242.04651172,59542199.72596151,21881118.18141018,51564463.56817413,44966663.44550171,73861114.54853155
31009718.561484817,41037126.11340806,42356214.96217299,59004452.27221782,32971475.48480617,41490480.4327724,54286352.699086316,32859183.750847433,29930474.804720033,36137358.70628658,56088633.031854644,37808194.92268664,66557925.69839621,34755325.12750968,19416148.76641309,36963127.13829532,44993069.461799435,44494733.11213535,27599877.99595717,21881555.722338203,58467847.45868158,21653212.43154228,50999526.35230745,44921254.426501185,73861114.54853155
30648740.78254747,40970282.39583376,42213774.05693078,59004452.27221782,32932152.40484089,41440194.22507401,54130136.016234085,32802891.326769,29813236.57638291,36137358.70628658,56088633.031854644,37808194.92268664,66171700.22344741,34373212.47982338,19416148.76641309,36963127.13829532,44306272.88457125,44401255.99320619,27599877.99595717,21812514.97354517,58467847.45868158,21616873.042691473,50999526.35230745,44293502.14328726,73440531.8385193
30463751.609524336,40880384.75879573,42213774.05693078,58572196.10023379,32412766.95135002,41440194.22507401,53936498.97145867,32689303.33707235,29740009.889481004,36064027.18906723,56088633.031854644,37808194.92268664,64553274.68864613,34154590.87786941,19129656.756737497,36837303.60134715,44205269.412409395,44329569.662762456,27424524.33004168,21812514.97354517,57862892.56598366,21499918.534741215,50999526.35230745,44046256.94734263,73295742.20975071
30389530.21746663,40680691.75551342,42026828.609358355,58255190.06620014,32311725.66073952,41412648.01614536,53439674.177983575,32689303.33707235,29443233.699541252,35762045.58703662,55985044.493504345,37075634.28763084,64354184.96404491,34154590.87786941,19105239.611664202,36810332.535944805,44148322.94763315,44153078.69166278,27424524.33004168,21812514.97354517,57664431.59555947,21358703.896871183,50241520.80580412,44002742.909535296,72727250.3626726
30389530.21746663,40614244.14035356,41883810.11621781,57963726.588739656,32110376.034405928,41327947.37177246,53196205.20482946,32578325.690253634,29443233.699541252,35433985.66914282,55985044.493504345,36934421.54380873,64354184.96404491,33949213.867244825,19069747.020136483,36747129.93596745,43983320.95898694,43950359.244655244,27184528.2527385,21615351.5414884,57664431.59555947,21358703.896871183,50241520.80580412,43841812.896133326,72629444.67185082
30201845.098977298,40437079.22150343,41813292.83957912,57758757.01578977,31932604.271853812,41178857.39729211,53132594.91421994,32074809.984666348,29250472.048427183,35061165.523866706,55895691.062311076,36934421.54380873,64295246.49154175,33949213.867244825,19069747.020136483,36568170.21251405,43928061.44103825,43907805.38975133,27184528.2527385,21543827.763885505,57664431.59555947,21233626.222363397,50241520.80580412,43841812.896133326,72629444.67185082
30201845.098977298,40241995.69087114,41520035.53444012,57692915.089862145,31932604.271853812,40986868.99704709,52896079.685558625,32074809.984666348,28672853.1239306,35061165.523866706,55843651.17648119,36934421.54380873,64295246.49154175,33860463.78660624,19041012.91845439,35989083.93294253,43672372.02439337,43588856.23384166,27009178.82179078,21543827.763885505,57664431.59555947,21204043.194056585,50241520.80580412,43681797.70326285,72629444.67185082
30039564.618079618,40241995.69087114,41203956.00504636,57159685.960353576,31932604.271853812,40522307.57290952,52667796.955330774,31695342.840150606,28672853.1239306,35003148.89149711,55843651.17648119,36683078.793793745,64099079.409777105,33501927.420877993,18946927.4002562,35989083.93294253,42801383.59326873,42759244.725355886,26670156.260229982,21436845.3374324,57017756.37104522,21194999.987754025,50230734.810465045,43681797.70326285,72341420.56018206
29552674.258514855,40199914.98373111,40951947.18381374,57159685.960353576,31898834.568451278,40087801.173853196,52374670.52032335,31058574.087729085,28406487.179028295,34896829.88971339,55616931.94784815,36498900.171048135,64016705.24323143,33327477.303164907,18584057.879220057,35818702.18341732,42801383.59326873,42373018.65329788,26670156.260229982,21436845.3374324,56725497.57752083,21065450.257659096,49910634.80329014,43254737.98345787,72251912.75277105
29552674.258514855,39210706.75629643,40457102.34122144,57082104.482373364,31693072.278685562,40087801.173853196,52305145.01392884,31058574.087729085,28271902.579058014,34434231.22862762,55407797.78619084,36498900.171048135,64016705.24323143,33327477.303164907,18349962.367106844,35449506.59143901,42646549.87089217,42093662.61619385,26484446.366668306,21436845.3374324,56132792.40644168,21065450.257659096,49910634.80329014,43011901.153961204,71883938.33760262
29487694.447087705,39054114.894827604,40350796.873349205,56738464.98390514,31660700.77066726,39709417.90693275,51314266.14124983,31058574.087729085,28196654.029922683,34217093.4396195,53563445.343994044,36498900.171048135,63788821.05094213,33159788.55261579,18349962.367106844,35449506.59143901,42569264.913120374,40770067.38693715,26250407.108046494,21436845.3374324,56096682.58314575,20660951.599349245,49576634.88089976,43011901.153961204,71599706.78530812
29442056.00556599,39054114.894827604,40269202.40613006,56704606.98527528,31614778.0743485,39233263.89678708,51048270.263337955,30964822.71605084,27964476.05610054,33892148.6971659,53030011.37085563,36278764.93674106,63368413.74978091,33116412.435953677,18325454.491231196,34756989.82741243,42569264.913120374,40672850.19083878,26072266.179750018,21297178.6649584,56096682.58314575,20592826.69009252,49181396.854989074,42628458.36275064,71382764.32976621
29269493.29157848,39054114.894827604,40269202.40613006,56572080.21246333,31600304.732323624,39085665.44072882,50963247.42729699,30770317.011186663,27814300.257673237,33590032.651623726,52786679.04129779,35888905.9935015,63245962.501732826,32931312.004400473,18325454.491231196,34642584.61024853,42185492.8394526,40672850.19083878,25999329.499485042,21266917.132584117,55839981.69198942,20592826.69009252,49181396.854989074,42381159.97344765,71382764.32976621
29084078.665675495,38955670.125040404,40269202.40613006,56547214.585366845,31482853.000731852,39085665.44072882,50517268.34804103,30711906.416454393,27814300.257673237,33056356.816262837,52720436.97934705,35888905.9935015,62882773.38573487,32739032.493893504,18240163.576045696,34641428.58246418,42185492.8394526,40658543.26736324,25837429.96767444,21148076.964014396,55646678.046025425,20460717.605628416,48960221.35774354,42144874.139037326,71102752.18960701
28750395.288411327,38955670.125040404,40033780.51449263,56374452.127284184,31352957.158891268,39085665.44072882,50517268.34804103,30711906.416454393,27814300.257673237,33056356.816262837,52399299.335020624,35783460.22041679,62235248.96786686,32739032.493893504,18240163.576045696,34515424.513405256,42185492.8394526,40658543.26736324,25526393.436626434,21080561.88868828,55527869.7398023,20386214.08279019,48816984.034258224,41975517.85931781,71102752.18960701
28389454.333807204,38631566.541060016,40033780.51449263,55927108.82280634,31217759.90879586,39085665.44072882,50517268.34804103,30492871.760209914,27714623.59515114,33056356.816262837,52269553.75212841,35783460.22041679,61951087.621262975,32609249.40439968,18136231.89898603,34480958.42559691,41820724.56301596,40509731.828548625,25434406.123974018,20964561.248714954,55056497.66695301,20386214.08279019,48589759.82734178,41975517.85931781,71102752.18960701
28389454.333807204,37671504.28322274,39689558.86119742,55927108.82280634,31023627.111146595,39085665.44072882,50413799.83832444,30203330.955358494,27478622.43261882,32971607.333689258,52269553.75212841,35766067.1643897,61617373.41706447,32530637.962333657,18056598.908492826,34445510.08451585,41427796.24054356,40190491.18360255,24890266.190718926,20964561.248714954,54849131.71213827,20341171.287168093,48388858.313627034,41975517.85931781,71078449.20390953
28380358.140855685,37610024.68874317,39484433.04911246,55208611.52035511,30567198.54655061,38821078.6707422,50111346.43537906,30203330.955358494,27294717.88326419,32930134.838726766,52080841.91439499,35693722.54639138,61579356.30552782,32398294.998066388,18021059.51710486,34386112.00909161,41113880.40546027,39930503.576330364,24890266.190718926,20964561.248714954,54703649.28034738,20341171.287168093,48241829.029152095,41328713.73462788,70781264.52959774
28268755.589026548,36905877.97691284,39364891.93426554,55208611.52035511,30352088.685627762,38769146.4647561,49799319.12900698,30197889.417213324,26970360.81415557,32472606.183018528,52080841.91439499,35634018.47989696,61349594.85989213,32274665.456124756,17797372.655207593,34292141.23525126,40968057.781121835,39930503.576330364,24823570.131182414,20912592.22935059,54297486.2680211,20337201.04711484,47916822.592831075,41104550.339072324,68326444.57578674
27874540.453885674,36905877.97691284,39364891.93426554,55165905.80280905,30293839.42865927,38619613.15935977,49799319.12900698,29977099.724354845,26970360.81415557,32408018.577767875,52080841.91439499,35461637.54941808,61349594.85989213,31778274.25884074,17797372.655207593,34238331.457589775,40507731.14675391,39930503.576330364,24427649.762993276,20888905.453398973,53393980.70167003,20337201.04711484,47916822.592831075,40725862.8498452,68011393.5525172
27819449.748237845,36631460.646451,39364891.93426554,54970588.667307846,30166892.019304972,38603937.665494196,49799319.12900698,29727526.38647025,26679884.240610022,32033190.251357656,52080841.91439499,35043874.86392125,61224346.889376596,31405909.444522224,17656913.915219866,34102258.77865848,40466683.783884674,39868724.93593181,24383254.474191647,20629443.650469296,53393980.70167003,20337201.04711484,47873581.64611195,39790829.28376596,67933609.68068862
27720801.335774973,36358268.57201429,38971445.67936836,54238540.63034005,30166892.019304972,38556902.52405916,49456952.12869072,29727526.38647025,26526541.279679306,31979103.676009472,51549733.23584861,34438625.58856981,60698504.0877315,31239551.420911413,17107863.656891588,34102258.77865848,40360070.9479311,39868724.93593181,24383254.474191647,20507708.536946934,52773065.056250505,20337201.04711484,47443743.46419456,39790829.28376596,67813375.86858864
27617686.48746747,36358268.57201429,38886811.16315294,53908016.86723342,29987549.689209014,38271879.27859518,49456952.12869072,29152578.50653818,26432742.766666323,31971383.57644004,51055388.67187704,34438625.58856981,60698504.0877315,31239551.420911413,17097285.685739845,33862271.18394881,40138434.86285506,39868724.93593181,24147248.855207153,20152174.45739522,52773065.056250505,20159319.339973684,47248147.47340289,39790829.28376596,67813375.86858864
27436151.95650284,36358268.57201429,38735509.332750976,53762885.127188936,29987549.689209014,38028879.87179199,49289298.7431999,29152578.50653818,26181453.048403002,31695706.050516423,50867079.67412379,34438625.58856981,60106484.23003389,31073213.17629142,16786266.279293507,33569144.608262725,39941746.56469213,39667208.189095475,24052289.433726348,20081797.051387485,52773065.056250505,20103879.570319418,47105043.140355445,39790829.28376596,67813375.86858864
27131652.95725019,36358268.57201429,38597744.00514434,53545090.37954942,29875833.4829207,37867035.862862036,49289298.7431999,28920223.036570124,26027414.96523341,31661683.044196818,50563858.5309391,34041443.19315911,59528870.428448655,31073213.17629142,16767920.746578533,33522002.882161133,39876490.45284076,39121702.850627966,24015024.922412977,20081797.051387485,52773065.056250505,20040600.450605642,46938996.02293225,39585253.03341258,67813375.86858864
26947231.89349927,36358268.57201429,38597744.00514434,53160338.445498124,29875833.4829207,37673443.70272193,49157085.340910494,28920223.036570124,25892582.59511994,31232777.94529,50317980.0134669,33910684.70133282,59528870.428448655,30916219.19870362,16762304.592632327,32689770.46071837,39470252.08826041,38915734.86053068,24015024.922412977,20081797.051387485,52171036.51321592,19947673.21642594,46577749.962591246,39374380.588233024,67813375.86858864
26582760.259749215,36021630.1785687,37937427.7038859,53108219.401812494,29875833.4829207,37604811.84961045,48989820.99608332,28920223.036570124,25892582.59511994,31181589.503962006,50223866.22356922,33777524.50475829,59352434.99053578,30753216.710135177,16647511.89134304,32689770.46071837,39470252.08826041,38554460.54823504,24015024.922412977,20057550.3424535,52171036.51321592,19919929.56785232,46577749.962591246,39193645.37544667,67748145.52566788
26519552.69772926,36021630.1785687,37920766.85478466,53094092.42641499,29690329.266383063,37176992.376436405,48659363.840583,28836347.475617364,25563738.48387256,30855733.326609943,49616333.29536901,33680279.04989545,59124753.83958361,30597223.200019352,16560124.844011884,32652648.090923738,39094842.310101725,38409678.623487316,23818709.646519274,19888938.84717719,51783003.737329364,19906334.817317985,46280906.908894934,38720630.879402414,67459246.05176826
26173103.808183603,36021630.1785687,37599241.21866304,52877397.57831257,29102307.021749005,36937704.8747488,48215479.08590234,28836347.475617364,25563738.48387256,30855733.326609943,49027092.859703876,33664100.94346833,59064184.22810113,30210933.003391467,16518381.116522918,32620982.804066222,38994204.66347351,38323020.43840992,23818709.646519274,19800825.859438807,51783003.737329364,19377969.31081267,45847016.30250799,38720630.879402414,67018819.510317765
25961310.364487283,35696122.51145058,37599241.21866304,52323809.298649505,29069791.832295798,36937704.8747488,48215479.08590234,28548502.06369621,25310193.144607615,30813077.75172879,48773089.94293539,33640882.259862915,58477767.80169977,30057454.594090357,16409365.793358298,32354280.719693072,38861105.007237524,38323020.43840992,23534795.88803868,19800825.859438807,51165770.27422971,19332829.21185688,45847016.30250799,38720630.879402414,67018819.510317765
25639577.13442121,35570631.977710105,37461282.09106377,52323809.298649505,28773610.099479984,36561145.12825787,47449668.28160453,28548502.06369621,25278863.811032873,30600256.35007115,48646445.87676911,33445582.199436344,57984637.549526036,29919959.24478085,16409365.793358298,32154385.119863354,38459131.366395004,37997184.47501893,23348576.018781573,19706640.085213058,51165770.27422971,19312376.993338984,45847016.30250799,38324266.28200084,66891161.35713701
25639577.13442121,35570631.977710105,36775725.790579855,52181942.38344635,28467784.182253063,36380096.8152901,47441958.10852298,28244972.54904888,25107848.618756834,30319699.22357141,48188639.3720834,33445582.199436344,57927375.072848886,29855375.780038077,16372689.512419553,32154385.119863354,38015527.59573125,37997184.47501893,22950857.29492748,19706640.085213058,51165770.27422971,19312376.993338984,45847016.30250799,38324266.28200084,66823824.98461389
25396933.50635256,35133661.55620391,36343864.55264284,51575698.920705706,28116455.159988068,36311854.98338124,47441958.10852298,27651988.151696462,25086311.043684136,30061835.165081352,47739038.60065433,33382149.369315647,57419751.215242654,29504975.175571416,16215334.521042865,32154385.119863354,38015527.59573125,37997184.47501893,22950857.29492748,19706640.085213058,51074048.87148276,19092254.60748222,45365083.5881823,38174301.75641946,66740609.3992485
25203442.963555787,35133661.55620391,36212242.14950566,51575698.920705706,27973909.278064642,36311854.98338124,46947367.3165349,27651988.151696462,25066713.50468515,29570008.385653097,47739038.60065433,33090820.328131825,57419751.215242654,29504975.175571416,16199858.172244504,32154385.119863354,38015527.59573125,37973964.36033634,22950857.29492748,19614518.557541,50811504.0256509,19092254.60748222,44817315.51842645,38101959.01828469,66740609.3992485
24649124.238692883,35009460.880691685,36008833.11594545,51575698.920705706,27691163.773252442,36156878.85858726,46581489.27809141,27594801.051030036,24761653.17905923,29570008.385653097,47623903.26908686,33090820.328131825,57419751.215242654,29428900.325231437,16199858.172244504,32039683.687769637,37906847.85535191,37973964.36033634,22950857.29492748,19478093.156673823,50811504.0256509,19092254.60748222,44498428.289023586,38101959.01828469,66740609.3992485
24457645.76124853,35009460.880691685,36008833.11594545,51472385.971162476,27691163.773252442,36070035.39869196,46581489.27809141,27594801.051030036,24641626.951309077,29533022.368514497,47479610.57105127,32791781.453632772,57114708.68350473,29048953.798539996,16101745.034519859,31960947.618974075,37731907.995286584,37927174.85371949,22792780.06473814,19478093.156673823,50788353.98690216,19064522.37213017,44498428.289023586,37785054.7880362,66656295.792934135
24444301.68317821,35009460.880691685,35988031.454416506,51043568.94248171,27691163.773252442,35782905.78761346,46581489.27809141,27278040.076058272,24510978.719782937,28915496.865526862,47035856.40966357,32683007.719639976,56851032.87666263,28815308.371064067,15867397.832472956,31828338.8015251,37442773.504242904,37840793.66949925,22532695.773869865,19478093.156673823,50788353.98690216,19041101.448606506,44372942.039452754,37785054.7880362,66535844.78100467
24268609.265313916,34716529.90278193,35439206.49533513,51008723.55945075,27601800.332001533,35425564.295559496,46581489.27809141,27278040.076058272,24072337.482389007,28655098.549259797,47035856.40966357,32610589.836200513,56851032.87666263,28582341.85337028,15867397.832472956,31715867.231477782,37238340.52217981,37196661.46000186,22532695.773869865,19198048.549937204,50596992.087061346,18679133.121778723,44372942.039452754,37413350.56411265,66333732.58330576
23893526.296643123,34561085.09017975,35439206.49533513,50714747.0213734,27321614.06204689,35425564.295559496,46267571.258740656,27200358.337105818,24072337.482389007,27922304.873291902,46630817.731232814,32323461.816652585,56566860.22191917,28531382.187285952,15752717.625437386,31672484.60778316,37048588.527360134,37196661.46000186,22532695.773869865,19164942.250717204,50247804.73310893,18669257.883433603,44366300.38768246,37068479.492066115,66266271.27687202
23893526.296643123,34179459.408292145,35170298.200390354,50517911.95483499,27097597.832487434,35425564.295559496,46113056.04764306,26933719.30980515,24072337.482389007,27922304.873291902,46149984.97502085,32323461.816652585,56210333.44906977,28510070.99643253,15688443.76615376,31590693.617857814,36867436.17252835,37196661.46000186,22477027.923464917,19164942.250717204,50247804.73310893,18571305.01018109,44210054.27614851,36574904.56631006,65909326.62027244
23690204.359916005,33981609.068847775,35170298.200390354,49950439.10609793,26871691.453971334,35425564.295559496,45825792.12062614,26933719.30980515,24017615.537814975,27366078.395277474,46149984.97502085,31902527.693883225,55105261.758889675,28197459.763059888,15354692.379985532,31401856.794112306,36832017.908824585,36827924.74007337,22477027.923464917,19164942.250717204,49794678.673531055,18385625.543945264,44178745.87122544,36496444.673740014,65909326.62027244
23303109.191310547,33981609.068847775,34936831.40435187,49950439.10609793,26871691.453971334,35047739.32169751,45797204.02722386,26933719.30980515,24017615.537814975,27366078.395277474,46056491.592953674,31902527.693883225,55105261.758889675,28104514.915776726,15354692.379985532,31190343.388777066,36819359.847981036,36758656.22174855,22344911.471888147,19018929.00390458,49759593.2710367,18276570.283471063,44072405.55404756,36036461.21082075,65610929.976723604
23303109.191310547,33981609.068847775,34936831.40435187,49574908.007589765,26854514.401057884,35022999.386963226,45416742.624151066,26865471.58866575,23922363.91595105,27366078.395277474,46056491.592953674,31902527.693883225,55105261.758889675,27935966.43248101,15354692.379985532,30847697.005256683,36359560.481060736,36472776.448204875,22303704.035998777,18955031.471237317,49405167.26437085,18273088.07499196,44001706.882371165,35833526.03432666,65294052.151916556
23295653.852007184,33981609.068847775,34357249.56793511,49574908.007589765,26178940.06674975,34829894.88194071,45348553.74660193,26761473.754540198,23768140.8711998,27309134.476491865,45955027.090636574,31836580.376985777,54655119.273209795,27935966.43248101,15170583.501458969,30512487.4260536,36115425.97945038,36472776.448204875,22118352.774989393,18854096.803118017,49221410.509997874,18273088.07499196,43825802.1269843,35640780.93973818,65037027.35820101
23098929.84883492,33981609.068847775,34277880.581219606,49416461.402831666,26178940.06674975,34652098.39684172,44753816.505743176,26759097.248228084,23768140.8711998,27050193.16894346,45718533.60005654,31752053.87870231,54655119.273209795,27671964.48417371,15054731.12192164,30498641.09030229,35903158.9841155,35965890.53535141,22091110.14690285,18811955.684640057,48792895.47681508,17954881.682056263,43825802.1269843,35531785.35934394,64914535.16229447
22941849.675156813,33671448.1848039,34277880.581219606,49113864.649543725,25792931.11326113,34428192.585527845,44569354.65648039,26439428.39839015,23625669.604485895,26620745.983424786,45464394.83880267,31726685.78498259,54361324.09181853,27496600.811976697,14707515.436143469,30374961.490974,35528058.26409531,35542029.969966285,21881931.09716268,18811955.684640057,48792895.47681508,17954881.682056263,43668431.85342017,35367933.540471815,64914535.16229447
22941849.675156813,33634805.12373698,34059372.732341446,49042853.06529023,25727302.400356915,34428192.585527845,44475603.41354766,26165007.230457,23516192.23665393,26620745.983424786,45464394.83880267,31458304.20243184,54359072.68421055,27456932.8950686,14396849.202676319,30374961.490974,35460764.00675526,35046125.79687648,21725712.039249383,18798455.802656658,48642916.848458104,17863436.846774433,43640660.42597976,35080530.3050594,64892740.45199695
22734155.038021125,33591555.15196515,33898145.14206899,48890403.65804224,25473960.159610655,34273762.14876654,44202853.61257318,26069723.930230215,23500501.12331043,26565736.382756628,45038172.056114785,31458304.20243184,54077258.232538536,27442517.27303226,14396849.202676319,30356341.68545856,35460764.00675526,34853226.64151668,21725712.039249383,18606182.980616402,48277704.08306485,17863436.846774433,43415122.394161135,34578833.71636296,64529914.814269885
22226091.20205205,33531777.483042285,33898145.14206899,48726536.310212314,25288243.657243416,34273762.14876654,44202853.61257318,26046555.099641748,23167230.53732997,25865204.801199913,44822695.88186232,31458304.20243184,53673311.30213328,27360559.690985806,14396849.202676319,30356341.68545856,35460764.00675526,34589700.13004962,21561989.784996215,18606182.980616402,48156881.716730714,17545809.692867424,43197216.266491115,34545210.77121324,64139786.38942574
21960196.66523884,33092912.079605505,33593677.97387846,48330988.31160263,25288243.657243416,34186942.792025335,43904918.33332838,25993388.936510906,23151589.08432823,25588563.110637683,44188182.38261323,31267840.937162727,53333833.361449406,27109869.799792305,14247974.061806297,30356341.68545856,34763839.06197052,34512353.60029409,21490945.338572543,18507236.274219617,48156881.716730714,17538243.239924837,42988746.19454947,34122148.10179013,64139786.38942574
21570964.00325371,33003149.353264704,33473499.184057508,47861327.302195705,24885388.831188586,34186942.792025335,43812152.75474213,25755657.534673013,23036752.96379153,25588563.110637683,44055790.8383388,31005668.549026597,53333833.361449406,26956558.84359048,14247974.061806297,30305698.461944934,34617432.66653735,34512353.60029409,21278429.752319507,18404480.11704234,48144804.03348735,17220616.2714626,42937962.55640151,34122148.10179013,64139786.38942574
21548453.72832551,32850760.16465915,33344858.273424093,47861327.302195705,24885388.831188586,33962751.991700724,43782892.76634094,25214035.370822683,23030726.796280228,25588563.110637683,43832408.87582579,31005668.549026597,52728221.51092521,26780434.250340894,14247974.061806297,29921611.72699215,34473126.59058754,34445256.50374881,21278429.752319507,18381242.822205294,48050863.13263643,17220616.2714626,42937962.55640151,33978164.53602309,64139786.38942574
21368753.187898003,32497673.022608437,33273787.799128365,47709823.35207127,24594660.338790163,33647182.45113875,43782892.76634094,24952048.22630135,22799628.442359317,25588563.110637683,43734812.98186242,30969098.44165889,52712894.75017539,26780434.250340894,14078780.398942249,29819454.006514817,34473126.59058754,34270101.55134144,21278429.752319507,18381242.822205294,47809981.92576421,17220616.2714626,42933994.484908864,33816344.75552265,63941306.195397526
21143596.563419692,32497673.022608437,32711590.204401426,47709823.35207127,24577722.583328627,33647182.45113875,43261457.8081345,24922236.03277535,22771417.5461054,24974603.18736543,43284477.70999287,30589019.42057476,52294767.62424287,26692042.555094358,13778998.257639285,29819454.006514817,34442552.77998196,34231484.04343302,21020778.159455966,18317379.46213054,47809981.92576421,17220616.2714626,42647399.13689858,33686030.33640748,63723019.36462593
21143596.563419692,32464804.70764937,32711590.204401426,47263521.361523286,24332568.274693158,33647182.45113875,42955826.77576199,24772820.448451146,22771417.5461054,24974603.18736543,43284477.70999287,30589019.42057476,52107837.39637823,26362137.28282857,13778998.257639285,29752334.651519384,34013844.03107008,34027393.12742414,20967798.14483661,18170640.334298193,47583718.00962353,17220616.2714626,42574242.197385766,33593061.110706344,63618377.785931885
21130364.55254276,32464804.70764937,32546163.8122643,47150954.466500536,24332568.274693158,33647182.45113875,42712920.632531404,24772820.448451146,22741950.85215374,24715088.01000845,42817555.95861734,30288676.78793786,52107837.39637823,26099907.244541477,13778998.257639285,29693995.617272463,33975970.07513555,33678269.1722637,20732332.290592995,18170640.334298193,47491778.48117602,17059169.200245846,42497765.688324675,33370617.401236888,63477889.04424468
21092482.340471912,32076112.32509149,32546163.8122643,46866793.40769994,24332568.274693158,33630365.62051169,42712920.632531404,24772820.448451146,22408510.542837318,24715088.01000845,42683179.022648074,30151877.973083895,52107837.39637823,26037646.235524055,13778998.257639285,29502506.99156751,33912816.50145985,33446842.09425266,20652958.525454406,18049826.34176689,47230316.1132351,17059169.200245846,42369150.638368584,33268516.204401754,63154797.13370537
21092482.340471912,31913204.85824189,32546163.8122643,46652541.56814472,23967657.088897213,33607553.672554016,42712920.632531404,24606105.283217896,22375224.038928155,24715088.01000845,42683179.022648074,29890653.74188858,52107837.39637823,25825929.61184746,13727932.189610707,29217831.058383547,33604512.86150839,33446842.09425266,20428943.736231495,17866759.68012173,46993828.026407845,17059169.200245846,42161080.38318763,33268516.204401754,62856120.63119503
20836027.704205245,31691437.004190765,32546163.8122643,46407960.42236514,23967657.088897213,33607553.672554016,42653925.30788133,24418146.75019082,22314319.96559082,24715088.01000845,42589492.33611645,29890653.74188858,52107837.39637823,25797358.0343629,13727932.189610707,29211455.186682824,33524786.073666956,33446842.09425266,20427539.313283112,17729584.891592287,46660438.053621404,17059169.200245846,42020651.60299593,32893764.220192596,62523199.24350076
20598212.199131627,31691437.004190765,32546163.8122643,45949243.911600254,23783070.989922725,33404434.357451193,42165679.12700893,24162430.351590008,22269949.972709112,24537997.634104248,42437858.23717216,29890653.74188858,51964188.62798372,25797358.0343629,13472504.751837987,29211455.186682824,33379964.351163376,33317889.350703895,20424700.49830117,17705962.833722226,46408742.176376104,16854298.6738397,41710928.65596583,32669978.089149304,62303276.73219399
20598212.199131627,31675849.049847934,32277601.166767526,45949243.911600254,23548219.25595784,33404434.357451193,42155236.67975366,24062784.241719622,22176041.598525297,24485793.805096816,42358944.682989076,29764367.158974566,51964188.62798372,25524605.475002285,13405844.64266134,28898432.501273118,33331955.640418194,33317889.350703895,20424700.49830117,17705962.833722226,46043659.55948729,16721157.487040795,41710928.65596583,32607702.382401083,62060008.87527286
20318763.53961401,31675849.049847934,32185905.82074689,45949243.911600254,23548219.25595784,33209921.26423668,41947281.42349452,23881692.207400396,22102871.68106152,24322261.816169906,41844853.33617453,29542997.93436011,51842497.2307788,25524605.475002285,13233761.731431952,28898432.501273118,32908637.394145053,33073264.112307027,20166066.58860185,17705962.833722226,46043659.55948729,16711402.678728763,41550283.934935756,32527936.317734,61284440.12705671
20209584.66858152,31675849.049847934,31902144.226281323,45657546.78768463,23424730.691447876,33137288.051698253,41947281.42349452,23719440.14998171,22098371.600510906,24322261.816169906,41725331.15181296,29542997.93436011,51481732.5640288,25341560.556891143,13157057.651720095,28898432.501273118,32819127.144156385,33073264.112307027,20166066.58860185,17558305.814171758,45778109.334262826,16711402.678728763,41228680.501533285,32055587.49176201,61284440.12705671
20209584.66858152,31482817.73445286,31820068.18950475,45616728.50220019,23147546.662394512,33127507.020463098,41654953.41230862,23510788.79288185,22098371.600510906,24094725.659454998,41638690.72653839,29542997.93436011,51450455.786131546,25195708.3963363,13157057.651720095,28816629.541089345,32392501.183592074,33073264.112307027,19977274.43098112,17469398.99572597,45537104.72235113,16597617.596658926,41045190.355084755,32010600.823354963,61197207.454041734
19894291.586890187,31301231.99882679,31820068.18950475,45533333.08535127,23003786.001871213,33081597.96971138,41598263.52285064,23482556.55232685,21987295.921183623,24051462.154834066,41460895.20927438,29363704.280577555,51413616.8589085,24707181.102057267,12813735.488137018,28816629.541089345,32234864.06740244,33073264.112307027,19948031.63936916,17446347.678579677,45537104.72235113,16597617.596658926,41045190.355084755,31892455.89997521,61191714.79066164
19894291.586890187,31204760.080618788,31598043.710178476,45277594.12561241,22896628.512396924,33034561.24065009,41586417.257456265,23382726.715075046,21863793.97750976,23663509.118778136,41441124.483936355,29363704.280577555,51337508.76686254,24707181.102057267,12720476.489902802,28750776.935253862,32234864.06740244,33027283.813172903,19872874.36489417,17351795.77196223,45450770.29334794,16597617.596658926,41045190.355084755,31797067.095318124,61191714.79066164
19714956.740567267,31118891.006031033,31410090.59821514,45187227.6360648,22896628.512396924,32787590.801448863,41458982.4001562,23292909.920221657,21732403.124256585,23663509.118778136,41285089.923390046,29224230.023635518,51223170.949805625,24689536.983912624,12609168.787645988,28706174.298869956,32077625.646518335,32970772.12250902,19805201.646443017,17336528.35998442,45231729.13917808,16410553.915838858,40815969.276443295,31797067.095318124,61191714.79066164
19714956.740567267,31118891.006031033,31361573.803416356,44882700.62038673,22802470.908566583,32333097.54451502,41442071.628114715,23240072.751722526,21732403.124256585,23596520.365446866,40915375.68077596,29224230.023635518,51154962.653671846,24651316.362110816,12609168.787645988,28556846.651259296,32077625.646518335,32878972.683306105,19708746.966231417,17275264.152556837,44977419.80324411,16185019.929766152,40451792.89729801,31797067.095318124,61158174.71383358
19714956.740567267,31047057.736413002,31338613.91483423,44542019.061674364,22765412.442229036,32333097.54451502,41012856.604197085,22924100.698404502,21697801.986235384,23334209.439810596,40915375.68077596,29143695.274840076,51154962.653671846,24512417.408002544,12507561.523449492,28416519.38885595,31754430.295315716,32690094.648329966,19663939.280429382,17247923.998759195,44569021.049846284,16185019.929766152,40451792.89729801,31736421.07492049,61158174.71383358
19643474.71098864,30891491.70747703,31137888.24938676,44489197.35663499,22765412.442229036,32333097.54451502,40999770.53495089,22808428.38454628,21650199.297807395,23250913.056773514,40875449.24132539,28937699.67766459,50921265.77475951,24420246.615546484,12507561.523449492,28346135.489068005,31754430.295315716,32448824.50214889,19489672.701541256,17210562.9950229,44569021.049846284,16009125.075299345,40450559.35499837,31626356.76136036,61026645.251956426
19643474.71098864,30817335.555727474,31091496.637023907,44373401.83878738,22765412.442229036,32200060.553360317,40782846.31553231,22564867.653558463,21616944.456020806,23112904.21026395,40820160.808396526,28937699.67766459,50882916.24536169,24254175.092008244,12507561.523449492,28115620.27999847,31733046.721506152,32348789.121539153,19481300.751514044,17095776.113939524,44566626.65671321,15962665.813614443,40211903.79563903,31496176.464435466,61013725.806976065
19548616.441311195,30528334.466641694,30685125.68441533,44189199.684041575,22661077.773708094,31965497.155185204,40753592.04479317,22436252.132670954,21315167.389157817,22996075.682056278,40293438.27559347,28784179.221172553,50803550.52705288,24245176.608575456,12374210.503745222,28115620.27999847,31527969.11061339,32348789.121539153,19368025.03291396,17065115.730398405,44375486.174166046,15962665.813614443,40211903.79563903,31299728.823850624,60603698.32065259
19308569.02097765,30509192.555929683,30603922.22502479,43986962.149090745,22661077.773708094,31904707.74560577,40552259.64268652,22192794.892372094,21303696.16985098,22996075.682056278,40189075.99760777,28716509.412265334,50777810.40176318,24233355.76949929,12374210.503745222,28115620.27999847,31505757.863571994,32348789.121539153,18959437.041948944,16908880.426130008,44242255.35480594,15962150.74513254,39989610.419596836,31055067.42399674,60593488.584080674
19255940.3134058,30509192.555929683,30429107.50541409,43874049.33675788,22560860.344965853,31839985.40823862,40242859.55129306,22133111.070746012,21226395.285051737,22836713.879042495,39718067.20705676,28716509.412265334,50578767.87635132,24136800.18000604,12342806.728319157,28105737.756027855,31468933.87863681,32209384.28957314,18928242.633824196,16904820.363783654,43856008.093634866,15962150.74513254,39480061.00859404,31055067.42399674,60593488.584080674
19067206.591583423,30411486.12931586,30316367.440404214,43688744.12798946,22513303.963292003,31839985.40823862,39929194.63203994,22046266.608216487,21155233.69476442,22541445.42458581,39718067.20705676,28608448.63087336,50235045.591430366,24067370.539825313,12080897.07597325,27887917.055582423,31168681.408380345,32063290.67483799,18928242.633824196,16720782.30342622,43856008.093634866,15913810.593776165,39476191.986735485,30796077.49390397,60473270.94406391
19019792.566877272,30145219.241003904,29721826.27542313,43688744.12798946,22320731.6127396,31839985.40823862,39809719.58631172,22028838.82626397,21038451.029693175,22277690.43438018,39475244.168602064,28553698.880531944,50127859.53386595,24067370.539825313,11875274.679746546,27643091.927259244,31105566.184883695,31802174.39491633,18781986.551320057,16720782.30342622,43856008.093634866,15841461.74647329,39381579.804989435,30265608.44225774,60312277.289469674
19016619.105206486,30125420.534199443,29639943.87533694,43684515.29167633,22162569.715412885,31725275.095704522,39514339.51641031,21837718.28057033,20812868.430466592,22200805.48458346,39355680.90485323,28408295.310653765,49908499.418194406,24005210.858225945,11791129.73121272,27434851.829864994,31064576.221189994,31645132.40963057,18781986.551320057,16579252.683086472,43564097.31869775,15672339.665375855,39130436.62359451,30034601.57725282,60312277.289469674
18765250.42726206,30076497.36264872,29522702.5172607,43637351.303661965,22083990.839394223,31717362.669104356,39237101.12107478,21837718.28057033,20585851.365274176,21927170.550739773,39355680.90485323,28274342.640086137,49908499.418194406,23645471.36653774,11791129.73121272,27263122.27006425,30971960.298458364,31578314.585124794,18712216.97444656,16579252.683086472,43564097.31869775,15642471.568890173,39130436.62359451,30034601.57725282,60068966.180839024
18765250.42726206,30028884.27368456,29522702.5172607,43583168.27646985,22083990.839394223,31656200.20426833,39142193.71458647,21780655.136053346,20567040.022111773,21898322.173613366,39284895.86986695,28146961.750335194,49887775.791287564,23645471.36653774,11728418.704640869,27224199.83945762,30971960.298458364,31206941.108553592,18538436.49485435,16571253.479772337,43275730.2752086,15556998.701934563,39051953.448688604,29853091.977556903,59746468.850011945
18765250.42726206,29947352.014901306,29522702.5172607,43250875.5224071,21687086.04044533,31557988.23027158,39093867.01360757,21732238.14025774,20519643.07943781,21894963.147095885,38984070.02133794,28106202.458739422,49806369.0845438,23642722.651892662,11722319.603943503,27134693.59905736,30945451.609788284,31191863.76753882,18367550.652621754,16571253.479772337,43203482.66545605,15464563.833789611,38846082.55249391,29853091.977556903,59746468.850011945
18533367.358552553,29779648.974522386,29329436.275642715,43164748.54213587,21687086.04044533,31442330.985196214,38973362.15945829,21528490.10829089,20372247.465143826,21492481.12603287,38876194.71997924,28030705.203486726,49806369.0845438,23620437.89156034,11722319.603943503,27134693.59905736,30897704.970051724,31160786.023159005,18367550.652621754,16500700.350709062,43203482.66545605,15253146.314156745,38846082.55249391,29840861.45103407,59590070.30561166
18384635.409293886,29693934.72357181,29325918.65524307,43060548.09614846,21687086.04044533,31413590.86691536,38787809.61191147,21496649.46076523,20372247.465143826,21485331.89054062,38704721.690047115,27639320.250090852,49529693.348795705,23539772.124901734,11694395.390164616,27002776.25279631,30770762.623102184,31100258.38619965,18367550.652621754,16399051.304958027,43203482.66545605,15252971.140786642,38625199.39591913,29840861.45103407,59508953.600114904
18239272.844185643,29504550.45441277,29312564.31302516,43040907.75414901,21420230.157762893,31413590.86691536,38776292.0937651,21413304.61425845,20286854.790625412,21380655.672005616,38698756.079162695,27486861.82289115,49506773.96568069,23435304.053684045,11685275.923338307,27002776.25279631,30687818.68181266,30989472.814302657,18078816.30584546,16394165.4417691,43105609.81765638,15041892.98340628,38183137.95404171,29674955.62403969,59483051.40453824
18097546.442524746,29498622.38154549,29312564.31302516,43040907.75414901,21420230.157762893,31408521.333252326,38699806.18255283,21317934.053483453,20283993.164258245,21365438.5996485,38552929.957606636,27448018.33325972,49269607.33950134,23435304.053684045,11685275.923338307,27002776.25279631,30674374.189999104,30813451.136501543,18070300.446135003,16394165.4417691,42900401.4651563,15038134.553999724,38183137.95404171,29648235.05278277,59483051.40453824
18097546.442524746,29498622.38154549,29089238.23935052,42800156.64675118,21420230.157762893,31348926.77824688,38699806.18255283,21183174.16543667,20147274.465907183,21104133.170036998,38552929.957606636,27448018.33325972,49269607.33950134,23260460.07347516,11654543.229526747,26926294.312587347,30533726.66257129,30768699.824633162,18070300.446135003,16394165.4417691,42799653.08913172,15038134.553999724,38071925.84229795,29580996.39884024,59246044.234960295
17763772.662894614,29413778.580093473,28882160.834868364,42800156.64675118,21324480.049273476,31152206.805263136,38424169.09036533,21127290.042074937,20145966.83308868,21104133.170036998,38394452.58845316,27446115.012209382,49269607.33950134,23134223.565763105,11497997.315638507,26926294.312587347,30373607.934106417,30702336.064275455,18012474.739389896,16355266.37098057,42532282.92256317,15036127.538781224,38042666.80008425,29487542.64754537,59144327.271428704
